--------- beginning of main
08-21 00:12:37.511 D/InetDiagMessage(  642): Destroyed 0 sockets, proto=IPPROTO_TCP, family=AF_INET, states=14
08-21 00:12:37.511 D/InetDiagMessage(  642): Destroyed 0 sockets, proto=IPPROTO_TCP, family=AF_INET6, states=14
08-21 00:12:37.511 D/InetDiagMessage(  642): Destroyed live tcp sockets for uids={10252} in 0ms
08-21 00:12:37.512 D/InetDiagMessage(  642): Destroyed 0 sockets, proto=IPPROTO_TCP, family=AF_INET, states=14
08-21 00:12:37.512 D/InetDiagMessage(  642): Destroyed 0 sockets, proto=IPPROTO_TCP, family=AF_INET6, states=14
08-21 00:12:37.512 D/InetDiagMessage(  642): Destroyed live tcp sockets for uids={20252} in 0ms
08-21 00:12:37.517 I/adbd    (  479): adbd service requested 'shell,v2,TERM=xterm-256color,raw:am start -W -n com.izzes.nears/.MainActivity'
08-21 00:12:37.518 I/adbd    (  479): adbd service requested 'shell,v2,TERM=xterm-256color:export ANDROID_LOG_TAGS=''; exec logcat '-v' 'time''
--------- beginning of system
08-21 00:12:37.525 W/ActivityTaskManager(  642): callingPackage for (uid=2000, pid=15426) has no WPC
08-21 00:12:37.525 V/GrammaticalInflectionUtils(  642): AttributionSource: android.content.AttributionSource@e8567d59 does not have READ_SYSTEM_GRAMMATICAL_GENDER permission.
08-21 00:12:37.526 D/RecentsView( 1043): onTaskDisplayChanged: 585, new displayId = 0
08-21 00:12:37.528 I/libbinder.BpBinder(  477): onLastStrongRef automatically unlinking death recipients for binder (0xb400721bb204d440) with descriptor: '(not cached)'
08-21 00:12:37.528 V/ActivityTaskManager(  642): TaskLaunchParamsModifier: phase=3 task=Task{19270c3 #585 type=standard A=10252:com.izzes.nears} activity=ActivityRecord{262939762 u0 com.izzes.nears/.MainActivity t-1} display-from-task=0 display-id=0 task-display-area-windowing-mode=1 suggested-display-area=DefaultTaskDisplayArea@96464962 inherit-from-task=fullscreen non-freeform-task-display-area display-area=DefaultTaskDisplayArea@96464962 skip-bounds-fullscreen
08-21 00:12:37.528 I/ActivityTaskManager(  642): START u0 {flg=0x10000000 xflg=0x5 cmp=com.izzes.nears/.MainActivity} with LAUNCH_SINGLE_TOP from uid 2000 (com.android.shell) (BAL_ALLOW_PERMISSION) result code=0
08-21 00:12:37.529 V/WindowManagerShell(  894): Transition requested (#60): android.os.BinderProxy@f6d0647 TransitionRequestInfo { type = OPEN, triggerTask = TaskInfo{userId=0 taskId=585 effectiveUid=10252 displayId=0 isRunning=true baseIntent=Intent { flg=0x10000000 cmp=com.izzes.nears/.MainActivity } baseActivity=ComponentInfo{com.izzes.nears/com.izzes.nears.MainActivity} topActivity=ComponentInfo{com.izzes.nears/com.izzes.nears.MainActivity} origActivity=null realActivity=ComponentInfo{com.izzes.nears/com.izzes.nears.MainActivity} realActivityIsAppLockEnabled=false numActivities=1 lastActiveTime=11193466 supportsMultiWindow=true supportsMultiWindowWithoutConstraints=true resizeMode=1 isResizeable=true minWidth=-1 minHeight=-1 defaultMinSize=220 token=WCT{android.os.BinderProxy@b3f7e74} topActivityType=1 pictureInPictureParams=null shouldDockBigOverlays=false launchIntoPipHostTaskId=-1 lastParentTaskIdBeforePip=-1 displayCutoutSafeInsets=Rect(0, 159 - 0, 0) topActivityInfo=ActivityInfo{4485f9d com.izzes.nears.MainActivity} launchCookies=[] positionInParent=Point(0, 0) parentTaskId=-1 isFocused=false isInteractive=false isVisible=false isVisibleRequested=false isTopActivityNoDisplay=false isSleeping=false locusId=null displayAreaFeatureId=1 isTopActivityTransparent=false isActivityStackTransparent=false lastNonFullscreenBounds=null leafTaskBoundsFromOptions= false capturedLink=null capturedLinkTimestamp=0 requestedVisibleTypes=503 topActivityRequestOpenInBrowserEducationTimestamp=0 appCompatTaskInfo=AppCompatTaskInfo { topActivityInSizeCompat=false isLeafTask= true eligibleForLetterboxEducation= false isLetterboxEducationEnabled= true isLetterboxDoubleTapEnabled= false eligibleForUserAspectRatioButton= false topActivityBoundsLetterboxed= false isFromLetterboxDoubleTap= false topActivityLetterboxVerticalPosition= -1 topActivityLetterboxHorizontalPosition= -1 topActivityLetterboxWidth=-1 topActivityLetterboxHeight=-1 topActivityAppBounds=Rect(0, 0 - 1344, 2992) isUserFullscreenOverrideEnabled=false isSystemFullscreenOverrideEnabled=false hasMinAspectRatioOverride=false topActivityLetterboxBounds=null topNonResizableActivityAspectRatio=-1.0} topActivityMainWindowFrame=null isAppBubble=false}, pipChange = null, remoteTransitionInfo = null, displayChanges = null, requestedLocation = null, userChange = null, windowingLayerChange = null, fullscreenRequestChange = null, flags = 0, debugId = 60 }
08-21 00:12:37.529 D/BaseActivity( 1043): Launcher flags updated: [state_started|state_resumed|state_deferred_resumed|state_window_focused|state_user_active] -[]
08-21 00:12:37.529 W/DisconnectHandler(  894): No disconnect change found in the transition, not handling request.
08-21 00:12:37.529 V/ShellDesktopMode(  894): DesktopTasksController: skipping handleRequest reason=triggerTask's display doesn't support desktop mode
08-21 00:12:37.529 D/ShellSplitScreen(  894): logExit: no-op, mLoggerSessionId is null
08-21 00:12:37.529 V/GrammaticalInflectionUtils(  642): AttributionSource: android.content.AttributionSource@e8567d59 does not have READ_SYSTEM_GRAMMATICAL_GENDER permission.
08-21 00:12:37.529 D/BaseActivity( 1043): Launcher flags updated: [state_started|state_resumed|state_deferred_resumed|state_window_focused] -[state_user_active]
08-21 00:12:37.529 D/BaseActivity( 1043): Launcher flags updated: [state_started|state_window_focused] -[state_resumed|state_deferred_resumed]
08-21 00:12:37.530 W/SplitSelectStateCtor( 1043): Missing session instanceIds
08-21 00:12:37.530 D/StatsLog( 1043): LAUNCHER_SPLIT_SELECTION_EXIT_INTERRUPTED
08-21 00:12:37.530 W/InputChannel-JNI(  642): Channel already disposed.
08-21 00:12:37.530 D/WindowManagerShell(  894): setLauncherKeepClearAreaHeight: visible=false, height=567
08-21 00:12:37.531 V/RecentTasksController(  894): Notify recent tasks changed
08-21 00:12:37.531 D/ShellDesktopMode(  894): DesktopRepository(0): Removes freeform task: taskId=584
08-21 00:12:37.531 W/ShellDesktopMode(  894): DesktopRepository(0): No display id found for task: taskId=584
08-21 00:12:37.531 V/RecentTasksController(  894): Notify recent tasks changed
08-21 00:12:37.533 I/Surface (  894): Creating surface for consumer unnamed-894-39 with slotExpansion=1 for 64 slots
08-21 00:12:37.534 V/WindowManager(  642): Defer transition id=60 for TaskFragmentTransaction=android.os.Binder@a77cfca
08-21 00:12:37.534 W/libbinder.IPCThreadState(  519): Sending oneway calls to frozen process.
08-21 00:12:37.534 D/RecentTasksList( 1043): invalidateLoadedTasks - previous requestLoadId: -1
08-21 00:12:37.534 D/RecentTasksList( 1043): invalidateLoadedTasks - previous requestLoadId: -1
08-21 00:12:37.535 V/WindowManager(  642): Continue transition id=60 for TaskFragmentTransaction=android.os.Binder@a77cfca
08-21 00:12:37.536 D/Zygote  (  429): Forked child process 15431
08-21 00:12:37.538 I/ActivityManager(  642): Start proc 15431:com.izzes.nears/u0a252 for next-top-activity {com.izzes.nears/com.izzes.nears.MainActivity}
08-21 00:12:37.544 E/ConsumerBase(  894): [ImageReader-480x480f1u2816m2-894-9] abandonLocked: ConsumerBase is abandoned!
08-21 00:12:37.546 I/libprocessgroup(15431): Created cgroup /sys/fs/cgroup/apps/uid_10252/pid_15431
08-21 00:12:37.548 D/WindowManager(  642): setClientSurface Surface(name=VRI-Splash Screen com.izzes.nears#835)/@0xa90e99c for 8e94d6c Splash Screen com.izzes.nears
08-21 00:12:37.548 I/Zygote  (15431): Process 15431 created for com.izzes.nears
08-21 00:12:37.548 I/com.izzes.nears(15431): Late-enabling -Xcheck:jni
08-21 00:12:37.548 I/Surface (  894): Creating surface for consumer unnamed-894-40 with slotExpansion=1 for 64 slots
08-21 00:12:37.549 I/Surface (  894): Creating surface for consumer VRI[nears]#30(BLAST Consumer)30 with slotExpansion=1 for 64 slots
08-21 00:12:37.552 I/com.izzes.nears(15431): Using generational CollectorTypeCMC GC.
08-21 00:12:37.554 I/adbd    (  479): jdwp connection from 15431
08-21 00:12:37.556 D/nativeloader(15431): Load libframework-connectivity-tiramisu-jni.so using APEX ns com_android_tethering for caller /apex/com.android.tethering/javalib/framework-connectivity-t.jar: ok
08-21 00:12:37.558 V/WindowManager(  642): Sent Transition (#60) createdAt=08-21 00:12:37.525 via request=TransitionRequestInfo { type = OPEN, triggerTask = TaskInfo{userId=0 taskId=585 effectiveUid=10252 displayId=0 isRunning=true baseIntent=Intent { flg=0x10000000 cmp=com.izzes.nears/.MainActivity } baseActivity=ComponentInfo{com.izzes.nears/com.izzes.nears.MainActivity} topActivity=ComponentInfo{com.izzes.nears/com.izzes.nears.MainActivity} origActivity=null realActivity=ComponentInfo{com.izzes.nears/com.izzes.nears.MainActivity} realActivityIsAppLockEnabled=false numActivities=1 lastActiveTime=11193466 supportsMultiWindow=true supportsMultiWindowWithoutConstraints=true resizeMode=1 isResizeable=true minWidth=-1 minHeight=-1 defaultMinSize=220 token=WCT{RemoteToken{c33e32b Task{19270c3 #585 type=standard A=10252:com.izzes.nears}}} topActivityType=1 pictureInPictureParams=null shouldDockBigOverlays=false launchIntoPipHostTaskId=-1 lastParentTaskIdBeforePip=-1 displayCutoutSafeInsets=Rect(0, 159 - 0, 0) topActivityInfo=ActivityInfo{f910388 com.izzes.nears.MainActivity} launchCookies=[] positionInParent=Point(0, 0) parentTaskId=-1 isFocused=false isInteractive=false isVisible=false isVisibleRequested=false isTopActivityNoDisplay=false isSleeping=false locusId=null displayAreaFeatureId=1 isTopActivityTransparent=false isActivityStackTransparent=false lastNonFullscreenBounds=null leafTaskBoundsFromOptions= false capturedLink=null capturedLinkTimestamp=0 requestedVisibleTypes=503 topActivityRequestOpenInBrowserEducationTimestamp=0 appCompatTaskInfo=AppCompatTaskInfo { topActivityInSizeCompat=false isLeafTask= true eligibleForLetterboxEducation= false isLetterboxEducationEnabled= true isLetterboxDoubleTapEnabled= false eligibleForUserAspectRatioButton= false topActivityBoundsLetterboxed= false isFromLetterboxDoubleTap= false topActivityLetterboxVerticalPosition= -1 topActivityLetterboxHorizontalPosition= -1 topActivityLetterboxWidth=-1 topActivityLetterboxHeight=-1 topActivityAppBounds=Rect(0, 0 - 1344, 2992) isUserFullscreenOverrideEnabled=false isSystemFullscreenOverrideEnabled=false hasMinAspectRatioOverride=false topActivityLetterboxBounds=null topNonResizableActivityAspectRatio=-1.0} topActivityMainWindowFrame=null isAppBubble=false}, pipChange = null, remoteTransitionInfo = null, displayChanges = null, requestedLocation = null, userChange = null, windowingLayerChange = null, fullscreenRequestChange = null, flags = 0, debugId = 60 }
08-21 00:12:37.558 V/WindowManager(  642):     startWCT=WindowContainerTransaction { changes= {} hops= [] flags= 0 errorCallbackToken=null taskFragmentOrganizer=null }
08-21 00:12:37.558 V/WindowManager(  642):     info={id=60 t=OPEN f=0x0 trk=0 r=[0@Point(0, 0)] c=[
08-21 00:12:37.558 V/WindowManager(  642):         {WCT{RemoteToken{c33e32b Task{19270c3 #585 type=standard A=10252:com.izzes.nears}}} m=OPEN f=MOVE_TO_TOP|FLAG_CHANGED_INTERACTIVE leash=Surface(name=Task=585#832)/@0x1892fa5 sb=Rect(0, 0 - 1344, 2992) eb=Rect(0, 0 - 1344, 2992) epz=Point(1344, 2992) d=0 taskParent=-1 winMode=1 userId=0},
08-21 00:12:37.558 V/WindowManager(  642):         {WCT{RemoteToken{286712d Task{cafc982 #1 type=home}}} m=TO_BACK f=SHOW_WALLPAPER|FLAG_CHANGED_INTERACTIVE leash=Surface(name=Task=1#35)/@0xe762e98 sb=Rect(0, 0 - 1344, 2992) eb=Rect(0, 0 - 1344, 2992) epz=Point(1344, 2992) d=0 taskParent=-1 winMode=1 userId=0},
08-21 00:12:37.558 V/WindowManager(  642):         {m=TO_BACK f=IS_WALLPAPER leash=Surface(name=WallpaperWindowToken{86c8005}#54)/@0x9b5907b sb=Rect(0, 0 - 1344, 2992) eb=Rect(0, 0 - 1344, 2992) epz=Point(1344, 2992) d=0}
08-21 00:12:37.558 V/WindowManager(  642):     ]}
08-21 00:12:37.558 V/WindowManagerShell(  894): onTransitionReady(transaction=2757369015570)
08-21 00:12:37.559 V/WindowManagerShell(  894): onTransitionReady (#60) android.os.BinderProxy@f6d0647: {id=60 t=OPEN f=0x0 trk=0 r=[0@Point(0, 0)] c=[
08-21 00:12:37.559 V/WindowManagerShell(  894):         {m=OPEN f=MOVE_TO_TOP|FLAG_CHANGED_INTERACTIVE leash=Surface(name=Task=585#832)/@0xc5b3427 sb=Rect(0, 0 - 1344, 2992) eb=Rect(0, 0 - 1344, 2992) epz=Point(1344, 2992) d=0 taskParent=-1 winMode=1 userId=0},
08-21 00:12:37.559 V/WindowManagerShell(  894):         {m=TO_BACK f=SHOW_WALLPAPER|FLAG_CHANGED_INTERACTIVE leash=Surface(name=Task=1#35)/@0x9e346d4 sb=Rect(0, 0 - 1344, 2992) eb=Rect(0, 0 - 1344, 2992) epz=Point(1344, 2992) d=0 taskParent=-1 winMode=1 userId=0},
08-21 00:12:37.559 V/WindowManagerShell(  894):         {m=TO_BACK f=IS_WALLPAPER leash=Surface(name=WallpaperWindowToken{86c8005}#54)/@0x151f07d sb=Rect(0, 0 - 1344, 2992) eb=Rect(0, 0 - 1344, 2992) epz=Point(1344, 2992) d=0}
08-21 00:12:37.559 V/WindowManagerShell(  894):     ]}
08-21 00:12:37.560 D/BaseActivity( 1043): Launcher flags updated: [state_started] -[state_window_focused]
08-21 00:12:37.560 V/WindowManagerShell(  894): Playing animation for (#60) android.os.BinderProxy@f6d0647@0
08-21 00:12:37.561 D/ShellSplitScreen(  894): startAnimation: transition=60 isSplitActive=false
08-21 00:12:37.561 V/ShellRecents(  894): RecentsTransitionHandler.startAnimation: no controller found
08-21 00:12:37.561 V/ShellDesktopMode(  894): DesktopMixedTransitionHandler: No pending desktop transition
08-21 00:12:37.561 V/WindowManagerShell(  894): Transition doesn't have explicit remote, search filters for match for {id=60 t=OPEN f=0x0 trk=0 r=[0@Point(0, 0)] c=[{m=OPEN f=MOVE_TO_TOP|FLAG_CHANGED_INTERACTIVE leash=Surface(name=Task=585#832)/@0xc5b3427 sb=Rect(0, 0 - 1344, 2992) eb=Rect(0, 0 - 1344, 2992) epz=Point(1344, 2992) d=0 taskParent=-1 winMode=1 userId=0},{m=TO_BACK f=SHOW_WALLPAPER|FLAG_CHANGED_INTERACTIVE leash=Surface(name=Task=1#35)/@0x9e346d4 sb=Rect(0, 0 - 1344, 2992) eb=Rect(0, 0 - 1344, 2992) epz=Point(1344, 2992) d=0 taskParent=-1 winMode=1 userId=0},{m=TO_BACK f=IS_WALLPAPER leash=Surface(name=WallpaperWindowToken{86c8005}#54)/@0x151f07d sb=Rect(0, 0 - 1344, 2992) eb=Rect(0, 0 - 1344, 2992) epz=Point(1344, 2992) d=0}]}
08-21 00:12:37.561 V/WindowManagerShell(  894):  Checking filter Pair{{types=[] flags=0x0 notFlags=0x0 checks=[{atype=undefined independent=true modes=[CLOSE,TO_BACK] flags=IN_TASK_WITH_EMBEDDED_ACTIVITY mustBeTask=false order=ANY topActivity=null launchCookie=null taskFragmentToken=android.os.BinderProxy@a08abd7 windowingMode=undefined isCrossDisplayMove=false}]} RemoteTransition { remoteTransition = android.window.IRemoteTransition$Stub$Proxy@956dcc4, appThread = android.app.IApplicationThread$Stub$Proxy@4d7e7ad, debugName = overlayBackTransition, filter = {types=[] flags=0x0 notFlags=0x0 checks=[{atype=undefined independent=true modes=[CLOSE,TO_BACK] flags=IN_TASK_WITH_EMBEDDED_ACTIVITY mustBeTask=false order=ANY topActivity=null launchCookie=null taskFragmentToken=android.os.BinderProxy@a08abd7 windowingMode=undefined isCrossDisplayMove=false}]} }}
08-21 00:12:37.561 V/WindowManagerShell(  894):  Checking filter Pair{{types=[] flags=0x0 notFlags=0x0 checks=[{atype=dream independent=true modes=[OPEN,TO_FRONT] flags=NONE mustBeTask=false order=ANY topActivity=null launchCookie=null windowingMode=undefined isCrossDisplayMove=false},{atype=home independent=true modes=[CLOSE,TO_BACK] flags=NONE mustBeTask=false order=ANY topActivity=null launchCookie=null windowingMode=undefined isCrossDisplayMove=false}]} RemoteTransition { remoteTransition = android.window.IRemoteTransition$Stub$Proxy@5528ae2, appThread = android.app.IApplicationThread$Stub$Proxy@7422e73, debugName = LauncherToDream, filter = {types=[] flags=0x0 notFlags=0x0 checks=[{atype=dream independent=true modes=[OPEN,TO_FRONT] flags=NONE mustBeTask=false order=ANY topActivity=null launchCookie=null windowingMode=undefined isCrossDisplayMove=false},{atype=home independent=true modes=[CLOSE,TO_BACK] flags=NONE mustBeTask=false order=ANY topActivity=null launchCookie=null windowingMode=undefined isCrossDisplayMove=false}]} }}
08-21 00:12:37.561 V/WindowManagerShell(  894):  Checking filter Pair{{types=[] flags=0x0 notFlags=0x0 checks=[{atype=standard independent=false modes=[CHANGE] flags=NONE mustBeTask=true order=ANY topActivity=null launchCookie=null windowingMode=undefined isCrossDisplayMove=true}]} RemoteTransition { remoteTransition = android.window.IRemoteTransition$Stub$Proxy@1470130, appThread = android.app.IApplicationThread$Stub$Proxy@8b851a9, debugName = QuickstepDisplayMove, filter = {types=[] flags=0x0 notFlags=0x0 checks=[{atype=standard independent=false modes=[CHANGE] flags=NONE mustBeTask=true order=ANY topActivity=null launchCookie=null windowingMode=undefined isCrossDisplayMove=true}]} }}
08-21 00:12:37.561 V/WindowManagerShell(  894):  Checking filter Pair{{types=[] flags=0x0 notFlags=0x100 checks=[{atype=home independent=true modes=[OPEN,TO_FRONT] flags=NONE mustBeTask=false order=ANY topActivity=ComponentInfo{com.google.android.apps.nexuslauncher/com.google.android.apps.nexuslauncher.NexusLauncherActivity} launchCookie=null windowingMode=undefined isCrossDisplayMove=false},{atype=standard independent=true modes=[CLOSE,TO_BACK] flags=NONE mustBeTask=false order=ANY topActivity=null launchCookie=null windowingMode=undefined isCrossDisplayMove=false},{NOT atype=undefined independent=true modes=[] flags=NONE mustBeTask=true order=ANY topActivity=null launchCookie=null customAnim=true windowingMode=undefined isCrossDisplayMove=false}]} RemoteTransition { remoteTransition = android.window.IRemoteTransition$Stub$Proxy@112732e, appThread = android.app.IApplicationThread$Stub$Proxy@7873ecf, debugName = QuickstepLaunchHome, filter = {types=[] flags=0x0 notFlags=0x100 checks=[{atype=home independent=true modes=[OPEN,TO_FRONT] flags=NONE mustBeTask=false order=ANY topActivity=ComponentInfo{com.google.android.apps.nexuslauncher/com.google.android.apps.nexuslauncher.NexusLauncherActivity} launchCookie=null windowingMode=undefined isCrossDisplayMove=false},{atype=standard independent=true modes=[CLOSE,TO_BACK] flags=NONE mustBeTask=false order=ANY topActivity=null launchCookie=null windowingMode=undefined isCrossDisplayMove=false},{NOT atype=undefined independent=true modes=[] flags=NONE mustBeTask=true order=ANY topActivity=null launchCookie=null customAnim=true windowingMode=undefined isCrossDisplayMove=false}]} }}
08-21 00:12:37.561 V/WindowManagerShell(  894):  Checking filter Pair{{types=[OPEN,TO_FRONT] flags=0x0 notFlags=0x0 checks=[{atype=standard independent=true modes=[OPEN,TO_FRONT] flags=NONE mustBeTask=true order=ANY topActivity=null launchCookie=null windowingMode=freeform isCrossDisplayMove=false}]} RemoteTransition { remoteTransition = android.window.IRemoteTransition$Stub$Proxy@1414659, appThread = null, debugName = DesktopWindowLimitUnminimize, filter = {types=[OPEN,TO_FRONT] flags=0x0 notFlags=0x0 checks=[{atype=standard independent=true modes=[OPEN,TO_FRONT] flags=NONE mustBeTask=true order=ANY topActivity=null launchCookie=null windowingMode=freeform isCrossDisplayMove=false}]} }}
08-21 00:12:37.561 V/WindowManagerShell(  894):  Delegate animation for (#60) to null
08-21 00:12:37.561 V/WindowManagerShell(  894): start default transition animation, info = {id=60 t=OPEN f=0x0 trk=0 r=[0@Point(0, 0)] c=[{m=OPEN f=MOVE_TO_TOP|FLAG_CHANGED_INTERACTIVE leash=Surface(name=Task=585#832)/@0xc5b3427 sb=Rect(0, 0 - 1344, 2992) eb=Rect(0, 0 - 1344, 2992) epz=Point(1344, 2992) d=0 taskParent=-1 winMode=1 userId=0},{m=TO_BACK f=SHOW_WALLPAPER|FLAG_CHANGED_INTERACTIVE leash=Surface(name=Task=1#35)/@0x9e346d4 sb=Rect(0, 0 - 1344, 2992) eb=Rect(0, 0 - 1344, 2992) epz=Point(1344, 2992) d=0 taskParent=-1 winMode=1 userId=0},{m=TO_BACK f=IS_WALLPAPER leash=Surface(name=WallpaperWindowToken{86c8005}#54)/@0x151f07d sb=Rect(0, 0 - 1344, 2992) eb=Rect(0, 0 - 1344, 2992) epz=Point(1344, 2992) d=0}]}
08-21 00:12:37.562 V/WindowManagerShell(  894): loadAnimation: anim=android.view.animation.AnimationSet@f97fc40 animAttr=0x13 type=OPEN isEntrance=false
08-21 00:12:37.562 V/WindowManagerShell(  894): loadAnimation: anim=android.view.animation.AnimationSet@c121779 animAttr=0x12 type=OPEN isEntrance=true
08-21 00:12:37.562 V/WindowManagerShell(  894):  animated by com.android.wm.shell.transition.DefaultTransitionHandler@dddeb87
08-21 00:12:37.562 V/ShellTaskOrganizer(  894): Task appeared taskId=585 listener=FullscreenTaskListener
08-21 00:12:37.562 V/ShellTaskOrganizer(  894): Fullscreen Task Appeared: #585
08-21 00:12:37.562 V/RecentTasksController(  894): Notify recent tasks changed
08-21 00:12:37.574 D/ApplicationLoaders(15431): Returning zygote-cached class loader: /system/framework/org.apache.http.legacy.jar
08-21 00:12:37.575 D/ApplicationLoaders(15431): Returning zygote-cached class loader: /system_ext/framework/androidx.window.extensions.jar
08-21 00:12:37.575 D/ApplicationLoaders(15431): Returning zygote-cached class loader: /system_ext/framework/androidx.window.sidecar.jar
08-21 00:12:37.577 D/RecentTasksList( 1043): invalidateLoadedTasks - previous requestLoadId: -1
08-21 00:12:37.634 V/RecentTasksController(  894): Notify recent tasks changed
08-21 00:12:37.634 D/RecentTasksList( 1043): invalidateLoadedTasks - previous requestLoadId: -1
08-21 00:12:37.634 V/RecentTasksController(  894): generateList(getRecentTasks)
08-21 00:12:37.634 V/RecentTasksController(  894): initializeDesksMap - allDeskIds: []
08-21 00:12:37.634 V/RecentTasksController(  894): Task 585 is not an active desktop task
08-21 00:12:37.634 V/RecentTasksController(  894): Added fullscreen task: 585
08-21 00:12:37.634 V/RecentTasksController(  894): Task 507 is not an active desktop task
08-21 00:12:37.634 V/RecentTasksController(  894): Added fullscreen task: 507
08-21 00:12:37.634 V/RecentTasksController(  894): generateList - complete
08-21 00:12:37.635 D/PreloadThumbnailUseCase( 1043): Preloading thumbnails for task ids: [[id=507 windowingMode=0 user=0 lastActiveTime=7773] null, [id=585 windowingMode=1 user=0 lastActiveTime=11193466] null]
08-21 00:12:37.646 W/skia    (  477): AGTM parsing failed flags.readFromStream(s) at 159
08-21 00:12:37.646 W/skia    (  477): AGTM parsing failed flags.readFromStream(s) at 159
08-21 00:12:37.747 W/skia    (  477): AGTM parsing failed flags.readFromStream(s) at 159
08-21 00:12:37.747 W/skia    (  477): AGTM parsing failed flags.readFromStream(s) at 159
08-21 00:12:37.798 D/nativeloader(15431): Configuring clns-9 for other apk /data/app/~~KhkoGxgWleXvanC1r0ezhg==/com.izzes.nears-VjQRwXFlvZaTMRoqdNXDPg==/base.apk. target_sdk_version=36, uses_libraries=, library_path=/data/app/~~KhkoGxgWleXvanC1r0ezhg==/com.izzes.nears-VjQRwXFlvZaTMRoqdNXDPg==/lib/arm64:/data/app/~~KhkoGxgWleXvanC1r0ezhg==/com.izzes.nears-VjQRwXFlvZaTMRoqdNXDPg==/base.apk!/lib/arm64-v8a, permitted_path=/data:/mnt/expand:/data/user/0/com.izzes.nears
08-21 00:12:37.803 V/GraphicsEnvironment(15431): Currently set values for:
08-21 00:12:37.803 V/GraphicsEnvironment(15431):   angle_gl_driver_selection_pkgs=[]
08-21 00:12:37.803 V/GraphicsEnvironment(15431):   angle_gl_driver_selection_values=[]
08-21 00:12:37.803 V/GraphicsEnvironment(15431): com.izzes.nears is not listed in per-application setting
08-21 00:12:37.803 V/GraphicsEnvironment(15431): No special selections for ANGLE, returning default driver choice
08-21 00:12:37.804 V/GraphicsEnvironment(15431): Neither updatable production driver nor prerelease driver is supported.
08-21 00:12:37.810 W/FirebaseApp(15431): Default FirebaseApp failed to initialize because no default options were found. This usually means that com.google.gms:google-services was not applied to your gradle project.
08-21 00:12:37.810 I/FirebaseInitProvider(15431): FirebaseApp initialization unsuccessful
08-21 00:12:37.810 D/FLTFireContextHolder(15431): received application context.
08-21 00:12:37.835 W/com.facebook.UserSettingsManager(15431): You haven't set a value for AdvertiserIDCollectionEnabled. Set the flag to TRUE if you want to collect Advertiser ID for better advertising and analytics results. To request user consent before collecting data, set the flag value to FALSE, then change to TRUE once user consent is received. Learn more: https://developers.facebook.com/docs/app-events/getting-started-app-events-android#disable-auto-events.
08-21 00:12:37.844 W/com.facebook.internal.NativeProtocol(15431): Apps that target Android API 30+ (Android 11+) cannot call Facebook native apps unless the package visibility needs are declared. Please follow https://developers.facebook.com/docs/android/troubleshooting/#faq_267321845055988 to make the declaration.
08-21 00:12:37.847 W/skia    (  477): AGTM parsing failed flags.readFromStream(s) at 159
08-21 00:12:37.847 W/skia    (  477): AGTM parsing failed flags.readFromStream(s) at 159
08-21 00:12:37.847 W/skia    (  477): AGTM parsing failed flags.readFromStream(s) at 159
08-21 00:12:37.848 I/DisplayManager(15431): Choreographer implicitly registered for the refresh rate.
08-21 00:12:37.858 I/ResourceExtractor(15431): Found extracted resources res_timestamp-3-1787255979667
08-21 00:12:37.859 D/FlutterJNI(15431): Beginning load of flutter...
08-21 00:12:37.861 D/nativeloader(15431): Load /data/app/~~KhkoGxgWleXvanC1r0ezhg==/com.izzes.nears-VjQRwXFlvZaTMRoqdNXDPg==/lib/arm64/libflutter.so using class loader ns clns-9 (caller=/data/app/~~KhkoGxgWleXvanC1r0ezhg==/com.izzes.nears-VjQRwXFlvZaTMRoqdNXDPg==/base.apk!classes22.dex): ok
08-21 00:12:37.862 D/FlutterJNI(15431): flutter (null) was loaded normally!
08-21 00:12:37.866 D/FileUtils(  642): Rounded bytes from 3155017728 to 4000000000
08-21 00:12:37.870 I/GFXSTREAM(15431): [eglDisplay.cpp(297)] Opening libGLESv1_CM_emulation.so
08-21 00:12:37.870 I/GFXSTREAM(15431): [eglDisplay.cpp(297)] Opening libGLESv2_emulation.so
08-21 00:12:37.870 W/libc    (15431): Access denied finding property "vendor.mesa.virtgpu.kumquat"
08-21 00:12:37.873 V/WindowManagerShell(  894): Transition animation finished (aborted=false), notifying core (#60) android.os.BinderProxy@f6d0647@0
08-21 00:12:37.873 W/HWUI    (15431): Failed to choose config with EGL_SWAP_BEHAVIOR_PRESERVED, retrying without...
08-21 00:12:37.873 W/HWUI    (15431): Failed to initialize 101010-2 format, error = EGL_SUCCESS
08-21 00:12:37.874 V/WindowManager(  642): Finish Transition (#60): created at 08-21 00:12:37.525 collect-started=0.01ms request-sent=2.934ms started=3.416ms ready=29.924ms sent=32.093ms commit=14.779ms finished=348.253ms
08-21 00:12:37.875 D/VRI[NexusLauncherActivity]( 1043): visibilityChanged oldVisibility=true newVisibility=false
08-21 00:12:37.876 V/WindowManagerShell(  894): Track 0 became idle
08-21 00:12:37.876 V/WindowManagerShell(  894): All active transition animations finished
08-21 00:12:37.876 D/WallpaperService(  894): onVisibilityChanged(false): com.android.systemui.wallpapers.ImageWallpaper$CanvasEngine@fc428c8
08-21 00:12:37.871 W/com.izzes.nears(15431): type=1400 audit(0.0:163): avc:  denied  { read } for  name="max_map_count" dev="proc" ino=26028 scontext=u:r:untrusted_app_34:s0:c252,c256,c512,c768 tcontext=u:object_r:proc_max_map_count:s0 tclass=file permissive=0 app=com.izzes.nears
08-21 00:12:37.886 W/libc    (15431): Access denied finding property "vendor.mesa.virtgpu.kumquat"
08-21 00:12:37.890 D/SmartspaceInteractor( 1043): notifySmartspaceEvent: SmartspaceTargetEvent{mSmartspaceTarget=null, mSmartspaceActionId='null', mEventType=7}
08-21 00:12:37.891 I/AiAiEcho( 1655): AmbientDataPredictorImpl No tracked ambient data found for ID: null; for event type: 7, skipping event processing.
08-21 00:12:37.900 I/flutter (15431): [IMPORTANT:flutter/shell/platform/android/android_context_gl_impeller.cc(104)] Using the Impeller rendering backend (OpenGLES).
08-21 00:12:37.905 W/libc    (15431): Access denied finding property "vendor.mesa.virtgpu.kumquat"
08-21 00:12:37.948 W/skia    (  477): AGTM parsing failed flags.readFromStream(s) at 159
08-21 00:12:37.949 I/flutter (15431): The Dart VM service is listening on http://127.0.0.1:34137/RIBczOwCoxk=/
08-21 00:12:38.048 W/skia    (  477): AGTM parsing failed flags.readFromStream(s) at 159
08-21 00:12:38.155 D/com.llfbandit.app_links(15431): Intent { flg=0x10000000 xflg=0x5 cmp=com.izzes.nears/.MainActivity }
08-21 00:12:38.163 I/DynamiteModule(15431): Considering local module com.google.android.gms.measurement.dynamite:185 and remote module com.google.android.gms.measurement.dynamite:202
08-21 00:12:38.163 I/DynamiteModule(15431): Selected remote version of com.google.android.gms.measurement.dynamite, version >= 202
08-21 00:12:38.164 V/DynamiteModule(15431): Dynamite loader version >= 2, using loadModule2NoCrashUtils
08-21 00:12:38.168 W/System  (15431): ClassLoader referenced unknown path: 
08-21 00:12:38.168 D/nativeloader(15431): Configuring clns-10 for other apk . target_sdk_version=37, uses_libraries=, library_path=/data/app/~~2fXQ6-xyEWEbual6_5Wrig==/com.google.android.gms-_SBUxIWyP-163dk_5Uqnhw==/lib/arm64:/data/app/~~2fXQ6-xyEWEbual6_5Wrig==/com.google.android.gms-_SBUxIWyP-163dk_5Uqnhw==/base.apk!/lib/arm64-v8a, permitted_path=/data:/mnt/expand:/data/user/0/com.google.android.gms
08-21 00:12:38.183 D/DesktopExperienceFlags(15431): Toggle override initialized to: false
08-21 00:12:38.195 I/PhenotypeResourceReader( 1285): unable to find any Phenotype resource metadata for com.izzes.nears
08-21 00:12:38.198 D/FLTFireContextHolder(15431): received application context.
08-21 00:12:38.198 I/com.izzes.nears(15431): hiddenapi: Accessing hidden method Ldalvik/system/VMStack;->getStackClass2()Ljava/lang/Class; (runtime_flags=0, domain=core-platform, api=unsupported) from Lm7/aqg; (domain=app, TargetSdkVersion=36) using reflection: allowed
08-21 00:12:38.206 E/com.izzes.nears(15431): No package ID 6a found for resource ID 0x6a0b0013.
08-21 00:12:38.206 I/FA      (15431): App measurement initialized, version: 178008
08-21 00:12:38.207 I/FA      (15431): To enable debug logging run: adb shell setprop log.tag.FA VERBOSE
08-21 00:12:38.207 I/FA      (15431): To enable faster debug mode event logging run:
08-21 00:12:38.207 I/FA      (15431):   adb shell setprop debug.firebase.analytics.app com.izzes.nears
08-21 00:12:38.207 D/CompatChangeReporter(15431): Compat change id reported: 377864165; UID 10252; state: ENABLED
08-21 00:12:38.208 E/FA      (15431): Missing google_app_id. Firebase Analytics disabled. See https://goo.gl/NAOOOI
08-21 00:12:38.208 E/FA      (15431): Uploading is not possible. App measurement disabled
08-21 00:12:38.213 D/FlutterGeolocator(15431): Attaching Geolocator to activity
08-21 00:12:38.219 D/nativeloader(15431): Load /data/app/~~KhkoGxgWleXvanC1r0ezhg==/com.izzes.nears-VjQRwXFlvZaTMRoqdNXDPg==/lib/arm64/libdartjni.so using class loader ns clns-9 (caller=/data/app/~~KhkoGxgWleXvanC1r0ezhg==/com.izzes.nears-VjQRwXFlvZaTMRoqdNXDPg==/base.apk!classes12.dex): ok
08-21 00:12:38.248 I/com.izzes.nears(15431): hiddenapi: Accessing hidden method Landroid/view/accessibility/AccessibilityNodeInfo;->getSourceNodeId()J (runtime_flags=0, domain=platform, api=unsupported,test-api) from Lio/flutter/view/AccessibilityViewEmbedder$ReflectionAccessors; (domain=app, TargetSdkVersion=36) using reflection: allowed
08-21 00:12:38.248 I/com.izzes.nears(15431): hiddenapi: Accessing hidden method Landroid/view/accessibility/AccessibilityRecord;->getSourceNodeId()J (runtime_flags=0, domain=platform, api=unsupported) from Lio/flutter/view/AccessibilityViewEmbedder$ReflectionAccessors; (domain=app, TargetSdkVersion=36) using reflection: allowed
08-21 00:12:38.248 I/com.izzes.nears(15431): hiddenapi: Accessing hidden field Landroid/view/accessibility/AccessibilityNodeInfo;->mChildNodeIds:Landroid/util/LongArray; (runtime_flags=0, domain=platform, api=unsupported) from Lio/flutter/view/AccessibilityViewEmbedder$ReflectionAccessors; (domain=app, TargetSdkVersion=36) using reflection: allowed
08-21 00:12:38.248 I/com.izzes.nears(15431): hiddenapi: Accessing hidden method Landroid/util/LongArray;->get(I)J (runtime_flags=0, domain=platform, api=unsupported) from Lio/flutter/view/AccessibilityViewEmbedder$ReflectionAccessors; (domain=app, TargetSdkVersion=36) using reflection: allowed
08-21 00:12:38.251 D/FlutterRenderer(15431): Width is zero. 0,0
08-21 00:12:38.255 I/FA      (15431): Tag Manager is not found and thus will not be used
08-21 00:12:38.257 W/HWUI    (15431): Unknown dataspace 0
08-21 00:12:38.257 D/BoundBrokerSvc( 5388): onBind: Intent { act=com.google.android.gms.measurement.START xflg=0x4 pkg=com.google.android.gms }
08-21 00:12:38.257 D/BoundBrokerSvc( 5388): Loading bound service for intent: Intent { act=com.google.android.gms.measurement.START xflg=0x4 pkg=com.google.android.gms }
08-21 00:12:38.260 W/libc    (15431): Access denied finding property "vendor.mesa.virtgpu.kumquat"
08-21 00:12:38.260 W/InputChannel-JNI(  642): Channel already disposed.
08-21 00:12:38.274 W/skia    (  477): AGTM parsing failed flags.readFromStream(s) at 159
08-21 00:12:38.332 D/FlutterGeolocator(15431): Creating service.
08-21 00:12:38.332 D/FlutterGeolocator(15431): Binding to location service.
08-21 00:12:38.333 D/FlutterLocationService(15431): Creating service.
08-21 00:12:38.334 W/AnalyticsUserIDStore(15431): initStore should have been called before calling setUserID
08-21 00:12:38.335 D/FlutterLocationService(15431): Binding to location service.
08-21 00:12:38.336 D/WindowOnBackDispatcher(15431): setTopOnBackInvokedCallback (unwrapped): android.app.Activity$$ExternalSyntheticLambda0@89f94f7
08-21 00:12:38.336 D/CoreBackPreview(  642): Window{f1ad8cf u0 com.izzes.nears/com.izzes.nears.MainActivity}: Setting back callback OnBackInvokedCallbackInfo{mCallback=android.window.IOnBackInvokedCallback$Stub$Proxy@94a763a, mPriority=-1, mIsAnimationCallback=false, mOverrideBehavior=0}
08-21 00:12:38.338 I/WindowExtensionsImpl(15431): Initializing Window Extensions, vendor API level=10, activity embedding enabled=true
08-21 00:12:38.342 W/UiContextUtils(15431): Requested context is a non-UI Context. Creating a UI-Context with display: 0. Context: Context=android.app.Application@c885df6, of which baseContext=android.app.ContextImpl@d25a56
08-21 00:12:38.352 D/VRI[MainActivity](15431): WindowInsets changed: 1344x2992 statusBars:[0,159,0,0] navigationBars:[0,0,0,72] mandatorySystemGestures:[0,195,0,96] 
08-21 00:12:38.352 D/FlutterRenderer(15431): Width is zero. 0,0
08-21 00:12:38.353 D/WindowManager(  642): setClientSurface Surface(name=VRI-com.izzes.nears/com.izzes.nears.MainActivity#841)/@0xe2312c7 for f1ad8cf com.izzes.nears/com.izzes.nears.MainActivity
08-21 00:12:38.355 I/Surface (15431): Creating surface for consumer unnamed-15431-0 with slotExpansion=1 for 64 slots
08-21 00:12:38.356 I/Surface (15431): Creating surface for consumer VRI[MainActivity]#0(BLAST Consumer)0 with slotExpansion=1 for 64 slots
08-21 00:12:38.358 D/FlutterJNI(15431): Sending viewport metrics to the engine.
08-21 00:12:38.361 I/Surface (15431): Creating surface for consumer unnamed-15431-1 with slotExpansion=1 for 64 slots
08-21 00:12:38.361 I/Surface (15431): Creating surface for consumer f543430 SurfaceView[com.izzes.nears/com.izzes.nears.MainActivity]#1(BLAST Consumer)1 with slotExpansion=1 for 64 slots
08-21 00:12:38.374 W/skia    (  477): AGTM parsing failed flags.readFromStream(s) at 159
08-21 00:12:38.398 I/com.izzes.nears(15431): Compiler allocated 5303KB to compile void android.view.ViewRootImpl.performTraversals(long)
08-21 00:12:38.474 W/skia    (  477): AGTM parsing failed flags.readFromStream(s) at 159
08-21 00:12:38.636 D/FlutterGeolocator(15431): Geolocator foreground service connected
08-21 00:12:38.636 D/FlutterGeolocator(15431): Initializing Geolocator services
08-21 00:12:38.636 D/FlutterGeolocator(15431): Flutter engine connected. Connected engine count 1
08-21 00:12:38.636 D/LocationPlugin(15431): Service connected: ComponentInfo{com.izzes.nears/com.lyokone.location.FlutterLocationService}
08-21 00:12:38.647 D/WindowLayoutComponentImpl(15431): Register WindowLayoutInfoListener on Context=com.izzes.nears.MainActivity@4de664f, of which baseContext=android.app.ContextImpl@edf7963
08-21 00:12:38.651 D/FirebaseSessions(15431): Dependency to CRASHLYTICS added.
08-21 00:12:38.652 I/FirebaseApp(15431): Device unlocked: initializing all Firebase APIs for app [DEFAULT]
08-21 00:12:38.656 D/FlutterJNI(15431): Sending viewport metrics to the engine.
08-21 00:12:38.657 W/skia    (  477): AGTM parsing failed flags.readFromStream(s) at 159
08-21 00:12:38.665 D/nativeloader(15431): Load /data/app/~~KhkoGxgWleXvanC1r0ezhg==/com.izzes.nears-VjQRwXFlvZaTMRoqdNXDPg==/lib/arm64/libdatastore_shared_counter.so using class loader ns clns-9 (caller=/data/app/~~KhkoGxgWleXvanC1r0ezhg==/com.izzes.nears-VjQRwXFlvZaTMRoqdNXDPg==/base.apk!classes23.dex): ok
08-21 00:12:38.669 D/FirebaseSessions(15431): Initializing Firebase Sessions 3.0.6.
08-21 00:12:38.670 I/FirebaseCrashlytics(15431): Initializing Firebase Crashlytics 20.0.6 for com.izzes.nears
08-21 00:12:38.688 D/FirebaseSessions(15431): Subscriber CRASHLYTICS registered.
08-21 00:12:38.688 D/FirebaseSessions(15431): No Sessions subscribers. Not listening to lifecycle events.
08-21 00:12:38.688 D/FirebaseSessions(15431): Notified CRASHLYTICS of new session 21af385b7e644aa0a54323a137a64bfc
08-21 00:12:38.701 D/FileUtils(  642): Rounded bytes from 3155017728 to 4000000000
08-21 00:12:38.708 I/FirebaseCrashlytics(15431): No version control information found
08-21 00:12:38.746 D/FileUtils(  642): Rounded bytes from 3155017728 to 4000000000
08-21 00:12:38.758 I/FontLog ( 1285): (REDACTED) Received query %s, URI %s
08-21 00:12:38.759 I/FontLog ( 1285): (REDACTED) Query [%s] resolved to %s
08-21 00:12:38.759 I/FontLog ( 1285): (REDACTED) Fetch %s end status %s
08-21 00:12:38.759 I/FontLog ( 1285): (REDACTED) Pulling font file for id = %d, cache size = %d
08-21 00:12:38.760 I/HWUI    (15431): Using FreeType backend (prop=Auto)
08-21 00:12:38.761 I/FontLog ( 1285): (REDACTED) Pulling font file for id = %d, cache size = %d
08-21 00:12:38.847 E/com.facebook.GraphResponse(15431): {HttpStatus: 400, errorCode: 190, subErrorCode: -1, errorType: OAuthException, errorMessage: Error validating application. Application has been deleted.}
08-21 00:12:38.847 E/com.facebook.GraphResponse(15431): {HttpStatus: 400, errorCode: 190, subErrorCode: -1, errorType: OAuthException, errorMessage: Error validating application. Application has been deleted.}
08-21 00:12:38.851 E/com.facebook.GraphResponse(15431): {HttpStatus: 400, errorCode: 190, subErrorCode: -1, errorType: OAuthException, errorMessage: Error validating application. Application has been deleted.}
08-21 00:12:38.876 I/flutter (15431): 📊 analytics: app_open {}
08-21 00:12:38.912 I/flutter (15431): [INFO] msg="route: building splash route, hasData=false"
08-21 00:12:38.956 E/com.facebook.GraphResponse(15431): {HttpStatus: 400, errorCode: 190, subErrorCode: -1, errorType: OAuthException, errorMessage: Error validating application. Application has been deleted.}
08-21 00:12:39.018 E/com.facebook.GraphResponse(15431): {HttpStatus: 400, errorCode: 190, subErrorCode: -1, errorType: OAuthException, errorMessage: Error validating application. Application has been deleted.}
08-21 00:12:39.018 E/com.facebook.GraphResponse(15431): {HttpStatus: 400, errorCode: 190, subErrorCode: -1, errorType: OAuthException, errorMessage: Error validating application. Application has been deleted.}
08-21 00:12:39.055 I/flutter (15431): [INFO] msg="route: navigating to splash screen"
08-21 00:12:39.061 I/flutter (15431): [INFO] msg="splash: location prefetch initiated"
08-21 00:12:39.089 I/flutter (15431): [NET] GET endpoint=/api/v1/customer/cart/list
08-21 00:12:39.124 W/skia    (  477): AGTM parsing failed flags.readFromStream(s) at 159
08-21 00:12:39.183 E/com.facebook.GraphResponse(15431): {HttpStatus: 400, errorCode: 190, subErrorCode: -1, errorType: OAuthException, errorMessage: Error validating application. Application has been deleted.}
08-21 00:12:39.226 I/ActivityTaskManager(  642): Displayed com.izzes.nears/.MainActivity for user 0: +1s700ms
08-21 00:12:39.226 I/ActivityTaskManager(  642): Fully drawn com.izzes.nears/.MainActivity: +1s700ms
08-21 00:12:39.226 W/libbinder.Binder(  642): Binder transaction to android.app.IActivityManager, function: UNKNOWN_FUNCTION_NAME, code: 1598246212, took 1702ms. Data bytes: 236 Reply bytes: 4 Flags: 16
08-21 00:12:39.240 W/skia    (  477): AGTM parsing failed flags.readFromStream(s) at 159
08-21 00:12:39.285 D/ConnectivityService(  642): requestNetwork for uid/pid:10252/15431 activeRequest: null callbackRequest: 534 [NetworkRequest [ REQUEST id=535, [ Capabilities: INTERNET&NOT_RESTRICTED&TRUSTED&NOT_VCN_MANAGED&NOT_BANDWIDTH_CONSTRAINED Uid: 10252 RequestorUid: 10252 RequestorPkg: com.izzes.nears UnderlyingNetworks: Null] ]] callback flags: 0 order: 2147483647 isUidTracked: false declaredMethods: AVAIL|LOST|NC
08-21 00:12:39.286 E/FA      (15431): Missing google_app_id. Firebase Analytics disabled. See https://goo.gl/NAOOOI
08-21 00:12:39.286 D/ConnectivityService(  642): NetReassign [535 : null → 108] [c 0] [a 0] [i 1]
08-21 00:12:39.286 D/WifiNetworkFactory(  642): got request NetworkRequest [ REQUEST id=535, [ Capabilities: INTERNET&NOT_RESTRICTED&TRUSTED&NOT_VCN_MANAGED&NOT_BANDWIDTH_CONSTRAINED Uid: 10252 RequestorUid: 10252 RequestorPkg: com.izzes.nears UnderlyingNetworks: Null] ]
08-21 00:12:39.286 D/UntrustedWifiNetworkFactory(  642): got request NetworkRequest [ REQUEST id=535, [ Capabilities: INTERNET&NOT_RESTRICTED&TRUSTED&NOT_VCN_MANAGED&NOT_BANDWIDTH_CONSTRAINED Uid: 10252 RequestorUid: 10252 RequestorPkg: com.izzes.nears UnderlyingNetworks: Null] ]
08-21 00:12:39.286 D/OemPaidWifiNetworkFactory(  642): got request NetworkRequest [ REQUEST id=535, [ Capabilities: INTERNET&NOT_RESTRICTED&TRUSTED&NOT_VCN_MANAGED&NOT_BANDWIDTH_CONSTRAINED Uid: 10252 RequestorUid: 10252 RequestorPkg: com.izzes.nears UnderlyingNetworks: Null] ]
08-21 00:12:39.286 D/MultiInternetWifiNetworkFactory(  642): got request NetworkRequest [ REQUEST id=535, [ Capabilities: INTERNET&NOT_RESTRICTED&TRUSTED&NOT_VCN_MANAGED&NOT_BANDWIDTH_CONSTRAINED Uid: 10252 RequestorUid: 10252 RequestorPkg: com.izzes.nears UnderlyingNetworks: Null] ]
08-21 00:12:39.314 I/ImeTracker(  642): com.izzes.nears:6515033f: onRequestHide at ORIGIN_SERVER reason HIDE_UNSPECIFIED_WINDOW fromUser false userId 0 displayId 0
08-21 00:12:39.315 I/SubtypeOperator( 1542): SubtypeOperator$1.onUnbindInput():43 
08-21 00:12:39.315 I/SubtypeOperator( 1542): SubtypeOperator$1.onBindInput():33 
08-21 00:12:39.315 D/InputMethodManagerService(  642): Attach new input but force hide
08-21 00:12:39.315 I/ImeTracker(  642): com.izzes.nears:d8375cac: onRequestHide at ORIGIN_SERVER reason HIDE_SOFT_INPUT fromUser false userId 0 displayId 0
08-21 00:12:39.315 I/ImeTracker(  642): com.izzes.nears:d8375cac: onCancelled at PHASE_SERVER_SHOULD_HIDE
08-21 00:12:39.316 I/GoogleInputMethodService( 1542): GoogleInputMethodService.onFinishInput():2361 
08-21 00:12:39.316 W/InputChannel-JNI(  642): Channel already disposed.
08-21 00:12:39.316 I/GoogleInputMethodService( 1542): GoogleInputMethodService.onStartInput():1532 onStartInput(EditorInfo{EditorInfo{packageName=com.izzes.nears, inputType=0, inputTypeString=NULL, enableLearning=false, autoCorrection=false, autoComplete=false, imeOptions=0, privateImeOptions=null, actionName=UNSPECIFIED, actionLabel=null, initialSelStart=-1, initialSelEnd=-1, initialCapsMode=0, label=null, fieldId=0, fieldName=null, extras=null, hintText=null, hintLocales=[]}}, false)
08-21 00:12:39.316 I/LatinIMEBase( 1542): LatinIMEBase.updateInputViewCoverNavigation():316 Update input view padding, isNavbarOverInputWindow=true, bottom inset=144
08-21 00:12:39.316 I/ImeTracker(  642): system_server:2efec602: onRequestHide at ORIGIN_SERVER reason IME_REQUESTED_CHANGED_LISTENER fromUser false displayId 0
08-21 00:12:39.316 W/PackageConfigPersister(  642): App-specific configuration not found for packageName: com.izzes.nears and userId: 0
08-21 00:12:39.317 I/ImeTracker(  642): system_server:2efec602: onCancelled at PHASE_SERVER_SHOULD_HIDE
08-21 00:12:39.319 I/Module  ( 1542): DeviceLockedStatusModuleProvider$Module.updateDeviceLockedStatusInternal():119 repeatCheckTimes = 0, locked = false
08-21 00:12:39.321 I/Module  ( 1542): DeviceLockedStatusModuleProvider$Module.updateDeviceLockedStatusInternal():119 repeatCheckTimes = 1, locked = false
08-21 00:12:39.341 W/skia    (  477): AGTM parsing failed flags.readFromStream(s) at 159
08-21 00:12:39.341 W/skia    (  477): AGTM parsing failed flags.readFromStream(s) at 159
08-21 00:12:39.341 W/skia    (  477): AGTM parsing failed flags.readFromStream(s) at 159
08-21 00:12:39.349 I/flutter (15431): [INFO] msg="splash: deeplink resolved canRoute=true"
08-21 00:12:39.349 I/flutter (15431): [INFO] msg="splash: routing"
08-21 00:12:39.351 I/flutter (15431): [NET] GET endpoint=/api/v1/config/get-zone-id
08-21 00:12:39.352 I/flutter (15431): [NET] GET endpoint=/api/v1/module
08-21 00:12:39.353 I/flutter (15431): [NET] GET endpoint=/api/v1/config
08-21 00:12:39.359 D/InsetsController(15431): hide(ime())
08-21 00:12:39.359 I/ImeTracker(15431): com.izzes.nears:6515033f: onCancelled at PHASE_CLIENT_ALREADY_HIDDEN
08-21 00:12:39.361 I/FLTFireBGExecutor(15431): Creating background FlutterEngine instance, with args: []
08-21 00:12:39.364 W/libc    (15431): Access denied finding property "vendor.mesa.virtgpu.kumquat"
08-21 00:12:39.370 D/FLTFireContextHolder(15431): received application context.
08-21 00:12:39.370 I/flutter (15431): [IMPORTANT:flutter/shell/platform/android/android_context_gl_impeller.cc(104)] Using the Impeller rendering backend (OpenGLES).
08-21 00:12:39.371 W/libc    (15431): Access denied finding property "vendor.mesa.virtgpu.kumquat"
08-21 00:12:39.442 W/skia    (  477): AGTM parsing failed flags.readFromStream(s) at 159
08-21 00:12:39.442 W/skia    (  477): AGTM parsing failed flags.readFromStream(s) at 159
08-21 00:12:39.442 W/skia    (  477): AGTM parsing failed flags.readFromStream(s) at 159
08-21 00:12:39.470 E/com.facebook.GraphResponse(15431): {HttpStatus: 400, errorCode: 190, subErrorCode: -1, errorType: OAuthException, errorMessage: Error validating application. Application has been deleted.}
08-21 00:12:39.480 E/com.facebook.GraphResponse(15431): {HttpStatus: 400, errorCode: 190, subErrorCode: -1, errorType: OAuthException, errorMessage: Error validating application. Application has been deleted.}
08-21 00:12:39.543 W/skia    (  477): AGTM parsing failed flags.readFromStream(s) at 159
08-21 00:12:39.543 W/skia    (  477): AGTM parsing failed flags.readFromStream(s) at 159
08-21 00:12:39.543 W/skia    (  477): AGTM parsing failed flags.readFromStream(s) at 159
08-21 00:12:39.569 D/FlutterGeolocator(15431): Geolocator foreground service connected
08-21 00:12:39.569 D/FlutterGeolocator(15431): Initializing Geolocator services
08-21 00:12:39.569 D/FlutterGeolocator(15431): Flutter engine connected. Connected engine count 2
08-21 00:12:39.571 I/FLTFireMsgService(15431): FlutterFirebaseMessagingBackgroundService started!
08-21 00:12:39.572 I/flutter (15431): [INFO] msg="FCM registration id obtained"
08-21 00:12:39.573 I/flutter (15431): [NET] POST endpoint=/api/v1/customer/cm-firebase-token
08-21 00:12:39.596 I/FusedLocation( 1285): stationary throttling disengaged [CONTEXT service_id=6 ]
08-21 00:12:39.597 D/BaseActivity( 1043): Launcher flags updated: [] -[state_started]
08-21 00:12:39.597 D/BaseDepthController( 1043): setSurface:
08-21 00:12:39.597 D/BaseDepthController( 1043): 	mWaitingOnSurfaceValidity: false
08-21 00:12:39.597 D/BaseDepthController( 1043): 	mBaseSurface: null
08-21 00:12:39.597 D/BaseDepthController( 1043): mSurface is null and mCurrentBlur is: 0
08-21 00:12:39.598 D/LauncherStateManager( 1043): StateManager.goToState: fromState: Normal, toState: Normal, partial trace:
08-21 00:12:39.598 D/LauncherStateManager( 1043): 	at com.android.launcher3.statemanager.StateManager.moveToRestState(go/retraceme 4b96215a9d9b4c1494121442fbf9d6e89857c91e1d76ddcc689701971259418a:26)
08-21 00:12:39.598 D/LauncherStateManager( 1043): 	at com.android.launcher3.statemanager.StateManager.moveToRestState(go/retraceme 4b96215a9d9b4c1494121442fbf9d6e89857c91e1d76ddcc689701971259418a:35)
08-21 00:12:39.598 D/LauncherStateManager( 1043): 	at com.android.launcher3.statemanager.StatefulActivity.onStop(go/retraceme 4b96215a9d9b4c1494121442fbf9d6e89857c91e1d76ddcc689701971259418a:31)
08-21 00:12:39.598 D/LauncherStateManager( 1043): StateManager.onRepeatStateSetAborted: state: Normal
08-21 00:12:39.598 D/KeyboardStateManager( 1043): hideKeyboard
08-21 00:12:39.598 D/KeyboardStateManager( 1043): isImeShown: false
08-21 00:12:39.598 D/StatsLog( 1043): LAUNCHER_ONSTOP
08-21 00:12:39.598 D/StatsLog( 1043): LAUNCHER_GOOGLE_SEARCH_RESTORE_LIST_SIZE_AFTER_ACTIVITY_RESTART
08-21 00:12:39.598 I/FusedOrientationManager( 1285): Registering orientation client. [CONTEXT service_id=6 ]
08-21 00:12:39.602 W/Looper  ( 1285): Looper already prepared for this thread with a different value for the LOOPER_PREPARE_ALLOW_NON_CALLBACKS option.
08-21 00:12:39.605 I/AdbWifiNetworkMonitor(  642): Wi-Fi network available
08-21 00:12:39.605 I/AdbWifiNetworkMonitor(  642): Received the same Wi-Fi SSID. Ignoring.
08-21 00:12:39.606 I/HalDevMgr(  642): bestIfaceCreationProposal is null, requestIface=STA, existingIface=[name=wlan0 type=STA]
08-21 00:12:39.608 W/libbinder.IPCThreadState(  642): Sending oneway calls to frozen process.
08-21 00:12:39.609 W/libbinder.IPCThreadState(  642): Sending oneway calls to frozen process.
08-21 00:12:39.609 W/libbinder.IPCThreadState(  642): Sending oneway calls to frozen process.
08-21 00:12:39.609 W/libbinder.IPCThreadState(  642): Sending oneway calls to frozen process.
08-21 00:12:39.609 W/libbinder.IPCThreadState(  642): Sending oneway calls to frozen process.
08-21 00:12:39.609 W/libbinder.IPCThreadState(  642): Sending oneway calls to frozen process.
08-21 00:12:39.610 W/libbinder.IPCThreadState(  642): Sending oneway calls to frozen process.
08-21 00:12:39.610 W/libbinder.IPCThreadState(  642): Sending oneway calls to frozen process.
08-21 00:12:39.610 W/libbinder.IPCThreadState(  642): Sending oneway calls to frozen process.
08-21 00:12:39.610 W/libbinder.IPCThreadState(  642): Sending oneway calls to frozen process.
08-21 00:12:39.611 I/BugleRcsEngine( 1687): Connected state: [1], networkType: [WIFI] [CONTEXT thread_id=55 ]
08-21 00:12:39.611 I/BugleRcsEngine( 1687): handleMessage processing message:[NOTIFY_UPTIME_IGNORE_STATE_CHANGED] with [non-null]:RcsEngineImpl reference [CONTEXT log_prefix="RcsEngineImpl[DUAL_REG]:[9818720b-389c]>Handler" thread_id=60 ]
08-21 00:12:39.611 D/IpClient/wlan0(  999): interfaceLinkStateChanged: ifindex 16 up
08-21 00:12:39.613 D/IpClient/wlan0(  999): interfaceLinkStateChanged: ifindex 16 up
08-21 00:12:39.615 D/ConnectivityService(  642): NetReassign [no changes] [c 0] [a 2] [i 0]
08-21 00:12:39.616 I/NearbyMediums( 1285): Wifi changed new SSID: "AndroidWifi"
08-21 00:12:39.616 I/NearbyMediums( 1285): WifiLanConnectivityInfo is not changed, skip notify.
08-21 00:12:39.619 D/ActivityManager(  642): sync unfroze 2258 com.google.android.apps.messaging for 7
08-21 00:12:39.620 W/libbinder.IPCThreadState(  519): Sending oneway calls to frozen process.
08-21 00:12:39.619 I/NullBinder( 1285): NullBinder for android.net.action.RECOMMEND_NETWORKS triggering remote TransactionTooLargeException due to Service without Chimera impl, calling uid: 1000, calling pid: 0
08-21 00:12:39.621 W/libbinder.Binder( 1285): Large reply transaction of 1056768 bytes, interface descriptor , function: UNKNOWN_FUNCTION_NAME, code: 1, flags: 17
08-21 00:12:39.622 D/WM-WorkConstraintsTrack( 2258): NetworkRequestConstraintController onCapabilitiesChanged callback
08-21 00:12:39.627 I/BugleRcsEngine( 1687): No RCS Configuration was found in Bugle for simID: redacted-pii:sim_id[chars:20,last3:897] [CONTEXT log_prefix="ProvisioningEngineDataRetriever" thread_id=60 ]
08-21 00:12:39.644 W/skia    (  477): AGTM parsing failed flags.readFromStream(s) at 159
08-21 00:12:39.644 W/skia    (  477): AGTM parsing failed flags.readFromStream(s) at 159
08-21 00:12:39.644 W/skia    (  477): AGTM parsing failed flags.readFromStream(s) at 159
08-21 00:12:39.649 E/com.facebook.GraphResponse(15431): {HttpStatus: 400, errorCode: 190, subErrorCode: -1, errorType: OAuthException, errorMessage: Error validating application. Application has been deleted.}
08-21 00:12:39.661 I/flutter (15431): [NET] endpoint=/api/v1/customer/cart/list http_status=200
08-21 00:12:39.745 W/skia    (  477): AGTM parsing failed flags.readFromStream(s) at 159
08-21 00:12:39.745 W/skia    (  477): AGTM parsing failed flags.readFromStream(s) at 159
08-21 00:12:39.745 W/skia    (  477): AGTM parsing failed flags.readFromStream(s) at 159
08-21 00:12:39.748 I/flutter (15431): [NET] endpoint=/api/v1/module http_status=200
08-21 00:12:39.836 I/flutter (15431): [NET] endpoint=/api/v1/config/get-zone-id http_status=200
08-21 00:12:39.837 I/flutter (15431): [INFO] msg="location: inZone=true"
08-21 00:12:39.840 I/flutter (15431): 📊 analytics: sectors_shown {sectors_count: 3, zone_id: 1}
08-21 00:12:39.845 W/skia    (  477): AGTM parsing failed flags.readFromStream(s) at 159
08-21 00:12:39.845 W/skia    (  477): AGTM parsing failed flags.readFromStream(s) at 159
08-21 00:12:39.850 I/flutter (15431): [INFO] msg="route: initial route module=grocery-food"
08-21 00:12:39.850 I/flutter (15431): [INFO] msg="route: waiting for module=grocery-food"
08-21 00:12:39.850 I/flutter (15431): [INFO] msg="route: checkModuleId configNull=false hasAddress=true fromDeeplink=false"
08-21 00:12:39.850 I/flutter (15431): [INFO] msg="route: not from deeplink, skipping module fetch"
08-21 00:12:39.851 I/flutter (15431): [INFO] msg="route: module future state=ConnectionState.waiting hasData=false hasError=false"
08-21 00:12:39.860 D/WindowOnBackDispatcher(15431): setTopOnBackInvokedCallback (unwrapped): io.flutter.embedding.android.FlutterActivity$1@6057114
08-21 00:12:39.860 D/CoreBackPreview(  642): Window{f1ad8cf u0 com.izzes.nears/com.izzes.nears.MainActivity}: Setting back callback OnBackInvokedCallbackInfo{mCallback=android.window.IOnBackInvokedCallback$Stub$Proxy@7d4fb1c, mPriority=0, mIsAnimationCallback=true, mOverrideBehavior=0}
08-21 00:12:39.865 E/com.facebook.GraphResponse(15431): {HttpStatus: 400, errorCode: 190, subErrorCode: -1, errorType: OAuthException, errorMessage: Error validating application. Application has been deleted.}
08-21 00:12:39.875 I/flutter (15431): [INFO] msg="route: module future state=ConnectionState.done hasData=false hasError=false"
08-21 00:12:39.880 I/flutter (15431): [NET] GET endpoint=/api/v1/customer/order/running-orders
08-21 00:12:39.880 I/flutter (15431): [NET] GET endpoint=/api/v1/customer/order/payment-failed
08-21 00:12:39.907 I/flutter (15431): [INFO] msg="home load started"
08-21 00:12:39.946 W/skia    (  477): AGTM parsing failed flags.readFromStream(s) at 159
08-21 00:12:39.946 W/skia    (  477): AGTM parsing failed flags.readFromStream(s) at 159
08-21 00:12:40.030 E/com.facebook.GraphResponse(15431): {HttpStatus: 400, errorCode: 190, subErrorCode: -1, errorType: OAuthException, errorMessage: Error validating application. Application has been deleted.}
08-21 00:12:40.039 I/flutter (15431): [NET] GET endpoint=/api/v1/config/get-zone-id
08-21 00:12:40.041 I/flutter (15431): [NET] endpoint=/api/v1/config http_status=200
08-21 00:12:40.043 I/flutter (15431): [INFO] msg="splash: deeplink resolved canRoute=true"
08-21 00:12:40.043 I/flutter (15431): [INFO] msg="splash: routing"
08-21 00:12:40.043 I/flutter (15431): [INFO] msg="splash-nav: duplicate boot resolution skipped (config cache+network chain)"
08-21 00:12:40.044 I/flutter (15431): [NET] endpoint=/api/v1/customer/cm-firebase-token http_status=200
08-21 00:12:40.047 I/flutter (15431): [INFO] msg="FCM registration id obtained"
08-21 00:12:40.048 I/flutter (15431): [NET] POST endpoint=/api/v1/customer/cm-firebase-token
08-21 00:12:40.057 W/skia    (  477): AGTM parsing failed flags.readFromStream(s) at 159
08-21 00:12:40.057 W/skia    (  477): AGTM parsing failed flags.readFromStream(s) at 159
08-21 00:12:40.114 I/NearbySharing( 1285): Network state changed: NetworkState(isRestricted=false, isOnline=true, isCongested=false, isMetered=false, isWifiConnected=true)
08-21 00:12:40.157 W/skia    (  477): AGTM parsing failed flags.readFromStream(s) at 159
08-21 00:12:40.157 W/skia    (  477): AGTM parsing failed flags.readFromStream(s) at 159
08-21 00:12:40.247 I/flutter (15431): [NET] endpoint=/api/v1/config/get-zone-id http_status=200
08-21 00:12:40.247 I/flutter (15431): [INFO] msg="location: inZone=true"
08-21 00:12:40.254 I/flutter (15431): [NET] GET endpoint=/api/v1/customer/info
08-21 00:12:40.257 W/skia    (  477): AGTM parsing failed flags.readFromStream(s) at 159
08-21 00:12:40.257 W/skia    (  477): AGTM parsing failed flags.readFromStream(s) at 159
08-21 00:12:40.357 W/skia    (  477): AGTM parsing failed flags.readFromStream(s) at 159
08-21 00:12:40.357 W/skia    (  477): AGTM parsing failed flags.readFromStream(s) at 159
08-21 00:12:40.441 I/flutter (15431): [NET] endpoint=/api/v1/customer/order/running-orders http_status=200
08-21 00:12:40.457 W/skia    (  477): AGTM parsing failed flags.readFromStream(s) at 159
08-21 00:12:40.458 W/skia    (  477): AGTM parsing failed flags.readFromStream(s) at 159
08-21 00:12:40.517 I/flutter (15431): [NET] endpoint=/api/v1/customer/order/payment-failed http_status=200
08-21 00:12:40.558 W/skia    (  477): AGTM parsing failed flags.readFromStream(s) at 159
08-21 00:12:40.558 W/skia    (  477): AGTM parsing failed flags.readFromStream(s) at 159
08-21 00:12:40.589 I/flutter (15431): [NET] endpoint=/api/v1/customer/cm-firebase-token http_status=200
08-21 00:12:40.658 W/skia    (  477): AGTM parsing failed flags.readFromStream(s) at 159
08-21 00:12:40.658 W/skia    (  477): AGTM parsing failed flags.readFromStream(s) at 159
08-21 00:12:40.669 I/flutter (15431): [NET] endpoint=/api/v1/customer/info http_status=200
08-21 00:12:40.670 I/flutter (15431): [NET] GET endpoint=/api/v1/customer/notifications
08-21 00:12:40.671 I/flutter (15431): [NET] GET endpoint=/api/v1/coupon/list
08-21 00:12:40.674 I/flutter (15431): [NET] GET endpoint=/api/v1/banners
08-21 00:12:40.676 I/flutter (15431): [NET] GET endpoint=/api/v1/customer/address/list
08-21 00:12:40.681 I/flutter (15431): [NET] GET endpoint=/api/v1/module
08-21 00:12:40.686 I/flutter (15431): [NET] GET endpoint=/api/v1/stores/get-stores/all
08-21 00:12:40.758 W/skia    (  477): AGTM parsing failed flags.readFromStream(s) at 159
08-21 00:12:40.758 W/skia    (  477): AGTM parsing failed flags.readFromStream(s) at 159
08-21 00:12:40.859 W/skia    (  477): AGTM parsing failed flags.readFromStream(s) at 159
08-21 00:12:40.859 W/skia    (  477): AGTM parsing failed flags.readFromStream(s) at 159
08-21 00:12:40.960 W/skia    (  477): AGTM parsing failed flags.readFromStream(s) at 159
08-21 00:12:40.960 W/skia    (  477): AGTM parsing failed flags.readFromStream(s) at 159
08-21 00:12:41.060 W/skia    (  477): AGTM parsing failed flags.readFromStream(s) at 159
08-21 00:12:41.060 W/skia    (  477): AGTM parsing failed flags.readFromStream(s) at 159
08-21 00:12:41.092 I/flutter (15431): [NET] endpoint=/api/v1/stores/get-stores/all http_status=200
08-21 00:12:41.160 W/skia    (  477): AGTM parsing failed flags.readFromStream(s) at 159
08-21 00:12:41.160 W/skia    (  477): AGTM parsing failed flags.readFromStream(s) at 159
08-21 00:12:41.170 I/flutter (15431): [NET] endpoint=/api/v1/coupon/list http_status=200
08-21 00:12:41.256 I/flutter (15431): [NET] endpoint=/api/v1/customer/notifications http_status=200
08-21 00:12:41.262 W/skia    (  477): AGTM parsing failed flags.readFromStream(s) at 159
08-21 00:12:41.262 W/skia    (  477): AGTM parsing failed flags.readFromStream(s) at 159
08-21 00:12:41.362 W/skia    (  477): AGTM parsing failed flags.readFromStream(s) at 159
08-21 00:12:41.362 W/skia    (  477): AGTM parsing failed flags.readFromStream(s) at 159
08-21 00:12:41.406 I/flutter (15431): [NET] endpoint=/api/v1/banners http_status=200
08-21 00:12:41.462 W/skia    (  477): AGTM parsing failed flags.readFromStream(s) at 159
08-21 00:12:41.462 W/skia    (  477): AGTM parsing failed flags.readFromStream(s) at 159
08-21 00:12:41.495 I/flutter (15431): [NET] endpoint=/api/v1/customer/address/list http_status=200
08-21 00:12:41.532 E/TaskPersister(  642): File error accessing recents directory (directory doesn't exist?).
08-21 00:12:41.563 W/skia    (  477): AGTM parsing failed flags.readFromStream(s) at 159
08-21 00:12:41.563 W/skia    (  477): AGTM parsing failed flags.readFromStream(s) at 159
08-21 00:12:41.593 I/flutter (15431): [NET] endpoint=/api/v1/module http_status=200
08-21 00:12:41.663 W/skia    (  477): AGTM parsing failed flags.readFromStream(s) at 159
08-21 00:12:41.663 W/skia    (  477): AGTM parsing failed flags.readFromStream(s) at 159
08-21 00:12:41.764 W/skia    (  477): AGTM parsing failed flags.readFromStream(s) at 159
08-21 00:12:41.764 W/skia    (  477): AGTM parsing failed flags.readFromStream(s) at 159
08-21 00:12:41.864 W/skia    (  477): AGTM parsing failed flags.readFromStream(s) at 159
08-21 00:12:41.864 W/skia    (  477): AGTM parsing failed flags.readFromStream(s) at 159
08-21 00:12:41.964 W/skia    (  477): AGTM parsing failed flags.readFromStream(s) at 159
08-21 00:12:41.964 W/skia    (  477): AGTM parsing failed flags.readFromStream(s) at 159
08-21 00:12:42.065 W/skia    (  477): AGTM parsing failed flags.readFromStream(s) at 159
08-21 00:12:42.065 W/skia    (  477): AGTM parsing failed flags.readFromStream(s) at 159
08-21 00:12:42.165 W/skia    (  477): AGTM parsing failed flags.readFromStream(s) at 159
08-21 00:12:42.165 W/skia    (  477): AGTM parsing failed flags.readFromStream(s) at 159
08-21 00:12:42.266 W/skia    (  477): AGTM parsing failed flags.readFromStream(s) at 159
08-21 00:12:42.266 W/skia    (  477): AGTM parsing failed flags.readFromStream(s) at 159
08-21 00:12:42.366 W/skia    (  477): AGTM parsing failed flags.readFromStream(s) at 159
08-21 00:12:42.366 W/skia    (  477): AGTM parsing failed flags.readFromStream(s) at 159
08-21 00:12:42.467 W/skia    (  477): AGTM parsing failed flags.readFromStream(s) at 159
08-21 00:12:42.467 W/skia    (  477): AGTM parsing failed flags.readFromStream(s) at 159
08-21 00:12:42.575 W/skia    (  477): AGTM parsing failed flags.readFromStream(s) at 159
08-21 00:12:42.575 W/skia    (  477): AGTM parsing failed flags.readFromStream(s) at 159
08-21 00:12:42.607 I/AdbWifiNetworkMonitor(  642): Wi-Fi network available
08-21 00:12:42.607 I/AdbWifiNetworkMonitor(  642): Received the same Wi-Fi SSID. Ignoring.
08-21 00:12:42.610 I/HalDevMgr(  642): bestIfaceCreationProposal is null, requestIface=STA, existingIface=[name=wlan0 type=STA]
08-21 00:12:42.610 W/libbinder.IPCThreadState(  642): Sending oneway calls to frozen process.
08-21 00:12:42.610 W/libbinder.IPCThreadState(  642): Sending oneway calls to frozen process.
08-21 00:12:42.610 W/libbinder.IPCThreadState(  642): Sending oneway calls to frozen process.
08-21 00:12:42.610 D/WM-WorkConstraintsTrack( 2258): NetworkRequestConstraintController onCapabilitiesChanged callback
08-21 00:12:42.610 W/libbinder.IPCThreadState(  642): Sending oneway calls to frozen process.
08-21 00:12:42.610 W/libbinder.IPCThreadState(  642): Sending oneway calls to frozen process.
08-21 00:12:42.610 W/libbinder.IPCThreadState(  642): Sending oneway calls to frozen process.
08-21 00:12:42.610 W/libbinder.IPCThreadState(  642): Sending oneway calls to frozen process.
08-21 00:12:42.612 I/BugleRcsEngine( 1687): Connected state: [1], networkType: [WIFI] [CONTEXT thread_id=55 ]
08-21 00:12:42.612 I/BugleRcsEngine( 1687): handleMessage processing message:[NOTIFY_UPTIME_IGNORE_STATE_CHANGED] with [non-null]:RcsEngineImpl reference [CONTEXT log_prefix="RcsEngineImpl[DUAL_REG]:[9818720b-389c]>Handler" thread_id=60 ]
08-21 00:12:42.612 I/NullBinder( 1285): NullBinder for android.net.action.RECOMMEND_NETWORKS triggering remote TransactionTooLargeException due to Service without Chimera impl, calling uid: 1000, calling pid: 0
08-21 00:12:42.612 W/libbinder.Binder( 1285): Large reply transaction of 1056768 bytes, interface descriptor , function: UNKNOWN_FUNCTION_NAME, code: 1, flags: 17
08-21 00:12:42.612 D/ConnectivityService(  642): NetReassign [no changes] [c 0] [a 0] [i 1]
08-21 00:12:42.613 I/NearbyMediums( 1285): Wifi changed new SSID: "AndroidWifi"
08-21 00:12:42.613 I/NearbyMediums( 1285): WifiLanConnectivityInfo is not changed, skip notify.
08-21 00:12:42.615 I/BugleRcsEngine( 1687): No RCS Configuration was found in Bugle for simID: redacted-pii:sim_id[chars:20,last3:897] [CONTEXT log_prefix="ProvisioningEngineDataRetriever" thread_id=60 ]
08-21 00:12:42.675 W/skia    (  477): AGTM parsing failed flags.readFromStream(s) at 159
08-21 00:12:42.675 W/skia    (  477): AGTM parsing failed flags.readFromStream(s) at 159
08-21 00:12:42.775 W/skia    (  477): AGTM parsing failed flags.readFromStream(s) at 159
08-21 00:12:42.775 W/skia    (  477): AGTM parsing failed flags.readFromStream(s) at 159
08-21 00:12:42.876 W/skia    (  477): AGTM parsing failed flags.readFromStream(s) at 159
08-21 00:12:42.876 W/skia    (  477): AGTM parsing failed flags.readFromStream(s) at 159
08-21 00:12:42.976 W/skia    (  477): AGTM parsing failed flags.readFromStream(s) at 159
08-21 00:12:42.976 W/skia    (  477): AGTM parsing failed flags.readFromStream(s) at 159
08-21 00:12:43.006 I/wpa_supplicant(  880): wlan0: CTRL-EVENT-BEACON-LOSS 
08-21 00:12:43.022 D/SatelliteController( 1028): isInCarrierRoamingNbIotNtn: satellite is disabled
08-21 00:12:43.022 D/SatelliteController( 1028): getCarrierRoamingNtnConnectType: Checking connect type from PLMN config for subId: 1
08-21 00:12:43.022 D/TelephonyConfigUpdateInstallReceiver( 1028): getConfigParser: domain=satellite
08-21 00:12:43.022 V/SatelliteController( 1028): satelliteConfigParser is not ready
08-21 00:12:43.022 D/SatelliteController( 1028): isSatelliteAttachSupportedViaConfigupdater: return null (satelliteConfig is null)
08-21 00:12:43.023 D/SatelliteController( 1028): getSatellitePerPlmnConfiguration: invalid subId or not supported via carrier.
08-21 00:12:43.023 D/SatelliteController( 1028): getCarrierRoamingNtnConnectType: config: null
08-21 00:12:43.023 D/TelephonyConfigUpdateInstallReceiver( 1028): getConfigParser: domain=satellite
08-21 00:12:43.023 V/SatelliteController( 1028): satelliteConfigParser is not ready
08-21 00:12:43.023 D/SatelliteController( 1028): getCarrierRoamingNtnConnectTypeViaConfigUpdater: return null (satelliteConfig is null)
08-21 00:12:43.023 D/SatelliteController( 1028): getCarrierRoamingNtnConnectType: Falling back to global carrier config connect type: 0
08-21 00:12:43.023 D/TelephonyConfigUpdateInstallReceiver( 1028): getConfigParser: domain=satellite
08-21 00:12:43.023 V/SatelliteController( 1028): satelliteConfigParser is not ready
08-21 00:12:43.023 D/SatelliteController( 1028): isSatelliteAttachSupportedViaConfigupdater: return null (satelliteConfig is null)
08-21 00:12:43.023 D/SatelliteController( 1028): getCarrierRoamingNtnConnectType: Checking connect type from PLMN config for subId: 1
08-21 00:12:43.023 D/TelephonyConfigUpdateInstallReceiver( 1028): getConfigParser: domain=satellite
08-21 00:12:43.023 V/SatelliteController( 1028): satelliteConfigParser is not ready
08-21 00:12:43.023 D/SatelliteController( 1028): isSatelliteAttachSupportedViaConfigupdater: return null (satelliteConfig is null)
08-21 00:12:43.023 D/SatelliteController( 1028): getSatellitePerPlmnConfiguration: invalid subId or not supported via carrier.
08-21 00:12:43.023 D/SatelliteController( 1028): getCarrierRoamingNtnConnectType: config: null
08-21 00:12:43.023 D/TelephonyConfigUpdateInstallReceiver( 1028): getConfigParser: domain=satellite
08-21 00:12:43.023 V/SatelliteController( 1028): satelliteConfigParser is not ready
08-21 00:12:43.023 D/SatelliteController( 1028): getCarrierRoamingNtnConnectTypeViaConfigUpdater: return null (satelliteConfig is null)
08-21 00:12:43.023 D/SatelliteController( 1028): getCarrierRoamingNtnConnectType: Falling back to global carrier config connect type: 0
08-21 00:12:43.023 D/TelephonyConfigUpdateInstallReceiver( 1028): getConfigParser: domain=satellite
08-21 00:12:43.023 V/SatelliteController( 1028): satelliteConfigParser is not ready
08-21 00:12:43.023 D/SatelliteController( 1028): isSatelliteAttachSupportedViaConfigupdater: return null (satelliteConfig is null)
08-21 00:12:43.076 W/skia    (  477): AGTM parsing failed flags.readFromStream(s) at 159
08-21 00:12:43.076 W/skia    (  477): AGTM parsing failed flags.readFromStream(s) at 159
08-21 00:12:43.112 I/NearbySharing( 1285): Network state changed: NetworkState(isRestricted=false, isOnline=true, isCongested=false, isMetered=false, isWifiConnected=true)
08-21 00:12:43.177 W/skia    (  477): AGTM parsing failed flags.readFromStream(s) at 159
08-21 00:12:43.177 W/skia    (  477): AGTM parsing failed flags.readFromStream(s) at 159
08-21 00:12:43.256 D/ProfileInstaller(15431): Installing profile for com.izzes.nears
08-21 00:12:43.277 W/skia    (  477): AGTM parsing failed flags.readFromStream(s) at 159
08-21 00:12:43.277 W/skia    (  477): AGTM parsing failed flags.readFromStream(s) at 159
08-21 00:12:43.378 W/skia    (  477): AGTM parsing failed flags.readFromStream(s) at 159
08-21 00:12:43.378 W/skia    (  477): AGTM parsing failed flags.readFromStream(s) at 159
08-21 00:12:43.479 W/skia    (  477): AGTM parsing failed flags.readFromStream(s) at 159
08-21 00:12:43.479 W/skia    (  477): AGTM parsing failed flags.readFromStream(s) at 159
08-21 00:12:43.560 I/FusedLocation( 1285): (REDACTED) location delivery to %s blocked - too close
08-21 00:12:43.561 I/FusedLocation( 1285): (REDACTED) location delivery to %s blocked - too close
08-21 00:12:43.561 I/FusedLocation( 1285): (REDACTED) location delivery to %s blocked - too close
08-21 00:12:43.566 I/FusedLocation( 1285): (REDACTED) stationary throttling engaged @%s
08-21 00:12:43.566 I/flutter (15431): [INFO] msg="location: within 1km of selected address: true"
08-21 00:12:43.566 I/flutter (15431): [INFO] msg="splash: location prefetch completed"
08-21 00:12:43.567 I/FusedOrientationManager( 1285): Unregistering orientation client. [CONTEXT service_id=6 ]
08-21 00:12:43.569 W/AlarmManager(  642): Unrecognized alarm listener com.android.server.location.gnss.GnssLocationProvider$$ExternalSyntheticLambda14@1f94afb
08-21 00:12:43.569 W/AlarmManager(  642): Unrecognized alarm listener com.android.server.location.gnss.GnssLocationProvider$$ExternalSyntheticLambda13@51f9718
08-21 00:12:43.580 W/skia    (  477): AGTM parsing failed flags.readFromStream(s) at 159
08-21 00:12:43.580 W/skia    (  477): AGTM parsing failed flags.readFromStream(s) at 159
08-21 00:12:43.682 W/skia    (  477): AGTM parsing failed flags.readFromStream(s) at 159
08-21 00:12:43.682 W/skia    (  477): AGTM parsing failed flags.readFromStream(s) at 159
08-21 00:12:43.782 W/skia    (  477): AGTM parsing failed flags.readFromStream(s) at 159
08-21 00:12:43.782 W/skia    (  477): AGTM parsing failed flags.readFromStream(s) at 159
08-21 00:12:43.883 W/skia    (  477): AGTM parsing failed flags.readFromStream(s) at 159
08-21 00:12:43.884 W/skia    (  477): AGTM parsing failed flags.readFromStream(s) at 159
08-21 00:12:43.984 W/skia    (  477): AGTM parsing failed flags.readFromStream(s) at 159
08-21 00:12:43.984 W/skia    (  477): AGTM parsing failed flags.readFromStream(s) at 159
08-21 00:12:44.085 W/skia    (  477): AGTM parsing failed flags.readFromStream(s) at 159
08-21 00:12:44.085 W/skia    (  477): AGTM parsing failed flags.readFromStream(s) at 159
08-21 00:12:44.191 W/skia    (  477): AGTM parsing failed flags.readFromStream(s) at 159
08-21 00:12:44.191 W/skia    (  477): AGTM parsing failed flags.readFromStream(s) at 159
08-21 00:12:44.291 W/skia    (  477): AGTM parsing failed flags.readFromStream(s) at 159
08-21 00:12:44.291 W/skia    (  477): AGTM parsing failed flags.readFromStream(s) at 159
08-21 00:12:44.391 W/skia    (  477): AGTM parsing failed flags.readFromStream(s) at 159
08-21 00:12:44.391 W/skia    (  477): AGTM parsing failed flags.readFromStream(s) at 159
08-21 00:12:44.492 W/skia    (  477): AGTM parsing failed flags.readFromStream(s) at 159
08-21 00:12:44.492 W/skia    (  477): AGTM parsing failed flags.readFromStream(s) at 159
08-21 00:12:44.594 W/skia    (  477): AGTM parsing failed flags.readFromStream(s) at 159
08-21 00:12:44.594 W/skia    (  477): AGTM parsing failed flags.readFromStream(s) at 159
08-21 00:12:44.695 W/skia    (  477): AGTM parsing failed flags.readFromStream(s) at 159
08-21 00:12:44.695 W/skia    (  477): AGTM parsing failed flags.readFromStream(s) at 159
08-21 00:12:44.795 W/skia    (  477): AGTM parsing failed flags.readFromStream(s) at 159
08-21 00:12:44.795 W/skia    (  477): AGTM parsing failed flags.readFromStream(s) at 159
08-21 00:12:44.896 W/skia    (  477): AGTM parsing failed flags.readFromStream(s) at 159
08-21 00:12:44.896 W/skia    (  477): AGTM parsing failed flags.readFromStream(s) at 159
08-21 00:12:44.997 W/skia    (  477): AGTM parsing failed flags.readFromStream(s) at 159
08-21 00:12:44.997 W/skia    (  477): AGTM parsing failed flags.readFromStream(s) at 159
08-21 00:12:45.098 W/skia    (  477): AGTM parsing failed flags.readFromStream(s) at 159
08-21 00:12:45.098 W/skia    (  477): AGTM parsing failed flags.readFromStream(s) at 159
08-21 00:12:45.199 W/skia    (  477): AGTM parsing failed flags.readFromStream(s) at 159
08-21 00:12:45.199 W/skia    (  477): AGTM parsing failed flags.readFromStream(s) at 159
08-21 00:12:45.301 W/skia    (  477): AGTM parsing failed flags.readFromStream(s) at 159
08-21 00:12:45.301 W/skia    (  477): AGTM parsing failed flags.readFromStream(s) at 159
08-21 00:12:45.402 W/skia    (  477): AGTM parsing failed flags.readFromStream(s) at 159
08-21 00:12:45.402 W/skia    (  477): AGTM parsing failed flags.readFromStream(s) at 159
08-21 00:12:45.511 W/skia    (  477): AGTM parsing failed flags.readFromStream(s) at 159
08-21 00:12:45.511 W/skia    (  477): AGTM parsing failed flags.readFromStream(s) at 159
08-21 00:12:45.611 W/skia    (  477): AGTM parsing failed flags.readFromStream(s) at 159
08-21 00:12:45.611 W/skia    (  477): AGTM parsing failed flags.readFromStream(s) at 159
08-21 00:12:45.613 I/HalDevMgr(  642): bestIfaceCreationProposal is null, requestIface=STA, existingIface=[name=wlan0 type=STA]
08-21 00:12:45.615 D/IpClient/wlan0(  999): interfaceLinkStateChanged: ifindex 16 up
08-21 00:12:45.620 D/IpClient/wlan0(  999): interfaceLinkStateChanged: ifindex 16 up
08-21 00:12:45.712 W/skia    (  477): AGTM parsing failed flags.readFromStream(s) at 159
08-21 00:12:45.712 W/skia    (  477): AGTM parsing failed flags.readFromStream(s) at 159
08-21 00:12:45.812 W/skia    (  477): AGTM parsing failed flags.readFromStream(s) at 159
08-21 00:12:45.812 W/skia    (  477): AGTM parsing failed flags.readFromStream(s) at 159
08-21 00:12:45.912 W/skia    (  477): AGTM parsing failed flags.readFromStream(s) at 159
08-21 00:12:45.912 W/skia    (  477): AGTM parsing failed flags.readFromStream(s) at 159
08-21 00:12:46.012 W/skia    (  477): AGTM parsing failed flags.readFromStream(s) at 159
08-21 00:12:46.012 W/skia    (  477): AGTM parsing failed flags.readFromStream(s) at 159
08-21 00:12:46.114 W/skia    (  477): AGTM parsing failed flags.readFromStream(s) at 159
08-21 00:12:46.114 W/skia    (  477): AGTM parsing failed flags.readFromStream(s) at 159
08-21 00:12:46.216 W/skia    (  477): AGTM parsing failed flags.readFromStream(s) at 159
08-21 00:12:46.216 W/skia    (  477): AGTM parsing failed flags.readFromStream(s) at 159
08-21 00:12:46.317 W/skia    (  477): AGTM parsing failed flags.readFromStream(s) at 159
08-21 00:12:46.317 W/skia    (  477): AGTM parsing failed flags.readFromStream(s) at 159
08-21 00:12:46.419 W/skia    (  477): AGTM parsing failed flags.readFromStream(s) at 159
08-21 00:12:46.419 W/skia    (  477): AGTM parsing failed flags.readFromStream(s) at 159
08-21 00:12:46.523 W/skia    (  477): AGTM parsing failed flags.readFromStream(s) at 159
08-21 00:12:46.524 W/skia    (  477): AGTM parsing failed flags.readFromStream(s) at 159
08-21 00:12:46.629 W/skia    (  477): AGTM parsing failed flags.readFromStream(s) at 159
08-21 00:12:46.629 W/skia    (  477): AGTM parsing failed flags.readFromStream(s) at 159
08-21 00:12:46.732 W/skia    (  477): AGTM parsing failed flags.readFromStream(s) at 159
08-21 00:12:46.732 W/skia    (  477): AGTM parsing failed flags.readFromStream(s) at 159
08-21 00:12:46.832 W/skia    (  477): AGTM parsing failed flags.readFromStream(s) at 159
08-21 00:12:46.832 W/skia    (  477): AGTM parsing failed flags.readFromStream(s) at 159
08-21 00:12:46.933 W/skia    (  477): AGTM parsing failed flags.readFromStream(s) at 159
08-21 00:12:46.933 W/skia    (  477): AGTM parsing failed flags.readFromStream(s) at 159
08-21 00:12:47.034 W/skia    (  477): AGTM parsing failed flags.readFromStream(s) at 159
08-21 00:12:47.035 W/skia    (  477): AGTM parsing failed flags.readFromStream(s) at 159
08-21 00:12:47.141 W/skia    (  477): AGTM parsing failed flags.readFromStream(s) at 159
08-21 00:12:47.141 W/skia    (  477): AGTM parsing failed flags.readFromStream(s) at 159
08-21 00:12:47.240 W/skia    (  477): AGTM parsing failed flags.readFromStream(s) at 159
08-21 00:12:47.240 W/skia    (  477): AGTM parsing failed flags.readFromStream(s) at 159
08-21 00:12:47.341 W/skia    (  477): AGTM parsing failed flags.readFromStream(s) at 159
08-21 00:12:47.341 W/skia    (  477): AGTM parsing failed flags.readFromStream(s) at 159
08-21 00:12:47.443 W/skia    (  477): AGTM parsing failed flags.readFromStream(s) at 159
08-21 00:12:47.443 W/skia    (  477): AGTM parsing failed flags.readFromStream(s) at 159
08-21 00:12:47.544 W/skia    (  477): AGTM parsing failed flags.readFromStream(s) at 159
08-21 00:12:47.545 W/skia    (  477): AGTM parsing failed flags.readFromStream(s) at 159
08-21 00:12:47.645 W/skia    (  477): AGTM parsing failed flags.readFromStream(s) at 159
08-21 00:12:47.645 W/skia    (  477): AGTM parsing failed flags.readFromStream(s) at 159
08-21 00:12:47.746 W/skia    (  477): AGTM parsing failed flags.readFromStream(s) at 159
08-21 00:12:47.746 W/skia    (  477): AGTM parsing failed flags.readFromStream(s) at 159
08-21 00:12:47.847 W/skia    (  477): AGTM parsing failed flags.readFromStream(s) at 159
08-21 00:12:47.847 W/skia    (  477): AGTM parsing failed flags.readFromStream(s) at 159
08-21 00:12:47.949 W/skia    (  477): AGTM parsing failed flags.readFromStream(s) at 159
08-21 00:12:47.949 W/skia    (  477): AGTM parsing failed flags.readFromStream(s) at 159
08-21 00:12:48.050 W/skia    (  477): AGTM parsing failed flags.readFromStream(s) at 159
08-21 00:12:48.050 W/skia    (  477): AGTM parsing failed flags.readFromStream(s) at 159
08-21 00:12:48.152 W/skia    (  477): AGTM parsing failed flags.readFromStream(s) at 159
08-21 00:12:48.152 W/skia    (  477): AGTM parsing failed flags.readFromStream(s) at 159
08-21 00:12:48.257 W/skia    (  477): AGTM parsing failed flags.readFromStream(s) at 159
08-21 00:12:48.257 W/skia    (  477): AGTM parsing failed flags.readFromStream(s) at 159
08-21 00:12:48.359 W/skia    (  477): AGTM parsing failed flags.readFromStream(s) at 159
08-21 00:12:48.359 W/skia    (  477): AGTM parsing failed flags.readFromStream(s) at 159
08-21 00:12:48.372 I/adbd    (  479): adbd service requested 'shell,v2,TERM=xterm-256color,raw:uiautomator dump /sdcard/uinav-08f63a8828bb44718ecc252b7444f1c0.xml'
08-21 00:12:48.401 D/AndroidRuntime(15550): >>>>>> START com.android.internal.os.RuntimeInit uid 2000 <<<<<<
08-21 00:12:48.403 I/AndroidRuntime(15550): Using default boot image
08-21 00:12:48.403 I/AndroidRuntime(15550): Leaving lock profiling enabled
08-21 00:12:48.403 I/app_process(15550): Core platform API enforcement enabled from the hiddenapi_platform_enforcement flag and the device API level
08-21 00:12:48.404 I/app_process(15550): Using generational CollectorTypeCMC GC.
08-21 00:12:48.420 D/nativeloader(15550): InitDefaultPublicLibraries for_preload=1: libandroid.so:libaaudio.so:libamidi.so:libbinder_ndk.so:libc.so:libcamera2ndk.so:libdl.so:libEGL.so:libGLESv1_CM.so:libGLESv2.so:libGLESv3.so:libicu.so:libicui18n.so:libicuuc.so:libjnigraphics.so:liblog.so:libmediandk.so:libm.so:libnativehelper.so:libnativewindow.so:libOpenMAXAL.so:libOpenSLES.so:libRS.so:libstdc++.so:libsync.so:libvulkan.so:libwebviewchromium_plat_support.so:libz.so
08-21 00:12:48.424 D/nativeloader(15550): Load libicu_jni.so using APEX ns com_android_art for caller /apex/com.android.art/javalib/core-oj.jar: ok
08-21 00:12:48.424 D/app_process(15550): u_setTimeZoneFilesDirectory("/apex/com.android.tzdata/etc/tz/versioned/10/icu") succeeded. 
08-21 00:12:48.424 D/app_process(15550): I18n APEX ICU file found: /apex/com.android.i18n/etc/icu/icudt78l.dat
08-21 00:12:48.425 D/nativeloader(15550): Load libjavacore.so using APEX ns com_android_art for caller /apex/com.android.art/javalib/core-oj.jar: ok
08-21 00:12:48.425 D/nativeloader(15550): Load libopenjdk.so using APEX ns com_android_art for caller /apex/com.android.art/javalib/core-oj.jar: ok
08-21 00:12:48.425 I/app_process(15550): Priority-to-niceness mapping: 19, 16, 13, 10, 0, -2, -4, -5, -6, -8
08-21 00:12:48.426 W/app_process(15550): ClassLoaderContext shared library size mismatch. Expected=2, found=0 (PCL[]{PCL[/system/framework/android.test.base.jar*736588042]#PCL[/system/framework/android.test.mock.jar*4008448454]} | PCL[])
08-21 00:12:48.427 W/app_process(15550): ClassLoaderContext classpath size mismatch. expected=0, found=1 (PCL[]{PCL[/system/framework/android.test.runner.jar*805256125]{PCL[/system/framework/android.test.base.jar*736588042]#PCL[/system/framework/android.test.mock.jar*4008448454]}#PCL[/system/framework/android.test.base.jar*736588042]} | PCL[/system/framework/android.test.runner.jar*805256125])
08-21 00:12:48.434 D/nativeloader(15550): Load libframework-connectivity-tiramisu-jni.so using APEX ns com_android_tethering for caller /apex/com.android.tethering/javalib/framework-connectivity-t.jar: ok
08-21 00:12:48.434 D/AndroidRuntime(15550): Calling main entry com.android.commands.uiautomator.Launcher
08-21 00:12:48.436 I/AconfigPackage(15550): android.media.swcodec.flags is mapped to com.android.media.swcodec
08-21 00:12:48.436 I/AconfigPackage(15550): com.android.permission.flags is mapped to com.android.permission
08-21 00:12:48.436 I/AconfigPackage(15550): com.android.permissioncontroller.flags is mapped to com.android.permission
08-21 00:12:48.436 I/AconfigPackage(15550): com.google.android.widevine.flags is mapped to com.google.android.widevine
08-21 00:12:48.436 I/AconfigPackage(15550): com.android.icu is mapped to com.android.i18n
08-21 00:12:48.436 I/AconfigPackage(15550): com.android.appsearch.flags is mapped to com.android.appsearch
08-21 00:12:48.436 I/AconfigPackage(15550): com.android.uprobestats.flags is mapped to com.android.uprobestats
08-21 00:12:48.436 I/AconfigPackage(15550): android.uprobestats.mainline.flags is mapped to com.android.uprobestats
08-21 00:12:48.436 I/AconfigPackage(15550): com.android.crashrecovery.flags is mapped to com.android.crashrecovery
08-21 00:12:48.436 I/AconfigPackage(15550): android.provider.flags is mapped to com.android.configinfrastructure
08-21 00:12:48.436 I/AconfigPackage(15550): com.android.server.deviceconfig is mapped to com.android.configinfrastructure
08-21 00:12:48.436 I/AconfigPackage(15550): com.android.art.flags is mapped to com.android.art
08-21 00:12:48.436 I/AconfigPackage(15550): com.android.art.rw.flags is mapped to com.android.art
08-21 00:12:48.436 I/AconfigPackage(15550): com.android.libcore is mapped to com.android.art
08-21 00:12:48.436 I/AconfigPackage(15550): android.telecom.flags is mapped to com.android.telephonycore
08-21 00:12:48.436 I/AconfigPackage(15550): com.android.internal.telecom.flags is mapped to com.android.telephonycore
08-21 00:12:48.436 I/AconfigPackage(15550): com.android.telephony.flags is mapped to com.android.telephonycore
08-21 00:12:48.436 I/AconfigPackage(15550): com.android.media.extractor.flags is mapped to com.android.media
08-21 00:12:48.436 I/AconfigPackage(15550): com.android.media.metrics.flags is mapped to com.android.media
08-21 00:12:48.436 I/AconfigPackage(15550): com.android.media.mainline.flags is mapped to com.android.media
08-21 00:12:48.436 I/AconfigPackage(15550): com.android.wifi.flags is mapped to com.android.wifi
08-21 00:12:48.436 I/AconfigPackage(15550): com.android.org.conscrypt.flags is mapped to com.android.conscrypt
08-21 00:12:48.436 I/AconfigPackage(15550): com.android.org.conscrypt.net.flags is mapped to com.android.conscrypt
08-21 00:12:48.437 I/AconfigPackage(15550): com.android.healthfitness.flags is mapped to com.android.healthfitness
08-21 00:12:48.437 I/AconfigPackage(15550): com.android.ipsec.flags is mapped to com.android.ipsec
08-21 00:12:48.437 I/AconfigPackage(15550): com.android.nfc.module.flags is mapped to com.android.nfcservices
08-21 00:12:48.437 I/AconfigPackage(15550): com.android.nfc.module.nonexported.flags is mapped to com.android.nfcservices
08-21 00:12:48.437 I/AconfigPackage(15550): com.android.adservices.ondevicepersonalization.flags is mapped to com.android.ondevicepersonalization
08-21 00:12:48.437 I/AconfigPackage(15550): com.android.adbd.flags is mapped to com.android.adbd
08-21 00:12:48.437 I/AconfigPackage(15550): com.android.bluetooth.beta.flags is mapped to com.android.bt
08-21 00:12:48.437 I/AconfigPackage(15550): com.android.bluetooth.flags is mapped to com.android.bt
08-21 00:12:48.437 I/AconfigPackage(15550): com.android.devicelock.flags is mapped to com.android.devicelock
08-21 00:12:48.437 I/AconfigPackage(15550): android.os.profiling is mapped to com.android.profiling
08-21 00:12:48.437 I/AconfigPackage(15550): android.os.profiling.anomaly.flags is mapped to com.android.profiling
08-21 00:12:48.437 I/AconfigPackage(15550): com.android.os.statsd.flags is mapped to com.android.os.statsd
08-21 00:12:48.437 I/AconfigPackage(15550): com.android.webapp.flags is mapped to com.android.webapp
08-21 00:12:48.437 I/AconfigPackage(15550): com.android.rkpd.flags is mapped to com.android.rkpd
08-21 00:12:48.437 I/AconfigPackage(15550): com.android.cellbroadcastreceiver.flags is mapped to com.android.cellbroadcast
08-21 00:12:48.438 I/AconfigPackage(15550): com.android.adservices.flags is mapped to com.android.adservices
08-21 00:12:48.438 I/AconfigPackage(15550): com.android.sdksandbox.flags is mapped to com.android.adservices
08-21 00:12:48.438 I/AconfigPackage(15550): android.app.sdksandbox.flags is mapped to com.android.adservices
08-21 00:12:48.438 I/AconfigPackage(15550): com.android.uwb.flags is mapped to com.android.uwb
08-21 00:12:48.438 I/AconfigPackage(15550): com.android.ranging.flags is mapped to com.android.uwb
08-21 00:12:48.438 I/AconfigPackage(15550): com.android.npumanager is mapped to com.android.npumanager
08-21 00:12:48.438 I/AconfigPackage(15550): android.graphics.pdf.flags is mapped to com.android.mediaprovider
08-21 00:12:48.438 I/AconfigPackage(15550): com.android.providers.media.flags is mapped to com.android.mediaprovider
08-21 00:12:48.438 I/AconfigPackage(15550): android.graphics.pdf.flags.readonly is mapped to com.android.mediaprovider
08-21 00:12:48.438 I/AconfigPackage(15550): com.android.tethering.mainline.beta is mapped to com.android.tethering
08-21 00:12:48.439 I/AconfigPackage(15550): android.net.http is mapped to com.android.tethering
08-21 00:12:48.439 I/AconfigPackage(15550): com.android.tethering.readonly.flags is mapped to com.android.tethering
08-21 00:12:48.439 I/AconfigPackage(15550): android.net.vcn is mapped to com.android.tethering
08-21 00:12:48.439 I/AconfigPackage(15550): com.android.net.flags is mapped to com.android.tethering
08-21 00:12:48.439 I/AconfigPackage(15550): com.android.tethering.flags is mapped to com.android.tethering
08-21 00:12:48.439 I/AconfigPackage(15550): com.android.tethering.beta.test is mapped to com.android.tethering
08-21 00:12:48.439 I/AconfigPackage(15550): com.android.nearby.flags is mapped to com.android.tethering
08-21 00:12:48.439 I/AconfigPackage(15550): com.android.net.thread.flags is mapped to com.android.tethering
08-21 00:12:48.439 I/AconfigPackage(15550): com.android.net.ct.flags is mapped to com.android.tethering
08-21 00:12:48.439 I/AconfigPackage(15550): com.android.system.virtualmachine.flags is mapped to com.android.virt
08-21 00:12:48.439 E/FeatureFlagsImplExport(15550): android.os.flagging.AconfigStorageReadException: ERROR_PACKAGE_NOT_FOUND: package android.xr cannot be found on the device
08-21 00:12:48.440 D/UiAutomationConnection(15550): Created on user UserHandle{0}
08-21 00:12:48.441 I/UiAutomation(15550): Initialized for user 0 on display 0
08-21 00:12:48.441 W/UiAutomation(15550): Created with deprecatead constructor, assumes DEFAULT_DISPLAY
08-21 00:12:48.442 D/AccessibilityManagerService(  642): changeCurrentUserForTestAutomationIfNeededLocked(0): ignoring because device doesn't support visible background users
08-21 00:12:48.442 I/UiAutomationManager(  642): Registering UiTestAutomationService (id=com.android.server.accessibility/UiAutomation, flags=0x0) when called by user 0
08-21 00:12:48.442 V/AccessibilityManagerService(  642): onUserStateChangedLocked for userId: 0, forceUpdate: false
08-21 00:12:48.442 V/AccessibilityUserState(  642): updateShortcutTargets: type:accessibility_shortcut_target_service, current:{}, new:{}
08-21 00:12:48.442 V/AccessibilityUserState(  642): updateShortcutTargets: type:accessibility_button_targets, current:{}, new:{}
08-21 00:12:48.442 V/AccessibilityUserState(  642): updateShortcutTargets: type:accessibility_gesture_targets, current:{}, new:{}
08-21 00:12:48.442 V/AccessibilityUserState(  642): updateShortcutTargets: type:accessibility_qs_targets, current:{}, new:{}
08-21 00:12:48.442 V/AccessibilityUserState(  642): updateShortcutTargets: type:accessibility_key_gesture_targets, current:{}, new:{}
08-21 00:12:48.442 V/AccessibilityUserState(  642): updateShortcutTargets: type:accessibility_top_row_key_targets, current:{}, new:{}
08-21 00:12:48.442 V/AccessibilityUserState(  642): updateShortcutTargets: type:accessibility_quick_access_targets, current:{}, new:{}
08-21 00:12:48.442 W/MagnificationConnectionManager(  642): requestConnection duplicated request: connect=false, mConnectionState=DISCONNECTED
08-21 00:12:48.443 I/AiAiEcho( 1655): Settings changed for uri: content://settings/secure/accessibility_enabled
08-21 00:12:48.444 W/libbinder.IPCThreadState(  642): Sending oneway calls to frozen process.
08-21 00:12:48.444 W/libbinder.IPCThreadState(  642): Sending oneway calls to frozen process.
08-21 00:12:48.444 W/libbinder.IPCThreadState(  642): Sending oneway calls to frozen process.
08-21 00:12:48.444 W/libbinder.IPCThreadState(  642): Sending oneway calls to frozen process.
08-21 00:12:48.444 W/libbinder.IPCThreadState(  642): Sending oneway calls to frozen process.
08-21 00:12:48.444 I/AiAiEcho( 1655): Predicting[0]:  [CONTEXT sampling_count=5 ]
08-21 00:12:48.444 I/AiAiEcho( 1655): EchoTargets: 
08-21 00:12:48.444 I/AiAiEcho( 1655): Filtered by AiAi flag check: 
08-21 00:12:48.444 I/AiAiEcho( 1655): [CONTEXT ratelimit_period="10 SECONDS" ]
08-21 00:12:48.444 I/AiAiEcho( 1655): #remoteViewsTwiddler: feature disabled.
08-21 00:12:48.444 I/AiAiEcho( 1655): Predicting[0]:  [CONTEXT sampling_count=5 ]
08-21 00:12:48.444 I/AiAiEcho( 1655): EchoTargets: 
08-21 00:12:48.444 I/AiAiEcho( 1655): Filtered by AiAi flag check: 
08-21 00:12:48.444 I/AiAiEcho( 1655): [CONTEXT ratelimit_period="10 SECONDS" ]
08-21 00:12:48.444 I/AiAiEcho( 1655): #remoteViewsTwiddler: feature disabled.
08-21 00:12:48.444 I/AiAiEcho( 1655): Predicting[0]:  [CONTEXT sampling_count=5 ]
08-21 00:12:48.444 I/AiAiEcho( 1655): EchoTargets: 
08-21 00:12:48.444 I/AiAiEcho( 1655): Filtered by AiAi flag check: 
08-21 00:12:48.444 I/AiAiEcho( 1655): [CONTEXT ratelimit_period="10 SECONDS" ]
08-21 00:12:48.444 I/AiAiEcho( 1655): #remoteViewsTwiddler: feature disabled.
08-21 00:12:48.444 I/AiAiEcho( 1655): #postPredictionTargets: Sending updates to UISurface lockscreen with targets# 0 (types=[])
08-21 00:12:48.444 I/AiAiEcho( 1655): #postPredictionTargets: Sending updates to UISurface ambientcue with targets# 0 (types=[])
08-21 00:12:48.444 I/AiAiEcho( 1655): #postPredictionTargets: Sending updates to UISurface home with targets# 0 (types=[])
08-21 00:12:48.444 I/AmbientCueRepository(  894): Receiving SmartSpace targets # 0
08-21 00:12:48.444 W/libbinder.IPCThreadState(  642): Sending oneway calls to frozen process.
08-21 00:12:48.445 W/libbinder.IPCThreadState(  642): Sending oneway calls to frozen process.
08-21 00:12:48.445 V/AccessibilityManagerService(  642): onUserStateChangedLocked for userId: 0, forceUpdate: false
08-21 00:12:48.445 V/AccessibilityUserState(  642): updateShortcutTargets: type:accessibility_shortcut_target_service, current:{}, new:{}
08-21 00:12:48.445 V/AccessibilityUserState(  642): updateShortcutTargets: type:accessibility_button_targets, current:{}, new:{}
08-21 00:12:48.445 V/AccessibilityUserState(  642): updateShortcutTargets: type:accessibility_gesture_targets, current:{}, new:{}
08-21 00:12:48.445 V/AccessibilityUserState(  642): updateShortcutTargets: type:accessibility_qs_targets, current:{}, new:{}
08-21 00:12:48.445 V/AccessibilityUserState(  642): updateShortcutTargets: type:accessibility_key_gesture_targets, current:{}, new:{}
08-21 00:12:48.445 V/AccessibilityUserState(  642): updateShortcutTargets: type:accessibility_top_row_key_targets, current:{}, new:{}
08-21 00:12:48.445 V/AccessibilityUserState(  642): updateShortcutTargets: type:accessibility_quick_access_targets, current:{}, new:{}
08-21 00:12:48.445 W/MagnificationConnectionManager(  642): requestConnection duplicated request: connect=false, mConnectionState=DISCONNECTED
08-21 00:12:48.445 W/libbinder.IPCThreadState(  642): Sending oneway calls to frozen process.
08-21 00:12:48.445 I/AiAiEcho( 1655): Settings changed for uri: content://settings/secure/accessibility_enabled
08-21 00:12:48.446 W/libbinder.IPCThreadState(  642): Sending oneway calls to frozen process.
08-21 00:12:48.446 W/libbinder.IPCThreadState(  642): Sending oneway calls to frozen process.
08-21 00:12:48.446 W/libbinder.IPCThreadState(  642): Sending oneway calls to frozen process.
08-21 00:12:48.446 W/libbinder.IPCThreadState(  642): Sending oneway calls to frozen process.
08-21 00:12:48.446 W/libbinder.IPCThreadState(  642): Sending oneway calls to frozen process.
08-21 00:12:48.447 W/libbinder.IPCThreadState(  642): Sending oneway calls to frozen process.
08-21 00:12:48.447 W/libbinder.IPCThreadState(  642): Sending oneway calls to frozen process.
08-21 00:12:48.447 W/libbinder.IPCThreadState(  642): Sending oneway calls to frozen process.
08-21 00:12:48.447 W/libbinder.IPCThreadState(  642): Sending oneway calls to frozen process.
08-21 00:12:48.447 W/libbinder.IPCThreadState(  642): Sending oneway calls to frozen process.
08-21 00:12:48.447 W/libbinder.IPCThreadState(  642): Sending oneway calls to frozen process.
08-21 00:12:48.447 W/libbinder.IPCThreadState(  642): Sending oneway calls to frozen process.
08-21 00:12:48.447 W/libbinder.IPCThreadState(  642): Sending oneway calls to frozen process.
08-21 00:12:48.447 W/libbinder.IPCThreadState(  642): Sending oneway calls to frozen process.
08-21 00:12:48.447 W/libbinder.IPCThreadState(  642): Sending oneway calls to frozen process.
08-21 00:12:48.447 W/libbinder.IPCThreadState(  642): Sending oneway calls to frozen process.
08-21 00:12:48.447 W/libbinder.IPCThreadState(  642): Sending oneway calls to frozen process.
08-21 00:12:48.447 D/BatterySaverPolicy(  642): accessibility changed to true, updating policy.
08-21 00:12:48.447 D/AccessibilityManagerService(  642): .getAccessibilityShortcutTargets {shortcutType=32, userId=0}
08-21 00:12:48.448 I/AiAiEcho( 1655): Predicting[0]:  [CONTEXT sampling_count=5 ]
08-21 00:12:48.448 I/AiAiEcho( 1655): EchoTargets: 
08-21 00:12:48.448 I/AiAiEcho( 1655): Filtered by AiAi flag check: 
08-21 00:12:48.448 I/AiAiEcho( 1655): [CONTEXT ratelimit_period="10 SECONDS" ]
08-21 00:12:48.448 I/AiAiEcho( 1655): #remoteViewsTwiddler: feature disabled.
08-21 00:12:48.448 I/AiAiEcho( 1655): Predicting[0]:  [CONTEXT sampling_count=5 ]
08-21 00:12:48.448 I/AiAiEcho( 1655): EchoTargets: 
08-21 00:12:48.448 I/AiAiEcho( 1655): Filtered by AiAi flag check: 
08-21 00:12:48.448 I/AiAiEcho( 1655): [CONTEXT ratelimit_period="10 SECONDS" ]
08-21 00:12:48.448 I/AiAiEcho( 1655): #remoteViewsTwiddler: feature disabled.
08-21 00:12:48.448 I/AiAiEcho( 1655): Predicting[0]:  [CONTEXT sampling_count=5 ]
08-21 00:12:48.448 I/AiAiEcho( 1655): EchoTargets: 
08-21 00:12:48.448 I/AiAiEcho( 1655): Filtered by AiAi flag check: 
08-21 00:12:48.448 I/AiAiEcho( 1655): [CONTEXT ratelimit_period="10 SECONDS" ]
08-21 00:12:48.448 I/AiAiEcho( 1655): #remoteViewsTwiddler: feature disabled.
08-21 00:12:48.448 I/AiAiEcho( 1655): #postPredictionTargets: Sending updates to UISurface lockscreen with targets# 0 (types=[])
08-21 00:12:48.448 I/AiAiEcho( 1655): #postPredictionTargets: Sending updates to UISurface ambientcue with targets# 0 (types=[])
08-21 00:12:48.448 I/AiAiEcho( 1655): #postPredictionTargets: Sending updates to UISurface home with targets# 0 (types=[])
08-21 00:12:48.448 I/AmbientCueRepository(  894): Receiving SmartSpace targets # 0
08-21 00:12:48.460 W/skia    (  477): AGTM parsing failed flags.readFromStream(s) at 159
08-21 00:12:48.460 W/skia    (  477): AGTM parsing failed flags.readFromStream(s) at 159
08-21 00:12:48.560 W/skia    (  477): AGTM parsing failed flags.readFromStream(s) at 159
08-21 00:12:48.560 W/skia    (  477): AGTM parsing failed flags.readFromStream(s) at 159
08-21 00:12:48.621 I/HalDevMgr(  642): bestIfaceCreationProposal is null, requestIface=STA, existingIface=[name=wlan0 type=STA]
08-21 00:12:48.661 W/skia    (  477): AGTM parsing failed flags.readFromStream(s) at 159
08-21 00:12:48.661 W/skia    (  477): AGTM parsing failed flags.readFromStream(s) at 159
08-21 00:12:48.761 W/skia    (  477): AGTM parsing failed flags.readFromStream(s) at 159
08-21 00:12:48.761 W/skia    (  477): AGTM parsing failed flags.readFromStream(s) at 159
08-21 00:12:48.815 I/keystore2(  311): system/security/keystore2/watchdog/src/lib.rs:371 - Watchdog thread idle -> terminating. Have a great day.
08-21 00:12:48.862 W/skia    (  477): AGTM parsing failed flags.readFromStream(s) at 159
08-21 00:12:48.862 W/skia    (  477): AGTM parsing failed flags.readFromStream(s) at 159
08-21 00:12:48.963 W/skia    (  477): AGTM parsing failed flags.readFromStream(s) at 159
08-21 00:12:48.963 W/skia    (  477): AGTM parsing failed flags.readFromStream(s) at 159
08-21 00:12:49.064 W/skia    (  477): AGTM parsing failed flags.readFromStream(s) at 159
08-21 00:12:49.064 W/skia    (  477): AGTM parsing failed flags.readFromStream(s) at 159
08-21 00:12:49.166 W/skia    (  477): AGTM parsing failed flags.readFromStream(s) at 159
08-21 00:12:49.166 W/skia    (  477): AGTM parsing failed flags.readFromStream(s) at 159
08-21 00:12:49.266 W/skia    (  477): AGTM parsing failed flags.readFromStream(s) at 159
08-21 00:12:49.266 W/skia    (  477): AGTM parsing failed flags.readFromStream(s) at 159
08-21 00:12:49.368 W/skia    (  477): AGTM parsing failed flags.readFromStream(s) at 159
08-21 00:12:49.368 W/skia    (  477): AGTM parsing failed flags.readFromStream(s) at 159
08-21 00:12:49.469 W/skia    (  477): AGTM parsing failed flags.readFromStream(s) at 159
08-21 00:12:49.469 W/skia    (  477): AGTM parsing failed flags.readFromStream(s) at 159
08-21 00:12:49.501 W/MediaProvider( 1618): isAppCloneUserPair for user 0: false
08-21 00:12:49.503 W/AccessibilityNodeInfoDumper(15550): Fetch time: 4ms
08-21 00:12:49.504 V/AccessibilityManagerService(  642): onUserStateChangedLocked for userId: 0, forceUpdate: false
08-21 00:12:49.504 V/AccessibilityUserState(  642): updateShortcutTargets: type:accessibility_shortcut_target_service, current:{}, new:{}
08-21 00:12:49.504 V/AccessibilityUserState(  642): updateShortcutTargets: type:accessibility_button_targets, current:{}, new:{}
08-21 00:12:49.504 V/AccessibilityUserState(  642): updateShortcutTargets: type:accessibility_gesture_targets, current:{}, new:{}
08-21 00:12:49.504 V/AccessibilityUserState(  642): updateShortcutTargets: type:accessibility_qs_targets, current:{}, new:{}
08-21 00:12:49.504 V/AccessibilityUserState(  642): updateShortcutTargets: type:accessibility_key_gesture_targets, current:{}, new:{}
08-21 00:12:49.504 V/AccessibilityUserState(  642): updateShortcutTargets: type:accessibility_top_row_key_targets, current:{}, new:{}
08-21 00:12:49.504 V/AccessibilityUserState(  642): updateShortcutTargets: type:accessibility_quick_access_targets, current:{}, new:{}
08-21 00:12:49.504 W/MagnificationConnectionManager(  642): requestConnection duplicated request: connect=false, mConnectionState=DISCONNECTED
08-21 00:12:49.504 D/AccessibilityManagerService(  642): restoreCurrentUserForTestAutomationIfNeededLocked(): ignoring because device doesn't support visible background users
08-21 00:12:49.504 W/libbinder.IPCThreadState(  642): Sending oneway calls to frozen process.
08-21 00:12:49.504 W/libbinder.IPCThreadState(  642): Sending oneway calls to frozen process.
08-21 00:12:49.504 W/libbinder.IPCThreadState(  642): Sending oneway calls to frozen process.
08-21 00:12:49.505 W/libbinder.IPCThreadState(  642): Sending oneway calls to frozen process.
08-21 00:12:49.505 W/libbinder.IPCThreadState(  642): Sending oneway calls to frozen process.
08-21 00:12:49.505 W/libbinder.IPCThreadState(  642): Sending oneway calls to frozen process.
08-21 00:12:49.505 W/libbinder.IPCThreadState(  642): Sending oneway calls to frozen process.
08-21 00:12:49.505 W/libbinder.IPCThreadState(  642): Sending oneway calls to frozen process.
08-21 00:12:49.505 W/libbinder.IPCThreadState(  642): Sending oneway calls to frozen process.
08-21 00:12:49.505 D/AndroidRuntime(15550): Shutting down VM
08-21 00:12:49.505 W/libbinder.IPCThreadState(15550): call to talkWithDriver in joinThreadPool returned error: -9 (Bad file descriptor), FD: -1
08-21 00:12:49.505 W/libbinder.IPCThreadState(15550): call to talkWithDriver in joinThreadPool returned error: -9 (Bad file descriptor), FD: -1
08-21 00:12:49.505 W/libbinder.IPCThreadState(15550): call to talkWithDriver in joinThreadPool returned error: -9 (Bad file descriptor), FD: -1
08-21 00:12:49.505 W/libbinder.IPCThreadState(15550): call to talkWithDriver in joinThreadPool returned error: -9 (Bad file descriptor), FD: -1
08-21 00:12:49.505 W/libbinder.IPCThreadState(  642): Sending oneway calls to frozen process.
08-21 00:12:49.506 W/libbinder.IPCThreadState(  642): Sending oneway calls to frozen process.
08-21 00:12:49.506 W/libbinder.IPCThreadState(  642): Sending oneway calls to frozen process.
08-21 00:12:49.506 W/libbinder.IPCThreadState(  642): Sending oneway calls to frozen process.
08-21 00:12:49.506 W/libbinder.IPCThreadState(  642): Sending oneway calls to frozen process.
08-21 00:12:49.506 W/libbinder.IPCThreadState(  642): Sending oneway calls to frozen process.
08-21 00:12:49.506 D/BatterySaverPolicy(  642): accessibility changed to false, updating policy.
08-21 00:12:49.507 I/AiAiEcho( 1655): Settings changed for uri: content://settings/secure/accessibility_enabled
08-21 00:12:49.507 I/AiAiEcho( 1655): Predicting[0]:  [CONTEXT sampling_count=5 ]
08-21 00:12:49.507 I/AiAiEcho( 1655): EchoTargets: 
08-21 00:12:49.507 I/AiAiEcho( 1655): Filtered by AiAi flag check: 
08-21 00:12:49.507 I/AiAiEcho( 1655): [CONTEXT ratelimit_period="10 SECONDS" ]
08-21 00:12:49.507 I/AiAiEcho( 1655): #remoteViewsTwiddler: feature disabled.
08-21 00:12:49.507 I/AiAiEcho( 1655): Predicting[0]:  [CONTEXT sampling_count=5 ]
08-21 00:12:49.508 I/AiAiEcho( 1655): EchoTargets: 
08-21 00:12:49.508 I/AiAiEcho( 1655): Filtered by AiAi flag check: 
08-21 00:12:49.508 I/AiAiEcho( 1655): [CONTEXT ratelimit_period="10 SECONDS" ]
08-21 00:12:49.508 I/AiAiEcho( 1655): #remoteViewsTwiddler: feature disabled.
08-21 00:12:49.508 I/AiAiEcho( 1655): Predicting[0]:  [CONTEXT sampling_count=5 ]
08-21 00:12:49.508 I/AiAiEcho( 1655): EchoTargets: 
08-21 00:12:49.508 I/AiAiEcho( 1655): Filtered by AiAi flag check: 
08-21 00:12:49.508 I/AiAiEcho( 1655): [CONTEXT ratelimit_period="10 SECONDS" ]
08-21 00:12:49.508 I/AiAiEcho( 1655): #remoteViewsTwiddler: feature disabled.
08-21 00:12:49.508 I/AiAiEcho( 1655): #postPredictionTargets: Sending updates to UISurface lockscreen with targets# 0 (types=[])
08-21 00:12:49.508 I/AiAiEcho( 1655): #postPredictionTargets: Sending updates to UISurface ambientcue with targets# 0 (types=[])
08-21 00:12:49.508 I/AiAiEcho( 1655): #postPredictionTargets: Sending updates to UISurface home with targets# 0 (types=[])
08-21 00:12:49.509 I/AmbientCueRepository(  894): Receiving SmartSpace targets # 0
08-21 00:12:49.518 I/NetworkScheduler.Stats( 1285): (REDACTED) Task %s/%s started execution. cause:%s exec_start_elapsed_seconds: %s
08-21 00:12:49.520 I/NetworkScheduler.Stats( 1285): (REDACTED) Task %s/%s finished executing. cause:%s result: %s elapsed_millis: %s uptime_millis: %s exec_start_elapsed_seconds: %s
08-21 00:12:49.574 W/skia    (  477): AGTM parsing failed flags.readFromStream(s) at 159
08-21 00:12:49.574 W/skia    (  477): AGTM parsing failed flags.readFromStream(s) at 159
08-21 00:12:49.676 W/skia    (  477): AGTM parsing failed flags.readFromStream(s) at 159
08-21 00:12:49.676 W/skia    (  477): AGTM parsing failed flags.readFromStream(s) at 159
08-21 00:12:49.776 W/skia    (  477): AGTM parsing failed flags.readFromStream(s) at 159
08-21 00:12:49.776 W/skia    (  477): AGTM parsing failed flags.readFromStream(s) at 159
08-21 00:12:49.857 D/BoundBrokerSvc( 5388): onUnbind: Intent { act=com.google.android.gms.measurement.START xflg=0x4 pkg=com.google.android.gms }
08-21 00:12:49.877 W/skia    (  477): AGTM parsing failed flags.readFromStream(s) at 159
08-21 00:12:49.878 W/skia    (  477): AGTM parsing failed flags.readFromStream(s) at 159
08-21 00:12:49.979 W/skia    (  477): AGTM parsing failed flags.readFromStream(s) at 159
08-21 00:12:49.979 W/skia    (  477): AGTM parsing failed flags.readFromStream(s) at 159
08-21 00:12:50.080 W/skia    (  477): AGTM parsing failed flags.readFromStream(s) at 159
08-21 00:12:50.080 W/skia    (  477): AGTM parsing failed flags.readFromStream(s) at 159
08-21 00:12:50.181 W/skia    (  477): AGTM parsing failed flags.readFromStream(s) at 159
08-21 00:12:50.181 W/skia    (  477): AGTM parsing failed flags.readFromStream(s) at 159
08-21 00:12:50.282 W/skia    (  477): AGTM parsing failed flags.readFromStream(s) at 159
08-21 00:12:50.282 W/skia    (  477): AGTM parsing failed flags.readFromStream(s) at 159
08-21 00:12:50.334 I/adbd    (  479): adbd service requested 'exec:cat '/sdcard/uinav-08f63a8828bb44718ecc252b7444f1c0.xml''
08-21 00:12:50.352 I/adbd    (  479): adbd service requested 'shell,v2,TERM=xterm-256color,raw:rm -f /sdcard/uinav-08f63a8828bb44718ecc252b7444f1c0.xml'
08-21 00:12:50.361 I/MediaProvider( 1618): Deleted 0 0 0 0 0 0 1 items on external_primary due to com.android.shell
08-21 00:12:50.383 W/skia    (  477): AGTM parsing failed flags.readFromStream(s) at 159
08-21 00:12:50.383 W/skia    (  477): AGTM parsing failed flags.readFromStream(s) at 159
08-21 00:12:50.484 W/skia    (  477): AGTM parsing failed flags.readFromStream(s) at 159
08-21 00:12:50.484 W/skia    (  477): AGTM parsing failed flags.readFromStream(s) at 159
08-21 00:12:50.593 W/skia    (  477): AGTM parsing failed flags.readFromStream(s) at 159
08-21 00:12:50.593 W/skia    (  477): AGTM parsing failed flags.readFromStream(s) at 159
08-21 00:12:50.693 W/skia    (  477): AGTM parsing failed flags.readFromStream(s) at 159
08-21 00:12:50.693 W/skia    (  477): AGTM parsing failed flags.readFromStream(s) at 159
08-21 00:12:50.797 W/skia    (  477): AGTM parsing failed flags.readFromStream(s) at 159
08-21 00:12:50.797 W/skia    (  477): AGTM parsing failed flags.readFromStream(s) at 159
08-21 00:12:50.897 W/skia    (  477): AGTM parsing failed flags.readFromStream(s) at 159
08-21 00:12:50.897 W/skia    (  477): AGTM parsing failed flags.readFromStream(s) at 159
08-21 00:12:50.938 I/wpa_supplicant(  880): wlan0: CTRL-EVENT-BEACON-LOSS 
08-21 00:12:50.998 W/skia    (  477): AGTM parsing failed flags.readFromStream(s) at 159
08-21 00:12:50.998 W/skia    (  477): AGTM parsing failed flags.readFromStream(s) at 159
08-21 00:12:51.101 W/skia    (  477): AGTM parsing failed flags.readFromStream(s) at 159
08-21 00:12:51.101 W/skia    (  477): AGTM parsing failed flags.readFromStream(s) at 159
08-21 00:12:51.201 W/skia    (  477): AGTM parsing failed flags.readFromStream(s) at 159
08-21 00:12:51.201 W/skia    (  477): AGTM parsing failed flags.readFromStream(s) at 159
08-21 00:12:51.310 W/skia    (  477): AGTM parsing failed flags.readFromStream(s) at 159
08-21 00:12:51.310 W/skia    (  477): AGTM parsing failed flags.readFromStream(s) at 159
08-21 00:12:51.410 W/skia    (  477): AGTM parsing failed flags.readFromStream(s) at 159
08-21 00:12:51.410 W/skia    (  477): AGTM parsing failed flags.readFromStream(s) at 159
08-21 00:12:51.511 W/skia    (  477): AGTM parsing failed flags.readFromStream(s) at 159
08-21 00:12:51.511 W/skia    (  477): AGTM parsing failed flags.readFromStream(s) at 159
08-21 00:12:51.612 W/skia    (  477): AGTM parsing failed flags.readFromStream(s) at 159
08-21 00:12:51.612 W/skia    (  477): AGTM parsing failed flags.readFromStream(s) at 159
08-21 00:12:51.626 I/HalDevMgr(  642): bestIfaceCreationProposal is null, requestIface=STA, existingIface=[name=wlan0 type=STA]
08-21 00:12:51.712 W/skia    (  477): AGTM parsing failed flags.readFromStream(s) at 159
08-21 00:12:51.712 W/skia    (  477): AGTM parsing failed flags.readFromStream(s) at 159
08-21 00:12:51.812 W/skia    (  477): AGTM parsing failed flags.readFromStream(s) at 159
08-21 00:12:51.812 W/skia    (  477): AGTM parsing failed flags.readFromStream(s) at 159
08-21 00:12:51.913 W/skia    (  477): AGTM parsing failed flags.readFromStream(s) at 159
08-21 00:12:51.913 W/skia    (  477): AGTM parsing failed flags.readFromStream(s) at 159
08-21 00:12:52.015 W/skia    (  477): AGTM parsing failed flags.readFromStream(s) at 159
08-21 00:12:52.015 W/skia    (  477): AGTM parsing failed flags.readFromStream(s) at 159
08-21 00:12:52.115 W/skia    (  477): AGTM parsing failed flags.readFromStream(s) at 159
08-21 00:12:52.116 W/skia    (  477): AGTM parsing failed flags.readFromStream(s) at 159
08-21 00:12:52.217 W/skia    (  477): AGTM parsing failed flags.readFromStream(s) at 159
08-21 00:12:52.217 W/skia    (  477): AGTM parsing failed flags.readFromStream(s) at 159
08-21 00:12:52.318 W/skia    (  477): AGTM parsing failed flags.readFromStream(s) at 159
08-21 00:12:52.318 W/skia    (  477): AGTM parsing failed flags.readFromStream(s) at 159
08-21 00:12:52.419 W/skia    (  477): AGTM parsing failed flags.readFromStream(s) at 159
08-21 00:12:52.419 W/skia    (  477): AGTM parsing failed flags.readFromStream(s) at 159
08-21 00:12:52.527 W/skia    (  477): AGTM parsing failed flags.readFromStream(s) at 159
08-21 00:12:52.527 W/skia    (  477): AGTM parsing failed flags.readFromStream(s) at 159
08-21 00:12:52.627 W/skia    (  477): AGTM parsing failed flags.readFromStream(s) at 159
08-21 00:12:52.627 W/skia    (  477): AGTM parsing failed flags.readFromStream(s) at 159
08-21 00:12:52.728 W/skia    (  477): AGTM parsing failed flags.readFromStream(s) at 159
08-21 00:12:52.728 W/skia    (  477): AGTM parsing failed flags.readFromStream(s) at 159
08-21 00:12:52.829 W/skia    (  477): AGTM parsing failed flags.readFromStream(s) at 159
08-21 00:12:52.829 W/skia    (  477): AGTM parsing failed flags.readFromStream(s) at 159
08-21 00:12:52.929 W/skia    (  477): AGTM parsing failed flags.readFromStream(s) at 159
08-21 00:12:52.929 W/skia    (  477): AGTM parsing failed flags.readFromStream(s) at 159
08-21 00:12:53.022 D/SatelliteController( 1028): isInCarrierRoamingNbIotNtn: satellite is disabled
08-21 00:12:53.022 D/SatelliteController( 1028): getCarrierRoamingNtnConnectType: Checking connect type from PLMN config for subId: 1
08-21 00:12:53.022 D/TelephonyConfigUpdateInstallReceiver( 1028): getConfigParser: domain=satellite
08-21 00:12:53.022 V/SatelliteController( 1028): satelliteConfigParser is not ready
08-21 00:12:53.022 D/SatelliteController( 1028): isSatelliteAttachSupportedViaConfigupdater: return null (satelliteConfig is null)
08-21 00:12:53.023 D/SatelliteController( 1028): getSatellitePerPlmnConfiguration: invalid subId or not supported via carrier.
08-21 00:12:53.023 D/SatelliteController( 1028): getCarrierRoamingNtnConnectType: config: null
08-21 00:12:53.023 D/TelephonyConfigUpdateInstallReceiver( 1028): getConfigParser: domain=satellite
08-21 00:12:53.023 V/SatelliteController( 1028): satelliteConfigParser is not ready
08-21 00:12:53.023 D/SatelliteController( 1028): getCarrierRoamingNtnConnectTypeViaConfigUpdater: return null (satelliteConfig is null)
08-21 00:12:53.023 D/SatelliteController( 1028): getCarrierRoamingNtnConnectType: Falling back to global carrier config connect type: 0
08-21 00:12:53.023 D/TelephonyConfigUpdateInstallReceiver( 1028): getConfigParser: domain=satellite
08-21 00:12:53.023 V/SatelliteController( 1028): satelliteConfigParser is not ready
08-21 00:12:53.023 D/SatelliteController( 1028): isSatelliteAttachSupportedViaConfigupdater: return null (satelliteConfig is null)
08-21 00:12:53.023 D/SatelliteController( 1028): getCarrierRoamingNtnConnectType: Checking connect type from PLMN config for subId: 1
08-21 00:12:53.023 D/TelephonyConfigUpdateInstallReceiver( 1028): getConfigParser: domain=satellite
08-21 00:12:53.023 V/SatelliteController( 1028): satelliteConfigParser is not ready
08-21 00:12:53.023 D/SatelliteController( 1028): isSatelliteAttachSupportedViaConfigupdater: return null (satelliteConfig is null)
08-21 00:12:53.023 D/SatelliteController( 1028): getSatellitePerPlmnConfiguration: invalid subId or not supported via carrier.
08-21 00:12:53.023 D/SatelliteController( 1028): getCarrierRoamingNtnConnectType: config: null
08-21 00:12:53.023 D/TelephonyConfigUpdateInstallReceiver( 1028): getConfigParser: domain=satellite
08-21 00:12:53.023 V/SatelliteController( 1028): satelliteConfigParser is not ready
08-21 00:12:53.023 D/SatelliteController( 1028): getCarrierRoamingNtnConnectTypeViaConfigUpdater: return null (satelliteConfig is null)
08-21 00:12:53.023 D/SatelliteController( 1028): getCarrierRoamingNtnConnectType: Falling back to global carrier config connect type: 0
08-21 00:12:53.023 D/TelephonyConfigUpdateInstallReceiver( 1028): getConfigParser: domain=satellite
08-21 00:12:53.023 V/SatelliteController( 1028): satelliteConfigParser is not ready
08-21 00:12:53.023 D/SatelliteController( 1028): isSatelliteAttachSupportedViaConfigupdater: return null (satelliteConfig is null)
08-21 00:12:53.030 W/skia    (  477): AGTM parsing failed flags.readFromStream(s) at 159
08-21 00:12:53.030 W/skia    (  477): AGTM parsing failed flags.readFromStream(s) at 159
08-21 00:12:53.131 W/skia    (  477): AGTM parsing failed flags.readFromStream(s) at 159
08-21 00:12:53.131 W/skia    (  477): AGTM parsing failed flags.readFromStream(s) at 159
08-21 00:12:53.233 W/skia    (  477): AGTM parsing failed flags.readFromStream(s) at 159
08-21 00:12:53.233 W/skia    (  477): AGTM parsing failed flags.readFromStream(s) at 159
08-21 00:12:53.335 W/skia    (  477): AGTM parsing failed flags.readFromStream(s) at 159
08-21 00:12:53.335 W/skia    (  477): AGTM parsing failed flags.readFromStream(s) at 159
