--------- beginning of main
08-21 00:11:41.607 I/adbd    (  479): adbd service requested 'shell,v2,TERM=xterm-256color:export ANDROID_LOG_TAGS=''; exec logcat '-v' 'time''
08-21 00:11:42.489 I/HalDevMgr(  642): bestIfaceCreationProposal is null, requestIface=STA, existingIface=[name=wlan0 type=STA]
08-21 00:11:42.987 D/SatelliteController( 1028): isInCarrierRoamingNbIotNtn: satellite is disabled
08-21 00:11:42.987 D/SatelliteController( 1028): getCarrierRoamingNtnConnectType: Checking connect type from PLMN config for subId: 1
08-21 00:11:42.987 D/TelephonyConfigUpdateInstallReceiver( 1028): getConfigParser: domain=satellite
08-21 00:11:42.987 V/SatelliteController( 1028): satelliteConfigParser is not ready
08-21 00:11:42.987 D/SatelliteController( 1028): isSatelliteAttachSupportedViaConfigupdater: return null (satelliteConfig is null)
08-21 00:11:42.987 D/SatelliteController( 1028): getSatellitePerPlmnConfiguration: invalid subId or not supported via carrier.
08-21 00:11:42.987 D/SatelliteController( 1028): getCarrierRoamingNtnConnectType: config: null
08-21 00:11:42.987 D/TelephonyConfigUpdateInstallReceiver( 1028): getConfigParser: domain=satellite
08-21 00:11:42.987 V/SatelliteController( 1028): satelliteConfigParser is not ready
08-21 00:11:42.987 D/SatelliteController( 1028): getCarrierRoamingNtnConnectTypeViaConfigUpdater: return null (satelliteConfig is null)
08-21 00:11:42.987 D/SatelliteController( 1028): getCarrierRoamingNtnConnectType: Falling back to global carrier config connect type: 0
08-21 00:11:42.987 D/TelephonyConfigUpdateInstallReceiver( 1028): getConfigParser: domain=satellite
08-21 00:11:42.987 V/SatelliteController( 1028): satelliteConfigParser is not ready
08-21 00:11:42.987 D/SatelliteController( 1028): isSatelliteAttachSupportedViaConfigupdater: return null (satelliteConfig is null)
08-21 00:11:42.987 D/SatelliteController( 1028): getCarrierRoamingNtnConnectType: Checking connect type from PLMN config for subId: 1
08-21 00:11:42.987 D/TelephonyConfigUpdateInstallReceiver( 1028): getConfigParser: domain=satellite
08-21 00:11:42.987 V/SatelliteController( 1028): satelliteConfigParser is not ready
08-21 00:11:42.987 D/SatelliteController( 1028): isSatelliteAttachSupportedViaConfigupdater: return null (satelliteConfig is null)
08-21 00:11:42.987 D/SatelliteController( 1028): getSatellitePerPlmnConfiguration: invalid subId or not supported via carrier.
08-21 00:11:42.987 D/SatelliteController( 1028): getCarrierRoamingNtnConnectType: config: null
08-21 00:11:42.987 D/TelephonyConfigUpdateInstallReceiver( 1028): getConfigParser: domain=satellite
08-21 00:11:42.987 V/SatelliteController( 1028): satelliteConfigParser is not ready
08-21 00:11:42.987 D/SatelliteController( 1028): getCarrierRoamingNtnConnectTypeViaConfigUpdater: return null (satelliteConfig is null)
08-21 00:11:42.987 D/SatelliteController( 1028): getCarrierRoamingNtnConnectType: Falling back to global carrier config connect type: 0
08-21 00:11:42.987 D/TelephonyConfigUpdateInstallReceiver( 1028): getConfigParser: domain=satellite
08-21 00:11:42.987 V/SatelliteController( 1028): satelliteConfigParser is not ready
08-21 00:11:42.987 D/SatelliteController( 1028): isSatelliteAttachSupportedViaConfigupdater: return null (satelliteConfig is null)
08-21 00:11:43.025 W/skia    (  477): AGTM parsing failed flags.readFromStream(s) at 159
08-21 00:11:43.026 W/skia    (  477): AGTM parsing failed flags.readFromStream(s) at 159
08-21 00:11:45.495 I/HalDevMgr(  642): bestIfaceCreationProposal is null, requestIface=STA, existingIface=[name=wlan0 type=STA]
08-21 00:11:45.496 D/IpClient/wlan0(  999): interfaceLinkStateChanged: ifindex 16 up
08-21 00:11:45.500 D/IpClient/wlan0(  999): interfaceLinkStateChanged: ifindex 16 up
08-21 00:11:46.305 I/AlarmManager( 1285): setExactAndAllowWhileIdle [name: FcmRetry type: 2 triggerAtMillis: 11262243]
08-21 00:11:46.307 V/GrammaticalInflectionUtils(  642): AttributionSource: android.content.AttributionSource@e8567d59 does not have READ_SYSTEM_GRAMMATICAL_GENDER permission.
08-21 00:11:46.311 D/Zygote  (  429): Forked child process 15134
--------- beginning of system
08-21 00:11:46.312 I/ActivityManager(  642): Start proc 15134:com.izzes.nears/u0a252 for broadcast {com.izzes.nears/io.flutter.plugins.firebase.messaging.FlutterFirebaseMessagingReceiver}
08-21 00:11:46.313 I/libprocessgroup(15134): Created cgroup /sys/fs/cgroup/apps/uid_10252/pid_15134
08-21 00:11:46.329 I/Zygote  (15134): Process 15134 created for com.izzes.nears
08-21 00:11:46.329 I/com.izzes.nears(15134): Late-enabling -Xcheck:jni
08-21 00:11:46.334 I/com.izzes.nears(15134): Using generational CollectorTypeCMC GC.
08-21 00:11:46.335 I/adbd    (  479): jdwp connection from 15134
08-21 00:11:46.338 D/nativeloader(15134): Load libframework-connectivity-tiramisu-jni.so using APEX ns com_android_tethering for caller /apex/com.android.tethering/javalib/framework-connectivity-t.jar: ok
08-21 00:11:46.351 D/ApplicationLoaders(15134): Returning zygote-cached class loader: /system/framework/org.apache.http.legacy.jar
08-21 00:11:46.351 D/ApplicationLoaders(15134): Returning zygote-cached class loader: /system_ext/framework/androidx.window.extensions.jar
08-21 00:11:46.351 D/ApplicationLoaders(15134): Returning zygote-cached class loader: /system_ext/framework/androidx.window.sidecar.jar
08-21 00:11:46.556 D/nativeloader(15134): Configuring clns-9 for other apk /data/app/~~KhkoGxgWleXvanC1r0ezhg==/com.izzes.nears-VjQRwXFlvZaTMRoqdNXDPg==/base.apk. target_sdk_version=36, uses_libraries=, library_path=/data/app/~~KhkoGxgWleXvanC1r0ezhg==/com.izzes.nears-VjQRwXFlvZaTMRoqdNXDPg==/lib/arm64:/data/app/~~KhkoGxgWleXvanC1r0ezhg==/com.izzes.nears-VjQRwXFlvZaTMRoqdNXDPg==/base.apk!/lib/arm64-v8a, permitted_path=/data:/mnt/expand:/data/user/0/com.izzes.nears
08-21 00:11:46.560 V/GraphicsEnvironment(15134): Currently set values for:
08-21 00:11:46.560 V/GraphicsEnvironment(15134):   angle_gl_driver_selection_pkgs=[]
08-21 00:11:46.560 V/GraphicsEnvironment(15134):   angle_gl_driver_selection_values=[]
08-21 00:11:46.560 V/GraphicsEnvironment(15134): com.izzes.nears is not listed in per-application setting
08-21 00:11:46.561 V/GraphicsEnvironment(15134): No special selections for ANGLE, returning default driver choice
08-21 00:11:46.562 V/GraphicsEnvironment(15134): Neither updatable production driver nor prerelease driver is supported.
08-21 00:11:46.566 W/FirebaseApp(15134): Default FirebaseApp failed to initialize because no default options were found. This usually means that com.google.gms:google-services was not applied to your gradle project.
08-21 00:11:46.566 I/FirebaseInitProvider(15134): FirebaseApp initialization unsuccessful
08-21 00:11:46.566 D/FLTFireContextHolder(15134): received application context.
08-21 00:11:46.589 W/com.facebook.UserSettingsManager(15134): You haven't set a value for AdvertiserIDCollectionEnabled. Set the flag to TRUE if you want to collect Advertiser ID for better advertising and analytics results. To request user consent before collecting data, set the flag value to FALSE, then change to TRUE once user consent is received. Learn more: https://developers.facebook.com/docs/app-events/getting-started-app-events-android#disable-auto-events.
08-21 00:11:46.598 W/com.facebook.internal.NativeProtocol(15134): Apps that target Android API 30+ (Android 11+) cannot call Facebook native apps unless the package visibility needs are declared. Please follow https://developers.facebook.com/docs/android/troubleshooting/#faq_267321845055988 to make the declaration.
08-21 00:11:46.605 D/FLTFireMsgReceiver(15134): broadcast received for message
08-21 00:11:46.621 W/JobInfo (15134): Job 'com.izzes.nears/io.flutter.plugins.firebase.messaging.FlutterFirebaseMessagingBackgroundService#2020' has a deadline with no functional constraints. The deadline won't improve job execution latency. Consider removing the deadline.
08-21 00:11:46.621 W/JobInfo (  642): Job 'com.izzes.nears/io.flutter.plugins.firebase.messaging.FlutterFirebaseMessagingBackgroundService#2020' has a deadline with no functional constraints. The deadline won't improve job execution latency. Consider removing the deadline.
08-21 00:11:46.635 I/DisplayManager(15134): Implicitly registering for refresh rate
08-21 00:11:46.636 D/FlutterJNI(15134): Beginning load of flutter...
08-21 00:11:46.637 I/ResourceExtractor(15134): Found extracted resources res_timestamp-3-1787255979667
08-21 00:11:46.638 I/FLTFireMsgService(15134): Service has not yet started, messages will be queued.
08-21 00:11:46.639 D/nativeloader(15134): Load /data/app/~~KhkoGxgWleXvanC1r0ezhg==/com.izzes.nears-VjQRwXFlvZaTMRoqdNXDPg==/lib/arm64/libflutter.so using class loader ns clns-9 (caller=/data/app/~~KhkoGxgWleXvanC1r0ezhg==/com.izzes.nears-VjQRwXFlvZaTMRoqdNXDPg==/base.apk!classes22.dex): ok
08-21 00:11:46.639 D/FlutterJNI(15134): flutter (null) was loaded normally!
08-21 00:11:46.642 D/FileUtils(  642): Rounded bytes from 3155017728 to 4000000000
08-21 00:11:46.647 I/FLTFireBGExecutor(15134): Creating background FlutterEngine instance.
08-21 00:11:46.647 E/FirebaseMessaging(15134): Default FirebaseApp has not been initialized. Skip logging event to GA.
08-21 00:11:46.647 I/FirebaseMessaging(15134): FirebaseApp has not being initialized. Device might be in direct boot mode. Skip exporting delivery metrics to Big Query
08-21 00:11:46.648 W/FirebaseMessaging(15134): Notification Channel requested (6ammart) has not been created by the app. Manifest configuration, or default, value will be used.
08-21 00:11:46.648 W/FirebaseMessaging(15134): Missing Default Notification Channel metadata in AndroidManifest. Default value will be used.
08-21 00:11:46.651 W/com.izzes.nears(15134): type=1400 audit(0.0:159): avc:  denied  { read } for  name="max_map_count" dev="proc" ino=26028 scontext=u:r:untrusted_app_34:s0:c252,c256,c512,c768 tcontext=u:object_r:proc_max_map_count:s0 tclass=file permissive=0 app=com.izzes.nears
08-21 00:11:46.684 I/GFXSTREAM(15134): [eglDisplay.cpp(297)] Opening libGLESv1_CM_emulation.so
08-21 00:11:46.684 I/GFXSTREAM(15134): [eglDisplay.cpp(297)] Opening libGLESv2_emulation.so
08-21 00:11:46.687 W/libc    (15134): Access denied finding property "vendor.mesa.virtgpu.kumquat"
08-21 00:11:46.689 I/DynamiteModule(15134): Considering local module com.google.android.gms.measurement.dynamite:185 and remote module com.google.android.gms.measurement.dynamite:202
08-21 00:11:46.689 I/DynamiteModule(15134): Selected remote version of com.google.android.gms.measurement.dynamite, version >= 202
08-21 00:11:46.689 V/DynamiteModule(15134): Dynamite loader version >= 2, using loadModule2NoCrashUtils
08-21 00:11:46.693 W/System  (15134): ClassLoader referenced unknown path: 
08-21 00:11:46.693 D/nativeloader(15134): Configuring clns-10 for other apk . target_sdk_version=37, uses_libraries=, library_path=/data/app/~~2fXQ6-xyEWEbual6_5Wrig==/com.google.android.gms-_SBUxIWyP-163dk_5Uqnhw==/lib/arm64:/data/app/~~2fXQ6-xyEWEbual6_5Wrig==/com.google.android.gms-_SBUxIWyP-163dk_5Uqnhw==/base.apk!/lib/arm64-v8a, permitted_path=/data:/mnt/expand:/data/user/0/com.google.android.gms
08-21 00:11:46.693 I/flutter (15134): [IMPORTANT:flutter/shell/platform/android/android_context_gl_impeller.cc(104)] Using the Impeller rendering backend (OpenGLES).
08-21 00:11:46.694 W/libc    (15134): Access denied finding property "vendor.mesa.virtgpu.kumquat"
08-21 00:11:46.698 D/DesktopExperienceFlags(15134): Toggle override initialized to: false
08-21 00:11:46.715 I/com.izzes.nears(15134): hiddenapi: Accessing hidden method Ldalvik/system/VMStack;->getStackClass2()Ljava/lang/Class; (runtime_flags=0, domain=core-platform, api=unsupported) from Lm7/aqg; (domain=app, TargetSdkVersion=36) using reflection: allowed
08-21 00:11:46.716 I/PhenotypeResourceReader( 1285): unable to find any Phenotype resource metadata for com.izzes.nears
08-21 00:11:46.718 I/flutter (15134): The Dart VM service is listening on http://127.0.0.1:39705/6nO2YYUv7EU=/
08-21 00:11:46.719 D/FLTFireContextHolder(15134): received application context.
08-21 00:11:46.724 E/com.izzes.nears(15134): No package ID 6a found for resource ID 0x6a0b0013.
08-21 00:11:46.725 I/FA      (15134): App measurement initialized, version: 178008
08-21 00:11:46.725 I/FA      (15134): To enable debug logging run: adb shell setprop log.tag.FA VERBOSE
08-21 00:11:46.725 I/FA      (15134): To enable faster debug mode event logging run:
08-21 00:11:46.725 I/FA      (15134):   adb shell setprop debug.firebase.analytics.app com.izzes.nears
08-21 00:11:46.727 E/FA      (15134): Missing google_app_id. Firebase Analytics disabled. See https://goo.gl/NAOOOI
08-21 00:11:46.727 E/FA      (15134): Uploading is not possible. App measurement disabled
08-21 00:11:46.736 D/nativeloader(15134): Load /data/app/~~KhkoGxgWleXvanC1r0ezhg==/com.izzes.nears-VjQRwXFlvZaTMRoqdNXDPg==/lib/arm64/libdartjni.so using class loader ns clns-9 (caller=/data/app/~~KhkoGxgWleXvanC1r0ezhg==/com.izzes.nears-VjQRwXFlvZaTMRoqdNXDPg==/base.apk!classes12.dex): ok
08-21 00:11:46.855 D/RingtonePlayer(  894): playAsync(uri=content://settings/system/notification_sound, user=UserHandle{0})
08-21 00:11:46.855 D/RingtonePlayer(  894): play uri=content://settings/system/notification_sound
08-21 00:11:46.855 V/NotificationHistory(  642): Attempted to add notif for locked/gone/disabled user 0
08-21 00:11:46.855 D/RingtonePlayer(  894): RemoveFirst
08-21 00:11:46.855 D/RingtonePlayer(  894): PLAY
08-21 00:11:46.855 D/RingtonePlayer(  894): startSound()
08-21 00:11:46.855 D/RingtonePlayer(  894): in run: new looper Looper (Thread-17, tid 139) {bd6dce}
08-21 00:11:46.858 W/AiAiEcho( 1655): LyftNotificationParser Ridesharing ETA not enabled
08-21 00:11:46.858 I/AiAiEcho( 1655): SmartspaceNotificationPredictor no parser can handle this notification or notification is invalid
08-21 00:11:46.859 D/NuPlayerDriver(  531): NuPlayerDriver(0xb4007ce78c0207d0) created, clientPid(894)
08-21 00:11:46.859 I/hwservicemanager(  288): getTransport: Cannot find entry android.hardware.media.omx@1.0::IOmx/default in either framework or device VINTF manifest.
08-21 00:11:46.859 D/MediaPlayerService(  531): OMX service is not available
08-21 00:11:46.861 W/mediaserver(  531): AIBinder_linkToDeath is being called with a non-null cookie and no onUnlink callback set. Use AIBinder_DeathRecipient_setOnUnlinked to manage the lifetime of the cookie. This will become an abort.
08-21 00:11:46.861 W/mediaserver(  531): AIBinder_linkToDeath is being called with a non-null cookie and no onUnlink callback set. Use AIBinder_DeathRecipient_setOnUnlinked to manage the lifetime of the cookie. This will become an abort.
08-21 00:11:46.863 D/GenericSource(  531): FileSource remote
08-21 00:11:46.866 D/RingtonePlayer(  894): requesting AudioFocus
08-21 00:11:46.870 I/MediaFocusControl(  642): requestAudioFocus() from uid/pid 10195/894 AA=USAGE_NOTIFICATION/CONTENT_TYPE_SONIFICATION clientId=android.media.AudioManager@913de94 callingPack=com.android.systemui req=3 flags=0x0 sdk=37
08-21 00:11:46.870 I/AS.FadeOutManager(  642): unfadeOutUid() uid:10195
08-21 00:11:46.870 D/RingtonePlayer(  894): notification will be delayed by 500ms
08-21 00:11:46.894 W/skia    (  477): AGTM parsing failed flags.readFromStream(s) at 159
08-21 00:11:46.894 W/skia    (  477): AGTM parsing failed flags.readFromStream(s) at 159
08-21 00:11:46.938 I/wpa_supplicant(  880): wlan0: CTRL-EVENT-BEACON-LOSS 
08-21 00:11:46.995 W/skia    (  477): AGTM parsing failed flags.readFromStream(s) at 159
08-21 00:11:46.995 W/skia    (  477): AGTM parsing failed flags.readFromStream(s) at 159
08-21 00:11:47.064 D/FlutterGeolocator(15134): Creating service.
08-21 00:11:47.064 D/FlutterGeolocator(15134): Binding to location service.
08-21 00:11:47.066 I/FLTFireMsgService(15134): FlutterFirebaseMessagingBackgroundService started!
08-21 00:11:47.073 I/flutter (15134): [INFO] msg="FCM background message type=add_fund"
08-21 00:11:47.076 D/FlutterGeolocator(15134): Geolocator foreground service connected
08-21 00:11:47.076 D/FlutterGeolocator(15134): Initializing Geolocator services
08-21 00:11:47.076 D/FlutterGeolocator(15134): Flutter engine connected. Connected engine count 1
08-21 00:11:47.095 W/skia    (  477): AGTM parsing failed flags.readFromStream(s) at 159
08-21 00:11:47.095 W/skia    (  477): AGTM parsing failed flags.readFromStream(s) at 159
08-21 00:11:47.196 W/skia    (  477): AGTM parsing failed flags.readFromStream(s) at 159
08-21 00:11:47.197 W/skia    (  477): AGTM parsing failed flags.readFromStream(s) at 159
08-21 00:11:47.299 W/skia    (  477): AGTM parsing failed flags.readFromStream(s) at 159
08-21 00:11:47.299 W/skia    (  477): AGTM parsing failed flags.readFromStream(s) at 159
08-21 00:11:47.375 D/RingtonePlayer(  894): player.start piid:95
08-21 00:11:47.375 I/GenericSource(  531): start
08-21 00:11:47.376 D/MediaRouter(  894): onRestoreRoute() : route=RouteInfo{ name=Phone, description=null, status=null, category=RouteCategory{ name=System types=ROUTE_TYPE_LIVE_AUDIO ROUTE_TYPE_LIVE_VIDEO  groupable=false }, supportedTypes=ROUTE_TYPE_LIVE_AUDIO ROUTE_TYPE_LIVE_VIDEO , presentationDisplay=null }
08-21 00:11:47.376 V/MediaRouter(  894): Selecting route: RouteInfo{ name=Phone, description=null, status=null, category=RouteCategory{ name=System types=ROUTE_TYPE_LIVE_AUDIO ROUTE_TYPE_LIVE_VIDEO  groupable=false }, supportedTypes=ROUTE_TYPE_LIVE_AUDIO ROUTE_TYPE_LIVE_VIDEO , presentationDisplay=null }
08-21 00:11:47.377 I/MediaCodec(  531): Retry enabled for HDCP failure
08-21 00:11:47.379 W/mediaserver(  531): Failed to query component store for system resources: 6
08-21 00:11:47.379 D/CCodec  (  531): allocate(c2.android.vorbis.decoder)
08-21 00:11:47.380 I/CCodec  (  531): setting up 'default' as default (vendor) store
08-21 00:11:47.382 I/libbinder.BpBinder(  534): onLastStrongRef automatically unlinking death recipients for binder (0xb4007ee31600ec00) with descriptor: 'android.hardware.media.bufferpool2.IAccessor'
08-21 00:11:47.382 D/AidlBufferPool(  531): bufferpool2 0xb4007ce6ec007ee8 : 0(0 size) total buffers - 0(0 size) used buffers - 95/103 (recycle/alloc) - 8/198 (fetch/transfer)
08-21 00:11:47.382 D/AidlBufferPool(  531): Destruction - bufferpool2 0xb4007ce6ec007ee8 cached: 0/0M, 0/0% in use; allocs: 103, 92% recycled; transfers: 198, 96% unfetched
08-21 00:11:47.383 W/mediaserver(  531): AIBinder_linkToDeath is being called with a non-null cookie and no onUnlink callback set. Use AIBinder_DeathRecipient_setOnUnlinked to manage the lifetime of the cookie. This will become an abort.
08-21 00:11:47.383 I/CCodec  (  531): Created component [c2.android.vorbis.decoder] for [c2.android.vorbis.decoder]
08-21 00:11:47.384 D/CCodecConfig(  531): read media type: audio/vorbis
08-21 00:11:47.388 D/ReflectedParamUpdater(  531): extent() != 1 for single value type: algo.buffers.max-count.values
08-21 00:11:47.388 D/ReflectedParamUpdater(  531): extent() != 1 for single value type: output.subscribed-indices.values
08-21 00:11:47.388 D/ReflectedParamUpdater(  531): extent() != 1 for single value type: input.buffers.allocator-ids.values
08-21 00:11:47.389 D/ReflectedParamUpdater(  531): extent() != 1 for single value type: output.buffers.allocator-ids.values
08-21 00:11:47.389 D/ReflectedParamUpdater(  531): extent() != 1 for single value type: algo.buffers.allocator-ids.values
08-21 00:11:47.389 D/ReflectedParamUpdater(  531): extent() != 1 for single value type: output.buffers.pool-ids.values
08-21 00:11:47.390 D/ReflectedParamUpdater(  531): extent() != 1 for single value type: algo.buffers.pool-ids.values
08-21 00:11:47.392 I/CCodecConfig(  531): query failed after returning 8 values (BAD_INDEX)
08-21 00:11:47.392 D/CCodecConfig(  531): c2 config diff is Dict {
08-21 00:11:47.392 D/CCodecConfig(  531):   c2::u32 coded.bitrate.value = 64000
08-21 00:11:47.392 D/CCodecConfig(  531):   c2::u32 input.buffers.max-size.value = 32768
08-21 00:11:47.392 D/CCodecConfig(  531):   c2::u32 input.delay.value = 0
08-21 00:11:47.392 D/CCodecConfig(  531):   string input.media-type.value = "audio/vorbis"
08-21 00:11:47.392 D/CCodecConfig(  531):   c2::u32 output.large-frame.max-size = 0
08-21 00:11:47.392 D/CCodecConfig(  531):   c2::u32 output.large-frame.threshold-size = 0
08-21 00:11:47.392 D/CCodecConfig(  531):   string output.media-type.value = "audio/raw"
08-21 00:11:47.392 D/CCodecConfig(  531):   c2::u32 raw.channel-count.value = 1
08-21 00:11:47.392 D/CCodecConfig(  531):   c2::u32 raw.sample-rate.value = 48000
08-21 00:11:47.392 D/CCodecConfig(  531): }
08-21 00:11:47.392 I/MediaCodec(  531): media_quality service unavailable, skipping updatePictureProfile
08-21 00:11:47.392 D/CCodec  (  531): [c2.android.vorbis.decoder] buffers are bound to CCodec for this session
08-21 00:11:47.392 D/CCodecConfig(  531): no c2 equivalents for durationUs
08-21 00:11:47.392 D/CCodecConfig(  531): no c2 equivalents for csd-1
08-21 00:11:47.392 D/CCodecConfig(  531): no c2 equivalents for flags
08-21 00:11:47.393 D/CCodecConfig(  531): c2 config diff is   c2::u32 coded.bitrate.value = 70000
08-21 00:11:47.394 D/CCodec  (  531): encoding statistics level = 0
08-21 00:11:47.394 D/CCodec  (  531): setup formats input: AMessage(what = 0x00000000) = {
08-21 00:11:47.394 D/CCodec  (  531):   int32_t bitrate = 70000
08-21 00:11:47.394 D/CCodec  (  531):   int32_t channel-count = 1
08-21 00:11:47.394 D/CCodec  (  531):   int32_t max-input-size = 32768
08-21 00:11:47.394 D/CCodec  (  531):   string mime = "audio/vorbis"
08-21 00:11:47.394 D/CCodec  (  531):   int32_t sample-rate = 48000
08-21 00:11:47.394 D/CCodec  (  531): }
08-21 00:11:47.394 D/CCodec  (  531): setup formats output: AMessage(what = 0x00000000) = {
08-21 00:11:47.394 D/CCodec  (  531):   int32_t buffer-batch-max-output-size = 0
08-21 00:11:47.394 D/CCodec  (  531):   int32_t buffer-batch-threshold-output-size = 0
08-21 00:11:47.394 D/CCodec  (  531):   int32_t channel-count = 1
08-21 00:11:47.394 D/CCodec  (  531):   string mime = "audio/raw"
08-21 00:11:47.394 D/CCodec  (  531):   int32_t sample-rate = 48000
08-21 00:11:47.394 D/CCodec  (  531):   int32_t channel-mask = 1
08-21 00:11:47.394 D/CCodec  (  531):   int32_t android._config-pcm-encoding = 2
08-21 00:11:47.394 D/CCodec  (  531): }
08-21 00:11:47.394 I/CCodecConfig(  531): query failed after returning 8 values (BAD_INDEX)
08-21 00:11:47.395 E/mediaserver(  531): Failed to query component interface for required system resources: 6
08-21 00:11:47.395 I/MediaCodec(  531): MediaCodec will operate in async mode
08-21 00:11:47.396 D/MediaCodec(  531): keep callback message for reclaim
08-21 00:11:47.397 I/libbinder.BpBinder(  531): onLastStrongRef automatically unlinking death recipients for binder (0xb4007ce73c024600) with descriptor: 'android.hardware.media.bufferpool2.IAccessor'
08-21 00:11:47.397 D/CCodecBufferChannel(  531): [c2.android.vorbis.decoder#386] Created input block pool with allocatorID 16 => poolID 25 - OK (0)
08-21 00:11:47.397 D/AidlBufferPool(  534): bufferpool2 0xb4007ee44601b668 : 0(0 size) total buffers - 0(0 size) used buffers - 86/97 (recycle/alloc) - 11/96 (fetch/transfer)
08-21 00:11:47.397 D/AidlBufferPool(  534): Destruction - bufferpool2 0xb4007ee44601b668 cached: 0/0M, 0/0% in use; allocs: 97, 89% recycled; transfers: 96, 89% unfetched
08-21 00:11:47.399 I/CCodecBufferChannel(  531): [c2.android.vorbis.decoder#386] Created output block pool with allocatorID 16 => poolID 52 - OK
08-21 00:11:47.399 D/CCodecBufferChannel(  531): [c2.android.vorbis.decoder#386] Configured output block pool ids 52 => OK
08-21 00:11:47.399 E/Codec2-ComponentInterface(  534): We have a failed config
08-21 00:11:47.400 D/SimpleC2Component(  534): Using output block pool with poolID 52 => got 52 - 0
08-21 00:11:47.401 W/mediaswcodec(  534): AIBinder_linkToDeath is being called with a non-null cookie and no onUnlink callback set. Use AIBinder_DeathRecipient_setOnUnlinked to manage the lifetime of the cookie. This will become an abort.
08-21 00:11:47.401 W/mediaserver(  531): AIBinder_linkToDeath is being called with a non-null cookie and no onUnlink callback set. Use AIBinder_DeathRecipient_setOnUnlinked to manage the lifetime of the cookie. This will become an abort.
08-21 00:11:47.404 W/mediaserver(  531): AIBinder_linkToDeath is being called with a non-null cookie and no onUnlink callback set. Use AIBinder_DeathRecipient_setOnUnlinked to manage the lifetime of the cookie. This will become an abort.
08-21 00:11:47.404 W/mediaswcodec(  534): AIBinder_linkToDeath is being called with a non-null cookie and no onUnlink callback set. Use AIBinder_DeathRecipient_setOnUnlinked to manage the lifetime of the cookie. This will become an abort.
08-21 00:11:47.406 D/AudioFlinger(  473): Client defaulted notificationFrames to 12512 for frameCount 25024
08-21 00:11:47.406 I/AF::AfPlaybackCommon(  473): AfPlaybackCommon: creating track with enforcement level 0 reason PRIVILEGED_APP shouldHarden 1
08-21 00:11:47.439 E/AppOps  (  642): attributionTag  not declared in manifest of com.android.systemui
08-21 00:11:47.439 E/AppOps  (  642): attributionTag  not declared in manifest of com.android.systemui
08-21 00:11:47.440 D/AudioTrack(  531): getTimestamp_l(24): device stall time corrected using current time 11143378194021
08-21 00:11:47.441 D/MediaPlayerService(  531): onAudioDeviceUpdate deviceIds: 2
08-21 00:11:47.446 D/android.hardware.audio@7.1-impl.ranchu(  432): 544 frames of silence written
08-21 00:11:47.447 D/android.hardware.audio@7.1-impl.ranchu(  432): 544 frames of silence written
08-21 00:11:47.459 D/android.hardware.audio@7.1-impl.ranchu(  432): 544 frames of silence written
08-21 00:11:47.532 D/AudioFlinger(  473): mixer(0xb4007f86d295f790) throttle end: throttle time(35)
08-21 00:11:47.645 W/AudioTrackShared(  473): releaseBuffer: dropped wake
08-21 00:11:48.501 I/HalDevMgr(  642): bestIfaceCreationProposal is null, requestIface=STA, existingIface=[name=wlan0 type=STA]
08-21 00:11:48.539 D/CCodecBuffers(  531): [c2.android.vorbis.decoder#386:1D-Output] received null buffer
08-21 00:11:48.539 D/CCodecBufferChannel(  531): [c2.android.vorbis.decoder#386] buffers after EOS ignored (0 us)
08-21 00:11:48.540 D/CCodecBufferChannel(  531): [c2.android.vorbis.decoder#386] buffers after EOS ignored (0 us)
08-21 00:11:48.717 I/adbd    (  479): adbd service requested 'shell,v2,TERM=xterm-256color,raw:pidof com.izzes.nears'
08-21 00:11:48.801 D/AudioTrack(  531): stop(24): called with 82980 frames delivered
08-21 00:11:48.801 E/AppOps  (  642): attributionTag  not declared in manifest of com.android.systemui
08-21 00:11:48.802 E/AppOps  (  642): attributionTag  not declared in manifest of com.android.systemui
08-21 00:11:49.192 D/RingtonePlayer(  894): onCompletion() abandoning AudioFocus
08-21 00:11:49.192 I/MediaFocusControl(  642): abandonAudioFocus() from uid/pid 10195/894 clientId=android.media.AudioManager@913de94 callingPack=com.android.systemui
08-21 00:11:49.192 D/RingtonePlayer(  894): onCompletion queue size=0
08-21 00:11:49.192 D/RingtonePlayer(  894): in onCompletion quitting looper Looper (Thread-17, tid 139) {bd6dce}
08-21 00:11:49.192 I/NotificationPlayer(  894): About to release MediaPlayer piid:95 due to onCompletion
08-21 00:11:49.192 V/MediaPlayer(  894): resetDrmState:  mDrmInfo=null mDrmProvisioningThread=null mPrepareDrmInProgress=false mActiveDrmScheme=false
08-21 00:11:49.192 V/MediaPlayer(  894): cleanDrmObj: mDrmObj=null mDrmSessionId=null
08-21 00:11:49.192 D/NuPlayerDriver(  531): reset(0xb4007ce78c0207d0) at state 6
08-21 00:11:49.193 D/CCodec  (  531): hold CodecLooper(1) until release
08-21 00:11:49.194 I/libbinder.BpBinder(  534): onLastStrongRef automatically unlinking death recipients for binder (0xb4007ee31600d1e0) with descriptor: 'android.hardware.media.bufferpool2.IClientManager'
08-21 00:11:49.195 D/AidlBufferPool(  534): Destruction - bufferpool2 0xb4007ee446019cf8 cached: 0/0M, 0/0% in use; allocs: 0, 0% recycled; transfers: 0, 0% unfetched
08-21 00:11:49.196 D/NuPlayerDriver(  531): notifyResetComplete(0xb4007ce78c0207d0)
08-21 00:11:49.197 W/AMessage(  531): failed to post message as target looper for handler 0 is gone.
08-21 00:11:49.254 I/APM_AudioPolicyManager(  473): getNewOutputDevices io 13 recent device override {AUDIO_DEVICE_OUT_SPEAKER, @:}
08-21 00:11:51.457 D/ActivityManager(  642): freezing 2258 com.google.android.apps.messaging
08-21 00:11:51.508 I/HalDevMgr(  642): bestIfaceCreationProposal is null, requestIface=STA, existingIface=[name=wlan0 type=STA]
08-21 00:11:51.510 D/IpClient/wlan0(  999): interfaceLinkStateChanged: ifindex 16 up
08-21 00:11:51.512 D/IpClient/wlan0(  999): interfaceLinkStateChanged: ifindex 16 up
08-21 00:11:52.065 D/InetDiagMessage(  642): Destroyed 0 sockets, proto=IPPROTO_TCP, family=AF_INET, states=14
08-21 00:11:52.065 D/InetDiagMessage(  642): Destroyed 0 sockets, proto=IPPROTO_TCP, family=AF_INET6, states=14
08-21 00:11:52.066 D/InetDiagMessage(  642): Destroyed live tcp sockets for uids={10252} in 0ms
08-21 00:11:52.066 D/InetDiagMessage(  642): Destroyed 0 sockets, proto=IPPROTO_TCP, family=AF_INET, states=14
08-21 00:11:52.066 D/InetDiagMessage(  642): Destroyed 0 sockets, proto=IPPROTO_TCP, family=AF_INET6, states=14
08-21 00:11:52.066 D/InetDiagMessage(  642): Destroyed live tcp sockets for uids={20252} in 1ms
08-21 00:11:52.123 D/android.hardware.audio@7.1-impl.ranchu(  432): threadLoop: entering standby, frames: 7898880
08-21 00:11:52.123 D/android.hardware.audio@7.1-impl.ranchu(  432): ~TinyalsaSink: joining consumeThread
08-21 00:11:52.123 D/android.hardware.audio@7.1-impl.ranchu(  432): consumeThread: exiting
08-21 00:11:52.123 D/android.hardware.audio@7.1-impl.ranchu(  432): ~TinyalsaSink: stopping PCM stream
08-21 00:11:52.388 D/AidlBufferPoolAcc(  531): evictor expired: 1, evicted: 0
08-21 00:11:52.472 D/ProfileInstaller(15134): Installing profile for com.izzes.nears
08-21 00:11:52.995 D/SatelliteController( 1028): isInCarrierRoamingNbIotNtn: satellite is disabled
08-21 00:11:52.995 D/SatelliteController( 1028): getCarrierRoamingNtnConnectType: Checking connect type from PLMN config for subId: 1
08-21 00:11:52.995 D/TelephonyConfigUpdateInstallReceiver( 1028): getConfigParser: domain=satellite
08-21 00:11:52.995 V/SatelliteController( 1028): satelliteConfigParser is not ready
08-21 00:11:52.995 D/SatelliteController( 1028): isSatelliteAttachSupportedViaConfigupdater: return null (satelliteConfig is null)
08-21 00:11:52.995 W/libbinder.IPCThreadState(  642): Sending oneway calls to frozen process.
08-21 00:11:52.995 D/SatelliteController( 1028): getSatellitePerPlmnConfiguration: invalid subId or not supported via carrier.
08-21 00:11:52.995 D/SatelliteController( 1028): getCarrierRoamingNtnConnectType: config: null
08-21 00:11:52.995 D/TelephonyConfigUpdateInstallReceiver( 1028): getConfigParser: domain=satellite
08-21 00:11:52.995 V/SatelliteController( 1028): satelliteConfigParser is not ready
08-21 00:11:52.995 D/SatelliteController( 1028): getCarrierRoamingNtnConnectTypeViaConfigUpdater: return null (satelliteConfig is null)
08-21 00:11:52.995 D/SatelliteController( 1028): getCarrierRoamingNtnConnectType: Falling back to global carrier config connect type: 0
08-21 00:11:52.995 D/TelephonyConfigUpdateInstallReceiver( 1028): getConfigParser: domain=satellite
08-21 00:11:52.995 V/SatelliteController( 1028): satelliteConfigParser is not ready
08-21 00:11:52.995 D/SatelliteController( 1028): isSatelliteAttachSupportedViaConfigupdater: return null (satelliteConfig is null)
08-21 00:11:52.995 D/SatelliteController( 1028): getCarrierRoamingNtnConnectType: Checking connect type from PLMN config for subId: 1
08-21 00:11:52.995 D/TelephonyConfigUpdateInstallReceiver( 1028): getConfigParser: domain=satellite
08-21 00:11:52.995 V/SatelliteController( 1028): satelliteConfigParser is not ready
08-21 00:11:52.995 D/SatelliteController( 1028): isSatelliteAttachSupportedViaConfigupdater: return null (satelliteConfig is null)
08-21 00:11:52.995 D/SatelliteController( 1028): getSatellitePerPlmnConfiguration: invalid subId or not supported via carrier.
08-21 00:11:52.995 D/SatelliteController( 1028): getCarrierRoamingNtnConnectType: config: null
08-21 00:11:52.995 D/TelephonyConfigUpdateInstallReceiver( 1028): getConfigParser: domain=satellite
08-21 00:11:52.995 V/SatelliteController( 1028): satelliteConfigParser is not ready
08-21 00:11:52.995 D/SatelliteController( 1028): getCarrierRoamingNtnConnectTypeViaConfigUpdater: return null (satelliteConfig is null)
08-21 00:11:52.995 D/SatelliteController( 1028): getCarrierRoamingNtnConnectType: Falling back to global carrier config connect type: 0
08-21 00:11:52.995 D/TelephonyConfigUpdateInstallReceiver( 1028): getConfigParser: domain=satellite
08-21 00:11:52.995 V/SatelliteController( 1028): satelliteConfigParser is not ready
08-21 00:11:52.995 D/SatelliteController( 1028): isSatelliteAttachSupportedViaConfigupdater: return null (satelliteConfig is null)
08-21 00:11:53.390 D/AidlBufferPoolAcc(  534): evictor expired: 1, evicted: 0
08-21 00:11:54.391 D/AidlBufferPool(  534): bufferpool2 0xb4007ee44601f728 : 0(0 size) total buffers - 0(0 size) used buffers - 86/97 (recycle/alloc) - 11/96 (fetch/transfer)
08-21 00:11:54.391 D/AidlBufferPoolAcc(  534): evictor expired: 2, evicted: 1
08-21 00:11:54.392 D/AidlBufferPool(  531): bufferpool2 0xb4007ce6ec005548 : 0(0 size) total buffers - 0(0 size) used buffers - 95/103 (recycle/alloc) - 8/198 (fetch/transfer)
08-21 00:11:54.392 D/AidlBufferPoolAcc(  531): evictor expired: 1, evicted: 1
08-21 00:11:54.474 I/adbd    (  479): adbd service requested 'shell,v2,TERM=xterm-256color,raw:am kill com.izzes.nears'
08-21 00:11:54.482 I/ActivityManager(  642): Killing 15134:com.izzes.nears/u0a252 (adj 905): kill background
08-21 00:11:54.488 I/adbd    (  479): Remote process closed the socket (on MSG_PEEK)
08-21 00:11:54.488 I/Zygote  (  429): Process 15134 exited due to signal 9 (Killed)
08-21 00:11:54.488 V/ActivityManager(  642): Got obituary of 15134:com.izzes.nears
08-21 00:11:54.500 I/libprocessgroup(  642): Removed cgroup /sys/fs/cgroup/apps/uid_10252/pid_15134
08-21 00:11:54.509 I/HalDevMgr(  642): bestIfaceCreationProposal is null, requestIface=STA, existingIface=[name=wlan0 type=STA]
08-21 00:11:55.132 I/wpa_supplicant(  880): wlan0: CTRL-EVENT-BEACON-LOSS 
08-21 00:11:55.517 I/adbd    (  479): adbd service requested 'shell,v2,TERM=xterm-256color,raw:pidof com.izzes.nears'
08-21 00:11:56.312 D/BoundBrokerSvc( 1285): onRebind: Intent { act=com.google.android.gms.libs.gmscorelogger.service.START dat=chimera-action:/... xflg=0x4 cmp=com.google.android.gms/.chimera.PersistentDirectBootAwareApiService }
08-21 00:11:56.643 D/ActivityManager(  642): freezing 5388 com.google.android.gms
08-21 00:11:57.517 I/HalDevMgr(  642): bestIfaceCreationProposal is null, requestIface=STA, existingIface=[name=wlan0 type=STA]
08-21 00:11:57.524 D/IpClient/wlan0(  999): interfaceLinkStateChanged: ifindex 16 up
08-21 00:11:57.528 D/IpClient/wlan0(  999): interfaceLinkStateChanged: ifindex 16 up
08-21 00:11:58.232 I/adbd    (  479): adbd service requested 'shell,v2,TERM=xterm-256color,raw:cmd statusbar expand-notifications'
08-21 00:11:58.238 D/WindowOnBackDispatcher(  894): setTopOnBackInvokedCallback (unwrapped): com.android.systemui.back.domain.interactor.BackActionInteractor$callback$2@c2ace8f
08-21 00:11:58.238 D/CoreBackPreview(  642): Window{f5ef045 u0 NotificationShade}: Setting back callback OnBackInvokedCallbackInfo{mCallback=android.window.IOnBackInvokedCallback$Stub$Proxy@29af17c, mPriority=0, mIsAnimationCallback=false, mOverrideBehavior=0}
08-21 00:11:58.239 D/ShadeStatusBarComponentsInteractor#disableFlagsInteractor(  894): newValue: DisableFlagsModel(disable1=0, disable2=0, animate=true)
08-21 00:11:58.239 W/libbinder.IPCThreadState(  519): Sending oneway calls to frozen process.
08-21 00:11:58.241 D/WindowManager(  642): setClientSurface Surface(name=VRI-NotificationShade#83)/@0x374ca05 for f5ef045 NotificationShade
08-21 00:11:58.241 I/Surface (  894): Creating surface for consumer unnamed-894-37 with slotExpansion=1 for 64 slots
08-21 00:11:58.241 I/Surface (  894): Creating surface for consumer VRI[NotificationShade]#28(BLAST Consumer)28 with slotExpansion=1 for 64 slots
08-21 00:11:58.257 D/DeviceEntryIconViewBinder(  894): Initializing device entry fgIconView
08-21 00:11:58.260 D/BiometricService(  642): canAuthenticate: User=0, Caller=0, Authenticators=255
08-21 00:11:58.260 D/BiometricService/PreAuthInfo(  642): Package: com.android.systemui Sensor ID: 0 Modality: 2 User id: 0 Status: 7
08-21 00:11:58.260 D/BiometricService/PreAuthInfo(  642): getCanAuthenticateInternal Modality: 2 AuthenticatorStatus: 7
08-21 00:11:58.260 D/AuthService(  642): canAuthenticate, userId: 0, callingUserId: 0, authenticators: 255, result: 11
08-21 00:11:58.261 D/SystemServerTiming(  642): getUserSwitchability-0
08-21 00:11:58.261 D/SystemServerTiming(  642): getUserSwitchability-0
08-21 00:11:58.261 D/SystemServerTiming(  642): TM.isInCall
08-21 00:11:58.261 D/SystemServerTiming(  642): TM.isInCall
08-21 00:11:58.261 D/SystemServerTiming(  642): hasUserRestriction-DISALLOW_USER_SWITCH
08-21 00:11:58.261 D/SystemServerTiming(  642): getInt-ALLOW_USER_SWITCHING_WHEN_SYSTEM_USER_LOCKED
08-21 00:11:58.261 D/SystemServerTiming(  642): isUserUnlocked-USER_SYSTEM
08-21 00:11:58.261 D/SystemServerTiming(  642): hasUserRestriction-DISALLOW_USER_SWITCH
08-21 00:11:58.261 D/SystemServerTiming(  642): getInt-ALLOW_USER_SWITCHING_WHEN_SYSTEM_USER_LOCKED
08-21 00:11:58.261 D/SystemServerTiming(  642): isUserUnlocked-USER_SYSTEM
08-21 00:11:58.262 D/DLObserver(  894): add listener: com.android.systemui.dock.DockManagerExtensionsKt$retrieveIsDocked$1$callback$1@7ece193
08-21 00:11:58.262 D/DLObserver(  894): add listener: com.android.systemui.dock.DockManagerExtensionsKt$retrieveIsDocked$1$callback$1@74905d0
08-21 00:11:58.262 D/DLObserver(  894): add listener: com.android.systemui.dock.DockManagerExtensionsKt$retrieveIsDocked$1$callback$1@8bd09c9
08-21 00:11:58.262 D/DLObserver(  894): add listener: com.android.systemui.dock.DockManagerExtensionsKt$retrieveIsDocked$1$callback$1@bee98ce
08-21 00:11:58.262 D/ControlsListingControllerImpl(  894): Subscribing callback, service count: 0
08-21 00:11:58.263 D/DLObserver(  894): add listener: com.android.systemui.dock.DockManagerExtensionsKt$retrieveIsDocked$1$callback$1@47a03ef
08-21 00:11:58.263 D/DLObserver(  894): add listener: com.android.systemui.dock.DockManagerExtensionsKt$retrieveIsDocked$1$callback$1@f00aefc
08-21 00:11:58.263 D/ControlsListingControllerImpl(  894): Subscribing callback, service count: 0
08-21 00:11:58.263 D/ControlsListingControllerImpl(  894): Subscribing callback, service count: 0
08-21 00:11:58.264 E/QuickAccessWalletKeyguardQuickAffordanceConfig(  894): Wallet card retrieval error, message: "null"
08-21 00:11:58.265 E/QuickAccessWalletKeyguardQuickAffordanceConfig(  894): Wallet card retrieval error, message: "null"
08-21 00:11:58.266 E/QuickAccessWalletKeyguardQuickAffordanceConfig(  894): Wallet card retrieval error, message: "null"
08-21 00:11:58.274 D/RingtonePlayer(  894): stopAsync()
08-21 00:11:58.274 D/RingtonePlayer(  894): stop
08-21 00:11:58.275 D/RingtonePlayer(  894): RemoveFirst
08-21 00:11:58.275 D/RingtonePlayer(  894): STOP
08-21 00:11:58.275 W/RingtonePlayer(  894): STOP command without a player
08-21 00:11:58.277 W/skia    (  477): AGTM parsing failed flags.readFromStream(s) at 159
08-21 00:11:58.277 W/skia    (  477): AGTM parsing failed flags.readFromStream(s) at 159
08-21 00:11:58.279 D/DLObserver(  894): onDockEvent mDockState = 0
08-21 00:11:58.280 D/DLObserver(  894): onDockEvent mDockState = 0
08-21 00:11:58.280 D/DLObserver(  894): onDockEvent mDockState = 0
08-21 00:11:58.280 D/DLObserver(  894): onDockEvent mDockState = 0
08-21 00:11:58.280 D/DLObserver(  894): onDockEvent mDockState = 0
08-21 00:11:58.280 D/DLObserver(  894): onDockEvent mDockState = 0
08-21 00:11:58.312 D/DeviceEntryIconViewBinder(  894): Updating device entry icon image state ForegroundIconViewModel(type=UNLOCK, useAodVariant=false, tint=-2497793, padding=58)
08-21 00:11:58.325 W/BlurChoreographer(  894): Multiple blur values emitted in the same frame
08-21 00:11:58.327 D/BaseActivity( 1043): Launcher flags updated: [state_started|state_resumed|state_deferred_resumed|state_user_active] -[state_window_focused]
08-21 00:11:58.339 W/BlurChoreographer(  894): Multiple blur values emitted in the same frame
08-21 00:11:58.340 D/ShadeStatusBarComponentsInteractor#disableFlagsInteractor(  894): newValue: DisableFlagsModel(disable1=0, disable2=0, animate=false)
08-21 00:11:58.343 W/BlurChoreographer(  894): Multiple blur values emitted in the same frame
08-21 00:11:58.343 W/BlurChoreographer(  894): Multiple blur values emitted in the same frame
08-21 00:11:58.358 W/skia    (  477): AGTM parsing failed flags.readFromStream(s) at 159
08-21 00:11:58.358 W/skia    (  477): AGTM parsing failed flags.readFromStream(s) at 159
08-21 00:11:58.358 W/skia    (  477): AGTM parsing failed flags.readFromStream(s) at 159
08-21 00:11:58.358 W/skia    (  477): AGTM parsing failed flags.readFromStream(s) at 159
08-21 00:11:58.358 W/skia    (  477): AGTM parsing failed flags.readFromStream(s) at 159
08-21 00:11:58.358 W/skia    (  477): AGTM parsing failed flags.readFromStream(s) at 159
08-21 00:11:58.358 W/skia    (  477): AGTM parsing failed flags.readFromStream(s) at 159
08-21 00:11:58.358 W/BlurChoreographer(  894): Multiple blur values emitted in the same frame
08-21 00:11:58.361 W/BlurChoreographer(  894): Multiple blur values emitted in the same frame
08-21 00:11:58.361 W/BlurChoreographer(  894): Multiple blur values emitted in the same frame
08-21 00:11:58.374 W/skia    (  477): AGTM parsing failed flags.readFromStream(s) at 159
08-21 00:11:58.374 W/skia    (  477): AGTM parsing failed flags.readFromStream(s) at 159
08-21 00:11:58.374 W/skia    (  477): AGTM parsing failed flags.readFromStream(s) at 159
08-21 00:11:58.374 W/skia    (  477): AGTM parsing failed flags.readFromStream(s) at 159
08-21 00:11:58.374 W/skia    (  477): AGTM parsing failed flags.readFromStream(s) at 159
08-21 00:11:58.374 W/skia    (  477): AGTM parsing failed flags.readFromStream(s) at 159
08-21 00:11:58.374 W/skia    (  477): AGTM parsing failed flags.readFromStream(s) at 159
08-21 00:11:58.374 W/BlurChoreographer(  894): Multiple blur values emitted in the same frame
08-21 00:11:58.377 W/BlurChoreographer(  894): Multiple blur values emitted in the same frame
08-21 00:11:58.377 W/BlurChoreographer(  894): Multiple blur values emitted in the same frame
08-21 00:11:58.378 W/skia    (  477): AGTM parsing failed flags.readFromStream(s) at 159
08-21 00:11:58.378 W/skia    (  477): AGTM parsing failed flags.readFromStream(s) at 159
08-21 00:11:58.378 W/skia    (  477): AGTM parsing failed flags.readFromStream(s) at 159
08-21 00:11:58.389 W/skia    (  477): AGTM parsing failed flags.readFromStream(s) at 159
08-21 00:11:58.389 W/skia    (  477): AGTM parsing failed flags.readFromStream(s) at 159
08-21 00:11:58.389 W/skia    (  477): AGTM parsing failed flags.readFromStream(s) at 159
08-21 00:11:58.389 W/skia    (  477): AGTM parsing failed flags.readFromStream(s) at 159
08-21 00:11:58.389 W/skia    (  477): AGTM parsing failed flags.readFromStream(s) at 159
08-21 00:11:58.389 W/skia    (  477): AGTM parsing failed flags.readFromStream(s) at 159
08-21 00:11:58.389 W/skia    (  477): AGTM parsing failed flags.readFromStream(s) at 159
08-21 00:11:58.389 W/BlurChoreographer(  894): Multiple blur values emitted in the same frame
08-21 00:11:58.389 D/StatusBar##isHomeStatusBarAllowed(  894): newValue: false
08-21 00:11:58.389 D/StatusBar##canShowOngoingActivityChips(  894): newValue: false
08-21 00:11:58.390 D/StatusBar##chips(  894): newValue: Chips[allowed=false numChips=0]
08-21 00:11:58.392 W/BlurChoreographer(  894): Multiple blur values emitted in the same frame
08-21 00:11:58.392 W/BlurChoreographer(  894): Multiple blur values emitted in the same frame
08-21 00:11:58.407 W/skia    (  477): AGTM parsing failed flags.readFromStream(s) at 159
08-21 00:11:58.407 W/skia    (  477): AGTM parsing failed flags.readFromStream(s) at 159
08-21 00:11:58.407 W/skia    (  477): AGTM parsing failed flags.readFromStream(s) at 159
08-21 00:11:58.407 W/skia    (  477): AGTM parsing failed flags.readFromStream(s) at 159
08-21 00:11:58.407 W/BlurChoreographer(  894): Multiple blur values emitted in the same frame
08-21 00:11:58.407 W/skia    (  477): AGTM parsing failed flags.readFromStream(s) at 159
08-21 00:11:58.407 W/skia    (  477): AGTM parsing failed flags.readFromStream(s) at 159
08-21 00:11:58.407 W/skia    (  477): AGTM parsing failed flags.readFromStream(s) at 159
08-21 00:11:58.413 W/BlurChoreographer(  894): Multiple blur values emitted in the same frame
08-21 00:11:58.422 W/skia    (  477): AGTM parsing failed flags.readFromStream(s) at 159
08-21 00:11:58.422 W/skia    (  477): AGTM parsing failed flags.readFromStream(s) at 159
08-21 00:11:58.422 W/skia    (  477): AGTM parsing failed flags.readFromStream(s) at 159
08-21 00:11:58.422 W/skia    (  477): AGTM parsing failed flags.readFromStream(s) at 159
08-21 00:11:58.422 W/skia    (  477): AGTM parsing failed flags.readFromStream(s) at 159
08-21 00:11:58.422 W/skia    (  477): AGTM parsing failed flags.readFromStream(s) at 159
08-21 00:11:58.423 W/skia    (  477): AGTM parsing failed flags.readFromStream(s) at 159
08-21 00:11:58.423 W/BlurChoreographer(  894): Multiple blur values emitted in the same frame
08-21 00:11:58.443 W/skia    (  477): AGTM parsing failed flags.readFromStream(s) at 159
08-21 00:11:58.443 W/skia    (  477): AGTM parsing failed flags.readFromStream(s) at 159
08-21 00:11:58.443 W/skia    (  477): AGTM parsing failed flags.readFromStream(s) at 159
08-21 00:11:58.443 W/skia    (  477): AGTM parsing failed flags.readFromStream(s) at 159
08-21 00:11:58.443 W/skia    (  477): AGTM parsing failed flags.readFromStream(s) at 159
08-21 00:11:58.443 W/skia    (  477): AGTM parsing failed flags.readFromStream(s) at 159
08-21 00:11:58.443 W/skia    (  477): AGTM parsing failed flags.readFromStream(s) at 159
08-21 00:11:58.443 W/BlurChoreographer(  894): Multiple blur values emitted in the same frame
08-21 00:11:58.456 W/skia    (  477): AGTM parsing failed flags.readFromStream(s) at 159
08-21 00:11:58.456 W/skia    (  477): AGTM parsing failed flags.readFromStream(s) at 159
08-21 00:11:58.456 W/skia    (  477): AGTM parsing failed flags.readFromStream(s) at 159
08-21 00:11:58.456 W/skia    (  477): AGTM parsing failed flags.readFromStream(s) at 159
08-21 00:11:58.456 W/skia    (  477): AGTM parsing failed flags.readFromStream(s) at 159
08-21 00:11:58.456 W/skia    (  477): AGTM parsing failed flags.readFromStream(s) at 159
08-21 00:11:58.456 W/skia    (  477): AGTM parsing failed flags.readFromStream(s) at 159
08-21 00:11:58.456 W/BlurChoreographer(  894): Multiple blur values emitted in the same frame
08-21 00:11:58.479 W/skia    (  477): AGTM parsing failed flags.readFromStream(s) at 159
08-21 00:11:58.479 W/skia    (  477): AGTM parsing failed flags.readFromStream(s) at 159
08-21 00:11:58.479 W/skia    (  477): AGTM parsing failed flags.readFromStream(s) at 159
08-21 00:11:58.479 W/skia    (  477): AGTM parsing failed flags.readFromStream(s) at 159
08-21 00:11:58.479 W/skia    (  477): AGTM parsing failed flags.readFromStream(s) at 159
08-21 00:11:58.479 W/skia    (  477): AGTM parsing failed flags.readFromStream(s) at 159
08-21 00:11:58.479 W/skia    (  477): AGTM parsing failed flags.readFromStream(s) at 159
08-21 00:11:58.479 W/BlurChoreographer(  894): Multiple blur values emitted in the same frame
08-21 00:11:58.481 W/skia    (  477): AGTM parsing failed flags.readFromStream(s) at 159
08-21 00:11:58.481 W/skia    (  477): AGTM parsing failed flags.readFromStream(s) at 159
08-21 00:11:58.481 W/skia    (  477): AGTM parsing failed flags.readFromStream(s) at 159
08-21 00:11:58.492 W/skia    (  477): AGTM parsing failed flags.readFromStream(s) at 159
08-21 00:11:58.492 W/skia    (  477): AGTM parsing failed flags.readFromStream(s) at 159
08-21 00:11:58.492 W/skia    (  477): AGTM parsing failed flags.readFromStream(s) at 159
08-21 00:11:58.492 W/skia    (  477): AGTM parsing failed flags.readFromStream(s) at 159
08-21 00:11:58.492 W/skia    (  477): AGTM parsing failed flags.readFromStream(s) at 159
08-21 00:11:58.492 W/skia    (  477): AGTM parsing failed flags.readFromStream(s) at 159
08-21 00:11:58.492 W/skia    (  477): AGTM parsing failed flags.readFromStream(s) at 159
08-21 00:11:58.493 W/BlurChoreographer(  894): Multiple blur values emitted in the same frame
08-21 00:11:58.507 W/skia    (  477): AGTM parsing failed flags.readFromStream(s) at 159
08-21 00:11:58.507 W/skia    (  477): AGTM parsing failed flags.readFromStream(s) at 159
08-21 00:11:58.507 W/skia    (  477): AGTM parsing failed flags.readFromStream(s) at 159
08-21 00:11:58.507 W/BlurChoreographer(  894): Multiple blur values emitted in the same frame
08-21 00:11:58.507 W/skia    (  477): AGTM parsing failed flags.readFromStream(s) at 159
08-21 00:11:58.507 W/skia    (  477): AGTM parsing failed flags.readFromStream(s) at 159
08-21 00:11:58.507 W/skia    (  477): AGTM parsing failed flags.readFromStream(s) at 159
08-21 00:11:58.507 W/skia    (  477): AGTM parsing failed flags.readFromStream(s) at 159
08-21 00:11:58.524 W/skia    (  477): AGTM parsing failed flags.readFromStream(s) at 159
08-21 00:11:58.524 W/skia    (  477): AGTM parsing failed flags.readFromStream(s) at 159
08-21 00:11:58.524 W/skia    (  477): AGTM parsing failed flags.readFromStream(s) at 159
08-21 00:11:58.524 W/skia    (  477): AGTM parsing failed flags.readFromStream(s) at 159
08-21 00:11:58.524 W/skia    (  477): AGTM parsing failed flags.readFromStream(s) at 159
08-21 00:11:58.524 W/skia    (  477): AGTM parsing failed flags.readFromStream(s) at 159
08-21 00:11:58.524 W/skia    (  477): AGTM parsing failed flags.readFromStream(s) at 159
08-21 00:11:58.540 W/skia    (  477): AGTM parsing failed flags.readFromStream(s) at 159
08-21 00:11:58.540 W/skia    (  477): AGTM parsing failed flags.readFromStream(s) at 159
08-21 00:11:58.540 W/skia    (  477): AGTM parsing failed flags.readFromStream(s) at 159
08-21 00:11:58.540 W/skia    (  477): AGTM parsing failed flags.readFromStream(s) at 159
08-21 00:11:58.540 W/skia    (  477): AGTM parsing failed flags.readFromStream(s) at 159
08-21 00:11:58.540 W/skia    (  477): AGTM parsing failed flags.readFromStream(s) at 159
08-21 00:11:58.540 W/skia    (  477): AGTM parsing failed flags.readFromStream(s) at 159
08-21 00:11:58.540 W/BlurChoreographer(  894): Multiple blur values emitted in the same frame
08-21 00:11:58.557 W/skia    (  477): AGTM parsing failed flags.readFromStream(s) at 159
08-21 00:11:58.557 W/skia    (  477): AGTM parsing failed flags.readFromStream(s) at 159
08-21 00:11:58.557 W/skia    (  477): AGTM parsing failed flags.readFromStream(s) at 159
08-21 00:11:58.557 W/skia    (  477): AGTM parsing failed flags.readFromStream(s) at 159
08-21 00:11:58.557 W/skia    (  477): AGTM parsing failed flags.readFromStream(s) at 159
08-21 00:11:58.557 W/skia    (  477): AGTM parsing failed flags.readFromStream(s) at 159
08-21 00:11:58.557 W/skia    (  477): AGTM parsing failed flags.readFromStream(s) at 159
08-21 00:11:58.576 W/skia    (  477): AGTM parsing failed flags.readFromStream(s) at 159
08-21 00:11:58.576 W/skia    (  477): AGTM parsing failed flags.readFromStream(s) at 159
08-21 00:11:58.576 W/skia    (  477): AGTM parsing failed flags.readFromStream(s) at 159
08-21 00:11:58.576 W/skia    (  477): AGTM parsing failed flags.readFromStream(s) at 159
08-21 00:11:58.576 W/skia    (  477): AGTM parsing failed flags.readFromStream(s) at 159
08-21 00:11:58.576 W/skia    (  477): AGTM parsing failed flags.readFromStream(s) at 159
08-21 00:11:58.576 W/skia    (  477): AGTM parsing failed flags.readFromStream(s) at 159
08-21 00:11:58.576 W/BlurChoreographer(  894): Multiple blur values emitted in the same frame
08-21 00:11:58.581 W/skia    (  477): AGTM parsing failed flags.readFromStream(s) at 159
08-21 00:11:58.581 W/skia    (  477): AGTM parsing failed flags.readFromStream(s) at 159
08-21 00:11:58.581 W/skia    (  477): AGTM parsing failed flags.readFromStream(s) at 159
08-21 00:11:58.590 W/skia    (  477): AGTM parsing failed flags.readFromStream(s) at 159
08-21 00:11:58.590 W/skia    (  477): AGTM parsing failed flags.readFromStream(s) at 159
08-21 00:11:58.590 W/skia    (  477): AGTM parsing failed flags.readFromStream(s) at 159
08-21 00:11:58.590 W/skia    (  477): AGTM parsing failed flags.readFromStream(s) at 159
08-21 00:11:58.590 W/skia    (  477): AGTM parsing failed flags.readFromStream(s) at 159
08-21 00:11:58.590 W/skia    (  477): AGTM parsing failed flags.readFromStream(s) at 159
08-21 00:11:58.590 W/skia    (  477): AGTM parsing failed flags.readFromStream(s) at 159
08-21 00:11:58.607 W/skia    (  477): AGTM parsing failed flags.readFromStream(s) at 159
08-21 00:11:58.607 W/skia    (  477): AGTM parsing failed flags.readFromStream(s) at 159
08-21 00:11:58.607 W/skia    (  477): AGTM parsing failed flags.readFromStream(s) at 159
08-21 00:11:58.608 W/skia    (  477): AGTM parsing failed flags.readFromStream(s) at 159
08-21 00:11:58.608 W/skia    (  477): AGTM parsing failed flags.readFromStream(s) at 159
08-21 00:11:58.608 W/skia    (  477): AGTM parsing failed flags.readFromStream(s) at 159
08-21 00:11:58.608 W/skia    (  477): AGTM parsing failed flags.readFromStream(s) at 159
08-21 00:11:58.626 W/skia    (  477): AGTM parsing failed flags.readFromStream(s) at 159
08-21 00:11:58.626 W/skia    (  477): AGTM parsing failed flags.readFromStream(s) at 159
08-21 00:11:58.626 W/skia    (  477): AGTM parsing failed flags.readFromStream(s) at 159
08-21 00:11:58.626 W/skia    (  477): AGTM parsing failed flags.readFromStream(s) at 159
08-21 00:11:58.626 W/skia    (  477): AGTM parsing failed flags.readFromStream(s) at 159
08-21 00:11:58.626 W/skia    (  477): AGTM parsing failed flags.readFromStream(s) at 159
08-21 00:11:58.626 W/skia    (  477): AGTM parsing failed flags.readFromStream(s) at 159
08-21 00:11:58.628 W/BlurChoreographer(  894): Multiple blur values emitted in the same frame
08-21 00:11:58.641 W/skia    (  477): AGTM parsing failed flags.readFromStream(s) at 159
08-21 00:11:58.641 W/skia    (  477): AGTM parsing failed flags.readFromStream(s) at 159
08-21 00:11:58.641 W/skia    (  477): AGTM parsing failed flags.readFromStream(s) at 159
08-21 00:11:58.641 W/skia    (  477): AGTM parsing failed flags.readFromStream(s) at 159
08-21 00:11:58.641 W/skia    (  477): AGTM parsing failed flags.readFromStream(s) at 159
08-21 00:11:58.641 W/skia    (  477): AGTM parsing failed flags.readFromStream(s) at 159
08-21 00:11:58.641 W/skia    (  477): AGTM parsing failed flags.readFromStream(s) at 159
08-21 00:11:58.659 W/skia    (  477): AGTM parsing failed flags.readFromStream(s) at 159
08-21 00:11:58.659 W/skia    (  477): AGTM parsing failed flags.readFromStream(s) at 159
08-21 00:11:58.659 W/skia    (  477): AGTM parsing failed flags.readFromStream(s) at 159
08-21 00:11:58.659 W/skia    (  477): AGTM parsing failed flags.readFromStream(s) at 159
08-21 00:11:58.659 W/skia    (  477): AGTM parsing failed flags.readFromStream(s) at 159
08-21 00:11:58.659 W/skia    (  477): AGTM parsing failed flags.readFromStream(s) at 159
08-21 00:11:58.659 W/skia    (  477): AGTM parsing failed flags.readFromStream(s) at 159
08-21 00:11:58.673 W/skia    (  477): AGTM parsing failed flags.readFromStream(s) at 159
08-21 00:11:58.673 W/skia    (  477): AGTM parsing failed flags.readFromStream(s) at 159
08-21 00:11:58.673 W/skia    (  477): AGTM parsing failed flags.readFromStream(s) at 159
08-21 00:11:58.673 W/skia    (  477): AGTM parsing failed flags.readFromStream(s) at 159
08-21 00:11:58.673 W/skia    (  477): AGTM parsing failed flags.readFromStream(s) at 159
08-21 00:11:58.673 W/skia    (  477): AGTM parsing failed flags.readFromStream(s) at 159
08-21 00:11:58.673 W/skia    (  477): AGTM parsing failed flags.readFromStream(s) at 159
08-21 00:11:58.682 W/skia    (  477): AGTM parsing failed flags.readFromStream(s) at 159
08-21 00:11:58.682 W/skia    (  477): AGTM parsing failed flags.readFromStream(s) at 159
08-21 00:11:58.682 W/skia    (  477): AGTM parsing failed flags.readFromStream(s) at 159
08-21 00:11:58.689 W/skia    (  477): AGTM parsing failed flags.readFromStream(s) at 159
08-21 00:11:58.689 W/skia    (  477): AGTM parsing failed flags.readFromStream(s) at 159
08-21 00:11:58.689 W/skia    (  477): AGTM parsing failed flags.readFromStream(s) at 159
08-21 00:11:58.689 W/skia    (  477): AGTM parsing failed flags.readFromStream(s) at 159
08-21 00:11:58.689 W/skia    (  477): AGTM parsing failed flags.readFromStream(s) at 159
08-21 00:11:58.689 W/skia    (  477): AGTM parsing failed flags.readFromStream(s) at 159
08-21 00:11:58.689 W/skia    (  477): AGTM parsing failed flags.readFromStream(s) at 159
08-21 00:11:58.706 W/skia    (  477): AGTM parsing failed flags.readFromStream(s) at 159
08-21 00:11:58.706 W/skia    (  477): AGTM parsing failed flags.readFromStream(s) at 159
08-21 00:11:58.706 W/skia    (  477): AGTM parsing failed flags.readFromStream(s) at 159
08-21 00:11:58.706 W/skia    (  477): AGTM parsing failed flags.readFromStream(s) at 159
08-21 00:11:58.706 W/skia    (  477): AGTM parsing failed flags.readFromStream(s) at 159
08-21 00:11:58.706 W/skia    (  477): AGTM parsing failed flags.readFromStream(s) at 159
08-21 00:11:58.706 W/skia    (  477): AGTM parsing failed flags.readFromStream(s) at 159
08-21 00:11:58.724 W/skia    (  477): AGTM parsing failed flags.readFromStream(s) at 159
08-21 00:11:58.724 W/skia    (  477): AGTM parsing failed flags.readFromStream(s) at 159
08-21 00:11:58.724 W/skia    (  477): AGTM parsing failed flags.readFromStream(s) at 159
08-21 00:11:58.724 W/skia    (  477): AGTM parsing failed flags.readFromStream(s) at 159
08-21 00:11:58.724 W/skia    (  477): AGTM parsing failed flags.readFromStream(s) at 159
08-21 00:11:58.724 W/skia    (  477): AGTM parsing failed flags.readFromStream(s) at 159
08-21 00:11:58.724 W/skia    (  477): AGTM parsing failed flags.readFromStream(s) at 159
08-21 00:11:58.740 W/skia    (  477): AGTM parsing failed flags.readFromStream(s) at 159
08-21 00:11:58.740 W/skia    (  477): AGTM parsing failed flags.readFromStream(s) at 159
08-21 00:11:58.740 W/skia    (  477): AGTM parsing failed flags.readFromStream(s) at 159
08-21 00:11:58.740 W/skia    (  477): AGTM parsing failed flags.readFromStream(s) at 159
08-21 00:11:58.740 W/skia    (  477): AGTM parsing failed flags.readFromStream(s) at 159
08-21 00:11:58.740 W/skia    (  477): AGTM parsing failed flags.readFromStream(s) at 159
08-21 00:11:58.740 W/skia    (  477): AGTM parsing failed flags.readFromStream(s) at 159
08-21 00:11:58.756 W/skia    (  477): AGTM parsing failed flags.readFromStream(s) at 159
08-21 00:11:58.756 W/skia    (  477): AGTM parsing failed flags.readFromStream(s) at 159
08-21 00:11:58.756 W/skia    (  477): AGTM parsing failed flags.readFromStream(s) at 159
08-21 00:11:58.756 W/skia    (  477): AGTM parsing failed flags.readFromStream(s) at 159
08-21 00:11:58.756 W/skia    (  477): AGTM parsing failed flags.readFromStream(s) at 159
08-21 00:11:58.756 W/skia    (  477): AGTM parsing failed flags.readFromStream(s) at 159
08-21 00:11:58.756 W/skia    (  477): AGTM parsing failed flags.readFromStream(s) at 159
08-21 00:11:58.773 W/skia    (  477): AGTM parsing failed flags.readFromStream(s) at 159
08-21 00:11:58.773 W/skia    (  477): AGTM parsing failed flags.readFromStream(s) at 159
08-21 00:11:58.773 W/skia    (  477): AGTM parsing failed flags.readFromStream(s) at 159
08-21 00:11:58.774 W/skia    (  477): AGTM parsing failed flags.readFromStream(s) at 159
08-21 00:11:58.774 W/skia    (  477): AGTM parsing failed flags.readFromStream(s) at 159
08-21 00:11:58.774 W/skia    (  477): AGTM parsing failed flags.readFromStream(s) at 159
08-21 00:11:58.774 W/skia    (  477): AGTM parsing failed flags.readFromStream(s) at 159
08-21 00:11:58.783 W/skia    (  477): AGTM parsing failed flags.readFromStream(s) at 159
08-21 00:11:58.783 W/skia    (  477): AGTM parsing failed flags.readFromStream(s) at 159
08-21 00:11:58.783 W/skia    (  477): AGTM parsing failed flags.readFromStream(s) at 159
08-21 00:11:58.789 W/skia    (  477): AGTM parsing failed flags.readFromStream(s) at 159
08-21 00:11:58.789 W/skia    (  477): AGTM parsing failed flags.readFromStream(s) at 159
08-21 00:11:58.789 W/skia    (  477): AGTM parsing failed flags.readFromStream(s) at 159
08-21 00:11:58.789 W/skia    (  477): AGTM parsing failed flags.readFromStream(s) at 159
08-21 00:11:58.789 W/skia    (  477): AGTM parsing failed flags.readFromStream(s) at 159
08-21 00:11:58.789 W/skia    (  477): AGTM parsing failed flags.readFromStream(s) at 159
08-21 00:11:58.789 W/skia    (  477): AGTM parsing failed flags.readFromStream(s) at 159
08-21 00:11:58.789 W/BlurChoreographer(  894): Multiple blur values emitted in the same frame
08-21 00:11:58.811 W/skia    (  477): AGTM parsing failed flags.readFromStream(s) at 159
08-21 00:11:58.811 W/skia    (  477): AGTM parsing failed flags.readFromStream(s) at 159
08-21 00:11:58.811 W/skia    (  477): AGTM parsing failed flags.readFromStream(s) at 159
08-21 00:11:58.811 W/skia    (  477): AGTM parsing failed flags.readFromStream(s) at 159
08-21 00:11:58.811 W/skia    (  477): AGTM parsing failed flags.readFromStream(s) at 159
08-21 00:11:58.811 W/skia    (  477): AGTM parsing failed flags.readFromStream(s) at 159
08-21 00:11:58.811 W/skia    (  477): AGTM parsing failed flags.readFromStream(s) at 159
08-21 00:11:58.823 W/skia    (  477): AGTM parsing failed flags.readFromStream(s) at 159
08-21 00:11:58.823 W/skia    (  477): AGTM parsing failed flags.readFromStream(s) at 159
08-21 00:11:58.823 W/skia    (  477): AGTM parsing failed flags.readFromStream(s) at 159
08-21 00:11:58.823 W/skia    (  477): AGTM parsing failed flags.readFromStream(s) at 159
08-21 00:11:58.823 W/skia    (  477): AGTM parsing failed flags.readFromStream(s) at 159
08-21 00:11:58.823 W/skia    (  477): AGTM parsing failed flags.readFromStream(s) at 159
08-21 00:11:58.823 W/skia    (  477): AGTM parsing failed flags.readFromStream(s) at 159
08-21 00:11:58.841 W/skia    (  477): AGTM parsing failed flags.readFromStream(s) at 159
08-21 00:11:58.841 W/skia    (  477): AGTM parsing failed flags.readFromStream(s) at 159
08-21 00:11:58.841 W/skia    (  477): AGTM parsing failed flags.readFromStream(s) at 159
08-21 00:11:58.841 W/skia    (  477): AGTM parsing failed flags.readFromStream(s) at 159
08-21 00:11:58.841 W/skia    (  477): AGTM parsing failed flags.readFromStream(s) at 159
08-21 00:11:58.841 W/skia    (  477): AGTM parsing failed flags.readFromStream(s) at 159
08-21 00:11:58.841 W/skia    (  477): AGTM parsing failed flags.readFromStream(s) at 159
08-21 00:11:58.857 W/skia    (  477): AGTM parsing failed flags.readFromStream(s) at 159
08-21 00:11:58.857 W/skia    (  477): AGTM parsing failed flags.readFromStream(s) at 159
08-21 00:11:58.857 W/skia    (  477): AGTM parsing failed flags.readFromStream(s) at 159
08-21 00:11:58.857 W/skia    (  477): AGTM parsing failed flags.readFromStream(s) at 159
08-21 00:11:58.857 W/skia    (  477): AGTM parsing failed flags.readFromStream(s) at 159
08-21 00:11:58.857 W/skia    (  477): AGTM parsing failed flags.readFromStream(s) at 159
08-21 00:11:58.857 W/skia    (  477): AGTM parsing failed flags.readFromStream(s) at 159
08-21 00:11:58.878 W/skia    (  477): AGTM parsing failed flags.readFromStream(s) at 159
08-21 00:11:58.878 W/skia    (  477): AGTM parsing failed flags.readFromStream(s) at 159
08-21 00:11:58.878 W/skia    (  477): AGTM parsing failed flags.readFromStream(s) at 159
08-21 00:11:58.878 W/skia    (  477): AGTM parsing failed flags.readFromStream(s) at 159
08-21 00:11:58.878 W/skia    (  477): AGTM parsing failed flags.readFromStream(s) at 159
08-21 00:11:58.878 W/skia    (  477): AGTM parsing failed flags.readFromStream(s) at 159
08-21 00:11:58.878 W/skia    (  477): AGTM parsing failed flags.readFromStream(s) at 159
08-21 00:11:58.884 W/skia    (  477): AGTM parsing failed flags.readFromStream(s) at 159
08-21 00:11:58.884 W/skia    (  477): AGTM parsing failed flags.readFromStream(s) at 159
08-21 00:11:58.884 W/skia    (  477): AGTM parsing failed flags.readFromStream(s) at 159
08-21 00:11:58.891 W/skia    (  477): AGTM parsing failed flags.readFromStream(s) at 159
08-21 00:11:58.891 W/skia    (  477): AGTM parsing failed flags.readFromStream(s) at 159
08-21 00:11:58.891 W/skia    (  477): AGTM parsing failed flags.readFromStream(s) at 159
08-21 00:11:58.891 W/skia    (  477): AGTM parsing failed flags.readFromStream(s) at 159
08-21 00:11:58.891 W/skia    (  477): AGTM parsing failed flags.readFromStream(s) at 159
08-21 00:11:58.891 W/skia    (  477): AGTM parsing failed flags.readFromStream(s) at 159
08-21 00:11:58.891 W/skia    (  477): AGTM parsing failed flags.readFromStream(s) at 159
08-21 00:11:58.911 W/skia    (  477): AGTM parsing failed flags.readFromStream(s) at 159
08-21 00:11:58.911 W/skia    (  477): AGTM parsing failed flags.readFromStream(s) at 159
08-21 00:11:58.911 W/skia    (  477): AGTM parsing failed flags.readFromStream(s) at 159
08-21 00:11:58.911 W/skia    (  477): AGTM parsing failed flags.readFromStream(s) at 159
08-21 00:11:58.911 W/skia    (  477): AGTM parsing failed flags.readFromStream(s) at 159
08-21 00:11:58.911 W/skia    (  477): AGTM parsing failed flags.readFromStream(s) at 159
08-21 00:11:58.911 W/skia    (  477): AGTM parsing failed flags.readFromStream(s) at 159
08-21 00:11:58.923 W/skia    (  477): AGTM parsing failed flags.readFromStream(s) at 159
08-21 00:11:58.923 W/skia    (  477): AGTM parsing failed flags.readFromStream(s) at 159
08-21 00:11:58.923 W/skia    (  477): AGTM parsing failed flags.readFromStream(s) at 159
08-21 00:11:58.923 W/skia    (  477): AGTM parsing failed flags.readFromStream(s) at 159
08-21 00:11:58.923 W/skia    (  477): AGTM parsing failed flags.readFromStream(s) at 159
08-21 00:11:58.923 W/skia    (  477): AGTM parsing failed flags.readFromStream(s) at 159
08-21 00:11:58.923 W/skia    (  477): AGTM parsing failed flags.readFromStream(s) at 159
08-21 00:11:58.941 W/skia    (  477): AGTM parsing failed flags.readFromStream(s) at 159
08-21 00:11:58.941 W/skia    (  477): AGTM parsing failed flags.readFromStream(s) at 159
08-21 00:11:58.941 W/skia    (  477): AGTM parsing failed flags.readFromStream(s) at 159
08-21 00:11:58.941 W/skia    (  477): AGTM parsing failed flags.readFromStream(s) at 159
08-21 00:11:58.941 W/skia    (  477): AGTM parsing failed flags.readFromStream(s) at 159
08-21 00:11:58.941 W/skia    (  477): AGTM parsing failed flags.readFromStream(s) at 159
08-21 00:11:58.941 W/skia    (  477): AGTM parsing failed flags.readFromStream(s) at 159
08-21 00:11:58.955 W/skia    (  477): AGTM parsing failed flags.readFromStream(s) at 159
08-21 00:11:58.956 W/skia    (  477): AGTM parsing failed flags.readFromStream(s) at 159
08-21 00:11:58.956 W/skia    (  477): AGTM parsing failed flags.readFromStream(s) at 159
08-21 00:11:58.956 W/skia    (  477): AGTM parsing failed flags.readFromStream(s) at 159
08-21 00:11:58.956 W/skia    (  477): AGTM parsing failed flags.readFromStream(s) at 159
08-21 00:11:58.956 W/skia    (  477): AGTM parsing failed flags.readFromStream(s) at 159
08-21 00:11:58.956 W/skia    (  477): AGTM parsing failed flags.readFromStream(s) at 159
08-21 00:11:58.972 W/skia    (  477): AGTM parsing failed flags.readFromStream(s) at 159
08-21 00:11:58.972 W/skia    (  477): AGTM parsing failed flags.readFromStream(s) at 159
08-21 00:11:58.972 W/skia    (  477): AGTM parsing failed flags.readFromStream(s) at 159
08-21 00:11:58.972 W/skia    (  477): AGTM parsing failed flags.readFromStream(s) at 159
08-21 00:11:58.972 W/skia    (  477): AGTM parsing failed flags.readFromStream(s) at 159
08-21 00:11:58.972 W/skia    (  477): AGTM parsing failed flags.readFromStream(s) at 159
08-21 00:11:58.972 W/skia    (  477): AGTM parsing failed flags.readFromStream(s) at 159
08-21 00:11:58.985 W/skia    (  477): AGTM parsing failed flags.readFromStream(s) at 159
08-21 00:11:58.985 W/skia    (  477): AGTM parsing failed flags.readFromStream(s) at 159
08-21 00:11:58.985 W/skia    (  477): AGTM parsing failed flags.readFromStream(s) at 159
08-21 00:11:58.989 W/skia    (  477): AGTM parsing failed flags.readFromStream(s) at 159
08-21 00:11:58.989 W/skia    (  477): AGTM parsing failed flags.readFromStream(s) at 159
08-21 00:11:58.989 W/skia    (  477): AGTM parsing failed flags.readFromStream(s) at 159
08-21 00:11:58.989 W/skia    (  477): AGTM parsing failed flags.readFromStream(s) at 159
08-21 00:11:58.989 W/skia    (  477): AGTM parsing failed flags.readFromStream(s) at 159
08-21 00:11:58.989 W/skia    (  477): AGTM parsing failed flags.readFromStream(s) at 159
08-21 00:11:58.989 W/skia    (  477): AGTM parsing failed flags.readFromStream(s) at 159
08-21 00:11:59.006 W/skia    (  477): AGTM parsing failed flags.readFromStream(s) at 159
08-21 00:11:59.006 W/skia    (  477): AGTM parsing failed flags.readFromStream(s) at 159
08-21 00:11:59.006 W/skia    (  477): AGTM parsing failed flags.readFromStream(s) at 159
08-21 00:11:59.006 W/skia    (  477): AGTM parsing failed flags.readFromStream(s) at 159
08-21 00:11:59.006 W/skia    (  477): AGTM parsing failed flags.readFromStream(s) at 159
08-21 00:11:59.006 W/skia    (  477): AGTM parsing failed flags.readFromStream(s) at 159
08-21 00:11:59.006 W/skia    (  477): AGTM parsing failed flags.readFromStream(s) at 159
08-21 00:11:59.026 W/skia    (  477): AGTM parsing failed flags.readFromStream(s) at 159
08-21 00:11:59.026 W/skia    (  477): AGTM parsing failed flags.readFromStream(s) at 159
08-21 00:11:59.026 W/skia    (  477): AGTM parsing failed flags.readFromStream(s) at 159
08-21 00:11:59.026 W/skia    (  477): AGTM parsing failed flags.readFromStream(s) at 159
08-21 00:11:59.026 W/skia    (  477): AGTM parsing failed flags.readFromStream(s) at 159
08-21 00:11:59.026 W/skia    (  477): AGTM parsing failed flags.readFromStream(s) at 159
08-21 00:11:59.026 W/skia    (  477): AGTM parsing failed flags.readFromStream(s) at 159
08-21 00:11:59.042 W/skia    (  477): AGTM parsing failed flags.readFromStream(s) at 159
08-21 00:11:59.042 W/skia    (  477): AGTM parsing failed flags.readFromStream(s) at 159
08-21 00:11:59.042 W/skia    (  477): AGTM parsing failed flags.readFromStream(s) at 159
08-21 00:11:59.042 W/skia    (  477): AGTM parsing failed flags.readFromStream(s) at 159
08-21 00:11:59.042 W/skia    (  477): AGTM parsing failed flags.readFromStream(s) at 159
08-21 00:11:59.042 W/skia    (  477): AGTM parsing failed flags.readFromStream(s) at 159
08-21 00:11:59.042 W/skia    (  477): AGTM parsing failed flags.readFromStream(s) at 159
08-21 00:11:59.057 W/skia    (  477): AGTM parsing failed flags.readFromStream(s) at 159
08-21 00:11:59.057 W/skia    (  477): AGTM parsing failed flags.readFromStream(s) at 159
08-21 00:11:59.057 W/skia    (  477): AGTM parsing failed flags.readFromStream(s) at 159
08-21 00:11:59.057 W/skia    (  477): AGTM parsing failed flags.readFromStream(s) at 159
08-21 00:11:59.057 W/skia    (  477): AGTM parsing failed flags.readFromStream(s) at 159
08-21 00:11:59.057 W/skia    (  477): AGTM parsing failed flags.readFromStream(s) at 159
08-21 00:11:59.057 W/skia    (  477): AGTM parsing failed flags.readFromStream(s) at 159
08-21 00:11:59.074 W/skia    (  477): AGTM parsing failed flags.readFromStream(s) at 159
08-21 00:11:59.074 W/skia    (  477): AGTM parsing failed flags.readFromStream(s) at 159
08-21 00:11:59.074 W/skia    (  477): AGTM parsing failed flags.readFromStream(s) at 159
08-21 00:11:59.074 W/skia    (  477): AGTM parsing failed flags.readFromStream(s) at 159
08-21 00:11:59.075 W/skia    (  477): AGTM parsing failed flags.readFromStream(s) at 159
08-21 00:11:59.075 W/skia    (  477): AGTM parsing failed flags.readFromStream(s) at 159
08-21 00:11:59.075 W/skia    (  477): AGTM parsing failed flags.readFromStream(s) at 159
08-21 00:11:59.090 W/skia    (  477): AGTM parsing failed flags.readFromStream(s) at 159
08-21 00:11:59.090 W/skia    (  477): AGTM parsing failed flags.readFromStream(s) at 159
08-21 00:11:59.090 W/skia    (  477): AGTM parsing failed flags.readFromStream(s) at 159
08-21 00:11:59.259 I/adbd    (  479): adbd service requested 'shell,v2,TERM=xterm-256color,raw:uiautomator dump /sdcard/notif5.xml'
08-21 00:11:59.292 D/AndroidRuntime(15216): >>>>>> START com.android.internal.os.RuntimeInit uid 2000 <<<<<<
08-21 00:11:59.294 I/AndroidRuntime(15216): Using default boot image
08-21 00:11:59.294 I/AndroidRuntime(15216): Leaving lock profiling enabled
08-21 00:11:59.295 I/app_process(15216): Core platform API enforcement enabled from the hiddenapi_platform_enforcement flag and the device API level
08-21 00:11:59.295 I/app_process(15216): Using generational CollectorTypeCMC GC.
08-21 00:11:59.312 D/nativeloader(15216): InitDefaultPublicLibraries for_preload=1: libandroid.so:libaaudio.so:libamidi.so:libbinder_ndk.so:libc.so:libcamera2ndk.so:libdl.so:libEGL.so:libGLESv1_CM.so:libGLESv2.so:libGLESv3.so:libicu.so:libicui18n.so:libicuuc.so:libjnigraphics.so:liblog.so:libmediandk.so:libm.so:libnativehelper.so:libnativewindow.so:libOpenMAXAL.so:libOpenSLES.so:libRS.so:libstdc++.so:libsync.so:libvulkan.so:libwebviewchromium_plat_support.so:libz.so
08-21 00:11:59.315 D/nativeloader(15216): Load libicu_jni.so using APEX ns com_android_art for caller /apex/com.android.art/javalib/core-oj.jar: ok
08-21 00:11:59.316 D/app_process(15216): u_setTimeZoneFilesDirectory("/apex/com.android.tzdata/etc/tz/versioned/10/icu") succeeded. 
08-21 00:11:59.316 D/app_process(15216): I18n APEX ICU file found: /apex/com.android.i18n/etc/icu/icudt78l.dat
08-21 00:11:59.316 D/nativeloader(15216): Load libjavacore.so using APEX ns com_android_art for caller /apex/com.android.art/javalib/core-oj.jar: ok
08-21 00:11:59.316 D/nativeloader(15216): Load libopenjdk.so using APEX ns com_android_art for caller /apex/com.android.art/javalib/core-oj.jar: ok
08-21 00:11:59.317 I/app_process(15216): Priority-to-niceness mapping: 19, 16, 13, 10, 0, -2, -4, -5, -6, -8
08-21 00:11:59.318 W/app_process(15216): ClassLoaderContext shared library size mismatch. Expected=2, found=0 (PCL[]{PCL[/system/framework/android.test.base.jar*736588042]#PCL[/system/framework/android.test.mock.jar*4008448454]} | PCL[])
08-21 00:11:59.318 W/app_process(15216): ClassLoaderContext classpath size mismatch. expected=0, found=1 (PCL[]{PCL[/system/framework/android.test.runner.jar*805256125]{PCL[/system/framework/android.test.base.jar*736588042]#PCL[/system/framework/android.test.mock.jar*4008448454]}#PCL[/system/framework/android.test.base.jar*736588042]} | PCL[/system/framework/android.test.runner.jar*805256125])
08-21 00:11:59.326 D/nativeloader(15216): Load libframework-connectivity-tiramisu-jni.so using APEX ns com_android_tethering for caller /apex/com.android.tethering/javalib/framework-connectivity-t.jar: ok
08-21 00:11:59.326 D/AndroidRuntime(15216): Calling main entry com.android.commands.uiautomator.Launcher
08-21 00:11:59.328 I/AconfigPackage(15216): android.media.swcodec.flags is mapped to com.android.media.swcodec
08-21 00:11:59.328 I/AconfigPackage(15216): com.android.permission.flags is mapped to com.android.permission
08-21 00:11:59.328 I/AconfigPackage(15216): com.android.permissioncontroller.flags is mapped to com.android.permission
08-21 00:11:59.328 I/AconfigPackage(15216): com.google.android.widevine.flags is mapped to com.google.android.widevine
08-21 00:11:59.328 I/AconfigPackage(15216): com.android.icu is mapped to com.android.i18n
08-21 00:11:59.328 I/AconfigPackage(15216): com.android.appsearch.flags is mapped to com.android.appsearch
08-21 00:11:59.328 I/AconfigPackage(15216): com.android.uprobestats.flags is mapped to com.android.uprobestats
08-21 00:11:59.329 I/AconfigPackage(15216): android.uprobestats.mainline.flags is mapped to com.android.uprobestats
08-21 00:11:59.329 I/AconfigPackage(15216): com.android.crashrecovery.flags is mapped to com.android.crashrecovery
08-21 00:11:59.329 I/AconfigPackage(15216): android.provider.flags is mapped to com.android.configinfrastructure
08-21 00:11:59.329 I/AconfigPackage(15216): com.android.server.deviceconfig is mapped to com.android.configinfrastructure
08-21 00:11:59.329 I/AconfigPackage(15216): com.android.art.flags is mapped to com.android.art
08-21 00:11:59.329 I/AconfigPackage(15216): com.android.art.rw.flags is mapped to com.android.art
08-21 00:11:59.329 I/AconfigPackage(15216): com.android.libcore is mapped to com.android.art
08-21 00:11:59.329 I/AconfigPackage(15216): android.telecom.flags is mapped to com.android.telephonycore
08-21 00:11:59.329 I/AconfigPackage(15216): com.android.internal.telecom.flags is mapped to com.android.telephonycore
08-21 00:11:59.329 I/AconfigPackage(15216): com.android.telephony.flags is mapped to com.android.telephonycore
08-21 00:11:59.330 I/AconfigPackage(15216): com.android.media.extractor.flags is mapped to com.android.media
08-21 00:11:59.330 I/AconfigPackage(15216): com.android.media.metrics.flags is mapped to com.android.media
08-21 00:11:59.330 I/AconfigPackage(15216): com.android.media.mainline.flags is mapped to com.android.media
08-21 00:11:59.330 I/AconfigPackage(15216): com.android.wifi.flags is mapped to com.android.wifi
08-21 00:11:59.330 I/AconfigPackage(15216): com.android.org.conscrypt.flags is mapped to com.android.conscrypt
08-21 00:11:59.330 I/AconfigPackage(15216): com.android.org.conscrypt.net.flags is mapped to com.android.conscrypt
08-21 00:11:59.330 I/AconfigPackage(15216): com.android.healthfitness.flags is mapped to com.android.healthfitness
08-21 00:11:59.330 I/AconfigPackage(15216): com.android.ipsec.flags is mapped to com.android.ipsec
08-21 00:11:59.330 I/AconfigPackage(15216): com.android.nfc.module.flags is mapped to com.android.nfcservices
08-21 00:11:59.330 I/AconfigPackage(15216): com.android.nfc.module.nonexported.flags is mapped to com.android.nfcservices
08-21 00:11:59.331 I/AconfigPackage(15216): com.android.adservices.ondevicepersonalization.flags is mapped to com.android.ondevicepersonalization
08-21 00:11:59.331 I/AconfigPackage(15216): com.android.adbd.flags is mapped to com.android.adbd
08-21 00:11:59.331 I/AconfigPackage(15216): com.android.bluetooth.beta.flags is mapped to com.android.bt
08-21 00:11:59.331 I/AconfigPackage(15216): com.android.bluetooth.flags is mapped to com.android.bt
08-21 00:11:59.331 I/AconfigPackage(15216): com.android.devicelock.flags is mapped to com.android.devicelock
08-21 00:11:59.331 I/AconfigPackage(15216): android.os.profiling is mapped to com.android.profiling
08-21 00:11:59.331 I/AconfigPackage(15216): android.os.profiling.anomaly.flags is mapped to com.android.profiling
08-21 00:11:59.332 I/AconfigPackage(15216): com.android.os.statsd.flags is mapped to com.android.os.statsd
08-21 00:11:59.332 I/AconfigPackage(15216): com.android.webapp.flags is mapped to com.android.webapp
08-21 00:11:59.332 I/AconfigPackage(15216): com.android.rkpd.flags is mapped to com.android.rkpd
08-21 00:11:59.332 I/AconfigPackage(15216): com.android.cellbroadcastreceiver.flags is mapped to com.android.cellbroadcast
08-21 00:11:59.332 I/AconfigPackage(15216): com.android.adservices.flags is mapped to com.android.adservices
08-21 00:11:59.332 I/AconfigPackage(15216): com.android.sdksandbox.flags is mapped to com.android.adservices
08-21 00:11:59.332 I/AconfigPackage(15216): android.app.sdksandbox.flags is mapped to com.android.adservices
08-21 00:11:59.332 I/AconfigPackage(15216): com.android.uwb.flags is mapped to com.android.uwb
08-21 00:11:59.332 I/AconfigPackage(15216): com.android.ranging.flags is mapped to com.android.uwb
08-21 00:11:59.332 I/AconfigPackage(15216): com.android.npumanager is mapped to com.android.npumanager
08-21 00:11:59.332 I/AconfigPackage(15216): android.graphics.pdf.flags is mapped to com.android.mediaprovider
08-21 00:11:59.332 I/AconfigPackage(15216): com.android.providers.media.flags is mapped to com.android.mediaprovider
08-21 00:11:59.332 I/AconfigPackage(15216): android.graphics.pdf.flags.readonly is mapped to com.android.mediaprovider
08-21 00:11:59.332 I/AconfigPackage(15216): com.android.tethering.mainline.beta is mapped to com.android.tethering
08-21 00:11:59.332 I/AconfigPackage(15216): android.net.http is mapped to com.android.tethering
08-21 00:11:59.332 I/AconfigPackage(15216): com.android.tethering.readonly.flags is mapped to com.android.tethering
08-21 00:11:59.332 I/AconfigPackage(15216): android.net.vcn is mapped to com.android.tethering
08-21 00:11:59.332 I/AconfigPackage(15216): com.android.net.flags is mapped to com.android.tethering
08-21 00:11:59.332 I/AconfigPackage(15216): com.android.tethering.flags is mapped to com.android.tethering
08-21 00:11:59.332 I/AconfigPackage(15216): com.android.tethering.beta.test is mapped to com.android.tethering
08-21 00:11:59.332 I/AconfigPackage(15216): com.android.nearby.flags is mapped to com.android.tethering
08-21 00:11:59.332 I/AconfigPackage(15216): com.android.net.thread.flags is mapped to com.android.tethering
08-21 00:11:59.332 I/AconfigPackage(15216): com.android.net.ct.flags is mapped to com.android.tethering
08-21 00:11:59.332 I/AconfigPackage(15216): com.android.system.virtualmachine.flags is mapped to com.android.virt
08-21 00:11:59.332 E/FeatureFlagsImplExport(15216): android.os.flagging.AconfigStorageReadException: ERROR_PACKAGE_NOT_FOUND: package android.xr cannot be found on the device
08-21 00:11:59.333 D/UiAutomationConnection(15216): Created on user UserHandle{0}
08-21 00:11:59.333 I/UiAutomation(15216): Initialized for user 0 on display 0
08-21 00:11:59.333 W/UiAutomation(15216): Created with deprecatead constructor, assumes DEFAULT_DISPLAY
08-21 00:11:59.334 D/AccessibilityManagerService(  642): changeCurrentUserForTestAutomationIfNeededLocked(0): ignoring because device doesn't support visible background users
08-21 00:11:59.334 I/UiAutomationManager(  642): Registering UiTestAutomationService (id=com.android.server.accessibility/UiAutomation, flags=0x0) when called by user 0
08-21 00:11:59.334 V/AccessibilityManagerService(  642): onUserStateChangedLocked for userId: 0, forceUpdate: false
08-21 00:11:59.335 V/AccessibilityUserState(  642): updateShortcutTargets: type:accessibility_shortcut_target_service, current:{}, new:{}
08-21 00:11:59.335 V/AccessibilityUserState(  642): updateShortcutTargets: type:accessibility_button_targets, current:{}, new:{}
08-21 00:11:59.335 V/AccessibilityUserState(  642): updateShortcutTargets: type:accessibility_gesture_targets, current:{}, new:{}
08-21 00:11:59.335 V/AccessibilityUserState(  642): updateShortcutTargets: type:accessibility_qs_targets, current:{}, new:{}
08-21 00:11:59.335 V/AccessibilityUserState(  642): updateShortcutTargets: type:accessibility_key_gesture_targets, current:{}, new:{}
08-21 00:11:59.335 V/AccessibilityUserState(  642): updateShortcutTargets: type:accessibility_top_row_key_targets, current:{}, new:{}
08-21 00:11:59.335 V/AccessibilityUserState(  642): updateShortcutTargets: type:accessibility_quick_access_targets, current:{}, new:{}
08-21 00:11:59.335 I/AiAiEcho( 1655): Settings changed for uri: content://settings/secure/accessibility_enabled
08-21 00:11:59.335 W/MagnificationConnectionManager(  642): requestConnection duplicated request: connect=false, mConnectionState=DISCONNECTED
08-21 00:11:59.335 I/AiAiEcho( 1655): Predicting[0]:  [CONTEXT sampling_count=5 ]
08-21 00:11:59.335 I/AiAiEcho( 1655): EchoTargets: 
08-21 00:11:59.335 I/AiAiEcho( 1655): Filtered by AiAi flag check: 
08-21 00:11:59.335 I/AiAiEcho( 1655): [CONTEXT ratelimit_period="10 SECONDS" ]
08-21 00:11:59.335 I/AiAiEcho( 1655): #remoteViewsTwiddler: feature disabled.
08-21 00:11:59.335 W/libbinder.IPCThreadState(  642): Sending oneway calls to frozen process.
08-21 00:11:59.335 I/AiAiEcho( 1655): Predicting[0]:  [CONTEXT sampling_count=5 ]
08-21 00:11:59.335 I/AiAiEcho( 1655): EchoTargets: 
08-21 00:11:59.335 I/AiAiEcho( 1655): Filtered by AiAi flag check: 
08-21 00:11:59.335 I/AiAiEcho( 1655): [CONTEXT ratelimit_period="10 SECONDS" ]
08-21 00:11:59.335 W/libbinder.IPCThreadState(  642): Sending oneway calls to frozen process.
08-21 00:11:59.335 I/AiAiEcho( 1655): #remoteViewsTwiddler: feature disabled.
08-21 00:11:59.336 W/libbinder.IPCThreadState(  642): Sending oneway calls to frozen process.
08-21 00:11:59.336 I/AiAiEcho( 1655): Predicting[0]:  [CONTEXT sampling_count=5 ]
08-21 00:11:59.336 I/AiAiEcho( 1655): EchoTargets: 
08-21 00:11:59.336 I/AiAiEcho( 1655): Filtered by AiAi flag check: 
08-21 00:11:59.336 I/AiAiEcho( 1655): [CONTEXT ratelimit_period="10 SECONDS" ]
08-21 00:11:59.336 I/AiAiEcho( 1655): #remoteViewsTwiddler: feature disabled.
08-21 00:11:59.336 W/libbinder.IPCThreadState(  642): Sending oneway calls to frozen process.
08-21 00:11:59.336 W/libbinder.IPCThreadState(  642): Sending oneway calls to frozen process.
08-21 00:11:59.336 I/AiAiEcho( 1655): #postPredictionTargets: Sending updates to UISurface lockscreen with targets# 0 (types=[])
08-21 00:11:59.336 W/libbinder.IPCThreadState(  642): Sending oneway calls to frozen process.
08-21 00:11:59.336 W/libbinder.IPCThreadState(  642): Sending oneway calls to frozen process.
08-21 00:11:59.336 W/libbinder.IPCThreadState(  642): Sending oneway calls to frozen process.
08-21 00:11:59.336 W/libbinder.IPCThreadState(  642): Sending oneway calls to frozen process.
08-21 00:11:59.336 I/AiAiEcho( 1655): #postPredictionTargets: Sending updates to UISurface ambientcue with targets# 0 (types=[])
08-21 00:11:59.336 I/AiAiEcho( 1655): #postPredictionTargets: Sending updates to UISurface home with targets# 0 (types=[])
08-21 00:11:59.336 I/AmbientCueRepository(  894): Receiving SmartSpace targets # 0
08-21 00:11:59.336 W/libbinder.IPCThreadState(  642): Sending oneway calls to frozen process.
08-21 00:11:59.336 W/libbinder.IPCThreadState(  642): Sending oneway calls to frozen process.
08-21 00:11:59.336 W/libbinder.IPCThreadState(  642): Sending oneway calls to frozen process.
08-21 00:11:59.336 W/libbinder.IPCThreadState(  642): Sending oneway calls to frozen process.
08-21 00:11:59.336 W/libbinder.IPCThreadState(  642): Sending oneway calls to frozen process.
08-21 00:11:59.336 W/libbinder.IPCThreadState(  642): Sending oneway calls to frozen process.
08-21 00:11:59.336 W/libbinder.IPCThreadState(  642): Sending oneway calls to frozen process.
08-21 00:11:59.336 W/libbinder.IPCThreadState(  642): Sending oneway calls to frozen process.
08-21 00:11:59.336 W/libbinder.IPCThreadState(  642): Sending oneway calls to frozen process.
08-21 00:11:59.336 D/BatterySaverPolicy(  642): accessibility changed to true, updating policy.
08-21 00:11:59.337 V/AccessibilityManagerService(  642): onUserStateChangedLocked for userId: 0, forceUpdate: false
08-21 00:11:59.338 V/AccessibilityUserState(  642): updateShortcutTargets: type:accessibility_shortcut_target_service, current:{}, new:{}
08-21 00:11:59.338 V/AccessibilityUserState(  642): updateShortcutTargets: type:accessibility_button_targets, current:{}, new:{}
08-21 00:11:59.338 V/AccessibilityUserState(  642): updateShortcutTargets: type:accessibility_gesture_targets, current:{}, new:{}
08-21 00:11:59.338 V/AccessibilityUserState(  642): updateShortcutTargets: type:accessibility_qs_targets, current:{}, new:{}
08-21 00:11:59.338 V/AccessibilityUserState(  642): updateShortcutTargets: type:accessibility_key_gesture_targets, current:{}, new:{}
08-21 00:11:59.338 V/AccessibilityUserState(  642): updateShortcutTargets: type:accessibility_top_row_key_targets, current:{}, new:{}
08-21 00:11:59.338 V/AccessibilityUserState(  642): updateShortcutTargets: type:accessibility_quick_access_targets, current:{}, new:{}
08-21 00:11:59.338 W/MagnificationConnectionManager(  642): requestConnection duplicated request: connect=false, mConnectionState=DISCONNECTED
08-21 00:11:59.338 I/AiAiEcho( 1655): Settings changed for uri: content://settings/secure/accessibility_enabled
08-21 00:11:59.338 I/AiAiEcho( 1655): Predicting[0]:  [CONTEXT sampling_count=5 ]
08-21 00:11:59.338 I/AiAiEcho( 1655): EchoTargets: 
08-21 00:11:59.338 I/AiAiEcho( 1655): Filtered by AiAi flag check: 
08-21 00:11:59.338 I/AiAiEcho( 1655): [CONTEXT ratelimit_period="10 SECONDS" ]
08-21 00:11:59.338 I/AiAiEcho( 1655): #remoteViewsTwiddler: feature disabled.
08-21 00:11:59.338 I/AiAiEcho( 1655): Predicting[0]:  [CONTEXT sampling_count=5 ]
08-21 00:11:59.338 I/AiAiEcho( 1655): EchoTargets: 
08-21 00:11:59.338 I/AiAiEcho( 1655): Filtered by AiAi flag check: 
08-21 00:11:59.338 I/AiAiEcho( 1655): [CONTEXT ratelimit_period="10 SECONDS" ]
08-21 00:11:59.338 I/AiAiEcho( 1655): #remoteViewsTwiddler: feature disabled.
08-21 00:11:59.338 I/AiAiEcho( 1655): Predicting[0]:  [CONTEXT sampling_count=5 ]
08-21 00:11:59.338 I/AiAiEcho( 1655): EchoTargets: 
08-21 00:11:59.338 I/AiAiEcho( 1655): Filtered by AiAi flag check: 
08-21 00:11:59.338 I/AiAiEcho( 1655): [CONTEXT ratelimit_period="10 SECONDS" ]
08-21 00:11:59.338 I/AiAiEcho( 1655): #remoteViewsTwiddler: feature disabled.
08-21 00:11:59.338 I/AiAiEcho( 1655): #postPredictionTargets: Sending updates to UISurface lockscreen with targets# 0 (types=[])
08-21 00:11:59.338 I/AiAiEcho( 1655): #postPredictionTargets: Sending updates to UISurface ambientcue with targets# 0 (types=[])
08-21 00:11:59.338 W/libbinder.IPCThreadState(  642): Sending oneway calls to frozen process.
08-21 00:11:59.338 W/libbinder.IPCThreadState(  642): Sending oneway calls to frozen process.
08-21 00:11:59.338 W/libbinder.IPCThreadState(  642): Sending oneway calls to frozen process.
08-21 00:11:59.339 W/libbinder.IPCThreadState(  642): Sending oneway calls to frozen process.
08-21 00:11:59.339 W/skia    (  477): AGTM parsing failed flags.readFromStream(s) at 159
08-21 00:11:59.339 W/libbinder.IPCThreadState(  642): Sending oneway calls to frozen process.
08-21 00:11:59.339 W/libbinder.IPCThreadState(  642): Sending oneway calls to frozen process.
08-21 00:11:59.339 W/skia    (  477): AGTM parsing failed flags.readFromStream(s) at 159
08-21 00:11:59.339 W/libbinder.IPCThreadState(  642): Sending oneway calls to frozen process.
08-21 00:11:59.339 W/libbinder.IPCThreadState(  642): Sending oneway calls to frozen process.
08-21 00:11:59.339 W/libbinder.IPCThreadState(  642): Sending oneway calls to frozen process.
08-21 00:11:59.339 W/skia    (  477): AGTM parsing failed flags.readFromStream(s) at 159
08-21 00:11:59.339 W/skia    (  477): AGTM parsing failed flags.readFromStream(s) at 159
08-21 00:11:59.339 W/skia    (  477): AGTM parsing failed flags.readFromStream(s) at 159
08-21 00:11:59.339 W/skia    (  477): AGTM parsing failed flags.readFromStream(s) at 159
08-21 00:11:59.339 W/skia    (  477): AGTM parsing failed flags.readFromStream(s) at 159
08-21 00:11:59.339 I/AiAiEcho( 1655): #postPredictionTargets: Sending updates to UISurface home with targets# 0 (types=[])
08-21 00:11:59.339 I/AmbientCueRepository(  894): Receiving SmartSpace targets # 0
08-21 00:11:59.339 W/libbinder.IPCThreadState(  642): Sending oneway calls to frozen process.
08-21 00:11:59.339 W/libbinder.IPCThreadState(  642): Sending oneway calls to frozen process.
08-21 00:11:59.339 W/libbinder.IPCThreadState(  642): Sending oneway calls to frozen process.
08-21 00:11:59.341 W/skia    (  477): AGTM parsing failed flags.readFromStream(s) at 159
08-21 00:11:59.341 W/skia    (  477): AGTM parsing failed flags.readFromStream(s) at 159
08-21 00:11:59.341 W/skia    (  477): AGTM parsing failed flags.readFromStream(s) at 159
08-21 00:11:59.344 D/AccessibilityManagerService(  642): .getAccessibilityShortcutTargets {shortcutType=32, userId=0}
08-21 00:11:59.361 D/SsBaseTemplateCard( 1043): Passed-in item info is null
08-21 00:11:59.361 D/SsBaseTemplateCard( 1043): Passed-in item info is null
08-21 00:11:59.361 D/SsBaseTemplateCard( 1043): Passed-in item info is null
08-21 00:11:59.361 D/SsBaseTemplateCard( 1043): Passed-in item info is null
08-21 00:11:59.361 I/SsBaseTemplateCard( 1043): Secondary card pane is null
08-21 00:11:59.373 W/skia    (  477): AGTM parsing failed flags.readFromStream(s) at 159
08-21 00:11:59.373 W/skia    (  477): AGTM parsing failed flags.readFromStream(s) at 159
08-21 00:11:59.373 W/skia    (  477): AGTM parsing failed flags.readFromStream(s) at 159
08-21 00:11:59.373 W/skia    (  477): AGTM parsing failed flags.readFromStream(s) at 159
08-21 00:11:59.373 W/skia    (  477): AGTM parsing failed flags.readFromStream(s) at 159
08-21 00:11:59.373 W/skia    (  477): AGTM parsing failed flags.readFromStream(s) at 159
08-21 00:11:59.373 W/skia    (  477): AGTM parsing failed flags.readFromStream(s) at 159
08-21 00:11:59.442 W/skia    (  477): AGTM parsing failed flags.readFromStream(s) at 159
08-21 00:11:59.442 W/skia    (  477): AGTM parsing failed flags.readFromStream(s) at 159
08-21 00:11:59.442 W/skia    (  477): AGTM parsing failed flags.readFromStream(s) at 159
08-21 00:12:00.039 W/skia    (  477): AGTM parsing failed flags.readFromStream(s) at 159
08-21 00:12:00.040 W/skia    (  477): AGTM parsing failed flags.readFromStream(s) at 159
08-21 00:12:00.040 W/skia    (  477): AGTM parsing failed flags.readFromStream(s) at 159
08-21 00:12:00.040 W/skia    (  477): AGTM parsing failed flags.readFromStream(s) at 159
08-21 00:12:00.040 W/skia    (  477): AGTM parsing failed flags.readFromStream(s) at 159
08-21 00:12:00.040 W/skia    (  477): AGTM parsing failed flags.readFromStream(s) at 159
08-21 00:12:00.040 W/skia    (  477): AGTM parsing failed flags.readFromStream(s) at 159
08-21 00:12:00.042 W/skia    (  477): AGTM parsing failed flags.readFromStream(s) at 159
08-21 00:12:00.042 W/skia    (  477): AGTM parsing failed flags.readFromStream(s) at 159
08-21 00:12:00.042 W/skia    (  477): AGTM parsing failed flags.readFromStream(s) at 159
08-21 00:12:00.524 I/HalDevMgr(  642): bestIfaceCreationProposal is null, requestIface=STA, existingIface=[name=wlan0 type=STA]
08-21 00:12:01.111 W/View    (  894): couldn't find view with id 16909415
08-21 00:12:01.116 W/MediaProvider( 1618): isAppCloneUserPair for user 0: false
08-21 00:12:01.123 I/AccessibilityNodeInfoDumper(15216): Skipping invisible child: android.view.accessibility.AccessibilityNodeInfo@22f12e; boundsInParent: Rect(0, 0 - 144, 0); boundsInScreen: Rect(48, 735 - 192, 735); boundsInWindow: Rect(48, 735 - 192, 735); packageName: com.android.systemui; className: android.widget.Button; text: null; error: null; maxTextLength: -1; stateDescription: null; contentDescription: null; tooltipText: null; containerTitle: null; viewIdResName: com.android.systemui:id/veto; uniqueId: null; checkable: false; checked: false; focusable: true; focused: false; selected: false; clickable: true; longClickable: false; contextClickable: false; enabled: true; password: false; scrollable: false; granularScrollingSupported: false; importantForAccessibility: true; visible: false; actions: [AccessibilityAction: ACTION_FOCUS - null, AccessibilityAction: ACTION_SELECT - null, AccessibilityAction: ACTION_CLEAR_SELECTION - null, AccessibilityAction: ACTION_CLICK - null, AccessibilityAction: ACTION_ACCESSIBILITY_FOCUS - null, AccessibilityAction: ACTION_SHOW_ON_SCREEN - null]; isTextSelectable: false
08-21 00:12:01.133 I/AccessibilityNodeInfoDumper(15216): Skipping invisible child: android.view.accessibility.AccessibilityNodeInfo@1a40f; boundsInParent: Rect(0, 0 - 406, 156); boundsInScreen: Rect(890, 0 - 1296, 156); boundsInWindow: Rect(890, 0 - 1296, 156); packageName: com.android.systemui; className: android.widget.LinearLayout; text: null; error: null; maxTextLength: -1; stateDescription: null; contentDescription: null; tooltipText: null; containerTitle: null; viewIdResName: com.android.systemui:id/carrier_group; uniqueId: null; checkable: false; checked: false; focusable: false; focused: false; selected: false; clickable: false; longClickable: false; contextClickable: false; enabled: true; password: false; scrollable: false; granularScrollingSupported: false; importantForAccessibility: true; visible: false; actions: [AccessibilityAction: ACTION_SELECT - null, AccessibilityAction: ACTION_CLEAR_SELECTION - null, AccessibilityAction: ACTION_ACCESSIBILITY_FOCUS - null, AccessibilityAction: ACTION_SHOW_ON_SCREEN - null]; isTextSelectable: false
08-21 00:12:01.136 I/AccessibilityNodeInfoDumper(15216): Skipping invisible child: android.view.accessibility.AccessibilityNodeInfo@d2e62; boundsInParent: Rect(0, 0 - 0, 0); boundsInScreen: Rect(1036, 78 - 1036, 78); boundsInWindow: Rect(1036, 78 - 1036, 78); packageName: com.android.systemui; className: android.widget.FrameLayout; text: null; error: null; maxTextLength: -1; stateDescription: null; contentDescription: null; tooltipText: null; containerTitle: null; viewIdResName: null; uniqueId: null; checkable: false; checked: false; focusable: false; focused: false; selected: false; clickable: false; longClickable: false; contextClickable: false; enabled: true; password: false; scrollable: false; granularScrollingSupported: false; importantForAccessibility: false; visible: false; actions: [AccessibilityAction: ACTION_SELECT - null, AccessibilityAction: ACTION_CLEAR_SELECTION - null, AccessibilityAction: ACTION_ACCESSIBILITY_FOCUS - null, AccessibilityAction: ACTION_SHOW_ON_SCREEN - null]; isTextSelectable: false
08-21 00:12:01.136 I/AccessibilityNodeInfoDumper(15216): Skipping invisible child: android.view.accessibility.AccessibilityNodeInfo@d1f5e; boundsInParent: Rect(0, 0 - 0, 0); boundsInScreen: Rect(1036, 78 - 1036, 78); boundsInWindow: Rect(1036, 78 - 1036, 78); packageName: com.android.systemui; className: android.widget.FrameLayout; text: null; error: null; maxTextLength: -1; stateDescription: null; contentDescription: null; tooltipText: null; containerTitle: null; viewIdResName: null; uniqueId: null; checkable: false; checked: false; focusable: false; focused: false; selected: false; clickable: false; longClickable: false; contextClickable: false; enabled: true; password: false; scrollable: false; granularScrollingSupported: false; importantForAccessibility: false; visible: false; actions: [AccessibilityAction: ACTION_SELECT - null, AccessibilityAction: ACTION_CLEAR_SELECTION - null, AccessibilityAction: ACTION_ACCESSIBILITY_FOCUS - null, AccessibilityAction: ACTION_SHOW_ON_SCREEN - null]; isTextSelectable: false
08-21 00:12:01.140 I/AccessibilityNodeInfoDumper(15216): Skipping invisible child: android.view.accessibility.AccessibilityNodeInfo@29810; boundsInParent: Rect(0, 0 - 0, 156); boundsInScreen: Rect(1260, 0 - 1260, 156); boundsInWindow: Rect(1260, 0 - 1260, 156); packageName: com.android.systemui; className: android.widget.FrameLayout; text: null; error: null; maxTextLength: -1; stateDescription: null; contentDescription: null; tooltipText: null; containerTitle: null; viewIdResName: com.android.systemui:id/privacy_container; uniqueId: null; checkable: false; checked: false; focusable: false; focused: false; selected: false; clickable: false; longClickable: false; contextClickable: false; enabled: true; password: false; scrollable: false; granularScrollingSupported: false; importantForAccessibility: false; visible: false; actions: [AccessibilityAction: ACTION_SELECT - null, AccessibilityAction: ACTION_CLEAR_SELECTION - null, AccessibilityAction: ACTION_ACCESSIBILITY_FOCUS - null, AccessibilityAction: ACTION_SHOW_ON_SCREEN - null]; isTextSelectable: false
08-21 00:12:01.141 W/AccessibilityNodeInfoDumper(15216): Fetch time: 28ms
08-21 00:12:01.142 V/AccessibilityManagerService(  642): onUserStateChangedLocked for userId: 0, forceUpdate: false
08-21 00:12:01.142 V/AccessibilityUserState(  642): updateShortcutTargets: type:accessibility_shortcut_target_service, current:{}, new:{}
08-21 00:12:01.142 V/AccessibilityUserState(  642): updateShortcutTargets: type:accessibility_button_targets, current:{}, new:{}
08-21 00:12:01.142 V/AccessibilityUserState(  642): updateShortcutTargets: type:accessibility_gesture_targets, current:{}, new:{}
08-21 00:12:01.142 V/AccessibilityUserState(  642): updateShortcutTargets: type:accessibility_qs_targets, current:{}, new:{}
08-21 00:12:01.142 V/AccessibilityUserState(  642): updateShortcutTargets: type:accessibility_key_gesture_targets, current:{}, new:{}
08-21 00:12:01.142 V/AccessibilityUserState(  642): updateShortcutTargets: type:accessibility_top_row_key_targets, current:{}, new:{}
08-21 00:12:01.142 V/AccessibilityUserState(  642): updateShortcutTargets: type:accessibility_quick_access_targets, current:{}, new:{}
08-21 00:12:01.142 W/MagnificationConnectionManager(  642): requestConnection duplicated request: connect=false, mConnectionState=DISCONNECTED
08-21 00:12:01.142 D/AccessibilityManagerService(  642): restoreCurrentUserForTestAutomationIfNeededLocked(): ignoring because device doesn't support visible background users
08-21 00:12:01.143 W/libbinder.IPCThreadState(  642): Sending oneway calls to frozen process.
08-21 00:12:01.143 W/libbinder.IPCThreadState(  642): Sending oneway calls to frozen process.
08-21 00:12:01.143 W/libbinder.IPCThreadState(  642): Sending oneway calls to frozen process.
08-21 00:12:01.143 W/libbinder.IPCThreadState(  642): Sending oneway calls to frozen process.
08-21 00:12:01.143 W/libbinder.IPCThreadState(  642): Sending oneway calls to frozen process.
08-21 00:12:01.143 D/AndroidRuntime(15216): Shutting down VM
08-21 00:12:01.143 W/libbinder.IPCThreadState(15216): call to talkWithDriver in joinThreadPool returned error: -9 (Bad file descriptor), FD: -1
08-21 00:12:01.143 W/libbinder.IPCThreadState(15216): call to talkWithDriver in joinThreadPool returned error: -9 (Bad file descriptor), FD: -1
08-21 00:12:01.143 W/libbinder.IPCThreadState(  642): Sending oneway calls to frozen process.
08-21 00:12:01.143 I/AiAiEcho( 1655): Settings changed for uri: content://settings/secure/accessibility_enabled
08-21 00:12:01.143 W/libbinder.IPCThreadState(15216): call to talkWithDriver in joinThreadPool returned error: -9 (Bad file descriptor), FD: -1
08-21 00:12:01.143 W/libbinder.IPCThreadState(  642): Sending oneway calls to frozen process.
08-21 00:12:01.143 W/libbinder.IPCThreadState(  642): Sending oneway calls to frozen process.
08-21 00:12:01.143 W/libbinder.IPCThreadState(  642): Sending oneway calls to frozen process.
08-21 00:12:01.143 W/libbinder.IPCThreadState(  642): Sending oneway calls to frozen process.
08-21 00:12:01.143 W/libbinder.IPCThreadState(  642): Sending oneway calls to frozen process.
08-21 00:12:01.143 W/libbinder.IPCThreadState(  642): Sending oneway calls to frozen process.
08-21 00:12:01.143 W/libbinder.IPCThreadState(  642): Sending oneway calls to frozen process.
08-21 00:12:01.143 W/libbinder.IPCThreadState(  642): Sending oneway calls to frozen process.
08-21 00:12:01.143 W/libbinder.IPCThreadState(  642): Sending oneway calls to frozen process.
08-21 00:12:01.144 W/libbinder.IPCThreadState(  642): Sending oneway calls to frozen process.
08-21 00:12:01.144 W/libbinder.IPCThreadState(  642): Sending oneway calls to frozen process.
08-21 00:12:01.144 W/libbinder.IPCThreadState(  642): Sending oneway calls to frozen process.
08-21 00:12:01.144 D/BatterySaverPolicy(  642): accessibility changed to false, updating policy.
08-21 00:12:01.144 I/AiAiEcho( 1655): Predicting[0]:  [CONTEXT sampling_count=5 ]
08-21 00:12:01.145 I/AiAiEcho( 1655): EchoTargets: 
08-21 00:12:01.145 I/AiAiEcho( 1655): Filtered by AiAi flag check: 
08-21 00:12:01.145 I/AiAiEcho( 1655): [CONTEXT ratelimit_period="10 SECONDS" ]
08-21 00:12:01.145 I/AiAiEcho( 1655): #remoteViewsTwiddler: feature disabled.
08-21 00:12:01.145 I/AiAiEcho( 1655): Predicting[0]:  [CONTEXT sampling_count=5 ]
08-21 00:12:01.145 I/AiAiEcho( 1655): EchoTargets: 
08-21 00:12:01.145 I/AiAiEcho( 1655): Filtered by AiAi flag check: 
08-21 00:12:01.145 I/AiAiEcho( 1655): [CONTEXT ratelimit_period="10 SECONDS" ]
08-21 00:12:01.145 I/AiAiEcho( 1655): #remoteViewsTwiddler: feature disabled.
08-21 00:12:01.145 I/AiAiEcho( 1655): Predicting[0]:  [CONTEXT sampling_count=5 ]
08-21 00:12:01.145 I/AiAiEcho( 1655): EchoTargets: 
08-21 00:12:01.145 I/AiAiEcho( 1655): Filtered by AiAi flag check: 
08-21 00:12:01.145 I/AiAiEcho( 1655): [CONTEXT ratelimit_period="10 SECONDS" ]
08-21 00:12:01.145 I/AiAiEcho( 1655): #remoteViewsTwiddler: feature disabled.
08-21 00:12:01.145 I/AiAiEcho( 1655): #postPredictionTargets: Sending updates to UISurface lockscreen with targets# 0 (types=[])
08-21 00:12:01.145 I/AiAiEcho( 1655): #postPredictionTargets: Sending updates to UISurface ambientcue with targets# 0 (types=[])
08-21 00:12:01.145 I/AiAiEcho( 1655): #postPredictionTargets: Sending updates to UISurface home with targets# 0 (types=[])
08-21 00:12:01.145 I/AmbientCueRepository(  894): Receiving SmartSpace targets # 0
08-21 00:12:01.156 W/skia    (  477): AGTM parsing failed flags.readFromStream(s) at 159
08-21 00:12:01.156 W/skia    (  477): AGTM parsing failed flags.readFromStream(s) at 159
08-21 00:12:01.156 W/skia    (  477): AGTM parsing failed flags.readFromStream(s) at 159
08-21 00:12:01.156 W/skia    (  477): AGTM parsing failed flags.readFromStream(s) at 159
08-21 00:12:01.156 W/skia    (  477): AGTM parsing failed flags.readFromStream(s) at 159
08-21 00:12:01.156 W/skia    (  477): AGTM parsing failed flags.readFromStream(s) at 159
08-21 00:12:01.156 W/skia    (  477): AGTM parsing failed flags.readFromStream(s) at 159
08-21 00:12:01.156 D/SsBaseTemplateCard( 1043): Passed-in item info is null
08-21 00:12:01.156 D/SsBaseTemplateCard( 1043): Passed-in item info is null
08-21 00:12:01.156 D/SsBaseTemplateCard( 1043): Passed-in item info is null
08-21 00:12:01.156 D/SsBaseTemplateCard( 1043): Passed-in item info is null
08-21 00:12:01.156 I/SsBaseTemplateCard( 1043): Secondary card pane is null
08-21 00:12:01.162 W/skia    (  477): AGTM parsing failed flags.readFromStream(s) at 159
08-21 00:12:01.162 W/skia    (  477): AGTM parsing failed flags.readFromStream(s) at 159
08-21 00:12:01.162 W/skia    (  477): AGTM parsing failed flags.readFromStream(s) at 159
08-21 00:12:01.164 D/ActivityManager(  642): sync unfroze 5388 com.google.android.gms for 6
08-21 00:12:01.169 W/ProcessStats(  642): Tracking association SourceState{8566c94 com.google.android.gms.persistent/10227 ImpBg #7696} whose proc state 6 is better than process ProcessState{510e987 com.google.android.gms/10227 pkg=com.google.android.gms} proc state 14 (0 skipped)
08-21 00:12:01.170 I/NetworkScheduler.Stats( 1285): (REDACTED) Task %s/%s started execution. cause:%s exec_start_elapsed_seconds: %s
08-21 00:12:01.172 W/skia    (  477): AGTM parsing failed flags.readFromStream(s) at 159
08-21 00:12:01.172 W/skia    (  477): AGTM parsing failed flags.readFromStream(s) at 159
08-21 00:12:01.172 W/skia    (  477): AGTM parsing failed flags.readFromStream(s) at 159
08-21 00:12:01.172 W/skia    (  477): AGTM parsing failed flags.readFromStream(s) at 159
08-21 00:12:01.172 W/skia    (  477): AGTM parsing failed flags.readFromStream(s) at 159
08-21 00:12:01.172 W/skia    (  477): AGTM parsing failed flags.readFromStream(s) at 159
08-21 00:12:01.172 W/skia    (  477): AGTM parsing failed flags.readFromStream(s) at 159
08-21 00:12:01.173 I/NetworkScheduler.Stats( 1285): (REDACTED) Task %s/%s finished executing. cause:%s result: %s elapsed_millis: %s uptime_millis: %s exec_start_elapsed_seconds: %s
08-21 00:12:01.190 W/skia    (  477): AGTM parsing failed flags.readFromStream(s) at 159
08-21 00:12:01.190 W/skia    (  477): AGTM parsing failed flags.readFromStream(s) at 159
08-21 00:12:01.190 W/skia    (  477): AGTM parsing failed flags.readFromStream(s) at 159
08-21 00:12:01.190 W/skia    (  477): AGTM parsing failed flags.readFromStream(s) at 159
08-21 00:12:01.190 W/skia    (  477): AGTM parsing failed flags.readFromStream(s) at 159
08-21 00:12:01.190 W/skia    (  477): AGTM parsing failed flags.readFromStream(s) at 159
08-21 00:12:01.190 W/skia    (  477): AGTM parsing failed flags.readFromStream(s) at 159
08-21 00:12:01.264 W/skia    (  477): AGTM parsing failed flags.readFromStream(s) at 159
08-21 00:12:01.264 W/skia    (  477): AGTM parsing failed flags.readFromStream(s) at 159
08-21 00:12:01.264 W/skia    (  477): AGTM parsing failed flags.readFromStream(s) at 159
08-21 00:12:01.970 I/adbd    (  479): adbd service requested 'shell,v2,TERM=xterm-256color,raw:cat /sdcard/notif5.xml'
08-21 00:12:03.003 D/SatelliteController( 1028): isInCarrierRoamingNbIotNtn: satellite is disabled
08-21 00:12:03.003 D/SatelliteController( 1028): getCarrierRoamingNtnConnectType: Checking connect type from PLMN config for subId: 1
08-21 00:12:03.003 D/TelephonyConfigUpdateInstallReceiver( 1028): getConfigParser: domain=satellite
08-21 00:12:03.003 V/SatelliteController( 1028): satelliteConfigParser is not ready
08-21 00:12:03.003 D/SatelliteController( 1028): isSatelliteAttachSupportedViaConfigupdater: return null (satelliteConfig is null)
08-21 00:12:03.003 D/SatelliteController( 1028): getSatellitePerPlmnConfiguration: invalid subId or not supported via carrier.
08-21 00:12:03.003 D/SatelliteController( 1028): getCarrierRoamingNtnConnectType: config: null
08-21 00:12:03.003 D/TelephonyConfigUpdateInstallReceiver( 1028): getConfigParser: domain=satellite
08-21 00:12:03.003 V/SatelliteController( 1028): satelliteConfigParser is not ready
08-21 00:12:03.003 D/SatelliteController( 1028): getCarrierRoamingNtnConnectTypeViaConfigUpdater: return null (satelliteConfig is null)
08-21 00:12:03.003 D/SatelliteController( 1028): getCarrierRoamingNtnConnectType: Falling back to global carrier config connect type: 0
08-21 00:12:03.003 D/TelephonyConfigUpdateInstallReceiver( 1028): getConfigParser: domain=satellite
08-21 00:12:03.003 V/SatelliteController( 1028): satelliteConfigParser is not ready
08-21 00:12:03.003 D/SatelliteController( 1028): isSatelliteAttachSupportedViaConfigupdater: return null (satelliteConfig is null)
08-21 00:12:03.003 W/libbinder.IPCThreadState(  642): Sending oneway calls to frozen process.
08-21 00:12:03.003 D/SatelliteController( 1028): getCarrierRoamingNtnConnectType: Checking connect type from PLMN config for subId: 1
08-21 00:12:03.003 D/TelephonyConfigUpdateInstallReceiver( 1028): getConfigParser: domain=satellite
08-21 00:12:03.003 V/SatelliteController( 1028): satelliteConfigParser is not ready
08-21 00:12:03.003 D/SatelliteController( 1028): isSatelliteAttachSupportedViaConfigupdater: return null (satelliteConfig is null)
08-21 00:12:03.003 D/SatelliteController( 1028): getSatellitePerPlmnConfiguration: invalid subId or not supported via carrier.
08-21 00:12:03.003 D/SatelliteController( 1028): getCarrierRoamingNtnConnectType: config: null
08-21 00:12:03.003 D/TelephonyConfigUpdateInstallReceiver( 1028): getConfigParser: domain=satellite
08-21 00:12:03.003 V/SatelliteController( 1028): satelliteConfigParser is not ready
08-21 00:12:03.003 D/SatelliteController( 1028): getCarrierRoamingNtnConnectTypeViaConfigUpdater: return null (satelliteConfig is null)
08-21 00:12:03.003 D/SatelliteController( 1028): getCarrierRoamingNtnConnectType: Falling back to global carrier config connect type: 0
08-21 00:12:03.003 D/TelephonyConfigUpdateInstallReceiver( 1028): getConfigParser: domain=satellite
08-21 00:12:03.003 V/SatelliteController( 1028): satelliteConfigParser is not ready
08-21 00:12:03.003 D/SatelliteController( 1028): isSatelliteAttachSupportedViaConfigupdater: return null (satelliteConfig is null)
08-21 00:12:03.067 I/wpa_supplicant(  880): wlan0: CTRL-EVENT-BEACON-LOSS 
08-21 00:12:03.530 I/HalDevMgr(  642): bestIfaceCreationProposal is null, requestIface=STA, existingIface=[name=wlan0 type=STA]
08-21 00:12:05.309 I/adbd    (  479): adbd service requested 'exec:screencap '-p''
08-21 00:12:05.340 W/libbinder.BackendUnifiedServiceManager(15234): Thread Pool max thread count is 0. Cannot cache binder as linkToDeath cannot be implemented. serviceName: SurfaceFlingerAIDL
08-21 00:12:05.340 W/libbinder.BpBinder(15234): Linking to death on android.gui.ISurfaceComposer but there are no threads (yet?) listening to incoming transactions. See ProcessState::startThreadPool and ProcessState::setThreadPoolMaxThreadCount. Generally you should setup the binder threadpool before other initialization steps.
08-21 00:12:05.340 W/libbinder.ProcessState(15234): Extra binder thread started, but 0 threads requested. Do not use *startThreadPool when zero threads are requested.
08-21 00:12:05.342 W/skia    (  477): AGTM parsing failed flags.readFromStream(s) at 159
08-21 00:12:05.342 W/skia    (  477): AGTM parsing failed flags.readFromStream(s) at 159
08-21 00:12:05.342 W/skia    (  477): AGTM parsing failed flags.readFromStream(s) at 159
08-21 00:12:05.342 W/skia    (  477): AGTM parsing failed flags.readFromStream(s) at 159
08-21 00:12:05.342 W/skia    (  477): AGTM parsing failed flags.readFromStream(s) at 159
08-21 00:12:05.356 W/libc    (15234): Access denied finding property "vendor.mesa.virtgpu.kumquat"
08-21 00:12:05.509 I/adbd    (  479): adbd service requested 'shell,v2,TERM=xterm-256color,raw:uiautomator dump /sdcard/uinav-ab487453f1e643abaa851acd68df32f4.xml'
08-21 00:12:05.533 D/AndroidRuntime(15236): >>>>>> START com.android.internal.os.RuntimeInit uid 2000 <<<<<<
08-21 00:12:05.535 I/AndroidRuntime(15236): Using default boot image
08-21 00:12:05.535 I/AndroidRuntime(15236): Leaving lock profiling enabled
08-21 00:12:05.535 I/app_process(15236): Core platform API enforcement enabled from the hiddenapi_platform_enforcement flag and the device API level
08-21 00:12:05.535 I/app_process(15236): Using generational CollectorTypeCMC GC.
08-21 00:12:05.550 D/nativeloader(15236): InitDefaultPublicLibraries for_preload=1: libandroid.so:libaaudio.so:libamidi.so:libbinder_ndk.so:libc.so:libcamera2ndk.so:libdl.so:libEGL.so:libGLESv1_CM.so:libGLESv2.so:libGLESv3.so:libicu.so:libicui18n.so:libicuuc.so:libjnigraphics.so:liblog.so:libmediandk.so:libm.so:libnativehelper.so:libnativewindow.so:libOpenMAXAL.so:libOpenSLES.so:libRS.so:libstdc++.so:libsync.so:libvulkan.so:libwebviewchromium_plat_support.so:libz.so
08-21 00:12:05.553 D/nativeloader(15236): Load libicu_jni.so using APEX ns com_android_art for caller /apex/com.android.art/javalib/core-oj.jar: ok
08-21 00:12:05.553 D/app_process(15236): u_setTimeZoneFilesDirectory("/apex/com.android.tzdata/etc/tz/versioned/10/icu") succeeded. 
08-21 00:12:05.553 D/app_process(15236): I18n APEX ICU file found: /apex/com.android.i18n/etc/icu/icudt78l.dat
08-21 00:12:05.553 D/nativeloader(15236): Load libjavacore.so using APEX ns com_android_art for caller /apex/com.android.art/javalib/core-oj.jar: ok
08-21 00:12:05.554 D/nativeloader(15236): Load libopenjdk.so using APEX ns com_android_art for caller /apex/com.android.art/javalib/core-oj.jar: ok
08-21 00:12:05.554 I/app_process(15236): Priority-to-niceness mapping: 19, 16, 13, 10, 0, -2, -4, -5, -6, -8
08-21 00:12:05.555 W/app_process(15236): ClassLoaderContext shared library size mismatch. Expected=2, found=0 (PCL[]{PCL[/system/framework/android.test.base.jar*736588042]#PCL[/system/framework/android.test.mock.jar*4008448454]} | PCL[])
08-21 00:12:05.555 W/app_process(15236): ClassLoaderContext classpath size mismatch. expected=0, found=1 (PCL[]{PCL[/system/framework/android.test.runner.jar*805256125]{PCL[/system/framework/android.test.base.jar*736588042]#PCL[/system/framework/android.test.mock.jar*4008448454]}#PCL[/system/framework/android.test.base.jar*736588042]} | PCL[/system/framework/android.test.runner.jar*805256125])
08-21 00:12:05.562 D/nativeloader(15236): Load libframework-connectivity-tiramisu-jni.so using APEX ns com_android_tethering for caller /apex/com.android.tethering/javalib/framework-connectivity-t.jar: ok
08-21 00:12:05.562 D/AndroidRuntime(15236): Calling main entry com.android.commands.uiautomator.Launcher
08-21 00:12:05.563 I/AconfigPackage(15236): android.media.swcodec.flags is mapped to com.android.media.swcodec
08-21 00:12:05.563 I/AconfigPackage(15236): com.android.permission.flags is mapped to com.android.permission
08-21 00:12:05.563 I/AconfigPackage(15236): com.android.permissioncontroller.flags is mapped to com.android.permission
08-21 00:12:05.563 I/AconfigPackage(15236): com.google.android.widevine.flags is mapped to com.google.android.widevine
08-21 00:12:05.563 I/AconfigPackage(15236): com.android.icu is mapped to com.android.i18n
08-21 00:12:05.563 I/AconfigPackage(15236): com.android.appsearch.flags is mapped to com.android.appsearch
08-21 00:12:05.563 I/AconfigPackage(15236): com.android.uprobestats.flags is mapped to com.android.uprobestats
08-21 00:12:05.563 I/AconfigPackage(15236): android.uprobestats.mainline.flags is mapped to com.android.uprobestats
08-21 00:12:05.563 I/AconfigPackage(15236): com.android.crashrecovery.flags is mapped to com.android.crashrecovery
08-21 00:12:05.563 I/AconfigPackage(15236): android.provider.flags is mapped to com.android.configinfrastructure
08-21 00:12:05.563 I/AconfigPackage(15236): com.android.server.deviceconfig is mapped to com.android.configinfrastructure
08-21 00:12:05.563 I/AconfigPackage(15236): com.android.art.flags is mapped to com.android.art
08-21 00:12:05.563 I/AconfigPackage(15236): com.android.art.rw.flags is mapped to com.android.art
08-21 00:12:05.563 I/AconfigPackage(15236): com.android.libcore is mapped to com.android.art
08-21 00:12:05.563 I/AconfigPackage(15236): android.telecom.flags is mapped to com.android.telephonycore
08-21 00:12:05.563 I/AconfigPackage(15236): com.android.internal.telecom.flags is mapped to com.android.telephonycore
08-21 00:12:05.563 I/AconfigPackage(15236): com.android.telephony.flags is mapped to com.android.telephonycore
08-21 00:12:05.564 I/AconfigPackage(15236): com.android.media.extractor.flags is mapped to com.android.media
08-21 00:12:05.564 I/AconfigPackage(15236): com.android.media.metrics.flags is mapped to com.android.media
08-21 00:12:05.564 I/AconfigPackage(15236): com.android.media.mainline.flags is mapped to com.android.media
08-21 00:12:05.564 I/AconfigPackage(15236): com.android.wifi.flags is mapped to com.android.wifi
08-21 00:12:05.564 I/AconfigPackage(15236): com.android.org.conscrypt.flags is mapped to com.android.conscrypt
08-21 00:12:05.564 I/AconfigPackage(15236): com.android.org.conscrypt.net.flags is mapped to com.android.conscrypt
08-21 00:12:05.564 I/AconfigPackage(15236): com.android.healthfitness.flags is mapped to com.android.healthfitness
08-21 00:12:05.564 I/AconfigPackage(15236): com.android.ipsec.flags is mapped to com.android.ipsec
08-21 00:12:05.564 I/AconfigPackage(15236): com.android.nfc.module.flags is mapped to com.android.nfcservices
08-21 00:12:05.564 I/AconfigPackage(15236): com.android.nfc.module.nonexported.flags is mapped to com.android.nfcservices
08-21 00:12:05.564 I/AconfigPackage(15236): com.android.adservices.ondevicepersonalization.flags is mapped to com.android.ondevicepersonalization
08-21 00:12:05.564 I/AconfigPackage(15236): com.android.adbd.flags is mapped to com.android.adbd
08-21 00:12:05.564 I/AconfigPackage(15236): com.android.bluetooth.beta.flags is mapped to com.android.bt
08-21 00:12:05.564 I/AconfigPackage(15236): com.android.bluetooth.flags is mapped to com.android.bt
08-21 00:12:05.564 I/AconfigPackage(15236): com.android.devicelock.flags is mapped to com.android.devicelock
08-21 00:12:05.564 I/AconfigPackage(15236): android.os.profiling is mapped to com.android.profiling
08-21 00:12:05.564 I/AconfigPackage(15236): android.os.profiling.anomaly.flags is mapped to com.android.profiling
08-21 00:12:05.564 I/AconfigPackage(15236): com.android.os.statsd.flags is mapped to com.android.os.statsd
08-21 00:12:05.564 I/AconfigPackage(15236): com.android.webapp.flags is mapped to com.android.webapp
08-21 00:12:05.564 I/AconfigPackage(15236): com.android.rkpd.flags is mapped to com.android.rkpd
08-21 00:12:05.564 I/AconfigPackage(15236): com.android.cellbroadcastreceiver.flags is mapped to com.android.cellbroadcast
08-21 00:12:05.564 I/AconfigPackage(15236): com.android.adservices.flags is mapped to com.android.adservices
08-21 00:12:05.564 I/AconfigPackage(15236): com.android.sdksandbox.flags is mapped to com.android.adservices
08-21 00:12:05.564 I/AconfigPackage(15236): android.app.sdksandbox.flags is mapped to com.android.adservices
08-21 00:12:05.564 I/AconfigPackage(15236): com.android.uwb.flags is mapped to com.android.uwb
08-21 00:12:05.564 I/AconfigPackage(15236): com.android.ranging.flags is mapped to com.android.uwb
08-21 00:12:05.564 I/AconfigPackage(15236): com.android.npumanager is mapped to com.android.npumanager
08-21 00:12:05.564 I/AconfigPackage(15236): android.graphics.pdf.flags is mapped to com.android.mediaprovider
08-21 00:12:05.564 I/AconfigPackage(15236): com.android.providers.media.flags is mapped to com.android.mediaprovider
08-21 00:12:05.564 I/AconfigPackage(15236): android.graphics.pdf.flags.readonly is mapped to com.android.mediaprovider
08-21 00:12:05.564 I/AconfigPackage(15236): com.android.tethering.mainline.beta is mapped to com.android.tethering
08-21 00:12:05.564 I/AconfigPackage(15236): android.net.http is mapped to com.android.tethering
08-21 00:12:05.564 I/AconfigPackage(15236): com.android.tethering.readonly.flags is mapped to com.android.tethering
08-21 00:12:05.564 I/AconfigPackage(15236): android.net.vcn is mapped to com.android.tethering
08-21 00:12:05.564 I/AconfigPackage(15236): com.android.net.flags is mapped to com.android.tethering
08-21 00:12:05.564 I/AconfigPackage(15236): com.android.tethering.flags is mapped to com.android.tethering
08-21 00:12:05.564 I/AconfigPackage(15236): com.android.tethering.beta.test is mapped to com.android.tethering
08-21 00:12:05.564 I/AconfigPackage(15236): com.android.nearby.flags is mapped to com.android.tethering
08-21 00:12:05.564 I/AconfigPackage(15236): com.android.net.thread.flags is mapped to com.android.tethering
08-21 00:12:05.564 I/AconfigPackage(15236): com.android.net.ct.flags is mapped to com.android.tethering
08-21 00:12:05.564 I/AconfigPackage(15236): com.android.system.virtualmachine.flags is mapped to com.android.virt
08-21 00:12:05.564 E/FeatureFlagsImplExport(15236): android.os.flagging.AconfigStorageReadException: ERROR_PACKAGE_NOT_FOUND: package android.xr cannot be found on the device
08-21 00:12:05.565 D/UiAutomationConnection(15236): Created on user UserHandle{0}
08-21 00:12:05.565 I/UiAutomation(15236): Initialized for user 0 on display 0
08-21 00:12:05.565 W/UiAutomation(15236): Created with deprecatead constructor, assumes DEFAULT_DISPLAY
08-21 00:12:05.566 D/AccessibilityManagerService(  642): changeCurrentUserForTestAutomationIfNeededLocked(0): ignoring because device doesn't support visible background users
08-21 00:12:05.566 I/UiAutomationManager(  642): Registering UiTestAutomationService (id=com.android.server.accessibility/UiAutomation, flags=0x0) when called by user 0
08-21 00:12:05.566 V/AccessibilityManagerService(  642): onUserStateChangedLocked for userId: 0, forceUpdate: false
08-21 00:12:05.566 V/AccessibilityUserState(  642): updateShortcutTargets: type:accessibility_shortcut_target_service, current:{}, new:{}
08-21 00:12:05.566 V/AccessibilityUserState(  642): updateShortcutTargets: type:accessibility_button_targets, current:{}, new:{}
08-21 00:12:05.566 V/AccessibilityUserState(  642): updateShortcutTargets: type:accessibility_gesture_targets, current:{}, new:{}
08-21 00:12:05.566 V/AccessibilityUserState(  642): updateShortcutTargets: type:accessibility_qs_targets, current:{}, new:{}
08-21 00:12:05.566 V/AccessibilityUserState(  642): updateShortcutTargets: type:accessibility_key_gesture_targets, current:{}, new:{}
08-21 00:12:05.566 V/AccessibilityUserState(  642): updateShortcutTargets: type:accessibility_top_row_key_targets, current:{}, new:{}
08-21 00:12:05.566 V/AccessibilityUserState(  642): updateShortcutTargets: type:accessibility_quick_access_targets, current:{}, new:{}
08-21 00:12:05.566 W/MagnificationConnectionManager(  642): requestConnection duplicated request: connect=false, mConnectionState=DISCONNECTED
08-21 00:12:05.567 I/AiAiEcho( 1655): Settings changed for uri: content://settings/secure/accessibility_enabled
08-21 00:12:05.567 I/AiAiEcho( 1655): Predicting[0]:  [CONTEXT sampling_count=5 ]
08-21 00:12:05.567 I/AiAiEcho( 1655): EchoTargets: 
08-21 00:12:05.567 I/AiAiEcho( 1655): Filtered by AiAi flag check: 
08-21 00:12:05.567 I/AiAiEcho( 1655): [CONTEXT ratelimit_period="10 SECONDS" ]
08-21 00:12:05.567 W/libbinder.IPCThreadState(  642): Sending oneway calls to frozen process.
08-21 00:12:05.567 W/libbinder.IPCThreadState(  642): Sending oneway calls to frozen process.
08-21 00:12:05.567 W/libbinder.IPCThreadState(  642): Sending oneway calls to frozen process.
08-21 00:12:05.567 W/libbinder.IPCThreadState(  642): Sending oneway calls to frozen process.
08-21 00:12:05.567 W/libbinder.IPCThreadState(  642): Sending oneway calls to frozen process.
08-21 00:12:05.567 W/libbinder.IPCThreadState(  642): Sending oneway calls to frozen process.
08-21 00:12:05.567 W/libbinder.IPCThreadState(  642): Sending oneway calls to frozen process.
08-21 00:12:05.567 W/libbinder.IPCThreadState(  642): Sending oneway calls to frozen process.
08-21 00:12:05.567 W/libbinder.IPCThreadState(  642): Sending oneway calls to frozen process.
08-21 00:12:05.567 W/libbinder.IPCThreadState(  642): Sending oneway calls to frozen process.
08-21 00:12:05.567 W/libbinder.IPCThreadState(  642): Sending oneway calls to frozen process.
08-21 00:12:05.567 W/libbinder.IPCThreadState(  642): Sending oneway calls to frozen process.
08-21 00:12:05.567 I/AiAiEcho( 1655): #remoteViewsTwiddler: feature disabled.
08-21 00:12:05.567 I/AiAiEcho( 1655): Predicting[0]:  [CONTEXT sampling_count=5 ]
08-21 00:12:05.567 I/AiAiEcho( 1655): EchoTargets: 
08-21 00:12:05.567 I/AiAiEcho( 1655): Filtered by AiAi flag check: 
08-21 00:12:05.567 I/AiAiEcho( 1655): [CONTEXT ratelimit_period="10 SECONDS" ]
08-21 00:12:05.567 W/libbinder.IPCThreadState(  642): Sending oneway calls to frozen process.
08-21 00:12:05.567 W/libbinder.IPCThreadState(  642): Sending oneway calls to frozen process.
08-21 00:12:05.567 W/libbinder.IPCThreadState(  642): Sending oneway calls to frozen process.
08-21 00:12:05.567 W/libbinder.IPCThreadState(  642): Sending oneway calls to frozen process.
08-21 00:12:05.567 W/libbinder.IPCThreadState(  642): Sending oneway calls to frozen process.
08-21 00:12:05.567 W/libbinder.IPCThreadState(  642): Sending oneway calls to frozen process.
08-21 00:12:05.567 D/BatterySaverPolicy(  642): accessibility changed to true, updating policy.
08-21 00:12:05.568 I/AiAiEcho( 1655): #remoteViewsTwiddler: feature disabled.
08-21 00:12:05.568 I/AiAiEcho( 1655): Predicting[0]:  [CONTEXT sampling_count=5 ]
08-21 00:12:05.568 I/AiAiEcho( 1655): EchoTargets: 
08-21 00:12:05.568 I/AiAiEcho( 1655): Filtered by AiAi flag check: 
08-21 00:12:05.568 I/AiAiEcho( 1655): [CONTEXT ratelimit_period="10 SECONDS" ]
08-21 00:12:05.568 I/AiAiEcho( 1655): #remoteViewsTwiddler: feature disabled.
08-21 00:12:05.568 I/AiAiEcho( 1655): #postPredictionTargets: Sending updates to UISurface lockscreen with targets# 0 (types=[])
08-21 00:12:05.568 I/AiAiEcho( 1655): #postPredictionTargets: Sending updates to UISurface ambientcue with targets# 0 (types=[])
08-21 00:12:05.568 I/AiAiEcho( 1655): #postPredictionTargets: Sending updates to UISurface home with targets# 0 (types=[])
08-21 00:12:05.568 I/AmbientCueRepository(  894): Receiving SmartSpace targets # 0
08-21 00:12:05.570 V/AccessibilityManagerService(  642): onUserStateChangedLocked for userId: 0, forceUpdate: false
08-21 00:12:05.571 V/AccessibilityUserState(  642): updateShortcutTargets: type:accessibility_shortcut_target_service, current:{}, new:{}
08-21 00:12:05.571 V/AccessibilityUserState(  642): updateShortcutTargets: type:accessibility_button_targets, current:{}, new:{}
08-21 00:12:05.571 V/AccessibilityUserState(  642): updateShortcutTargets: type:accessibility_gesture_targets, current:{}, new:{}
08-21 00:12:05.571 V/AccessibilityUserState(  642): updateShortcutTargets: type:accessibility_qs_targets, current:{}, new:{}
08-21 00:12:05.571 V/AccessibilityUserState(  642): updateShortcutTargets: type:accessibility_key_gesture_targets, current:{}, new:{}
08-21 00:12:05.571 V/AccessibilityUserState(  642): updateShortcutTargets: type:accessibility_top_row_key_targets, current:{}, new:{}
08-21 00:12:05.571 V/AccessibilityUserState(  642): updateShortcutTargets: type:accessibility_quick_access_targets, current:{}, new:{}
08-21 00:12:05.571 W/MagnificationConnectionManager(  642): requestConnection duplicated request: connect=false, mConnectionState=DISCONNECTED
08-21 00:12:05.571 I/AiAiEcho( 1655): Settings changed for uri: content://settings/secure/accessibility_enabled
08-21 00:12:05.571 W/libbinder.IPCThreadState(  642): Sending oneway calls to frozen process.
08-21 00:12:05.571 W/libbinder.IPCThreadState(  642): Sending oneway calls to frozen process.
08-21 00:12:05.571 I/AiAiEcho( 1655): Predicting[0]:  [CONTEXT sampling_count=5 ]
08-21 00:12:05.571 I/AiAiEcho( 1655): EchoTargets: 
08-21 00:12:05.571 I/AiAiEcho( 1655): Filtered by AiAi flag check: 
08-21 00:12:05.571 I/AiAiEcho( 1655): [CONTEXT ratelimit_period="10 SECONDS" ]
08-21 00:12:05.571 I/AiAiEcho( 1655): #remoteViewsTwiddler: feature disabled.
08-21 00:12:05.571 I/AiAiEcho( 1655): Predicting[0]:  [CONTEXT sampling_count=5 ]
08-21 00:12:05.571 I/AiAiEcho( 1655): EchoTargets: 
08-21 00:12:05.571 I/AiAiEcho( 1655): Filtered by AiAi flag check: 
08-21 00:12:05.571 I/AiAiEcho( 1655): [CONTEXT ratelimit_period="10 SECONDS" ]
08-21 00:12:05.571 I/AiAiEcho( 1655): #remoteViewsTwiddler: feature disabled.
08-21 00:12:05.571 I/AiAiEcho( 1655): Predicting[0]:  [CONTEXT sampling_count=5 ]
08-21 00:12:05.571 I/AiAiEcho( 1655): EchoTargets: 
08-21 00:12:05.571 I/AiAiEcho( 1655): Filtered by AiAi flag check: 
08-21 00:12:05.571 I/AiAiEcho( 1655): [CONTEXT ratelimit_period="10 SECONDS" ]
08-21 00:12:05.571 I/AiAiEcho( 1655): #remoteViewsTwiddler: feature disabled.
08-21 00:12:05.571 I/AiAiEcho( 1655): #postPredictionTargets: Sending updates to UISurface lockscreen with targets# 0 (types=[])
08-21 00:12:05.571 I/AiAiEcho( 1655): #postPredictionTargets: Sending updates to UISurface ambientcue with targets# 0 (types=[])
08-21 00:12:05.571 I/AiAiEcho( 1655): #postPredictionTargets: Sending updates to UISurface home with targets# 0 (types=[])
08-21 00:12:05.572 I/AmbientCueRepository(  894): Receiving SmartSpace targets # 0
08-21 00:12:05.572 W/libbinder.IPCThreadState(  642): Sending oneway calls to frozen process.
08-21 00:12:05.572 W/libbinder.IPCThreadState(  642): Sending oneway calls to frozen process.
08-21 00:12:05.572 W/libbinder.IPCThreadState(  642): Sending oneway calls to frozen process.
08-21 00:12:05.572 W/libbinder.IPCThreadState(  642): Sending oneway calls to frozen process.
08-21 00:12:05.572 W/libbinder.IPCThreadState(  642): Sending oneway calls to frozen process.
08-21 00:12:05.572 W/libbinder.IPCThreadState(  642): Sending oneway calls to frozen process.
08-21 00:12:05.572 W/libbinder.IPCThreadState(  642): Sending oneway calls to frozen process.
08-21 00:12:05.572 W/libbinder.IPCThreadState(  642): Sending oneway calls to frozen process.
08-21 00:12:05.572 W/libbinder.IPCThreadState(  642): Sending oneway calls to frozen process.
08-21 00:12:05.572 W/libbinder.IPCThreadState(  642): Sending oneway calls to frozen process.
08-21 00:12:05.572 D/SsBaseTemplateCard( 1043): Passed-in item info is null
08-21 00:12:05.572 D/SsBaseTemplateCard( 1043): Passed-in item info is null
08-21 00:12:05.572 D/SsBaseTemplateCard( 1043): Passed-in item info is null
08-21 00:12:05.572 D/SsBaseTemplateCard( 1043): Passed-in item info is null
08-21 00:12:05.572 I/SsBaseTemplateCard( 1043): Secondary card pane is null
08-21 00:12:05.573 W/skia    (  477): AGTM parsing failed flags.readFromStream(s) at 159
08-21 00:12:05.573 W/skia    (  477): AGTM parsing failed flags.readFromStream(s) at 159
08-21 00:12:05.573 W/skia    (  477): AGTM parsing failed flags.readFromStream(s) at 159
08-21 00:12:05.574 D/AccessibilityManagerService(  642): .getAccessibilityShortcutTargets {shortcutType=32, userId=0}
08-21 00:12:05.589 W/skia    (  477): AGTM parsing failed flags.readFromStream(s) at 159
08-21 00:12:05.589 W/skia    (  477): AGTM parsing failed flags.readFromStream(s) at 159
08-21 00:12:05.589 W/skia    (  477): AGTM parsing failed flags.readFromStream(s) at 159
08-21 00:12:05.589 W/skia    (  477): AGTM parsing failed flags.readFromStream(s) at 159
08-21 00:12:05.589 W/skia    (  477): AGTM parsing failed flags.readFromStream(s) at 159
08-21 00:12:05.589 W/skia    (  477): AGTM parsing failed flags.readFromStream(s) at 159
08-21 00:12:05.589 W/skia    (  477): AGTM parsing failed flags.readFromStream(s) at 159
08-21 00:12:05.591 D/SsBaseTemplateCard( 1043): Passed-in item info is null
08-21 00:12:05.591 D/SsBaseTemplateCard( 1043): Passed-in item info is null
08-21 00:12:05.591 D/SsBaseTemplateCard( 1043): Passed-in item info is null
08-21 00:12:05.591 D/SsBaseTemplateCard( 1043): Passed-in item info is null
08-21 00:12:05.591 I/SsBaseTemplateCard( 1043): Secondary card pane is null
08-21 00:12:05.610 W/skia    (  477): AGTM parsing failed flags.readFromStream(s) at 159
08-21 00:12:05.610 W/skia    (  477): AGTM parsing failed flags.readFromStream(s) at 159
08-21 00:12:05.610 W/skia    (  477): AGTM parsing failed flags.readFromStream(s) at 159
08-21 00:12:05.610 W/skia    (  477): AGTM parsing failed flags.readFromStream(s) at 159
08-21 00:12:05.610 W/skia    (  477): AGTM parsing failed flags.readFromStream(s) at 159
08-21 00:12:05.610 W/skia    (  477): AGTM parsing failed flags.readFromStream(s) at 159
08-21 00:12:05.610 W/skia    (  477): AGTM parsing failed flags.readFromStream(s) at 159
08-21 00:12:05.675 W/skia    (  477): AGTM parsing failed flags.readFromStream(s) at 159
08-21 00:12:05.675 W/skia    (  477): AGTM parsing failed flags.readFromStream(s) at 159
08-21 00:12:05.675 W/skia    (  477): AGTM parsing failed flags.readFromStream(s) at 159
08-21 00:12:06.539 I/HalDevMgr(  642): bestIfaceCreationProposal is null, requestIface=STA, existingIface=[name=wlan0 type=STA]
08-21 00:12:06.577 W/View    (  894): couldn't find view with id 16909415
08-21 00:12:06.582 W/MediaProvider( 1618): isAppCloneUserPair for user 0: false
08-21 00:12:06.585 I/AccessibilityNodeInfoDumper(15236): Skipping invisible child: android.view.accessibility.AccessibilityNodeInfo@22f138; boundsInParent: Rect(0, 0 - 144, 0); boundsInScreen: Rect(48, 735 - 192, 735); boundsInWindow: Rect(48, 735 - 192, 735); packageName: com.android.systemui; className: android.widget.Button; text: null; error: null; maxTextLength: -1; stateDescription: null; contentDescription: null; tooltipText: null; containerTitle: null; viewIdResName: com.android.systemui:id/veto; uniqueId: null; checkable: false; checked: false; focusable: true; focused: false; selected: false; clickable: true; longClickable: false; contextClickable: false; enabled: true; password: false; scrollable: false; granularScrollingSupported: false; importantForAccessibility: true; visible: false; actions: [AccessibilityAction: ACTION_FOCUS - null, AccessibilityAction: ACTION_SELECT - null, AccessibilityAction: ACTION_CLEAR_SELECTION - null, AccessibilityAction: ACTION_CLICK - null, AccessibilityAction: ACTION_ACCESSIBILITY_FOCUS - null, AccessibilityAction: ACTION_SHOW_ON_SCREEN - null]; isTextSelectable: false
08-21 00:12:06.595 I/AccessibilityNodeInfoDumper(15236): Skipping invisible child: android.view.accessibility.AccessibilityNodeInfo@1a419; boundsInParent: Rect(0, 0 - 406, 156); boundsInScreen: Rect(890, 0 - 1296, 156); boundsInWindow: Rect(890, 0 - 1296, 156); packageName: com.android.systemui; className: android.widget.LinearLayout; text: null; error: null; maxTextLength: -1; stateDescription: null; contentDescription: null; tooltipText: null; containerTitle: null; viewIdResName: com.android.systemui:id/carrier_group; uniqueId: null; checkable: false; checked: false; focusable: false; focused: false; selected: false; clickable: false; longClickable: false; contextClickable: false; enabled: true; password: false; scrollable: false; granularScrollingSupported: false; importantForAccessibility: true; visible: false; actions: [AccessibilityAction: ACTION_SELECT - null, AccessibilityAction: ACTION_CLEAR_SELECTION - null, AccessibilityAction: ACTION_ACCESSIBILITY_FOCUS - null, AccessibilityAction: ACTION_SHOW_ON_SCREEN - null]; isTextSelectable: false
08-21 00:12:06.597 I/AccessibilityNodeInfoDumper(15236): Skipping invisible child: android.view.accessibility.AccessibilityNodeInfo@d2e6c; boundsInParent: Rect(0, 0 - 0, 0); boundsInScreen: Rect(1036, 78 - 1036, 78); boundsInWindow: Rect(1036, 78 - 1036, 78); packageName: com.android.systemui; className: android.widget.FrameLayout; text: null; error: null; maxTextLength: -1; stateDescription: null; contentDescription: null; tooltipText: null; containerTitle: null; viewIdResName: null; uniqueId: null; checkable: false; checked: false; focusable: false; focused: false; selected: false; clickable: false; longClickable: false; contextClickable: false; enabled: true; password: false; scrollable: false; granularScrollingSupported: false; importantForAccessibility: false; visible: false; actions: [AccessibilityAction: ACTION_SELECT - null, AccessibilityAction: ACTION_CLEAR_SELECTION - null, AccessibilityAction: ACTION_ACCESSIBILITY_FOCUS - null, AccessibilityAction: ACTION_SHOW_ON_SCREEN - null]; isTextSelectable: false
08-21 00:12:06.597 I/AccessibilityNodeInfoDumper(15236): Skipping invisible child: android.view.accessibility.AccessibilityNodeInfo@d1f68; boundsInParent: Rect(0, 0 - 0, 0); boundsInScreen: Rect(1036, 78 - 1036, 78); boundsInWindow: Rect(1036, 78 - 1036, 78); packageName: com.android.systemui; className: android.widget.FrameLayout; text: null; error: null; maxTextLength: -1; stateDescription: null; contentDescription: null; tooltipText: null; containerTitle: null; viewIdResName: null; uniqueId: null; checkable: false; checked: false; focusable: false; focused: false; selected: false; clickable: false; longClickable: false; contextClickable: false; enabled: true; password: false; scrollable: false; granularScrollingSupported: false; importantForAccessibility: false; visible: false; actions: [AccessibilityAction: ACTION_SELECT - null, AccessibilityAction: ACTION_CLEAR_SELECTION - null, AccessibilityAction: ACTION_ACCESSIBILITY_FOCUS - null, AccessibilityAction: ACTION_SHOW_ON_SCREEN - null]; isTextSelectable: false
08-21 00:12:06.598 I/AccessibilityNodeInfoDumper(15236): Skipping invisible child: android.view.accessibility.AccessibilityNodeInfo@2981a; boundsInParent: Rect(0, 0 - 0, 156); boundsInScreen: Rect(1260, 0 - 1260, 156); boundsInWindow: Rect(1260, 0 - 1260, 156); packageName: com.android.systemui; className: android.widget.FrameLayout; text: null; error: null; maxTextLength: -1; stateDescription: null; contentDescription: null; tooltipText: null; containerTitle: null; viewIdResName: com.android.systemui:id/privacy_container; uniqueId: null; checkable: false; checked: false; focusable: false; focused: false; selected: false; clickable: false; longClickable: false; contextClickable: false; enabled: true; password: false; scrollable: false; granularScrollingSupported: false; importantForAccessibility: false; visible: false; actions: [AccessibilityAction: ACTION_SELECT - null, AccessibilityAction: ACTION_CLEAR_SELECTION - null, AccessibilityAction: ACTION_ACCESSIBILITY_FOCUS - null, AccessibilityAction: ACTION_SHOW_ON_SCREEN - null]; isTextSelectable: false
08-21 00:12:06.599 W/AccessibilityNodeInfoDumper(15236): Fetch time: 20ms
08-21 00:12:06.600 V/AccessibilityManagerService(  642): onUserStateChangedLocked for userId: 0, forceUpdate: false
08-21 00:12:06.600 V/AccessibilityUserState(  642): updateShortcutTargets: type:accessibility_shortcut_target_service, current:{}, new:{}
08-21 00:12:06.600 V/AccessibilityUserState(  642): updateShortcutTargets: type:accessibility_button_targets, current:{}, new:{}
08-21 00:12:06.600 V/AccessibilityUserState(  642): updateShortcutTargets: type:accessibility_gesture_targets, current:{}, new:{}
08-21 00:12:06.600 V/AccessibilityUserState(  642): updateShortcutTargets: type:accessibility_qs_targets, current:{}, new:{}
08-21 00:12:06.600 V/AccessibilityUserState(  642): updateShortcutTargets: type:accessibility_key_gesture_targets, current:{}, new:{}
08-21 00:12:06.600 V/AccessibilityUserState(  642): updateShortcutTargets: type:accessibility_top_row_key_targets, current:{}, new:{}
08-21 00:12:06.600 V/AccessibilityUserState(  642): updateShortcutTargets: type:accessibility_quick_access_targets, current:{}, new:{}
08-21 00:12:06.600 W/MagnificationConnectionManager(  642): requestConnection duplicated request: connect=false, mConnectionState=DISCONNECTED
08-21 00:12:06.600 D/AccessibilityManagerService(  642): restoreCurrentUserForTestAutomationIfNeededLocked(): ignoring because device doesn't support visible background users
08-21 00:12:06.600 I/AiAiEcho( 1655): Settings changed for uri: content://settings/secure/accessibility_enabled
08-21 00:12:06.600 W/libbinder.IPCThreadState(  642): Sending oneway calls to frozen process.
08-21 00:12:06.600 W/libbinder.IPCThreadState(  642): Sending oneway calls to frozen process.
08-21 00:12:06.600 W/libbinder.IPCThreadState(  642): Sending oneway calls to frozen process.
08-21 00:12:06.600 W/libbinder.IPCThreadState(  642): Sending oneway calls to frozen process.
08-21 00:12:06.601 I/AiAiEcho( 1655): Predicting[0]:  [CONTEXT sampling_count=5 ]
08-21 00:12:06.601 I/AiAiEcho( 1655): EchoTargets: 
08-21 00:12:06.601 I/AiAiEcho( 1655): Filtered by AiAi flag check: 
08-21 00:12:06.601 I/AiAiEcho( 1655): [CONTEXT ratelimit_period="10 SECONDS" ]
08-21 00:12:06.601 I/AiAiEcho( 1655): #remoteViewsTwiddler: feature disabled.
08-21 00:12:06.601 I/AiAiEcho( 1655): Predicting[0]:  [CONTEXT sampling_count=5 ]
08-21 00:12:06.601 I/AiAiEcho( 1655): EchoTargets: 
08-21 00:12:06.601 I/AiAiEcho( 1655): Filtered by AiAi flag check: 
08-21 00:12:06.601 I/AiAiEcho( 1655): [CONTEXT ratelimit_period="10 SECONDS" ]
08-21 00:12:06.601 I/AiAiEcho( 1655): #remoteViewsTwiddler: feature disabled.
08-21 00:12:06.601 I/AiAiEcho( 1655): Predicting[0]:  [CONTEXT sampling_count=5 ]
08-21 00:12:06.601 I/AiAiEcho( 1655): EchoTargets: 
08-21 00:12:06.601 I/AiAiEcho( 1655): Filtered by AiAi flag check: 
08-21 00:12:06.601 I/AiAiEcho( 1655): [CONTEXT ratelimit_period="10 SECONDS" ]
08-21 00:12:06.601 I/AiAiEcho( 1655): #remoteViewsTwiddler: feature disabled.
08-21 00:12:06.601 I/AiAiEcho( 1655): #postPredictionTargets: Sending updates to UISurface lockscreen with targets# 0 (types=[])
08-21 00:12:06.602 W/libbinder.IPCThreadState(  642): Sending oneway calls to frozen process.
08-21 00:12:06.602 W/libbinder.IPCThreadState(  642): Sending oneway calls to frozen process.
08-21 00:12:06.602 W/libbinder.IPCThreadState(  642): Sending oneway calls to frozen process.
08-21 00:12:06.602 W/libbinder.IPCThreadState(  642): Sending oneway calls to frozen process.
08-21 00:12:06.602 W/libbinder.IPCThreadState(  642): Sending oneway calls to frozen process.
08-21 00:12:06.602 W/libbinder.IPCThreadState(  642): Sending oneway calls to frozen process.
08-21 00:12:06.602 W/libbinder.IPCThreadState(  642): Sending oneway calls to frozen process.
08-21 00:12:06.602 W/libbinder.IPCThreadState(  642): Sending oneway calls to frozen process.
08-21 00:12:06.602 W/libbinder.IPCThreadState(  642): Sending oneway calls to frozen process.
08-21 00:12:06.602 W/libbinder.IPCThreadState(  642): Sending oneway calls to frozen process.
08-21 00:12:06.602 W/libbinder.IPCThreadState(  642): Sending oneway calls to frozen process.
08-21 00:12:06.602 W/libbinder.IPCThreadState(  642): Sending oneway calls to frozen process.
08-21 00:12:06.602 W/libbinder.IPCThreadState(  642): Sending oneway calls to frozen process.
08-21 00:12:06.602 W/libbinder.IPCThreadState(  642): Sending oneway calls to frozen process.
08-21 00:12:06.602 D/BatterySaverPolicy(  642): accessibility changed to false, updating policy.
08-21 00:12:06.602 D/AndroidRuntime(15236): Shutting down VM
08-21 00:12:06.602 I/AiAiEcho( 1655): #postPredictionTargets: Sending updates to UISurface ambientcue with targets# 0 (types=[])
08-21 00:12:06.602 I/AiAiEcho( 1655): #postPredictionTargets: Sending updates to UISurface home with targets# 0 (types=[])
08-21 00:12:06.602 W/libbinder.IPCThreadState(15236): call to talkWithDriver in joinThreadPool returned error: -9 (Bad file descriptor), FD: -1
08-21 00:12:06.602 W/libbinder.IPCThreadState(15236): call to talkWithDriver in joinThreadPool returned error: -9 (Bad file descriptor), FD: -1
08-21 00:12:06.603 W/libbinder.IPCThreadState(15236): call to talkWithDriver in joinThreadPool returned error: -9 (Bad file descriptor), FD: -1
08-21 00:12:06.603 I/AmbientCueRepository(  894): Receiving SmartSpace targets # 0
08-21 00:12:06.606 W/skia    (  477): AGTM parsing failed flags.readFromStream(s) at 159
08-21 00:12:06.606 W/skia    (  477): AGTM parsing failed flags.readFromStream(s) at 159
08-21 00:12:06.606 W/skia    (  477): AGTM parsing failed flags.readFromStream(s) at 159
08-21 00:12:06.606 W/skia    (  477): AGTM parsing failed flags.readFromStream(s) at 159
08-21 00:12:06.606 W/skia    (  477): AGTM parsing failed flags.readFromStream(s) at 159
08-21 00:12:06.606 W/skia    (  477): AGTM parsing failed flags.readFromStream(s) at 159
08-21 00:12:06.606 W/skia    (  477): AGTM parsing failed flags.readFromStream(s) at 159
08-21 00:12:06.608 W/skia    (  477): AGTM parsing failed flags.readFromStream(s) at 159
08-21 00:12:06.609 W/skia    (  477): AGTM parsing failed flags.readFromStream(s) at 159
08-21 00:12:06.609 W/skia    (  477): AGTM parsing failed flags.readFromStream(s) at 159
08-21 00:12:06.610 D/SsBaseTemplateCard( 1043): Passed-in item info is null
08-21 00:12:06.610 D/SsBaseTemplateCard( 1043): Passed-in item info is null
08-21 00:12:06.610 D/SsBaseTemplateCard( 1043): Passed-in item info is null
08-21 00:12:06.610 D/SsBaseTemplateCard( 1043): Passed-in item info is null
08-21 00:12:06.610 I/SsBaseTemplateCard( 1043): Secondary card pane is null
08-21 00:12:06.622 W/skia    (  477): AGTM parsing failed flags.readFromStream(s) at 159
08-21 00:12:06.622 W/skia    (  477): AGTM parsing failed flags.readFromStream(s) at 159
08-21 00:12:06.622 W/skia    (  477): AGTM parsing failed flags.readFromStream(s) at 159
08-21 00:12:06.622 W/skia    (  477): AGTM parsing failed flags.readFromStream(s) at 159
08-21 00:12:06.622 W/skia    (  477): AGTM parsing failed flags.readFromStream(s) at 159
08-21 00:12:06.622 W/skia    (  477): AGTM parsing failed flags.readFromStream(s) at 159
08-21 00:12:06.622 W/skia    (  477): AGTM parsing failed flags.readFromStream(s) at 159
08-21 00:12:06.640 W/skia    (  477): AGTM parsing failed flags.readFromStream(s) at 159
08-21 00:12:06.640 W/skia    (  477): AGTM parsing failed flags.readFromStream(s) at 159
08-21 00:12:06.640 W/skia    (  477): AGTM parsing failed flags.readFromStream(s) at 159
08-21 00:12:06.640 W/skia    (  477): AGTM parsing failed flags.readFromStream(s) at 159
08-21 00:12:06.640 W/skia    (  477): AGTM parsing failed flags.readFromStream(s) at 159
08-21 00:12:06.640 W/skia    (  477): AGTM parsing failed flags.readFromStream(s) at 159
08-21 00:12:06.640 W/skia    (  477): AGTM parsing failed flags.readFromStream(s) at 159
08-21 00:12:06.709 W/skia    (  477): AGTM parsing failed flags.readFromStream(s) at 159
08-21 00:12:06.709 W/skia    (  477): AGTM parsing failed flags.readFromStream(s) at 159
08-21 00:12:06.709 W/skia    (  477): AGTM parsing failed flags.readFromStream(s) at 159
08-21 00:12:07.444 I/adbd    (  479): adbd service requested 'exec:cat '/sdcard/uinav-ab487453f1e643abaa851acd68df32f4.xml''
08-21 00:12:07.465 I/adbd    (  479): adbd service requested 'shell,v2,TERM=xterm-256color,raw:rm -f /sdcard/uinav-ab487453f1e643abaa851acd68df32f4.xml'
08-21 00:12:07.470 I/MediaProvider( 1618): Deleted 0 0 0 0 0 0 1 items on external_primary due to com.android.shell
08-21 00:12:07.491 I/adbd    (  479): adbd service requested 'shell,v2,TERM=xterm-256color,raw:input tap 756 877'
08-21 00:12:07.507 I/LegacyActivityStarterInternalImpl(  894): shouldAnimateLaunch: isActivityIntent=true, showOverLockscreen=false, ignoreOcclusion=false, isInDesktopModeOnCurrentShadeDisplay=false, isDisplayDesktopFirst=false, isKeyguardShowing=false
08-21 00:12:07.507 I/LegacyActivityStarterInternalImpl(  894): Invoking dismissKeyguardThenExecute, afterKeyguardGone: false
08-21 00:12:07.507 W/AS.PlaybackActivityMon(  642): No piid assigned for invalid/internal port id 15
08-21 00:12:07.507 W/AS.PlaybackActivityMon(  642): No piid assigned for invalid/internal port id 15
08-21 00:12:07.509 V/GrammaticalInflectionUtils(  642): AttributionSource: android.content.AttributionSource@e8567d59 does not have READ_SYSTEM_GRAMMATICAL_GENDER permission.
08-21 00:12:07.538 W/skia    (  477): AGTM parsing failed flags.readFromStream(s) at 159
08-21 00:12:07.538 W/skia    (  477): AGTM parsing failed flags.readFromStream(s) at 159
08-21 00:12:07.538 W/skia    (  477): AGTM parsing failed flags.readFromStream(s) at 159
08-21 00:12:07.539 W/skia    (  477): AGTM parsing failed flags.readFromStream(s) at 159
08-21 00:12:07.539 W/skia    (  477): AGTM parsing failed flags.readFromStream(s) at 159
08-21 00:12:07.539 W/skia    (  477): AGTM parsing failed flags.readFromStream(s) at 159
08-21 00:12:07.539 W/skia    (  477): AGTM parsing failed flags.readFromStream(s) at 159
08-21 00:12:07.540 V/RecentTasksController(  894): Notify recent tasks changed
08-21 00:12:07.540 D/RecentTasksList( 1043): invalidateLoadedTasks - previous requestLoadId: -1
08-21 00:12:07.540 V/ActivityTaskManager(  642): TaskLaunchParamsModifier: phase=3 task=Task{a09e9f7 #584 type=standard A=10252:com.izzes.nears} activity=ActivityRecord{24850073 u0 com.izzes.nears/.MainActivity t-1} display-from-task=0 display-id=0 task-display-area-windowing-mode=1 suggested-display-area=DefaultTaskDisplayArea@96464962 inherit-from-task=fullscreen non-freeform-task-display-area display-area=DefaultTaskDisplayArea@96464962 skip-bounds-fullscreen
08-21 00:12:07.540 I/ActivityTaskManager(  642): START u0 {act=android.intent.action.MAIN cat=[android.intent.category.LAUNCHER] flg=0x14000000 xflg=0x4 pkg=com.izzes.nears cmp=com.izzes.nears/.MainActivity (has extras)} with LAUNCH_SINGLE_TOP from uid 10252 (com.izzes.nears) (realCallingUid=10195) (BAL_ALLOW_NON_APP_VISIBLE_WINDOW [realCaller]) result code=2
08-21 00:12:07.540 V/WindowManagerShell(  894): Transition requested (#58): android.os.BinderProxy@8811481 TransitionRequestInfo { type = OPEN, triggerTask = TaskInfo{userId=0 taskId=584 effectiveUid=10252 displayId=0 isRunning=true baseIntent=Intent { flg=0x10000000 cmp=com.izzes.nears/.MainActivity } baseActivity=ComponentInfo{com.izzes.nears/com.izzes.nears.MainActivity} topActivity=ComponentInfo{com.izzes.nears/com.izzes.nears.MainActivity} origActivity=null realActivity=ComponentInfo{com.izzes.nears/com.izzes.nears.MainActivity} realActivityIsAppLockEnabled=false numActivities=1 lastActiveTime=11131814 supportsMultiWindow=true supportsMultiWindowWithoutConstraints=true resizeMode=1 isResizeable=true minWidth=-1 minHeight=-1 defaultMinSize=220 token=WCT{android.os.BinderProxy@bcc8a4f} topActivityType=1 pictureInPictureParams=null shouldDockBigOverlays=false launchIntoPipHostTaskId=-1 lastParentTaskIdBeforePip=-1 displayCutoutSafeInsets=Rect(0, 159 - 0, 0) topActivityInfo=ActivityInfo{ffb3926 com.izzes.nears.MainActivity} launchCookies=[] positionInParent=Point(0, 0) parentTaskId=-1 isFocused=false isInteractive=false isVisible=false isVisibleRequested=false isTopActivityNoDisplay=false isSleeping=false locusId=null displayAreaFeatureId=1 isTopActivityTransparent=false isActivityStackTransparent=false lastNonFullscreenBounds=null leafTaskBoundsFromOptions= false capturedLink=null capturedLinkTimestamp=0 requestedVisibleTypes=503 topActivityRequestOpenInBrowserEducationTimestamp=0 appCompatTaskInfo=AppCompatTaskInfo { topActivityInSizeCompat=false isLeafTask= true eligibleForLetterboxEducation= false isLetterboxEducationEnabled= true isLetterboxDoubleTapEnabled= false eligibleForUserAspectRatioButton= false topActivityBoundsLetterboxed= false isFromLetterboxDoubleTap= false topActivityLetterboxVerticalPosition= -1 topActivityLetterboxHorizontalPosition= -1 topActivityLetterboxWidth=-1 topActivityLetterboxHeight=-1 topActivityAppBounds=Rect(0, 0 - 1344, 2992) isUserFullscreenOverrideEnabled=false isSystemFullscreenOverrideEnabled=false hasMinAspectRatioOverride=false topActivityLetterboxBounds=null topNonResizableActivityAspectRatio=-1.0} topActivityMainWindowFrame=null isAppBubble=false}, pipChange = null, remoteTransitionInfo = RemoteTransitionInfo { remoteTransition = com.android.systemui.animation.RemoteAnimationRunnerCompat$1@2c51967, debugName = SysUILaunch, filter = null }, displayChanges = null, requestedLocation = null, userChange = null, windowingLayerChange = null, fullscreenRequestChange = null, flags = 0, debugId = 58 }
08-21 00:12:07.540 W/DisconnectHandler(  894): No disconnect change found in the transition, not handling request.
08-21 00:12:07.540 W/DisconnectHandler(  894): No disconnect change found in the transition, not handling request.
08-21 00:12:07.540 V/ShellDesktopMode(  894): DesktopTasksController: skipping handleRequest reason=triggerTask's display doesn't support desktop mode
08-21 00:12:07.540 D/ShellSplitScreen(  894): logExit: no-op, mLoggerSessionId is null
08-21 00:12:07.540 V/WindowManagerShell(  894): RemoteTransition directly requested for (#58) android.os.BinderProxy@8811481: RemoteTransition { remoteTransition = com.android.systemui.animation.RemoteAnimationRunnerCompat$1@2c51967, appThread = null, debugName = SysUILaunch, filter = null }
08-21 00:12:07.540 D/BaseActivity( 1043): Launcher flags updated: [state_started|state_resumed|state_deferred_resumed|state_user_active] -[]
08-21 00:12:07.540 V/WindowManagerShell(  894): Transition (#58): request handled by DefaultMixedHandler
08-21 00:12:07.541 D/BaseActivity( 1043): Launcher flags updated: [state_started|state_resumed|state_deferred_resumed] -[state_user_active]
08-21 00:12:07.541 I/ActivityTransitionAnimator(  894): launchResult=2 willAnimate=true hideKeyguardWithAnimation=false
08-21 00:12:07.541 W/skia    (  477): AGTM parsing failed flags.readFromStream(s) at 159
08-21 00:12:07.541 W/skia    (  477): AGTM parsing failed flags.readFromStream(s) at 159
08-21 00:12:07.541 W/skia    (  477): AGTM parsing failed flags.readFromStream(s) at 159
08-21 00:12:07.542 D/WindowManagerShell(  894): setLauncherKeepClearAreaHeight: visible=false, height=567
08-21 00:12:07.542 W/InputChannel-JNI(  642): Channel already disposed.
08-21 00:12:07.542 D/BaseActivity( 1043): Launcher flags updated: [state_started] -[state_resumed|state_deferred_resumed]
08-21 00:12:07.543 W/SplitSelectStateCtor( 1043): Missing session instanceIds
08-21 00:12:07.543 D/StatsLog( 1043): LAUNCHER_SPLIT_SELECTION_EXIT_INTERRUPTED
08-21 00:12:07.543 V/GrammaticalInflectionUtils(  642): AttributionSource: android.content.AttributionSource@e8567d59 does not have READ_SYSTEM_GRAMMATICAL_GENDER permission.
08-21 00:12:07.544 V/WindowManager(  642): Defer transition id=58 for TaskFragmentTransaction=android.os.Binder@cab17d1
08-21 00:12:07.544 D/WindowManagerShell(  894): onActivityRestartAttempt: topActivity=ComponentInfo{com.izzes.nears/com.izzes.nears.MainActivity}, wasVisible=false, displayId=0, pipDisplayLayoutState#displayId=0
08-21 00:12:07.544 I/libbinder.BpBinder(  477): onLastStrongRef automatically unlinking death recipients for binder (0xb400721bb204f120) with descriptor: '(not cached)'
08-21 00:12:07.544 V/WindowManager(  642): Continue transition id=58 for TaskFragmentTransaction=android.os.Binder@cab17d1
08-21 00:12:07.547 D/Zygote  (  429): Forked child process 15262
08-21 00:12:07.547 I/ActivityManager(  642): Start proc 15262:com.izzes.nears/u0a252 for next-top-activity {com.izzes.nears/com.izzes.nears.MainActivity}
08-21 00:12:07.551 I/libprocessgroup(15262): Created cgroup /sys/fs/cgroup/apps/uid_10252/pid_15262
08-21 00:12:07.552 I/Zygote  (15262): Process 15262 created for com.izzes.nears
08-21 00:12:07.552 I/com.izzes.nears(15262): Late-enabling -Xcheck:jni
08-21 00:12:07.556 W/skia    (  477): AGTM parsing failed flags.readFromStream(s) at 159
08-21 00:12:07.556 W/skia    (  477): AGTM parsing failed flags.readFromStream(s) at 159
08-21 00:12:07.556 W/skia    (  477): AGTM parsing failed flags.readFromStream(s) at 159
08-21 00:12:07.556 W/skia    (  477): AGTM parsing failed flags.readFromStream(s) at 159
08-21 00:12:07.556 W/skia    (  477): AGTM parsing failed flags.readFromStream(s) at 159
08-21 00:12:07.556 W/skia    (  477): AGTM parsing failed flags.readFromStream(s) at 159
08-21 00:12:07.556 W/skia    (  477): AGTM parsing failed flags.readFromStream(s) at 159
08-21 00:12:07.559 I/com.izzes.nears(15262): Using generational CollectorTypeCMC GC.
08-21 00:12:07.559 D/VRI[nears](  894): visibilityChanged oldVisibility=false newVisibility=true
08-21 00:12:07.560 I/adbd    (  479): jdwp connection from 15262
08-21 00:12:07.561 D/nativeloader(15262): Load libframework-connectivity-tiramisu-jni.so using APEX ns com_android_tethering for caller /apex/com.android.tethering/javalib/framework-connectivity-t.jar: ok
08-21 00:12:07.572 W/skia    (  477): AGTM parsing failed flags.readFromStream(s) at 159
08-21 00:12:07.572 W/skia    (  477): AGTM parsing failed flags.readFromStream(s) at 159
08-21 00:12:07.572 W/skia    (  477): AGTM parsing failed flags.readFromStream(s) at 159
08-21 00:12:07.572 W/skia    (  477): AGTM parsing failed flags.readFromStream(s) at 159
08-21 00:12:07.572 W/skia    (  477): AGTM parsing failed flags.readFromStream(s) at 159
08-21 00:12:07.572 W/skia    (  477): AGTM parsing failed flags.readFromStream(s) at 159
08-21 00:12:07.572 W/skia    (  477): AGTM parsing failed flags.readFromStream(s) at 159
08-21 00:12:07.580 D/WindowManager(  642): setClientSurface Surface(name=VRI-Splash Screen com.izzes.nears#803)/@0x6930bc2 for e58b96a Splash Screen com.izzes.nears
08-21 00:12:07.581 I/Surface (  894): Creating surface for consumer unnamed-894-38 with slotExpansion=1 for 64 slots
08-21 00:12:07.581 I/Surface (  894): Creating surface for consumer VRI[nears]#29(BLAST Consumer)29 with slotExpansion=1 for 64 slots
08-21 00:12:07.581 D/ApplicationLoaders(15262): Returning zygote-cached class loader: /system/framework/org.apache.http.legacy.jar
08-21 00:12:07.581 D/ApplicationLoaders(15262): Returning zygote-cached class loader: /system_ext/framework/androidx.window.extensions.jar
08-21 00:12:07.581 D/ApplicationLoaders(15262): Returning zygote-cached class loader: /system_ext/framework/androidx.window.sidecar.jar
08-21 00:12:07.589 W/skia    (  477): AGTM parsing failed flags.readFromStream(s) at 159
08-21 00:12:07.589 W/skia    (  477): AGTM parsing failed flags.readFromStream(s) at 159
08-21 00:12:07.589 W/skia    (  477): AGTM parsing failed flags.readFromStream(s) at 159
08-21 00:12:07.589 W/skia    (  477): AGTM parsing failed flags.readFromStream(s) at 159
08-21 00:12:07.589 W/skia    (  477): AGTM parsing failed flags.readFromStream(s) at 159
08-21 00:12:07.589 W/skia    (  477): AGTM parsing failed flags.readFromStream(s) at 159
08-21 00:12:07.589 W/skia    (  477): AGTM parsing failed flags.readFromStream(s) at 159
08-21 00:12:07.597 V/WindowManager(  642): Sent Transition (#58) createdAt=08-21 00:12:07.509 via request=TransitionRequestInfo { type = OPEN, triggerTask = TaskInfo{userId=0 taskId=584 effectiveUid=10252 displayId=0 isRunning=true baseIntent=Intent { flg=0x10000000 cmp=com.izzes.nears/.MainActivity } baseActivity=ComponentInfo{com.izzes.nears/com.izzes.nears.MainActivity} topActivity=ComponentInfo{com.izzes.nears/com.izzes.nears.MainActivity} origActivity=null realActivity=ComponentInfo{com.izzes.nears/com.izzes.nears.MainActivity} realActivityIsAppLockEnabled=false numActivities=1 lastActiveTime=11131814 supportsMultiWindow=true supportsMultiWindowWithoutConstraints=true resizeMode=1 isResizeable=true minWidth=-1 minHeight=-1 defaultMinSize=220 token=WCT{RemoteToken{cc83a48 Task{a09e9f7 #584 type=standard A=10252:com.izzes.nears}}} topActivityType=1 pictureInPictureParams=null shouldDockBigOverlays=false launchIntoPipHostTaskId=-1 lastParentTaskIdBeforePip=-1 displayCutoutSafeInsets=Rect(0, 159 - 0, 0) topActivityInfo=ActivityInfo{eb2f0e1 com.izzes.nears.MainActivity} launchCookies=[] positionInParent=Point(0, 0) parentTaskId=-1 isFocused=false isInteractive=false isVisible=false isVisibleRequested=false isTopActivityNoDisplay=false isSleeping=false locusId=null displayAreaFeatureId=1 isTopActivityTransparent=false isActivityStackTransparent=false lastNonFullscreenBounds=null leafTaskBoundsFromOptions= false capturedLink=null capturedLinkTimestamp=0 requestedVisibleTypes=503 topActivityRequestOpenInBrowserEducationTimestamp=0 appCompatTaskInfo=AppCompatTaskInfo { topActivityInSizeCompat=false isLeafTask= true eligibleForLetterboxEducation= false isLetterboxEducationEnabled= true isLetterboxDoubleTapEnabled= false eligibleForUserAspectRatioButton= false topActivityBoundsLetterboxed= false isFromLetterboxDoubleTap= false topActivityLetterboxVerticalPosition= -1 topActivityLetterboxHorizontalPosition= -1 topActivityLetterboxWidth=-1 topActivityLetterboxHeight=-1 topActivityAppBounds=Rect(0, 0 - 1344, 2992) isUserFullscreenOverrideEnabled=false isSystemFullscreenOverrideEnabled=false hasMinAspectRatioOverride=false topActivityLetterboxBounds=null topNonResizableActivityAspectRatio=-1.0} topActivityMainWindowFrame=null isAppBubble=false}, pipChange = null, remoteTransitionInfo = RemoteTransitionInfo { remoteTransition = android.window.IRemoteTransition$Stub$Proxy@29d10, debugName = SysUILaunch, filter = null }, displayChanges = null, requestedLocation = null, userChange = null, windowingLayerChange = null, fullscreenRequestChange = null, flags = 0, debugId = 58 }
08-21 00:12:07.597 V/WindowManager(  642):     startWCT=WindowContainerTransaction { changes= {} hops= [] flags= 0 errorCallbackToken=null taskFragmentOrganizer=null }
08-21 00:12:07.597 V/WindowManager(  642):     info={id=58 t=OPEN f=0x0 trk=0 r=[0@Point(0, 0)] c=[
08-21 00:12:07.597 V/WindowManager(  642):         {WCT{RemoteToken{cc83a48 Task{a09e9f7 #584 type=standard A=10252:com.izzes.nears}}} m=OPEN f=MOVE_TO_TOP|FLAG_CHANGED_INTERACTIVE leash=Surface(name=Task=584#688)/@0x236e83a sb=Rect(0, 0 - 1344, 2992) eb=Rect(0, 0 - 1344, 2992) epz=Point(1344, 2992) d=0 taskParent=-1 winMode=1 userId=0},
08-21 00:12:07.597 V/WindowManager(  642):         {WCT{RemoteToken{286712d Task{cafc982 #1 type=home}}} m=TO_BACK f=SHOW_WALLPAPER|FLAG_CHANGED_INTERACTIVE leash=Surface(name=Task=1#35)/@0xe762e98 sb=Rect(0, 0 - 1344, 2992) eb=Rect(0, 0 - 1344, 2992) epz=Point(1344, 2992) d=0 taskParent=-1 winMode=1 userId=0},
08-21 00:12:07.597 V/WindowManager(  642):         {m=TO_BACK f=IS_WALLPAPER leash=Surface(name=WallpaperWindowToken{86c8005}#54)/@0x9b5907b sb=Rect(0, 0 - 1344, 2992) eb=Rect(0, 0 - 1344, 2992) epz=Point(1344, 2992) d=0}
08-21 00:12:07.597 V/WindowManager(  642):     ]}
08-21 00:12:07.598 V/WindowManagerShell(  894): onTransitionReady(transaction=2757369015316)
08-21 00:12:07.598 V/WindowManagerShell(  894): onTransitionReady (#58) android.os.BinderProxy@8811481: {id=58 t=OPEN f=0x0 trk=0 r=[0@Point(0, 0)] c=[
08-21 00:12:07.598 V/WindowManagerShell(  894):         {m=OPEN f=MOVE_TO_TOP|FLAG_CHANGED_INTERACTIVE leash=Surface(name=Task=584#688)/@0xae06bae sb=Rect(0, 0 - 1344, 2992) eb=Rect(0, 0 - 1344, 2992) epz=Point(1344, 2992) d=0 taskParent=-1 winMode=1 userId=0},
08-21 00:12:07.598 V/WindowManagerShell(  894):         {m=TO_BACK f=SHOW_WALLPAPER|FLAG_CHANGED_INTERACTIVE leash=Surface(name=Task=1#35)/@0x8f10d4f sb=Rect(0, 0 - 1344, 2992) eb=Rect(0, 0 - 1344, 2992) epz=Point(1344, 2992) d=0 taskParent=-1 winMode=1 userId=0},
08-21 00:12:07.598 V/WindowManagerShell(  894):         {m=TO_BACK f=IS_WALLPAPER leash=Surface(name=WallpaperWindowToken{86c8005}#54)/@0xacaecdc sb=Rect(0, 0 - 1344, 2992) eb=Rect(0, 0 - 1344, 2992) epz=Point(1344, 2992) d=0}
08-21 00:12:07.598 V/WindowManagerShell(  894):     ]}
08-21 00:12:07.598 V/WindowManagerShell(  894): Playing animation for (#58) android.os.BinderProxy@8811481@0
08-21 00:12:07.598 V/WindowManagerShell(  894):  try firstHandler com.android.wm.shell.transition.DefaultMixedHandler@cafce2f
08-21 00:12:07.598 V/WindowManagerShell(  894): Mixed transition for opening an intent with a remote transition and PIP or Desktop #58
08-21 00:12:07.598 V/WindowManagerShell(  894): tryAnimateOpenIntentWithRemoteAndPipOrDesktop
08-21 00:12:07.598 V/WindowManagerShell(  894):  Delegate animation for (#58) to RemoteTransition { remoteTransition = com.android.systemui.animation.RemoteAnimationRunnerCompat$1@2c51967, appThread = null, debugName = SysUILaunch, filter = null }
08-21 00:12:07.599 W/ActivityTaskManager(  642): setRunningRemoteTransition: no process for null
08-21 00:12:07.600 V/WindowManagerShell(  894):  animated by firstHandler
08-21 00:12:07.606 W/skia    (  477): AGTM parsing failed flags.readFromStream(s) at 159
08-21 00:12:07.606 W/skia    (  477): AGTM parsing failed flags.readFromStream(s) at 159
08-21 00:12:07.606 W/skia    (  477): AGTM parsing failed flags.readFromStream(s) at 159
08-21 00:12:07.606 W/skia    (  477): AGTM parsing failed flags.readFromStream(s) at 159
08-21 00:12:07.606 W/skia    (  477): AGTM parsing failed flags.readFromStream(s) at 159
08-21 00:12:07.606 W/skia    (  477): AGTM parsing failed flags.readFromStream(s) at 159
08-21 00:12:07.606 W/skia    (  477): AGTM parsing failed flags.readFromStream(s) at 159
08-21 00:12:07.622 W/skia    (  477): AGTM parsing failed flags.readFromStream(s) at 159
08-21 00:12:07.622 W/skia    (  477): AGTM parsing failed flags.readFromStream(s) at 159
08-21 00:12:07.622 W/skia    (  477): AGTM parsing failed flags.readFromStream(s) at 159
08-21 00:12:07.622 W/skia    (  477): AGTM parsing failed flags.readFromStream(s) at 159
08-21 00:12:07.622 W/skia    (  477): AGTM parsing failed flags.readFromStream(s) at 159
08-21 00:12:07.622 W/skia    (  477): AGTM parsing failed flags.readFromStream(s) at 159
08-21 00:12:07.622 W/skia    (  477): AGTM parsing failed flags.readFromStream(s) at 159
08-21 00:12:07.640 W/skia    (  477): AGTM parsing failed flags.readFromStream(s) at 159
08-21 00:12:07.640 W/skia    (  477): AGTM parsing failed flags.readFromStream(s) at 159
08-21 00:12:07.640 W/skia    (  477): AGTM parsing failed flags.readFromStream(s) at 159
08-21 00:12:07.640 W/skia    (  477): AGTM parsing failed flags.readFromStream(s) at 159
08-21 00:12:07.640 W/skia    (  477): AGTM parsing failed flags.readFromStream(s) at 159
08-21 00:12:07.640 W/skia    (  477): AGTM parsing failed flags.readFromStream(s) at 159
08-21 00:12:07.640 W/skia    (  477): AGTM parsing failed flags.readFromStream(s) at 159
08-21 00:12:07.642 W/skia    (  477): AGTM parsing failed flags.readFromStream(s) at 159
08-21 00:12:07.642 W/skia    (  477): AGTM parsing failed flags.readFromStream(s) at 159
08-21 00:12:07.642 W/skia    (  477): AGTM parsing failed flags.readFromStream(s) at 159
08-21 00:12:07.644 V/RecentTasksController(  894): Notify recent tasks changed
08-21 00:12:07.646 D/RecentTasksList( 1043): invalidateLoadedTasks - previous requestLoadId: -1
08-21 00:12:07.646 V/RecentTasksController(  894): generateList(getRecentTasks)
08-21 00:12:07.646 V/RecentTasksController(  894): initializeDesksMap - allDeskIds: []
08-21 00:12:07.646 V/RecentTasksController(  894): Task 584 is not an active desktop task
08-21 00:12:07.646 V/RecentTasksController(  894): Added fullscreen task: 584
08-21 00:12:07.646 V/RecentTasksController(  894): Task 507 is not an active desktop task
08-21 00:12:07.646 V/RecentTasksController(  894): Added fullscreen task: 507
08-21 00:12:07.646 V/RecentTasksController(  894): generateList - complete
08-21 00:12:07.647 D/PreloadThumbnailUseCase( 1043): Preloading thumbnails for task ids: [[id=507 windowingMode=0 user=0 lastActiveTime=7773] null, [id=584 windowingMode=1 user=0 lastActiveTime=11131814] null]
08-21 00:12:07.650 I/GFXSTREAM(  642): [eglDisplay.cpp(297)] Opening libGLESv1_CM_emulation.so
08-21 00:12:07.650 I/GFXSTREAM(  642): [eglDisplay.cpp(297)] Opening libGLESv2_emulation.so
08-21 00:12:07.647 W/GrallocUploadTh(  642): type=1400 audit(0.0:160): avc:  denied  { read } for  name="u:object_r:vendor_default_prop:s0" dev="tmpfs" ino=395 scontext=u:r:system_server:s0 tcontext=u:object_r:vendor_default_prop:s0 tclass=file permissive=0
08-21 00:12:07.651 W/libc    (  642): Access denied finding property "vendor.mesa.virtgpu.kumquat"
08-21 00:12:07.652 W/HWUI    (  642): Failed to choose config with EGL_SWAP_BEHAVIOR_PRESERVED, retrying without...
08-21 00:12:07.652 W/HWUI    (  642): Failed to initialize 101010-2 format, error = EGL_SUCCESS
08-21 00:12:07.654 W/libc    (  642): Access denied finding property "vendor.mesa.virtgpu.kumquat"
08-21 00:12:07.651 W/binder:642_10(  642): type=1400 audit(0.0:161): avc:  denied  { read } for  name="u:object_r:vendor_default_prop:s0" dev="tmpfs" ino=395 scontext=u:r:system_server:s0 tcontext=u:object_r:vendor_default_prop:s0 tclass=file permissive=0
08-21 00:12:07.656 W/skia    (  477): AGTM parsing failed flags.readFromStream(s) at 159
08-21 00:12:07.656 W/skia    (  477): AGTM parsing failed flags.readFromStream(s) at 159
08-21 00:12:07.656 W/skia    (  477): AGTM parsing failed flags.readFromStream(s) at 159
08-21 00:12:07.656 W/skia    (  477): AGTM parsing failed flags.readFromStream(s) at 159
08-21 00:12:07.656 W/skia    (  477): AGTM parsing failed flags.readFromStream(s) at 159
08-21 00:12:07.656 W/skia    (  477): AGTM parsing failed flags.readFromStream(s) at 159
08-21 00:12:07.656 W/skia    (  477): AGTM parsing failed flags.readFromStream(s) at 159
08-21 00:12:07.673 W/skia    (  477): AGTM parsing failed flags.readFromStream(s) at 159
08-21 00:12:07.673 W/skia    (  477): AGTM parsing failed flags.readFromStream(s) at 159
08-21 00:12:07.673 W/skia    (  477): AGTM parsing failed flags.readFromStream(s) at 159
08-21 00:12:07.673 W/skia    (  477): AGTM parsing failed flags.readFromStream(s) at 159
08-21 00:12:07.673 W/skia    (  477): AGTM parsing failed flags.readFromStream(s) at 159
08-21 00:12:07.673 W/skia    (  477): AGTM parsing failed flags.readFromStream(s) at 159
08-21 00:12:07.673 W/skia    (  477): AGTM parsing failed flags.readFromStream(s) at 159
08-21 00:12:07.689 W/skia    (  477): AGTM parsing failed flags.readFromStream(s) at 159
08-21 00:12:07.689 W/skia    (  477): AGTM parsing failed flags.readFromStream(s) at 159
08-21 00:12:07.689 W/skia    (  477): AGTM parsing failed flags.readFromStream(s) at 159
08-21 00:12:07.689 W/skia    (  477): AGTM parsing failed flags.readFromStream(s) at 159
08-21 00:12:07.689 W/skia    (  477): AGTM parsing failed flags.readFromStream(s) at 159
08-21 00:12:07.689 W/skia    (  477): AGTM parsing failed flags.readFromStream(s) at 159
08-21 00:12:07.689 W/skia    (  477): AGTM parsing failed flags.readFromStream(s) at 159
08-21 00:12:07.692 D/ShadeStatusBarComponentsInteractor#disableFlagsInteractor(  894): newValue: DisableFlagsModel(disable1=0, disable2=0, animate=true)
08-21 00:12:07.699 I/APM_AudioPolicyManager(  473): getNewOutputDevices io 13 recent device override {AUDIO_DEVICE_OUT_SPEAKER, @:}
08-21 00:12:07.706 W/skia    (  477): AGTM parsing failed flags.readFromStream(s) at 159
08-21 00:12:07.706 W/skia    (  477): AGTM parsing failed flags.readFromStream(s) at 159
08-21 00:12:07.706 W/skia    (  477): AGTM parsing failed flags.readFromStream(s) at 159
08-21 00:12:07.707 W/skia    (  477): AGTM parsing failed flags.readFromStream(s) at 159
08-21 00:12:07.707 W/skia    (  477): AGTM parsing failed flags.readFromStream(s) at 159
08-21 00:12:07.707 W/skia    (  477): AGTM parsing failed flags.readFromStream(s) at 159
08-21 00:12:07.707 W/skia    (  477): AGTM parsing failed flags.readFromStream(s) at 159
08-21 00:12:07.722 W/skia    (  477): AGTM parsing failed flags.readFromStream(s) at 159
08-21 00:12:07.722 W/skia    (  477): AGTM parsing failed flags.readFromStream(s) at 159
08-21 00:12:07.722 W/skia    (  477): AGTM parsing failed flags.readFromStream(s) at 159
08-21 00:12:07.722 W/skia    (  477): AGTM parsing failed flags.readFromStream(s) at 159
08-21 00:12:07.722 W/skia    (  477): AGTM parsing failed flags.readFromStream(s) at 159
08-21 00:12:07.722 W/skia    (  477): AGTM parsing failed flags.readFromStream(s) at 159
08-21 00:12:07.722 W/skia    (  477): AGTM parsing failed flags.readFromStream(s) at 159
08-21 00:12:07.741 W/skia    (  477): AGTM parsing failed flags.readFromStream(s) at 159
08-21 00:12:07.741 W/skia    (  477): AGTM parsing failed flags.readFromStream(s) at 159
08-21 00:12:07.741 W/skia    (  477): AGTM parsing failed flags.readFromStream(s) at 159
08-21 00:12:07.741 W/skia    (  477): AGTM parsing failed flags.readFromStream(s) at 159
08-21 00:12:07.741 W/skia    (  477): AGTM parsing failed flags.readFromStream(s) at 159
08-21 00:12:07.741 W/skia    (  477): AGTM parsing failed flags.readFromStream(s) at 159
08-21 00:12:07.741 W/skia    (  477): AGTM parsing failed flags.readFromStream(s) at 159
08-21 00:12:07.743 W/skia    (  477): AGTM parsing failed flags.readFromStream(s) at 159
08-21 00:12:07.743 W/skia    (  477): AGTM parsing failed flags.readFromStream(s) at 159
08-21 00:12:07.743 W/skia    (  477): AGTM parsing failed flags.readFromStream(s) at 159
08-21 00:12:07.756 W/skia    (  477): AGTM parsing failed flags.readFromStream(s) at 159
08-21 00:12:07.756 W/skia    (  477): AGTM parsing failed flags.readFromStream(s) at 159
08-21 00:12:07.756 W/skia    (  477): AGTM parsing failed flags.readFromStream(s) at 159
08-21 00:12:07.756 W/skia    (  477): AGTM parsing failed flags.readFromStream(s) at 159
08-21 00:12:07.756 W/skia    (  477): AGTM parsing failed flags.readFromStream(s) at 159
08-21 00:12:07.756 W/skia    (  477): AGTM parsing failed flags.readFromStream(s) at 159
08-21 00:12:07.756 W/skia    (  477): AGTM parsing failed flags.readFromStream(s) at 159
08-21 00:12:07.774 W/skia    (  477): AGTM parsing failed flags.readFromStream(s) at 159
08-21 00:12:07.774 W/skia    (  477): AGTM parsing failed flags.readFromStream(s) at 159
08-21 00:12:07.774 W/skia    (  477): AGTM parsing failed flags.readFromStream(s) at 159
08-21 00:12:07.774 W/skia    (  477): AGTM parsing failed flags.readFromStream(s) at 159
08-21 00:12:07.774 W/skia    (  477): AGTM parsing failed flags.readFromStream(s) at 159
08-21 00:12:07.774 W/skia    (  477): AGTM parsing failed flags.readFromStream(s) at 159
08-21 00:12:07.774 W/skia    (  477): AGTM parsing failed flags.readFromStream(s) at 159
08-21 00:12:07.789 W/skia    (  477): AGTM parsing failed flags.readFromStream(s) at 159
08-21 00:12:07.789 W/skia    (  477): AGTM parsing failed flags.readFromStream(s) at 159
08-21 00:12:07.789 W/skia    (  477): AGTM parsing failed flags.readFromStream(s) at 159
08-21 00:12:07.789 W/skia    (  477): AGTM parsing failed flags.readFromStream(s) at 159
08-21 00:12:07.789 W/skia    (  477): AGTM parsing failed flags.readFromStream(s) at 159
08-21 00:12:07.789 W/skia    (  477): AGTM parsing failed flags.readFromStream(s) at 159
08-21 00:12:07.789 W/skia    (  477): AGTM parsing failed flags.readFromStream(s) at 159
08-21 00:12:07.789 W/skia    (  477): AGTM parsing failed flags.readFromStream(s) at 159
08-21 00:12:07.806 W/skia    (  477): AGTM parsing failed flags.readFromStream(s) at 159
08-21 00:12:07.806 W/skia    (  477): AGTM parsing failed flags.readFromStream(s) at 159
08-21 00:12:07.806 W/skia    (  477): AGTM parsing failed flags.readFromStream(s) at 159
08-21 00:12:07.806 W/skia    (  477): AGTM parsing failed flags.readFromStream(s) at 159
08-21 00:12:07.806 W/skia    (  477): AGTM parsing failed flags.readFromStream(s) at 159
08-21 00:12:07.806 W/skia    (  477): AGTM parsing failed flags.readFromStream(s) at 159
08-21 00:12:07.806 W/skia    (  477): AGTM parsing failed flags.readFromStream(s) at 159
08-21 00:12:07.806 W/skia    (  477): AGTM parsing failed flags.readFromStream(s) at 159
08-21 00:12:07.825 D/nativeloader(15262): Configuring clns-9 for other apk /data/app/~~KhkoGxgWleXvanC1r0ezhg==/com.izzes.nears-VjQRwXFlvZaTMRoqdNXDPg==/base.apk. target_sdk_version=36, uses_libraries=, library_path=/data/app/~~KhkoGxgWleXvanC1r0ezhg==/com.izzes.nears-VjQRwXFlvZaTMRoqdNXDPg==/lib/arm64:/data/app/~~KhkoGxgWleXvanC1r0ezhg==/com.izzes.nears-VjQRwXFlvZaTMRoqdNXDPg==/base.apk!/lib/arm64-v8a, permitted_path=/data:/mnt/expand:/data/user/0/com.izzes.nears
08-21 00:12:07.825 W/skia    (  477): AGTM parsing failed flags.readFromStream(s) at 159
08-21 00:12:07.825 W/skia    (  477): AGTM parsing failed flags.readFromStream(s) at 159
08-21 00:12:07.825 W/skia    (  477): AGTM parsing failed flags.readFromStream(s) at 159
08-21 00:12:07.825 W/skia    (  477): AGTM parsing failed flags.readFromStream(s) at 159
08-21 00:12:07.825 W/skia    (  477): AGTM parsing failed flags.readFromStream(s) at 159
08-21 00:12:07.825 W/skia    (  477): AGTM parsing failed flags.readFromStream(s) at 159
08-21 00:12:07.825 W/skia    (  477): AGTM parsing failed flags.readFromStream(s) at 159
08-21 00:12:07.825 W/skia    (  477): AGTM parsing failed flags.readFromStream(s) at 159
08-21 00:12:07.830 V/GraphicsEnvironment(15262): Currently set values for:
08-21 00:12:07.830 V/GraphicsEnvironment(15262):   angle_gl_driver_selection_pkgs=[]
08-21 00:12:07.830 V/GraphicsEnvironment(15262):   angle_gl_driver_selection_values=[]
08-21 00:12:07.830 V/GraphicsEnvironment(15262): com.izzes.nears is not listed in per-application setting
08-21 00:12:07.831 V/GraphicsEnvironment(15262): No special selections for ANGLE, returning default driver choice
08-21 00:12:07.831 V/GraphicsEnvironment(15262): Neither updatable production driver nor prerelease driver is supported.
08-21 00:12:07.837 W/FirebaseApp(15262): Default FirebaseApp failed to initialize because no default options were found. This usually means that com.google.gms:google-services was not applied to your gradle project.
08-21 00:12:07.837 I/FirebaseInitProvider(15262): FirebaseApp initialization unsuccessful
08-21 00:12:07.838 D/FLTFireContextHolder(15262): received application context.
08-21 00:12:07.839 W/skia    (  477): AGTM parsing failed flags.readFromStream(s) at 159
08-21 00:12:07.839 W/skia    (  477): AGTM parsing failed flags.readFromStream(s) at 159
08-21 00:12:07.839 W/skia    (  477): AGTM parsing failed flags.readFromStream(s) at 159
08-21 00:12:07.839 W/skia    (  477): AGTM parsing failed flags.readFromStream(s) at 159
08-21 00:12:07.839 W/skia    (  477): AGTM parsing failed flags.readFromStream(s) at 159
08-21 00:12:07.839 W/skia    (  477): AGTM parsing failed flags.readFromStream(s) at 159
08-21 00:12:07.839 W/skia    (  477): AGTM parsing failed flags.readFromStream(s) at 159
08-21 00:12:07.839 W/skia    (  477): AGTM parsing failed flags.readFromStream(s) at 159
08-21 00:12:07.843 W/skia    (  477): AGTM parsing failed flags.readFromStream(s) at 159
08-21 00:12:07.843 W/skia    (  477): AGTM parsing failed flags.readFromStream(s) at 159
08-21 00:12:07.843 W/skia    (  477): AGTM parsing failed flags.readFromStream(s) at 159
08-21 00:12:07.855 W/skia    (  477): AGTM parsing failed flags.readFromStream(s) at 159
08-21 00:12:07.856 W/skia    (  477): AGTM parsing failed flags.readFromStream(s) at 159
08-21 00:12:07.856 W/skia    (  477): AGTM parsing failed flags.readFromStream(s) at 159
08-21 00:12:07.856 W/skia    (  477): AGTM parsing failed flags.readFromStream(s) at 159
08-21 00:12:07.856 W/skia    (  477): AGTM parsing failed flags.readFromStream(s) at 159
08-21 00:12:07.856 W/skia    (  477): AGTM parsing failed flags.readFromStream(s) at 159
08-21 00:12:07.856 W/skia    (  477): AGTM parsing failed flags.readFromStream(s) at 159
08-21 00:12:07.856 W/skia    (  477): AGTM parsing failed flags.readFromStream(s) at 159
08-21 00:12:07.869 W/com.facebook.UserSettingsManager(15262): You haven't set a value for AdvertiserIDCollectionEnabled. Set the flag to TRUE if you want to collect Advertiser ID for better advertising and analytics results. To request user consent before collecting data, set the flag value to FALSE, then change to TRUE once user consent is received. Learn more: https://developers.facebook.com/docs/app-events/getting-started-app-events-android#disable-auto-events.
08-21 00:12:07.872 W/skia    (  477): AGTM parsing failed flags.readFromStream(s) at 159
08-21 00:12:07.872 W/skia    (  477): AGTM parsing failed flags.readFromStream(s) at 159
08-21 00:12:07.872 W/skia    (  477): AGTM parsing failed flags.readFromStream(s) at 159
08-21 00:12:07.872 W/skia    (  477): AGTM parsing failed flags.readFromStream(s) at 159
08-21 00:12:07.872 W/skia    (  477): AGTM parsing failed flags.readFromStream(s) at 159
08-21 00:12:07.872 W/skia    (  477): AGTM parsing failed flags.readFromStream(s) at 159
08-21 00:12:07.872 W/skia    (  477): AGTM parsing failed flags.readFromStream(s) at 159
08-21 00:12:07.872 W/skia    (  477): AGTM parsing failed flags.readFromStream(s) at 159
08-21 00:12:07.878 W/com.facebook.internal.NativeProtocol(15262): Apps that target Android API 30+ (Android 11+) cannot call Facebook native apps unless the package visibility needs are declared. Please follow https://developers.facebook.com/docs/android/troubleshooting/#faq_267321845055988 to make the declaration.
08-21 00:12:07.888 I/DisplayManager(15262): Choreographer implicitly registered for the refresh rate.
08-21 00:12:07.889 W/skia    (  477): AGTM parsing failed flags.readFromStream(s) at 159
08-21 00:12:07.889 W/skia    (  477): AGTM parsing failed flags.readFromStream(s) at 159
08-21 00:12:07.889 W/skia    (  477): AGTM parsing failed flags.readFromStream(s) at 159
08-21 00:12:07.889 W/skia    (  477): AGTM parsing failed flags.readFromStream(s) at 159
08-21 00:12:07.889 W/skia    (  477): AGTM parsing failed flags.readFromStream(s) at 159
08-21 00:12:07.889 W/skia    (  477): AGTM parsing failed flags.readFromStream(s) at 159
08-21 00:12:07.889 W/skia    (  477): AGTM parsing failed flags.readFromStream(s) at 159
08-21 00:12:07.889 W/skia    (  477): AGTM parsing failed flags.readFromStream(s) at 159
08-21 00:12:07.901 I/ResourceExtractor(15262): Found extracted resources res_timestamp-3-1787255979667
08-21 00:12:07.901 D/FlutterJNI(15262): Beginning load of flutter...
08-21 00:12:07.906 W/skia    (  477): AGTM parsing failed flags.readFromStream(s) at 159
08-21 00:12:07.906 W/skia    (  477): AGTM parsing failed flags.readFromStream(s) at 159
08-21 00:12:07.906 W/skia    (  477): AGTM parsing failed flags.readFromStream(s) at 159
08-21 00:12:07.906 W/skia    (  477): AGTM parsing failed flags.readFromStream(s) at 159
08-21 00:12:07.906 W/skia    (  477): AGTM parsing failed flags.readFromStream(s) at 159
08-21 00:12:07.906 W/skia    (  477): AGTM parsing failed flags.readFromStream(s) at 159
08-21 00:12:07.906 W/skia    (  477): AGTM parsing failed flags.readFromStream(s) at 159
08-21 00:12:07.906 W/skia    (  477): AGTM parsing failed flags.readFromStream(s) at 159
08-21 00:12:07.906 D/nativeloader(15262): Load /data/app/~~KhkoGxgWleXvanC1r0ezhg==/com.izzes.nears-VjQRwXFlvZaTMRoqdNXDPg==/lib/arm64/libflutter.so using class loader ns clns-9 (caller=/data/app/~~KhkoGxgWleXvanC1r0ezhg==/com.izzes.nears-VjQRwXFlvZaTMRoqdNXDPg==/base.apk!classes22.dex): ok
08-21 00:12:07.908 D/FlutterJNI(15262): flutter (null) was loaded normally!
08-21 00:12:07.915 D/FileUtils(  642): Rounded bytes from 3155017728 to 4000000000
08-21 00:12:07.922 W/skia    (  477): AGTM parsing failed flags.readFromStream(s) at 159
08-21 00:12:07.922 W/skia    (  477): AGTM parsing failed flags.readFromStream(s) at 159
08-21 00:12:07.922 W/skia    (  477): AGTM parsing failed flags.readFromStream(s) at 159
08-21 00:12:07.922 W/skia    (  477): AGTM parsing failed flags.readFromStream(s) at 159
08-21 00:12:07.922 W/skia    (  477): AGTM parsing failed flags.readFromStream(s) at 159
08-21 00:12:07.922 W/skia    (  477): AGTM parsing failed flags.readFromStream(s) at 159
08-21 00:12:07.922 W/skia    (  477): AGTM parsing failed flags.readFromStream(s) at 159
08-21 00:12:07.922 W/skia    (  477): AGTM parsing failed flags.readFromStream(s) at 159
08-21 00:12:07.925 I/GFXSTREAM(15262): [eglDisplay.cpp(297)] Opening libGLESv1_CM_emulation.so
08-21 00:12:07.925 I/GFXSTREAM(15262): [eglDisplay.cpp(297)] Opening libGLESv2_emulation.so
08-21 00:12:07.925 W/libc    (15262): Access denied finding property "vendor.mesa.virtgpu.kumquat"
08-21 00:12:07.927 W/HWUI    (15262): Failed to choose config with EGL_SWAP_BEHAVIOR_PRESERVED, retrying without...
08-21 00:12:07.928 W/HWUI    (15262): Failed to initialize 101010-2 format, error = EGL_SUCCESS
08-21 00:12:07.931 W/com.izzes.nears(15262): type=1400 audit(0.0:162): avc:  denied  { read } for  name="max_map_count" dev="proc" ino=26028 scontext=u:r:untrusted_app_34:s0:c252,c256,c512,c768 tcontext=u:object_r:proc_max_map_count:s0 tclass=file permissive=0 app=com.izzes.nears
08-21 00:12:07.939 W/skia    (  477): AGTM parsing failed flags.readFromStream(s) at 159
08-21 00:12:07.939 W/skia    (  477): AGTM parsing failed flags.readFromStream(s) at 159
08-21 00:12:07.939 W/skia    (  477): AGTM parsing failed flags.readFromStream(s) at 159
08-21 00:12:07.939 W/skia    (  477): AGTM parsing failed flags.readFromStream(s) at 159
08-21 00:12:07.939 W/skia    (  477): AGTM parsing failed flags.readFromStream(s) at 159
08-21 00:12:07.939 W/skia    (  477): AGTM parsing failed flags.readFromStream(s) at 159
08-21 00:12:07.939 W/skia    (  477): AGTM parsing failed flags.readFromStream(s) at 159
08-21 00:12:07.939 W/skia    (  477): AGTM parsing failed flags.readFromStream(s) at 159
08-21 00:12:07.940 W/libc    (15262): Access denied finding property "vendor.mesa.virtgpu.kumquat"
08-21 00:12:07.943 W/skia    (  477): AGTM parsing failed flags.readFromStream(s) at 159
08-21 00:12:07.944 W/skia    (  477): AGTM parsing failed flags.readFromStream(s) at 159
08-21 00:12:07.944 W/skia    (  477): AGTM parsing failed flags.readFromStream(s) at 159
08-21 00:12:07.948 I/flutter (15262): [IMPORTANT:flutter/shell/platform/android/android_context_gl_impeller.cc(104)] Using the Impeller rendering backend (OpenGLES).
08-21 00:12:07.950 W/libc    (15262): Access denied finding property "vendor.mesa.virtgpu.kumquat"
08-21 00:12:07.955 W/skia    (  477): AGTM parsing failed flags.readFromStream(s) at 159
08-21 00:12:07.955 W/skia    (  477): AGTM parsing failed flags.readFromStream(s) at 159
08-21 00:12:07.955 W/skia    (  477): AGTM parsing failed flags.readFromStream(s) at 159
08-21 00:12:07.955 W/skia    (  477): AGTM parsing failed flags.readFromStream(s) at 159
08-21 00:12:07.955 W/skia    (  477): AGTM parsing failed flags.readFromStream(s) at 159
08-21 00:12:07.955 W/skia    (  477): AGTM parsing failed flags.readFromStream(s) at 159
08-21 00:12:07.955 W/skia    (  477): AGTM parsing failed flags.readFromStream(s) at 159
08-21 00:12:07.955 W/skia    (  477): AGTM parsing failed flags.readFromStream(s) at 159
08-21 00:12:07.973 W/skia    (  477): AGTM parsing failed flags.readFromStream(s) at 159
08-21 00:12:07.973 W/skia    (  477): AGTM parsing failed flags.readFromStream(s) at 159
08-21 00:12:07.973 W/skia    (  477): AGTM parsing failed flags.readFromStream(s) at 159
08-21 00:12:07.973 W/skia    (  477): AGTM parsing failed flags.readFromStream(s) at 159
08-21 00:12:07.973 W/skia    (  477): AGTM parsing failed flags.readFromStream(s) at 159
08-21 00:12:07.973 W/skia    (  477): AGTM parsing failed flags.readFromStream(s) at 159
08-21 00:12:07.973 W/skia    (  477): AGTM parsing failed flags.readFromStream(s) at 159
08-21 00:12:07.973 W/skia    (  477): AGTM parsing failed flags.readFromStream(s) at 159
08-21 00:12:07.990 W/skia    (  477): AGTM parsing failed flags.readFromStream(s) at 159
08-21 00:12:07.990 W/skia    (  477): AGTM parsing failed flags.readFromStream(s) at 159
08-21 00:12:07.990 W/skia    (  477): AGTM parsing failed flags.readFromStream(s) at 159
08-21 00:12:07.990 W/skia    (  477): AGTM parsing failed flags.readFromStream(s) at 159
08-21 00:12:07.990 W/skia    (  477): AGTM parsing failed flags.readFromStream(s) at 159
08-21 00:12:07.990 W/skia    (  477): AGTM parsing failed flags.readFromStream(s) at 159
08-21 00:12:07.990 W/skia    (  477): AGTM parsing failed flags.readFromStream(s) at 159
08-21 00:12:07.990 W/skia    (  477): AGTM parsing failed flags.readFromStream(s) at 159
08-21 00:12:08.002 I/flutter (15262): The Dart VM service is listening on http://127.0.0.1:40113/BS6-ryP6zG8=/
08-21 00:12:08.005 W/skia    (  477): AGTM parsing failed flags.readFromStream(s) at 159
08-21 00:12:08.005 W/skia    (  477): AGTM parsing failed flags.readFromStream(s) at 159
08-21 00:12:08.005 W/skia    (  477): AGTM parsing failed flags.readFromStream(s) at 159
08-21 00:12:08.005 W/skia    (  477): AGTM parsing failed flags.readFromStream(s) at 159
08-21 00:12:08.005 W/skia    (  477): AGTM parsing failed flags.readFromStream(s) at 159
08-21 00:12:08.005 W/skia    (  477): AGTM parsing failed flags.readFromStream(s) at 159
08-21 00:12:08.005 W/skia    (  477): AGTM parsing failed flags.readFromStream(s) at 159
08-21 00:12:08.005 W/skia    (  477): AGTM parsing failed flags.readFromStream(s) at 159
08-21 00:12:08.023 W/skia    (  477): AGTM parsing failed flags.readFromStream(s) at 159
08-21 00:12:08.023 W/skia    (  477): AGTM parsing failed flags.readFromStream(s) at 159
08-21 00:12:08.023 W/skia    (  477): AGTM parsing failed flags.readFromStream(s) at 159
08-21 00:12:08.023 W/skia    (  477): AGTM parsing failed flags.readFromStream(s) at 159
08-21 00:12:08.023 W/skia    (  477): AGTM parsing failed flags.readFromStream(s) at 159
08-21 00:12:08.023 W/skia    (  477): AGTM parsing failed flags.readFromStream(s) at 159
08-21 00:12:08.023 W/skia    (  477): AGTM parsing failed flags.readFromStream(s) at 159
08-21 00:12:08.023 W/skia    (  477): AGTM parsing failed flags.readFromStream(s) at 159
08-21 00:12:08.039 W/skia    (  477): AGTM parsing failed flags.readFromStream(s) at 159
08-21 00:12:08.039 W/skia    (  477): AGTM parsing failed flags.readFromStream(s) at 159
08-21 00:12:08.039 W/skia    (  477): AGTM parsing failed flags.readFromStream(s) at 159
08-21 00:12:08.039 W/skia    (  477): AGTM parsing failed flags.readFromStream(s) at 159
08-21 00:12:08.039 W/skia    (  477): AGTM parsing failed flags.readFromStream(s) at 159
08-21 00:12:08.039 W/skia    (  477): AGTM parsing failed flags.readFromStream(s) at 159
08-21 00:12:08.039 W/skia    (  477): AGTM parsing failed flags.readFromStream(s) at 159
08-21 00:12:08.039 W/skia    (  477): AGTM parsing failed flags.readFromStream(s) at 159
08-21 00:12:08.043 W/skia    (  477): AGTM parsing failed flags.readFromStream(s) at 159
08-21 00:12:08.043 W/skia    (  477): AGTM parsing failed flags.readFromStream(s) at 159
08-21 00:12:08.043 W/skia    (  477): AGTM parsing failed flags.readFromStream(s) at 159
08-21 00:12:08.043 W/skia    (  477): AGTM parsing failed flags.readFromStream(s) at 159
08-21 00:12:08.056 W/skia    (  477): AGTM parsing failed flags.readFromStream(s) at 159
08-21 00:12:08.056 W/skia    (  477): AGTM parsing failed flags.readFromStream(s) at 159
08-21 00:12:08.056 W/skia    (  477): AGTM parsing failed flags.readFromStream(s) at 159
08-21 00:12:08.056 W/skia    (  477): AGTM parsing failed flags.readFromStream(s) at 159
08-21 00:12:08.056 W/skia    (  477): AGTM parsing failed flags.readFromStream(s) at 159
08-21 00:12:08.056 W/skia    (  477): AGTM parsing failed flags.readFromStream(s) at 159
08-21 00:12:08.056 W/skia    (  477): AGTM parsing failed flags.readFromStream(s) at 159
08-21 00:12:08.056 W/skia    (  477): AGTM parsing failed flags.readFromStream(s) at 159
08-21 00:12:08.072 W/skia    (  477): AGTM parsing failed flags.readFromStream(s) at 159
08-21 00:12:08.072 W/skia    (  477): AGTM parsing failed flags.readFromStream(s) at 159
08-21 00:12:08.072 W/skia    (  477): AGTM parsing failed flags.readFromStream(s) at 159
08-21 00:12:08.072 W/skia    (  477): AGTM parsing failed flags.readFromStream(s) at 159
08-21 00:12:08.072 W/skia    (  477): AGTM parsing failed flags.readFromStream(s) at 159
08-21 00:12:08.072 W/skia    (  477): AGTM parsing failed flags.readFromStream(s) at 159
08-21 00:12:08.072 W/skia    (  477): AGTM parsing failed flags.readFromStream(s) at 159
08-21 00:12:08.072 W/skia    (  477): AGTM parsing failed flags.readFromStream(s) at 159
08-21 00:12:08.089 W/skia    (  477): AGTM parsing failed flags.readFromStream(s) at 159
08-21 00:12:08.089 W/skia    (  477): AGTM parsing failed flags.readFromStream(s) at 159
08-21 00:12:08.089 W/skia    (  477): AGTM parsing failed flags.readFromStream(s) at 159
08-21 00:12:08.089 W/skia    (  477): AGTM parsing failed flags.readFromStream(s) at 159
08-21 00:12:08.089 W/skia    (  477): AGTM parsing failed flags.readFromStream(s) at 159
08-21 00:12:08.089 W/skia    (  477): AGTM parsing failed flags.readFromStream(s) at 159
08-21 00:12:08.089 W/skia    (  477): AGTM parsing failed flags.readFromStream(s) at 159
08-21 00:12:08.089 W/skia    (  477): AGTM parsing failed flags.readFromStream(s) at 159
08-21 00:12:08.109 W/skia    (  477): AGTM parsing failed flags.readFromStream(s) at 159
08-21 00:12:08.109 W/skia    (  477): AGTM parsing failed flags.readFromStream(s) at 159
08-21 00:12:08.109 W/skia    (  477): AGTM parsing failed flags.readFromStream(s) at 159
08-21 00:12:08.109 W/skia    (  477): AGTM parsing failed flags.readFromStream(s) at 159
08-21 00:12:08.109 W/skia    (  477): AGTM parsing failed flags.readFromStream(s) at 159
08-21 00:12:08.109 W/skia    (  477): AGTM parsing failed flags.readFromStream(s) at 159
08-21 00:12:08.109 W/skia    (  477): AGTM parsing failed flags.readFromStream(s) at 159
08-21 00:12:08.109 W/skia    (  477): AGTM parsing failed flags.readFromStream(s) at 159
08-21 00:12:08.109 W/BlurChoreographer(  894): Multiple blur values emitted in the same frame
08-21 00:12:08.122 W/skia    (  477): AGTM parsing failed flags.readFromStream(s) at 159
08-21 00:12:08.122 W/skia    (  477): AGTM parsing failed flags.readFromStream(s) at 159
08-21 00:12:08.122 W/skia    (  477): AGTM parsing failed flags.readFromStream(s) at 159
08-21 00:12:08.122 W/skia    (  477): AGTM parsing failed flags.readFromStream(s) at 159
08-21 00:12:08.122 W/skia    (  477): AGTM parsing failed flags.readFromStream(s) at 159
08-21 00:12:08.122 W/skia    (  477): AGTM parsing failed flags.readFromStream(s) at 159
08-21 00:12:08.122 W/skia    (  477): AGTM parsing failed flags.readFromStream(s) at 159
08-21 00:12:08.122 W/skia    (  477): AGTM parsing failed flags.readFromStream(s) at 159
08-21 00:12:08.125 D/StatusBar##isHomeStatusBarAllowed(  894): newValue: true
08-21 00:12:08.125 E/NotifRow(  894): Magnetic state changed from IDLE to IDLE on a null swiped listener, or the logging key of the listener is null
08-21 00:12:08.125 D/StatusBar##canShowOngoingActivityChips(  894): newValue: true
08-21 00:12:08.126 D/DepthController(  894): appLaunchTransitionIsInProgress is now false from shade expansion event
08-21 00:12:08.126 V/WindowManagerShell(  894): Received remote transition finished callback for (#58)
08-21 00:12:08.126 D/ShadeStatusBarComponentsInteractor#disableFlagsInteractor(  894): newValue: DisableFlagsModel(disable1=0, disable2=0, animate=false)
08-21 00:12:08.127 D/StatusBar##chips(  894): newValue: Chips[allowed=true numChips=0]
08-21 00:12:08.128 V/WindowManagerShell(  894): Transition animation finished (aborted=false), notifying core (#58) android.os.BinderProxy@8811481@0
08-21 00:12:08.129 V/WindowManager(  642): Finish Transition (#58): created at 08-21 00:12:07.509 collect-started=0.008ms request-sent=30.608ms started=31.418ms ready=86.994ms sent=87.587ms commit=8.917ms finished=619.352ms
08-21 00:12:08.130 V/WindowManagerShell(  894): Track 0 became idle
08-21 00:12:08.130 V/WindowManagerShell(  894): All active transition animations finished
08-21 00:12:08.130 D/VRI[NexusLauncherActivity]( 1043): visibilityChanged oldVisibility=true newVisibility=false
08-21 00:12:08.131 D/WallpaperService(  894): onVisibilityChanged(false): com.android.systemui.wallpapers.ImageWallpaper$CanvasEngine@fc428c8
08-21 00:12:08.136 D/ControlsListingControllerImpl(  894): Unsubscribing callback
08-21 00:12:08.136 D/DLObserver(  894): remove listener: com.android.systemui.dock.DockManagerExtensionsKt$retrieveIsDocked$1$callback$1@47a03ef
08-21 00:12:08.136 D/DLObserver(  894): remove listener: com.android.systemui.dock.DockManagerExtensionsKt$retrieveIsDocked$1$callback$1@f00aefc
08-21 00:12:08.136 D/DLObserver(  894): remove listener: com.android.systemui.dock.DockManagerExtensionsKt$retrieveIsDocked$1$callback$1@7ece193
08-21 00:12:08.136 D/ControlsListingControllerImpl(  894): Unsubscribing callback
08-21 00:12:08.136 D/ControlsListingControllerImpl(  894): Unsubscribing callback
08-21 00:12:08.136 D/DLObserver(  894): remove listener: com.android.systemui.dock.DockManagerExtensionsKt$retrieveIsDocked$1$callback$1@8bd09c9
08-21 00:12:08.136 D/DLObserver(  894): remove listener: com.android.systemui.dock.DockManagerExtensionsKt$retrieveIsDocked$1$callback$1@74905d0
08-21 00:12:08.136 D/DLObserver(  894): remove listener: com.android.systemui.dock.DockManagerExtensionsKt$retrieveIsDocked$1$callback$1@bee98ce
08-21 00:12:08.139 D/SmartspaceInteractor( 1043): notifySmartspaceEvent: SmartspaceTargetEvent{mSmartspaceTarget=null, mSmartspaceActionId='null', mEventType=7}
08-21 00:12:08.140 I/AiAiEcho( 1655): AmbientDataPredictorImpl No tracked ambient data found for ID: null; for event type: 7, skipping event processing.
08-21 00:12:08.144 W/skia    (  477): AGTM parsing failed flags.readFromStream(s) at 159
08-21 00:12:08.144 W/skia    (  477): AGTM parsing failed flags.readFromStream(s) at 159
08-21 00:12:08.146 D/WindowOnBackDispatcher(  894): setTopOnBackInvokedCallback (unwrapped): null
08-21 00:12:08.146 D/CoreBackPreview(  642): Window{f5ef045 u0 NotificationShade}: Setting back callback null
08-21 00:12:08.227 D/com.llfbandit.app_links(15262): Intent { flg=0x10000000 xflg=0x5 cmp=com.izzes.nears/.MainActivity }
08-21 00:12:08.236 I/DynamiteModule(15262): Considering local module com.google.android.gms.measurement.dynamite:185 and remote module com.google.android.gms.measurement.dynamite:202
08-21 00:12:08.236 I/DynamiteModule(15262): Selected remote version of com.google.android.gms.measurement.dynamite, version >= 202
08-21 00:12:08.236 V/DynamiteModule(15262): Dynamite loader version >= 2, using loadModule2NoCrashUtils
08-21 00:12:08.244 W/System  (15262): ClassLoader referenced unknown path: 
08-21 00:12:08.244 D/nativeloader(15262): Configuring clns-10 for other apk . target_sdk_version=37, uses_libraries=, library_path=/data/app/~~2fXQ6-xyEWEbual6_5Wrig==/com.google.android.gms-_SBUxIWyP-163dk_5Uqnhw==/lib/arm64:/data/app/~~2fXQ6-xyEWEbual6_5Wrig==/com.google.android.gms-_SBUxIWyP-163dk_5Uqnhw==/base.apk!/lib/arm64-v8a, permitted_path=/data:/mnt/expand:/data/user/0/com.google.android.gms
08-21 00:12:08.246 W/skia    (  477): AGTM parsing failed flags.readFromStream(s) at 159
08-21 00:12:08.267 D/DesktopExperienceFlags(15262): Toggle override initialized to: false
08-21 00:12:08.267 D/FLTFireContextHolder(15262): received application context.
08-21 00:12:08.275 D/CompatChangeReporter(15262): Compat change id reported: 377864165; UID 10252; state: ENABLED
08-21 00:12:08.279 I/PhenotypeResourceReader( 1285): unable to find any Phenotype resource metadata for com.izzes.nears
08-21 00:12:08.279 I/com.izzes.nears(15262): hiddenapi: Accessing hidden method Ldalvik/system/VMStack;->getStackClass2()Ljava/lang/Class; (runtime_flags=0, domain=core-platform, api=unsupported) from Lm7/aqg; (domain=app, TargetSdkVersion=36) using reflection: allowed
08-21 00:12:08.281 D/FlutterGeolocator(15262): Attaching Geolocator to activity
08-21 00:12:08.283 E/com.izzes.nears(15262): No package ID 6a found for resource ID 0x6a0b0013.
08-21 00:12:08.283 I/FA      (15262): App measurement initialized, version: 178008
08-21 00:12:08.283 I/FA      (15262): To enable debug logging run: adb shell setprop log.tag.FA VERBOSE
08-21 00:12:08.283 I/FA      (15262): To enable faster debug mode event logging run:
08-21 00:12:08.283 I/FA      (15262):   adb shell setprop debug.firebase.analytics.app com.izzes.nears
08-21 00:12:08.285 E/FA      (15262): Missing google_app_id. Firebase Analytics disabled. See https://goo.gl/NAOOOI
08-21 00:12:08.285 E/FA      (15262): Uploading is not possible. App measurement disabled
08-21 00:12:08.286 D/nativeloader(15262): Load /data/app/~~KhkoGxgWleXvanC1r0ezhg==/com.izzes.nears-VjQRwXFlvZaTMRoqdNXDPg==/lib/arm64/libdartjni.so using class loader ns clns-9 (caller=/data/app/~~KhkoGxgWleXvanC1r0ezhg==/com.izzes.nears-VjQRwXFlvZaTMRoqdNXDPg==/base.apk!classes12.dex): ok
08-21 00:12:08.308 I/com.izzes.nears(15262): hiddenapi: Accessing hidden method Landroid/view/accessibility/AccessibilityNodeInfo;->getSourceNodeId()J (runtime_flags=0, domain=platform, api=unsupported,test-api) from Lio/flutter/view/AccessibilityViewEmbedder$ReflectionAccessors; (domain=app, TargetSdkVersion=36) using reflection: allowed
08-21 00:12:08.308 I/com.izzes.nears(15262): hiddenapi: Accessing hidden method Landroid/view/accessibility/AccessibilityRecord;->getSourceNodeId()J (runtime_flags=0, domain=platform, api=unsupported) from Lio/flutter/view/AccessibilityViewEmbedder$ReflectionAccessors; (domain=app, TargetSdkVersion=36) using reflection: allowed
08-21 00:12:08.308 I/com.izzes.nears(15262): hiddenapi: Accessing hidden field Landroid/view/accessibility/AccessibilityNodeInfo;->mChildNodeIds:Landroid/util/LongArray; (runtime_flags=0, domain=platform, api=unsupported) from Lio/flutter/view/AccessibilityViewEmbedder$ReflectionAccessors; (domain=app, TargetSdkVersion=36) using reflection: allowed
08-21 00:12:08.308 I/com.izzes.nears(15262): hiddenapi: Accessing hidden method Landroid/util/LongArray;->get(I)J (runtime_flags=0, domain=platform, api=unsupported) from Lio/flutter/view/AccessibilityViewEmbedder$ReflectionAccessors; (domain=app, TargetSdkVersion=36) using reflection: allowed
08-21 00:12:08.314 D/FlutterRenderer(15262): Width is zero. 0,0
08-21 00:12:08.322 D/com.llfbandit.app_links(15262): Intent { act=android.intent.action.MAIN cat=[android.intent.category.LAUNCHER] flg=0x14400000 xflg=0x4 pkg=com.izzes.nears cmp=com.izzes.nears/.MainActivity (has extras) }
08-21 00:12:08.327 I/FA      (15262): Tag Manager is not found and thus will not be used
08-21 00:12:08.328 D/BoundBrokerSvc( 5388): onBind: Intent { act=com.google.android.gms.measurement.START xflg=0x4 pkg=com.google.android.gms }
08-21 00:12:08.328 D/BoundBrokerSvc( 5388): Loading bound service for intent: Intent { act=com.google.android.gms.measurement.START xflg=0x4 pkg=com.google.android.gms }
08-21 00:12:08.330 W/HWUI    (15262): Unknown dataspace 0
08-21 00:12:08.333 W/InputChannel-JNI(  642): Channel already disposed.
08-21 00:12:08.334 W/libc    (15262): Access denied finding property "vendor.mesa.virtgpu.kumquat"
08-21 00:12:08.347 W/skia    (  477): AGTM parsing failed flags.readFromStream(s) at 159
08-21 00:12:08.411 D/FlutterGeolocator(15262): Creating service.
08-21 00:12:08.411 D/FlutterGeolocator(15262): Binding to location service.
08-21 00:12:08.412 D/FlutterLocationService(15262): Creating service.
08-21 00:12:08.413 W/AnalyticsUserIDStore(15262): initStore should have been called before calling setUserID
08-21 00:12:08.414 D/FlutterLocationService(15262): Binding to location service.
08-21 00:12:08.415 D/WindowOnBackDispatcher(15262): setTopOnBackInvokedCallback (unwrapped): android.app.Activity$$ExternalSyntheticLambda0@dd8de82
08-21 00:12:08.415 D/CoreBackPreview(  642): Window{507d0f7 u0 com.izzes.nears/com.izzes.nears.MainActivity}: Setting back callback OnBackInvokedCallbackInfo{mCallback=android.window.IOnBackInvokedCallback$Stub$Proxy@b9b4a82, mPriority=-1, mIsAnimationCallback=false, mOverrideBehavior=0}
08-21 00:12:08.420 I/WindowExtensionsImpl(15262): Initializing Window Extensions, vendor API level=10, activity embedding enabled=true
08-21 00:12:08.422 W/UiContextUtils(15262): Requested context is a non-UI Context. Creating a UI-Context with display: 0. Context: Context=android.app.Application@9d46382, of which baseContext=android.app.ContextImpl@ae6dfc4
08-21 00:12:08.430 D/VRI[MainActivity](15262): WindowInsets changed: 1344x2992 statusBars:[0,159,0,0] navigationBars:[0,0,0,72] mandatorySystemGestures:[0,195,0,96] 
08-21 00:12:08.431 D/FlutterRenderer(15262): Width is zero. 0,0
08-21 00:12:08.433 D/WindowManager(  642): setClientSurface Surface(name=VRI-com.izzes.nears/com.izzes.nears.MainActivity#812)/@0x61e7ef for 507d0f7 com.izzes.nears/com.izzes.nears.MainActivity
08-21 00:12:08.434 I/Surface (15262): Creating surface for consumer unnamed-15262-0 with slotExpansion=1 for 64 slots
08-21 00:12:08.435 I/Surface (15262): Creating surface for consumer VRI[MainActivity]#0(BLAST Consumer)0 with slotExpansion=1 for 64 slots
08-21 00:12:08.436 D/FlutterJNI(15262): Sending viewport metrics to the engine.
08-21 00:12:08.438 I/Surface (15262): Creating surface for consumer unnamed-15262-1 with slotExpansion=1 for 64 slots
08-21 00:12:08.441 I/com.izzes.nears(15262): Compiler allocated 5306KB to compile void android.view.ViewRootImpl.performTraversals(long)
08-21 00:12:08.443 I/Surface (15262): Creating surface for consumer f504dcf SurfaceView[com.izzes.nears/com.izzes.nears.MainActivity]#1(BLAST Consumer)1 with slotExpansion=1 for 64 slots
08-21 00:12:08.447 W/skia    (  477): AGTM parsing failed flags.readFromStream(s) at 159
08-21 00:12:08.547 W/skia    (  477): AGTM parsing failed flags.readFromStream(s) at 159
08-21 00:12:08.648 W/skia    (  477): AGTM parsing failed flags.readFromStream(s) at 159
08-21 00:12:08.721 D/FlutterGeolocator(15262): Geolocator foreground service connected
08-21 00:12:08.722 D/FlutterGeolocator(15262): Initializing Geolocator services
08-21 00:12:08.722 D/FlutterGeolocator(15262): Flutter engine connected. Connected engine count 1
08-21 00:12:08.722 D/LocationPlugin(15262): Service connected: ComponentInfo{com.izzes.nears/com.lyokone.location.FlutterLocationService}
08-21 00:12:08.732 D/WindowLayoutComponentImpl(15262): Register WindowLayoutInfoListener on Context=com.izzes.nears.MainActivity@b964d29, of which baseContext=android.app.ContextImpl@d80aede
08-21 00:12:08.736 D/FirebaseSessions(15262): Dependency to CRASHLYTICS added.
08-21 00:12:08.737 I/FirebaseApp(15262): Device unlocked: initializing all Firebase APIs for app [DEFAULT]
08-21 00:12:08.739 D/FlutterJNI(15262): Sending viewport metrics to the engine.
08-21 00:12:08.745 D/nativeloader(15262): Load /data/app/~~KhkoGxgWleXvanC1r0ezhg==/com.izzes.nears-VjQRwXFlvZaTMRoqdNXDPg==/lib/arm64/libdatastore_shared_counter.so using class loader ns clns-9 (caller=/data/app/~~KhkoGxgWleXvanC1r0ezhg==/com.izzes.nears-VjQRwXFlvZaTMRoqdNXDPg==/base.apk!classes23.dex): ok
08-21 00:12:08.748 W/skia    (  477): AGTM parsing failed flags.readFromStream(s) at 159
08-21 00:12:08.749 D/FirebaseSessions(15262): Initializing Firebase Sessions 3.0.6.
08-21 00:12:08.757 I/FirebaseCrashlytics(15262): Initializing Firebase Crashlytics 20.0.6 for com.izzes.nears
08-21 00:12:08.762 D/FirebaseSessions(15262): Subscriber CRASHLYTICS registered.
08-21 00:12:08.762 D/FirebaseSessions(15262): No Sessions subscribers. Not listening to lifecycle events.
08-21 00:12:08.762 D/FirebaseSessions(15262): Notified CRASHLYTICS of new session 21af385b7e644aa0a54323a137a64bfc
08-21 00:12:08.775 D/FileUtils(  642): Rounded bytes from 3155017728 to 4000000000
08-21 00:12:08.781 I/FirebaseCrashlytics(15262): No version control information found
08-21 00:12:08.810 D/FileUtils(  642): Rounded bytes from 3155017728 to 4000000000
08-21 00:12:08.831 I/FontLog ( 1285): (REDACTED) Received query %s, URI %s
08-21 00:12:08.831 I/FontLog ( 1285): (REDACTED) Query [%s] resolved to %s
08-21 00:12:08.831 I/FontLog ( 1285): (REDACTED) Fetch %s end status %s
08-21 00:12:08.832 I/FontLog ( 1285): (REDACTED) Pulling font file for id = %d, cache size = %d
08-21 00:12:08.833 I/HWUI    (15262): Using FreeType backend (prop=Auto)
08-21 00:12:08.834 I/FontLog ( 1285): (REDACTED) Pulling font file for id = %d, cache size = %d
08-21 00:12:08.939 I/flutter (15262): 📊 analytics: app_open {}
08-21 00:12:08.982 I/flutter (15262): [INFO] msg="route: building splash route, hasData=true"
08-21 00:12:09.114 I/flutter (15262): [INFO] msg="route: navigating to splash screen"
08-21 00:12:09.119 I/flutter (15262): [INFO] msg="splash: location prefetch initiated"
08-21 00:12:09.146 I/flutter (15262): [NET] GET endpoint=/api/v1/customer/cart/list
08-21 00:12:09.190 W/skia    (  477): AGTM parsing failed flags.readFromStream(s) at 159
08-21 00:12:09.279 I/ActivityTaskManager(  642): Displayed com.izzes.nears/.MainActivity for user 0: +1s771ms
08-21 00:12:09.280 I/ActivityTaskManager(  642): Fully drawn com.izzes.nears/.MainActivity: +1s771ms
08-21 00:12:09.292 W/skia    (  477): AGTM parsing failed flags.readFromStream(s) at 159
08-21 00:12:09.342 W/libbinder.IPCThreadState(  642): Sending oneway calls to frozen process.
08-21 00:12:09.342 W/libbinder.IPCThreadState(  642): Sending oneway calls to frozen process.
08-21 00:12:09.364 E/FA      (15262): Missing google_app_id. Firebase Analytics disabled. See https://goo.gl/NAOOOI
08-21 00:12:09.366 D/ConnectivityService(  642): requestNetwork for uid/pid:10252/15262 activeRequest: null callbackRequest: 532 [NetworkRequest [ REQUEST id=533, [ Capabilities: INTERNET&NOT_RESTRICTED&TRUSTED&NOT_VCN_MANAGED&NOT_BANDWIDTH_CONSTRAINED Uid: 10252 RequestorUid: 10252 RequestorPkg: com.izzes.nears UnderlyingNetworks: Null] ]] callback flags: 0 order: 2147483647 isUidTracked: false declaredMethods: AVAIL|LOST|NC
08-21 00:12:09.367 D/ConnectivityService(  642): NetReassign [533 : null → 108] [c 0] [a 0] [i 1]
08-21 00:12:09.367 D/WifiNetworkFactory(  642): got request NetworkRequest [ REQUEST id=533, [ Capabilities: INTERNET&NOT_RESTRICTED&TRUSTED&NOT_VCN_MANAGED&NOT_BANDWIDTH_CONSTRAINED Uid: 10252 RequestorUid: 10252 RequestorPkg: com.izzes.nears UnderlyingNetworks: Null] ]
08-21 00:12:09.367 D/UntrustedWifiNetworkFactory(  642): got request NetworkRequest [ REQUEST id=533, [ Capabilities: INTERNET&NOT_RESTRICTED&TRUSTED&NOT_VCN_MANAGED&NOT_BANDWIDTH_CONSTRAINED Uid: 10252 RequestorUid: 10252 RequestorPkg: com.izzes.nears UnderlyingNetworks: Null] ]
08-21 00:12:09.367 D/OemPaidWifiNetworkFactory(  642): got request NetworkRequest [ REQUEST id=533, [ Capabilities: INTERNET&NOT_RESTRICTED&TRUSTED&NOT_VCN_MANAGED&NOT_BANDWIDTH_CONSTRAINED Uid: 10252 RequestorUid: 10252 RequestorPkg: com.izzes.nears UnderlyingNetworks: Null] ]
08-21 00:12:09.367 D/MultiInternetWifiNetworkFactory(  642): got request NetworkRequest [ REQUEST id=533, [ Capabilities: INTERNET&NOT_RESTRICTED&TRUSTED&NOT_VCN_MANAGED&NOT_BANDWIDTH_CONSTRAINED Uid: 10252 RequestorUid: 10252 RequestorPkg: com.izzes.nears UnderlyingNetworks: Null] ]
08-21 00:12:09.382 I/ImeTracker(  642): com.izzes.nears:653d0918: onRequestHide at ORIGIN_SERVER reason HIDE_UNSPECIFIED_WINDOW fromUser false userId 0 displayId 0
08-21 00:12:09.383 I/SubtypeOperator( 1542): SubtypeOperator$1.onUnbindInput():43 
08-21 00:12:09.383 D/InputMethodManagerService(  642): Attach new input but force hide
08-21 00:12:09.384 I/ImeTracker(  642): com.izzes.nears:7dc9e643: onRequestHide at ORIGIN_SERVER reason HIDE_SOFT_INPUT fromUser false userId 0 displayId 0
08-21 00:12:09.384 I/ImeTracker(  642): com.izzes.nears:7dc9e643: onCancelled at PHASE_SERVER_SHOULD_HIDE
08-21 00:12:09.384 I/SubtypeOperator( 1542): SubtypeOperator$1.onBindInput():33 
08-21 00:12:09.384 I/GoogleInputMethodService( 1542): GoogleInputMethodService.onFinishInput():2361 
08-21 00:12:09.384 W/InputChannel-JNI(  642): Channel already disposed.
08-21 00:12:09.384 I/GoogleInputMethodService( 1542): GoogleInputMethodService.onStartInput():1532 onStartInput(EditorInfo{EditorInfo{packageName=com.izzes.nears, inputType=0, inputTypeString=NULL, enableLearning=false, autoCorrection=false, autoComplete=false, imeOptions=0, privateImeOptions=null, actionName=UNSPECIFIED, actionLabel=null, initialSelStart=-1, initialSelEnd=-1, initialCapsMode=0, label=null, fieldId=0, fieldName=null, extras=null, hintText=null, hintLocales=[]}}, false)
08-21 00:12:09.385 I/ImeTracker(  642): system_server:f809f732: onRequestHide at ORIGIN_SERVER reason IME_REQUESTED_CHANGED_LISTENER fromUser false displayId 0
08-21 00:12:09.385 I/ImeTracker(  642): system_server:f809f732: onCancelled at PHASE_SERVER_SHOULD_HIDE
08-21 00:12:09.385 I/LatinIMEBase( 1542): LatinIMEBase.updateInputViewCoverNavigation():316 Update input view padding, isNavbarOverInputWindow=true, bottom inset=144
08-21 00:12:09.386 I/Module  ( 1542): DeviceLockedStatusModuleProvider$Module.updateDeviceLockedStatusInternal():119 repeatCheckTimes = 0, locked = false
08-21 00:12:09.386 I/Module  ( 1542): DeviceLockedStatusModuleProvider$Module.updateDeviceLockedStatusInternal():119 repeatCheckTimes = 1, locked = false
08-21 00:12:09.386 W/PackageConfigPersister(  642): App-specific configuration not found for packageName: com.izzes.nears and userId: 0
08-21 00:12:09.392 W/skia    (  477): AGTM parsing failed flags.readFromStream(s) at 159
08-21 00:12:09.392 W/skia    (  477): AGTM parsing failed flags.readFromStream(s) at 159
08-21 00:12:09.392 W/skia    (  477): AGTM parsing failed flags.readFromStream(s) at 159
08-21 00:12:09.437 I/flutter (15262): [INFO] msg="splash: deeplink resolved canRoute=true"
08-21 00:12:09.437 I/flutter (15262): [INFO] msg="splash: routing"
08-21 00:12:09.452 I/flutter (15262): [NET] GET endpoint=/api/v1/config
08-21 00:12:09.460 I/flutter (15262): [NET] GET endpoint=/api/v1/customer/info
08-21 00:12:09.461 I/flutter (15262): [NET] GET endpoint=/api/v1/customer/wallet/bonuses
08-21 00:12:09.461 I/flutter (15262): [NET] GET endpoint=/api/v1/customer/wallet/transactions
08-21 00:12:09.492 W/skia    (  477): AGTM parsing failed flags.readFromStream(s) at 159
08-21 00:12:09.492 W/skia    (  477): AGTM parsing failed flags.readFromStream(s) at 159
08-21 00:12:09.492 W/skia    (  477): AGTM parsing failed flags.readFromStream(s) at 159
08-21 00:12:09.502 E/com.facebook.GraphResponse(15262): {HttpStatus: 400, errorCode: 190, subErrorCode: -1, errorType: OAuthException, errorMessage: Error validating application. Application has been deleted.}
08-21 00:12:09.512 E/com.facebook.GraphResponse(15262): {HttpStatus: 400, errorCode: 190, subErrorCode: -1, errorType: OAuthException, errorMessage: Error validating application. Application has been deleted.}
08-21 00:12:09.527 E/com.facebook.GraphResponse(15262): {HttpStatus: 400, errorCode: 190, subErrorCode: -1, errorType: OAuthException, errorMessage: Error validating application. Application has been deleted.}
08-21 00:12:09.527 E/com.facebook.GraphResponse(15262): {HttpStatus: 400, errorCode: 190, subErrorCode: -1, errorType: OAuthException, errorMessage: Error validating application. Application has been deleted.}
08-21 00:12:09.542 I/HalDevMgr(  642): bestIfaceCreationProposal is null, requestIface=STA, existingIface=[name=wlan0 type=STA]
08-21 00:12:09.570 D/InsetsController(15262): hide(ime())
08-21 00:12:09.570 I/ImeTracker(15262): com.izzes.nears:653d0918: onCancelled at PHASE_CLIENT_ALREADY_HIDDEN
08-21 00:12:09.574 I/FLTFireBGExecutor(15262): Creating background FlutterEngine instance, with args: []
08-21 00:12:09.575 W/libbinder.IPCThreadState(  519): Sending oneway calls to frozen process.
08-21 00:12:09.576 W/libc    (15262): Access denied finding property "vendor.mesa.virtgpu.kumquat"
08-21 00:12:09.584 I/flutter (15262): [IMPORTANT:flutter/shell/platform/android/android_context_gl_impeller.cc(104)] Using the Impeller rendering backend (OpenGLES).
08-21 00:12:09.584 D/FLTFireContextHolder(15262): received application context.
08-21 00:12:09.585 D/BaseActivity( 1043): Launcher flags updated: [] -[state_started]
08-21 00:12:09.585 D/BaseDepthController( 1043): setSurface:
08-21 00:12:09.585 D/BaseDepthController( 1043): 	mWaitingOnSurfaceValidity: false
08-21 00:12:09.585 D/BaseDepthController( 1043): 	mBaseSurface: null
08-21 00:12:09.585 D/BaseDepthController( 1043): mSurface is null and mCurrentBlur is: 0
08-21 00:12:09.585 D/LauncherStateManager( 1043): StateManager.goToState: fromState: Normal, toState: Normal, partial trace:
08-21 00:12:09.585 D/LauncherStateManager( 1043): 	at com.android.launcher3.statemanager.StateManager.moveToRestState(go/retraceme 4b96215a9d9b4c1494121442fbf9d6e89857c91e1d76ddcc689701971259418a:26)
08-21 00:12:09.585 D/LauncherStateManager( 1043): 	at com.android.launcher3.statemanager.StateManager.moveToRestState(go/retraceme 4b96215a9d9b4c1494121442fbf9d6e89857c91e1d76ddcc689701971259418a:35)
08-21 00:12:09.585 D/LauncherStateManager( 1043): 	at com.android.launcher3.statemanager.StatefulActivity.onStop(go/retraceme 4b96215a9d9b4c1494121442fbf9d6e89857c91e1d76ddcc689701971259418a:31)
08-21 00:12:09.585 D/LauncherStateManager( 1043): StateManager.onRepeatStateSetAborted: state: Normal
08-21 00:12:09.585 D/KeyboardStateManager( 1043): hideKeyboard
08-21 00:12:09.585 D/KeyboardStateManager( 1043): isImeShown: false
08-21 00:12:09.585 D/StatsLog( 1043): LAUNCHER_ONSTOP
08-21 00:12:09.586 D/StatsLog( 1043): LAUNCHER_GOOGLE_SEARCH_RESTORE_LIST_SIZE_AFTER_ACTIVITY_RESTART
08-21 00:12:09.586 W/libc    (15262): Access denied finding property "vendor.mesa.virtgpu.kumquat"
08-21 00:12:09.592 W/skia    (  477): AGTM parsing failed flags.readFromStream(s) at 159
08-21 00:12:09.592 W/skia    (  477): AGTM parsing failed flags.readFromStream(s) at 159
08-21 00:12:09.592 W/skia    (  477): AGTM parsing failed flags.readFromStream(s) at 159
08-21 00:12:09.601 W/System  ( 1043): A resource failed to call release. 
08-21 00:12:09.601 W/System  ( 1043): A resource failed to call release. 
08-21 00:12:09.601 W/System  ( 1043): A resource failed to call release. 
08-21 00:12:09.627 W/System  (  894): A resource failed to call release. 
08-21 00:12:09.627 W/System  (  894): A resource failed to call release. 
08-21 00:12:09.627 W/System  (  894): A resource failed to call release. 
08-21 00:12:09.627 W/System  (  894): A resource failed to call release. 
08-21 00:12:09.627 W/System  (  894): A resource failed to call release. 
08-21 00:12:09.627 W/System  (  894): A resource failed to call release. 
08-21 00:12:09.627 W/System  (  894): A resource failed to call release. 
08-21 00:12:09.627 W/System  (  894): A resource failed to call release. 
08-21 00:12:09.627 W/System  (  894): A resource failed to call release. 
08-21 00:12:09.693 W/skia    (  477): AGTM parsing failed flags.readFromStream(s) at 159
08-21 00:12:09.693 W/skia    (  477): AGTM parsing failed flags.readFromStream(s) at 159
08-21 00:12:09.693 W/skia    (  477): AGTM parsing failed flags.readFromStream(s) at 159
08-21 00:12:09.699 E/com.facebook.GraphResponse(15262): {HttpStatus: 400, errorCode: 190, subErrorCode: -1, errorType: OAuthException, errorMessage: Error validating application. Application has been deleted.}
08-21 00:12:09.703 E/com.facebook.GraphResponse(15262): {HttpStatus: 400, errorCode: 190, subErrorCode: -1, errorType: OAuthException, errorMessage: Error validating application. Application has been deleted.}
08-21 00:12:09.793 W/skia    (  477): AGTM parsing failed flags.readFromStream(s) at 159
08-21 00:12:09.793 W/skia    (  477): AGTM parsing failed flags.readFromStream(s) at 159
08-21 00:12:09.800 D/WindowOnBackDispatcher(15262): setTopOnBackInvokedCallback (unwrapped): io.flutter.embedding.android.FlutterActivity$1@2809202
08-21 00:12:09.800 D/CoreBackPreview(  642): Window{507d0f7 u0 com.izzes.nears/com.izzes.nears.MainActivity}: Setting back callback OnBackInvokedCallbackInfo{mCallback=android.window.IOnBackInvokedCallback$Stub$Proxy@b456f5c, mPriority=0, mIsAnimationCallback=true, mOverrideBehavior=0}
08-21 00:12:09.805 D/FlutterGeolocator(15262): Geolocator foreground service connected
08-21 00:12:09.805 D/FlutterGeolocator(15262): Initializing Geolocator services
08-21 00:12:09.805 D/FlutterGeolocator(15262): Flutter engine connected. Connected engine count 2
08-21 00:12:09.806 I/FLTFireMsgService(15262): FlutterFirebaseMessagingBackgroundService started!
08-21 00:12:09.814 I/flutter (15262): [NET] endpoint=/api/v1/customer/cart/list http_status=200
08-21 00:12:09.825 I/FusedLocation( 1285): stationary throttling disengaged [CONTEXT service_id=6 ]
08-21 00:12:09.829 I/FusedOrientationManager( 1285): Registering orientation client. [CONTEXT service_id=6 ]
08-21 00:12:09.835 W/Looper  ( 1285): Looper already prepared for this thread with a different value for the LOOPER_PREPARE_ALLOW_NON_CALLBACKS option.
08-21 00:12:09.893 W/skia    (  477): AGTM parsing failed flags.readFromStream(s) at 159
08-21 00:12:09.893 W/skia    (  477): AGTM parsing failed flags.readFromStream(s) at 159
08-21 00:12:09.993 W/skia    (  477): AGTM parsing failed flags.readFromStream(s) at 159
08-21 00:12:09.993 W/skia    (  477): AGTM parsing failed flags.readFromStream(s) at 159
08-21 00:12:10.011 E/com.facebook.GraphResponse(15262): {HttpStatus: 400, errorCode: 190, subErrorCode: -1, errorType: OAuthException, errorMessage: Error validating application. Application has been deleted.}
08-21 00:12:10.058 E/com.facebook.GraphResponse(15262): {HttpStatus: 400, errorCode: 190, subErrorCode: -1, errorType: OAuthException, errorMessage: Error validating application. Application has been deleted.}
08-21 00:12:10.095 W/skia    (  477): AGTM parsing failed flags.readFromStream(s) at 159
08-21 00:12:10.095 W/skia    (  477): AGTM parsing failed flags.readFromStream(s) at 159
08-21 00:12:10.120 I/flutter (15262): [NET] endpoint=/api/v1/config http_status=200
08-21 00:12:10.131 I/flutter (15262): [INFO] msg="splash: deeplink resolved canRoute=true"
08-21 00:12:10.131 I/flutter (15262): [INFO] msg="splash: routing"
08-21 00:12:10.176 E/com.facebook.GraphResponse(15262): {HttpStatus: 400, errorCode: 190, subErrorCode: -1, errorType: OAuthException, errorMessage: Error validating application. Application has been deleted.}
08-21 00:12:10.196 W/skia    (  477): AGTM parsing failed flags.readFromStream(s) at 159
08-21 00:12:10.196 W/skia    (  477): AGTM parsing failed flags.readFromStream(s) at 159
08-21 00:12:10.200 I/flutter (15262): [NET] endpoint=/api/v1/customer/wallet/bonuses http_status=200
08-21 00:12:10.279 I/flutter (15262): [NET] endpoint=/api/v1/customer/wallet/transactions http_status=200
08-21 00:12:10.296 W/skia    (  477): AGTM parsing failed flags.readFromStream(s) at 159
08-21 00:12:10.296 W/skia    (  477): AGTM parsing failed flags.readFromStream(s) at 159
08-21 00:12:10.341 E/com.facebook.GraphResponse(15262): {HttpStatus: 400, errorCode: 190, subErrorCode: -1, errorType: OAuthException, errorMessage: Error validating application. Application has been deleted.}
08-21 00:12:10.370 I/flutter (15262): [NET] endpoint=/api/v1/customer/info http_status=200
08-21 00:12:10.397 W/skia    (  477): AGTM parsing failed flags.readFromStream(s) at 159
08-21 00:12:10.397 W/skia    (  477): AGTM parsing failed flags.readFromStream(s) at 159
08-21 00:12:10.497 W/skia    (  477): AGTM parsing failed flags.readFromStream(s) at 159
08-21 00:12:10.497 W/skia    (  477): AGTM parsing failed flags.readFromStream(s) at 159
08-21 00:12:10.521 E/com.facebook.GraphResponse(15262): {HttpStatus: 400, errorCode: 190, subErrorCode: -1, errorType: OAuthException, errorMessage: Error validating application. Application has been deleted.}
08-21 00:12:10.541 E/TaskPersister(  642): File error accessing recents directory (directory doesn't exist?).
08-21 00:12:10.576 D/android.hardware.audio@7.1-impl.ranchu(  432): threadLoop: entering standby, frames: 8047936
08-21 00:12:10.576 D/android.hardware.audio@7.1-impl.ranchu(  432): ~TinyalsaSink: joining consumeThread
08-21 00:12:10.576 D/android.hardware.audio@7.1-impl.ranchu(  432): consumeThread: exiting
08-21 00:12:10.577 D/android.hardware.audio@7.1-impl.ranchu(  432): ~TinyalsaSink: stopping PCM stream
08-21 00:12:10.641 W/skia    (  477): AGTM parsing failed flags.readFromStream(s) at 159
08-21 00:12:10.641 W/skia    (  477): AGTM parsing failed flags.readFromStream(s) at 159
08-21 00:12:10.692 E/com.facebook.GraphResponse(15262): {HttpStatus: 400, errorCode: 190, subErrorCode: -1, errorType: OAuthException, errorMessage: Error validating application. Application has been deleted.}
08-21 00:12:10.741 W/skia    (  477): AGTM parsing failed flags.readFromStream(s) at 159
08-21 00:12:10.741 W/skia    (  477): AGTM parsing failed flags.readFromStream(s) at 159
08-21 00:12:10.843 W/skia    (  477): AGTM parsing failed flags.readFromStream(s) at 159
08-21 00:12:10.843 W/skia    (  477): AGTM parsing failed flags.readFromStream(s) at 159
08-21 00:12:11.002 I/wpa_supplicant(  880): wlan0: CTRL-EVENT-BEACON-LOSS 
08-21 00:12:11.152 W/libbinder.IPCThreadState(  642): Sending oneway calls to frozen process.
08-21 00:12:11.347 D/BoundBrokerSvc( 1285): onUnbind: Intent { act=com.google.android.gms.libs.gmscorelogger.service.START dat=chimera-action:/... xflg=0x4 cmp=com.google.android.gms/.chimera.PersistentDirectBootAwareApiService }
08-21 00:12:12.547 I/HalDevMgr(  642): bestIfaceCreationProposal is null, requestIface=STA, existingIface=[name=wlan0 type=STA]
08-21 00:12:13.004 D/SatelliteController( 1028): isInCarrierRoamingNbIotNtn: satellite is disabled
08-21 00:12:13.004 D/SatelliteController( 1028): getCarrierRoamingNtnConnectType: Checking connect type from PLMN config for subId: 1
08-21 00:12:13.004 D/TelephonyConfigUpdateInstallReceiver( 1028): getConfigParser: domain=satellite
08-21 00:12:13.004 V/SatelliteController( 1028): satelliteConfigParser is not ready
08-21 00:12:13.004 D/SatelliteController( 1028): isSatelliteAttachSupportedViaConfigupdater: return null (satelliteConfig is null)
08-21 00:12:13.005 D/SatelliteController( 1028): getSatellitePerPlmnConfiguration: invalid subId or not supported via carrier.
08-21 00:12:13.005 D/SatelliteController( 1028): getCarrierRoamingNtnConnectType: config: null
08-21 00:12:13.005 D/TelephonyConfigUpdateInstallReceiver( 1028): getConfigParser: domain=satellite
08-21 00:12:13.005 V/SatelliteController( 1028): satelliteConfigParser is not ready
08-21 00:12:13.005 D/SatelliteController( 1028): getCarrierRoamingNtnConnectTypeViaConfigUpdater: return null (satelliteConfig is null)
08-21 00:12:13.005 W/libbinder.IPCThreadState(  642): Sending oneway calls to frozen process.
08-21 00:12:13.005 D/SatelliteController( 1028): getCarrierRoamingNtnConnectType: Falling back to global carrier config connect type: 0
08-21 00:12:13.005 D/TelephonyConfigUpdateInstallReceiver( 1028): getConfigParser: domain=satellite
08-21 00:12:13.005 V/SatelliteController( 1028): satelliteConfigParser is not ready
08-21 00:12:13.005 D/SatelliteController( 1028): isSatelliteAttachSupportedViaConfigupdater: return null (satelliteConfig is null)
08-21 00:12:13.005 D/SatelliteController( 1028): getCarrierRoamingNtnConnectType: Checking connect type from PLMN config for subId: 1
08-21 00:12:13.005 D/TelephonyConfigUpdateInstallReceiver( 1028): getConfigParser: domain=satellite
08-21 00:12:13.005 V/SatelliteController( 1028): satelliteConfigParser is not ready
08-21 00:12:13.005 D/SatelliteController( 1028): isSatelliteAttachSupportedViaConfigupdater: return null (satelliteConfig is null)
08-21 00:12:13.005 D/SatelliteController( 1028): getSatellitePerPlmnConfiguration: invalid subId or not supported via carrier.
08-21 00:12:13.005 D/SatelliteController( 1028): getCarrierRoamingNtnConnectType: config: null
08-21 00:12:13.005 D/TelephonyConfigUpdateInstallReceiver( 1028): getConfigParser: domain=satellite
08-21 00:12:13.005 V/SatelliteController( 1028): satelliteConfigParser is not ready
08-21 00:12:13.005 D/SatelliteController( 1028): getCarrierRoamingNtnConnectTypeViaConfigUpdater: return null (satelliteConfig is null)
08-21 00:12:13.005 D/SatelliteController( 1028): getCarrierRoamingNtnConnectType: Falling back to global carrier config connect type: 0
08-21 00:12:13.005 D/TelephonyConfigUpdateInstallReceiver( 1028): getConfigParser: domain=satellite
08-21 00:12:13.005 V/SatelliteController( 1028): satelliteConfigParser is not ready
08-21 00:12:13.005 D/SatelliteController( 1028): isSatelliteAttachSupportedViaConfigupdater: return null (satelliteConfig is null)
08-21 00:12:13.344 D/ProfileInstaller(15262): Installing profile for com.izzes.nears
08-21 00:12:13.440 I/FusedLocation( 1285): (REDACTED) location delivery to %s blocked - too close
08-21 00:12:13.441 I/FusedLocation( 1285): (REDACTED) location delivery to %s blocked - too close
08-21 00:12:13.441 I/FusedLocation( 1285): (REDACTED) location delivery to %s blocked - too close
08-21 00:12:13.448 I/FusedLocation( 1285): (REDACTED) stationary throttling engaged @%s
08-21 00:12:13.449 I/FusedOrientationManager( 1285): Unregistering orientation client. [CONTEXT service_id=6 ]
08-21 00:12:13.450 I/flutter (15262): [INFO] msg="location: within 1km of selected address: true"
08-21 00:12:13.450 I/flutter (15262): [INFO] msg="splash: location prefetch completed"
08-21 00:12:13.451 W/AlarmManager(  642): Unrecognized alarm listener com.android.server.location.gnss.GnssLocationProvider$$ExternalSyntheticLambda14@1f94afb
08-21 00:12:13.451 W/AlarmManager(  642): Unrecognized alarm listener com.android.server.location.gnss.GnssLocationProvider$$ExternalSyntheticLambda13@51f9718
08-21 00:12:14.777 I/adbd    (  479): adbd service requested 'shell,v2,TERM=xterm-256color,raw:uiautomator dump /sdcard/uinav-3d13387a84ea454e9c294536a81ccc57.xml'
08-21 00:12:14.805 D/AndroidRuntime(15374): >>>>>> START com.android.internal.os.RuntimeInit uid 2000 <<<<<<
08-21 00:12:14.806 I/AndroidRuntime(15374): Using default boot image
08-21 00:12:14.806 I/AndroidRuntime(15374): Leaving lock profiling enabled
08-21 00:12:14.807 I/app_process(15374): Core platform API enforcement enabled from the hiddenapi_platform_enforcement flag and the device API level
08-21 00:12:14.807 I/app_process(15374): Using generational CollectorTypeCMC GC.
08-21 00:12:14.823 D/nativeloader(15374): InitDefaultPublicLibraries for_preload=1: libandroid.so:libaaudio.so:libamidi.so:libbinder_ndk.so:libc.so:libcamera2ndk.so:libdl.so:libEGL.so:libGLESv1_CM.so:libGLESv2.so:libGLESv3.so:libicu.so:libicui18n.so:libicuuc.so:libjnigraphics.so:liblog.so:libmediandk.so:libm.so:libnativehelper.so:libnativewindow.so:libOpenMAXAL.so:libOpenSLES.so:libRS.so:libstdc++.so:libsync.so:libvulkan.so:libwebviewchromium_plat_support.so:libz.so
08-21 00:12:14.826 D/nativeloader(15374): Load libicu_jni.so using APEX ns com_android_art for caller /apex/com.android.art/javalib/core-oj.jar: ok
08-21 00:12:14.826 D/app_process(15374): u_setTimeZoneFilesDirectory("/apex/com.android.tzdata/etc/tz/versioned/10/icu") succeeded. 
08-21 00:12:14.826 D/app_process(15374): I18n APEX ICU file found: /apex/com.android.i18n/etc/icu/icudt78l.dat
08-21 00:12:14.826 D/nativeloader(15374): Load libjavacore.so using APEX ns com_android_art for caller /apex/com.android.art/javalib/core-oj.jar: ok
08-21 00:12:14.826 D/nativeloader(15374): Load libopenjdk.so using APEX ns com_android_art for caller /apex/com.android.art/javalib/core-oj.jar: ok
08-21 00:12:14.827 I/app_process(15374): Priority-to-niceness mapping: 19, 16, 13, 10, 0, -2, -4, -5, -6, -8
08-21 00:12:14.827 W/app_process(15374): ClassLoaderContext shared library size mismatch. Expected=2, found=0 (PCL[]{PCL[/system/framework/android.test.base.jar*736588042]#PCL[/system/framework/android.test.mock.jar*4008448454]} | PCL[])
08-21 00:12:14.828 W/app_process(15374): ClassLoaderContext classpath size mismatch. expected=0, found=1 (PCL[]{PCL[/system/framework/android.test.runner.jar*805256125]{PCL[/system/framework/android.test.base.jar*736588042]#PCL[/system/framework/android.test.mock.jar*4008448454]}#PCL[/system/framework/android.test.base.jar*736588042]} | PCL[/system/framework/android.test.runner.jar*805256125])
08-21 00:12:14.834 D/nativeloader(15374): Load libframework-connectivity-tiramisu-jni.so using APEX ns com_android_tethering for caller /apex/com.android.tethering/javalib/framework-connectivity-t.jar: ok
08-21 00:12:14.834 D/AndroidRuntime(15374): Calling main entry com.android.commands.uiautomator.Launcher
08-21 00:12:14.835 I/AconfigPackage(15374): android.media.swcodec.flags is mapped to com.android.media.swcodec
08-21 00:12:14.835 I/AconfigPackage(15374): com.android.permission.flags is mapped to com.android.permission
08-21 00:12:14.835 I/AconfigPackage(15374): com.android.permissioncontroller.flags is mapped to com.android.permission
08-21 00:12:14.835 I/AconfigPackage(15374): com.google.android.widevine.flags is mapped to com.google.android.widevine
08-21 00:12:14.835 I/AconfigPackage(15374): com.android.icu is mapped to com.android.i18n
08-21 00:12:14.836 I/AconfigPackage(15374): com.android.appsearch.flags is mapped to com.android.appsearch
08-21 00:12:14.836 I/AconfigPackage(15374): com.android.uprobestats.flags is mapped to com.android.uprobestats
08-21 00:12:14.836 I/AconfigPackage(15374): android.uprobestats.mainline.flags is mapped to com.android.uprobestats
08-21 00:12:14.836 I/AconfigPackage(15374): com.android.crashrecovery.flags is mapped to com.android.crashrecovery
08-21 00:12:14.836 I/AconfigPackage(15374): android.provider.flags is mapped to com.android.configinfrastructure
08-21 00:12:14.836 I/AconfigPackage(15374): com.android.server.deviceconfig is mapped to com.android.configinfrastructure
08-21 00:12:14.836 I/AconfigPackage(15374): com.android.art.flags is mapped to com.android.art
08-21 00:12:14.836 I/AconfigPackage(15374): com.android.art.rw.flags is mapped to com.android.art
08-21 00:12:14.836 I/AconfigPackage(15374): com.android.libcore is mapped to com.android.art
08-21 00:12:14.836 I/AconfigPackage(15374): android.telecom.flags is mapped to com.android.telephonycore
08-21 00:12:14.836 I/AconfigPackage(15374): com.android.internal.telecom.flags is mapped to com.android.telephonycore
08-21 00:12:14.836 I/AconfigPackage(15374): com.android.telephony.flags is mapped to com.android.telephonycore
08-21 00:12:14.836 I/AconfigPackage(15374): com.android.media.extractor.flags is mapped to com.android.media
08-21 00:12:14.836 I/AconfigPackage(15374): com.android.media.metrics.flags is mapped to com.android.media
08-21 00:12:14.836 I/AconfigPackage(15374): com.android.media.mainline.flags is mapped to com.android.media
08-21 00:12:14.836 I/AconfigPackage(15374): com.android.wifi.flags is mapped to com.android.wifi
08-21 00:12:14.836 I/AconfigPackage(15374): com.android.org.conscrypt.flags is mapped to com.android.conscrypt
08-21 00:12:14.836 I/AconfigPackage(15374): com.android.org.conscrypt.net.flags is mapped to com.android.conscrypt
08-21 00:12:14.836 I/AconfigPackage(15374): com.android.healthfitness.flags is mapped to com.android.healthfitness
08-21 00:12:14.836 I/AconfigPackage(15374): com.android.ipsec.flags is mapped to com.android.ipsec
08-21 00:12:14.837 I/AconfigPackage(15374): com.android.nfc.module.flags is mapped to com.android.nfcservices
08-21 00:12:14.837 I/AconfigPackage(15374): com.android.nfc.module.nonexported.flags is mapped to com.android.nfcservices
08-21 00:12:14.837 I/AconfigPackage(15374): com.android.adservices.ondevicepersonalization.flags is mapped to com.android.ondevicepersonalization
08-21 00:12:14.837 I/AconfigPackage(15374): com.android.adbd.flags is mapped to com.android.adbd
08-21 00:12:14.837 I/AconfigPackage(15374): com.android.bluetooth.beta.flags is mapped to com.android.bt
08-21 00:12:14.837 I/AconfigPackage(15374): com.android.bluetooth.flags is mapped to com.android.bt
08-21 00:12:14.837 I/AconfigPackage(15374): com.android.devicelock.flags is mapped to com.android.devicelock
08-21 00:12:14.837 I/AconfigPackage(15374): android.os.profiling is mapped to com.android.profiling
08-21 00:12:14.837 I/AconfigPackage(15374): android.os.profiling.anomaly.flags is mapped to com.android.profiling
08-21 00:12:14.837 I/AconfigPackage(15374): com.android.os.statsd.flags is mapped to com.android.os.statsd
08-21 00:12:14.837 I/AconfigPackage(15374): com.android.webapp.flags is mapped to com.android.webapp
08-21 00:12:14.837 I/AconfigPackage(15374): com.android.rkpd.flags is mapped to com.android.rkpd
08-21 00:12:14.837 I/AconfigPackage(15374): com.android.cellbroadcastreceiver.flags is mapped to com.android.cellbroadcast
08-21 00:12:14.837 I/AconfigPackage(15374): com.android.adservices.flags is mapped to com.android.adservices
08-21 00:12:14.837 I/AconfigPackage(15374): com.android.sdksandbox.flags is mapped to com.android.adservices
08-21 00:12:14.837 I/AconfigPackage(15374): android.app.sdksandbox.flags is mapped to com.android.adservices
08-21 00:12:14.837 I/AconfigPackage(15374): com.android.uwb.flags is mapped to com.android.uwb
08-21 00:12:14.837 I/AconfigPackage(15374): com.android.ranging.flags is mapped to com.android.uwb
08-21 00:12:14.837 I/AconfigPackage(15374): com.android.npumanager is mapped to com.android.npumanager
08-21 00:12:14.837 I/AconfigPackage(15374): android.graphics.pdf.flags is mapped to com.android.mediaprovider
08-21 00:12:14.837 I/AconfigPackage(15374): com.android.providers.media.flags is mapped to com.android.mediaprovider
08-21 00:12:14.837 I/AconfigPackage(15374): android.graphics.pdf.flags.readonly is mapped to com.android.mediaprovider
08-21 00:12:14.837 I/AconfigPackage(15374): com.android.tethering.mainline.beta is mapped to com.android.tethering
08-21 00:12:14.837 I/AconfigPackage(15374): android.net.http is mapped to com.android.tethering
08-21 00:12:14.837 I/AconfigPackage(15374): com.android.tethering.readonly.flags is mapped to com.android.tethering
08-21 00:12:14.837 I/AconfigPackage(15374): android.net.vcn is mapped to com.android.tethering
08-21 00:12:14.837 I/AconfigPackage(15374): com.android.net.flags is mapped to com.android.tethering
08-21 00:12:14.837 I/AconfigPackage(15374): com.android.tethering.flags is mapped to com.android.tethering
08-21 00:12:14.837 I/AconfigPackage(15374): com.android.tethering.beta.test is mapped to com.android.tethering
08-21 00:12:14.837 I/AconfigPackage(15374): com.android.nearby.flags is mapped to com.android.tethering
08-21 00:12:14.837 I/AconfigPackage(15374): com.android.net.thread.flags is mapped to com.android.tethering
08-21 00:12:14.837 I/AconfigPackage(15374): com.android.net.ct.flags is mapped to com.android.tethering
08-21 00:12:14.837 I/AconfigPackage(15374): com.android.system.virtualmachine.flags is mapped to com.android.virt
08-21 00:12:14.837 E/FeatureFlagsImplExport(15374): android.os.flagging.AconfigStorageReadException: ERROR_PACKAGE_NOT_FOUND: package android.xr cannot be found on the device
08-21 00:12:14.837 D/UiAutomationConnection(15374): Created on user UserHandle{0}
08-21 00:12:14.837 I/UiAutomation(15374): Initialized for user 0 on display 0
08-21 00:12:14.838 W/UiAutomation(15374): Created with deprecatead constructor, assumes DEFAULT_DISPLAY
08-21 00:12:14.838 D/AccessibilityManagerService(  642): changeCurrentUserForTestAutomationIfNeededLocked(0): ignoring because device doesn't support visible background users
08-21 00:12:14.838 I/UiAutomationManager(  642): Registering UiTestAutomationService (id=com.android.server.accessibility/UiAutomation, flags=0x0) when called by user 0
08-21 00:12:14.838 V/AccessibilityManagerService(  642): onUserStateChangedLocked for userId: 0, forceUpdate: false
08-21 00:12:14.838 V/AccessibilityUserState(  642): updateShortcutTargets: type:accessibility_shortcut_target_service, current:{}, new:{}
08-21 00:12:14.839 V/AccessibilityUserState(  642): updateShortcutTargets: type:accessibility_button_targets, current:{}, new:{}
08-21 00:12:14.839 V/AccessibilityUserState(  642): updateShortcutTargets: type:accessibility_gesture_targets, current:{}, new:{}
08-21 00:12:14.839 V/AccessibilityUserState(  642): updateShortcutTargets: type:accessibility_qs_targets, current:{}, new:{}
08-21 00:12:14.839 V/AccessibilityUserState(  642): updateShortcutTargets: type:accessibility_key_gesture_targets, current:{}, new:{}
08-21 00:12:14.839 V/AccessibilityUserState(  642): updateShortcutTargets: type:accessibility_top_row_key_targets, current:{}, new:{}
08-21 00:12:14.839 V/AccessibilityUserState(  642): updateShortcutTargets: type:accessibility_quick_access_targets, current:{}, new:{}
08-21 00:12:14.839 I/AiAiEcho( 1655): Settings changed for uri: content://settings/secure/accessibility_enabled
08-21 00:12:14.839 W/MagnificationConnectionManager(  642): requestConnection duplicated request: connect=false, mConnectionState=DISCONNECTED
08-21 00:12:14.839 I/AiAiEcho( 1655): Predicting[0]:  [CONTEXT sampling_count=5 ]
08-21 00:12:14.839 I/AiAiEcho( 1655): EchoTargets: 
08-21 00:12:14.839 I/AiAiEcho( 1655): Filtered by AiAi flag check: 
08-21 00:12:14.839 I/AiAiEcho( 1655): [CONTEXT ratelimit_period="10 SECONDS" ]
08-21 00:12:14.839 I/AiAiEcho( 1655): #remoteViewsTwiddler: feature disabled.
08-21 00:12:14.839 I/AiAiEcho( 1655): Predicting[0]:  [CONTEXT sampling_count=5 ]
08-21 00:12:14.839 I/AiAiEcho( 1655): EchoTargets: 
08-21 00:12:14.839 I/AiAiEcho( 1655): Filtered by AiAi flag check: 
08-21 00:12:14.839 I/AiAiEcho( 1655): [CONTEXT ratelimit_period="10 SECONDS" ]
08-21 00:12:14.839 I/AiAiEcho( 1655): #remoteViewsTwiddler: feature disabled.
08-21 00:12:14.839 I/AiAiEcho( 1655): Predicting[0]:  [CONTEXT sampling_count=5 ]
08-21 00:12:14.839 I/AiAiEcho( 1655): EchoTargets: 
08-21 00:12:14.839 I/AiAiEcho( 1655): Filtered by AiAi flag check: 
08-21 00:12:14.839 I/AiAiEcho( 1655): [CONTEXT ratelimit_period="10 SECONDS" ]
08-21 00:12:14.839 I/AiAiEcho( 1655): #remoteViewsTwiddler: feature disabled.
08-21 00:12:14.839 I/AiAiEcho( 1655): #postPredictionTargets: Sending updates to UISurface lockscreen with targets# 0 (types=[])
08-21 00:12:14.839 I/AiAiEcho( 1655): #postPredictionTargets: Sending updates to UISurface ambientcue with targets# 0 (types=[])
08-21 00:12:14.839 I/AiAiEcho( 1655): #postPredictionTargets: Sending updates to UISurface home with targets# 0 (types=[])
08-21 00:12:14.840 I/AmbientCueRepository(  894): Receiving SmartSpace targets # 0
08-21 00:12:14.841 W/libbinder.IPCThreadState(  642): Sending oneway calls to frozen process.
08-21 00:12:14.841 W/libbinder.IPCThreadState(  642): Sending oneway calls to frozen process.
08-21 00:12:14.841 W/libbinder.IPCThreadState(  642): Sending oneway calls to frozen process.
08-21 00:12:14.841 W/libbinder.IPCThreadState(  642): Sending oneway calls to frozen process.
08-21 00:12:14.841 W/libbinder.IPCThreadState(  642): Sending oneway calls to frozen process.
08-21 00:12:14.841 W/libbinder.IPCThreadState(  642): Sending oneway calls to frozen process.
08-21 00:12:14.841 W/libbinder.IPCThreadState(  642): Sending oneway calls to frozen process.
08-21 00:12:14.841 W/libbinder.IPCThreadState(  642): Sending oneway calls to frozen process.
08-21 00:12:14.841 W/libbinder.IPCThreadState(  642): Sending oneway calls to frozen process.
08-21 00:12:14.841 V/AccessibilityManagerService(  642): onUserStateChangedLocked for userId: 0, forceUpdate: false
08-21 00:12:14.841 V/AccessibilityUserState(  642): updateShortcutTargets: type:accessibility_shortcut_target_service, current:{}, new:{}
08-21 00:12:14.842 W/libbinder.IPCThreadState(  642): Sending oneway calls to frozen process.
08-21 00:12:14.842 W/libbinder.IPCThreadState(  642): Sending oneway calls to frozen process.
08-21 00:12:14.842 I/AiAiEcho( 1655): Settings changed for uri: content://settings/secure/accessibility_enabled
08-21 00:12:14.842 W/libbinder.IPCThreadState(  642): Sending oneway calls to frozen process.
08-21 00:12:14.842 I/AiAiEcho( 1655): Predicting[0]:  [CONTEXT sampling_count=5 ]
08-21 00:12:14.842 I/AiAiEcho( 1655): EchoTargets: 
08-21 00:12:14.842 I/AiAiEcho( 1655): Filtered by AiAi flag check: 
08-21 00:12:14.842 I/AiAiEcho( 1655): [CONTEXT ratelimit_period="10 SECONDS" ]
08-21 00:12:14.842 I/AiAiEcho( 1655): #remoteViewsTwiddler: feature disabled.
08-21 00:12:14.842 V/AccessibilityUserState(  642): updateShortcutTargets: type:accessibility_button_targets, current:{}, new:{}
08-21 00:12:14.842 V/AccessibilityUserState(  642): updateShortcutTargets: type:accessibility_gesture_targets, current:{}, new:{}
08-21 00:12:14.842 V/AccessibilityUserState(  642): updateShortcutTargets: type:accessibility_qs_targets, current:{}, new:{}
08-21 00:12:14.842 V/AccessibilityUserState(  642): updateShortcutTargets: type:accessibility_key_gesture_targets, current:{}, new:{}
08-21 00:12:14.842 V/AccessibilityUserState(  642): updateShortcutTargets: type:accessibility_top_row_key_targets, current:{}, new:{}
08-21 00:12:14.842 I/AiAiEcho( 1655): Predicting[0]:  [CONTEXT sampling_count=5 ]
08-21 00:12:14.842 V/AccessibilityUserState(  642): updateShortcutTargets: type:accessibility_quick_access_targets, current:{}, new:{}
08-21 00:12:14.842 I/AiAiEcho( 1655): EchoTargets: 
08-21 00:12:14.842 I/AiAiEcho( 1655): Filtered by AiAi flag check: 
08-21 00:12:14.842 I/AiAiEcho( 1655): [CONTEXT ratelimit_period="10 SECONDS" ]
08-21 00:12:14.842 W/MagnificationConnectionManager(  642): requestConnection duplicated request: connect=false, mConnectionState=DISCONNECTED
08-21 00:12:14.842 I/AiAiEcho( 1655): #remoteViewsTwiddler: feature disabled.
08-21 00:12:14.842 I/AiAiEcho( 1655): Predicting[0]:  [CONTEXT sampling_count=5 ]
08-21 00:12:14.842 I/AiAiEcho( 1655): EchoTargets: 
08-21 00:12:14.842 I/AiAiEcho( 1655): Filtered by AiAi flag check: 
08-21 00:12:14.842 I/AiAiEcho( 1655): [CONTEXT ratelimit_period="10 SECONDS" ]
08-21 00:12:14.842 I/AiAiEcho( 1655): #remoteViewsTwiddler: feature disabled.
08-21 00:12:14.842 I/AiAiEcho( 1655): #postPredictionTargets: Sending updates to UISurface lockscreen with targets# 0 (types=[])
08-21 00:12:14.842 W/libbinder.IPCThreadState(  642): Sending oneway calls to frozen process.
08-21 00:12:14.842 W/libbinder.IPCThreadState(  642): Sending oneway calls to frozen process.
08-21 00:12:14.842 I/AiAiEcho( 1655): #postPredictionTargets: Sending updates to UISurface ambientcue with targets# 0 (types=[])
08-21 00:12:14.842 W/libbinder.IPCThreadState(  642): Sending oneway calls to frozen process.
08-21 00:12:14.842 I/AmbientCueRepository(  894): Receiving SmartSpace targets # 0
08-21 00:12:14.842 W/libbinder.IPCThreadState(  642): Sending oneway calls to frozen process.
08-21 00:12:14.842 W/libbinder.IPCThreadState(  642): Sending oneway calls to frozen process.
08-21 00:12:14.842 W/libbinder.IPCThreadState(  642): Sending oneway calls to frozen process.
08-21 00:12:14.842 I/AiAiEcho( 1655): #postPredictionTargets: Sending updates to UISurface home with targets# 0 (types=[])
08-21 00:12:14.842 W/libbinder.IPCThreadState(  642): Sending oneway calls to frozen process.
08-21 00:12:14.842 W/libbinder.IPCThreadState(  642): Sending oneway calls to frozen process.
08-21 00:12:14.842 W/libbinder.IPCThreadState(  642): Sending oneway calls to frozen process.
08-21 00:12:14.842 W/libbinder.IPCThreadState(  642): Sending oneway calls to frozen process.
08-21 00:12:14.842 W/libbinder.IPCThreadState(  642): Sending oneway calls to frozen process.
08-21 00:12:14.842 W/libbinder.IPCThreadState(  642): Sending oneway calls to frozen process.
08-21 00:12:14.842 W/libbinder.IPCThreadState(  642): Sending oneway calls to frozen process.
08-21 00:12:14.842 W/libbinder.IPCThreadState(  642): Sending oneway calls to frozen process.
08-21 00:12:14.842 W/libbinder.IPCThreadState(  642): Sending oneway calls to frozen process.
08-21 00:12:14.842 W/libbinder.IPCThreadState(  642): Sending oneway calls to frozen process.
08-21 00:12:14.842 W/libbinder.IPCThreadState(  642): Sending oneway calls to frozen process.
08-21 00:12:14.842 W/libbinder.IPCThreadState(  642): Sending oneway calls to frozen process.
08-21 00:12:14.842 D/BatterySaverPolicy(  642): accessibility changed to true, updating policy.
08-21 00:12:14.844 D/AccessibilityManagerService(  642): .getAccessibilityShortcutTargets {shortcutType=32, userId=0}
08-21 00:12:14.867 W/skia    (  477): AGTM parsing failed flags.readFromStream(s) at 159
08-21 00:12:14.867 W/skia    (  477): AGTM parsing failed flags.readFromStream(s) at 159
08-21 00:12:14.967 W/skia    (  477): AGTM parsing failed flags.readFromStream(s) at 159
08-21 00:12:14.967 W/skia    (  477): AGTM parsing failed flags.readFromStream(s) at 159
08-21 00:12:15.553 I/HalDevMgr(  642): bestIfaceCreationProposal is null, requestIface=STA, existingIface=[name=wlan0 type=STA]
08-21 00:12:15.573 W/libbinder.IPCThreadState(  642): Sending oneway calls to frozen process.
08-21 00:12:15.573 W/libbinder.IPCThreadState(  642): Sending oneway calls to frozen process.
08-21 00:12:15.894 W/MediaProvider( 1618): isAppCloneUserPair for user 0: false
08-21 00:12:15.897 W/AccessibilityNodeInfoDumper(15374): Fetch time: 4ms
08-21 00:12:15.897 V/AccessibilityManagerService(  642): onUserStateChangedLocked for userId: 0, forceUpdate: false
08-21 00:12:15.898 V/AccessibilityUserState(  642): updateShortcutTargets: type:accessibility_shortcut_target_service, current:{}, new:{}
08-21 00:12:15.898 V/AccessibilityUserState(  642): updateShortcutTargets: type:accessibility_button_targets, current:{}, new:{}
08-21 00:12:15.898 V/AccessibilityUserState(  642): updateShortcutTargets: type:accessibility_gesture_targets, current:{}, new:{}
08-21 00:12:15.898 V/AccessibilityUserState(  642): updateShortcutTargets: type:accessibility_qs_targets, current:{}, new:{}
08-21 00:12:15.898 V/AccessibilityUserState(  642): updateShortcutTargets: type:accessibility_key_gesture_targets, current:{}, new:{}
08-21 00:12:15.898 V/AccessibilityUserState(  642): updateShortcutTargets: type:accessibility_top_row_key_targets, current:{}, new:{}
08-21 00:12:15.898 V/AccessibilityUserState(  642): updateShortcutTargets: type:accessibility_quick_access_targets, current:{}, new:{}
08-21 00:12:15.898 W/MagnificationConnectionManager(  642): requestConnection duplicated request: connect=false, mConnectionState=DISCONNECTED
08-21 00:12:15.898 D/AccessibilityManagerService(  642): restoreCurrentUserForTestAutomationIfNeededLocked(): ignoring because device doesn't support visible background users
08-21 00:12:15.898 W/libbinder.IPCThreadState(  642): Sending oneway calls to frozen process.
08-21 00:12:15.898 W/libbinder.IPCThreadState(  642): Sending oneway calls to frozen process.
08-21 00:12:15.898 W/libbinder.IPCThreadState(  642): Sending oneway calls to frozen process.
08-21 00:12:15.898 W/libbinder.IPCThreadState(  642): Sending oneway calls to frozen process.
08-21 00:12:15.898 W/libbinder.IPCThreadState(  642): Sending oneway calls to frozen process.
08-21 00:12:15.898 W/libbinder.IPCThreadState(  642): Sending oneway calls to frozen process.
08-21 00:12:15.898 W/libbinder.IPCThreadState(  642): Sending oneway calls to frozen process.
08-21 00:12:15.898 W/libbinder.IPCThreadState(  642): Sending oneway calls to frozen process.
08-21 00:12:15.898 W/libbinder.IPCThreadState(  642): Sending oneway calls to frozen process.
08-21 00:12:15.898 W/libbinder.IPCThreadState(  642): Sending oneway calls to frozen process.
08-21 00:12:15.898 W/libbinder.IPCThreadState(  642): Sending oneway calls to frozen process.
08-21 00:12:15.898 W/libbinder.IPCThreadState(  642): Sending oneway calls to frozen process.
08-21 00:12:15.898 W/libbinder.IPCThreadState(  642): Sending oneway calls to frozen process.
08-21 00:12:15.898 W/libbinder.IPCThreadState(  642): Sending oneway calls to frozen process.
08-21 00:12:15.898 W/libbinder.IPCThreadState(  642): Sending oneway calls to frozen process.
08-21 00:12:15.898 W/libbinder.IPCThreadState(  642): Sending oneway calls to frozen process.
08-21 00:12:15.898 W/libbinder.IPCThreadState(  642): Sending oneway calls to frozen process.
08-21 00:12:15.898 W/libbinder.IPCThreadState(  642): Sending oneway calls to frozen process.
08-21 00:12:15.898 D/BatterySaverPolicy(  642): accessibility changed to false, updating policy.
08-21 00:12:15.898 D/AndroidRuntime(15374): Shutting down VM
08-21 00:12:15.898 I/AiAiEcho( 1655): Settings changed for uri: content://settings/secure/accessibility_enabled
08-21 00:12:15.898 W/libbinder.IPCThreadState(15374): call to talkWithDriver in joinThreadPool returned error: -9 (Bad file descriptor), FD: -1
08-21 00:12:15.899 W/libbinder.IPCThreadState(15374): call to talkWithDriver in joinThreadPool returned error: -9 (Bad file descriptor), FD: -1
08-21 00:12:15.899 W/libbinder.IPCThreadState(15374): call to talkWithDriver in joinThreadPool returned error: -9 (Bad file descriptor), FD: -1
08-21 00:12:15.899 I/AiAiEcho( 1655): Predicting[0]:  [CONTEXT sampling_count=5 ]
08-21 00:12:15.899 I/AiAiEcho( 1655): EchoTargets: 
08-21 00:12:15.899 I/AiAiEcho( 1655): Filtered by AiAi flag check: 
08-21 00:12:15.899 I/AiAiEcho( 1655): [CONTEXT ratelimit_period="10 SECONDS" ]
08-21 00:12:15.899 I/AiAiEcho( 1655): #remoteViewsTwiddler: feature disabled.
08-21 00:12:15.899 I/AiAiEcho( 1655): Predicting[0]:  [CONTEXT sampling_count=5 ]
08-21 00:12:15.899 I/AiAiEcho( 1655): EchoTargets: 
08-21 00:12:15.899 I/AiAiEcho( 1655): Filtered by AiAi flag check: 
08-21 00:12:15.899 I/AiAiEcho( 1655): [CONTEXT ratelimit_period="10 SECONDS" ]
08-21 00:12:15.899 I/AiAiEcho( 1655): #remoteViewsTwiddler: feature disabled.
08-21 00:12:15.899 I/AiAiEcho( 1655): Predicting[0]:  [CONTEXT sampling_count=5 ]
08-21 00:12:15.899 I/AiAiEcho( 1655): EchoTargets: 
08-21 00:12:15.899 I/AiAiEcho( 1655): Filtered by AiAi flag check: 
08-21 00:12:15.899 I/AiAiEcho( 1655): [CONTEXT ratelimit_period="10 SECONDS" ]
08-21 00:12:15.899 I/AiAiEcho( 1655): #remoteViewsTwiddler: feature disabled.
08-21 00:12:15.899 I/AiAiEcho( 1655): #postPredictionTargets: Sending updates to UISurface lockscreen with targets# 0 (types=[])
08-21 00:12:15.899 I/AiAiEcho( 1655): #postPredictionTargets: Sending updates to UISurface ambientcue with targets# 0 (types=[])
08-21 00:12:15.899 I/AiAiEcho( 1655): #postPredictionTargets: Sending updates to UISurface home with targets# 0 (types=[])
08-21 00:12:15.900 I/AmbientCueRepository(  894): Receiving SmartSpace targets # 0
08-21 00:12:15.909 W/skia    (  477): AGTM parsing failed flags.readFromStream(s) at 159
08-21 00:12:15.909 W/skia    (  477): AGTM parsing failed flags.readFromStream(s) at 159
08-21 00:12:16.009 W/skia    (  477): AGTM parsing failed flags.readFromStream(s) at 159
08-21 00:12:16.009 W/skia    (  477): AGTM parsing failed flags.readFromStream(s) at 159
08-21 00:12:16.606 W/libbinder.IPCThreadState(  642): Sending oneway calls to frozen process.
08-21 00:12:16.735 I/adbd    (  479): adbd service requested 'exec:cat '/sdcard/uinav-3d13387a84ea454e9c294536a81ccc57.xml''
08-21 00:12:16.755 I/adbd    (  479): adbd service requested 'shell,v2,TERM=xterm-256color,raw:rm -f /sdcard/uinav-3d13387a84ea454e9c294536a81ccc57.xml'
08-21 00:12:16.760 I/MediaProvider( 1618): Deleted 0 0 0 0 0 0 1 items on external_primary due to com.android.shell
08-21 00:12:17.474 W/libbinder.IPCThreadState(  642): Sending oneway calls to frozen process.
08-21 00:12:18.558 I/HalDevMgr(  642): bestIfaceCreationProposal is null, requestIface=STA, existingIface=[name=wlan0 type=STA]
08-21 00:12:18.676 E/Nl80211Native(  642): getChannelsMhzForBand: Wiphy index not recorded for band 8
08-21 00:12:18.676 E/Nl80211Native(  642): getChannelsMhzForBand: Wiphy index not recorded for band 16
08-21 00:12:18.676 D/Nl80211Native(  642): Ignoring unsupported scan type 2
08-21 00:12:18.676 I/Nl80211Proxy(  642): Sending Nl80211 message: GenericNetlinkMsg{ nlHeader{StructNlMsgHdr{ nlmsg_len{56}, nlmsg_type{29()}, nlmsg_flags{5(NLM_F_REQUEST|NLM_F_ACK)}, nlmsg_seq{329}, nlmsg_pid{0} }}, genNlHeader{StructGenNlMsgHdr{ command{33}, version{1}, reserved{0} }}, attributes{[StructNlAttr{ nla_len{8}, nla_type{-32723}, nla_value{04000000}, }, StructNlAttr{ nla_len{8}, nla_type{3}, nla_value{10000000}, }, StructNlAttr{ nla_len{12}, nla_type{-32724}, nla_value{080000008F090000}, }, StructNlAttr{ nla_len{8}, nla_type{158}, nla_value{00000000}, }]} }
08-21 00:12:18.676 I/Nl80211Proxy(  642): Received NLMSG_ERROR with error 0 for message GenericNetlinkMsg{ nlHeader{StructNlMsgHdr{ nlmsg_len{56}, nlmsg_type{29()}, nlmsg_flags{5(NLM_F_REQUEST|NLM_F_ACK)}, nlmsg_seq{329}, nlmsg_pid{0} }}, genNlHeader{StructGenNlMsgHdr{ command{33}, version{1}, reserved{0} }}, attributes{[StructNlAttr{ nla_len{8}, nla_type{-32723}, nla_value{04000000}, }, StructNlAttr{ nla_len{8}, nla_type{3}, nla_value{10000000}, }, StructNlAttr{ nla_len{12}, nla_type{-32724}, nla_value{080000008F090000}, }, StructNlAttr{ nla_len{8}, nla_type{158}, nla_value{00000000}, }]} }
08-21 00:12:18.719 D/WifiNative(  642): Scan result ready event
08-21 00:12:18.719 I/Nl80211Proxy(  642): Sending Nl80211 message: GenericNetlinkMsg{ nlHeader{StructNlMsgHdr{ nlmsg_len{20}, nlmsg_type{29()}, nlmsg_flags{769(NLM_F_REQUEST|NLM_F_DUMP)}, nlmsg_seq{330}, nlmsg_pid{0} }}, genNlHeader{StructGenNlMsgHdr{ command{5}, version{1}, reserved{0} }}, attributes{[]} }
08-21 00:12:18.720 I/Nl80211Proxy(  642): Received NLMSG_DONE for message GenericNetlinkMsg{ nlHeader{StructNlMsgHdr{ nlmsg_len{20}, nlmsg_type{29()}, nlmsg_flags{769(NLM_F_REQUEST|NLM_F_DUMP)}, nlmsg_seq{330}, nlmsg_pid{0} }}, genNlHeader{StructGenNlMsgHdr{ command{5}, version{1}, reserved{0} }}, attributes{[]} }
08-21 00:12:18.720 W/Nl80211Utils(  642): Malformed NEW_INTERFACE response: missing attributes
08-21 00:12:18.720 I/Nl80211Proxy(  642): Sending Nl80211 message: GenericNetlinkMsg{ nlHeader{StructNlMsgHdr{ nlmsg_len{28}, nlmsg_type{29()}, nlmsg_flags{769(NLM_F_REQUEST|NLM_F_DUMP)}, nlmsg_seq{331}, nlmsg_pid{0} }}, genNlHeader{StructGenNlMsgHdr{ command{32}, version{1}, reserved{0} }}, attributes{[StructNlAttr{ nla_len{8}, nla_type{3}, nla_value{10000000}, }]} }
08-21 00:12:18.720 I/Nl80211Proxy(  642): Received NLMSG_DONE for message GenericNetlinkMsg{ nlHeader{StructNlMsgHdr{ nlmsg_len{28}, nlmsg_type{29()}, nlmsg_flags{769(NLM_F_REQUEST|NLM_F_DUMP)}, nlmsg_seq{331}, nlmsg_pid{0} }}, genNlHeader{StructGenNlMsgHdr{ command{32}, version{1}, reserved{0} }}, attributes{[StructNlAttr{ nla_len{8}, nla_type{3}, nla_value{10000000}, }]} }
08-21 00:12:18.720 I/WifiScanner( 1285): onFullResults
08-21 00:12:18.720 I/WifiScanner( 1285): onFullResults
08-21 00:12:18.723 I/HalDevMgr(  642): bestIfaceCreationProposal is null, requestIface=STA, existingIface=[name=wlan0 type=STA]
08-21 00:12:18.903 I/keystore2(  311): system/security/keystore2/watchdog/src/lib.rs:371 - Watchdog thread idle -> terminating. Have a great day.
08-21 00:12:19.829 D/BoundBrokerSvc( 5388): onUnbind: Intent { act=com.google.android.gms.measurement.START xflg=0x4 pkg=com.google.android.gms }
08-21 00:12:21.144 I/NetworkScheduler.Stats( 1285): (REDACTED) Task %s/%s started execution. cause:%s exec_start_elapsed_seconds: %s
08-21 00:12:21.148 I/NetworkScheduler.Stats( 1285): (REDACTED) Task %s/%s finished executing. cause:%s result: %s elapsed_millis: %s uptime_millis: %s exec_start_elapsed_seconds: %s
08-21 00:12:21.562 I/HalDevMgr(  642): bestIfaceCreationProposal is null, requestIface=STA, existingIface=[name=wlan0 type=STA]
08-21 00:12:21.816 I/adbd    (  479): adbd service requested 'exec:screencap '-p''
08-21 00:12:21.843 W/libbinder.BackendUnifiedServiceManager(15398): Thread Pool max thread count is 0. Cannot cache binder as linkToDeath cannot be implemented. serviceName: SurfaceFlingerAIDL
08-21 00:12:21.843 W/libbinder.BpBinder(15398): Linking to death on android.gui.ISurfaceComposer but there are no threads (yet?) listening to incoming transactions. See ProcessState::startThreadPool and ProcessState::setThreadPoolMaxThreadCount. Generally you should setup the binder threadpool before other initialization steps.
08-21 00:12:21.843 W/libbinder.ProcessState(15398): Extra binder thread started, but 0 threads requested. Do not use *startThreadPool when zero threads are requested.
08-21 00:12:21.845 W/skia    (  477): AGTM parsing failed flags.readFromStream(s) at 159
08-21 00:12:21.845 W/skia    (  477): AGTM parsing failed flags.readFromStream(s) at 159
08-21 00:12:21.845 W/skia    (  477): AGTM parsing failed flags.readFromStream(s) at 159
08-21 00:12:21.845 W/skia    (  477): AGTM parsing failed flags.readFromStream(s) at 159
08-21 00:12:21.854 W/libc    (15398): Access denied finding property "vendor.mesa.virtgpu.kumquat"
