--------- beginning of main
08-21 00:10:33.028 W/libbinder.IPCThreadState(  642): Sending oneway calls to frozen process.
08-21 00:10:33.079 I/adbd    (  479): adbd service requested 'shell,v2,TERM=xterm-256color:export ANDROID_LOG_TAGS=''; exec logcat '-v' 'time''
08-21 00:10:33.341 I/HalDevMgr(  642): bestIfaceCreationProposal is null, requestIface=STA, existingIface=[name=wlan0 type=STA]
08-21 00:10:33.875 W/libbinder.IPCThreadState(  642): Sending oneway calls to frozen process.
--------- beginning of system
08-21 00:10:33.876 D/ActivityManager(  642): sync unfroze 5623 com.google.android.apps.photos for 6
08-21 00:10:33.882 W/ProcessStats(  642): Tracking association SourceState{a4dbb29 system/1000 ImpBg #7535} whose proc state 6 is better than process ProcessState{b533d9e com.google.android.apps.photos/10171 pkg=com.google.android.apps.photos} proc state 14 (5 skipped)
08-21 00:10:33.899 W/JobScheduler(  642): Job didn't exist in JobStore: d9b6ac0 #u0a171/1034 com.google.android.apps.photos/com.google.android.libraries.social.mediamonitor.MediaMonitorJobSchedulerService
08-21 00:10:33.904 W/UriGrantsManagerService(  642): No permission grants found for com.google.android.apps.photos
08-21 00:10:33.904 W/UriGrantsManagerService(  642): No permission grants found for com.google.android.apps.photos
08-21 00:10:33.913 W/UriGrantsManagerService(  642): No permission grants found for com.google.android.apps.photos
08-21 00:10:33.913 W/UriGrantsManagerService(  642): No permission grants found for com.google.android.apps.photos
08-21 00:10:33.918 W/UriGrantsManagerService(  642): No permission grants found for com.google.android.apps.photos
08-21 00:10:33.918 W/UriGrantsManagerService(  642): No permission grants found for com.google.android.apps.photos
08-21 00:10:33.976 I/GmscoreIpa( 5388): Starting mediastore instant index [CONTEXT service_id=255 ]
08-21 00:10:35.002 I/wpa_supplicant(  880): wlan0: CTRL-EVENT-BEACON-LOSS 
08-21 00:10:36.347 I/HalDevMgr(  642): bestIfaceCreationProposal is null, requestIface=STA, existingIface=[name=wlan0 type=STA]
08-21 00:10:36.351 D/IpClient/wlan0(  999): interfaceLinkStateChanged: ifindex 16 up
08-21 00:10:36.353 D/IpClient/wlan0(  999): interfaceLinkStateChanged: ifindex 16 up
08-21 00:10:38.139 I/AlarmManager( 1285): setExactAndAllowWhileIdle [name: FcmRetry type: 2 triggerAtMillis: 11194077]
08-21 00:10:38.141 V/GrammaticalInflectionUtils(  642): AttributionSource: android.content.AttributionSource@e8567d59 does not have READ_SYSTEM_GRAMMATICAL_GENDER permission.
08-21 00:10:38.144 D/Zygote  (  429): Forked child process 14836
08-21 00:10:38.145 I/ActivityManager(  642): Start proc 14836:com.izzes.nears/u0a252 for broadcast {com.izzes.nears/io.flutter.plugins.firebase.messaging.FlutterFirebaseMessagingReceiver}
08-21 00:10:38.146 I/libprocessgroup(14836): Created cgroup /sys/fs/cgroup/apps/uid_10252/pid_14836
08-21 00:10:38.172 I/Zygote  (14836): Process 14836 created for com.izzes.nears
08-21 00:10:38.172 I/com.izzes.nears(14836): Late-enabling -Xcheck:jni
08-21 00:10:38.177 I/com.izzes.nears(14836): Using generational CollectorTypeCMC GC.
08-21 00:10:38.178 I/adbd    (  479): jdwp connection from 14836
08-21 00:10:38.180 D/nativeloader(14836): Load libframework-connectivity-tiramisu-jni.so using APEX ns com_android_tethering for caller /apex/com.android.tethering/javalib/framework-connectivity-t.jar: ok
08-21 00:10:38.194 D/ApplicationLoaders(14836): Returning zygote-cached class loader: /system/framework/org.apache.http.legacy.jar
08-21 00:10:38.194 D/ApplicationLoaders(14836): Returning zygote-cached class loader: /system_ext/framework/androidx.window.extensions.jar
08-21 00:10:38.194 D/ApplicationLoaders(14836): Returning zygote-cached class loader: /system_ext/framework/androidx.window.sidecar.jar
08-21 00:10:38.407 D/nativeloader(14836): Configuring clns-9 for other apk /data/app/~~KhkoGxgWleXvanC1r0ezhg==/com.izzes.nears-VjQRwXFlvZaTMRoqdNXDPg==/base.apk. target_sdk_version=36, uses_libraries=, library_path=/data/app/~~KhkoGxgWleXvanC1r0ezhg==/com.izzes.nears-VjQRwXFlvZaTMRoqdNXDPg==/lib/arm64:/data/app/~~KhkoGxgWleXvanC1r0ezhg==/com.izzes.nears-VjQRwXFlvZaTMRoqdNXDPg==/base.apk!/lib/arm64-v8a, permitted_path=/data:/mnt/expand:/data/user/0/com.izzes.nears
08-21 00:10:38.411 V/GraphicsEnvironment(14836): Currently set values for:
08-21 00:10:38.411 V/GraphicsEnvironment(14836):   angle_gl_driver_selection_pkgs=[]
08-21 00:10:38.411 V/GraphicsEnvironment(14836):   angle_gl_driver_selection_values=[]
08-21 00:10:38.412 V/GraphicsEnvironment(14836): com.izzes.nears is not listed in per-application setting
08-21 00:10:38.412 V/GraphicsEnvironment(14836): No special selections for ANGLE, returning default driver choice
08-21 00:10:38.412 V/GraphicsEnvironment(14836): Neither updatable production driver nor prerelease driver is supported.
08-21 00:10:38.416 W/FirebaseApp(14836): Default FirebaseApp failed to initialize because no default options were found. This usually means that com.google.gms:google-services was not applied to your gradle project.
08-21 00:10:38.416 I/FirebaseInitProvider(14836): FirebaseApp initialization unsuccessful
08-21 00:10:38.417 D/FLTFireContextHolder(14836): received application context.
08-21 00:10:38.439 W/com.facebook.UserSettingsManager(14836): You haven't set a value for AdvertiserIDCollectionEnabled. Set the flag to TRUE if you want to collect Advertiser ID for better advertising and analytics results. To request user consent before collecting data, set the flag value to FALSE, then change to TRUE once user consent is received. Learn more: https://developers.facebook.com/docs/app-events/getting-started-app-events-android#disable-auto-events.
08-21 00:10:38.447 W/com.facebook.internal.NativeProtocol(14836): Apps that target Android API 30+ (Android 11+) cannot call Facebook native apps unless the package visibility needs are declared. Please follow https://developers.facebook.com/docs/android/troubleshooting/#faq_267321845055988 to make the declaration.
08-21 00:10:38.455 D/FLTFireMsgReceiver(14836): broadcast received for message
08-21 00:10:38.473 W/JobInfo (14836): Job 'com.izzes.nears/io.flutter.plugins.firebase.messaging.FlutterFirebaseMessagingBackgroundService#2020' has a deadline with no functional constraints. The deadline won't improve job execution latency. Consider removing the deadline.
08-21 00:10:38.474 W/JobInfo (  642): Job 'com.izzes.nears/io.flutter.plugins.firebase.messaging.FlutterFirebaseMessagingBackgroundService#2020' has a deadline with no functional constraints. The deadline won't improve job execution latency. Consider removing the deadline.
08-21 00:10:38.490 I/DisplayManager(14836): Implicitly registering for refresh rate
08-21 00:10:38.493 I/ResourceExtractor(14836): Found extracted resources res_timestamp-3-1787255979667
08-21 00:10:38.493 I/FLTFireMsgService(14836): Service has not yet started, messages will be queued.
08-21 00:10:38.495 D/FlutterJNI(14836): Beginning load of flutter...
08-21 00:10:38.497 D/nativeloader(14836): Load /data/app/~~KhkoGxgWleXvanC1r0ezhg==/com.izzes.nears-VjQRwXFlvZaTMRoqdNXDPg==/lib/arm64/libflutter.so using class loader ns clns-9 (caller=/data/app/~~KhkoGxgWleXvanC1r0ezhg==/com.izzes.nears-VjQRwXFlvZaTMRoqdNXDPg==/base.apk!classes22.dex): ok
08-21 00:10:38.498 D/FlutterJNI(14836): flutter (null) was loaded normally!
08-21 00:10:38.501 E/FirebaseMessaging(14836): Default FirebaseApp has not been initialized. Skip logging event to GA.
08-21 00:10:38.501 I/FirebaseMessaging(14836): FirebaseApp has not being initialized. Device might be in direct boot mode. Skip exporting delivery metrics to Big Query
08-21 00:10:38.502 D/FileUtils(  642): Rounded bytes from 3155017728 to 4000000000
08-21 00:10:38.503 W/FirebaseMessaging(14836): Notification Channel requested (6ammart) has not been created by the app. Manifest configuration, or default, value will be used.
08-21 00:10:38.503 W/FirebaseMessaging(14836): Missing Default Notification Channel metadata in AndroidManifest. Default value will be used.
08-21 00:10:38.503 I/FLTFireBGExecutor(14836): Creating background FlutterEngine instance.
08-21 00:10:38.511 W/com.izzes.nears(14836): type=1400 audit(0.0:155): avc:  denied  { read } for  name="max_map_count" dev="proc" ino=26028 scontext=u:r:untrusted_app_34:s0:c252,c256,c512,c768 tcontext=u:object_r:proc_max_map_count:s0 tclass=file permissive=0 app=com.izzes.nears
08-21 00:10:38.556 I/GFXSTREAM(14836): [eglDisplay.cpp(297)] Opening libGLESv1_CM_emulation.so
08-21 00:10:38.556 I/GFXSTREAM(14836): [eglDisplay.cpp(297)] Opening libGLESv2_emulation.so
08-21 00:10:38.557 W/libc    (14836): Access denied finding property "vendor.mesa.virtgpu.kumquat"
08-21 00:10:38.560 I/DynamiteModule(14836): Considering local module com.google.android.gms.measurement.dynamite:185 and remote module com.google.android.gms.measurement.dynamite:202
08-21 00:10:38.566 I/DynamiteModule(14836): Selected remote version of com.google.android.gms.measurement.dynamite, version >= 202
08-21 00:10:38.566 V/DynamiteModule(14836): Dynamite loader version >= 2, using loadModule2NoCrashUtils
08-21 00:10:38.571 I/flutter (14836): [IMPORTANT:flutter/shell/platform/android/android_context_gl_impeller.cc(104)] Using the Impeller rendering backend (OpenGLES).
08-21 00:10:38.573 W/libc    (14836): Access denied finding property "vendor.mesa.virtgpu.kumquat"
08-21 00:10:38.576 W/System  (14836): ClassLoader referenced unknown path: 
08-21 00:10:38.576 D/nativeloader(14836): Configuring clns-10 for other apk . target_sdk_version=37, uses_libraries=, library_path=/data/app/~~2fXQ6-xyEWEbual6_5Wrig==/com.google.android.gms-_SBUxIWyP-163dk_5Uqnhw==/lib/arm64:/data/app/~~2fXQ6-xyEWEbual6_5Wrig==/com.google.android.gms-_SBUxIWyP-163dk_5Uqnhw==/base.apk!/lib/arm64-v8a, permitted_path=/data:/mnt/expand:/data/user/0/com.google.android.gms
08-21 00:10:38.577 I/flutter (14836): The Dart VM service is listening on http://127.0.0.1:39421/zeikfzqMniA=/
08-21 00:10:38.581 D/DesktopExperienceFlags(14836): Toggle override initialized to: false
08-21 00:10:38.585 D/FLTFireContextHolder(14836): received application context.
08-21 00:10:38.591 I/PhenotypeResourceReader( 1285): unable to find any Phenotype resource metadata for com.izzes.nears
08-21 00:10:38.595 I/com.izzes.nears(14836): hiddenapi: Accessing hidden method Ldalvik/system/VMStack;->getStackClass2()Ljava/lang/Class; (runtime_flags=0, domain=core-platform, api=unsupported) from Lm7/aqg; (domain=app, TargetSdkVersion=36) using reflection: allowed
08-21 00:10:38.601 E/com.izzes.nears(14836): No package ID 6a found for resource ID 0x6a0b0013.
08-21 00:10:38.601 I/FA      (14836): App measurement initialized, version: 178008
08-21 00:10:38.601 I/FA      (14836): To enable debug logging run: adb shell setprop log.tag.FA VERBOSE
08-21 00:10:38.602 I/FA      (14836): To enable faster debug mode event logging run:
08-21 00:10:38.602 I/FA      (14836):   adb shell setprop debug.firebase.analytics.app com.izzes.nears
08-21 00:10:38.603 E/FA      (14836): Missing google_app_id. Firebase Analytics disabled. See https://goo.gl/NAOOOI
08-21 00:10:38.604 E/FA      (14836): Uploading is not possible. App measurement disabled
08-21 00:10:38.605 D/nativeloader(14836): Load /data/app/~~KhkoGxgWleXvanC1r0ezhg==/com.izzes.nears-VjQRwXFlvZaTMRoqdNXDPg==/lib/arm64/libdartjni.so using class loader ns clns-9 (caller=/data/app/~~KhkoGxgWleXvanC1r0ezhg==/com.izzes.nears-VjQRwXFlvZaTMRoqdNXDPg==/base.apk!classes12.dex): ok
08-21 00:10:38.709 D/RingtonePlayer(  894): playAsync(uri=content://settings/system/notification_sound, user=UserHandle{0})
08-21 00:10:38.709 D/RingtonePlayer(  894): play uri=content://settings/system/notification_sound
08-21 00:10:38.710 V/NotificationHistory(  642): Attempted to add notif for locked/gone/disabled user 0
08-21 00:10:38.710 D/RingtonePlayer(  894): RemoveFirst
08-21 00:10:38.710 D/RingtonePlayer(  894): PLAY
08-21 00:10:38.710 D/RingtonePlayer(  894): startSound()
08-21 00:10:38.711 D/RingtonePlayer(  894): in run: new looper Looper (Thread-16, tid 135) {62b4e1b}
08-21 00:10:38.713 W/AiAiEcho( 1655): LyftNotificationParser Ridesharing ETA not enabled
08-21 00:10:38.713 I/AiAiEcho( 1655): SmartspaceNotificationPredictor no parser can handle this notification or notification is invalid
08-21 00:10:38.715 D/NuPlayerDriver(  531): NuPlayerDriver(0xb4007ce78c025310) created, clientPid(894)
08-21 00:10:38.715 I/hwservicemanager(  288): getTransport: Cannot find entry android.hardware.media.omx@1.0::IOmx/default in either framework or device VINTF manifest.
08-21 00:10:38.715 D/MediaPlayerService(  531): OMX service is not available
08-21 00:10:38.718 W/mediaserver(  531): AIBinder_linkToDeath is being called with a non-null cookie and no onUnlink callback set. Use AIBinder_DeathRecipient_setOnUnlinked to manage the lifetime of the cookie. This will become an abort.
08-21 00:10:38.718 W/mediaserver(  531): AIBinder_linkToDeath is being called with a non-null cookie and no onUnlink callback set. Use AIBinder_DeathRecipient_setOnUnlinked to manage the lifetime of the cookie. This will become an abort.
08-21 00:10:38.720 D/GenericSource(  531): FileSource remote
08-21 00:10:38.730 D/RingtonePlayer(  894): requesting AudioFocus
08-21 00:10:38.731 I/MediaFocusControl(  642): requestAudioFocus() from uid/pid 10195/894 AA=USAGE_NOTIFICATION/CONTENT_TYPE_SONIFICATION clientId=android.media.AudioManager@b3c7b3a callingPack=com.android.systemui req=3 flags=0x0 sdk=37
08-21 00:10:38.731 I/AS.FadeOutManager(  642): unfadeOutUid() uid:10195
08-21 00:10:38.731 D/RingtonePlayer(  894): notification will be delayed by 500ms
08-21 00:10:38.743 W/skia    (  477): AGTM parsing failed flags.readFromStream(s) at 159
08-21 00:10:38.743 W/skia    (  477): AGTM parsing failed flags.readFromStream(s) at 159
08-21 00:10:38.844 W/skia    (  477): AGTM parsing failed flags.readFromStream(s) at 159
08-21 00:10:38.844 W/skia    (  477): AGTM parsing failed flags.readFromStream(s) at 159
08-21 00:10:38.902 D/InetDiagMessage(  642): Destroyed 0 sockets, proto=IPPROTO_TCP, family=AF_INET, states=14
08-21 00:10:38.902 D/InetDiagMessage(  642): Destroyed 0 sockets, proto=IPPROTO_TCP, family=AF_INET6, states=14
08-21 00:10:38.902 D/InetDiagMessage(  642): Destroyed live tcp sockets for uids={10171} in 0ms
08-21 00:10:38.902 D/InetDiagMessage(  642): Destroyed 0 sockets, proto=IPPROTO_TCP, family=AF_INET, states=14
08-21 00:10:38.902 D/InetDiagMessage(  642): Destroyed 0 sockets, proto=IPPROTO_TCP, family=AF_INET6, states=14
08-21 00:10:38.902 D/InetDiagMessage(  642): Destroyed live tcp sockets for uids={20171} in 0ms
08-21 00:10:38.939 D/FlutterGeolocator(14836): Creating service.
08-21 00:10:38.940 D/FlutterGeolocator(14836): Binding to location service.
08-21 00:10:38.943 I/FLTFireMsgService(14836): FlutterFirebaseMessagingBackgroundService started!
08-21 00:10:38.944 W/skia    (  477): AGTM parsing failed flags.readFromStream(s) at 159
08-21 00:10:38.944 W/skia    (  477): AGTM parsing failed flags.readFromStream(s) at 159
08-21 00:10:38.952 I/flutter (14836): [INFO] msg="FCM background message type=add_fund"
08-21 00:10:38.954 D/FlutterGeolocator(14836): Geolocator foreground service connected
08-21 00:10:38.954 D/FlutterGeolocator(14836): Initializing Geolocator services
08-21 00:10:38.954 D/FlutterGeolocator(14836): Flutter engine connected. Connected engine count 1
08-21 00:10:39.045 W/skia    (  477): AGTM parsing failed flags.readFromStream(s) at 159
08-21 00:10:39.045 W/skia    (  477): AGTM parsing failed flags.readFromStream(s) at 159
08-21 00:10:39.146 W/skia    (  477): AGTM parsing failed flags.readFromStream(s) at 159
08-21 00:10:39.146 W/skia    (  477): AGTM parsing failed flags.readFromStream(s) at 159
08-21 00:10:39.234 D/RingtonePlayer(  894): player.start piid:87
08-21 00:10:39.234 I/GenericSource(  531): start
08-21 00:10:39.234 D/MediaRouter(  894): onRestoreRoute() : route=RouteInfo{ name=Phone, description=null, status=null, category=RouteCategory{ name=System types=ROUTE_TYPE_LIVE_AUDIO ROUTE_TYPE_LIVE_VIDEO  groupable=false }, supportedTypes=ROUTE_TYPE_LIVE_AUDIO ROUTE_TYPE_LIVE_VIDEO , presentationDisplay=null }
08-21 00:10:39.234 V/MediaRouter(  894): Selecting route: RouteInfo{ name=Phone, description=null, status=null, category=RouteCategory{ name=System types=ROUTE_TYPE_LIVE_AUDIO ROUTE_TYPE_LIVE_VIDEO  groupable=false }, supportedTypes=ROUTE_TYPE_LIVE_AUDIO ROUTE_TYPE_LIVE_VIDEO , presentationDisplay=null }
08-21 00:10:39.236 I/MediaCodec(  531): Retry enabled for HDCP failure
08-21 00:10:39.238 W/mediaserver(  531): Failed to query component store for system resources: 6
08-21 00:10:39.239 D/CCodec  (  531): allocate(c2.android.vorbis.decoder)
08-21 00:10:39.240 I/CCodec  (  531): setting up 'default' as default (vendor) store
08-21 00:10:39.243 I/libbinder.BpBinder(  534): onLastStrongRef automatically unlinking death recipients for binder (0xb4007ee31600ec00) with descriptor: 'android.hardware.media.bufferpool2.IAccessor'
08-21 00:10:39.243 D/AidlBufferPool(  531): bufferpool2 0xb4007ce6ec00a638 : 0(0 size) total buffers - 0(0 size) used buffers - 96/104 (recycle/alloc) - 8/198 (fetch/transfer)
08-21 00:10:39.244 D/AidlBufferPool(  531): Destruction - bufferpool2 0xb4007ce6ec00a638 cached: 0/0M, 0/0% in use; allocs: 104, 92% recycled; transfers: 198, 96% unfetched
08-21 00:10:39.245 W/mediaserver(  531): AIBinder_linkToDeath is being called with a non-null cookie and no onUnlink callback set. Use AIBinder_DeathRecipient_setOnUnlinked to manage the lifetime of the cookie. This will become an abort.
08-21 00:10:39.245 I/CCodec  (  531): Created component [c2.android.vorbis.decoder] for [c2.android.vorbis.decoder]
08-21 00:10:39.245 D/CCodecConfig(  531): read media type: audio/vorbis
08-21 00:10:39.249 D/ReflectedParamUpdater(  531): extent() != 1 for single value type: algo.buffers.max-count.values
08-21 00:10:39.250 D/ReflectedParamUpdater(  531): extent() != 1 for single value type: output.subscribed-indices.values
08-21 00:10:39.250 D/ReflectedParamUpdater(  531): extent() != 1 for single value type: input.buffers.allocator-ids.values
08-21 00:10:39.251 D/ReflectedParamUpdater(  531): extent() != 1 for single value type: output.buffers.allocator-ids.values
08-21 00:10:39.251 D/ReflectedParamUpdater(  531): extent() != 1 for single value type: algo.buffers.allocator-ids.values
08-21 00:10:39.252 D/ReflectedParamUpdater(  531): extent() != 1 for single value type: output.buffers.pool-ids.values
08-21 00:10:39.252 D/ReflectedParamUpdater(  531): extent() != 1 for single value type: algo.buffers.pool-ids.values
08-21 00:10:39.254 I/CCodecConfig(  531): query failed after returning 8 values (BAD_INDEX)
08-21 00:10:39.254 D/CCodecConfig(  531): c2 config diff is Dict {
08-21 00:10:39.254 D/CCodecConfig(  531):   c2::u32 coded.bitrate.value = 64000
08-21 00:10:39.254 D/CCodecConfig(  531):   c2::u32 input.buffers.max-size.value = 32768
08-21 00:10:39.254 D/CCodecConfig(  531):   c2::u32 input.delay.value = 0
08-21 00:10:39.254 D/CCodecConfig(  531):   string input.media-type.value = "audio/vorbis"
08-21 00:10:39.254 D/CCodecConfig(  531):   c2::u32 output.large-frame.max-size = 0
08-21 00:10:39.254 D/CCodecConfig(  531):   c2::u32 output.large-frame.threshold-size = 0
08-21 00:10:39.254 D/CCodecConfig(  531):   string output.media-type.value = "audio/raw"
08-21 00:10:39.254 D/CCodecConfig(  531):   c2::u32 raw.channel-count.value = 1
08-21 00:10:39.254 D/CCodecConfig(  531):   c2::u32 raw.sample-rate.value = 48000
08-21 00:10:39.254 D/CCodecConfig(  531): }
08-21 00:10:39.255 I/MediaCodec(  531): media_quality service unavailable, skipping updatePictureProfile
08-21 00:10:39.255 D/CCodec  (  531): [c2.android.vorbis.decoder] buffers are bound to CCodec for this session
08-21 00:10:39.255 D/CCodecConfig(  531): no c2 equivalents for durationUs
08-21 00:10:39.255 D/CCodecConfig(  531): no c2 equivalents for csd-1
08-21 00:10:39.255 D/CCodecConfig(  531): no c2 equivalents for flags
08-21 00:10:39.256 D/CCodecConfig(  531): c2 config diff is   c2::u32 coded.bitrate.value = 70000
08-21 00:10:39.257 D/CCodec  (  531): encoding statistics level = 0
08-21 00:10:39.257 D/CCodec  (  531): setup formats input: AMessage(what = 0x00000000) = {
08-21 00:10:39.257 D/CCodec  (  531):   int32_t bitrate = 70000
08-21 00:10:39.257 D/CCodec  (  531):   int32_t channel-count = 1
08-21 00:10:39.257 D/CCodec  (  531):   int32_t max-input-size = 32768
08-21 00:10:39.257 D/CCodec  (  531):   string mime = "audio/vorbis"
08-21 00:10:39.257 D/CCodec  (  531):   int32_t sample-rate = 48000
08-21 00:10:39.257 D/CCodec  (  531): }
08-21 00:10:39.257 D/CCodec  (  531): setup formats output: AMessage(what = 0x00000000) = {
08-21 00:10:39.257 D/CCodec  (  531):   int32_t buffer-batch-max-output-size = 0
08-21 00:10:39.257 D/CCodec  (  531):   int32_t buffer-batch-threshold-output-size = 0
08-21 00:10:39.257 D/CCodec  (  531):   int32_t channel-count = 1
08-21 00:10:39.257 D/CCodec  (  531):   string mime = "audio/raw"
08-21 00:10:39.257 D/CCodec  (  531):   int32_t sample-rate = 48000
08-21 00:10:39.257 D/CCodec  (  531):   int32_t channel-mask = 1
08-21 00:10:39.257 D/CCodec  (  531):   int32_t android._config-pcm-encoding = 2
08-21 00:10:39.257 D/CCodec  (  531): }
08-21 00:10:39.257 I/CCodecConfig(  531): query failed after returning 8 values (BAD_INDEX)
08-21 00:10:39.257 E/mediaserver(  531): Failed to query component interface for required system resources: 6
08-21 00:10:39.258 I/MediaCodec(  531): MediaCodec will operate in async mode
08-21 00:10:39.259 D/MediaCodec(  531): keep callback message for reclaim
08-21 00:10:39.260 I/libbinder.BpBinder(  531): onLastStrongRef automatically unlinking death recipients for binder (0xb4007ce73c0241e0) with descriptor: 'android.hardware.media.bufferpool2.IAccessor'
08-21 00:10:39.260 D/CCodecBufferChannel(  531): [c2.android.vorbis.decoder#105] Created input block pool with allocatorID 16 => poolID 24 - OK (0)
08-21 00:10:39.260 D/AidlBufferPool(  534): bufferpool2 0xb4007ee44601f728 : 0(0 size) total buffers - 0(0 size) used buffers - 86/97 (recycle/alloc) - 11/96 (fetch/transfer)
08-21 00:10:39.260 D/AidlBufferPool(  534): Destruction - bufferpool2 0xb4007ee44601f728 cached: 0/0M, 0/0% in use; allocs: 97, 89% recycled; transfers: 96, 89% unfetched
08-21 00:10:39.261 I/CCodecBufferChannel(  531): [c2.android.vorbis.decoder#105] Created output block pool with allocatorID 16 => poolID 50 - OK
08-21 00:10:39.262 D/CCodecBufferChannel(  531): [c2.android.vorbis.decoder#105] Configured output block pool ids 50 => OK
08-21 00:10:39.262 E/Codec2-ComponentInterface(  534): We have a failed config
08-21 00:10:39.263 D/SimpleC2Component(  534): Using output block pool with poolID 50 => got 50 - 0
08-21 00:10:39.264 W/mediaswcodec(  534): AIBinder_linkToDeath is being called with a non-null cookie and no onUnlink callback set. Use AIBinder_DeathRecipient_setOnUnlinked to manage the lifetime of the cookie. This will become an abort.
08-21 00:10:39.264 W/mediaserver(  531): AIBinder_linkToDeath is being called with a non-null cookie and no onUnlink callback set. Use AIBinder_DeathRecipient_setOnUnlinked to manage the lifetime of the cookie. This will become an abort.
08-21 00:10:39.267 W/mediaserver(  531): AIBinder_linkToDeath is being called with a non-null cookie and no onUnlink callback set. Use AIBinder_DeathRecipient_setOnUnlinked to manage the lifetime of the cookie. This will become an abort.
08-21 00:10:39.267 W/mediaswcodec(  534): AIBinder_linkToDeath is being called with a non-null cookie and no onUnlink callback set. Use AIBinder_DeathRecipient_setOnUnlinked to manage the lifetime of the cookie. This will become an abort.
08-21 00:10:39.269 D/AudioFlinger(  473): Client defaulted notificationFrames to 12512 for frameCount 25024
08-21 00:10:39.269 I/AF::AfPlaybackCommon(  473): AfPlaybackCommon: creating track with enforcement level 0 reason PRIVILEGED_APP shouldHarden 1
08-21 00:10:39.303 E/AppOps  (  642): attributionTag  not declared in manifest of com.android.systemui
08-21 00:10:39.303 E/AppOps  (  642): attributionTag  not declared in manifest of com.android.systemui
08-21 00:10:39.303 D/AudioTrack(  531): getTimestamp_l(23): device stall time corrected using current time 11075241619197
08-21 00:10:39.304 D/MediaPlayerService(  531): onAudioDeviceUpdate deviceIds: 2
08-21 00:10:39.319 D/android.hardware.audio@7.1-impl.ranchu(  432): 544 frames of silence written
08-21 00:10:39.319 D/android.hardware.audio@7.1-impl.ranchu(  432): 544 frames of silence written
08-21 00:10:39.327 D/AudioFlinger(  473): mixer(0xb4007f86d295f790) throttle end: throttle time(36)
08-21 00:10:39.350 I/HalDevMgr(  642): bestIfaceCreationProposal is null, requestIface=STA, existingIface=[name=wlan0 type=STA]
08-21 00:10:39.398 D/AudioFlinger(  473): mixer(0xb4007f86d295f790) throttle end: throttle time(37)
08-21 00:10:39.509 W/AudioTrackShared(  473): releaseBuffer: dropped wake
08-21 00:10:40.403 D/CCodecBuffers(  531): [c2.android.vorbis.decoder#105:1D-Output] received null buffer
08-21 00:10:40.403 D/CCodecBufferChannel(  531): [c2.android.vorbis.decoder#105] buffers after EOS ignored (0 us)
08-21 00:10:40.404 D/CCodecBufferChannel(  531): [c2.android.vorbis.decoder#105] buffers after EOS ignored (0 us)
08-21 00:10:40.662 D/AudioTrack(  531): stop(23): called with 82980 frames delivered
08-21 00:10:40.664 E/AppOps  (  642): attributionTag  not declared in manifest of com.android.systemui
08-21 00:10:40.665 E/AppOps  (  642): attributionTag  not declared in manifest of com.android.systemui
08-21 00:10:41.057 D/RingtonePlayer(  894): onCompletion() abandoning AudioFocus
08-21 00:10:41.058 I/MediaFocusControl(  642): abandonAudioFocus() from uid/pid 10195/894 clientId=android.media.AudioManager@b3c7b3a callingPack=com.android.systemui
08-21 00:10:41.059 D/RingtonePlayer(  894): onCompletion queue size=0
08-21 00:10:41.059 D/RingtonePlayer(  894): in onCompletion quitting looper Looper (Thread-16, tid 135) {62b4e1b}
08-21 00:10:41.059 I/NotificationPlayer(  894): About to release MediaPlayer piid:87 due to onCompletion
08-21 00:10:41.059 V/MediaPlayer(  894): resetDrmState:  mDrmInfo=null mDrmProvisioningThread=null mPrepareDrmInProgress=false mActiveDrmScheme=false
08-21 00:10:41.059 V/MediaPlayer(  894): cleanDrmObj: mDrmObj=null mDrmSessionId=null
08-21 00:10:41.059 D/NuPlayerDriver(  531): reset(0xb4007ce78c025310) at state 6
08-21 00:10:41.064 D/CCodec  (  531): hold CodecLooper(1) until release
08-21 00:10:41.065 I/libbinder.BpBinder(  534): onLastStrongRef automatically unlinking death recipients for binder (0xb4007ee3160108e0) with descriptor: 'android.hardware.media.bufferpool2.IClientManager'
08-21 00:10:41.066 D/AidlBufferPool(  534): Destruction - bufferpool2 0xb4007ee446019cf8 cached: 0/0M, 0/0% in use; allocs: 0, 0% recycled; transfers: 0, 0% unfetched
08-21 00:10:41.068 D/NuPlayerDriver(  531): notifyResetComplete(0xb4007ce78c025310)
08-21 00:10:41.068 W/AMessage(  531): failed to post message as target looper for handler 0 is gone.
08-21 00:10:41.119 I/APM_AudioPolicyManager(  473): getNewOutputDevices io 13 recent device override {AUDIO_DEVICE_OUT_SPEAKER, @:}
08-21 00:10:41.890 I/adbd    (  479): adbd service requested 'shell,v2,TERM=xterm-256color,raw:pidof com.izzes.nears'
08-21 00:10:42.358 I/HalDevMgr(  642): bestIfaceCreationProposal is null, requestIface=STA, existingIface=[name=wlan0 type=STA]
08-21 00:10:42.361 D/IpClient/wlan0(  999): interfaceLinkStateChanged: ifindex 16 up
08-21 00:10:42.364 D/IpClient/wlan0(  999): interfaceLinkStateChanged: ifindex 16 up
08-21 00:10:42.938 I/wpa_supplicant(  880): wlan0: CTRL-EVENT-BEACON-LOSS 
08-21 00:10:42.954 D/SatelliteController( 1028): isInCarrierRoamingNbIotNtn: satellite is disabled
08-21 00:10:42.954 D/SatelliteController( 1028): getCarrierRoamingNtnConnectType: Checking connect type from PLMN config for subId: 1
08-21 00:10:42.954 D/TelephonyConfigUpdateInstallReceiver( 1028): getConfigParser: domain=satellite
08-21 00:10:42.954 V/SatelliteController( 1028): satelliteConfigParser is not ready
08-21 00:10:42.954 D/SatelliteController( 1028): isSatelliteAttachSupportedViaConfigupdater: return null (satelliteConfig is null)
08-21 00:10:42.954 W/libbinder.IPCThreadState(  642): Sending oneway calls to frozen process.
08-21 00:10:42.954 D/SatelliteController( 1028): getSatellitePerPlmnConfiguration: invalid subId or not supported via carrier.
08-21 00:10:42.954 D/SatelliteController( 1028): getCarrierRoamingNtnConnectType: config: null
08-21 00:10:42.954 D/TelephonyConfigUpdateInstallReceiver( 1028): getConfigParser: domain=satellite
08-21 00:10:42.954 V/SatelliteController( 1028): satelliteConfigParser is not ready
08-21 00:10:42.954 D/SatelliteController( 1028): getCarrierRoamingNtnConnectTypeViaConfigUpdater: return null (satelliteConfig is null)
08-21 00:10:42.954 D/SatelliteController( 1028): getCarrierRoamingNtnConnectType: Falling back to global carrier config connect type: 0
08-21 00:10:42.954 D/TelephonyConfigUpdateInstallReceiver( 1028): getConfigParser: domain=satellite
08-21 00:10:42.954 V/SatelliteController( 1028): satelliteConfigParser is not ready
08-21 00:10:42.954 D/SatelliteController( 1028): isSatelliteAttachSupportedViaConfigupdater: return null (satelliteConfig is null)
08-21 00:10:42.954 D/SatelliteController( 1028): getCarrierRoamingNtnConnectType: Checking connect type from PLMN config for subId: 1
08-21 00:10:42.954 D/TelephonyConfigUpdateInstallReceiver( 1028): getConfigParser: domain=satellite
08-21 00:10:42.954 V/SatelliteController( 1028): satelliteConfigParser is not ready
08-21 00:10:42.954 D/SatelliteController( 1028): isSatelliteAttachSupportedViaConfigupdater: return null (satelliteConfig is null)
08-21 00:10:42.954 D/SatelliteController( 1028): getSatellitePerPlmnConfiguration: invalid subId or not supported via carrier.
08-21 00:10:42.954 D/SatelliteController( 1028): getCarrierRoamingNtnConnectType: config: null
08-21 00:10:42.954 D/TelephonyConfigUpdateInstallReceiver( 1028): getConfigParser: domain=satellite
08-21 00:10:42.954 V/SatelliteController( 1028): satelliteConfigParser is not ready
08-21 00:10:42.954 D/SatelliteController( 1028): getCarrierRoamingNtnConnectTypeViaConfigUpdater: return null (satelliteConfig is null)
08-21 00:10:42.954 D/SatelliteController( 1028): getCarrierRoamingNtnConnectType: Falling back to global carrier config connect type: 0
08-21 00:10:42.954 D/TelephonyConfigUpdateInstallReceiver( 1028): getConfigParser: domain=satellite
08-21 00:10:42.954 V/SatelliteController( 1028): satelliteConfigParser is not ready
08-21 00:10:42.954 D/SatelliteController( 1028): isSatelliteAttachSupportedViaConfigupdater: return null (satelliteConfig is null)
08-21 00:10:43.905 D/ActivityManager(  642): freezing 5623 com.google.android.apps.photos
08-21 00:10:43.907 D/InetDiagMessage(  642): Destroyed 0 sockets, proto=IPPROTO_TCP, family=AF_INET, states=14
08-21 00:10:43.907 D/InetDiagMessage(  642): Destroyed 0 sockets, proto=IPPROTO_TCP, family=AF_INET6, states=14
08-21 00:10:43.907 D/InetDiagMessage(  642): Destroyed live tcp sockets for uids={10171} in 1ms
08-21 00:10:43.949 D/InetDiagMessage(  642): Destroyed 0 sockets, proto=IPPROTO_TCP, family=AF_INET, states=14
08-21 00:10:43.949 D/InetDiagMessage(  642): Destroyed 0 sockets, proto=IPPROTO_TCP, family=AF_INET6, states=14
08-21 00:10:43.949 D/InetDiagMessage(  642): Destroyed live tcp sockets for uids={10252} in 0ms
08-21 00:10:43.949 D/InetDiagMessage(  642): Destroyed 0 sockets, proto=IPPROTO_TCP, family=AF_INET, states=14
08-21 00:10:43.950 D/InetDiagMessage(  642): Destroyed 0 sockets, proto=IPPROTO_TCP, family=AF_INET6, states=14
08-21 00:10:43.950 D/InetDiagMessage(  642): Destroyed live tcp sockets for uids={20252} in 0ms
08-21 00:10:43.989 D/android.hardware.audio@7.1-impl.ranchu(  432): threadLoop: entering standby, frames: 7522432
08-21 00:10:43.989 D/android.hardware.audio@7.1-impl.ranchu(  432): ~TinyalsaSink: joining consumeThread
08-21 00:10:43.989 D/android.hardware.audio@7.1-impl.ranchu(  432): consumeThread: exiting
08-21 00:10:43.989 D/android.hardware.audio@7.1-impl.ranchu(  432): ~TinyalsaSink: stopping PCM stream
08-21 00:10:43.996 D/ProfileInstaller(14836): Installing profile for com.izzes.nears
08-21 00:10:44.249 D/AidlBufferPoolAcc(  531): evictor expired: 1, evicted: 0
08-21 00:10:45.249 D/AidlBufferPoolAcc(  534): evictor expired: 1, evicted: 0
08-21 00:10:45.372 I/HalDevMgr(  642): bestIfaceCreationProposal is null, requestIface=STA, existingIface=[name=wlan0 type=STA]
08-21 00:10:46.251 D/AidlBufferPool(  534): bufferpool2 0xb4007ee44601b668 : 0(0 size) total buffers - 0(0 size) used buffers - 86/97 (recycle/alloc) - 11/96 (fetch/transfer)
08-21 00:10:46.251 D/AidlBufferPool(  531): bufferpool2 0xb4007ce6ec007ee8 : 0(0 size) total buffers - 0(0 size) used buffers - 95/103 (recycle/alloc) - 8/198 (fetch/transfer)
08-21 00:10:46.251 D/AidlBufferPoolAcc(  534): evictor expired: 2, evicted: 1
08-21 00:10:46.251 D/AidlBufferPoolAcc(  531): evictor expired: 1, evicted: 1
08-21 00:10:47.646 I/adbd    (  479): adbd service requested 'shell,v2,TERM=xterm-256color,raw:am kill com.izzes.nears'
08-21 00:10:47.656 I/ActivityManager(  642): Killing 14836:com.izzes.nears/u0a252 (adj 905): kill background
08-21 00:10:47.662 V/ActivityManager(  642): Got obituary of 14836:com.izzes.nears
08-21 00:10:47.663 I/adbd    (  479): Remote process closed the socket (on MSG_PEEK)
08-21 00:10:47.663 I/Zygote  (  429): Process 14836 exited due to signal 9 (Killed)
08-21 00:10:47.671 I/libprocessgroup(  642): Removed cgroup /sys/fs/cgroup/apps/uid_10252/pid_14836
08-21 00:10:48.153 D/BoundBrokerSvc( 1285): onRebind: Intent { act=com.google.android.gms.libs.gmscorelogger.service.START dat=chimera-action:/... xflg=0x4 cmp=com.google.android.gms/.chimera.PersistentDirectBootAwareApiService }
08-21 00:10:48.376 I/HalDevMgr(  642): bestIfaceCreationProposal is null, requestIface=STA, existingIface=[name=wlan0 type=STA]
08-21 00:10:48.685 I/adbd    (  479): adbd service requested 'shell,v2,TERM=xterm-256color,raw:pidof com.izzes.nears'
08-21 00:10:50.876 I/wpa_supplicant(  880): wlan0: CTRL-EVENT-BEACON-LOSS 
08-21 00:10:50.989 D/ActivityManager(  642): freezing 5388 com.google.android.gms
08-21 00:10:51.380 I/HalDevMgr(  642): bestIfaceCreationProposal is null, requestIface=STA, existingIface=[name=wlan0 type=STA]
08-21 00:10:51.666 I/adbd    (  479): adbd service requested 'shell,v2,TERM=xterm-256color,raw:cmd statusbar expand-notifications'
08-21 00:10:51.673 D/WindowOnBackDispatcher(  894): setTopOnBackInvokedCallback (unwrapped): com.android.systemui.back.domain.interactor.BackActionInteractor$callback$2@c2ace8f
08-21 00:10:51.673 D/CoreBackPreview(  642): Window{f5ef045 u0 NotificationShade}: Setting back callback OnBackInvokedCallbackInfo{mCallback=android.window.IOnBackInvokedCallback$Stub$Proxy@a0fbb83, mPriority=0, mIsAnimationCallback=false, mOverrideBehavior=0}
08-21 00:10:51.674 W/libbinder.IPCThreadState(  519): Sending oneway calls to frozen process.
08-21 00:10:51.675 D/ShadeStatusBarComponentsInteractor#disableFlagsInteractor(  894): newValue: DisableFlagsModel(disable1=0, disable2=0, animate=true)
08-21 00:10:51.690 D/WindowManager(  642): setClientSurface Surface(name=VRI-NotificationShade#83)/@0xe26f100 for f5ef045 NotificationShade
08-21 00:10:51.690 I/Surface (  894): Creating surface for consumer unnamed-894-35 with slotExpansion=1 for 64 slots
08-21 00:10:51.691 I/Surface (  894): Creating surface for consumer VRI[NotificationShade]#26(BLAST Consumer)26 with slotExpansion=1 for 64 slots
08-21 00:10:51.706 D/DeviceEntryIconViewBinder(  894): Initializing device entry fgIconView
08-21 00:10:51.709 D/BiometricService(  642): canAuthenticate: User=0, Caller=0, Authenticators=255
08-21 00:10:51.709 W/skia    (  477): AGTM parsing failed flags.readFromStream(s) at 159
08-21 00:10:51.709 W/skia    (  477): AGTM parsing failed flags.readFromStream(s) at 159
08-21 00:10:51.710 D/BiometricService/PreAuthInfo(  642): Package: com.android.systemui Sensor ID: 0 Modality: 2 User id: 0 Status: 7
08-21 00:10:51.710 D/BiometricService/PreAuthInfo(  642): getCanAuthenticateInternal Modality: 2 AuthenticatorStatus: 7
08-21 00:10:51.710 D/AuthService(  642): canAuthenticate, userId: 0, callingUserId: 0, authenticators: 255, result: 11
08-21 00:10:51.711 D/SystemServerTiming(  642): getUserSwitchability-0
08-21 00:10:51.711 D/SystemServerTiming(  642): TM.isInCall
08-21 00:10:51.711 D/SystemServerTiming(  642): hasUserRestriction-DISALLOW_USER_SWITCH
08-21 00:10:51.711 D/SystemServerTiming(  642): getInt-ALLOW_USER_SWITCHING_WHEN_SYSTEM_USER_LOCKED
08-21 00:10:51.711 D/SystemServerTiming(  642): isUserUnlocked-USER_SYSTEM
08-21 00:10:51.711 D/SystemServerTiming(  642): getUserSwitchability-0
08-21 00:10:51.711 D/SystemServerTiming(  642): TM.isInCall
08-21 00:10:51.711 D/SystemServerTiming(  642): hasUserRestriction-DISALLOW_USER_SWITCH
08-21 00:10:51.711 D/SystemServerTiming(  642): getInt-ALLOW_USER_SWITCHING_WHEN_SYSTEM_USER_LOCKED
08-21 00:10:51.711 D/SystemServerTiming(  642): isUserUnlocked-USER_SYSTEM
08-21 00:10:51.712 D/DLObserver(  894): add listener: com.android.systemui.dock.DockManagerExtensionsKt$retrieveIsDocked$1$callback$1@11afd40
08-21 00:10:51.712 D/DLObserver(  894): add listener: com.android.systemui.dock.DockManagerExtensionsKt$retrieveIsDocked$1$callback$1@1278479
08-21 00:10:51.712 D/DLObserver(  894): add listener: com.android.systemui.dock.DockManagerExtensionsKt$retrieveIsDocked$1$callback$1@6c675be
08-21 00:10:51.712 D/DLObserver(  894): add listener: com.android.systemui.dock.DockManagerExtensionsKt$retrieveIsDocked$1$callback$1@954361f
08-21 00:10:51.712 D/DLObserver(  894): add listener: com.android.systemui.dock.DockManagerExtensionsKt$retrieveIsDocked$1$callback$1@c52ad6c
08-21 00:10:51.712 D/DLObserver(  894): add listener: com.android.systemui.dock.DockManagerExtensionsKt$retrieveIsDocked$1$callback$1@d92ef35
08-21 00:10:51.713 D/ControlsListingControllerImpl(  894): Subscribing callback, service count: 0
08-21 00:10:51.713 D/ControlsListingControllerImpl(  894): Subscribing callback, service count: 0
08-21 00:10:51.714 D/ControlsListingControllerImpl(  894): Subscribing callback, service count: 0
08-21 00:10:51.715 E/QuickAccessWalletKeyguardQuickAffordanceConfig(  894): Wallet card retrieval error, message: "null"
08-21 00:10:51.715 E/QuickAccessWalletKeyguardQuickAffordanceConfig(  894): Wallet card retrieval error, message: "null"
08-21 00:10:51.715 E/QuickAccessWalletKeyguardQuickAffordanceConfig(  894): Wallet card retrieval error, message: "null"
08-21 00:10:51.724 D/RingtonePlayer(  894): stopAsync()
08-21 00:10:51.724 D/RingtonePlayer(  894): stop
08-21 00:10:51.725 D/RingtonePlayer(  894): RemoveFirst
08-21 00:10:51.725 D/RingtonePlayer(  894): STOP
08-21 00:10:51.725 W/RingtonePlayer(  894): STOP command without a player
08-21 00:10:51.727 D/DLObserver(  894): onDockEvent mDockState = 0
08-21 00:10:51.727 D/DLObserver(  894): onDockEvent mDockState = 0
08-21 00:10:51.727 D/DLObserver(  894): onDockEvent mDockState = 0
08-21 00:10:51.727 D/DLObserver(  894): onDockEvent mDockState = 0
08-21 00:10:51.727 D/DLObserver(  894): onDockEvent mDockState = 0
08-21 00:10:51.727 D/DLObserver(  894): onDockEvent mDockState = 0
08-21 00:10:51.760 D/DeviceEntryIconViewBinder(  894): Updating device entry icon image state ForegroundIconViewModel(type=UNLOCK, useAodVariant=false, tint=-2497793, padding=58)
08-21 00:10:51.774 W/BlurChoreographer(  894): Multiple blur values emitted in the same frame
08-21 00:10:51.776 D/ShadeStatusBarComponentsInteractor#disableFlagsInteractor(  894): newValue: DisableFlagsModel(disable1=0, disable2=0, animate=false)
08-21 00:10:51.776 D/BaseActivity( 1043): Launcher flags updated: [state_started|state_resumed|state_deferred_resumed|state_user_active] -[state_window_focused]
08-21 00:10:51.777 W/BlurChoreographer(  894): Multiple blur values emitted in the same frame
08-21 00:10:51.777 W/BlurChoreographer(  894): Multiple blur values emitted in the same frame
08-21 00:10:51.789 W/BlurChoreographer(  894): Multiple blur values emitted in the same frame
08-21 00:10:51.792 W/BlurChoreographer(  894): Multiple blur values emitted in the same frame
08-21 00:10:51.792 W/BlurChoreographer(  894): Multiple blur values emitted in the same frame
08-21 00:10:51.806 W/skia    (  477): AGTM parsing failed flags.readFromStream(s) at 159
08-21 00:10:51.806 W/skia    (  477): AGTM parsing failed flags.readFromStream(s) at 159
08-21 00:10:51.806 W/skia    (  477): AGTM parsing failed flags.readFromStream(s) at 159
08-21 00:10:51.806 W/skia    (  477): AGTM parsing failed flags.readFromStream(s) at 159
08-21 00:10:51.806 W/skia    (  477): AGTM parsing failed flags.readFromStream(s) at 159
08-21 00:10:51.806 W/skia    (  477): AGTM parsing failed flags.readFromStream(s) at 159
08-21 00:10:51.806 W/skia    (  477): AGTM parsing failed flags.readFromStream(s) at 159
08-21 00:10:51.808 W/BlurChoreographer(  894): Multiple blur values emitted in the same frame
08-21 00:10:51.810 W/skia    (  477): AGTM parsing failed flags.readFromStream(s) at 159
08-21 00:10:51.810 W/skia    (  477): AGTM parsing failed flags.readFromStream(s) at 159
08-21 00:10:51.810 W/skia    (  477): AGTM parsing failed flags.readFromStream(s) at 159
08-21 00:10:51.810 W/BlurChoreographer(  894): Multiple blur values emitted in the same frame
08-21 00:10:51.810 W/BlurChoreographer(  894): Multiple blur values emitted in the same frame
08-21 00:10:51.822 W/skia    (  477): AGTM parsing failed flags.readFromStream(s) at 159
08-21 00:10:51.822 W/skia    (  477): AGTM parsing failed flags.readFromStream(s) at 159
08-21 00:10:51.822 W/skia    (  477): AGTM parsing failed flags.readFromStream(s) at 159
08-21 00:10:51.822 W/skia    (  477): AGTM parsing failed flags.readFromStream(s) at 159
08-21 00:10:51.822 W/skia    (  477): AGTM parsing failed flags.readFromStream(s) at 159
08-21 00:10:51.822 W/skia    (  477): AGTM parsing failed flags.readFromStream(s) at 159
08-21 00:10:51.822 W/skia    (  477): AGTM parsing failed flags.readFromStream(s) at 159
08-21 00:10:51.824 W/BlurChoreographer(  894): Multiple blur values emitted in the same frame
08-21 00:10:51.824 D/StatusBar##isHomeStatusBarAllowed(  894): newValue: false
08-21 00:10:51.824 D/StatusBar##canShowOngoingActivityChips(  894): newValue: false
08-21 00:10:51.824 D/StatusBar##chips(  894): newValue: Chips[allowed=false numChips=0]
08-21 00:10:51.826 W/BlurChoreographer(  894): Multiple blur values emitted in the same frame
08-21 00:10:51.826 W/BlurChoreographer(  894): Multiple blur values emitted in the same frame
08-21 00:10:51.839 W/skia    (  477): AGTM parsing failed flags.readFromStream(s) at 159
08-21 00:10:51.839 W/skia    (  477): AGTM parsing failed flags.readFromStream(s) at 159
08-21 00:10:51.839 W/skia    (  477): AGTM parsing failed flags.readFromStream(s) at 159
08-21 00:10:51.839 W/skia    (  477): AGTM parsing failed flags.readFromStream(s) at 159
08-21 00:10:51.839 W/skia    (  477): AGTM parsing failed flags.readFromStream(s) at 159
08-21 00:10:51.839 W/skia    (  477): AGTM parsing failed flags.readFromStream(s) at 159
08-21 00:10:51.839 W/skia    (  477): AGTM parsing failed flags.readFromStream(s) at 159
08-21 00:10:51.839 W/BlurChoreographer(  894): Multiple blur values emitted in the same frame
08-21 00:10:51.844 W/BlurChoreographer(  894): Multiple blur values emitted in the same frame
08-21 00:10:51.856 W/skia    (  477): AGTM parsing failed flags.readFromStream(s) at 159
08-21 00:10:51.856 W/skia    (  477): AGTM parsing failed flags.readFromStream(s) at 159
08-21 00:10:51.856 W/skia    (  477): AGTM parsing failed flags.readFromStream(s) at 159
08-21 00:10:51.856 W/skia    (  477): AGTM parsing failed flags.readFromStream(s) at 159
08-21 00:10:51.856 W/skia    (  477): AGTM parsing failed flags.readFromStream(s) at 159
08-21 00:10:51.856 W/skia    (  477): AGTM parsing failed flags.readFromStream(s) at 159
08-21 00:10:51.856 W/skia    (  477): AGTM parsing failed flags.readFromStream(s) at 159
08-21 00:10:51.856 W/BlurChoreographer(  894): Multiple blur values emitted in the same frame
08-21 00:10:51.873 W/skia    (  477): AGTM parsing failed flags.readFromStream(s) at 159
08-21 00:10:51.873 W/skia    (  477): AGTM parsing failed flags.readFromStream(s) at 159
08-21 00:10:51.873 W/skia    (  477): AGTM parsing failed flags.readFromStream(s) at 159
08-21 00:10:51.873 W/skia    (  477): AGTM parsing failed flags.readFromStream(s) at 159
08-21 00:10:51.873 W/skia    (  477): AGTM parsing failed flags.readFromStream(s) at 159
08-21 00:10:51.873 W/skia    (  477): AGTM parsing failed flags.readFromStream(s) at 159
08-21 00:10:51.873 W/skia    (  477): AGTM parsing failed flags.readFromStream(s) at 159
08-21 00:10:51.874 W/BlurChoreographer(  894): Multiple blur values emitted in the same frame
08-21 00:10:51.894 W/skia    (  477): AGTM parsing failed flags.readFromStream(s) at 159
08-21 00:10:51.894 W/skia    (  477): AGTM parsing failed flags.readFromStream(s) at 159
08-21 00:10:51.895 W/skia    (  477): AGTM parsing failed flags.readFromStream(s) at 159
08-21 00:10:51.895 W/skia    (  477): AGTM parsing failed flags.readFromStream(s) at 159
08-21 00:10:51.895 W/skia    (  477): AGTM parsing failed flags.readFromStream(s) at 159
08-21 00:10:51.895 W/skia    (  477): AGTM parsing failed flags.readFromStream(s) at 159
08-21 00:10:51.895 W/skia    (  477): AGTM parsing failed flags.readFromStream(s) at 159
08-21 00:10:51.895 W/BlurChoreographer(  894): Multiple blur values emitted in the same frame
08-21 00:10:51.906 W/skia    (  477): AGTM parsing failed flags.readFromStream(s) at 159
08-21 00:10:51.906 W/skia    (  477): AGTM parsing failed flags.readFromStream(s) at 159
08-21 00:10:51.906 W/skia    (  477): AGTM parsing failed flags.readFromStream(s) at 159
08-21 00:10:51.906 W/skia    (  477): AGTM parsing failed flags.readFromStream(s) at 159
08-21 00:10:51.906 W/skia    (  477): AGTM parsing failed flags.readFromStream(s) at 159
08-21 00:10:51.906 W/skia    (  477): AGTM parsing failed flags.readFromStream(s) at 159
08-21 00:10:51.906 W/skia    (  477): AGTM parsing failed flags.readFromStream(s) at 159
08-21 00:10:51.906 W/BlurChoreographer(  894): Multiple blur values emitted in the same frame
08-21 00:10:51.910 W/skia    (  477): AGTM parsing failed flags.readFromStream(s) at 159
08-21 00:10:51.910 W/skia    (  477): AGTM parsing failed flags.readFromStream(s) at 159
08-21 00:10:51.910 W/skia    (  477): AGTM parsing failed flags.readFromStream(s) at 159
08-21 00:10:51.922 W/BlurChoreographer(  894): Multiple blur values emitted in the same frame
08-21 00:10:51.923 W/skia    (  477): AGTM parsing failed flags.readFromStream(s) at 159
08-21 00:10:51.923 W/skia    (  477): AGTM parsing failed flags.readFromStream(s) at 159
08-21 00:10:51.923 W/skia    (  477): AGTM parsing failed flags.readFromStream(s) at 159
08-21 00:10:51.923 W/skia    (  477): AGTM parsing failed flags.readFromStream(s) at 159
08-21 00:10:51.923 W/skia    (  477): AGTM parsing failed flags.readFromStream(s) at 159
08-21 00:10:51.923 W/skia    (  477): AGTM parsing failed flags.readFromStream(s) at 159
08-21 00:10:51.923 W/skia    (  477): AGTM parsing failed flags.readFromStream(s) at 159
08-21 00:10:51.942 W/skia    (  477): AGTM parsing failed flags.readFromStream(s) at 159
08-21 00:10:51.942 W/skia    (  477): AGTM parsing failed flags.readFromStream(s) at 159
08-21 00:10:51.942 W/skia    (  477): AGTM parsing failed flags.readFromStream(s) at 159
08-21 00:10:51.943 W/skia    (  477): AGTM parsing failed flags.readFromStream(s) at 159
08-21 00:10:51.943 W/skia    (  477): AGTM parsing failed flags.readFromStream(s) at 159
08-21 00:10:51.943 W/skia    (  477): AGTM parsing failed flags.readFromStream(s) at 159
08-21 00:10:51.943 W/skia    (  477): AGTM parsing failed flags.readFromStream(s) at 159
08-21 00:10:51.943 W/BlurChoreographer(  894): Multiple blur values emitted in the same frame
08-21 00:10:51.956 W/BlurChoreographer(  894): Multiple blur values emitted in the same frame
08-21 00:10:51.956 W/skia    (  477): AGTM parsing failed flags.readFromStream(s) at 159
08-21 00:10:51.956 W/skia    (  477): AGTM parsing failed flags.readFromStream(s) at 159
08-21 00:10:51.956 W/skia    (  477): AGTM parsing failed flags.readFromStream(s) at 159
08-21 00:10:51.956 W/skia    (  477): AGTM parsing failed flags.readFromStream(s) at 159
08-21 00:10:51.956 W/skia    (  477): AGTM parsing failed flags.readFromStream(s) at 159
08-21 00:10:51.956 W/skia    (  477): AGTM parsing failed flags.readFromStream(s) at 159
08-21 00:10:51.956 W/skia    (  477): AGTM parsing failed flags.readFromStream(s) at 159
08-21 00:10:51.972 W/skia    (  477): AGTM parsing failed flags.readFromStream(s) at 159
08-21 00:10:51.972 W/skia    (  477): AGTM parsing failed flags.readFromStream(s) at 159
08-21 00:10:51.972 W/skia    (  477): AGTM parsing failed flags.readFromStream(s) at 159
08-21 00:10:51.972 W/skia    (  477): AGTM parsing failed flags.readFromStream(s) at 159
08-21 00:10:51.972 W/skia    (  477): AGTM parsing failed flags.readFromStream(s) at 159
08-21 00:10:51.972 W/skia    (  477): AGTM parsing failed flags.readFromStream(s) at 159
08-21 00:10:51.972 W/skia    (  477): AGTM parsing failed flags.readFromStream(s) at 159
08-21 00:10:51.992 W/skia    (  477): AGTM parsing failed flags.readFromStream(s) at 159
08-21 00:10:51.992 W/skia    (  477): AGTM parsing failed flags.readFromStream(s) at 159
08-21 00:10:51.992 W/skia    (  477): AGTM parsing failed flags.readFromStream(s) at 159
08-21 00:10:51.992 W/BlurChoreographer(  894): Multiple blur values emitted in the same frame
08-21 00:10:51.992 W/skia    (  477): AGTM parsing failed flags.readFromStream(s) at 159
08-21 00:10:51.992 W/skia    (  477): AGTM parsing failed flags.readFromStream(s) at 159
08-21 00:10:51.992 W/skia    (  477): AGTM parsing failed flags.readFromStream(s) at 159
08-21 00:10:51.992 W/skia    (  477): AGTM parsing failed flags.readFromStream(s) at 159
08-21 00:10:52.006 W/skia    (  477): AGTM parsing failed flags.readFromStream(s) at 159
08-21 00:10:52.006 W/skia    (  477): AGTM parsing failed flags.readFromStream(s) at 159
08-21 00:10:52.006 W/skia    (  477): AGTM parsing failed flags.readFromStream(s) at 159
08-21 00:10:52.007 W/skia    (  477): AGTM parsing failed flags.readFromStream(s) at 159
08-21 00:10:52.007 W/skia    (  477): AGTM parsing failed flags.readFromStream(s) at 159
08-21 00:10:52.007 W/skia    (  477): AGTM parsing failed flags.readFromStream(s) at 159
08-21 00:10:52.007 W/skia    (  477): AGTM parsing failed flags.readFromStream(s) at 159
08-21 00:10:52.010 W/skia    (  477): AGTM parsing failed flags.readFromStream(s) at 159
08-21 00:10:52.010 W/skia    (  477): AGTM parsing failed flags.readFromStream(s) at 159
08-21 00:10:52.010 W/skia    (  477): AGTM parsing failed flags.readFromStream(s) at 159
08-21 00:10:52.023 W/skia    (  477): AGTM parsing failed flags.readFromStream(s) at 159
08-21 00:10:52.023 W/skia    (  477): AGTM parsing failed flags.readFromStream(s) at 159
08-21 00:10:52.023 W/skia    (  477): AGTM parsing failed flags.readFromStream(s) at 159
08-21 00:10:52.023 W/skia    (  477): AGTM parsing failed flags.readFromStream(s) at 159
08-21 00:10:52.023 W/skia    (  477): AGTM parsing failed flags.readFromStream(s) at 159
08-21 00:10:52.023 W/skia    (  477): AGTM parsing failed flags.readFromStream(s) at 159
08-21 00:10:52.023 W/skia    (  477): AGTM parsing failed flags.readFromStream(s) at 159
08-21 00:10:52.023 W/BlurChoreographer(  894): Multiple blur values emitted in the same frame
08-21 00:10:52.039 W/skia    (  477): AGTM parsing failed flags.readFromStream(s) at 159
08-21 00:10:52.039 W/skia    (  477): AGTM parsing failed flags.readFromStream(s) at 159
08-21 00:10:52.039 W/skia    (  477): AGTM parsing failed flags.readFromStream(s) at 159
08-21 00:10:52.039 W/skia    (  477): AGTM parsing failed flags.readFromStream(s) at 159
08-21 00:10:52.039 W/skia    (  477): AGTM parsing failed flags.readFromStream(s) at 159
08-21 00:10:52.039 W/skia    (  477): AGTM parsing failed flags.readFromStream(s) at 159
08-21 00:10:52.039 W/skia    (  477): AGTM parsing failed flags.readFromStream(s) at 159
08-21 00:10:52.062 W/skia    (  477): AGTM parsing failed flags.readFromStream(s) at 159
08-21 00:10:52.062 W/skia    (  477): AGTM parsing failed flags.readFromStream(s) at 159
08-21 00:10:52.062 W/skia    (  477): AGTM parsing failed flags.readFromStream(s) at 159
08-21 00:10:52.062 W/skia    (  477): AGTM parsing failed flags.readFromStream(s) at 159
08-21 00:10:52.062 W/skia    (  477): AGTM parsing failed flags.readFromStream(s) at 159
08-21 00:10:52.062 W/skia    (  477): AGTM parsing failed flags.readFromStream(s) at 159
08-21 00:10:52.062 W/skia    (  477): AGTM parsing failed flags.readFromStream(s) at 159
08-21 00:10:52.074 W/skia    (  477): AGTM parsing failed flags.readFromStream(s) at 159
08-21 00:10:52.074 W/skia    (  477): AGTM parsing failed flags.readFromStream(s) at 159
08-21 00:10:52.074 W/skia    (  477): AGTM parsing failed flags.readFromStream(s) at 159
08-21 00:10:52.074 W/skia    (  477): AGTM parsing failed flags.readFromStream(s) at 159
08-21 00:10:52.074 W/skia    (  477): AGTM parsing failed flags.readFromStream(s) at 159
08-21 00:10:52.074 W/skia    (  477): AGTM parsing failed flags.readFromStream(s) at 159
08-21 00:10:52.074 W/skia    (  477): AGTM parsing failed flags.readFromStream(s) at 159
08-21 00:10:52.093 W/skia    (  477): AGTM parsing failed flags.readFromStream(s) at 159
08-21 00:10:52.093 W/skia    (  477): AGTM parsing failed flags.readFromStream(s) at 159
08-21 00:10:52.093 W/BlurChoreographer(  894): Multiple blur values emitted in the same frame
08-21 00:10:52.093 W/skia    (  477): AGTM parsing failed flags.readFromStream(s) at 159
08-21 00:10:52.093 W/skia    (  477): AGTM parsing failed flags.readFromStream(s) at 159
08-21 00:10:52.093 W/skia    (  477): AGTM parsing failed flags.readFromStream(s) at 159
08-21 00:10:52.093 W/skia    (  477): AGTM parsing failed flags.readFromStream(s) at 159
08-21 00:10:52.093 W/skia    (  477): AGTM parsing failed flags.readFromStream(s) at 159
08-21 00:10:52.107 W/skia    (  477): AGTM parsing failed flags.readFromStream(s) at 159
08-21 00:10:52.107 W/skia    (  477): AGTM parsing failed flags.readFromStream(s) at 159
08-21 00:10:52.107 W/skia    (  477): AGTM parsing failed flags.readFromStream(s) at 159
08-21 00:10:52.107 W/skia    (  477): AGTM parsing failed flags.readFromStream(s) at 159
08-21 00:10:52.107 W/skia    (  477): AGTM parsing failed flags.readFromStream(s) at 159
08-21 00:10:52.107 W/skia    (  477): AGTM parsing failed flags.readFromStream(s) at 159
08-21 00:10:52.107 W/skia    (  477): AGTM parsing failed flags.readFromStream(s) at 159
08-21 00:10:52.111 W/skia    (  477): AGTM parsing failed flags.readFromStream(s) at 159
08-21 00:10:52.111 W/skia    (  477): AGTM parsing failed flags.readFromStream(s) at 159
08-21 00:10:52.111 W/skia    (  477): AGTM parsing failed flags.readFromStream(s) at 159
08-21 00:10:52.123 W/skia    (  477): AGTM parsing failed flags.readFromStream(s) at 159
08-21 00:10:52.123 W/skia    (  477): AGTM parsing failed flags.readFromStream(s) at 159
08-21 00:10:52.123 W/skia    (  477): AGTM parsing failed flags.readFromStream(s) at 159
08-21 00:10:52.123 W/skia    (  477): AGTM parsing failed flags.readFromStream(s) at 159
08-21 00:10:52.123 W/skia    (  477): AGTM parsing failed flags.readFromStream(s) at 159
08-21 00:10:52.123 W/skia    (  477): AGTM parsing failed flags.readFromStream(s) at 159
08-21 00:10:52.123 W/skia    (  477): AGTM parsing failed flags.readFromStream(s) at 159
08-21 00:10:52.140 W/skia    (  477): AGTM parsing failed flags.readFromStream(s) at 159
08-21 00:10:52.140 W/skia    (  477): AGTM parsing failed flags.readFromStream(s) at 159
08-21 00:10:52.140 W/skia    (  477): AGTM parsing failed flags.readFromStream(s) at 159
08-21 00:10:52.140 W/skia    (  477): AGTM parsing failed flags.readFromStream(s) at 159
08-21 00:10:52.140 W/skia    (  477): AGTM parsing failed flags.readFromStream(s) at 159
08-21 00:10:52.140 W/skia    (  477): AGTM parsing failed flags.readFromStream(s) at 159
08-21 00:10:52.140 W/skia    (  477): AGTM parsing failed flags.readFromStream(s) at 159
08-21 00:10:52.156 W/skia    (  477): AGTM parsing failed flags.readFromStream(s) at 159
08-21 00:10:52.156 W/skia    (  477): AGTM parsing failed flags.readFromStream(s) at 159
08-21 00:10:52.156 W/skia    (  477): AGTM parsing failed flags.readFromStream(s) at 159
08-21 00:10:52.156 W/skia    (  477): AGTM parsing failed flags.readFromStream(s) at 159
08-21 00:10:52.156 W/skia    (  477): AGTM parsing failed flags.readFromStream(s) at 159
08-21 00:10:52.156 W/skia    (  477): AGTM parsing failed flags.readFromStream(s) at 159
08-21 00:10:52.156 W/skia    (  477): AGTM parsing failed flags.readFromStream(s) at 159
08-21 00:10:52.176 W/skia    (  477): AGTM parsing failed flags.readFromStream(s) at 159
08-21 00:10:52.176 W/skia    (  477): AGTM parsing failed flags.readFromStream(s) at 159
08-21 00:10:52.176 W/skia    (  477): AGTM parsing failed flags.readFromStream(s) at 159
08-21 00:10:52.176 W/skia    (  477): AGTM parsing failed flags.readFromStream(s) at 159
08-21 00:10:52.176 W/skia    (  477): AGTM parsing failed flags.readFromStream(s) at 159
08-21 00:10:52.176 W/skia    (  477): AGTM parsing failed flags.readFromStream(s) at 159
08-21 00:10:52.176 W/skia    (  477): AGTM parsing failed flags.readFromStream(s) at 159
08-21 00:10:52.189 W/skia    (  477): AGTM parsing failed flags.readFromStream(s) at 159
08-21 00:10:52.189 W/skia    (  477): AGTM parsing failed flags.readFromStream(s) at 159
08-21 00:10:52.189 W/skia    (  477): AGTM parsing failed flags.readFromStream(s) at 159
08-21 00:10:52.190 W/skia    (  477): AGTM parsing failed flags.readFromStream(s) at 159
08-21 00:10:52.190 W/skia    (  477): AGTM parsing failed flags.readFromStream(s) at 159
08-21 00:10:52.190 W/skia    (  477): AGTM parsing failed flags.readFromStream(s) at 159
08-21 00:10:52.190 W/skia    (  477): AGTM parsing failed flags.readFromStream(s) at 159
08-21 00:10:52.207 W/skia    (  477): AGTM parsing failed flags.readFromStream(s) at 159
08-21 00:10:52.207 W/skia    (  477): AGTM parsing failed flags.readFromStream(s) at 159
08-21 00:10:52.207 W/skia    (  477): AGTM parsing failed flags.readFromStream(s) at 159
08-21 00:10:52.207 W/skia    (  477): AGTM parsing failed flags.readFromStream(s) at 159
08-21 00:10:52.207 W/skia    (  477): AGTM parsing failed flags.readFromStream(s) at 159
08-21 00:10:52.207 W/skia    (  477): AGTM parsing failed flags.readFromStream(s) at 159
08-21 00:10:52.207 W/skia    (  477): AGTM parsing failed flags.readFromStream(s) at 159
08-21 00:10:52.211 W/skia    (  477): AGTM parsing failed flags.readFromStream(s) at 159
08-21 00:10:52.211 W/skia    (  477): AGTM parsing failed flags.readFromStream(s) at 159
08-21 00:10:52.211 W/skia    (  477): AGTM parsing failed flags.readFromStream(s) at 159
08-21 00:10:52.222 W/skia    (  477): AGTM parsing failed flags.readFromStream(s) at 159
08-21 00:10:52.223 W/skia    (  477): AGTM parsing failed flags.readFromStream(s) at 159
08-21 00:10:52.223 W/skia    (  477): AGTM parsing failed flags.readFromStream(s) at 159
08-21 00:10:52.223 W/skia    (  477): AGTM parsing failed flags.readFromStream(s) at 159
08-21 00:10:52.223 W/skia    (  477): AGTM parsing failed flags.readFromStream(s) at 159
08-21 00:10:52.223 W/skia    (  477): AGTM parsing failed flags.readFromStream(s) at 159
08-21 00:10:52.223 W/skia    (  477): AGTM parsing failed flags.readFromStream(s) at 159
08-21 00:10:52.240 W/skia    (  477): AGTM parsing failed flags.readFromStream(s) at 159
08-21 00:10:52.240 W/skia    (  477): AGTM parsing failed flags.readFromStream(s) at 159
08-21 00:10:52.240 W/skia    (  477): AGTM parsing failed flags.readFromStream(s) at 159
08-21 00:10:52.240 W/skia    (  477): AGTM parsing failed flags.readFromStream(s) at 159
08-21 00:10:52.240 W/skia    (  477): AGTM parsing failed flags.readFromStream(s) at 159
08-21 00:10:52.240 W/skia    (  477): AGTM parsing failed flags.readFromStream(s) at 159
08-21 00:10:52.240 W/skia    (  477): AGTM parsing failed flags.readFromStream(s) at 159
08-21 00:10:52.240 W/BlurChoreographer(  894): Multiple blur values emitted in the same frame
08-21 00:10:52.256 W/skia    (  477): AGTM parsing failed flags.readFromStream(s) at 159
08-21 00:10:52.256 W/skia    (  477): AGTM parsing failed flags.readFromStream(s) at 159
08-21 00:10:52.256 W/skia    (  477): AGTM parsing failed flags.readFromStream(s) at 159
08-21 00:10:52.256 W/skia    (  477): AGTM parsing failed flags.readFromStream(s) at 159
08-21 00:10:52.256 W/skia    (  477): AGTM parsing failed flags.readFromStream(s) at 159
08-21 00:10:52.256 W/skia    (  477): AGTM parsing failed flags.readFromStream(s) at 159
08-21 00:10:52.256 W/skia    (  477): AGTM parsing failed flags.readFromStream(s) at 159
08-21 00:10:52.276 W/skia    (  477): AGTM parsing failed flags.readFromStream(s) at 159
08-21 00:10:52.276 W/skia    (  477): AGTM parsing failed flags.readFromStream(s) at 159
08-21 00:10:52.276 W/skia    (  477): AGTM parsing failed flags.readFromStream(s) at 159
08-21 00:10:52.276 W/skia    (  477): AGTM parsing failed flags.readFromStream(s) at 159
08-21 00:10:52.276 W/skia    (  477): AGTM parsing failed flags.readFromStream(s) at 159
08-21 00:10:52.276 W/skia    (  477): AGTM parsing failed flags.readFromStream(s) at 159
08-21 00:10:52.276 W/skia    (  477): AGTM parsing failed flags.readFromStream(s) at 159
08-21 00:10:52.293 W/skia    (  477): AGTM parsing failed flags.readFromStream(s) at 159
08-21 00:10:52.293 W/skia    (  477): AGTM parsing failed flags.readFromStream(s) at 159
08-21 00:10:52.293 W/skia    (  477): AGTM parsing failed flags.readFromStream(s) at 159
08-21 00:10:52.293 W/skia    (  477): AGTM parsing failed flags.readFromStream(s) at 159
08-21 00:10:52.293 W/skia    (  477): AGTM parsing failed flags.readFromStream(s) at 159
08-21 00:10:52.293 W/skia    (  477): AGTM parsing failed flags.readFromStream(s) at 159
08-21 00:10:52.293 W/skia    (  477): AGTM parsing failed flags.readFromStream(s) at 159
08-21 00:10:52.307 W/skia    (  477): AGTM parsing failed flags.readFromStream(s) at 159
08-21 00:10:52.307 W/skia    (  477): AGTM parsing failed flags.readFromStream(s) at 159
08-21 00:10:52.307 W/skia    (  477): AGTM parsing failed flags.readFromStream(s) at 159
08-21 00:10:52.307 W/skia    (  477): AGTM parsing failed flags.readFromStream(s) at 159
08-21 00:10:52.307 W/skia    (  477): AGTM parsing failed flags.readFromStream(s) at 159
08-21 00:10:52.307 W/skia    (  477): AGTM parsing failed flags.readFromStream(s) at 159
08-21 00:10:52.307 W/skia    (  477): AGTM parsing failed flags.readFromStream(s) at 159
08-21 00:10:52.311 W/skia    (  477): AGTM parsing failed flags.readFromStream(s) at 159
08-21 00:10:52.311 W/skia    (  477): AGTM parsing failed flags.readFromStream(s) at 159
08-21 00:10:52.311 W/skia    (  477): AGTM parsing failed flags.readFromStream(s) at 159
08-21 00:10:52.323 W/skia    (  477): AGTM parsing failed flags.readFromStream(s) at 159
08-21 00:10:52.323 W/skia    (  477): AGTM parsing failed flags.readFromStream(s) at 159
08-21 00:10:52.323 W/skia    (  477): AGTM parsing failed flags.readFromStream(s) at 159
08-21 00:10:52.323 W/skia    (  477): AGTM parsing failed flags.readFromStream(s) at 159
08-21 00:10:52.323 W/skia    (  477): AGTM parsing failed flags.readFromStream(s) at 159
08-21 00:10:52.323 W/skia    (  477): AGTM parsing failed flags.readFromStream(s) at 159
08-21 00:10:52.323 W/skia    (  477): AGTM parsing failed flags.readFromStream(s) at 159
08-21 00:10:52.342 W/skia    (  477): AGTM parsing failed flags.readFromStream(s) at 159
08-21 00:10:52.342 W/skia    (  477): AGTM parsing failed flags.readFromStream(s) at 159
08-21 00:10:52.342 W/skia    (  477): AGTM parsing failed flags.readFromStream(s) at 159
08-21 00:10:52.342 W/skia    (  477): AGTM parsing failed flags.readFromStream(s) at 159
08-21 00:10:52.342 W/skia    (  477): AGTM parsing failed flags.readFromStream(s) at 159
08-21 00:10:52.342 W/skia    (  477): AGTM parsing failed flags.readFromStream(s) at 159
08-21 00:10:52.342 W/skia    (  477): AGTM parsing failed flags.readFromStream(s) at 159
08-21 00:10:52.356 W/skia    (  477): AGTM parsing failed flags.readFromStream(s) at 159
08-21 00:10:52.356 W/skia    (  477): AGTM parsing failed flags.readFromStream(s) at 159
08-21 00:10:52.356 W/skia    (  477): AGTM parsing failed flags.readFromStream(s) at 159
08-21 00:10:52.356 W/skia    (  477): AGTM parsing failed flags.readFromStream(s) at 159
08-21 00:10:52.356 W/skia    (  477): AGTM parsing failed flags.readFromStream(s) at 159
08-21 00:10:52.356 W/skia    (  477): AGTM parsing failed flags.readFromStream(s) at 159
08-21 00:10:52.356 W/skia    (  477): AGTM parsing failed flags.readFromStream(s) at 159
08-21 00:10:52.372 W/skia    (  477): AGTM parsing failed flags.readFromStream(s) at 159
08-21 00:10:52.372 W/skia    (  477): AGTM parsing failed flags.readFromStream(s) at 159
08-21 00:10:52.372 W/skia    (  477): AGTM parsing failed flags.readFromStream(s) at 159
08-21 00:10:52.372 W/skia    (  477): AGTM parsing failed flags.readFromStream(s) at 159
08-21 00:10:52.372 W/skia    (  477): AGTM parsing failed flags.readFromStream(s) at 159
08-21 00:10:52.372 W/skia    (  477): AGTM parsing failed flags.readFromStream(s) at 159
08-21 00:10:52.372 W/skia    (  477): AGTM parsing failed flags.readFromStream(s) at 159
08-21 00:10:52.389 W/skia    (  477): AGTM parsing failed flags.readFromStream(s) at 159
08-21 00:10:52.389 W/skia    (  477): AGTM parsing failed flags.readFromStream(s) at 159
08-21 00:10:52.389 W/skia    (  477): AGTM parsing failed flags.readFromStream(s) at 159
08-21 00:10:52.389 W/skia    (  477): AGTM parsing failed flags.readFromStream(s) at 159
08-21 00:10:52.389 W/skia    (  477): AGTM parsing failed flags.readFromStream(s) at 159
08-21 00:10:52.389 W/skia    (  477): AGTM parsing failed flags.readFromStream(s) at 159
08-21 00:10:52.389 W/skia    (  477): AGTM parsing failed flags.readFromStream(s) at 159
08-21 00:10:52.408 W/skia    (  477): AGTM parsing failed flags.readFromStream(s) at 159
08-21 00:10:52.408 W/skia    (  477): AGTM parsing failed flags.readFromStream(s) at 159
08-21 00:10:52.408 W/skia    (  477): AGTM parsing failed flags.readFromStream(s) at 159
08-21 00:10:52.408 W/skia    (  477): AGTM parsing failed flags.readFromStream(s) at 159
08-21 00:10:52.408 W/skia    (  477): AGTM parsing failed flags.readFromStream(s) at 159
08-21 00:10:52.408 W/skia    (  477): AGTM parsing failed flags.readFromStream(s) at 159
08-21 00:10:52.408 W/skia    (  477): AGTM parsing failed flags.readFromStream(s) at 159
08-21 00:10:52.412 W/skia    (  477): AGTM parsing failed flags.readFromStream(s) at 159
08-21 00:10:52.412 W/skia    (  477): AGTM parsing failed flags.readFromStream(s) at 159
08-21 00:10:52.412 W/skia    (  477): AGTM parsing failed flags.readFromStream(s) at 159
08-21 00:10:52.423 W/skia    (  477): AGTM parsing failed flags.readFromStream(s) at 159
08-21 00:10:52.423 W/skia    (  477): AGTM parsing failed flags.readFromStream(s) at 159
08-21 00:10:52.423 W/skia    (  477): AGTM parsing failed flags.readFromStream(s) at 159
08-21 00:10:52.423 W/skia    (  477): AGTM parsing failed flags.readFromStream(s) at 159
08-21 00:10:52.423 W/skia    (  477): AGTM parsing failed flags.readFromStream(s) at 159
08-21 00:10:52.423 W/skia    (  477): AGTM parsing failed flags.readFromStream(s) at 159
08-21 00:10:52.423 W/skia    (  477): AGTM parsing failed flags.readFromStream(s) at 159
08-21 00:10:52.440 W/skia    (  477): AGTM parsing failed flags.readFromStream(s) at 159
08-21 00:10:52.440 W/skia    (  477): AGTM parsing failed flags.readFromStream(s) at 159
08-21 00:10:52.440 W/skia    (  477): AGTM parsing failed flags.readFromStream(s) at 159
08-21 00:10:52.440 W/skia    (  477): AGTM parsing failed flags.readFromStream(s) at 159
08-21 00:10:52.440 W/skia    (  477): AGTM parsing failed flags.readFromStream(s) at 159
08-21 00:10:52.440 W/skia    (  477): AGTM parsing failed flags.readFromStream(s) at 159
08-21 00:10:52.440 W/skia    (  477): AGTM parsing failed flags.readFromStream(s) at 159
08-21 00:10:52.457 W/skia    (  477): AGTM parsing failed flags.readFromStream(s) at 159
08-21 00:10:52.457 W/skia    (  477): AGTM parsing failed flags.readFromStream(s) at 159
08-21 00:10:52.457 W/skia    (  477): AGTM parsing failed flags.readFromStream(s) at 159
08-21 00:10:52.457 W/skia    (  477): AGTM parsing failed flags.readFromStream(s) at 159
08-21 00:10:52.457 W/skia    (  477): AGTM parsing failed flags.readFromStream(s) at 159
08-21 00:10:52.457 W/skia    (  477): AGTM parsing failed flags.readFromStream(s) at 159
08-21 00:10:52.457 W/skia    (  477): AGTM parsing failed flags.readFromStream(s) at 159
08-21 00:10:52.474 W/skia    (  477): AGTM parsing failed flags.readFromStream(s) at 159
08-21 00:10:52.474 W/skia    (  477): AGTM parsing failed flags.readFromStream(s) at 159
08-21 00:10:52.474 W/skia    (  477): AGTM parsing failed flags.readFromStream(s) at 159
08-21 00:10:52.474 W/skia    (  477): AGTM parsing failed flags.readFromStream(s) at 159
08-21 00:10:52.474 W/skia    (  477): AGTM parsing failed flags.readFromStream(s) at 159
08-21 00:10:52.474 W/skia    (  477): AGTM parsing failed flags.readFromStream(s) at 159
08-21 00:10:52.474 W/skia    (  477): AGTM parsing failed flags.readFromStream(s) at 159
08-21 00:10:52.490 W/skia    (  477): AGTM parsing failed flags.readFromStream(s) at 159
08-21 00:10:52.490 W/skia    (  477): AGTM parsing failed flags.readFromStream(s) at 159
08-21 00:10:52.490 W/skia    (  477): AGTM parsing failed flags.readFromStream(s) at 159
08-21 00:10:52.490 W/skia    (  477): AGTM parsing failed flags.readFromStream(s) at 159
08-21 00:10:52.490 W/skia    (  477): AGTM parsing failed flags.readFromStream(s) at 159
08-21 00:10:52.490 W/skia    (  477): AGTM parsing failed flags.readFromStream(s) at 159
08-21 00:10:52.490 W/skia    (  477): AGTM parsing failed flags.readFromStream(s) at 159
08-21 00:10:52.506 W/skia    (  477): AGTM parsing failed flags.readFromStream(s) at 159
08-21 00:10:52.506 W/skia    (  477): AGTM parsing failed flags.readFromStream(s) at 159
08-21 00:10:52.506 W/skia    (  477): AGTM parsing failed flags.readFromStream(s) at 159
08-21 00:10:52.506 W/skia    (  477): AGTM parsing failed flags.readFromStream(s) at 159
08-21 00:10:52.506 W/skia    (  477): AGTM parsing failed flags.readFromStream(s) at 159
08-21 00:10:52.506 W/skia    (  477): AGTM parsing failed flags.readFromStream(s) at 159
08-21 00:10:52.506 W/skia    (  477): AGTM parsing failed flags.readFromStream(s) at 159
08-21 00:10:52.514 W/skia    (  477): AGTM parsing failed flags.readFromStream(s) at 159
08-21 00:10:52.514 W/skia    (  477): AGTM parsing failed flags.readFromStream(s) at 159
08-21 00:10:52.514 W/skia    (  477): AGTM parsing failed flags.readFromStream(s) at 159
08-21 00:10:52.690 I/adbd    (  479): adbd service requested 'shell,v2,TERM=xterm-256color,raw:uiautomator dump /sdcard/notif4.xml'
08-21 00:10:52.719 D/AndroidRuntime(14916): >>>>>> START com.android.internal.os.RuntimeInit uid 2000 <<<<<<
08-21 00:10:52.721 I/AndroidRuntime(14916): Using default boot image
08-21 00:10:52.721 I/AndroidRuntime(14916): Leaving lock profiling enabled
08-21 00:10:52.721 I/app_process(14916): Core platform API enforcement enabled from the hiddenapi_platform_enforcement flag and the device API level
08-21 00:10:52.722 I/app_process(14916): Using generational CollectorTypeCMC GC.
08-21 00:10:52.737 D/nativeloader(14916): InitDefaultPublicLibraries for_preload=1: libandroid.so:libaaudio.so:libamidi.so:libbinder_ndk.so:libc.so:libcamera2ndk.so:libdl.so:libEGL.so:libGLESv1_CM.so:libGLESv2.so:libGLESv3.so:libicu.so:libicui18n.so:libicuuc.so:libjnigraphics.so:liblog.so:libmediandk.so:libm.so:libnativehelper.so:libnativewindow.so:libOpenMAXAL.so:libOpenSLES.so:libRS.so:libstdc++.so:libsync.so:libvulkan.so:libwebviewchromium_plat_support.so:libz.so
08-21 00:10:52.741 D/nativeloader(14916): Load libicu_jni.so using APEX ns com_android_art for caller /apex/com.android.art/javalib/core-oj.jar: ok
08-21 00:10:52.741 D/app_process(14916): u_setTimeZoneFilesDirectory("/apex/com.android.tzdata/etc/tz/versioned/10/icu") succeeded. 
08-21 00:10:52.741 D/app_process(14916): I18n APEX ICU file found: /apex/com.android.i18n/etc/icu/icudt78l.dat
08-21 00:10:52.741 D/nativeloader(14916): Load libjavacore.so using APEX ns com_android_art for caller /apex/com.android.art/javalib/core-oj.jar: ok
08-21 00:10:52.741 D/nativeloader(14916): Load libopenjdk.so using APEX ns com_android_art for caller /apex/com.android.art/javalib/core-oj.jar: ok
08-21 00:10:52.742 I/app_process(14916): Priority-to-niceness mapping: 19, 16, 13, 10, 0, -2, -4, -5, -6, -8
08-21 00:10:52.742 W/app_process(14916): ClassLoaderContext shared library size mismatch. Expected=2, found=0 (PCL[]{PCL[/system/framework/android.test.base.jar*736588042]#PCL[/system/framework/android.test.mock.jar*4008448454]} | PCL[])
08-21 00:10:52.742 W/app_process(14916): ClassLoaderContext classpath size mismatch. expected=0, found=1 (PCL[]{PCL[/system/framework/android.test.runner.jar*805256125]{PCL[/system/framework/android.test.base.jar*736588042]#PCL[/system/framework/android.test.mock.jar*4008448454]}#PCL[/system/framework/android.test.base.jar*736588042]} | PCL[/system/framework/android.test.runner.jar*805256125])
08-21 00:10:52.749 D/nativeloader(14916): Load libframework-connectivity-tiramisu-jni.so using APEX ns com_android_tethering for caller /apex/com.android.tethering/javalib/framework-connectivity-t.jar: ok
08-21 00:10:52.749 D/AndroidRuntime(14916): Calling main entry com.android.commands.uiautomator.Launcher
08-21 00:10:52.751 I/AconfigPackage(14916): android.media.swcodec.flags is mapped to com.android.media.swcodec
08-21 00:10:52.751 I/AconfigPackage(14916): com.android.permission.flags is mapped to com.android.permission
08-21 00:10:52.751 I/AconfigPackage(14916): com.android.permissioncontroller.flags is mapped to com.android.permission
08-21 00:10:52.751 I/AconfigPackage(14916): com.google.android.widevine.flags is mapped to com.google.android.widevine
08-21 00:10:52.751 I/AconfigPackage(14916): com.android.icu is mapped to com.android.i18n
08-21 00:10:52.751 I/AconfigPackage(14916): com.android.appsearch.flags is mapped to com.android.appsearch
08-21 00:10:52.751 I/AconfigPackage(14916): com.android.uprobestats.flags is mapped to com.android.uprobestats
08-21 00:10:52.751 I/AconfigPackage(14916): android.uprobestats.mainline.flags is mapped to com.android.uprobestats
08-21 00:10:52.751 I/AconfigPackage(14916): com.android.crashrecovery.flags is mapped to com.android.crashrecovery
08-21 00:10:52.751 I/AconfigPackage(14916): android.provider.flags is mapped to com.android.configinfrastructure
08-21 00:10:52.751 I/AconfigPackage(14916): com.android.server.deviceconfig is mapped to com.android.configinfrastructure
08-21 00:10:52.751 I/AconfigPackage(14916): com.android.art.flags is mapped to com.android.art
08-21 00:10:52.751 I/AconfigPackage(14916): com.android.art.rw.flags is mapped to com.android.art
08-21 00:10:52.751 I/AconfigPackage(14916): com.android.libcore is mapped to com.android.art
08-21 00:10:52.751 I/AconfigPackage(14916): android.telecom.flags is mapped to com.android.telephonycore
08-21 00:10:52.751 I/AconfigPackage(14916): com.android.internal.telecom.flags is mapped to com.android.telephonycore
08-21 00:10:52.751 I/AconfigPackage(14916): com.android.telephony.flags is mapped to com.android.telephonycore
08-21 00:10:52.751 I/AconfigPackage(14916): com.android.media.extractor.flags is mapped to com.android.media
08-21 00:10:52.751 I/AconfigPackage(14916): com.android.media.metrics.flags is mapped to com.android.media
08-21 00:10:52.751 I/AconfigPackage(14916): com.android.media.mainline.flags is mapped to com.android.media
08-21 00:10:52.751 I/AconfigPackage(14916): com.android.wifi.flags is mapped to com.android.wifi
08-21 00:10:52.751 I/AconfigPackage(14916): com.android.org.conscrypt.flags is mapped to com.android.conscrypt
08-21 00:10:52.751 I/AconfigPackage(14916): com.android.org.conscrypt.net.flags is mapped to com.android.conscrypt
08-21 00:10:52.751 I/AconfigPackage(14916): com.android.healthfitness.flags is mapped to com.android.healthfitness
08-21 00:10:52.751 I/AconfigPackage(14916): com.android.ipsec.flags is mapped to com.android.ipsec
08-21 00:10:52.751 I/AconfigPackage(14916): com.android.nfc.module.flags is mapped to com.android.nfcservices
08-21 00:10:52.751 I/AconfigPackage(14916): com.android.nfc.module.nonexported.flags is mapped to com.android.nfcservices
08-21 00:10:52.751 I/AconfigPackage(14916): com.android.adservices.ondevicepersonalization.flags is mapped to com.android.ondevicepersonalization
08-21 00:10:52.751 I/AconfigPackage(14916): com.android.adbd.flags is mapped to com.android.adbd
08-21 00:10:52.751 I/AconfigPackage(14916): com.android.bluetooth.beta.flags is mapped to com.android.bt
08-21 00:10:52.751 I/AconfigPackage(14916): com.android.bluetooth.flags is mapped to com.android.bt
08-21 00:10:52.751 I/AconfigPackage(14916): com.android.devicelock.flags is mapped to com.android.devicelock
08-21 00:10:52.751 I/AconfigPackage(14916): android.os.profiling is mapped to com.android.profiling
08-21 00:10:52.751 I/AconfigPackage(14916): android.os.profiling.anomaly.flags is mapped to com.android.profiling
08-21 00:10:52.751 I/AconfigPackage(14916): com.android.os.statsd.flags is mapped to com.android.os.statsd
08-21 00:10:52.751 I/AconfigPackage(14916): com.android.webapp.flags is mapped to com.android.webapp
08-21 00:10:52.751 I/AconfigPackage(14916): com.android.rkpd.flags is mapped to com.android.rkpd
08-21 00:10:52.752 I/AconfigPackage(14916): com.android.cellbroadcastreceiver.flags is mapped to com.android.cellbroadcast
08-21 00:10:52.752 I/AconfigPackage(14916): com.android.adservices.flags is mapped to com.android.adservices
08-21 00:10:52.752 I/AconfigPackage(14916): com.android.sdksandbox.flags is mapped to com.android.adservices
08-21 00:10:52.752 I/AconfigPackage(14916): android.app.sdksandbox.flags is mapped to com.android.adservices
08-21 00:10:52.752 I/AconfigPackage(14916): com.android.uwb.flags is mapped to com.android.uwb
08-21 00:10:52.752 I/AconfigPackage(14916): com.android.ranging.flags is mapped to com.android.uwb
08-21 00:10:52.752 I/AconfigPackage(14916): com.android.npumanager is mapped to com.android.npumanager
08-21 00:10:52.752 I/AconfigPackage(14916): android.graphics.pdf.flags is mapped to com.android.mediaprovider
08-21 00:10:52.752 I/AconfigPackage(14916): com.android.providers.media.flags is mapped to com.android.mediaprovider
08-21 00:10:52.752 I/AconfigPackage(14916): android.graphics.pdf.flags.readonly is mapped to com.android.mediaprovider
08-21 00:10:52.752 I/AconfigPackage(14916): com.android.tethering.mainline.beta is mapped to com.android.tethering
08-21 00:10:52.752 I/AconfigPackage(14916): android.net.http is mapped to com.android.tethering
08-21 00:10:52.752 I/AconfigPackage(14916): com.android.tethering.readonly.flags is mapped to com.android.tethering
08-21 00:10:52.752 I/AconfigPackage(14916): android.net.vcn is mapped to com.android.tethering
08-21 00:10:52.752 I/AconfigPackage(14916): com.android.net.flags is mapped to com.android.tethering
08-21 00:10:52.752 I/AconfigPackage(14916): com.android.tethering.flags is mapped to com.android.tethering
08-21 00:10:52.752 I/AconfigPackage(14916): com.android.tethering.beta.test is mapped to com.android.tethering
08-21 00:10:52.752 I/AconfigPackage(14916): com.android.nearby.flags is mapped to com.android.tethering
08-21 00:10:52.752 I/AconfigPackage(14916): com.android.net.thread.flags is mapped to com.android.tethering
08-21 00:10:52.752 I/AconfigPackage(14916): com.android.net.ct.flags is mapped to com.android.tethering
08-21 00:10:52.752 I/AconfigPackage(14916): com.android.system.virtualmachine.flags is mapped to com.android.virt
08-21 00:10:52.752 E/FeatureFlagsImplExport(14916): android.os.flagging.AconfigStorageReadException: ERROR_PACKAGE_NOT_FOUND: package android.xr cannot be found on the device
08-21 00:10:52.753 D/UiAutomationConnection(14916): Created on user UserHandle{0}
08-21 00:10:52.753 I/UiAutomation(14916): Initialized for user 0 on display 0
08-21 00:10:52.753 W/UiAutomation(14916): Created with deprecatead constructor, assumes DEFAULT_DISPLAY
08-21 00:10:52.754 D/AccessibilityManagerService(  642): changeCurrentUserForTestAutomationIfNeededLocked(0): ignoring because device doesn't support visible background users
08-21 00:10:52.754 I/UiAutomationManager(  642): Registering UiTestAutomationService (id=com.android.server.accessibility/UiAutomation, flags=0x0) when called by user 0
08-21 00:10:52.754 V/AccessibilityManagerService(  642): onUserStateChangedLocked for userId: 0, forceUpdate: false
08-21 00:10:52.755 V/AccessibilityUserState(  642): updateShortcutTargets: type:accessibility_shortcut_target_service, current:{}, new:{}
08-21 00:10:52.755 V/AccessibilityUserState(  642): updateShortcutTargets: type:accessibility_button_targets, current:{}, new:{}
08-21 00:10:52.755 V/AccessibilityUserState(  642): updateShortcutTargets: type:accessibility_gesture_targets, current:{}, new:{}
08-21 00:10:52.755 V/AccessibilityUserState(  642): updateShortcutTargets: type:accessibility_qs_targets, current:{}, new:{}
08-21 00:10:52.755 V/AccessibilityUserState(  642): updateShortcutTargets: type:accessibility_key_gesture_targets, current:{}, new:{}
08-21 00:10:52.755 V/AccessibilityUserState(  642): updateShortcutTargets: type:accessibility_top_row_key_targets, current:{}, new:{}
08-21 00:10:52.755 V/AccessibilityUserState(  642): updateShortcutTargets: type:accessibility_quick_access_targets, current:{}, new:{}
08-21 00:10:52.755 W/MagnificationConnectionManager(  642): requestConnection duplicated request: connect=false, mConnectionState=DISCONNECTED
08-21 00:10:52.755 I/AiAiEcho( 1655): Settings changed for uri: content://settings/secure/accessibility_enabled
08-21 00:10:52.755 I/AiAiEcho( 1655): Predicting[0]:  [CONTEXT sampling_count=5 ]
08-21 00:10:52.755 I/AiAiEcho( 1655): EchoTargets: 
08-21 00:10:52.755 I/AiAiEcho( 1655): Filtered by AiAi flag check: 
08-21 00:10:52.755 I/AiAiEcho( 1655): [CONTEXT ratelimit_period="10 SECONDS" ]
08-21 00:10:52.755 I/AiAiEcho( 1655): #remoteViewsTwiddler: feature disabled.
08-21 00:10:52.755 I/AiAiEcho( 1655): Predicting[0]:  [CONTEXT sampling_count=5 ]
08-21 00:10:52.756 I/AiAiEcho( 1655): EchoTargets: 
08-21 00:10:52.756 I/AiAiEcho( 1655): Filtered by AiAi flag check: 
08-21 00:10:52.756 I/AiAiEcho( 1655): [CONTEXT ratelimit_period="10 SECONDS" ]
08-21 00:10:52.756 I/AiAiEcho( 1655): #remoteViewsTwiddler: feature disabled.
08-21 00:10:52.756 I/AiAiEcho( 1655): Predicting[0]:  [CONTEXT sampling_count=5 ]
08-21 00:10:52.756 I/AiAiEcho( 1655): EchoTargets: 
08-21 00:10:52.756 I/AiAiEcho( 1655): Filtered by AiAi flag check: 
08-21 00:10:52.756 I/AiAiEcho( 1655): [CONTEXT ratelimit_period="10 SECONDS" ]
08-21 00:10:52.756 I/AiAiEcho( 1655): #remoteViewsTwiddler: feature disabled.
08-21 00:10:52.756 I/AiAiEcho( 1655): #postPredictionTargets: Sending updates to UISurface lockscreen with targets# 0 (types=[])
08-21 00:10:52.756 I/AiAiEcho( 1655): #postPredictionTargets: Sending updates to UISurface ambientcue with targets# 0 (types=[])
08-21 00:10:52.756 I/AiAiEcho( 1655): #postPredictionTargets: Sending updates to UISurface home with targets# 0 (types=[])
08-21 00:10:52.756 I/AmbientCueRepository(  894): Receiving SmartSpace targets # 0
08-21 00:10:52.757 W/libbinder.IPCThreadState(  642): Sending oneway calls to frozen process.
08-21 00:10:52.757 W/libbinder.IPCThreadState(  642): Sending oneway calls to frozen process.
08-21 00:10:52.757 W/libbinder.IPCThreadState(  642): Sending oneway calls to frozen process.
08-21 00:10:52.757 W/libbinder.IPCThreadState(  642): Sending oneway calls to frozen process.
08-21 00:10:52.757 W/libbinder.IPCThreadState(  642): Sending oneway calls to frozen process.
08-21 00:10:52.757 W/libbinder.IPCThreadState(  642): Sending oneway calls to frozen process.
08-21 00:10:52.757 W/libbinder.IPCThreadState(  642): Sending oneway calls to frozen process.
08-21 00:10:52.757 W/libbinder.IPCThreadState(  642): Sending oneway calls to frozen process.
08-21 00:10:52.757 W/libbinder.IPCThreadState(  642): Sending oneway calls to frozen process.
08-21 00:10:52.757 W/libbinder.IPCThreadState(  642): Sending oneway calls to frozen process.
08-21 00:10:52.757 V/AccessibilityManagerService(  642): onUserStateChangedLocked for userId: 0, forceUpdate: false
08-21 00:10:52.757 W/libbinder.IPCThreadState(  642): Sending oneway calls to frozen process.
08-21 00:10:52.757 W/libbinder.IPCThreadState(  642): Sending oneway calls to frozen process.
08-21 00:10:52.758 V/AccessibilityUserState(  642): updateShortcutTargets: type:accessibility_shortcut_target_service, current:{}, new:{}
08-21 00:10:52.758 V/AccessibilityUserState(  642): updateShortcutTargets: type:accessibility_button_targets, current:{}, new:{}
08-21 00:10:52.758 V/AccessibilityUserState(  642): updateShortcutTargets: type:accessibility_gesture_targets, current:{}, new:{}
08-21 00:10:52.758 V/AccessibilityUserState(  642): updateShortcutTargets: type:accessibility_qs_targets, current:{}, new:{}
08-21 00:10:52.758 V/AccessibilityUserState(  642): updateShortcutTargets: type:accessibility_key_gesture_targets, current:{}, new:{}
08-21 00:10:52.758 V/AccessibilityUserState(  642): updateShortcutTargets: type:accessibility_top_row_key_targets, current:{}, new:{}
08-21 00:10:52.758 V/AccessibilityUserState(  642): updateShortcutTargets: type:accessibility_quick_access_targets, current:{}, new:{}
08-21 00:10:52.758 W/MagnificationConnectionManager(  642): requestConnection duplicated request: connect=false, mConnectionState=DISCONNECTED
08-21 00:10:52.759 W/libbinder.IPCThreadState(  642): Sending oneway calls to frozen process.
08-21 00:10:52.759 I/AiAiEcho( 1655): Settings changed for uri: content://settings/secure/accessibility_enabled
08-21 00:10:52.759 W/libbinder.IPCThreadState(  642): Sending oneway calls to frozen process.
08-21 00:10:52.759 W/libbinder.IPCThreadState(  642): Sending oneway calls to frozen process.
08-21 00:10:52.759 W/libbinder.IPCThreadState(  642): Sending oneway calls to frozen process.
08-21 00:10:52.759 I/AiAiEcho( 1655): Predicting[0]:  [CONTEXT sampling_count=5 ]
08-21 00:10:52.759 W/libbinder.IPCThreadState(  642): Sending oneway calls to frozen process.
08-21 00:10:52.759 W/libbinder.IPCThreadState(  642): Sending oneway calls to frozen process.
08-21 00:10:52.759 W/libbinder.IPCThreadState(  642): Sending oneway calls to frozen process.
08-21 00:10:52.759 W/libbinder.IPCThreadState(  642): Sending oneway calls to frozen process.
08-21 00:10:52.759 W/libbinder.IPCThreadState(  642): Sending oneway calls to frozen process.
08-21 00:10:52.759 W/libbinder.IPCThreadState(  642): Sending oneway calls to frozen process.
08-21 00:10:52.759 W/libbinder.IPCThreadState(  642): Sending oneway calls to frozen process.
08-21 00:10:52.759 W/libbinder.IPCThreadState(  642): Sending oneway calls to frozen process.
08-21 00:10:52.759 W/libbinder.IPCThreadState(  642): Sending oneway calls to frozen process.
08-21 00:10:52.759 W/libbinder.IPCThreadState(  642): Sending oneway calls to frozen process.
08-21 00:10:52.759 W/libbinder.IPCThreadState(  642): Sending oneway calls to frozen process.
08-21 00:10:52.760 I/AiAiEcho( 1655): EchoTargets: 
08-21 00:10:52.760 I/AiAiEcho( 1655): Filtered by AiAi flag check: 
08-21 00:10:52.760 I/AiAiEcho( 1655): [CONTEXT ratelimit_period="10 SECONDS" ]
08-21 00:10:52.760 W/libbinder.IPCThreadState(  642): Sending oneway calls to frozen process.
08-21 00:10:52.760 W/libbinder.IPCThreadState(  642): Sending oneway calls to frozen process.
08-21 00:10:52.760 W/libbinder.IPCThreadState(  642): Sending oneway calls to frozen process.
08-21 00:10:52.760 D/BatterySaverPolicy(  642): accessibility changed to true, updating policy.
08-21 00:10:52.760 I/AiAiEcho( 1655): #remoteViewsTwiddler: feature disabled.
08-21 00:10:52.760 I/AiAiEcho( 1655): Predicting[0]:  [CONTEXT sampling_count=5 ]
08-21 00:10:52.760 I/AiAiEcho( 1655): EchoTargets: 
08-21 00:10:52.760 I/AiAiEcho( 1655): Filtered by AiAi flag check: 
08-21 00:10:52.760 I/AiAiEcho( 1655): [CONTEXT ratelimit_period="10 SECONDS" ]
08-21 00:10:52.760 I/AiAiEcho( 1655): #remoteViewsTwiddler: feature disabled.
08-21 00:10:52.761 I/AiAiEcho( 1655): Predicting[0]:  [CONTEXT sampling_count=5 ]
08-21 00:10:52.761 I/AiAiEcho( 1655): EchoTargets: 
08-21 00:10:52.761 I/AiAiEcho( 1655): Filtered by AiAi flag check: 
08-21 00:10:52.761 I/AiAiEcho( 1655): [CONTEXT ratelimit_period="10 SECONDS" ]
08-21 00:10:52.761 I/AiAiEcho( 1655): #remoteViewsTwiddler: feature disabled.
08-21 00:10:52.761 I/AiAiEcho( 1655): #postPredictionTargets: Sending updates to UISurface lockscreen with targets# 0 (types=[])
08-21 00:10:52.761 I/AiAiEcho( 1655): #postPredictionTargets: Sending updates to UISurface ambientcue with targets# 0 (types=[])
08-21 00:10:52.761 I/AiAiEcho( 1655): #postPredictionTargets: Sending updates to UISurface home with targets# 0 (types=[])
08-21 00:10:52.761 D/AccessibilityManagerService(  642): .getAccessibilityShortcutTargets {shortcutType=32, userId=0}
08-21 00:10:52.761 I/AmbientCueRepository(  894): Receiving SmartSpace targets # 0
08-21 00:10:52.773 D/SsBaseTemplateCard( 1043): Passed-in item info is null
08-21 00:10:52.773 D/SsBaseTemplateCard( 1043): Passed-in item info is null
08-21 00:10:52.773 D/SsBaseTemplateCard( 1043): Passed-in item info is null
08-21 00:10:52.773 D/SsBaseTemplateCard( 1043): Passed-in item info is null
08-21 00:10:52.773 I/SsBaseTemplateCard( 1043): Secondary card pane is null
08-21 00:10:52.773 W/skia    (  477): AGTM parsing failed flags.readFromStream(s) at 159
08-21 00:10:52.773 W/skia    (  477): AGTM parsing failed flags.readFromStream(s) at 159
08-21 00:10:52.773 W/skia    (  477): AGTM parsing failed flags.readFromStream(s) at 159
08-21 00:10:52.773 W/skia    (  477): AGTM parsing failed flags.readFromStream(s) at 159
08-21 00:10:52.773 W/skia    (  477): AGTM parsing failed flags.readFromStream(s) at 159
08-21 00:10:52.773 W/skia    (  477): AGTM parsing failed flags.readFromStream(s) at 159
08-21 00:10:52.773 W/skia    (  477): AGTM parsing failed flags.readFromStream(s) at 159
08-21 00:10:52.776 W/skia    (  477): AGTM parsing failed flags.readFromStream(s) at 159
08-21 00:10:52.776 W/skia    (  477): AGTM parsing failed flags.readFromStream(s) at 159
08-21 00:10:52.776 W/skia    (  477): AGTM parsing failed flags.readFromStream(s) at 159
08-21 00:10:52.791 W/skia    (  477): AGTM parsing failed flags.readFromStream(s) at 159
08-21 00:10:52.791 W/skia    (  477): AGTM parsing failed flags.readFromStream(s) at 159
08-21 00:10:52.791 D/SsBaseTemplateCard( 1043): Passed-in item info is null
08-21 00:10:52.791 W/skia    (  477): AGTM parsing failed flags.readFromStream(s) at 159
08-21 00:10:52.791 D/SsBaseTemplateCard( 1043): Passed-in item info is null
08-21 00:10:52.791 D/SsBaseTemplateCard( 1043): Passed-in item info is null
08-21 00:10:52.791 D/SsBaseTemplateCard( 1043): Passed-in item info is null
08-21 00:10:52.791 I/SsBaseTemplateCard( 1043): Secondary card pane is null
08-21 00:10:52.791 W/skia    (  477): AGTM parsing failed flags.readFromStream(s) at 159
08-21 00:10:52.791 W/skia    (  477): AGTM parsing failed flags.readFromStream(s) at 159
08-21 00:10:52.791 W/skia    (  477): AGTM parsing failed flags.readFromStream(s) at 159
08-21 00:10:52.791 W/skia    (  477): AGTM parsing failed flags.readFromStream(s) at 159
08-21 00:10:52.806 W/skia    (  477): AGTM parsing failed flags.readFromStream(s) at 159
08-21 00:10:52.806 W/skia    (  477): AGTM parsing failed flags.readFromStream(s) at 159
08-21 00:10:52.806 W/skia    (  477): AGTM parsing failed flags.readFromStream(s) at 159
08-21 00:10:52.806 W/skia    (  477): AGTM parsing failed flags.readFromStream(s) at 159
08-21 00:10:52.806 W/skia    (  477): AGTM parsing failed flags.readFromStream(s) at 159
08-21 00:10:52.806 W/skia    (  477): AGTM parsing failed flags.readFromStream(s) at 159
08-21 00:10:52.806 W/skia    (  477): AGTM parsing failed flags.readFromStream(s) at 159
08-21 00:10:52.876 W/skia    (  477): AGTM parsing failed flags.readFromStream(s) at 159
08-21 00:10:52.876 W/skia    (  477): AGTM parsing failed flags.readFromStream(s) at 159
08-21 00:10:52.876 W/skia    (  477): AGTM parsing failed flags.readFromStream(s) at 159
08-21 00:10:52.961 D/SatelliteController( 1028): isInCarrierRoamingNbIotNtn: satellite is disabled
08-21 00:10:52.961 D/SatelliteController( 1028): getCarrierRoamingNtnConnectType: Checking connect type from PLMN config for subId: 1
08-21 00:10:52.961 D/TelephonyConfigUpdateInstallReceiver( 1028): getConfigParser: domain=satellite
08-21 00:10:52.961 V/SatelliteController( 1028): satelliteConfigParser is not ready
08-21 00:10:52.961 D/SatelliteController( 1028): isSatelliteAttachSupportedViaConfigupdater: return null (satelliteConfig is null)
08-21 00:10:52.961 D/SatelliteController( 1028): getSatellitePerPlmnConfiguration: invalid subId or not supported via carrier.
08-21 00:10:52.961 D/SatelliteController( 1028): getCarrierRoamingNtnConnectType: config: null
08-21 00:10:52.961 D/TelephonyConfigUpdateInstallReceiver( 1028): getConfigParser: domain=satellite
08-21 00:10:52.961 V/SatelliteController( 1028): satelliteConfigParser is not ready
08-21 00:10:52.961 D/SatelliteController( 1028): getCarrierRoamingNtnConnectTypeViaConfigUpdater: return null (satelliteConfig is null)
08-21 00:10:52.962 D/SatelliteController( 1028): getCarrierRoamingNtnConnectType: Falling back to global carrier config connect type: 0
08-21 00:10:52.962 D/TelephonyConfigUpdateInstallReceiver( 1028): getConfigParser: domain=satellite
08-21 00:10:52.962 V/SatelliteController( 1028): satelliteConfigParser is not ready
08-21 00:10:52.962 D/SatelliteController( 1028): isSatelliteAttachSupportedViaConfigupdater: return null (satelliteConfig is null)
08-21 00:10:52.962 W/libbinder.IPCThreadState(  642): Sending oneway calls to frozen process.
08-21 00:10:52.962 D/SatelliteController( 1028): getCarrierRoamingNtnConnectType: Checking connect type from PLMN config for subId: 1
08-21 00:10:52.962 D/TelephonyConfigUpdateInstallReceiver( 1028): getConfigParser: domain=satellite
08-21 00:10:52.962 V/SatelliteController( 1028): satelliteConfigParser is not ready
08-21 00:10:52.962 D/SatelliteController( 1028): isSatelliteAttachSupportedViaConfigupdater: return null (satelliteConfig is null)
08-21 00:10:52.962 D/SatelliteController( 1028): getSatellitePerPlmnConfiguration: invalid subId or not supported via carrier.
08-21 00:10:52.962 D/SatelliteController( 1028): getCarrierRoamingNtnConnectType: config: null
08-21 00:10:52.962 D/TelephonyConfigUpdateInstallReceiver( 1028): getConfigParser: domain=satellite
08-21 00:10:52.962 V/SatelliteController( 1028): satelliteConfigParser is not ready
08-21 00:10:52.962 D/SatelliteController( 1028): getCarrierRoamingNtnConnectTypeViaConfigUpdater: return null (satelliteConfig is null)
08-21 00:10:52.962 D/SatelliteController( 1028): getCarrierRoamingNtnConnectType: Falling back to global carrier config connect type: 0
08-21 00:10:52.962 D/TelephonyConfigUpdateInstallReceiver( 1028): getConfigParser: domain=satellite
08-21 00:10:52.962 V/SatelliteController( 1028): satelliteConfigParser is not ready
08-21 00:10:52.962 D/SatelliteController( 1028): isSatelliteAttachSupportedViaConfigupdater: return null (satelliteConfig is null)
08-21 00:10:53.766 W/View    (  894): couldn't find view with id 16909415
08-21 00:10:53.772 W/MediaProvider( 1618): isAppCloneUserPair for user 0: false
08-21 00:10:53.777 I/AccessibilityNodeInfoDumper(14916): Skipping invisible child: android.view.accessibility.AccessibilityNodeInfo@2179ac; boundsInParent: Rect(0, 0 - 144, 0); boundsInScreen: Rect(48, 735 - 192, 735); boundsInWindow: Rect(48, 735 - 192, 735); packageName: com.android.systemui; className: android.widget.Button; text: null; error: null; maxTextLength: -1; stateDescription: null; contentDescription: null; tooltipText: null; containerTitle: null; viewIdResName: com.android.systemui:id/veto; uniqueId: null; checkable: false; checked: false; focusable: true; focused: false; selected: false; clickable: true; longClickable: false; contextClickable: false; enabled: true; password: false; scrollable: false; granularScrollingSupported: false; importantForAccessibility: true; visible: false; actions: [AccessibilityAction: ACTION_FOCUS - null, AccessibilityAction: ACTION_SELECT - null, AccessibilityAction: ACTION_CLEAR_SELECTION - null, AccessibilityAction: ACTION_CLICK - null, AccessibilityAction: ACTION_ACCESSIBILITY_FOCUS - null, AccessibilityAction: ACTION_SHOW_ON_SCREEN - null]; isTextSelectable: false
08-21 00:10:53.789 I/AccessibilityNodeInfoDumper(14916): Skipping invisible child: android.view.accessibility.AccessibilityNodeInfo@1a3f1; boundsInParent: Rect(0, 0 - 406, 156); boundsInScreen: Rect(890, 0 - 1296, 156); boundsInWindow: Rect(890, 0 - 1296, 156); packageName: com.android.systemui; className: android.widget.LinearLayout; text: null; error: null; maxTextLength: -1; stateDescription: null; contentDescription: null; tooltipText: null; containerTitle: null; viewIdResName: com.android.systemui:id/carrier_group; uniqueId: null; checkable: false; checked: false; focusable: false; focused: false; selected: false; clickable: false; longClickable: false; contextClickable: false; enabled: true; password: false; scrollable: false; granularScrollingSupported: false; importantForAccessibility: true; visible: false; actions: [AccessibilityAction: ACTION_SELECT - null, AccessibilityAction: ACTION_CLEAR_SELECTION - null, AccessibilityAction: ACTION_ACCESSIBILITY_FOCUS - null, AccessibilityAction: ACTION_SHOW_ON_SCREEN - null]; isTextSelectable: false
08-21 00:10:53.791 I/AccessibilityNodeInfoDumper(14916): Skipping invisible child: android.view.accessibility.AccessibilityNodeInfo@d2e44; boundsInParent: Rect(0, 0 - 0, 0); boundsInScreen: Rect(1036, 78 - 1036, 78); boundsInWindow: Rect(1036, 78 - 1036, 78); packageName: com.android.systemui; className: android.widget.FrameLayout; text: null; error: null; maxTextLength: -1; stateDescription: null; contentDescription: null; tooltipText: null; containerTitle: null; viewIdResName: null; uniqueId: null; checkable: false; checked: false; focusable: false; focused: false; selected: false; clickable: false; longClickable: false; contextClickable: false; enabled: true; password: false; scrollable: false; granularScrollingSupported: false; importantForAccessibility: false; visible: false; actions: [AccessibilityAction: ACTION_SELECT - null, AccessibilityAction: ACTION_CLEAR_SELECTION - null, AccessibilityAction: ACTION_ACCESSIBILITY_FOCUS - null, AccessibilityAction: ACTION_SHOW_ON_SCREEN - null]; isTextSelectable: false
08-21 00:10:53.791 I/AccessibilityNodeInfoDumper(14916): Skipping invisible child: android.view.accessibility.AccessibilityNodeInfo@d1f40; boundsInParent: Rect(0, 0 - 0, 0); boundsInScreen: Rect(1036, 78 - 1036, 78); boundsInWindow: Rect(1036, 78 - 1036, 78); packageName: com.android.systemui; className: android.widget.FrameLayout; text: null; error: null; maxTextLength: -1; stateDescription: null; contentDescription: null; tooltipText: null; containerTitle: null; viewIdResName: null; uniqueId: null; checkable: false; checked: false; focusable: false; focused: false; selected: false; clickable: false; longClickable: false; contextClickable: false; enabled: true; password: false; scrollable: false; granularScrollingSupported: false; importantForAccessibility: false; visible: false; actions: [AccessibilityAction: ACTION_SELECT - null, AccessibilityAction: ACTION_CLEAR_SELECTION - null, AccessibilityAction: ACTION_ACCESSIBILITY_FOCUS - null, AccessibilityAction: ACTION_SHOW_ON_SCREEN - null]; isTextSelectable: false
08-21 00:10:53.794 I/AccessibilityNodeInfoDumper(14916): Skipping invisible child: android.view.accessibility.AccessibilityNodeInfo@297f2; boundsInParent: Rect(0, 0 - 0, 156); boundsInScreen: Rect(1260, 0 - 1260, 156); boundsInWindow: Rect(1260, 0 - 1260, 156); packageName: com.android.systemui; className: android.widget.FrameLayout; text: null; error: null; maxTextLength: -1; stateDescription: null; contentDescription: null; tooltipText: null; containerTitle: null; viewIdResName: com.android.systemui:id/privacy_container; uniqueId: null; checkable: false; checked: false; focusable: false; focused: false; selected: false; clickable: false; longClickable: false; contextClickable: false; enabled: true; password: false; scrollable: false; granularScrollingSupported: false; importantForAccessibility: false; visible: false; actions: [AccessibilityAction: ACTION_SELECT - null, AccessibilityAction: ACTION_CLEAR_SELECTION - null, AccessibilityAction: ACTION_ACCESSIBILITY_FOCUS - null, AccessibilityAction: ACTION_SHOW_ON_SCREEN - null]; isTextSelectable: false
08-21 00:10:53.795 W/AccessibilityNodeInfoDumper(14916): Fetch time: 27ms
08-21 00:10:53.797 V/AccessibilityManagerService(  642): onUserStateChangedLocked for userId: 0, forceUpdate: false
08-21 00:10:53.797 V/AccessibilityUserState(  642): updateShortcutTargets: type:accessibility_shortcut_target_service, current:{}, new:{}
08-21 00:10:53.797 V/AccessibilityUserState(  642): updateShortcutTargets: type:accessibility_button_targets, current:{}, new:{}
08-21 00:10:53.797 V/AccessibilityUserState(  642): updateShortcutTargets: type:accessibility_gesture_targets, current:{}, new:{}
08-21 00:10:53.797 V/AccessibilityUserState(  642): updateShortcutTargets: type:accessibility_qs_targets, current:{}, new:{}
08-21 00:10:53.797 V/AccessibilityUserState(  642): updateShortcutTargets: type:accessibility_key_gesture_targets, current:{}, new:{}
08-21 00:10:53.797 V/AccessibilityUserState(  642): updateShortcutTargets: type:accessibility_top_row_key_targets, current:{}, new:{}
08-21 00:10:53.797 V/AccessibilityUserState(  642): updateShortcutTargets: type:accessibility_quick_access_targets, current:{}, new:{}
08-21 00:10:53.797 W/MagnificationConnectionManager(  642): requestConnection duplicated request: connect=false, mConnectionState=DISCONNECTED
08-21 00:10:53.797 D/AccessibilityManagerService(  642): restoreCurrentUserForTestAutomationIfNeededLocked(): ignoring because device doesn't support visible background users
08-21 00:10:53.797 W/libbinder.IPCThreadState(  642): Sending oneway calls to frozen process.
08-21 00:10:53.797 W/libbinder.IPCThreadState(  642): Sending oneway calls to frozen process.
08-21 00:10:53.797 W/libbinder.IPCThreadState(  642): Sending oneway calls to frozen process.
08-21 00:10:53.797 W/libbinder.IPCThreadState(  642): Sending oneway calls to frozen process.
08-21 00:10:53.797 W/libbinder.IPCThreadState(  642): Sending oneway calls to frozen process.
08-21 00:10:53.797 W/libbinder.IPCThreadState(  642): Sending oneway calls to frozen process.
08-21 00:10:53.798 W/libbinder.IPCThreadState(  642): Sending oneway calls to frozen process.
08-21 00:10:53.798 W/libbinder.IPCThreadState(  642): Sending oneway calls to frozen process.
08-21 00:10:53.798 W/libbinder.IPCThreadState(  642): Sending oneway calls to frozen process.
08-21 00:10:53.798 W/libbinder.IPCThreadState(  642): Sending oneway calls to frozen process.
08-21 00:10:53.798 W/libbinder.IPCThreadState(  642): Sending oneway calls to frozen process.
08-21 00:10:53.798 W/libbinder.IPCThreadState(  642): Sending oneway calls to frozen process.
08-21 00:10:53.798 W/libbinder.IPCThreadState(  642): Sending oneway calls to frozen process.
08-21 00:10:53.798 W/libbinder.IPCThreadState(  642): Sending oneway calls to frozen process.
08-21 00:10:53.798 W/libbinder.IPCThreadState(  642): Sending oneway calls to frozen process.
08-21 00:10:53.798 W/libbinder.IPCThreadState(  642): Sending oneway calls to frozen process.
08-21 00:10:53.798 W/libbinder.IPCThreadState(  642): Sending oneway calls to frozen process.
08-21 00:10:53.798 W/libbinder.IPCThreadState(  642): Sending oneway calls to frozen process.
08-21 00:10:53.798 D/BatterySaverPolicy(  642): accessibility changed to false, updating policy.
08-21 00:10:53.798 D/AndroidRuntime(14916): Shutting down VM
08-21 00:10:53.798 W/libbinder.IPCThreadState(14916): call to talkWithDriver in joinThreadPool returned error: -9 (Bad file descriptor), FD: -1
08-21 00:10:53.798 W/libbinder.IPCThreadState(14916): call to talkWithDriver in joinThreadPool returned error: -9 (Bad file descriptor), FD: -1
08-21 00:10:53.798 W/libbinder.IPCThreadState(14916): call to talkWithDriver in joinThreadPool returned error: -9 (Bad file descriptor), FD: -1
08-21 00:10:53.800 D/ActivityManager(  642): sync unfroze 5388 com.google.android.gms for 6
08-21 00:10:53.801 I/AiAiEcho( 1655): Settings changed for uri: content://settings/secure/accessibility_enabled
08-21 00:10:53.801 I/AiAiEcho( 1655): Predicting[0]:  [CONTEXT sampling_count=5 ]
08-21 00:10:53.801 I/AiAiEcho( 1655): EchoTargets: 
08-21 00:10:53.801 I/AiAiEcho( 1655): Filtered by AiAi flag check: 
08-21 00:10:53.801 I/AiAiEcho( 1655): [CONTEXT ratelimit_period="10 SECONDS" ]
08-21 00:10:53.801 I/AiAiEcho( 1655): #remoteViewsTwiddler: feature disabled.
08-21 00:10:53.801 I/AiAiEcho( 1655): Predicting[0]:  [CONTEXT sampling_count=5 ]
08-21 00:10:53.801 I/AiAiEcho( 1655): EchoTargets: 
08-21 00:10:53.801 I/AiAiEcho( 1655): Filtered by AiAi flag check: 
08-21 00:10:53.801 I/AiAiEcho( 1655): [CONTEXT ratelimit_period="10 SECONDS" ]
08-21 00:10:53.801 I/AiAiEcho( 1655): #remoteViewsTwiddler: feature disabled.
08-21 00:10:53.801 I/AiAiEcho( 1655): Predicting[0]:  [CONTEXT sampling_count=5 ]
08-21 00:10:53.801 I/AiAiEcho( 1655): EchoTargets: 
08-21 00:10:53.801 I/AiAiEcho( 1655): Filtered by AiAi flag check: 
08-21 00:10:53.801 I/AiAiEcho( 1655): [CONTEXT ratelimit_period="10 SECONDS" ]
08-21 00:10:53.801 I/AiAiEcho( 1655): #remoteViewsTwiddler: feature disabled.
08-21 00:10:53.802 I/AiAiEcho( 1655): #postPredictionTargets: Sending updates to UISurface lockscreen with targets# 0 (types=[])
08-21 00:10:53.802 I/AiAiEcho( 1655): #postPredictionTargets: Sending updates to UISurface ambientcue with targets# 0 (types=[])
08-21 00:10:53.802 I/AmbientCueRepository(  894): Receiving SmartSpace targets # 0
08-21 00:10:53.802 I/AiAiEcho( 1655): #postPredictionTargets: Sending updates to UISurface home with targets# 0 (types=[])
08-21 00:10:53.806 W/skia    (  477): AGTM parsing failed flags.readFromStream(s) at 159
08-21 00:10:53.806 W/skia    (  477): AGTM parsing failed flags.readFromStream(s) at 159
08-21 00:10:53.806 W/skia    (  477): AGTM parsing failed flags.readFromStream(s) at 159
08-21 00:10:53.806 W/skia    (  477): AGTM parsing failed flags.readFromStream(s) at 159
08-21 00:10:53.806 W/skia    (  477): AGTM parsing failed flags.readFromStream(s) at 159
08-21 00:10:53.806 W/skia    (  477): AGTM parsing failed flags.readFromStream(s) at 159
08-21 00:10:53.806 W/skia    (  477): AGTM parsing failed flags.readFromStream(s) at 159
08-21 00:10:53.806 D/SsBaseTemplateCard( 1043): Passed-in item info is null
08-21 00:10:53.807 D/SsBaseTemplateCard( 1043): Passed-in item info is null
08-21 00:10:53.807 D/SsBaseTemplateCard( 1043): Passed-in item info is null
08-21 00:10:53.807 D/SsBaseTemplateCard( 1043): Passed-in item info is null
08-21 00:10:53.807 I/SsBaseTemplateCard( 1043): Secondary card pane is null
08-21 00:10:53.808 W/skia    (  477): AGTM parsing failed flags.readFromStream(s) at 159
08-21 00:10:53.808 W/skia    (  477): AGTM parsing failed flags.readFromStream(s) at 159
08-21 00:10:53.808 W/skia    (  477): AGTM parsing failed flags.readFromStream(s) at 159
08-21 00:10:53.811 W/ProcessStats(  642): Tracking association SourceState{8566c94 com.google.android.gms.persistent/10227 ImpBg #7573} whose proc state 6 is better than process ProcessState{510e987 com.google.android.gms/10227 pkg=com.google.android.gms} proc state 14 (0 skipped)
08-21 00:10:53.811 I/NetworkScheduler.Stats( 1285): (REDACTED) Task %s/%s started execution. cause:%s exec_start_elapsed_seconds: %s
08-21 00:10:53.814 I/NetworkScheduler.Stats( 1285): (REDACTED) Task %s/%s finished executing. cause:%s result: %s elapsed_millis: %s uptime_millis: %s exec_start_elapsed_seconds: %s
08-21 00:10:53.824 W/skia    (  477): AGTM parsing failed flags.readFromStream(s) at 159
08-21 00:10:53.824 W/skia    (  477): AGTM parsing failed flags.readFromStream(s) at 159
08-21 00:10:53.824 W/skia    (  477): AGTM parsing failed flags.readFromStream(s) at 159
08-21 00:10:53.824 W/skia    (  477): AGTM parsing failed flags.readFromStream(s) at 159
08-21 00:10:53.824 W/skia    (  477): AGTM parsing failed flags.readFromStream(s) at 159
08-21 00:10:53.824 W/skia    (  477): AGTM parsing failed flags.readFromStream(s) at 159
08-21 00:10:53.824 W/skia    (  477): AGTM parsing failed flags.readFromStream(s) at 159
08-21 00:10:53.839 W/skia    (  477): AGTM parsing failed flags.readFromStream(s) at 159
08-21 00:10:53.839 W/skia    (  477): AGTM parsing failed flags.readFromStream(s) at 159
08-21 00:10:53.839 W/skia    (  477): AGTM parsing failed flags.readFromStream(s) at 159
08-21 00:10:53.839 W/skia    (  477): AGTM parsing failed flags.readFromStream(s) at 159
08-21 00:10:53.839 W/skia    (  477): AGTM parsing failed flags.readFromStream(s) at 159
08-21 00:10:53.839 W/skia    (  477): AGTM parsing failed flags.readFromStream(s) at 159
08-21 00:10:53.839 W/skia    (  477): AGTM parsing failed flags.readFromStream(s) at 159
08-21 00:10:53.909 W/skia    (  477): AGTM parsing failed flags.readFromStream(s) at 159
08-21 00:10:53.909 W/skia    (  477): AGTM parsing failed flags.readFromStream(s) at 159
08-21 00:10:53.909 W/skia    (  477): AGTM parsing failed flags.readFromStream(s) at 159
08-21 00:10:54.387 I/HalDevMgr(  642): bestIfaceCreationProposal is null, requestIface=STA, existingIface=[name=wlan0 type=STA]
08-21 00:10:54.638 I/adbd    (  479): adbd service requested 'shell,v2,TERM=xterm-256color,raw:cat /sdcard/notif4.xml'
08-21 00:10:57.394 I/HalDevMgr(  642): bestIfaceCreationProposal is null, requestIface=STA, existingIface=[name=wlan0 type=STA]
08-21 00:10:57.825 I/adbd    (  479): adbd service requested 'exec:screencap '-p''
08-21 00:10:57.857 W/libbinder.BackendUnifiedServiceManager(14935): Thread Pool max thread count is 0. Cannot cache binder as linkToDeath cannot be implemented. serviceName: SurfaceFlingerAIDL
08-21 00:10:57.857 W/libbinder.BpBinder(14935): Linking to death on android.gui.ISurfaceComposer but there are no threads (yet?) listening to incoming transactions. See ProcessState::startThreadPool and ProcessState::setThreadPoolMaxThreadCount. Generally you should setup the binder threadpool before other initialization steps.
08-21 00:10:57.857 W/libbinder.ProcessState(14935): Extra binder thread started, but 0 threads requested. Do not use *startThreadPool when zero threads are requested.
08-21 00:10:57.859 W/skia    (  477): AGTM parsing failed flags.readFromStream(s) at 159
08-21 00:10:57.859 W/skia    (  477): AGTM parsing failed flags.readFromStream(s) at 159
08-21 00:10:57.859 W/skia    (  477): AGTM parsing failed flags.readFromStream(s) at 159
08-21 00:10:57.859 W/skia    (  477): AGTM parsing failed flags.readFromStream(s) at 159
08-21 00:10:57.859 W/skia    (  477): AGTM parsing failed flags.readFromStream(s) at 159
08-21 00:10:57.869 W/libc    (14935): Access denied finding property "vendor.mesa.virtgpu.kumquat"
08-21 00:10:58.025 I/adbd    (  479): adbd service requested 'shell,v2,TERM=xterm-256color,raw:uiautomator dump /sdcard/uinav-a687b63b529d4341a1c8430d81e28c6c.xml'
08-21 00:10:58.051 D/AndroidRuntime(14937): >>>>>> START com.android.internal.os.RuntimeInit uid 2000 <<<<<<
08-21 00:10:58.053 I/AndroidRuntime(14937): Using default boot image
08-21 00:10:58.053 I/AndroidRuntime(14937): Leaving lock profiling enabled
08-21 00:10:58.054 I/app_process(14937): Core platform API enforcement enabled from the hiddenapi_platform_enforcement flag and the device API level
08-21 00:10:58.054 I/app_process(14937): Using generational CollectorTypeCMC GC.
08-21 00:10:58.068 D/nativeloader(14937): InitDefaultPublicLibraries for_preload=1: libandroid.so:libaaudio.so:libamidi.so:libbinder_ndk.so:libc.so:libcamera2ndk.so:libdl.so:libEGL.so:libGLESv1_CM.so:libGLESv2.so:libGLESv3.so:libicu.so:libicui18n.so:libicuuc.so:libjnigraphics.so:liblog.so:libmediandk.so:libm.so:libnativehelper.so:libnativewindow.so:libOpenMAXAL.so:libOpenSLES.so:libRS.so:libstdc++.so:libsync.so:libvulkan.so:libwebviewchromium_plat_support.so:libz.so
08-21 00:10:58.071 D/nativeloader(14937): Load libicu_jni.so using APEX ns com_android_art for caller /apex/com.android.art/javalib/core-oj.jar: ok
08-21 00:10:58.071 D/app_process(14937): u_setTimeZoneFilesDirectory("/apex/com.android.tzdata/etc/tz/versioned/10/icu") succeeded. 
08-21 00:10:58.071 D/app_process(14937): I18n APEX ICU file found: /apex/com.android.i18n/etc/icu/icudt78l.dat
08-21 00:10:58.072 D/nativeloader(14937): Load libjavacore.so using APEX ns com_android_art for caller /apex/com.android.art/javalib/core-oj.jar: ok
08-21 00:10:58.072 D/nativeloader(14937): Load libopenjdk.so using APEX ns com_android_art for caller /apex/com.android.art/javalib/core-oj.jar: ok
08-21 00:10:58.072 I/app_process(14937): Priority-to-niceness mapping: 19, 16, 13, 10, 0, -2, -4, -5, -6, -8
08-21 00:10:58.073 W/app_process(14937): ClassLoaderContext shared library size mismatch. Expected=2, found=0 (PCL[]{PCL[/system/framework/android.test.base.jar*736588042]#PCL[/system/framework/android.test.mock.jar*4008448454]} | PCL[])
08-21 00:10:58.073 W/app_process(14937): ClassLoaderContext classpath size mismatch. expected=0, found=1 (PCL[]{PCL[/system/framework/android.test.runner.jar*805256125]{PCL[/system/framework/android.test.base.jar*736588042]#PCL[/system/framework/android.test.mock.jar*4008448454]}#PCL[/system/framework/android.test.base.jar*736588042]} | PCL[/system/framework/android.test.runner.jar*805256125])
08-21 00:10:58.079 D/nativeloader(14937): Load libframework-connectivity-tiramisu-jni.so using APEX ns com_android_tethering for caller /apex/com.android.tethering/javalib/framework-connectivity-t.jar: ok
08-21 00:10:58.079 D/AndroidRuntime(14937): Calling main entry com.android.commands.uiautomator.Launcher
08-21 00:10:58.080 I/AconfigPackage(14937): android.media.swcodec.flags is mapped to com.android.media.swcodec
08-21 00:10:58.080 I/AconfigPackage(14937): com.android.permission.flags is mapped to com.android.permission
08-21 00:10:58.080 I/AconfigPackage(14937): com.android.permissioncontroller.flags is mapped to com.android.permission
08-21 00:10:58.080 I/AconfigPackage(14937): com.google.android.widevine.flags is mapped to com.google.android.widevine
08-21 00:10:58.080 I/AconfigPackage(14937): com.android.icu is mapped to com.android.i18n
08-21 00:10:58.080 I/AconfigPackage(14937): com.android.appsearch.flags is mapped to com.android.appsearch
08-21 00:10:58.080 I/AconfigPackage(14937): com.android.uprobestats.flags is mapped to com.android.uprobestats
08-21 00:10:58.080 I/AconfigPackage(14937): android.uprobestats.mainline.flags is mapped to com.android.uprobestats
08-21 00:10:58.080 I/AconfigPackage(14937): com.android.crashrecovery.flags is mapped to com.android.crashrecovery
08-21 00:10:58.080 I/AconfigPackage(14937): android.provider.flags is mapped to com.android.configinfrastructure
08-21 00:10:58.080 I/AconfigPackage(14937): com.android.server.deviceconfig is mapped to com.android.configinfrastructure
08-21 00:10:58.080 I/AconfigPackage(14937): com.android.art.flags is mapped to com.android.art
08-21 00:10:58.080 I/AconfigPackage(14937): com.android.art.rw.flags is mapped to com.android.art
08-21 00:10:58.080 I/AconfigPackage(14937): com.android.libcore is mapped to com.android.art
08-21 00:10:58.080 I/AconfigPackage(14937): android.telecom.flags is mapped to com.android.telephonycore
08-21 00:10:58.080 I/AconfigPackage(14937): com.android.internal.telecom.flags is mapped to com.android.telephonycore
08-21 00:10:58.080 I/AconfigPackage(14937): com.android.telephony.flags is mapped to com.android.telephonycore
08-21 00:10:58.080 I/AconfigPackage(14937): com.android.media.extractor.flags is mapped to com.android.media
08-21 00:10:58.080 I/AconfigPackage(14937): com.android.media.metrics.flags is mapped to com.android.media
08-21 00:10:58.080 I/AconfigPackage(14937): com.android.media.mainline.flags is mapped to com.android.media
08-21 00:10:58.080 I/AconfigPackage(14937): com.android.wifi.flags is mapped to com.android.wifi
08-21 00:10:58.080 I/AconfigPackage(14937): com.android.org.conscrypt.flags is mapped to com.android.conscrypt
08-21 00:10:58.080 I/AconfigPackage(14937): com.android.org.conscrypt.net.flags is mapped to com.android.conscrypt
08-21 00:10:58.080 I/AconfigPackage(14937): com.android.healthfitness.flags is mapped to com.android.healthfitness
08-21 00:10:58.080 I/AconfigPackage(14937): com.android.ipsec.flags is mapped to com.android.ipsec
08-21 00:10:58.080 I/AconfigPackage(14937): com.android.nfc.module.flags is mapped to com.android.nfcservices
08-21 00:10:58.080 I/AconfigPackage(14937): com.android.nfc.module.nonexported.flags is mapped to com.android.nfcservices
08-21 00:10:58.080 I/AconfigPackage(14937): com.android.adservices.ondevicepersonalization.flags is mapped to com.android.ondevicepersonalization
08-21 00:10:58.080 I/AconfigPackage(14937): com.android.adbd.flags is mapped to com.android.adbd
08-21 00:10:58.080 I/AconfigPackage(14937): com.android.bluetooth.beta.flags is mapped to com.android.bt
08-21 00:10:58.080 I/AconfigPackage(14937): com.android.bluetooth.flags is mapped to com.android.bt
08-21 00:10:58.080 I/AconfigPackage(14937): com.android.devicelock.flags is mapped to com.android.devicelock
08-21 00:10:58.080 I/AconfigPackage(14937): android.os.profiling is mapped to com.android.profiling
08-21 00:10:58.080 I/AconfigPackage(14937): android.os.profiling.anomaly.flags is mapped to com.android.profiling
08-21 00:10:58.081 I/AconfigPackage(14937): com.android.os.statsd.flags is mapped to com.android.os.statsd
08-21 00:10:58.081 I/AconfigPackage(14937): com.android.webapp.flags is mapped to com.android.webapp
08-21 00:10:58.081 I/AconfigPackage(14937): com.android.rkpd.flags is mapped to com.android.rkpd
08-21 00:10:58.081 I/AconfigPackage(14937): com.android.cellbroadcastreceiver.flags is mapped to com.android.cellbroadcast
08-21 00:10:58.081 I/AconfigPackage(14937): com.android.adservices.flags is mapped to com.android.adservices
08-21 00:10:58.081 I/AconfigPackage(14937): com.android.sdksandbox.flags is mapped to com.android.adservices
08-21 00:10:58.081 I/AconfigPackage(14937): android.app.sdksandbox.flags is mapped to com.android.adservices
08-21 00:10:58.081 I/AconfigPackage(14937): com.android.uwb.flags is mapped to com.android.uwb
08-21 00:10:58.081 I/AconfigPackage(14937): com.android.ranging.flags is mapped to com.android.uwb
08-21 00:10:58.081 I/AconfigPackage(14937): com.android.npumanager is mapped to com.android.npumanager
08-21 00:10:58.081 I/AconfigPackage(14937): android.graphics.pdf.flags is mapped to com.android.mediaprovider
08-21 00:10:58.081 I/AconfigPackage(14937): com.android.providers.media.flags is mapped to com.android.mediaprovider
08-21 00:10:58.081 I/AconfigPackage(14937): android.graphics.pdf.flags.readonly is mapped to com.android.mediaprovider
08-21 00:10:58.081 I/AconfigPackage(14937): com.android.tethering.mainline.beta is mapped to com.android.tethering
08-21 00:10:58.081 I/AconfigPackage(14937): android.net.http is mapped to com.android.tethering
08-21 00:10:58.081 I/AconfigPackage(14937): com.android.tethering.readonly.flags is mapped to com.android.tethering
08-21 00:10:58.081 I/AconfigPackage(14937): android.net.vcn is mapped to com.android.tethering
08-21 00:10:58.081 I/AconfigPackage(14937): com.android.net.flags is mapped to com.android.tethering
08-21 00:10:58.081 I/AconfigPackage(14937): com.android.tethering.flags is mapped to com.android.tethering
08-21 00:10:58.081 I/AconfigPackage(14937): com.android.tethering.beta.test is mapped to com.android.tethering
08-21 00:10:58.081 I/AconfigPackage(14937): com.android.nearby.flags is mapped to com.android.tethering
08-21 00:10:58.081 I/AconfigPackage(14937): com.android.net.thread.flags is mapped to com.android.tethering
08-21 00:10:58.081 I/AconfigPackage(14937): com.android.net.ct.flags is mapped to com.android.tethering
08-21 00:10:58.081 I/AconfigPackage(14937): com.android.system.virtualmachine.flags is mapped to com.android.virt
08-21 00:10:58.081 E/FeatureFlagsImplExport(14937): android.os.flagging.AconfigStorageReadException: ERROR_PACKAGE_NOT_FOUND: package android.xr cannot be found on the device
08-21 00:10:58.082 D/UiAutomationConnection(14937): Created on user UserHandle{0}
08-21 00:10:58.082 I/UiAutomation(14937): Initialized for user 0 on display 0
08-21 00:10:58.082 W/UiAutomation(14937): Created with deprecatead constructor, assumes DEFAULT_DISPLAY
08-21 00:10:58.083 D/AccessibilityManagerService(  642): changeCurrentUserForTestAutomationIfNeededLocked(0): ignoring because device doesn't support visible background users
08-21 00:10:58.083 I/UiAutomationManager(  642): Registering UiTestAutomationService (id=com.android.server.accessibility/UiAutomation, flags=0x0) when called by user 0
08-21 00:10:58.083 V/AccessibilityManagerService(  642): onUserStateChangedLocked for userId: 0, forceUpdate: false
08-21 00:10:58.083 V/AccessibilityUserState(  642): updateShortcutTargets: type:accessibility_shortcut_target_service, current:{}, new:{}
08-21 00:10:58.083 V/AccessibilityUserState(  642): updateShortcutTargets: type:accessibility_button_targets, current:{}, new:{}
08-21 00:10:58.083 V/AccessibilityUserState(  642): updateShortcutTargets: type:accessibility_gesture_targets, current:{}, new:{}
08-21 00:10:58.083 V/AccessibilityUserState(  642): updateShortcutTargets: type:accessibility_qs_targets, current:{}, new:{}
08-21 00:10:58.083 V/AccessibilityUserState(  642): updateShortcutTargets: type:accessibility_key_gesture_targets, current:{}, new:{}
08-21 00:10:58.083 V/AccessibilityUserState(  642): updateShortcutTargets: type:accessibility_top_row_key_targets, current:{}, new:{}
08-21 00:10:58.083 V/AccessibilityUserState(  642): updateShortcutTargets: type:accessibility_quick_access_targets, current:{}, new:{}
08-21 00:10:58.083 W/MagnificationConnectionManager(  642): requestConnection duplicated request: connect=false, mConnectionState=DISCONNECTED
08-21 00:10:58.083 I/AiAiEcho( 1655): Settings changed for uri: content://settings/secure/accessibility_enabled
08-21 00:10:58.083 I/AiAiEcho( 1655): Predicting[0]:  [CONTEXT sampling_count=5 ]
08-21 00:10:58.083 I/AiAiEcho( 1655): EchoTargets: 
08-21 00:10:58.083 I/AiAiEcho( 1655): Filtered by AiAi flag check: 
08-21 00:10:58.083 I/AiAiEcho( 1655): [CONTEXT ratelimit_period="10 SECONDS" ]
08-21 00:10:58.084 I/AiAiEcho( 1655): #remoteViewsTwiddler: feature disabled.
08-21 00:10:58.084 I/AiAiEcho( 1655): Predicting[0]:  [CONTEXT sampling_count=5 ]
08-21 00:10:58.084 I/AiAiEcho( 1655): EchoTargets: 
08-21 00:10:58.084 I/AiAiEcho( 1655): Filtered by AiAi flag check: 
08-21 00:10:58.084 I/AiAiEcho( 1655): [CONTEXT ratelimit_period="10 SECONDS" ]
08-21 00:10:58.084 I/AiAiEcho( 1655): #remoteViewsTwiddler: feature disabled.
08-21 00:10:58.084 I/AiAiEcho( 1655): Predicting[0]:  [CONTEXT sampling_count=5 ]
08-21 00:10:58.084 I/AiAiEcho( 1655): EchoTargets: 
08-21 00:10:58.084 I/AiAiEcho( 1655): Filtered by AiAi flag check: 
08-21 00:10:58.084 I/AiAiEcho( 1655): [CONTEXT ratelimit_period="10 SECONDS" ]
08-21 00:10:58.084 I/AiAiEcho( 1655): #remoteViewsTwiddler: feature disabled.
08-21 00:10:58.084 W/libbinder.IPCThreadState(  642): Sending oneway calls to frozen process.
08-21 00:10:58.084 W/libbinder.IPCThreadState(  642): Sending oneway calls to frozen process.
08-21 00:10:58.084 W/libbinder.IPCThreadState(  642): Sending oneway calls to frozen process.
08-21 00:10:58.084 W/libbinder.IPCThreadState(  642): Sending oneway calls to frozen process.
08-21 00:10:58.085 W/libbinder.IPCThreadState(  642): Sending oneway calls to frozen process.
08-21 00:10:58.085 W/libbinder.IPCThreadState(  642): Sending oneway calls to frozen process.
08-21 00:10:58.085 W/libbinder.IPCThreadState(  642): Sending oneway calls to frozen process.
08-21 00:10:58.085 W/libbinder.IPCThreadState(  642): Sending oneway calls to frozen process.
08-21 00:10:58.085 W/libbinder.IPCThreadState(  642): Sending oneway calls to frozen process.
08-21 00:10:58.085 V/AccessibilityManagerService(  642): onUserStateChangedLocked for userId: 0, forceUpdate: false
08-21 00:10:58.085 I/AiAiEcho( 1655): #postPredictionTargets: Sending updates to UISurface lockscreen with targets# 0 (types=[])
08-21 00:10:58.085 I/AiAiEcho( 1655): #postPredictionTargets: Sending updates to UISurface ambientcue with targets# 0 (types=[])
08-21 00:10:58.085 W/libbinder.IPCThreadState(  642): Sending oneway calls to frozen process.
08-21 00:10:58.085 W/libbinder.IPCThreadState(  642): Sending oneway calls to frozen process.
08-21 00:10:58.086 W/libbinder.IPCThreadState(  642): Sending oneway calls to frozen process.
08-21 00:10:58.086 I/AmbientCueRepository(  894): Receiving SmartSpace targets # 0
08-21 00:10:58.086 V/AccessibilityUserState(  642): updateShortcutTargets: type:accessibility_shortcut_target_service, current:{}, new:{}
08-21 00:10:58.086 V/AccessibilityUserState(  642): updateShortcutTargets: type:accessibility_button_targets, current:{}, new:{}
08-21 00:10:58.086 V/AccessibilityUserState(  642): updateShortcutTargets: type:accessibility_gesture_targets, current:{}, new:{}
08-21 00:10:58.086 V/AccessibilityUserState(  642): updateShortcutTargets: type:accessibility_qs_targets, current:{}, new:{}
08-21 00:10:58.086 V/AccessibilityUserState(  642): updateShortcutTargets: type:accessibility_key_gesture_targets, current:{}, new:{}
08-21 00:10:58.086 V/AccessibilityUserState(  642): updateShortcutTargets: type:accessibility_top_row_key_targets, current:{}, new:{}
08-21 00:10:58.086 V/AccessibilityUserState(  642): updateShortcutTargets: type:accessibility_quick_access_targets, current:{}, new:{}
08-21 00:10:58.086 I/AiAiEcho( 1655): #postPredictionTargets: Sending updates to UISurface home with targets# 0 (types=[])
08-21 00:10:58.086 W/MagnificationConnectionManager(  642): requestConnection duplicated request: connect=false, mConnectionState=DISCONNECTED
08-21 00:10:58.086 I/AiAiEcho( 1655): Settings changed for uri: content://settings/secure/accessibility_enabled
08-21 00:10:58.086 I/AiAiEcho( 1655): Predicting[0]:  [CONTEXT sampling_count=5 ]
08-21 00:10:58.086 I/AiAiEcho( 1655): EchoTargets: 
08-21 00:10:58.086 I/AiAiEcho( 1655): Filtered by AiAi flag check: 
08-21 00:10:58.086 I/AiAiEcho( 1655): [CONTEXT ratelimit_period="10 SECONDS" ]
08-21 00:10:58.086 I/AiAiEcho( 1655): #remoteViewsTwiddler: feature disabled.
08-21 00:10:58.086 I/AiAiEcho( 1655): Predicting[0]:  [CONTEXT sampling_count=5 ]
08-21 00:10:58.086 W/libbinder.IPCThreadState(  642): Sending oneway calls to frozen process.
08-21 00:10:58.086 W/libbinder.IPCThreadState(  642): Sending oneway calls to frozen process.
08-21 00:10:58.086 W/libbinder.IPCThreadState(  642): Sending oneway calls to frozen process.
08-21 00:10:58.086 W/libbinder.IPCThreadState(  642): Sending oneway calls to frozen process.
08-21 00:10:58.086 W/libbinder.IPCThreadState(  642): Sending oneway calls to frozen process.
08-21 00:10:58.086 W/libbinder.IPCThreadState(  642): Sending oneway calls to frozen process.
08-21 00:10:58.086 I/AiAiEcho( 1655): EchoTargets: 
08-21 00:10:58.086 I/AiAiEcho( 1655): Filtered by AiAi flag check: 
08-21 00:10:58.086 I/AiAiEcho( 1655): [CONTEXT ratelimit_period="10 SECONDS" ]
08-21 00:10:58.086 W/libbinder.IPCThreadState(  642): Sending oneway calls to frozen process.
08-21 00:10:58.086 W/libbinder.IPCThreadState(  642): Sending oneway calls to frozen process.
08-21 00:10:58.087 W/libbinder.IPCThreadState(  642): Sending oneway calls to frozen process.
08-21 00:10:58.087 W/libbinder.IPCThreadState(  642): Sending oneway calls to frozen process.
08-21 00:10:58.087 W/libbinder.IPCThreadState(  642): Sending oneway calls to frozen process.
08-21 00:10:58.087 I/AiAiEcho( 1655): #remoteViewsTwiddler: feature disabled.
08-21 00:10:58.087 I/AiAiEcho( 1655): Predicting[0]:  [CONTEXT sampling_count=5 ]
08-21 00:10:58.087 W/libbinder.IPCThreadState(  642): Sending oneway calls to frozen process.
08-21 00:10:58.087 W/libbinder.IPCThreadState(  642): Sending oneway calls to frozen process.
08-21 00:10:58.087 W/libbinder.IPCThreadState(  642): Sending oneway calls to frozen process.
08-21 00:10:58.087 W/libbinder.IPCThreadState(  642): Sending oneway calls to frozen process.
08-21 00:10:58.087 W/libbinder.IPCThreadState(  642): Sending oneway calls to frozen process.
08-21 00:10:58.087 W/libbinder.IPCThreadState(  642): Sending oneway calls to frozen process.
08-21 00:10:58.087 I/AiAiEcho( 1655): EchoTargets: 
08-21 00:10:58.087 I/AiAiEcho( 1655): Filtered by AiAi flag check: 
08-21 00:10:58.087 I/AiAiEcho( 1655): [CONTEXT ratelimit_period="10 SECONDS" ]
08-21 00:10:58.087 I/AiAiEcho( 1655): #remoteViewsTwiddler: feature disabled.
08-21 00:10:58.087 I/AiAiEcho( 1655): #postPredictionTargets: Sending updates to UISurface lockscreen with targets# 0 (types=[])
08-21 00:10:58.087 W/libbinder.IPCThreadState(  642): Sending oneway calls to frozen process.
08-21 00:10:58.087 D/BatterySaverPolicy(  642): accessibility changed to true, updating policy.
08-21 00:10:58.087 I/AiAiEcho( 1655): #postPredictionTargets: Sending updates to UISurface ambientcue with targets# 0 (types=[])
08-21 00:10:58.087 I/AmbientCueRepository(  894): Receiving SmartSpace targets # 0
08-21 00:10:58.088 I/AiAiEcho( 1655): #postPredictionTargets: Sending updates to UISurface home with targets# 0 (types=[])
08-21 00:10:58.088 D/AccessibilityManagerService(  642): .getAccessibilityShortcutTargets {shortcutType=32, userId=0}
08-21 00:10:58.090 W/skia    (  477): AGTM parsing failed flags.readFromStream(s) at 159
08-21 00:10:58.090 W/skia    (  477): AGTM parsing failed flags.readFromStream(s) at 159
08-21 00:10:58.090 W/skia    (  477): AGTM parsing failed flags.readFromStream(s) at 159
08-21 00:10:58.106 D/SsBaseTemplateCard( 1043): Passed-in item info is null
08-21 00:10:58.107 D/SsBaseTemplateCard( 1043): Passed-in item info is null
08-21 00:10:58.107 D/SsBaseTemplateCard( 1043): Passed-in item info is null
08-21 00:10:58.107 D/SsBaseTemplateCard( 1043): Passed-in item info is null
08-21 00:10:58.107 I/SsBaseTemplateCard( 1043): Secondary card pane is null
08-21 00:10:58.123 W/skia    (  477): AGTM parsing failed flags.readFromStream(s) at 159
08-21 00:10:58.123 W/skia    (  477): AGTM parsing failed flags.readFromStream(s) at 159
08-21 00:10:58.123 W/skia    (  477): AGTM parsing failed flags.readFromStream(s) at 159
08-21 00:10:58.124 W/skia    (  477): AGTM parsing failed flags.readFromStream(s) at 159
08-21 00:10:58.124 W/skia    (  477): AGTM parsing failed flags.readFromStream(s) at 159
08-21 00:10:58.124 W/skia    (  477): AGTM parsing failed flags.readFromStream(s) at 159
08-21 00:10:58.124 W/skia    (  477): AGTM parsing failed flags.readFromStream(s) at 159
08-21 00:10:58.193 W/skia    (  477): AGTM parsing failed flags.readFromStream(s) at 159
08-21 00:10:58.193 W/skia    (  477): AGTM parsing failed flags.readFromStream(s) at 159
08-21 00:10:58.193 W/skia    (  477): AGTM parsing failed flags.readFromStream(s) at 159
08-21 00:10:59.067 I/wpa_supplicant(  880): wlan0: CTRL-EVENT-BEACON-LOSS 
08-21 00:10:59.090 W/View    (  894): couldn't find view with id 16909415
08-21 00:10:59.093 W/MediaProvider( 1618): isAppCloneUserPair for user 0: false
08-21 00:10:59.095 I/AccessibilityNodeInfoDumper(14937): Skipping invisible child: android.view.accessibility.AccessibilityNodeInfo@2179b3; boundsInParent: Rect(0, 0 - 144, 0); boundsInScreen: Rect(48, 735 - 192, 735); boundsInWindow: Rect(48, 735 - 192, 735); packageName: com.android.systemui; className: android.widget.Button; text: null; error: null; maxTextLength: -1; stateDescription: null; contentDescription: null; tooltipText: null; containerTitle: null; viewIdResName: com.android.systemui:id/veto; uniqueId: null; checkable: false; checked: false; focusable: true; focused: false; selected: false; clickable: true; longClickable: false; contextClickable: false; enabled: true; password: false; scrollable: false; granularScrollingSupported: false; importantForAccessibility: true; visible: false; actions: [AccessibilityAction: ACTION_FOCUS - null, AccessibilityAction: ACTION_SELECT - null, AccessibilityAction: ACTION_CLEAR_SELECTION - null, AccessibilityAction: ACTION_CLICK - null, AccessibilityAction: ACTION_ACCESSIBILITY_FOCUS - null, AccessibilityAction: ACTION_SHOW_ON_SCREEN - null]; isTextSelectable: false
08-21 00:10:59.102 I/AccessibilityNodeInfoDumper(14937): Skipping invisible child: android.view.accessibility.AccessibilityNodeInfo@1a3f8; boundsInParent: Rect(0, 0 - 406, 156); boundsInScreen: Rect(890, 0 - 1296, 156); boundsInWindow: Rect(890, 0 - 1296, 156); packageName: com.android.systemui; className: android.widget.LinearLayout; text: null; error: null; maxTextLength: -1; stateDescription: null; contentDescription: null; tooltipText: null; containerTitle: null; viewIdResName: com.android.systemui:id/carrier_group; uniqueId: null; checkable: false; checked: false; focusable: false; focused: false; selected: false; clickable: false; longClickable: false; contextClickable: false; enabled: true; password: false; scrollable: false; granularScrollingSupported: false; importantForAccessibility: true; visible: false; actions: [AccessibilityAction: ACTION_SELECT - null, AccessibilityAction: ACTION_CLEAR_SELECTION - null, AccessibilityAction: ACTION_ACCESSIBILITY_FOCUS - null, AccessibilityAction: ACTION_SHOW_ON_SCREEN - null]; isTextSelectable: false
08-21 00:10:59.104 I/AccessibilityNodeInfoDumper(14937): Skipping invisible child: android.view.accessibility.AccessibilityNodeInfo@d2e4b; boundsInParent: Rect(0, 0 - 0, 0); boundsInScreen: Rect(1036, 78 - 1036, 78); boundsInWindow: Rect(1036, 78 - 1036, 78); packageName: com.android.systemui; className: android.widget.FrameLayout; text: null; error: null; maxTextLength: -1; stateDescription: null; contentDescription: null; tooltipText: null; containerTitle: null; viewIdResName: null; uniqueId: null; checkable: false; checked: false; focusable: false; focused: false; selected: false; clickable: false; longClickable: false; contextClickable: false; enabled: true; password: false; scrollable: false; granularScrollingSupported: false; importantForAccessibility: false; visible: false; actions: [AccessibilityAction: ACTION_SELECT - null, AccessibilityAction: ACTION_CLEAR_SELECTION - null, AccessibilityAction: ACTION_ACCESSIBILITY_FOCUS - null, AccessibilityAction: ACTION_SHOW_ON_SCREEN - null]; isTextSelectable: false
08-21 00:10:59.104 I/AccessibilityNodeInfoDumper(14937): Skipping invisible child: android.view.accessibility.AccessibilityNodeInfo@d1f47; boundsInParent: Rect(0, 0 - 0, 0); boundsInScreen: Rect(1036, 78 - 1036, 78); boundsInWindow: Rect(1036, 78 - 1036, 78); packageName: com.android.systemui; className: android.widget.FrameLayout; text: null; error: null; maxTextLength: -1; stateDescription: null; contentDescription: null; tooltipText: null; containerTitle: null; viewIdResName: null; uniqueId: null; checkable: false; checked: false; focusable: false; focused: false; selected: false; clickable: false; longClickable: false; contextClickable: false; enabled: true; password: false; scrollable: false; granularScrollingSupported: false; importantForAccessibility: false; visible: false; actions: [AccessibilityAction: ACTION_SELECT - null, AccessibilityAction: ACTION_CLEAR_SELECTION - null, AccessibilityAction: ACTION_ACCESSIBILITY_FOCUS - null, AccessibilityAction: ACTION_SHOW_ON_SCREEN - null]; isTextSelectable: false
08-21 00:10:59.105 I/AccessibilityNodeInfoDumper(14937): Skipping invisible child: android.view.accessibility.AccessibilityNodeInfo@297f9; boundsInParent: Rect(0, 0 - 0, 156); boundsInScreen: Rect(1260, 0 - 1260, 156); boundsInWindow: Rect(1260, 0 - 1260, 156); packageName: com.android.systemui; className: android.widget.FrameLayout; text: null; error: null; maxTextLength: -1; stateDescription: null; contentDescription: null; tooltipText: null; containerTitle: null; viewIdResName: com.android.systemui:id/privacy_container; uniqueId: null; checkable: false; checked: false; focusable: false; focused: false; selected: false; clickable: false; longClickable: false; contextClickable: false; enabled: true; password: false; scrollable: false; granularScrollingSupported: false; importantForAccessibility: false; visible: false; actions: [AccessibilityAction: ACTION_SELECT - null, AccessibilityAction: ACTION_CLEAR_SELECTION - null, AccessibilityAction: ACTION_ACCESSIBILITY_FOCUS - null, AccessibilityAction: ACTION_SHOW_ON_SCREEN - null]; isTextSelectable: false
08-21 00:10:59.105 W/AccessibilityNodeInfoDumper(14937): Fetch time: 14ms
08-21 00:10:59.106 V/AccessibilityManagerService(  642): onUserStateChangedLocked for userId: 0, forceUpdate: false
08-21 00:10:59.106 V/AccessibilityUserState(  642): updateShortcutTargets: type:accessibility_shortcut_target_service, current:{}, new:{}
08-21 00:10:59.107 V/AccessibilityUserState(  642): updateShortcutTargets: type:accessibility_button_targets, current:{}, new:{}
08-21 00:10:59.107 V/AccessibilityUserState(  642): updateShortcutTargets: type:accessibility_gesture_targets, current:{}, new:{}
08-21 00:10:59.107 V/AccessibilityUserState(  642): updateShortcutTargets: type:accessibility_qs_targets, current:{}, new:{}
08-21 00:10:59.107 V/AccessibilityUserState(  642): updateShortcutTargets: type:accessibility_key_gesture_targets, current:{}, new:{}
08-21 00:10:59.107 V/AccessibilityUserState(  642): updateShortcutTargets: type:accessibility_top_row_key_targets, current:{}, new:{}
08-21 00:10:59.107 V/AccessibilityUserState(  642): updateShortcutTargets: type:accessibility_quick_access_targets, current:{}, new:{}
08-21 00:10:59.107 W/MagnificationConnectionManager(  642): requestConnection duplicated request: connect=false, mConnectionState=DISCONNECTED
08-21 00:10:59.107 D/AccessibilityManagerService(  642): restoreCurrentUserForTestAutomationIfNeededLocked(): ignoring because device doesn't support visible background users
08-21 00:10:59.107 D/AndroidRuntime(14937): Shutting down VM
08-21 00:10:59.107 W/libbinder.IPCThreadState(  642): Sending oneway calls to frozen process.
08-21 00:10:59.107 W/libbinder.IPCThreadState(  642): Sending oneway calls to frozen process.
08-21 00:10:59.107 W/libbinder.IPCThreadState(  642): Sending oneway calls to frozen process.
08-21 00:10:59.107 I/AiAiEcho( 1655): Settings changed for uri: content://settings/secure/accessibility_enabled
08-21 00:10:59.107 W/libbinder.IPCThreadState(  642): Sending oneway calls to frozen process.
08-21 00:10:59.107 W/libbinder.IPCThreadState(  642): Sending oneway calls to frozen process.
08-21 00:10:59.107 W/libbinder.IPCThreadState(  642): Sending oneway calls to frozen process.
08-21 00:10:59.107 I/AiAiEcho( 1655): Predicting[0]:  [CONTEXT sampling_count=5 ]
08-21 00:10:59.107 W/libbinder.IPCThreadState(14937): call to talkWithDriver in joinThreadPool returned error: -9 (Bad file descriptor), FD: -1
08-21 00:10:59.107 W/libbinder.IPCThreadState(14937): call to talkWithDriver in joinThreadPool returned error: -9 (Bad file descriptor), FD: -1
08-21 00:10:59.107 W/libbinder.IPCThreadState(14937): call to talkWithDriver in joinThreadPool returned error: -9 (Bad file descriptor), FD: -1
08-21 00:10:59.108 W/libbinder.IPCThreadState(  642): Sending oneway calls to frozen process.
08-21 00:10:59.108 W/libbinder.IPCThreadState(  642): Sending oneway calls to frozen process.
08-21 00:10:59.108 W/libbinder.IPCThreadState(  642): Sending oneway calls to frozen process.
08-21 00:10:59.108 I/AiAiEcho( 1655): EchoTargets: 
08-21 00:10:59.108 I/AiAiEcho( 1655): Filtered by AiAi flag check: 
08-21 00:10:59.108 I/AiAiEcho( 1655): [CONTEXT ratelimit_period="10 SECONDS" ]
08-21 00:10:59.108 W/libbinder.IPCThreadState(  642): Sending oneway calls to frozen process.
08-21 00:10:59.108 W/libbinder.IPCThreadState(  642): Sending oneway calls to frozen process.
08-21 00:10:59.108 W/libbinder.IPCThreadState(  642): Sending oneway calls to frozen process.
08-21 00:10:59.109 I/AiAiEcho( 1655): #remoteViewsTwiddler: feature disabled.
08-21 00:10:59.109 I/AiAiEcho( 1655): Predicting[0]:  [CONTEXT sampling_count=5 ]
08-21 00:10:59.110 I/AiAiEcho( 1655): EchoTargets: 
08-21 00:10:59.110 I/AiAiEcho( 1655): Filtered by AiAi flag check: 
08-21 00:10:59.110 I/AiAiEcho( 1655): [CONTEXT ratelimit_period="10 SECONDS" ]
08-21 00:10:59.110 I/AiAiEcho( 1655): #remoteViewsTwiddler: feature disabled.
08-21 00:10:59.110 I/AiAiEcho( 1655): Predicting[0]:  [CONTEXT sampling_count=5 ]
08-21 00:10:59.110 I/AiAiEcho( 1655): EchoTargets: 
08-21 00:10:59.110 I/AiAiEcho( 1655): Filtered by AiAi flag check: 
08-21 00:10:59.110 I/AiAiEcho( 1655): [CONTEXT ratelimit_period="10 SECONDS" ]
08-21 00:10:59.110 I/AiAiEcho( 1655): #remoteViewsTwiddler: feature disabled.
08-21 00:10:59.110 I/AiAiEcho( 1655): #postPredictionTargets: Sending updates to UISurface lockscreen with targets# 0 (types=[])
08-21 00:10:59.110 I/AiAiEcho( 1655): #postPredictionTargets: Sending updates to UISurface ambientcue with targets# 0 (types=[])
08-21 00:10:59.110 I/AiAiEcho( 1655): #postPredictionTargets: Sending updates to UISurface home with targets# 0 (types=[])
08-21 00:10:59.110 I/AmbientCueRepository(  894): Receiving SmartSpace targets # 0
08-21 00:10:59.112 W/libbinder.IPCThreadState(  642): Sending oneway calls to frozen process.
08-21 00:10:59.112 W/libbinder.IPCThreadState(  642): Sending oneway calls to frozen process.
08-21 00:10:59.112 W/libbinder.IPCThreadState(  642): Sending oneway calls to frozen process.
08-21 00:10:59.112 W/libbinder.IPCThreadState(  642): Sending oneway calls to frozen process.
08-21 00:10:59.112 W/libbinder.IPCThreadState(  642): Sending oneway calls to frozen process.
08-21 00:10:59.112 W/libbinder.IPCThreadState(  642): Sending oneway calls to frozen process.
08-21 00:10:59.112 D/BatterySaverPolicy(  642): accessibility changed to false, updating policy.
08-21 00:10:59.125 W/skia    (  477): AGTM parsing failed flags.readFromStream(s) at 159
08-21 00:10:59.125 W/skia    (  477): AGTM parsing failed flags.readFromStream(s) at 159
08-21 00:10:59.125 W/skia    (  477): AGTM parsing failed flags.readFromStream(s) at 159
08-21 00:10:59.125 W/skia    (  477): AGTM parsing failed flags.readFromStream(s) at 159
08-21 00:10:59.125 W/skia    (  477): AGTM parsing failed flags.readFromStream(s) at 159
08-21 00:10:59.125 W/skia    (  477): AGTM parsing failed flags.readFromStream(s) at 159
08-21 00:10:59.125 W/skia    (  477): AGTM parsing failed flags.readFromStream(s) at 159
08-21 00:10:59.127 D/SsBaseTemplateCard( 1043): Passed-in item info is null
08-21 00:10:59.127 D/SsBaseTemplateCard( 1043): Passed-in item info is null
08-21 00:10:59.127 D/SsBaseTemplateCard( 1043): Passed-in item info is null
08-21 00:10:59.127 D/SsBaseTemplateCard( 1043): Passed-in item info is null
08-21 00:10:59.127 I/SsBaseTemplateCard( 1043): Secondary card pane is null
08-21 00:10:59.128 W/skia    (  477): AGTM parsing failed flags.readFromStream(s) at 159
08-21 00:10:59.128 W/skia    (  477): AGTM parsing failed flags.readFromStream(s) at 159
08-21 00:10:59.128 W/skia    (  477): AGTM parsing failed flags.readFromStream(s) at 159
08-21 00:10:59.142 W/skia    (  477): AGTM parsing failed flags.readFromStream(s) at 159
08-21 00:10:59.142 W/skia    (  477): AGTM parsing failed flags.readFromStream(s) at 159
08-21 00:10:59.142 W/skia    (  477): AGTM parsing failed flags.readFromStream(s) at 159
08-21 00:10:59.142 W/skia    (  477): AGTM parsing failed flags.readFromStream(s) at 159
08-21 00:10:59.142 W/skia    (  477): AGTM parsing failed flags.readFromStream(s) at 159
08-21 00:10:59.142 W/skia    (  477): AGTM parsing failed flags.readFromStream(s) at 159
08-21 00:10:59.142 W/skia    (  477): AGTM parsing failed flags.readFromStream(s) at 159
08-21 00:10:59.161 W/skia    (  477): AGTM parsing failed flags.readFromStream(s) at 159
08-21 00:10:59.161 W/skia    (  477): AGTM parsing failed flags.readFromStream(s) at 159
08-21 00:10:59.161 W/skia    (  477): AGTM parsing failed flags.readFromStream(s) at 159
08-21 00:10:59.161 W/skia    (  477): AGTM parsing failed flags.readFromStream(s) at 159
08-21 00:10:59.161 W/skia    (  477): AGTM parsing failed flags.readFromStream(s) at 159
08-21 00:10:59.161 W/skia    (  477): AGTM parsing failed flags.readFromStream(s) at 159
08-21 00:10:59.161 W/skia    (  477): AGTM parsing failed flags.readFromStream(s) at 159
08-21 00:10:59.229 W/skia    (  477): AGTM parsing failed flags.readFromStream(s) at 159
08-21 00:10:59.229 W/skia    (  477): AGTM parsing failed flags.readFromStream(s) at 159
08-21 00:10:59.229 W/skia    (  477): AGTM parsing failed flags.readFromStream(s) at 159
08-21 00:10:59.947 I/adbd    (  479): adbd service requested 'exec:cat '/sdcard/uinav-a687b63b529d4341a1c8430d81e28c6c.xml''
08-21 00:10:59.968 I/adbd    (  479): adbd service requested 'shell,v2,TERM=xterm-256color,raw:rm -f /sdcard/uinav-a687b63b529d4341a1c8430d81e28c6c.xml'
08-21 00:10:59.974 I/MediaProvider( 1618): Deleted 0 0 0 0 0 0 1 items on external_primary due to com.android.shell
08-21 00:10:59.993 I/adbd    (  479): adbd service requested 'shell,v2,TERM=xterm-256color,raw:input tap 756 877'
08-21 00:11:00.008 I/LegacyActivityStarterInternalImpl(  894): shouldAnimateLaunch: isActivityIntent=true, showOverLockscreen=false, ignoreOcclusion=false, isInDesktopModeOnCurrentShadeDisplay=false, isDisplayDesktopFirst=false, isKeyguardShowing=false
08-21 00:11:00.008 I/LegacyActivityStarterInternalImpl(  894): Invoking dismissKeyguardThenExecute, afterKeyguardGone: false
08-21 00:11:00.009 W/AS.PlaybackActivityMon(  642): No piid assigned for invalid/internal port id 15
08-21 00:11:00.037 V/GrammaticalInflectionUtils(  642): AttributionSource: android.content.AttributionSource@e8567d59 does not have READ_SYSTEM_GRAMMATICAL_GENDER permission.
08-21 00:11:00.039 V/RecentTasksController(  894): Notify recent tasks changed
08-21 00:11:00.039 W/AS.PlaybackActivityMon(  642): No piid assigned for invalid/internal port id 15
08-21 00:11:00.039 D/RecentTasksList( 1043): invalidateLoadedTasks - previous requestLoadId: -1
08-21 00:11:00.040 V/ActivityTaskManager(  642): TaskLaunchParamsModifier: phase=3 task=Task{a09e9f7 #584 type=standard A=10252:com.izzes.nears} activity=ActivityRecord{52074020 u0 com.izzes.nears/.MainActivity t-1} display-from-task=0 display-id=0 task-display-area-windowing-mode=1 suggested-display-area=DefaultTaskDisplayArea@96464962 inherit-from-task=fullscreen non-freeform-task-display-area display-area=DefaultTaskDisplayArea@96464962 skip-bounds-fullscreen
08-21 00:11:00.040 I/ActivityTaskManager(  642): START u0 {act=android.intent.action.MAIN cat=[android.intent.category.LAUNCHER] flg=0x14000000 xflg=0x4 pkg=com.izzes.nears cmp=com.izzes.nears/.MainActivity (has extras)} with LAUNCH_SINGLE_TOP from uid 10252 (com.izzes.nears) (realCallingUid=10195) (BAL_ALLOW_NON_APP_VISIBLE_WINDOW [realCaller]) result code=2
08-21 00:11:00.040 I/ActivityTransitionAnimator(  894): launchResult=2 willAnimate=true hideKeyguardWithAnimation=false
08-21 00:11:00.040 V/GrammaticalInflectionUtils(  642): AttributionSource: android.content.AttributionSource@e8567d59 does not have READ_SYSTEM_GRAMMATICAL_GENDER permission.
08-21 00:11:00.040 D/BaseActivity( 1043): Launcher flags updated: [state_started|state_resumed|state_deferred_resumed|state_user_active] -[]
08-21 00:11:00.041 V/WindowManagerShell(  894): Transition requested (#56): android.os.BinderProxy@e74c197 TransitionRequestInfo { type = OPEN, triggerTask = TaskInfo{userId=0 taskId=584 effectiveUid=10252 displayId=0 isRunning=true baseIntent=Intent { flg=0x10000000 cmp=com.izzes.nears/.MainActivity } baseActivity=ComponentInfo{com.izzes.nears/com.izzes.nears.MainActivity} topActivity=ComponentInfo{com.izzes.nears/com.izzes.nears.MainActivity} origActivity=null realActivity=ComponentInfo{com.izzes.nears/com.izzes.nears.MainActivity} realActivityIsAppLockEnabled=false numActivities=1 lastActiveTime=11062682 supportsMultiWindow=true supportsMultiWindowWithoutConstraints=true resizeMode=1 isResizeable=true minWidth=-1 minHeight=-1 defaultMinSize=220 token=WCT{android.os.BinderProxy@bcc8a4f} topActivityType=1 pictureInPictureParams=null shouldDockBigOverlays=false launchIntoPipHostTaskId=-1 lastParentTaskIdBeforePip=-1 displayCutoutSafeInsets=Rect(0, 159 - 0, 0) topActivityInfo=ActivityInfo{c7c9f84 com.izzes.nears.MainActivity} launchCookies=[] positionInParent=Point(0, 0) parentTaskId=-1 isFocused=false isInteractive=false isVisible=false isVisibleRequested=false isTopActivityNoDisplay=false isSleeping=false locusId=null displayAreaFeatureId=1 isTopActivityTransparent=false isActivityStackTransparent=false lastNonFullscreenBounds=null leafTaskBoundsFromOptions= false capturedLink=null capturedLinkTimestamp=0 requestedVisibleTypes=503 topActivityRequestOpenInBrowserEducationTimestamp=0 appCompatTaskInfo=AppCompatTaskInfo { topActivityInSizeCompat=false isLeafTask= true eligibleForLetterboxEducation= false isLetterboxEducationEnabled= true isLetterboxDoubleTapEnabled= false eligibleForUserAspectRatioButton= false topActivityBoundsLetterboxed= false isFromLetterboxDoubleTap= false topActivityLetterboxVerticalPosition= -1 topActivityLetterboxHorizontalPosition= -1 topActivityLetterboxWidth=-1 topActivityLetterboxHeight=-1 topActivityAppBounds=Rect(0, 0 - 1344, 2992) isUserFullscreenOverrideEnabled=false isSystemFullscreenOverrideEnabled=false hasMinAspectRatioOverride=false topActivityLetterboxBounds=null topNonResizableActivityAspectRatio=-1.0} topActivityMainWindowFrame=null isAppBubble=false}, pipChange = null, remoteTransitionInfo = RemoteTransitionInfo { remoteTransition = com.android.systemui.animation.RemoteAnimationRunnerCompat$1@dc2536d, debugName = SysUILaunch, filter = null }, displayChanges = null, requestedLocation = null, userChange = null, windowingLayerChange = null, fullscreenRequestChange = null, flags = 0, debugId = 56 }
08-21 00:11:00.041 W/DisconnectHandler(  894): No disconnect change found in the transition, not handling request.
08-21 00:11:00.041 W/DisconnectHandler(  894): No disconnect change found in the transition, not handling request.
08-21 00:11:00.041 V/ShellDesktopMode(  894): DesktopTasksController: skipping handleRequest reason=triggerTask's display doesn't support desktop mode
08-21 00:11:00.041 W/InputChannel-JNI(  642): Channel already disposed.
08-21 00:11:00.041 D/BaseActivity( 1043): Launcher flags updated: [state_started|state_resumed|state_deferred_resumed] -[state_user_active]
08-21 00:11:00.041 D/BaseActivity( 1043): Launcher flags updated: [state_started] -[state_resumed|state_deferred_resumed]
08-21 00:11:00.041 D/ShellSplitScreen(  894): logExit: no-op, mLoggerSessionId is null
08-21 00:11:00.042 W/SplitSelectStateCtor( 1043): Missing session instanceIds
08-21 00:11:00.042 D/StatsLog( 1043): LAUNCHER_SPLIT_SELECTION_EXIT_INTERRUPTED
08-21 00:11:00.042 V/WindowManagerShell(  894): RemoteTransition directly requested for (#56) android.os.BinderProxy@e74c197: RemoteTransition { remoteTransition = com.android.systemui.animation.RemoteAnimationRunnerCompat$1@dc2536d, appThread = null, debugName = SysUILaunch, filter = null }
08-21 00:11:00.042 V/WindowManagerShell(  894): Transition (#56): request handled by DefaultMixedHandler
08-21 00:11:00.043 D/WindowManagerShell(  894): onActivityRestartAttempt: topActivity=ComponentInfo{com.izzes.nears/com.izzes.nears.MainActivity}, wasVisible=false, displayId=0, pipDisplayLayoutState#displayId=0
08-21 00:11:00.043 D/WindowManagerShell(  894): setLauncherKeepClearAreaHeight: visible=false, height=567
08-21 00:11:00.044 V/WindowManager(  642): Defer transition id=56 for TaskFragmentTransaction=android.os.Binder@e53fdaf
08-21 00:11:00.045 D/Zygote  (  429): Forked child process 14963
08-21 00:11:00.045 I/ActivityManager(  642): Start proc 14963:com.izzes.nears/u0a252 for next-top-activity {com.izzes.nears/com.izzes.nears.MainActivity}
08-21 00:11:00.047 V/WindowManager(  642): Continue transition id=56 for TaskFragmentTransaction=android.os.Binder@e53fdaf
08-21 00:11:00.055 I/libprocessgroup(14963): Created cgroup /sys/fs/cgroup/apps/uid_10252/pid_14963
08-21 00:11:00.056 W/skia    (  477): AGTM parsing failed flags.readFromStream(s) at 159
08-21 00:11:00.056 W/skia    (  477): AGTM parsing failed flags.readFromStream(s) at 159
08-21 00:11:00.056 W/skia    (  477): AGTM parsing failed flags.readFromStream(s) at 159
08-21 00:11:00.056 W/skia    (  477): AGTM parsing failed flags.readFromStream(s) at 159
08-21 00:11:00.056 W/skia    (  477): AGTM parsing failed flags.readFromStream(s) at 159
08-21 00:11:00.056 W/skia    (  477): AGTM parsing failed flags.readFromStream(s) at 159
08-21 00:11:00.056 W/skia    (  477): AGTM parsing failed flags.readFromStream(s) at 159
08-21 00:11:00.056 I/libbinder.BpBinder(  477): onLastStrongRef automatically unlinking death recipients for binder (0xb400721bb20472a0) with descriptor: '(not cached)'
08-21 00:11:00.057 I/Zygote  (14963): Process 14963 created for com.izzes.nears
08-21 00:11:00.057 I/com.izzes.nears(14963): Late-enabling -Xcheck:jni
08-21 00:11:00.060 D/VRI[nears](  894): visibilityChanged oldVisibility=false newVisibility=true
08-21 00:11:00.063 I/com.izzes.nears(14963): Using generational CollectorTypeCMC GC.
08-21 00:11:00.064 I/adbd    (  479): jdwp connection from 14963
08-21 00:11:00.066 D/nativeloader(14963): Load libframework-connectivity-tiramisu-jni.so using APEX ns com_android_tethering for caller /apex/com.android.tethering/javalib/framework-connectivity-t.jar: ok
08-21 00:11:00.072 W/skia    (  477): AGTM parsing failed flags.readFromStream(s) at 159
08-21 00:11:00.072 W/skia    (  477): AGTM parsing failed flags.readFromStream(s) at 159
08-21 00:11:00.072 W/skia    (  477): AGTM parsing failed flags.readFromStream(s) at 159
08-21 00:11:00.072 W/skia    (  477): AGTM parsing failed flags.readFromStream(s) at 159
08-21 00:11:00.072 W/skia    (  477): AGTM parsing failed flags.readFromStream(s) at 159
08-21 00:11:00.072 W/skia    (  477): AGTM parsing failed flags.readFromStream(s) at 159
08-21 00:11:00.072 W/skia    (  477): AGTM parsing failed flags.readFromStream(s) at 159
08-21 00:11:00.074 D/WindowManager(  642): setClientSurface Surface(name=VRI-Splash Screen com.izzes.nears#769)/@0x71641a8 for dde7d89 Splash Screen com.izzes.nears
08-21 00:11:00.076 I/Surface (  894): Creating surface for consumer unnamed-894-36 with slotExpansion=1 for 64 slots
08-21 00:11:00.077 I/Surface (  894): Creating surface for consumer VRI[nears]#27(BLAST Consumer)27 with slotExpansion=1 for 64 slots
08-21 00:11:00.083 D/AudioFlinger(  473): mixer(0xb4007f86d295f790) throttle end: throttle time(33)
08-21 00:11:00.084 D/ApplicationLoaders(14963): Returning zygote-cached class loader: /system/framework/org.apache.http.legacy.jar
08-21 00:11:00.084 D/ApplicationLoaders(14963): Returning zygote-cached class loader: /system_ext/framework/androidx.window.extensions.jar
08-21 00:11:00.084 D/ApplicationLoaders(14963): Returning zygote-cached class loader: /system_ext/framework/androidx.window.sidecar.jar
08-21 00:11:00.089 W/skia    (  477): AGTM parsing failed flags.readFromStream(s) at 159
08-21 00:11:00.089 W/skia    (  477): AGTM parsing failed flags.readFromStream(s) at 159
08-21 00:11:00.089 W/skia    (  477): AGTM parsing failed flags.readFromStream(s) at 159
08-21 00:11:00.089 W/skia    (  477): AGTM parsing failed flags.readFromStream(s) at 159
08-21 00:11:00.089 W/skia    (  477): AGTM parsing failed flags.readFromStream(s) at 159
08-21 00:11:00.089 W/skia    (  477): AGTM parsing failed flags.readFromStream(s) at 159
08-21 00:11:00.089 W/skia    (  477): AGTM parsing failed flags.readFromStream(s) at 159
08-21 00:11:00.093 V/WindowManager(  642): Sent Transition (#56) createdAt=08-21 00:11:00.037 via request=TransitionRequestInfo { type = OPEN, triggerTask = TaskInfo{userId=0 taskId=584 effectiveUid=10252 displayId=0 isRunning=true baseIntent=Intent { flg=0x10000000 cmp=com.izzes.nears/.MainActivity } baseActivity=ComponentInfo{com.izzes.nears/com.izzes.nears.MainActivity} topActivity=ComponentInfo{com.izzes.nears/com.izzes.nears.MainActivity} origActivity=null realActivity=ComponentInfo{com.izzes.nears/com.izzes.nears.MainActivity} realActivityIsAppLockEnabled=false numActivities=1 lastActiveTime=11062682 supportsMultiWindow=true supportsMultiWindowWithoutConstraints=true resizeMode=1 isResizeable=true minWidth=-1 minHeight=-1 defaultMinSize=220 token=WCT{RemoteToken{cc83a48 Task{a09e9f7 #584 type=standard A=10252:com.izzes.nears}}} topActivityType=1 pictureInPictureParams=null shouldDockBigOverlays=false launchIntoPipHostTaskId=-1 lastParentTaskIdBeforePip=-1 displayCutoutSafeInsets=Rect(0, 159 - 0, 0) topActivityInfo=ActivityInfo{eb2f0e1 com.izzes.nears.MainActivity} launchCookies=[] positionInParent=Point(0, 0) parentTaskId=-1 isFocused=false isInteractive=false isVisible=false isVisibleRequested=false isTopActivityNoDisplay=false isSleeping=false locusId=null displayAreaFeatureId=1 isTopActivityTransparent=false isActivityStackTransparent=false lastNonFullscreenBounds=null leafTaskBoundsFromOptions= false capturedLink=null capturedLinkTimestamp=0 requestedVisibleTypes=503 topActivityRequestOpenInBrowserEducationTimestamp=0 appCompatTaskInfo=AppCompatTaskInfo { topActivityInSizeCompat=false isLeafTask= true eligibleForLetterboxEducation= false isLetterboxEducationEnabled= true isLetterboxDoubleTapEnabled= false eligibleForUserAspectRatioButton= false topActivityBoundsLetterboxed= false isFromLetterboxDoubleTap= false topActivityLetterboxVerticalPosition= -1 topActivityLetterboxHorizontalPosition= -1 topActivityLetterboxWidth=-1 topActivityLetterboxHeight=-1 topActivityAppBounds=Rect(0, 0 - 1344, 2992) isUserFullscreenOverrideEnabled=false isSystemFullscreenOverrideEnabled=false hasMinAspectRatioOverride=false topActivityLetterboxBounds=null topNonResizableActivityAspectRatio=-1.0} topActivityMainWindowFrame=null isAppBubble=false}, pipChange = null, remoteTransitionInfo = RemoteTransitionInfo { remoteTransition = android.window.IRemoteTransition$Stub$Proxy@bcc1466, debugName = SysUILaunch, filter = null }, displayChanges = null, requestedLocation = null, userChange = null, windowingLayerChange = null, fullscreenRequestChange = null, flags = 0, debugId = 56 }
08-21 00:11:00.093 V/WindowManager(  642):     startWCT=WindowContainerTransaction { changes= {} hops= [] flags= 0 errorCallbackToken=null taskFragmentOrganizer=null }
08-21 00:11:00.093 V/WindowManager(  642):     info={id=56 t=OPEN f=0x0 trk=0 r=[0@Point(0, 0)] c=[
08-21 00:11:00.093 V/WindowManager(  642):         {WCT{RemoteToken{cc83a48 Task{a09e9f7 #584 type=standard A=10252:com.izzes.nears}}} m=OPEN f=MOVE_TO_TOP|FLAG_CHANGED_INTERACTIVE leash=Surface(name=Task=584#688)/@0x236e83a sb=Rect(0, 0 - 1344, 2992) eb=Rect(0, 0 - 1344, 2992) epz=Point(1344, 2992) d=0 taskParent=-1 winMode=1 userId=0},
08-21 00:11:00.093 V/WindowManager(  642):         {WCT{RemoteToken{286712d Task{cafc982 #1 type=home}}} m=TO_BACK f=SHOW_WALLPAPER|FLAG_CHANGED_INTERACTIVE leash=Surface(name=Task=1#35)/@0xe762e98 sb=Rect(0, 0 - 1344, 2992) eb=Rect(0, 0 - 1344, 2992) epz=Point(1344, 2992) d=0 taskParent=-1 winMode=1 userId=0},
08-21 00:11:00.093 V/WindowManager(  642):         {m=TO_BACK f=IS_WALLPAPER leash=Surface(name=WallpaperWindowToken{86c8005}#54)/@0x9b5907b sb=Rect(0, 0 - 1344, 2992) eb=Rect(0, 0 - 1344, 2992) epz=Point(1344, 2992) d=0}
08-21 00:11:00.093 V/WindowManager(  642):     ]}
08-21 00:11:00.093 V/WindowManagerShell(  894): onTransitionReady(transaction=2757369014984)
08-21 00:11:00.094 V/WindowManagerShell(  894): onTransitionReady (#56) android.os.BinderProxy@e74c197: {id=56 t=OPEN f=0x0 trk=0 r=[0@Point(0, 0)] c=[
08-21 00:11:00.094 V/WindowManagerShell(  894):         {m=OPEN f=MOVE_TO_TOP|FLAG_CHANGED_INTERACTIVE leash=Surface(name=Task=584#688)/@0xe558152 sb=Rect(0, 0 - 1344, 2992) eb=Rect(0, 0 - 1344, 2992) epz=Point(1344, 2992) d=0 taskParent=-1 winMode=1 userId=0},
08-21 00:11:00.094 V/WindowManagerShell(  894):         {m=TO_BACK f=SHOW_WALLPAPER|FLAG_CHANGED_INTERACTIVE leash=Surface(name=Task=1#35)/@0xf3b3c23 sb=Rect(0, 0 - 1344, 2992) eb=Rect(0, 0 - 1344, 2992) epz=Point(1344, 2992) d=0 taskParent=-1 winMode=1 userId=0},
08-21 00:11:00.094 V/WindowManagerShell(  894):         {m=TO_BACK f=IS_WALLPAPER leash=Surface(name=WallpaperWindowToken{86c8005}#54)/@0xe9d7520 sb=Rect(0, 0 - 1344, 2992) eb=Rect(0, 0 - 1344, 2992) epz=Point(1344, 2992) d=0}
08-21 00:11:00.094 V/WindowManagerShell(  894):     ]}
08-21 00:11:00.095 V/WindowManagerShell(  894): Playing animation for (#56) android.os.BinderProxy@e74c197@0
08-21 00:11:00.095 V/WindowManagerShell(  894):  try firstHandler com.android.wm.shell.transition.DefaultMixedHandler@cafce2f
08-21 00:11:00.095 V/WindowManagerShell(  894): Mixed transition for opening an intent with a remote transition and PIP or Desktop #56
08-21 00:11:00.095 V/WindowManagerShell(  894): tryAnimateOpenIntentWithRemoteAndPipOrDesktop
08-21 00:11:00.095 V/WindowManagerShell(  894):  Delegate animation for (#56) to RemoteTransition { remoteTransition = com.android.systemui.animation.RemoteAnimationRunnerCompat$1@dc2536d, appThread = null, debugName = SysUILaunch, filter = null }
08-21 00:11:00.096 W/ActivityTaskManager(  642): setRunningRemoteTransition: no process for null
08-21 00:11:00.096 V/WindowManagerShell(  894):  animated by firstHandler
08-21 00:11:00.107 W/skia    (  477): AGTM parsing failed flags.readFromStream(s) at 159
08-21 00:11:00.107 W/skia    (  477): AGTM parsing failed flags.readFromStream(s) at 159
08-21 00:11:00.107 W/skia    (  477): AGTM parsing failed flags.readFromStream(s) at 159
08-21 00:11:00.107 W/skia    (  477): AGTM parsing failed flags.readFromStream(s) at 159
08-21 00:11:00.107 W/skia    (  477): AGTM parsing failed flags.readFromStream(s) at 159
08-21 00:11:00.107 W/skia    (  477): AGTM parsing failed flags.readFromStream(s) at 159
08-21 00:11:00.107 W/skia    (  477): AGTM parsing failed flags.readFromStream(s) at 159
08-21 00:11:00.122 W/skia    (  477): AGTM parsing failed flags.readFromStream(s) at 159
08-21 00:11:00.122 W/skia    (  477): AGTM parsing failed flags.readFromStream(s) at 159
08-21 00:11:00.122 W/skia    (  477): AGTM parsing failed flags.readFromStream(s) at 159
08-21 00:11:00.123 W/skia    (  477): AGTM parsing failed flags.readFromStream(s) at 159
08-21 00:11:00.123 W/skia    (  477): AGTM parsing failed flags.readFromStream(s) at 159
08-21 00:11:00.123 W/skia    (  477): AGTM parsing failed flags.readFromStream(s) at 159
08-21 00:11:00.123 W/skia    (  477): AGTM parsing failed flags.readFromStream(s) at 159
08-21 00:11:00.143 W/skia    (  477): AGTM parsing failed flags.readFromStream(s) at 159
08-21 00:11:00.143 W/skia    (  477): AGTM parsing failed flags.readFromStream(s) at 159
08-21 00:11:00.143 W/skia    (  477): AGTM parsing failed flags.readFromStream(s) at 159
08-21 00:11:00.143 W/skia    (  477): AGTM parsing failed flags.readFromStream(s) at 159
08-21 00:11:00.143 W/skia    (  477): AGTM parsing failed flags.readFromStream(s) at 159
08-21 00:11:00.143 W/skia    (  477): AGTM parsing failed flags.readFromStream(s) at 159
08-21 00:11:00.143 W/skia    (  477): AGTM parsing failed flags.readFromStream(s) at 159
08-21 00:11:00.147 V/RecentTasksController(  894): generateList(getRecentTasks)
08-21 00:11:00.147 V/RecentTasksController(  894): initializeDesksMap - allDeskIds: []
08-21 00:11:00.147 V/RecentTasksController(  894): Task 584 is not an active desktop task
08-21 00:11:00.147 V/RecentTasksController(  894): Added fullscreen task: 584
08-21 00:11:00.147 V/RecentTasksController(  894): Task 507 is not an active desktop task
08-21 00:11:00.147 V/RecentTasksController(  894): Added fullscreen task: 507
08-21 00:11:00.147 V/RecentTasksController(  894): generateList - complete
08-21 00:11:00.147 V/RecentTasksController(  894): Notify recent tasks changed
08-21 00:11:00.148 D/RecentTasksList( 1043): invalidateLoadedTasks - previous requestLoadId: -1
08-21 00:11:00.148 D/PreloadThumbnailUseCase( 1043): Preloading thumbnails for task ids: [[id=507 windowingMode=0 user=0 lastActiveTime=7773] null, [id=584 windowingMode=1 user=0 lastActiveTime=11062682] null]
08-21 00:11:00.152 I/GFXSTREAM(  642): [eglDisplay.cpp(297)] Opening libGLESv1_CM_emulation.so
08-21 00:11:00.152 I/GFXSTREAM(  642): [eglDisplay.cpp(297)] Opening libGLESv2_emulation.so
08-21 00:11:00.152 W/libc    (  642): Access denied finding property "vendor.mesa.virtgpu.kumquat"
08-21 00:11:00.147 W/GrallocUploadTh(  642): type=1400 audit(0.0:156): avc:  denied  { read } for  name="u:object_r:vendor_default_prop:s0" dev="tmpfs" ino=395 scontext=u:r:system_server:s0 tcontext=u:object_r:vendor_default_prop:s0 tclass=file permissive=0
08-21 00:11:00.153 W/HWUI    (  642): Failed to choose config with EGL_SWAP_BEHAVIOR_PRESERVED, retrying without...
08-21 00:11:00.154 W/HWUI    (  642): Failed to initialize 101010-2 format, error = EGL_SUCCESS
08-21 00:11:00.156 W/skia    (  477): AGTM parsing failed flags.readFromStream(s) at 159
08-21 00:11:00.156 W/skia    (  477): AGTM parsing failed flags.readFromStream(s) at 159
08-21 00:11:00.156 W/skia    (  477): AGTM parsing failed flags.readFromStream(s) at 159
08-21 00:11:00.151 W/binder:642_18(  642): type=1400 audit(0.0:157): avc:  denied  { read } for  name="u:object_r:vendor_default_prop:s0" dev="tmpfs" ino=395 scontext=u:r:system_server:s0 tcontext=u:object_r:vendor_default_prop:s0 tclass=file permissive=0
08-21 00:11:00.156 W/skia    (  477): AGTM parsing failed flags.readFromStream(s) at 159
08-21 00:11:00.156 W/skia    (  477): AGTM parsing failed flags.readFromStream(s) at 159
08-21 00:11:00.156 W/skia    (  477): AGTM parsing failed flags.readFromStream(s) at 159
08-21 00:11:00.156 W/skia    (  477): AGTM parsing failed flags.readFromStream(s) at 159
08-21 00:11:00.156 W/libc    (  642): Access denied finding property "vendor.mesa.virtgpu.kumquat"
08-21 00:11:00.159 W/skia    (  477): AGTM parsing failed flags.readFromStream(s) at 159
08-21 00:11:00.159 W/skia    (  477): AGTM parsing failed flags.readFromStream(s) at 159
08-21 00:11:00.159 W/skia    (  477): AGTM parsing failed flags.readFromStream(s) at 159
08-21 00:11:00.174 W/skia    (  477): AGTM parsing failed flags.readFromStream(s) at 159
08-21 00:11:00.174 W/skia    (  477): AGTM parsing failed flags.readFromStream(s) at 159
08-21 00:11:00.174 W/skia    (  477): AGTM parsing failed flags.readFromStream(s) at 159
08-21 00:11:00.174 W/skia    (  477): AGTM parsing failed flags.readFromStream(s) at 159
08-21 00:11:00.174 W/skia    (  477): AGTM parsing failed flags.readFromStream(s) at 159
08-21 00:11:00.174 W/skia    (  477): AGTM parsing failed flags.readFromStream(s) at 159
08-21 00:11:00.174 W/skia    (  477): AGTM parsing failed flags.readFromStream(s) at 159
08-21 00:11:00.189 W/skia    (  477): AGTM parsing failed flags.readFromStream(s) at 159
08-21 00:11:00.189 W/skia    (  477): AGTM parsing failed flags.readFromStream(s) at 159
08-21 00:11:00.189 W/skia    (  477): AGTM parsing failed flags.readFromStream(s) at 159
08-21 00:11:00.189 W/skia    (  477): AGTM parsing failed flags.readFromStream(s) at 159
08-21 00:11:00.189 W/skia    (  477): AGTM parsing failed flags.readFromStream(s) at 159
08-21 00:11:00.189 W/skia    (  477): AGTM parsing failed flags.readFromStream(s) at 159
08-21 00:11:00.189 W/skia    (  477): AGTM parsing failed flags.readFromStream(s) at 159
08-21 00:11:00.197 I/APM_AudioPolicyManager(  473): getNewOutputDevices io 13 recent device override {AUDIO_DEVICE_OUT_SPEAKER, @:}
08-21 00:11:00.205 W/skia    (  477): AGTM parsing failed flags.readFromStream(s) at 159
08-21 00:11:00.206 W/skia    (  477): AGTM parsing failed flags.readFromStream(s) at 159
08-21 00:11:00.206 W/skia    (  477): AGTM parsing failed flags.readFromStream(s) at 159
08-21 00:11:00.206 W/skia    (  477): AGTM parsing failed flags.readFromStream(s) at 159
08-21 00:11:00.206 W/skia    (  477): AGTM parsing failed flags.readFromStream(s) at 159
08-21 00:11:00.206 W/skia    (  477): AGTM parsing failed flags.readFromStream(s) at 159
08-21 00:11:00.206 W/skia    (  477): AGTM parsing failed flags.readFromStream(s) at 159
08-21 00:11:00.207 D/ShadeStatusBarComponentsInteractor#disableFlagsInteractor(  894): newValue: DisableFlagsModel(disable1=0, disable2=0, animate=true)
08-21 00:11:00.222 W/skia    (  477): AGTM parsing failed flags.readFromStream(s) at 159
08-21 00:11:00.222 W/skia    (  477): AGTM parsing failed flags.readFromStream(s) at 159
08-21 00:11:00.222 W/skia    (  477): AGTM parsing failed flags.readFromStream(s) at 159
08-21 00:11:00.222 W/skia    (  477): AGTM parsing failed flags.readFromStream(s) at 159
08-21 00:11:00.222 W/skia    (  477): AGTM parsing failed flags.readFromStream(s) at 159
08-21 00:11:00.222 W/skia    (  477): AGTM parsing failed flags.readFromStream(s) at 159
08-21 00:11:00.222 W/skia    (  477): AGTM parsing failed flags.readFromStream(s) at 159
08-21 00:11:00.239 W/skia    (  477): AGTM parsing failed flags.readFromStream(s) at 159
08-21 00:11:00.239 W/skia    (  477): AGTM parsing failed flags.readFromStream(s) at 159
08-21 00:11:00.239 W/skia    (  477): AGTM parsing failed flags.readFromStream(s) at 159
08-21 00:11:00.239 W/skia    (  477): AGTM parsing failed flags.readFromStream(s) at 159
08-21 00:11:00.239 W/skia    (  477): AGTM parsing failed flags.readFromStream(s) at 159
08-21 00:11:00.239 W/skia    (  477): AGTM parsing failed flags.readFromStream(s) at 159
08-21 00:11:00.239 W/skia    (  477): AGTM parsing failed flags.readFromStream(s) at 159
08-21 00:11:00.255 W/skia    (  477): AGTM parsing failed flags.readFromStream(s) at 159
08-21 00:11:00.255 W/skia    (  477): AGTM parsing failed flags.readFromStream(s) at 159
08-21 00:11:00.256 W/skia    (  477): AGTM parsing failed flags.readFromStream(s) at 159
08-21 00:11:00.256 W/skia    (  477): AGTM parsing failed flags.readFromStream(s) at 159
08-21 00:11:00.256 W/skia    (  477): AGTM parsing failed flags.readFromStream(s) at 159
08-21 00:11:00.256 W/skia    (  477): AGTM parsing failed flags.readFromStream(s) at 159
08-21 00:11:00.256 W/skia    (  477): AGTM parsing failed flags.readFromStream(s) at 159
08-21 00:11:00.259 W/skia    (  477): AGTM parsing failed flags.readFromStream(s) at 159
08-21 00:11:00.259 W/skia    (  477): AGTM parsing failed flags.readFromStream(s) at 159
08-21 00:11:00.259 W/skia    (  477): AGTM parsing failed flags.readFromStream(s) at 159
08-21 00:11:00.274 W/skia    (  477): AGTM parsing failed flags.readFromStream(s) at 159
08-21 00:11:00.274 W/skia    (  477): AGTM parsing failed flags.readFromStream(s) at 159
08-21 00:11:00.274 W/skia    (  477): AGTM parsing failed flags.readFromStream(s) at 159
08-21 00:11:00.274 W/skia    (  477): AGTM parsing failed flags.readFromStream(s) at 159
08-21 00:11:00.274 W/skia    (  477): AGTM parsing failed flags.readFromStream(s) at 159
08-21 00:11:00.274 W/skia    (  477): AGTM parsing failed flags.readFromStream(s) at 159
08-21 00:11:00.274 W/skia    (  477): AGTM parsing failed flags.readFromStream(s) at 159
08-21 00:11:00.290 W/skia    (  477): AGTM parsing failed flags.readFromStream(s) at 159
08-21 00:11:00.290 W/skia    (  477): AGTM parsing failed flags.readFromStream(s) at 159
08-21 00:11:00.290 W/skia    (  477): AGTM parsing failed flags.readFromStream(s) at 159
08-21 00:11:00.290 W/skia    (  477): AGTM parsing failed flags.readFromStream(s) at 159
08-21 00:11:00.290 W/skia    (  477): AGTM parsing failed flags.readFromStream(s) at 159
08-21 00:11:00.290 W/skia    (  477): AGTM parsing failed flags.readFromStream(s) at 159
08-21 00:11:00.290 W/skia    (  477): AGTM parsing failed flags.readFromStream(s) at 159
08-21 00:11:00.306 W/skia    (  477): AGTM parsing failed flags.readFromStream(s) at 159
08-21 00:11:00.306 W/skia    (  477): AGTM parsing failed flags.readFromStream(s) at 159
08-21 00:11:00.306 W/skia    (  477): AGTM parsing failed flags.readFromStream(s) at 159
08-21 00:11:00.306 W/skia    (  477): AGTM parsing failed flags.readFromStream(s) at 159
08-21 00:11:00.306 W/skia    (  477): AGTM parsing failed flags.readFromStream(s) at 159
08-21 00:11:00.306 W/skia    (  477): AGTM parsing failed flags.readFromStream(s) at 159
08-21 00:11:00.306 W/skia    (  477): AGTM parsing failed flags.readFromStream(s) at 159
08-21 00:11:00.306 W/skia    (  477): AGTM parsing failed flags.readFromStream(s) at 159
08-21 00:11:00.322 W/skia    (  477): AGTM parsing failed flags.readFromStream(s) at 159
08-21 00:11:00.322 W/skia    (  477): AGTM parsing failed flags.readFromStream(s) at 159
08-21 00:11:00.322 W/skia    (  477): AGTM parsing failed flags.readFromStream(s) at 159
08-21 00:11:00.322 W/skia    (  477): AGTM parsing failed flags.readFromStream(s) at 159
08-21 00:11:00.322 W/skia    (  477): AGTM parsing failed flags.readFromStream(s) at 159
08-21 00:11:00.322 W/skia    (  477): AGTM parsing failed flags.readFromStream(s) at 159
08-21 00:11:00.322 W/skia    (  477): AGTM parsing failed flags.readFromStream(s) at 159
08-21 00:11:00.322 W/skia    (  477): AGTM parsing failed flags.readFromStream(s) at 159
08-21 00:11:00.332 D/nativeloader(14963): Configuring clns-9 for other apk /data/app/~~KhkoGxgWleXvanC1r0ezhg==/com.izzes.nears-VjQRwXFlvZaTMRoqdNXDPg==/base.apk. target_sdk_version=36, uses_libraries=, library_path=/data/app/~~KhkoGxgWleXvanC1r0ezhg==/com.izzes.nears-VjQRwXFlvZaTMRoqdNXDPg==/lib/arm64:/data/app/~~KhkoGxgWleXvanC1r0ezhg==/com.izzes.nears-VjQRwXFlvZaTMRoqdNXDPg==/base.apk!/lib/arm64-v8a, permitted_path=/data:/mnt/expand:/data/user/0/com.izzes.nears
08-21 00:11:00.338 V/GraphicsEnvironment(14963): Currently set values for:
08-21 00:11:00.338 V/GraphicsEnvironment(14963):   angle_gl_driver_selection_pkgs=[]
08-21 00:11:00.338 V/GraphicsEnvironment(14963):   angle_gl_driver_selection_values=[]
08-21 00:11:00.338 V/GraphicsEnvironment(14963): com.izzes.nears is not listed in per-application setting
08-21 00:11:00.339 V/GraphicsEnvironment(14963): No special selections for ANGLE, returning default driver choice
08-21 00:11:00.339 V/GraphicsEnvironment(14963): Neither updatable production driver nor prerelease driver is supported.
08-21 00:11:00.339 W/skia    (  477): AGTM parsing failed flags.readFromStream(s) at 159
08-21 00:11:00.339 W/skia    (  477): AGTM parsing failed flags.readFromStream(s) at 159
08-21 00:11:00.339 W/skia    (  477): AGTM parsing failed flags.readFromStream(s) at 159
08-21 00:11:00.339 W/skia    (  477): AGTM parsing failed flags.readFromStream(s) at 159
08-21 00:11:00.339 W/skia    (  477): AGTM parsing failed flags.readFromStream(s) at 159
08-21 00:11:00.339 W/skia    (  477): AGTM parsing failed flags.readFromStream(s) at 159
08-21 00:11:00.339 W/skia    (  477): AGTM parsing failed flags.readFromStream(s) at 159
08-21 00:11:00.339 W/skia    (  477): AGTM parsing failed flags.readFromStream(s) at 159
08-21 00:11:00.344 W/FirebaseApp(14963): Default FirebaseApp failed to initialize because no default options were found. This usually means that com.google.gms:google-services was not applied to your gradle project.
08-21 00:11:00.344 I/FirebaseInitProvider(14963): FirebaseApp initialization unsuccessful
08-21 00:11:00.345 D/FLTFireContextHolder(14963): received application context.
08-21 00:11:00.356 W/skia    (  477): AGTM parsing failed flags.readFromStream(s) at 159
08-21 00:11:00.356 W/skia    (  477): AGTM parsing failed flags.readFromStream(s) at 159
08-21 00:11:00.356 W/skia    (  477): AGTM parsing failed flags.readFromStream(s) at 159
08-21 00:11:00.356 W/skia    (  477): AGTM parsing failed flags.readFromStream(s) at 159
08-21 00:11:00.356 W/skia    (  477): AGTM parsing failed flags.readFromStream(s) at 159
08-21 00:11:00.356 W/skia    (  477): AGTM parsing failed flags.readFromStream(s) at 159
08-21 00:11:00.356 W/skia    (  477): AGTM parsing failed flags.readFromStream(s) at 159
08-21 00:11:00.356 W/skia    (  477): AGTM parsing failed flags.readFromStream(s) at 159
08-21 00:11:00.361 W/skia    (  477): AGTM parsing failed flags.readFromStream(s) at 159
08-21 00:11:00.361 W/skia    (  477): AGTM parsing failed flags.readFromStream(s) at 159
08-21 00:11:00.361 W/skia    (  477): AGTM parsing failed flags.readFromStream(s) at 159
08-21 00:11:00.372 W/skia    (  477): AGTM parsing failed flags.readFromStream(s) at 159
08-21 00:11:00.372 W/skia    (  477): AGTM parsing failed flags.readFromStream(s) at 159
08-21 00:11:00.372 W/skia    (  477): AGTM parsing failed flags.readFromStream(s) at 159
08-21 00:11:00.372 W/skia    (  477): AGTM parsing failed flags.readFromStream(s) at 159
08-21 00:11:00.372 W/skia    (  477): AGTM parsing failed flags.readFromStream(s) at 159
08-21 00:11:00.372 W/skia    (  477): AGTM parsing failed flags.readFromStream(s) at 159
08-21 00:11:00.372 W/skia    (  477): AGTM parsing failed flags.readFromStream(s) at 159
08-21 00:11:00.372 W/skia    (  477): AGTM parsing failed flags.readFromStream(s) at 159
08-21 00:11:00.378 W/com.facebook.UserSettingsManager(14963): You haven't set a value for AdvertiserIDCollectionEnabled. Set the flag to TRUE if you want to collect Advertiser ID for better advertising and analytics results. To request user consent before collecting data, set the flag value to FALSE, then change to TRUE once user consent is received. Learn more: https://developers.facebook.com/docs/app-events/getting-started-app-events-android#disable-auto-events.
08-21 00:11:00.385 W/com.facebook.internal.NativeProtocol(14963): Apps that target Android API 30+ (Android 11+) cannot call Facebook native apps unless the package visibility needs are declared. Please follow https://developers.facebook.com/docs/android/troubleshooting/#faq_267321845055988 to make the declaration.
08-21 00:11:00.389 W/skia    (  477): AGTM parsing failed flags.readFromStream(s) at 159
08-21 00:11:00.389 W/skia    (  477): AGTM parsing failed flags.readFromStream(s) at 159
08-21 00:11:00.389 W/skia    (  477): AGTM parsing failed flags.readFromStream(s) at 159
08-21 00:11:00.389 W/skia    (  477): AGTM parsing failed flags.readFromStream(s) at 159
08-21 00:11:00.389 W/skia    (  477): AGTM parsing failed flags.readFromStream(s) at 159
08-21 00:11:00.389 W/skia    (  477): AGTM parsing failed flags.readFromStream(s) at 159
08-21 00:11:00.389 W/skia    (  477): AGTM parsing failed flags.readFromStream(s) at 159
08-21 00:11:00.389 W/skia    (  477): AGTM parsing failed flags.readFromStream(s) at 159
08-21 00:11:00.393 I/DisplayManager(14963): Choreographer implicitly registered for the refresh rate.
08-21 00:11:00.395 D/BoundBrokerSvc( 1285): onRebind: Intent { act=com.google.android.gms.common.telemetry.service.START dat=chimera-action:/... xflg=0x4 cmp=com.google.android.gms/.chimera.PersistentApiService }
08-21 00:11:00.395 I/HalDevMgr(  642): bestIfaceCreationProposal is null, requestIface=STA, existingIface=[name=wlan0 type=STA]
08-21 00:11:00.397 D/IpClient/wlan0(  999): interfaceLinkStateChanged: ifindex 16 up
08-21 00:11:00.399 D/IpClient/wlan0(  999): interfaceLinkStateChanged: ifindex 16 up
08-21 00:11:00.405 W/skia    (  477): AGTM parsing failed flags.readFromStream(s) at 159
08-21 00:11:00.405 W/skia    (  477): AGTM parsing failed flags.readFromStream(s) at 159
08-21 00:11:00.405 W/skia    (  477): AGTM parsing failed flags.readFromStream(s) at 159
08-21 00:11:00.405 W/skia    (  477): AGTM parsing failed flags.readFromStream(s) at 159
08-21 00:11:00.405 W/skia    (  477): AGTM parsing failed flags.readFromStream(s) at 159
08-21 00:11:00.405 W/skia    (  477): AGTM parsing failed flags.readFromStream(s) at 159
08-21 00:11:00.406 W/skia    (  477): AGTM parsing failed flags.readFromStream(s) at 159
08-21 00:11:00.406 W/skia    (  477): AGTM parsing failed flags.readFromStream(s) at 159
08-21 00:11:00.406 D/FlutterJNI(14963): Beginning load of flutter...
08-21 00:11:00.406 I/ResourceExtractor(14963): Found extracted resources res_timestamp-3-1787255979667
08-21 00:11:00.412 D/nativeloader(14963): Load /data/app/~~KhkoGxgWleXvanC1r0ezhg==/com.izzes.nears-VjQRwXFlvZaTMRoqdNXDPg==/lib/arm64/libflutter.so using class loader ns clns-9 (caller=/data/app/~~KhkoGxgWleXvanC1r0ezhg==/com.izzes.nears-VjQRwXFlvZaTMRoqdNXDPg==/base.apk!classes22.dex): ok
08-21 00:11:00.413 D/FlutterJNI(14963): flutter (null) was loaded normally!
08-21 00:11:00.415 D/FileUtils(  642): Rounded bytes from 3155017728 to 4000000000
08-21 00:11:00.422 W/skia    (  477): AGTM parsing failed flags.readFromStream(s) at 159
08-21 00:11:00.422 W/skia    (  477): AGTM parsing failed flags.readFromStream(s) at 159
08-21 00:11:00.422 W/skia    (  477): AGTM parsing failed flags.readFromStream(s) at 159
08-21 00:11:00.422 W/skia    (  477): AGTM parsing failed flags.readFromStream(s) at 159
08-21 00:11:00.422 W/skia    (  477): AGTM parsing failed flags.readFromStream(s) at 159
08-21 00:11:00.422 W/skia    (  477): AGTM parsing failed flags.readFromStream(s) at 159
08-21 00:11:00.422 W/skia    (  477): AGTM parsing failed flags.readFromStream(s) at 159
08-21 00:11:00.422 W/skia    (  477): AGTM parsing failed flags.readFromStream(s) at 159
08-21 00:11:00.430 I/GFXSTREAM(14963): [eglDisplay.cpp(297)] Opening libGLESv1_CM_emulation.so
08-21 00:11:00.431 I/GFXSTREAM(14963): [eglDisplay.cpp(297)] Opening libGLESv2_emulation.so
08-21 00:11:00.431 W/libc    (14963): Access denied finding property "vendor.mesa.virtgpu.kumquat"
08-21 00:11:00.427 W/com.izzes.nears(14963): type=1400 audit(0.0:158): avc:  denied  { read } for  name="max_map_count" dev="proc" ino=26028 scontext=u:r:untrusted_app_34:s0:c252,c256,c512,c768 tcontext=u:object_r:proc_max_map_count:s0 tclass=file permissive=0 app=com.izzes.nears
08-21 00:11:00.434 W/HWUI    (14963): Failed to choose config with EGL_SWAP_BEHAVIOR_PRESERVED, retrying without...
08-21 00:11:00.434 W/HWUI    (14963): Failed to initialize 101010-2 format, error = EGL_SUCCESS
08-21 00:11:00.439 W/libc    (14963): Access denied finding property "vendor.mesa.virtgpu.kumquat"
08-21 00:11:00.439 W/skia    (  477): AGTM parsing failed flags.readFromStream(s) at 159
08-21 00:11:00.439 W/skia    (  477): AGTM parsing failed flags.readFromStream(s) at 159
08-21 00:11:00.439 W/skia    (  477): AGTM parsing failed flags.readFromStream(s) at 159
08-21 00:11:00.439 W/skia    (  477): AGTM parsing failed flags.readFromStream(s) at 159
08-21 00:11:00.439 W/skia    (  477): AGTM parsing failed flags.readFromStream(s) at 159
08-21 00:11:00.439 W/skia    (  477): AGTM parsing failed flags.readFromStream(s) at 159
08-21 00:11:00.439 W/skia    (  477): AGTM parsing failed flags.readFromStream(s) at 159
08-21 00:11:00.439 W/skia    (  477): AGTM parsing failed flags.readFromStream(s) at 159
08-21 00:11:00.455 W/skia    (  477): AGTM parsing failed flags.readFromStream(s) at 159
08-21 00:11:00.456 W/skia    (  477): AGTM parsing failed flags.readFromStream(s) at 159
08-21 00:11:00.456 W/skia    (  477): AGTM parsing failed flags.readFromStream(s) at 159
08-21 00:11:00.456 W/skia    (  477): AGTM parsing failed flags.readFromStream(s) at 159
08-21 00:11:00.456 W/skia    (  477): AGTM parsing failed flags.readFromStream(s) at 159
08-21 00:11:00.456 W/skia    (  477): AGTM parsing failed flags.readFromStream(s) at 159
08-21 00:11:00.456 W/skia    (  477): AGTM parsing failed flags.readFromStream(s) at 159
08-21 00:11:00.456 W/skia    (  477): AGTM parsing failed flags.readFromStream(s) at 159
08-21 00:11:00.460 W/skia    (  477): AGTM parsing failed flags.readFromStream(s) at 159
08-21 00:11:00.460 W/skia    (  477): AGTM parsing failed flags.readFromStream(s) at 159
08-21 00:11:00.460 W/skia    (  477): AGTM parsing failed flags.readFromStream(s) at 159
08-21 00:11:00.467 I/flutter (14963): [IMPORTANT:flutter/shell/platform/android/android_context_gl_impeller.cc(104)] Using the Impeller rendering backend (OpenGLES).
08-21 00:11:00.470 W/libc    (14963): Access denied finding property "vendor.mesa.virtgpu.kumquat"
08-21 00:11:00.472 W/skia    (  477): AGTM parsing failed flags.readFromStream(s) at 159
08-21 00:11:00.472 W/skia    (  477): AGTM parsing failed flags.readFromStream(s) at 159
08-21 00:11:00.472 W/skia    (  477): AGTM parsing failed flags.readFromStream(s) at 159
08-21 00:11:00.472 W/skia    (  477): AGTM parsing failed flags.readFromStream(s) at 159
08-21 00:11:00.472 W/skia    (  477): AGTM parsing failed flags.readFromStream(s) at 159
08-21 00:11:00.472 W/skia    (  477): AGTM parsing failed flags.readFromStream(s) at 159
08-21 00:11:00.472 W/skia    (  477): AGTM parsing failed flags.readFromStream(s) at 159
08-21 00:11:00.472 W/skia    (  477): AGTM parsing failed flags.readFromStream(s) at 159
08-21 00:11:00.489 W/skia    (  477): AGTM parsing failed flags.readFromStream(s) at 159
08-21 00:11:00.489 W/skia    (  477): AGTM parsing failed flags.readFromStream(s) at 159
08-21 00:11:00.489 W/skia    (  477): AGTM parsing failed flags.readFromStream(s) at 159
08-21 00:11:00.489 W/skia    (  477): AGTM parsing failed flags.readFromStream(s) at 159
08-21 00:11:00.489 W/skia    (  477): AGTM parsing failed flags.readFromStream(s) at 159
08-21 00:11:00.489 W/skia    (  477): AGTM parsing failed flags.readFromStream(s) at 159
08-21 00:11:00.489 W/skia    (  477): AGTM parsing failed flags.readFromStream(s) at 159
08-21 00:11:00.489 W/skia    (  477): AGTM parsing failed flags.readFromStream(s) at 159
08-21 00:11:00.505 W/skia    (  477): AGTM parsing failed flags.readFromStream(s) at 159
08-21 00:11:00.505 W/skia    (  477): AGTM parsing failed flags.readFromStream(s) at 159
08-21 00:11:00.506 W/skia    (  477): AGTM parsing failed flags.readFromStream(s) at 159
08-21 00:11:00.506 W/skia    (  477): AGTM parsing failed flags.readFromStream(s) at 159
08-21 00:11:00.506 W/skia    (  477): AGTM parsing failed flags.readFromStream(s) at 159
08-21 00:11:00.506 W/skia    (  477): AGTM parsing failed flags.readFromStream(s) at 159
08-21 00:11:00.506 W/skia    (  477): AGTM parsing failed flags.readFromStream(s) at 159
08-21 00:11:00.506 W/skia    (  477): AGTM parsing failed flags.readFromStream(s) at 159
08-21 00:11:00.523 W/skia    (  477): AGTM parsing failed flags.readFromStream(s) at 159
08-21 00:11:00.523 W/skia    (  477): AGTM parsing failed flags.readFromStream(s) at 159
08-21 00:11:00.523 W/skia    (  477): AGTM parsing failed flags.readFromStream(s) at 159
08-21 00:11:00.523 W/skia    (  477): AGTM parsing failed flags.readFromStream(s) at 159
08-21 00:11:00.523 W/skia    (  477): AGTM parsing failed flags.readFromStream(s) at 159
08-21 00:11:00.523 W/skia    (  477): AGTM parsing failed flags.readFromStream(s) at 159
08-21 00:11:00.523 W/skia    (  477): AGTM parsing failed flags.readFromStream(s) at 159
08-21 00:11:00.523 W/skia    (  477): AGTM parsing failed flags.readFromStream(s) at 159
08-21 00:11:00.533 I/flutter (14963): The Dart VM service is listening on http://127.0.0.1:42163/q1Ewf4lHZYU=/
08-21 00:11:00.539 W/skia    (  477): AGTM parsing failed flags.readFromStream(s) at 159
08-21 00:11:00.539 W/skia    (  477): AGTM parsing failed flags.readFromStream(s) at 159
08-21 00:11:00.539 W/skia    (  477): AGTM parsing failed flags.readFromStream(s) at 159
08-21 00:11:00.539 W/skia    (  477): AGTM parsing failed flags.readFromStream(s) at 159
08-21 00:11:00.539 W/skia    (  477): AGTM parsing failed flags.readFromStream(s) at 159
08-21 00:11:00.539 W/skia    (  477): AGTM parsing failed flags.readFromStream(s) at 159
08-21 00:11:00.539 W/skia    (  477): AGTM parsing failed flags.readFromStream(s) at 159
08-21 00:11:00.539 W/skia    (  477): AGTM parsing failed flags.readFromStream(s) at 159
08-21 00:11:00.556 W/skia    (  477): AGTM parsing failed flags.readFromStream(s) at 159
08-21 00:11:00.556 W/skia    (  477): AGTM parsing failed flags.readFromStream(s) at 159
08-21 00:11:00.556 W/skia    (  477): AGTM parsing failed flags.readFromStream(s) at 159
08-21 00:11:00.556 W/skia    (  477): AGTM parsing failed flags.readFromStream(s) at 159
08-21 00:11:00.556 W/skia    (  477): AGTM parsing failed flags.readFromStream(s) at 159
08-21 00:11:00.556 W/skia    (  477): AGTM parsing failed flags.readFromStream(s) at 159
08-21 00:11:00.556 W/skia    (  477): AGTM parsing failed flags.readFromStream(s) at 159
08-21 00:11:00.556 W/skia    (  477): AGTM parsing failed flags.readFromStream(s) at 159
08-21 00:11:00.560 W/skia    (  477): AGTM parsing failed flags.readFromStream(s) at 159
08-21 00:11:00.560 W/skia    (  477): AGTM parsing failed flags.readFromStream(s) at 159
08-21 00:11:00.560 W/skia    (  477): AGTM parsing failed flags.readFromStream(s) at 159
08-21 00:11:00.560 W/skia    (  477): AGTM parsing failed flags.readFromStream(s) at 159
08-21 00:11:00.572 W/skia    (  477): AGTM parsing failed flags.readFromStream(s) at 159
08-21 00:11:00.572 W/skia    (  477): AGTM parsing failed flags.readFromStream(s) at 159
08-21 00:11:00.572 W/skia    (  477): AGTM parsing failed flags.readFromStream(s) at 159
08-21 00:11:00.573 W/skia    (  477): AGTM parsing failed flags.readFromStream(s) at 159
08-21 00:11:00.573 W/skia    (  477): AGTM parsing failed flags.readFromStream(s) at 159
08-21 00:11:00.573 W/skia    (  477): AGTM parsing failed flags.readFromStream(s) at 159
08-21 00:11:00.573 W/skia    (  477): AGTM parsing failed flags.readFromStream(s) at 159
08-21 00:11:00.573 W/skia    (  477): AGTM parsing failed flags.readFromStream(s) at 159
08-21 00:11:00.589 W/skia    (  477): AGTM parsing failed flags.readFromStream(s) at 159
08-21 00:11:00.589 W/skia    (  477): AGTM parsing failed flags.readFromStream(s) at 159
08-21 00:11:00.589 W/skia    (  477): AGTM parsing failed flags.readFromStream(s) at 159
08-21 00:11:00.589 W/skia    (  477): AGTM parsing failed flags.readFromStream(s) at 159
08-21 00:11:00.589 W/skia    (  477): AGTM parsing failed flags.readFromStream(s) at 159
08-21 00:11:00.589 W/skia    (  477): AGTM parsing failed flags.readFromStream(s) at 159
08-21 00:11:00.589 W/skia    (  477): AGTM parsing failed flags.readFromStream(s) at 159
08-21 00:11:00.589 W/skia    (  477): AGTM parsing failed flags.readFromStream(s) at 159
08-21 00:11:00.606 W/skia    (  477): AGTM parsing failed flags.readFromStream(s) at 159
08-21 00:11:00.606 W/skia    (  477): AGTM parsing failed flags.readFromStream(s) at 159
08-21 00:11:00.606 W/skia    (  477): AGTM parsing failed flags.readFromStream(s) at 159
08-21 00:11:00.606 W/skia    (  477): AGTM parsing failed flags.readFromStream(s) at 159
08-21 00:11:00.606 W/skia    (  477): AGTM parsing failed flags.readFromStream(s) at 159
08-21 00:11:00.606 W/skia    (  477): AGTM parsing failed flags.readFromStream(s) at 159
08-21 00:11:00.606 W/skia    (  477): AGTM parsing failed flags.readFromStream(s) at 159
08-21 00:11:00.606 W/skia    (  477): AGTM parsing failed flags.readFromStream(s) at 159
08-21 00:11:00.622 W/skia    (  477): AGTM parsing failed flags.readFromStream(s) at 159
08-21 00:11:00.622 W/skia    (  477): AGTM parsing failed flags.readFromStream(s) at 159
08-21 00:11:00.622 W/skia    (  477): AGTM parsing failed flags.readFromStream(s) at 159
08-21 00:11:00.622 W/BlurChoreographer(  894): Multiple blur values emitted in the same frame
08-21 00:11:00.622 W/skia    (  477): AGTM parsing failed flags.readFromStream(s) at 159
08-21 00:11:00.622 W/skia    (  477): AGTM parsing failed flags.readFromStream(s) at 159
08-21 00:11:00.622 W/skia    (  477): AGTM parsing failed flags.readFromStream(s) at 159
08-21 00:11:00.622 W/skia    (  477): AGTM parsing failed flags.readFromStream(s) at 159
08-21 00:11:00.622 W/skia    (  477): AGTM parsing failed flags.readFromStream(s) at 159
08-21 00:11:00.639 W/skia    (  477): AGTM parsing failed flags.readFromStream(s) at 159
08-21 00:11:00.639 W/skia    (  477): AGTM parsing failed flags.readFromStream(s) at 159
08-21 00:11:00.639 W/skia    (  477): AGTM parsing failed flags.readFromStream(s) at 159
08-21 00:11:00.639 W/skia    (  477): AGTM parsing failed flags.readFromStream(s) at 159
08-21 00:11:00.639 W/skia    (  477): AGTM parsing failed flags.readFromStream(s) at 159
08-21 00:11:00.639 W/skia    (  477): AGTM parsing failed flags.readFromStream(s) at 159
08-21 00:11:00.639 W/skia    (  477): AGTM parsing failed flags.readFromStream(s) at 159
08-21 00:11:00.639 W/skia    (  477): AGTM parsing failed flags.readFromStream(s) at 159
08-21 00:11:00.641 D/StatusBar##isHomeStatusBarAllowed(  894): newValue: true
08-21 00:11:00.641 D/StatusBar##canShowOngoingActivityChips(  894): newValue: true
08-21 00:11:00.641 D/StatusBar##chips(  894): newValue: Chips[allowed=true numChips=0]
08-21 00:11:00.641 E/NotifRow(  894): Magnetic state changed from IDLE to IDLE on a null swiped listener, or the logging key of the listener is null
08-21 00:11:00.641 D/ShadeStatusBarComponentsInteractor#disableFlagsInteractor(  894): newValue: DisableFlagsModel(disable1=0, disable2=0, animate=false)
08-21 00:11:00.642 D/DepthController(  894): appLaunchTransitionIsInProgress is now false from shade expansion event
08-21 00:11:00.644 V/WindowManagerShell(  894): Received remote transition finished callback for (#56)
08-21 00:11:00.646 V/WindowManagerShell(  894): Transition animation finished (aborted=false), notifying core (#56) android.os.BinderProxy@e74c197@0
08-21 00:11:00.651 V/WindowManager(  642): Finish Transition (#56): created at 08-21 00:11:00.037 collect-started=0.009ms request-sent=2.076ms started=4.97ms ready=54.331ms sent=55.283ms commit=15.224ms finished=613.152ms
08-21 00:11:00.651 D/VRI[NexusLauncherActivity]( 1043): visibilityChanged oldVisibility=true newVisibility=false
08-21 00:11:00.651 D/WallpaperService(  894): onVisibilityChanged(false): com.android.systemui.wallpapers.ImageWallpaper$CanvasEngine@fc428c8
08-21 00:11:00.653 D/ControlsListingControllerImpl(  894): Unsubscribing callback
08-21 00:11:00.653 D/DLObserver(  894): remove listener: com.android.systemui.dock.DockManagerExtensionsKt$retrieveIsDocked$1$callback$1@954361f
08-21 00:11:00.654 D/DLObserver(  894): remove listener: com.android.systemui.dock.DockManagerExtensionsKt$retrieveIsDocked$1$callback$1@c52ad6c
08-21 00:11:00.654 V/WindowManagerShell(  894): Track 0 became idle
08-21 00:11:00.654 V/WindowManagerShell(  894): All active transition animations finished
08-21 00:11:00.654 D/ControlsListingControllerImpl(  894): Unsubscribing callback
08-21 00:11:00.655 D/SmartspaceInteractor( 1043): notifySmartspaceEvent: SmartspaceTargetEvent{mSmartspaceTarget=null, mSmartspaceActionId='null', mEventType=7}
08-21 00:11:00.656 I/AiAiEcho( 1655): AmbientDataPredictorImpl No tracked ambient data found for ID: null; for event type: 7, skipping event processing.
08-21 00:11:00.658 D/DLObserver(  894): remove listener: com.android.systemui.dock.DockManagerExtensionsKt$retrieveIsDocked$1$callback$1@d92ef35
08-21 00:11:00.658 D/ControlsListingControllerImpl(  894): Unsubscribing callback
08-21 00:11:00.658 D/DLObserver(  894): remove listener: com.android.systemui.dock.DockManagerExtensionsKt$retrieveIsDocked$1$callback$1@1278479
08-21 00:11:00.659 D/DLObserver(  894): remove listener: com.android.systemui.dock.DockManagerExtensionsKt$retrieveIsDocked$1$callback$1@11afd40
08-21 00:11:00.659 D/DLObserver(  894): remove listener: com.android.systemui.dock.DockManagerExtensionsKt$retrieveIsDocked$1$callback$1@6c675be
08-21 00:11:00.660 W/skia    (  477): AGTM parsing failed flags.readFromStream(s) at 159
08-21 00:11:00.660 W/skia    (  477): AGTM parsing failed flags.readFromStream(s) at 159
08-21 00:11:00.666 D/WindowOnBackDispatcher(  894): setTopOnBackInvokedCallback (unwrapped): null
08-21 00:11:00.666 D/CoreBackPreview(  642): Window{f5ef045 u0 NotificationShade}: Setting back callback null
08-21 00:11:00.745 D/com.llfbandit.app_links(14963): Intent { flg=0x10000000 xflg=0x5 cmp=com.izzes.nears/.MainActivity }
08-21 00:11:00.752 I/DynamiteModule(14963): Considering local module com.google.android.gms.measurement.dynamite:185 and remote module com.google.android.gms.measurement.dynamite:202
08-21 00:11:00.752 I/DynamiteModule(14963): Selected remote version of com.google.android.gms.measurement.dynamite, version >= 202
08-21 00:11:00.752 V/DynamiteModule(14963): Dynamite loader version >= 2, using loadModule2NoCrashUtils
08-21 00:11:00.757 W/System  (14963): ClassLoader referenced unknown path: 
08-21 00:11:00.757 D/nativeloader(14963): Configuring clns-10 for other apk . target_sdk_version=37, uses_libraries=, library_path=/data/app/~~2fXQ6-xyEWEbual6_5Wrig==/com.google.android.gms-_SBUxIWyP-163dk_5Uqnhw==/lib/arm64:/data/app/~~2fXQ6-xyEWEbual6_5Wrig==/com.google.android.gms-_SBUxIWyP-163dk_5Uqnhw==/base.apk!/lib/arm64-v8a, permitted_path=/data:/mnt/expand:/data/user/0/com.google.android.gms
08-21 00:11:00.761 W/skia    (  477): AGTM parsing failed flags.readFromStream(s) at 159
08-21 00:11:00.775 D/DesktopExperienceFlags(14963): Toggle override initialized to: false
08-21 00:11:00.790 I/com.izzes.nears(14963): hiddenapi: Accessing hidden method Ldalvik/system/VMStack;->getStackClass2()Ljava/lang/Class; (runtime_flags=0, domain=core-platform, api=unsupported) from Lm7/aqg; (domain=app, TargetSdkVersion=36) using reflection: allowed
08-21 00:11:00.790 I/PhenotypeResourceReader( 1285): unable to find any Phenotype resource metadata for com.izzes.nears
08-21 00:11:00.791 D/FLTFireContextHolder(14963): received application context.
08-21 00:11:00.798 E/com.izzes.nears(14963): No package ID 6a found for resource ID 0x6a0b0013.
08-21 00:11:00.798 I/FA      (14963): App measurement initialized, version: 178008
08-21 00:11:00.799 I/FA      (14963): To enable debug logging run: adb shell setprop log.tag.FA VERBOSE
08-21 00:11:00.799 I/FA      (14963): To enable faster debug mode event logging run:
08-21 00:11:00.799 I/FA      (14963):   adb shell setprop debug.firebase.analytics.app com.izzes.nears
08-21 00:11:00.800 E/FA      (14963): Missing google_app_id. Firebase Analytics disabled. See https://goo.gl/NAOOOI
08-21 00:11:00.800 E/FA      (14963): Uploading is not possible. App measurement disabled
08-21 00:11:00.801 D/CompatChangeReporter(14963): Compat change id reported: 377864165; UID 10252; state: ENABLED
08-21 00:11:00.806 D/FlutterGeolocator(14963): Attaching Geolocator to activity
08-21 00:11:00.812 D/nativeloader(14963): Load /data/app/~~KhkoGxgWleXvanC1r0ezhg==/com.izzes.nears-VjQRwXFlvZaTMRoqdNXDPg==/lib/arm64/libdartjni.so using class loader ns clns-9 (caller=/data/app/~~KhkoGxgWleXvanC1r0ezhg==/com.izzes.nears-VjQRwXFlvZaTMRoqdNXDPg==/base.apk!classes12.dex): ok
08-21 00:11:00.835 I/com.izzes.nears(14963): hiddenapi: Accessing hidden method Landroid/view/accessibility/AccessibilityNodeInfo;->getSourceNodeId()J (runtime_flags=0, domain=platform, api=unsupported,test-api) from Lio/flutter/view/AccessibilityViewEmbedder$ReflectionAccessors; (domain=app, TargetSdkVersion=36) using reflection: allowed
08-21 00:11:00.835 I/com.izzes.nears(14963): hiddenapi: Accessing hidden method Landroid/view/accessibility/AccessibilityRecord;->getSourceNodeId()J (runtime_flags=0, domain=platform, api=unsupported) from Lio/flutter/view/AccessibilityViewEmbedder$ReflectionAccessors; (domain=app, TargetSdkVersion=36) using reflection: allowed
08-21 00:11:00.835 I/com.izzes.nears(14963): hiddenapi: Accessing hidden field Landroid/view/accessibility/AccessibilityNodeInfo;->mChildNodeIds:Landroid/util/LongArray; (runtime_flags=0, domain=platform, api=unsupported) from Lio/flutter/view/AccessibilityViewEmbedder$ReflectionAccessors; (domain=app, TargetSdkVersion=36) using reflection: allowed
08-21 00:11:00.835 I/com.izzes.nears(14963): hiddenapi: Accessing hidden method Landroid/util/LongArray;->get(I)J (runtime_flags=0, domain=platform, api=unsupported) from Lio/flutter/view/AccessibilityViewEmbedder$ReflectionAccessors; (domain=app, TargetSdkVersion=36) using reflection: allowed
08-21 00:11:00.840 D/FlutterRenderer(14963): Width is zero. 0,0
08-21 00:11:00.849 D/com.llfbandit.app_links(14963): Intent { act=android.intent.action.MAIN cat=[android.intent.category.LAUNCHER] flg=0x14400000 xflg=0x4 pkg=com.izzes.nears cmp=com.izzes.nears/.MainActivity (has extras) }
08-21 00:11:00.852 I/FA      (14963): Tag Manager is not found and thus will not be used
08-21 00:11:00.854 D/BoundBrokerSvc( 5388): onBind: Intent { act=com.google.android.gms.measurement.START xflg=0x4 pkg=com.google.android.gms }
08-21 00:11:00.854 D/BoundBrokerSvc( 5388): Loading bound service for intent: Intent { act=com.google.android.gms.measurement.START xflg=0x4 pkg=com.google.android.gms }
08-21 00:11:00.854 W/HWUI    (14963): Unknown dataspace 0
08-21 00:11:00.857 W/libc    (14963): Access denied finding property "vendor.mesa.virtgpu.kumquat"
08-21 00:11:00.857 W/InputChannel-JNI(  642): Channel already disposed.
08-21 00:11:00.874 W/skia    (  477): AGTM parsing failed flags.readFromStream(s) at 159
08-21 00:11:00.936 D/FlutterGeolocator(14963): Creating service.
08-21 00:11:00.937 D/FlutterGeolocator(14963): Binding to location service.
08-21 00:11:00.937 D/FlutterLocationService(14963): Creating service.
08-21 00:11:00.939 D/FlutterLocationService(14963): Binding to location service.
08-21 00:11:00.940 W/AnalyticsUserIDStore(14963): initStore should have been called before calling setUserID
08-21 00:11:00.941 D/WindowOnBackDispatcher(14963): setTopOnBackInvokedCallback (unwrapped): android.app.Activity$$ExternalSyntheticLambda0@9ab28f6
08-21 00:11:00.941 D/CoreBackPreview(  642): Window{139d668 u0 com.izzes.nears/com.izzes.nears.MainActivity}: Setting back callback OnBackInvokedCallbackInfo{mCallback=android.window.IOnBackInvokedCallback$Stub$Proxy@f251f67, mPriority=-1, mIsAnimationCallback=false, mOverrideBehavior=0}
08-21 00:11:00.944 I/WindowExtensionsImpl(14963): Initializing Window Extensions, vendor API level=10, activity embedding enabled=true
08-21 00:11:00.946 W/UiContextUtils(14963): Requested context is a non-UI Context. Creating a UI-Context with display: 0. Context: Context=android.app.Application@6416cb8, of which baseContext=android.app.ContextImpl@d25a56
08-21 00:11:00.950 I/com.izzes.nears(14963): Compiler allocated 5317KB to compile void android.view.ViewRootImpl.performTraversals(long)
08-21 00:11:00.954 D/VRI[MainActivity](14963): WindowInsets changed: 1344x2992 statusBars:[0,159,0,0] navigationBars:[0,0,0,72] mandatorySystemGestures:[0,195,0,96] 
08-21 00:11:00.954 D/FlutterRenderer(14963): Width is zero. 0,0
08-21 00:11:00.957 D/WindowManager(  642): setClientSurface Surface(name=VRI-com.izzes.nears/com.izzes.nears.MainActivity#778)/@0x71f0a80 for 139d668 com.izzes.nears/com.izzes.nears.MainActivity
08-21 00:11:00.959 I/Surface (14963): Creating surface for consumer unnamed-14963-0 with slotExpansion=1 for 64 slots
08-21 00:11:00.959 I/Surface (14963): Creating surface for consumer VRI[MainActivity]#0(BLAST Consumer)0 with slotExpansion=1 for 64 slots
08-21 00:11:00.961 D/FlutterJNI(14963): Sending viewport metrics to the engine.
08-21 00:11:00.968 I/Surface (14963): Creating surface for consumer unnamed-14963-1 with slotExpansion=1 for 64 slots
08-21 00:11:00.969 I/Surface (14963): Creating surface for consumer b2a5e2e SurfaceView[com.izzes.nears/com.izzes.nears.MainActivity]#1(BLAST Consumer)1 with slotExpansion=1 for 64 slots
08-21 00:11:00.975 W/skia    (  477): AGTM parsing failed flags.readFromStream(s) at 159
08-21 00:11:01.076 W/skia    (  477): AGTM parsing failed flags.readFromStream(s) at 159
08-21 00:11:01.176 W/skia    (  477): AGTM parsing failed flags.readFromStream(s) at 159
08-21 00:11:01.252 D/FlutterGeolocator(14963): Geolocator foreground service connected
08-21 00:11:01.252 D/FlutterGeolocator(14963): Initializing Geolocator services
08-21 00:11:01.252 D/FlutterGeolocator(14963): Flutter engine connected. Connected engine count 1
08-21 00:11:01.252 D/LocationPlugin(14963): Service connected: ComponentInfo{com.izzes.nears/com.lyokone.location.FlutterLocationService}
08-21 00:11:01.262 D/WindowLayoutComponentImpl(14963): Register WindowLayoutInfoListener on Context=com.izzes.nears.MainActivity@5f7d1dc, of which baseContext=android.app.ContextImpl@3306e19
08-21 00:11:01.266 D/FirebaseSessions(14963): Dependency to CRASHLYTICS added.
08-21 00:11:01.267 I/FirebaseApp(14963): Device unlocked: initializing all Firebase APIs for app [DEFAULT]
08-21 00:11:01.271 D/nativeloader(14963): Load /data/app/~~KhkoGxgWleXvanC1r0ezhg==/com.izzes.nears-VjQRwXFlvZaTMRoqdNXDPg==/lib/arm64/libdatastore_shared_counter.so using class loader ns clns-9 (caller=/data/app/~~KhkoGxgWleXvanC1r0ezhg==/com.izzes.nears-VjQRwXFlvZaTMRoqdNXDPg==/base.apk!classes23.dex): ok
08-21 00:11:01.272 D/FlutterJNI(14963): Sending viewport metrics to the engine.
08-21 00:11:01.276 W/skia    (  477): AGTM parsing failed flags.readFromStream(s) at 159
08-21 00:11:01.277 D/FirebaseSessions(14963): Initializing Firebase Sessions 3.0.6.
08-21 00:11:01.284 I/FirebaseCrashlytics(14963): Initializing Firebase Crashlytics 20.0.6 for com.izzes.nears
08-21 00:11:01.287 D/FirebaseSessions(14963): Subscriber CRASHLYTICS registered.
08-21 00:11:01.288 D/FirebaseSessions(14963): No Sessions subscribers. Not listening to lifecycle events.
08-21 00:11:01.288 D/FirebaseSessions(14963): Notified CRASHLYTICS of new session 21af385b7e644aa0a54323a137a64bfc
08-21 00:11:01.301 D/FileUtils(  642): Rounded bytes from 3155017728 to 4000000000
08-21 00:11:01.309 I/FirebaseCrashlytics(14963): No version control information found
08-21 00:11:01.346 D/FileUtils(  642): Rounded bytes from 3155017728 to 4000000000
08-21 00:11:01.359 I/keystore2(  311): system/security/keystore2/src/database.rs:1206 - Setting synchronous=EXTRA
08-21 00:11:01.361 I/FontLog ( 1285): (REDACTED) Received query %s, URI %s
08-21 00:11:01.361 I/FontLog ( 1285): (REDACTED) Query [%s] resolved to %s
08-21 00:11:01.361 I/FontLog ( 1285): (REDACTED) Fetch %s end status %s
08-21 00:11:01.362 I/FontLog ( 1285): (REDACTED) Pulling font file for id = %d, cache size = %d
08-21 00:11:01.363 I/HWUI    (14963): Using FreeType backend (prop=Auto)
08-21 00:11:01.366 I/FontLog ( 1285): (REDACTED) Pulling font file for id = %d, cache size = %d
08-21 00:11:01.469 I/flutter (14963): 📊 analytics: app_open {}
08-21 00:11:01.517 I/flutter (14963): [INFO] msg="route: building splash route, hasData=true"
08-21 00:11:01.652 I/flutter (14963): [INFO] msg="route: navigating to splash screen"
08-21 00:11:01.663 I/flutter (14963): [INFO] msg="splash: location prefetch initiated"
08-21 00:11:01.726 I/flutter (14963): [NET] GET endpoint=/api/v1/customer/cart/list
08-21 00:11:01.774 W/skia    (  477): AGTM parsing failed flags.readFromStream(s) at 159
08-21 00:11:01.860 I/ActivityTaskManager(  642): Displayed com.izzes.nears/.MainActivity for user 0: +1s850ms
08-21 00:11:01.860 I/ActivityTaskManager(  642): Fully drawn com.izzes.nears/.MainActivity: +1s850ms
08-21 00:11:01.861 E/com.facebook.GraphResponse(14963): {HttpStatus: 400, errorCode: 190, subErrorCode: -1, errorType: OAuthException, errorMessage: Error validating application. Application has been deleted.}
08-21 00:11:01.864 E/com.facebook.GraphResponse(14963): {HttpStatus: 400, errorCode: 190, subErrorCode: -1, errorType: OAuthException, errorMessage: Error validating application. Application has been deleted.}
08-21 00:11:01.865 E/com.facebook.GraphResponse(14963): {HttpStatus: 400, errorCode: 190, subErrorCode: -1, errorType: OAuthException, errorMessage: Error validating application. Application has been deleted.}
08-21 00:11:01.865 E/com.facebook.GraphResponse(14963): {HttpStatus: 400, errorCode: 190, subErrorCode: -1, errorType: OAuthException, errorMessage: Error validating application. Application has been deleted.}
08-21 00:11:01.874 W/skia    (  477): AGTM parsing failed flags.readFromStream(s) at 159
08-21 00:11:01.938 E/FA      (14963): Missing google_app_id. Firebase Analytics disabled. See https://goo.gl/NAOOOI
08-21 00:11:01.941 D/ConnectivityService(  642): requestNetwork for uid/pid:10252/14963 activeRequest: null callbackRequest: 528 [NetworkRequest [ REQUEST id=529, [ Capabilities: INTERNET&NOT_RESTRICTED&TRUSTED&NOT_VCN_MANAGED&NOT_BANDWIDTH_CONSTRAINED Uid: 10252 RequestorUid: 10252 RequestorPkg: com.izzes.nears UnderlyingNetworks: Null] ]] callback flags: 0 order: 2147483647 isUidTracked: false declaredMethods: AVAIL|LOST|NC
08-21 00:11:01.946 D/WifiNetworkFactory(  642): got request NetworkRequest [ REQUEST id=529, [ Capabilities: INTERNET&NOT_RESTRICTED&TRUSTED&NOT_VCN_MANAGED&NOT_BANDWIDTH_CONSTRAINED Uid: 10252 RequestorUid: 10252 RequestorPkg: com.izzes.nears UnderlyingNetworks: Null] ]
08-21 00:11:01.946 D/ConnectivityService(  642): NetReassign [529 : null → 108] [c 0] [a 4] [i 1]
08-21 00:11:01.946 D/UntrustedWifiNetworkFactory(  642): got request NetworkRequest [ REQUEST id=529, [ Capabilities: INTERNET&NOT_RESTRICTED&TRUSTED&NOT_VCN_MANAGED&NOT_BANDWIDTH_CONSTRAINED Uid: 10252 RequestorUid: 10252 RequestorPkg: com.izzes.nears UnderlyingNetworks: Null] ]
08-21 00:11:01.946 D/OemPaidWifiNetworkFactory(  642): got request NetworkRequest [ REQUEST id=529, [ Capabilities: INTERNET&NOT_RESTRICTED&TRUSTED&NOT_VCN_MANAGED&NOT_BANDWIDTH_CONSTRAINED Uid: 10252 RequestorUid: 10252 RequestorPkg: com.izzes.nears UnderlyingNetworks: Null] ]
08-21 00:11:01.946 D/MultiInternetWifiNetworkFactory(  642): got request NetworkRequest [ REQUEST id=529, [ Capabilities: INTERNET&NOT_RESTRICTED&TRUSTED&NOT_VCN_MANAGED&NOT_BANDWIDTH_CONSTRAINED Uid: 10252 RequestorUid: 10252 RequestorPkg: com.izzes.nears UnderlyingNetworks: Null] ]
08-21 00:11:01.974 W/skia    (  477): AGTM parsing failed flags.readFromStream(s) at 159
08-21 00:11:01.974 W/skia    (  477): AGTM parsing failed flags.readFromStream(s) at 159
08-21 00:11:01.974 W/skia    (  477): AGTM parsing failed flags.readFromStream(s) at 159
08-21 00:11:01.980 I/flutter (14963): [INFO] msg="splash: deeplink resolved canRoute=true"
08-21 00:11:01.980 I/flutter (14963): [INFO] msg="splash: routing"
08-21 00:11:01.992 I/flutter (14963): [NET] GET endpoint=/api/v1/config
08-21 00:11:02.009 I/flutter (14963): [NET] GET endpoint=/api/v1/customer/info
08-21 00:11:02.009 I/flutter (14963): [NET] GET endpoint=/api/v1/customer/wallet/bonuses
08-21 00:11:02.010 I/flutter (14963): [NET] GET endpoint=/api/v1/customer/wallet/transactions
08-21 00:11:02.031 E/com.facebook.GraphResponse(14963): {HttpStatus: 400, errorCode: 190, subErrorCode: -1, errorType: OAuthException, errorMessage: Error validating application. Application has been deleted.}
08-21 00:11:02.074 W/skia    (  477): AGTM parsing failed flags.readFromStream(s) at 159
08-21 00:11:02.074 W/skia    (  477): AGTM parsing failed flags.readFromStream(s) at 159
08-21 00:11:02.074 W/skia    (  477): AGTM parsing failed flags.readFromStream(s) at 159
08-21 00:11:02.108 I/ImeTracker(  642): com.izzes.nears:3a7cda9d: onRequestHide at ORIGIN_SERVER reason HIDE_UNSPECIFIED_WINDOW fromUser false userId 0 displayId 0
08-21 00:11:02.108 I/SubtypeOperator( 1542): SubtypeOperator$1.onUnbindInput():43 
08-21 00:11:02.109 D/InputMethodManagerService(  642): Attach new input but force hide
08-21 00:11:02.109 I/ImeTracker(  642): com.izzes.nears:303406be: onRequestHide at ORIGIN_SERVER reason HIDE_SOFT_INPUT fromUser false userId 0 displayId 0
08-21 00:11:02.109 I/ImeTracker(  642): com.izzes.nears:303406be: onCancelled at PHASE_SERVER_SHOULD_HIDE
08-21 00:11:02.109 I/SubtypeOperator( 1542): SubtypeOperator$1.onBindInput():33 
08-21 00:11:02.110 W/InputChannel-JNI(  642): Channel already disposed.
08-21 00:11:02.110 I/GoogleInputMethodService( 1542): GoogleInputMethodService.onFinishInput():2361 
08-21 00:11:02.110 I/GoogleInputMethodService( 1542): GoogleInputMethodService.onStartInput():1532 onStartInput(EditorInfo{EditorInfo{packageName=com.izzes.nears, inputType=0, inputTypeString=NULL, enableLearning=false, autoCorrection=false, autoComplete=false, imeOptions=0, privateImeOptions=null, actionName=UNSPECIFIED, actionLabel=null, initialSelStart=-1, initialSelEnd=-1, initialCapsMode=0, label=null, fieldId=0, fieldName=null, extras=null, hintText=null, hintLocales=[]}}, false)
08-21 00:11:02.111 I/ImeTracker(  642): system_server:ad0b1cd9: onRequestHide at ORIGIN_SERVER reason IME_REQUESTED_CHANGED_LISTENER fromUser false displayId 0
08-21 00:11:02.111 I/LatinIMEBase( 1542): LatinIMEBase.updateInputViewCoverNavigation():316 Update input view padding, isNavbarOverInputWindow=true, bottom inset=144
08-21 00:11:02.111 I/ImeTracker(  642): system_server:ad0b1cd9: onCancelled at PHASE_SERVER_SHOULD_HIDE
08-21 00:11:02.111 I/Module  ( 1542): DeviceLockedStatusModuleProvider$Module.updateDeviceLockedStatusInternal():119 repeatCheckTimes = 0, locked = false
08-21 00:11:02.111 I/Module  ( 1542): DeviceLockedStatusModuleProvider$Module.updateDeviceLockedStatusInternal():119 repeatCheckTimes = 1, locked = false
08-21 00:11:02.111 W/PackageConfigPersister(  642): App-specific configuration not found for packageName: com.izzes.nears and userId: 0
08-21 00:11:02.135 I/FLTFireBGExecutor(14963): Creating background FlutterEngine instance, with args: []
08-21 00:11:02.137 W/libc    (14963): Access denied finding property "vendor.mesa.virtgpu.kumquat"
08-21 00:11:02.142 D/FLTFireContextHolder(14963): received application context.
08-21 00:11:02.148 I/flutter (14963): [IMPORTANT:flutter/shell/platform/android/android_context_gl_impeller.cc(104)] Using the Impeller rendering backend (OpenGLES).
08-21 00:11:02.149 W/libc    (14963): Access denied finding property "vendor.mesa.virtgpu.kumquat"
08-21 00:11:02.158 W/libbinder.IPCThreadState(  519): Sending oneway calls to frozen process.
08-21 00:11:02.172 D/BaseActivity( 1043): Launcher flags updated: [] -[state_started]
08-21 00:11:02.172 D/BaseDepthController( 1043): setSurface:
08-21 00:11:02.172 D/BaseDepthController( 1043): 	mWaitingOnSurfaceValidity: false
08-21 00:11:02.172 D/BaseDepthController( 1043): 	mBaseSurface: null
08-21 00:11:02.174 D/BaseDepthController( 1043): mSurface is null and mCurrentBlur is: 0
08-21 00:11:02.175 D/LauncherStateManager( 1043): StateManager.goToState: fromState: Normal, toState: Normal, partial trace:
08-21 00:11:02.175 D/LauncherStateManager( 1043): 	at com.android.launcher3.statemanager.StateManager.moveToRestState(go/retraceme 4b96215a9d9b4c1494121442fbf9d6e89857c91e1d76ddcc689701971259418a:26)
08-21 00:11:02.175 D/LauncherStateManager( 1043): 	at com.android.launcher3.statemanager.StateManager.moveToRestState(go/retraceme 4b96215a9d9b4c1494121442fbf9d6e89857c91e1d76ddcc689701971259418a:35)
08-21 00:11:02.175 D/LauncherStateManager( 1043): 	at com.android.launcher3.statemanager.StatefulActivity.onStop(go/retraceme 4b96215a9d9b4c1494121442fbf9d6e89857c91e1d76ddcc689701971259418a:31)
08-21 00:11:02.175 D/LauncherStateManager( 1043): StateManager.onRepeatStateSetAborted: state: Normal
08-21 00:11:02.175 D/KeyboardStateManager( 1043): hideKeyboard
08-21 00:11:02.175 D/KeyboardStateManager( 1043): isImeShown: false
08-21 00:11:02.175 D/StatsLog( 1043): LAUNCHER_ONSTOP
08-21 00:11:02.175 W/skia    (  477): AGTM parsing failed flags.readFromStream(s) at 159
08-21 00:11:02.175 W/skia    (  477): AGTM parsing failed flags.readFromStream(s) at 159
08-21 00:11:02.175 W/skia    (  477): AGTM parsing failed flags.readFromStream(s) at 159
08-21 00:11:02.176 D/StatsLog( 1043): LAUNCHER_GOOGLE_SEARCH_RESTORE_LIST_SIZE_AFTER_ACTIVITY_RESTART
08-21 00:11:02.205 W/System  ( 1043): A resource failed to call release. 
08-21 00:11:02.205 W/System  ( 1043): A resource failed to call release. 
08-21 00:11:02.205 W/System  ( 1043): A resource failed to call release. 
08-21 00:11:02.207 E/com.facebook.GraphResponse(14963): {HttpStatus: 400, errorCode: 190, subErrorCode: -1, errorType: OAuthException, errorMessage: Error validating application. Application has been deleted.}
08-21 00:11:02.207 W/System  (  894): A resource failed to call release. 
08-21 00:11:02.207 W/System  (  894): A resource failed to call release. 
08-21 00:11:02.207 W/System  (  894): A resource failed to call release. 
08-21 00:11:02.207 W/System  (  894): A resource failed to call release. 
08-21 00:11:02.208 W/System  (  894): A resource failed to call release. 
08-21 00:11:02.208 W/System  (  894): A resource failed to call release. 
08-21 00:11:02.208 W/System  (  894): A resource failed to call release. 
08-21 00:11:02.208 W/System  (  894): A resource failed to call release. 
08-21 00:11:02.208 W/System  (  894): A resource failed to call release. 
08-21 00:11:02.276 W/skia    (  477): AGTM parsing failed flags.readFromStream(s) at 159
08-21 00:11:02.276 W/skia    (  477): AGTM parsing failed flags.readFromStream(s) at 159
08-21 00:11:02.276 W/skia    (  477): AGTM parsing failed flags.readFromStream(s) at 159
08-21 00:11:02.342 D/WindowOnBackDispatcher(14963): setTopOnBackInvokedCallback (unwrapped): io.flutter.embedding.android.FlutterActivity$1@d973a4c
08-21 00:11:02.342 D/CoreBackPreview(  642): Window{139d668 u0 com.izzes.nears/com.izzes.nears.MainActivity}: Setting back callback OnBackInvokedCallbackInfo{mCallback=android.window.IOnBackInvokedCallback$Stub$Proxy@f56f799, mPriority=0, mIsAnimationCallback=true, mOverrideBehavior=0}
08-21 00:11:02.349 D/InsetsController(14963): hide(ime())
08-21 00:11:02.349 I/ImeTracker(14963): com.izzes.nears:3a7cda9d: onCancelled at PHASE_CLIENT_ALREADY_HIDDEN
08-21 00:11:02.351 D/FlutterGeolocator(14963): Geolocator foreground service connected
08-21 00:11:02.351 D/FlutterGeolocator(14963): Initializing Geolocator services
08-21 00:11:02.351 D/FlutterGeolocator(14963): Flutter engine connected. Connected engine count 2
08-21 00:11:02.354 I/FLTFireMsgService(14963): FlutterFirebaseMessagingBackgroundService started!
08-21 00:11:02.360 I/flutter (14963): [NET] endpoint=/api/v1/customer/cart/list http_status=200
08-21 00:11:02.376 I/FusedLocation( 1285): stationary throttling disengaged [CONTEXT service_id=6 ]
08-21 00:11:02.377 W/skia    (  477): AGTM parsing failed flags.readFromStream(s) at 159
08-21 00:11:02.377 W/skia    (  477): AGTM parsing failed flags.readFromStream(s) at 159
08-21 00:11:02.378 I/FusedOrientationManager( 1285): Registering orientation client. [CONTEXT service_id=6 ]
08-21 00:11:02.381 W/Looper  ( 1285): Looper already prepared for this thread with a different value for the LOOPER_PREPARE_ALLOW_NON_CALLBACKS option.
08-21 00:11:02.478 W/skia    (  477): AGTM parsing failed flags.readFromStream(s) at 159
08-21 00:11:02.478 W/skia    (  477): AGTM parsing failed flags.readFromStream(s) at 159
08-21 00:11:02.511 E/com.facebook.GraphResponse(14963): {HttpStatus: 400, errorCode: 190, subErrorCode: -1, errorType: OAuthException, errorMessage: Error validating application. Application has been deleted.}
08-21 00:11:02.523 E/com.facebook.GraphResponse(14963): {HttpStatus: 400, errorCode: 190, subErrorCode: -1, errorType: OAuthException, errorMessage: Error validating application. Application has been deleted.}
08-21 00:11:02.578 W/skia    (  477): AGTM parsing failed flags.readFromStream(s) at 159
08-21 00:11:02.578 W/skia    (  477): AGTM parsing failed flags.readFromStream(s) at 159
08-21 00:11:02.603 I/flutter (14963): [NET] endpoint=/api/v1/customer/wallet/transactions http_status=200
08-21 00:11:02.680 W/skia    (  477): AGTM parsing failed flags.readFromStream(s) at 159
08-21 00:11:02.680 W/skia    (  477): AGTM parsing failed flags.readFromStream(s) at 159
08-21 00:11:02.685 I/flutter (14963): [NET] endpoint=/api/v1/customer/info http_status=200
08-21 00:11:02.685 E/com.facebook.GraphResponse(14963): {HttpStatus: 400, errorCode: 190, subErrorCode: -1, errorType: OAuthException, errorMessage: Error validating application. Application has been deleted.}
08-21 00:11:02.757 W/libbinder.IPCThreadState(  642): Sending oneway calls to frozen process.
08-21 00:11:02.759 W/libbinder.IPCThreadState(  642): Sending oneway calls to frozen process.
08-21 00:11:02.780 W/skia    (  477): AGTM parsing failed flags.readFromStream(s) at 159
08-21 00:11:02.780 W/skia    (  477): AGTM parsing failed flags.readFromStream(s) at 159
08-21 00:11:02.798 I/flutter (14963): [NET] endpoint=/api/v1/customer/wallet/bonuses http_status=200
08-21 00:11:02.855 E/com.facebook.GraphResponse(14963): {HttpStatus: 400, errorCode: 190, subErrorCode: -1, errorType: OAuthException, errorMessage: Error validating application. Application has been deleted.}
08-21 00:11:02.861 I/flutter (14963): [NET] endpoint=/api/v1/config http_status=200
08-21 00:11:02.870 I/flutter (14963): [INFO] msg="splash: deeplink resolved canRoute=true"
08-21 00:11:02.870 I/flutter (14963): [INFO] msg="splash: routing"
08-21 00:11:02.881 W/skia    (  477): AGTM parsing failed flags.readFromStream(s) at 159
08-21 00:11:02.881 W/skia    (  477): AGTM parsing failed flags.readFromStream(s) at 159
08-21 00:11:02.967 D/SatelliteController( 1028): isInCarrierRoamingNbIotNtn: satellite is disabled
08-21 00:11:02.967 D/SatelliteController( 1028): getCarrierRoamingNtnConnectType: Checking connect type from PLMN config for subId: 1
08-21 00:11:02.967 D/TelephonyConfigUpdateInstallReceiver( 1028): getConfigParser: domain=satellite
08-21 00:11:02.967 V/SatelliteController( 1028): satelliteConfigParser is not ready
08-21 00:11:02.967 D/SatelliteController( 1028): isSatelliteAttachSupportedViaConfigupdater: return null (satelliteConfig is null)
08-21 00:11:02.967 W/libbinder.IPCThreadState(  642): Sending oneway calls to frozen process.
08-21 00:11:02.967 D/SatelliteController( 1028): getSatellitePerPlmnConfiguration: invalid subId or not supported via carrier.
08-21 00:11:02.967 D/SatelliteController( 1028): getCarrierRoamingNtnConnectType: config: null
08-21 00:11:02.967 D/TelephonyConfigUpdateInstallReceiver( 1028): getConfigParser: domain=satellite
08-21 00:11:02.967 V/SatelliteController( 1028): satelliteConfigParser is not ready
08-21 00:11:02.967 D/SatelliteController( 1028): getCarrierRoamingNtnConnectTypeViaConfigUpdater: return null (satelliteConfig is null)
08-21 00:11:02.968 D/SatelliteController( 1028): getCarrierRoamingNtnConnectType: Falling back to global carrier config connect type: 0
08-21 00:11:02.968 D/TelephonyConfigUpdateInstallReceiver( 1028): getConfigParser: domain=satellite
08-21 00:11:02.968 V/SatelliteController( 1028): satelliteConfigParser is not ready
08-21 00:11:02.968 D/SatelliteController( 1028): isSatelliteAttachSupportedViaConfigupdater: return null (satelliteConfig is null)
08-21 00:11:02.968 D/SatelliteController( 1028): getCarrierRoamingNtnConnectType: Checking connect type from PLMN config for subId: 1
08-21 00:11:02.968 D/TelephonyConfigUpdateInstallReceiver( 1028): getConfigParser: domain=satellite
08-21 00:11:02.968 V/SatelliteController( 1028): satelliteConfigParser is not ready
08-21 00:11:02.968 D/SatelliteController( 1028): isSatelliteAttachSupportedViaConfigupdater: return null (satelliteConfig is null)
08-21 00:11:02.968 D/SatelliteController( 1028): getSatellitePerPlmnConfiguration: invalid subId or not supported via carrier.
08-21 00:11:02.968 D/SatelliteController( 1028): getCarrierRoamingNtnConnectType: config: null
08-21 00:11:02.968 D/TelephonyConfigUpdateInstallReceiver( 1028): getConfigParser: domain=satellite
08-21 00:11:02.968 V/SatelliteController( 1028): satelliteConfigParser is not ready
08-21 00:11:02.968 D/SatelliteController( 1028): getCarrierRoamingNtnConnectTypeViaConfigUpdater: return null (satelliteConfig is null)
08-21 00:11:02.968 D/SatelliteController( 1028): getCarrierRoamingNtnConnectType: Falling back to global carrier config connect type: 0
08-21 00:11:02.968 D/TelephonyConfigUpdateInstallReceiver( 1028): getConfigParser: domain=satellite
08-21 00:11:02.968 V/SatelliteController( 1028): satelliteConfigParser is not ready
08-21 00:11:02.968 D/SatelliteController( 1028): isSatelliteAttachSupportedViaConfigupdater: return null (satelliteConfig is null)
08-21 00:11:02.981 W/skia    (  477): AGTM parsing failed flags.readFromStream(s) at 159
08-21 00:11:02.981 W/skia    (  477): AGTM parsing failed flags.readFromStream(s) at 159
08-21 00:11:03.043 E/TaskPersister(  642): File error accessing recents directory (directory doesn't exist?).
08-21 00:11:03.076 D/android.hardware.audio@7.1-impl.ranchu(  432): threadLoop: entering standby, frames: 7671488
08-21 00:11:03.076 D/android.hardware.audio@7.1-impl.ranchu(  432): ~TinyalsaSink: joining consumeThread
08-21 00:11:03.076 D/android.hardware.audio@7.1-impl.ranchu(  432): consumeThread: exiting
08-21 00:11:03.076 D/android.hardware.audio@7.1-impl.ranchu(  432): ~TinyalsaSink: stopping PCM stream
08-21 00:11:03.083 W/skia    (  477): AGTM parsing failed flags.readFromStream(s) at 159
08-21 00:11:03.083 W/skia    (  477): AGTM parsing failed flags.readFromStream(s) at 159
08-21 00:11:03.180 D/BoundBrokerSvc( 1285): onUnbind: Intent { act=com.google.android.gms.libs.gmscorelogger.service.START dat=chimera-action:/... xflg=0x4 cmp=com.google.android.gms/.chimera.PersistentDirectBootAwareApiService }
08-21 00:11:03.358 W/skia    (  477): AGTM parsing failed flags.readFromStream(s) at 159
08-21 00:11:03.358 W/skia    (  477): AGTM parsing failed flags.readFromStream(s) at 159
08-21 00:11:03.399 I/HalDevMgr(  642): bestIfaceCreationProposal is null, requestIface=STA, existingIface=[name=wlan0 type=STA]
08-21 00:11:03.458 W/skia    (  477): AGTM parsing failed flags.readFromStream(s) at 159
08-21 00:11:03.458 W/skia    (  477): AGTM parsing failed flags.readFromStream(s) at 159
08-21 00:11:03.558 W/skia    (  477): AGTM parsing failed flags.readFromStream(s) at 159
08-21 00:11:03.558 W/skia    (  477): AGTM parsing failed flags.readFromStream(s) at 159
08-21 00:11:03.808 W/libbinder.IPCThreadState(  642): Sending oneway calls to frozen process.
08-21 00:11:05.408 D/BoundBrokerSvc( 1285): onUnbind: Intent { act=com.google.android.gms.common.telemetry.service.START dat=chimera-action:/... xflg=0x4 cmp=com.google.android.gms/.chimera.PersistentApiService }
08-21 00:11:05.724 D/ProfileInstaller(14963): Installing profile for com.izzes.nears
08-21 00:11:06.099 I/FusedLocation( 1285): (REDACTED) location delivery to %s blocked - too close
08-21 00:11:06.100 I/FusedLocation( 1285): (REDACTED) location delivery to %s blocked - too close
08-21 00:11:06.100 I/FusedLocation( 1285): (REDACTED) location delivery to %s blocked - too close
08-21 00:11:06.106 D/BoundBrokerSvc( 5388): onBind: Intent { act=com.google.android.gms.auth.service.START xflg=0x4 pkg=com.google.android.gms }
08-21 00:11:06.106 D/BoundBrokerSvc( 5388): Loading bound service for intent: Intent { act=com.google.android.gms.auth.service.START xflg=0x4 pkg=com.google.android.gms }
08-21 00:11:06.107 I/FusedLocation( 1285): (REDACTED) stationary throttling engaged @%s
08-21 00:11:06.109 I/flutter (14963): [INFO] msg="location: within 1km of selected address: true"
08-21 00:11:06.109 I/flutter (14963): [INFO] msg="splash: location prefetch completed"
08-21 00:11:06.111 W/AlarmManager(  642): Unrecognized alarm listener com.android.server.location.gnss.GnssLocationProvider$$ExternalSyntheticLambda14@1f94afb
08-21 00:11:06.112 I/FusedOrientationManager( 1285): Unregistering orientation client. [CONTEXT service_id=6 ]
08-21 00:11:06.112 W/AlarmManager(  642): Unrecognized alarm listener com.android.server.location.gnss.GnssLocationProvider$$ExternalSyntheticLambda13@51f9718
08-21 00:11:06.123 W/GLSUser ( 1285): [DeviceKeyStore] Cannot load key: Device key file not found.
08-21 00:11:06.139 D/ActivityManager(  642): sync unfroze 3099 com.google.android.gms.unstable for 6
08-21 00:11:06.140 W/ProcessStats(  642): Tracking association SourceState{3e01f7d com.google.android.gms.persistent/10227 BTop #7621} whose proc state 2 is better than process ProcessState{7d54bf9 com.google.android.gms.unstable/10227 pkg=com.google.android.gms} proc state 14 (0 skipped)
08-21 00:11:06.164 W/libc    ( 3099): Access denied finding property "persist.adb.tls_server.enable"
08-21 00:11:06.164 W/libc    ( 3099): Access denied finding property "service.adb.tls.port"
08-21 00:11:06.166 D/FileUtils(  642): Rounded bytes from 3155017728 to 4000000000
08-21 00:11:06.168 W/GmsUrlRequestImpl( 1285): [https://android.googleapis.com/auth/devicekey] Content-Type header is overwritten.
08-21 00:11:06.405 I/HalDevMgr(  642): bestIfaceCreationProposal is null, requestIface=STA, existingIface=[name=wlan0 type=STA]
08-21 00:11:06.408 D/IpClient/wlan0(  999): interfaceLinkStateChanged: ifindex 16 up
08-21 00:11:06.412 D/IpClient/wlan0(  999): interfaceLinkStateChanged: ifindex 16 up
08-21 00:11:06.490 W/GLSUser ( 1285): [AppCertManager] Exception while requesting key: 
08-21 00:11:06.490 W/GLSUser ( 1285): java.util.concurrent.ExecutionException: dgcw: Parsing Exception
08-21 00:11:06.490 W/GLSUser ( 1285): 	at huwh.j(:com.google.android.gms@262932035@26.29.32 (260400-956293556):21)
08-21 00:11:06.490 W/GLSUser ( 1285): 	at huwq.t(:com.google.android.gms@262932035@26.29.32 (260400-956293556):73)
08-21 00:11:06.490 W/GLSUser ( 1285): 	at anlt.b(:com.google.android.gms@262932035@26.29.32 (260400-956293556):441)
08-21 00:11:06.490 W/GLSUser ( 1285): 	at anlr.a(:com.google.android.gms@262932035@26.29.32 (260400-956293556):67)
08-21 00:11:06.490 W/GLSUser ( 1285): 	at anlr.dispatchTransaction(:com.google.android.gms@262932035@26.29.32 (260400-956293556):16)
08-21 00:11:06.490 W/GLSUser ( 1285): 	at cfsw.a(:com.google.android.gms@262932035@26.29.32 (260400-956293556):69)
08-21 00:11:06.490 W/GLSUser ( 1285): 	at aahx.onTransact(:com.google.android.gms@262932035@26.29.32 (260400-956293556):23)
08-21 00:11:06.490 W/GLSUser ( 1285): 	at android.os.Binder.transact(Binder.java:1230)
08-21 00:11:06.490 W/GLSUser ( 1285): 	at cvhq.onTransact(:com.google.android.gms@262932035@26.29.32 (260400-956293556):12)
08-21 00:11:06.490 W/GLSUser ( 1285): 	at android.os.Binder.transact(Binder.java:1230)
08-21 00:11:06.490 W/GLSUser ( 1285): 	at cftl.onTransact(:com.google.android.gms@262932035@26.29.32 (260400-956293556):169)
08-21 00:11:06.490 W/GLSUser ( 1285): 	at android.os.Binder.execTransactInternal(Binder.java:1364)
08-21 00:11:06.490 W/GLSUser ( 1285): 	at android.os.Binder.execTransact(Binder.java:1323)
08-21 00:11:06.490 W/GLSUser ( 1285): Caused by: dgcw: Parsing Exception
08-21 00:11:06.490 W/GLSUser ( 1285): 	at dgea.jh(:com.google.android.gms@262932035@26.29.32 (260400-956293556):15)
08-21 00:11:06.490 W/GLSUser ( 1285): 	at huzd.run(:com.google.android.gms@262932035@26.29.32 (260400-956293556):56)
08-21 00:11:06.490 W/GLSUser ( 1285): 	at bmiw.c(:com.google.android.gms@262932035@26.29.32 (260400-956293556):50)
08-21 00:11:06.490 W/GLSUser ( 1285): 	at bmiw.run(:com.google.android.gms@262932035@26.29.32 (260400-956293556):90)
08-21 00:11:06.490 W/GLSUser ( 1285): 	at java.util.concurrent.ThreadPoolExecutor.runWorker(ThreadPoolExecutor.java:1100)
08-21 00:11:06.490 W/GLSUser ( 1285): 	at java.util.concurrent.ThreadPoolExecutor$Worker.run(ThreadPoolExecutor.java:624)
08-21 00:11:06.490 W/GLSUser ( 1285): 	at bmos.run(:com.google.android.gms@262932035@26.29.32 (260400-956293556):8)
08-21 00:11:06.490 W/GLSUser ( 1285): 	at java.lang.Thread.run(Thread.java:1572)
08-21 00:11:06.490 W/GLSUser ( 1285): Caused by: iuun: Protocol message end-group tag did not match expected tag.
08-21 00:11:06.490 W/GLSUser ( 1285): 	at iuwf.a(:com.google.android.gms@262932035@26.29.32 (260400-956293556):57)
08-21 00:11:06.490 W/GLSUser ( 1285): 	at iuvd.i(:com.google.android.gms@262932035@26.29.32 (260400-956293556):61)
08-21 00:11:06.490 W/GLSUser ( 1285): 	at iuto.P(:com.google.android.gms@262932035@26.29.32 (260400-956293556):22)
08-21 00:11:06.490 W/GLSUser ( 1285): 	at iutj.q(:com.google.android.gms@262932035@26.29.32 (260400-956293556):3)
08-21 00:11:06.490 W/GLSUser ( 1285): 	at iuri.e(:com.google.android.gms@262932035@26.29.32 (260400-956293556):7)
08-21 00:11:06.490 W/GLSUser ( 1285): 	at iuri.b(:com.google.android.gms@262932035@26.29.32 (260400-956293556):1)
08-21 00:11:06.490 W/GLSUser ( 1285): 	at iuri.m(:com.google.android.gms@262932035@26.29.32 (260400-956293556):1)
08-21 00:11:06.490 W/GLSUser ( 1285): 	at dgdz.a(:com.google.android.gms@262932035@26.29.32 (260400-956293556):11)
08-21 00:11:06.490 W/GLSUser ( 1285): 	at dgee.call(:com.google.android.gms@262932035@26.29.32 (260400-956293556):8)
08-21 00:11:06.490 W/GLSUser ( 1285): 	at java.util.concurrent.FutureTask.run(FutureTask.java:328)
08-21 00:11:06.490 W/GLSUser ( 1285): 	at bmiw.c(:com.google.android.gms@262932035@26.29.32 (260400-956293556):50)
08-21 00:11:06.490 W/GLSUser ( 1285): 	at bmiw.run(:com.google.android.gms@262932035@26.29.32 (260400-956293556):71)
08-21 00:11:06.490 W/GLSUser ( 1285): 	... 4 more
08-21 00:11:06.491 W/GLSUser ( 1285): [DeviceKeyStore] Cannot load key: Device key file not found.
08-21 00:11:07.003 I/wpa_supplicant(  880): wlan0: CTRL-EVENT-BEACON-LOSS 
08-21 00:11:07.093 I/adbd    (  479): adbd service requested 'shell,v2,TERM=xterm-256color,raw:uiautomator dump /sdcard/uinav-d002c3e134bd4dcdb183424cfa2c8e45.xml'
08-21 00:11:07.121 D/AndroidRuntime(15081): >>>>>> START com.android.internal.os.RuntimeInit uid 2000 <<<<<<
08-21 00:11:07.123 I/AndroidRuntime(15081): Using default boot image
08-21 00:11:07.123 I/AndroidRuntime(15081): Leaving lock profiling enabled
08-21 00:11:07.124 I/app_process(15081): Core platform API enforcement enabled from the hiddenapi_platform_enforcement flag and the device API level
08-21 00:11:07.124 I/app_process(15081): Using generational CollectorTypeCMC GC.
08-21 00:11:07.138 D/nativeloader(15081): InitDefaultPublicLibraries for_preload=1: libandroid.so:libaaudio.so:libamidi.so:libbinder_ndk.so:libc.so:libcamera2ndk.so:libdl.so:libEGL.so:libGLESv1_CM.so:libGLESv2.so:libGLESv3.so:libicu.so:libicui18n.so:libicuuc.so:libjnigraphics.so:liblog.so:libmediandk.so:libm.so:libnativehelper.so:libnativewindow.so:libOpenMAXAL.so:libOpenSLES.so:libRS.so:libstdc++.so:libsync.so:libvulkan.so:libwebviewchromium_plat_support.so:libz.so
08-21 00:11:07.142 D/nativeloader(15081): Load libicu_jni.so using APEX ns com_android_art for caller /apex/com.android.art/javalib/core-oj.jar: ok
08-21 00:11:07.142 D/app_process(15081): u_setTimeZoneFilesDirectory("/apex/com.android.tzdata/etc/tz/versioned/10/icu") succeeded. 
08-21 00:11:07.142 D/app_process(15081): I18n APEX ICU file found: /apex/com.android.i18n/etc/icu/icudt78l.dat
08-21 00:11:07.142 D/nativeloader(15081): Load libjavacore.so using APEX ns com_android_art for caller /apex/com.android.art/javalib/core-oj.jar: ok
08-21 00:11:07.142 D/nativeloader(15081): Load libopenjdk.so using APEX ns com_android_art for caller /apex/com.android.art/javalib/core-oj.jar: ok
08-21 00:11:07.142 I/app_process(15081): Priority-to-niceness mapping: 19, 16, 13, 10, 0, -2, -4, -5, -6, -8
08-21 00:11:07.143 W/app_process(15081): ClassLoaderContext shared library size mismatch. Expected=2, found=0 (PCL[]{PCL[/system/framework/android.test.base.jar*736588042]#PCL[/system/framework/android.test.mock.jar*4008448454]} | PCL[])
08-21 00:11:07.143 W/app_process(15081): ClassLoaderContext classpath size mismatch. expected=0, found=1 (PCL[]{PCL[/system/framework/android.test.runner.jar*805256125]{PCL[/system/framework/android.test.base.jar*736588042]#PCL[/system/framework/android.test.mock.jar*4008448454]}#PCL[/system/framework/android.test.base.jar*736588042]} | PCL[/system/framework/android.test.runner.jar*805256125])
08-21 00:11:07.150 D/nativeloader(15081): Load libframework-connectivity-tiramisu-jni.so using APEX ns com_android_tethering for caller /apex/com.android.tethering/javalib/framework-connectivity-t.jar: ok
08-21 00:11:07.150 D/AndroidRuntime(15081): Calling main entry com.android.commands.uiautomator.Launcher
08-21 00:11:07.152 I/AconfigPackage(15081): android.media.swcodec.flags is mapped to com.android.media.swcodec
08-21 00:11:07.152 I/AconfigPackage(15081): com.android.permission.flags is mapped to com.android.permission
08-21 00:11:07.152 I/AconfigPackage(15081): com.android.permissioncontroller.flags is mapped to com.android.permission
08-21 00:11:07.152 I/AconfigPackage(15081): com.google.android.widevine.flags is mapped to com.google.android.widevine
08-21 00:11:07.152 I/AconfigPackage(15081): com.android.icu is mapped to com.android.i18n
08-21 00:11:07.152 I/AconfigPackage(15081): com.android.appsearch.flags is mapped to com.android.appsearch
08-21 00:11:07.152 I/AconfigPackage(15081): com.android.uprobestats.flags is mapped to com.android.uprobestats
08-21 00:11:07.152 I/AconfigPackage(15081): android.uprobestats.mainline.flags is mapped to com.android.uprobestats
08-21 00:11:07.152 I/AconfigPackage(15081): com.android.crashrecovery.flags is mapped to com.android.crashrecovery
08-21 00:11:07.152 I/AconfigPackage(15081): android.provider.flags is mapped to com.android.configinfrastructure
08-21 00:11:07.152 I/AconfigPackage(15081): com.android.server.deviceconfig is mapped to com.android.configinfrastructure
08-21 00:11:07.152 I/AconfigPackage(15081): com.android.art.flags is mapped to com.android.art
08-21 00:11:07.152 I/AconfigPackage(15081): com.android.art.rw.flags is mapped to com.android.art
08-21 00:11:07.152 I/AconfigPackage(15081): com.android.libcore is mapped to com.android.art
08-21 00:11:07.152 I/AconfigPackage(15081): android.telecom.flags is mapped to com.android.telephonycore
08-21 00:11:07.152 I/AconfigPackage(15081): com.android.internal.telecom.flags is mapped to com.android.telephonycore
08-21 00:11:07.152 I/AconfigPackage(15081): com.android.telephony.flags is mapped to com.android.telephonycore
08-21 00:11:07.152 I/AconfigPackage(15081): com.android.media.extractor.flags is mapped to com.android.media
08-21 00:11:07.152 I/AconfigPackage(15081): com.android.media.metrics.flags is mapped to com.android.media
08-21 00:11:07.152 I/AconfigPackage(15081): com.android.media.mainline.flags is mapped to com.android.media
08-21 00:11:07.152 I/AconfigPackage(15081): com.android.wifi.flags is mapped to com.android.wifi
08-21 00:11:07.152 I/AconfigPackage(15081): com.android.org.conscrypt.flags is mapped to com.android.conscrypt
08-21 00:11:07.152 I/AconfigPackage(15081): com.android.org.conscrypt.net.flags is mapped to com.android.conscrypt
08-21 00:11:07.152 I/AconfigPackage(15081): com.android.healthfitness.flags is mapped to com.android.healthfitness
08-21 00:11:07.152 I/AconfigPackage(15081): com.android.ipsec.flags is mapped to com.android.ipsec
08-21 00:11:07.152 I/AconfigPackage(15081): com.android.nfc.module.flags is mapped to com.android.nfcservices
08-21 00:11:07.152 I/AconfigPackage(15081): com.android.nfc.module.nonexported.flags is mapped to com.android.nfcservices
08-21 00:11:07.152 I/AconfigPackage(15081): com.android.adservices.ondevicepersonalization.flags is mapped to com.android.ondevicepersonalization
08-21 00:11:07.152 I/AconfigPackage(15081): com.android.adbd.flags is mapped to com.android.adbd
08-21 00:11:07.152 I/AconfigPackage(15081): com.android.bluetooth.beta.flags is mapped to com.android.bt
08-21 00:11:07.152 I/AconfigPackage(15081): com.android.bluetooth.flags is mapped to com.android.bt
08-21 00:11:07.152 I/AconfigPackage(15081): com.android.devicelock.flags is mapped to com.android.devicelock
08-21 00:11:07.152 I/AconfigPackage(15081): android.os.profiling is mapped to com.android.profiling
08-21 00:11:07.152 I/AconfigPackage(15081): android.os.profiling.anomaly.flags is mapped to com.android.profiling
08-21 00:11:07.152 I/AconfigPackage(15081): com.android.os.statsd.flags is mapped to com.android.os.statsd
08-21 00:11:07.152 I/AconfigPackage(15081): com.android.webapp.flags is mapped to com.android.webapp
08-21 00:11:07.152 I/AconfigPackage(15081): com.android.rkpd.flags is mapped to com.android.rkpd
08-21 00:11:07.153 I/AconfigPackage(15081): com.android.cellbroadcastreceiver.flags is mapped to com.android.cellbroadcast
08-21 00:11:07.153 I/AconfigPackage(15081): com.android.adservices.flags is mapped to com.android.adservices
08-21 00:11:07.153 I/AconfigPackage(15081): com.android.sdksandbox.flags is mapped to com.android.adservices
08-21 00:11:07.153 I/AconfigPackage(15081): android.app.sdksandbox.flags is mapped to com.android.adservices
08-21 00:11:07.153 I/AconfigPackage(15081): com.android.uwb.flags is mapped to com.android.uwb
08-21 00:11:07.153 I/AconfigPackage(15081): com.android.ranging.flags is mapped to com.android.uwb
08-21 00:11:07.153 I/AconfigPackage(15081): com.android.npumanager is mapped to com.android.npumanager
08-21 00:11:07.153 I/AconfigPackage(15081): android.graphics.pdf.flags is mapped to com.android.mediaprovider
08-21 00:11:07.153 I/AconfigPackage(15081): com.android.providers.media.flags is mapped to com.android.mediaprovider
08-21 00:11:07.153 I/AconfigPackage(15081): android.graphics.pdf.flags.readonly is mapped to com.android.mediaprovider
08-21 00:11:07.153 I/AconfigPackage(15081): com.android.tethering.mainline.beta is mapped to com.android.tethering
08-21 00:11:07.153 I/AconfigPackage(15081): android.net.http is mapped to com.android.tethering
08-21 00:11:07.153 I/AconfigPackage(15081): com.android.tethering.readonly.flags is mapped to com.android.tethering
08-21 00:11:07.153 I/AconfigPackage(15081): android.net.vcn is mapped to com.android.tethering
08-21 00:11:07.153 I/AconfigPackage(15081): com.android.net.flags is mapped to com.android.tethering
08-21 00:11:07.153 I/AconfigPackage(15081): com.android.tethering.flags is mapped to com.android.tethering
08-21 00:11:07.153 I/AconfigPackage(15081): com.android.tethering.beta.test is mapped to com.android.tethering
08-21 00:11:07.153 I/AconfigPackage(15081): com.android.nearby.flags is mapped to com.android.tethering
08-21 00:11:07.153 I/AconfigPackage(15081): com.android.net.thread.flags is mapped to com.android.tethering
08-21 00:11:07.153 I/AconfigPackage(15081): com.android.net.ct.flags is mapped to com.android.tethering
08-21 00:11:07.153 I/AconfigPackage(15081): com.android.system.virtualmachine.flags is mapped to com.android.virt
08-21 00:11:07.153 E/FeatureFlagsImplExport(15081): android.os.flagging.AconfigStorageReadException: ERROR_PACKAGE_NOT_FOUND: package android.xr cannot be found on the device
08-21 00:11:07.154 D/UiAutomationConnection(15081): Created on user UserHandle{0}
08-21 00:11:07.154 I/UiAutomation(15081): Initialized for user 0 on display 0
08-21 00:11:07.154 W/UiAutomation(15081): Created with deprecatead constructor, assumes DEFAULT_DISPLAY
08-21 00:11:07.155 D/AccessibilityManagerService(  642): changeCurrentUserForTestAutomationIfNeededLocked(0): ignoring because device doesn't support visible background users
08-21 00:11:07.155 I/UiAutomationManager(  642): Registering UiTestAutomationService (id=com.android.server.accessibility/UiAutomation, flags=0x0) when called by user 0
08-21 00:11:07.155 V/AccessibilityManagerService(  642): onUserStateChangedLocked for userId: 0, forceUpdate: false
08-21 00:11:07.155 V/AccessibilityUserState(  642): updateShortcutTargets: type:accessibility_shortcut_target_service, current:{}, new:{}
08-21 00:11:07.155 V/AccessibilityUserState(  642): updateShortcutTargets: type:accessibility_button_targets, current:{}, new:{}
08-21 00:11:07.155 V/AccessibilityUserState(  642): updateShortcutTargets: type:accessibility_gesture_targets, current:{}, new:{}
08-21 00:11:07.155 V/AccessibilityUserState(  642): updateShortcutTargets: type:accessibility_qs_targets, current:{}, new:{}
08-21 00:11:07.155 V/AccessibilityUserState(  642): updateShortcutTargets: type:accessibility_key_gesture_targets, current:{}, new:{}
08-21 00:11:07.155 V/AccessibilityUserState(  642): updateShortcutTargets: type:accessibility_top_row_key_targets, current:{}, new:{}
08-21 00:11:07.155 V/AccessibilityUserState(  642): updateShortcutTargets: type:accessibility_quick_access_targets, current:{}, new:{}
08-21 00:11:07.155 W/MagnificationConnectionManager(  642): requestConnection duplicated request: connect=false, mConnectionState=DISCONNECTED
08-21 00:11:07.155 I/AiAiEcho( 1655): Settings changed for uri: content://settings/secure/accessibility_enabled
08-21 00:11:07.156 I/AiAiEcho( 1655): Predicting[0]:  [CONTEXT sampling_count=5 ]
08-21 00:11:07.156 I/AiAiEcho( 1655): EchoTargets: 
08-21 00:11:07.156 I/AiAiEcho( 1655): Filtered by AiAi flag check: 
08-21 00:11:07.156 I/AiAiEcho( 1655): [CONTEXT ratelimit_period="10 SECONDS" ]
08-21 00:11:07.156 I/AiAiEcho( 1655): #remoteViewsTwiddler: feature disabled.
08-21 00:11:07.156 I/AiAiEcho( 1655): Predicting[0]:  [CONTEXT sampling_count=5 ]
08-21 00:11:07.156 I/AiAiEcho( 1655): EchoTargets: 
08-21 00:11:07.156 I/AiAiEcho( 1655): Filtered by AiAi flag check: 
08-21 00:11:07.156 I/AiAiEcho( 1655): [CONTEXT ratelimit_period="10 SECONDS" ]
08-21 00:11:07.156 I/AiAiEcho( 1655): #remoteViewsTwiddler: feature disabled.
08-21 00:11:07.156 I/AiAiEcho( 1655): Predicting[0]:  [CONTEXT sampling_count=5 ]
08-21 00:11:07.156 I/AiAiEcho( 1655): EchoTargets: 
08-21 00:11:07.156 I/AiAiEcho( 1655): Filtered by AiAi flag check: 
08-21 00:11:07.156 I/AiAiEcho( 1655): [CONTEXT ratelimit_period="10 SECONDS" ]
08-21 00:11:07.156 I/AiAiEcho( 1655): #remoteViewsTwiddler: feature disabled.
08-21 00:11:07.156 W/libbinder.IPCThreadState(  642): Sending oneway calls to frozen process.
08-21 00:11:07.156 I/AiAiEcho( 1655): #postPredictionTargets: Sending updates to UISurface lockscreen with targets# 0 (types=[])
08-21 00:11:07.156 W/libbinder.IPCThreadState(  642): Sending oneway calls to frozen process.
08-21 00:11:07.156 I/AiAiEcho( 1655): #postPredictionTargets: Sending updates to UISurface ambientcue with targets# 0 (types=[])
08-21 00:11:07.157 I/AiAiEcho( 1655): #postPredictionTargets: Sending updates to UISurface home with targets# 0 (types=[])
08-21 00:11:07.157 W/libbinder.IPCThreadState(  642): Sending oneway calls to frozen process.
08-21 00:11:07.157 W/libbinder.IPCThreadState(  642): Sending oneway calls to frozen process.
08-21 00:11:07.157 I/AmbientCueRepository(  894): Receiving SmartSpace targets # 0
08-21 00:11:07.158 W/libbinder.IPCThreadState(  642): Sending oneway calls to frozen process.
08-21 00:11:07.158 W/libbinder.IPCThreadState(  642): Sending oneway calls to frozen process.
08-21 00:11:07.158 W/libbinder.IPCThreadState(  642): Sending oneway calls to frozen process.
08-21 00:11:07.158 V/AccessibilityManagerService(  642): onUserStateChangedLocked for userId: 0, forceUpdate: false
08-21 00:11:07.159 V/AccessibilityUserState(  642): updateShortcutTargets: type:accessibility_shortcut_target_service, current:{}, new:{}
08-21 00:11:07.159 V/AccessibilityUserState(  642): updateShortcutTargets: type:accessibility_button_targets, current:{}, new:{}
08-21 00:11:07.159 V/AccessibilityUserState(  642): updateShortcutTargets: type:accessibility_gesture_targets, current:{}, new:{}
08-21 00:11:07.159 V/AccessibilityUserState(  642): updateShortcutTargets: type:accessibility_qs_targets, current:{}, new:{}
08-21 00:11:07.159 V/AccessibilityUserState(  642): updateShortcutTargets: type:accessibility_key_gesture_targets, current:{}, new:{}
08-21 00:11:07.159 V/AccessibilityUserState(  642): updateShortcutTargets: type:accessibility_top_row_key_targets, current:{}, new:{}
08-21 00:11:07.159 V/AccessibilityUserState(  642): updateShortcutTargets: type:accessibility_quick_access_targets, current:{}, new:{}
08-21 00:11:07.159 W/MagnificationConnectionManager(  642): requestConnection duplicated request: connect=false, mConnectionState=DISCONNECTED
08-21 00:11:07.159 W/libbinder.IPCThreadState(  642): Sending oneway calls to frozen process.
08-21 00:11:07.159 W/libbinder.IPCThreadState(  642): Sending oneway calls to frozen process.
08-21 00:11:07.159 W/libbinder.IPCThreadState(  642): Sending oneway calls to frozen process.
08-21 00:11:07.160 W/libbinder.IPCThreadState(  642): Sending oneway calls to frozen process.
08-21 00:11:07.160 W/libbinder.IPCThreadState(  642): Sending oneway calls to frozen process.
08-21 00:11:07.160 W/libbinder.IPCThreadState(  642): Sending oneway calls to frozen process.
08-21 00:11:07.161 W/libbinder.IPCThreadState(  642): Sending oneway calls to frozen process.
08-21 00:11:07.161 W/libbinder.IPCThreadState(  642): Sending oneway calls to frozen process.
08-21 00:11:07.161 W/libbinder.IPCThreadState(  642): Sending oneway calls to frozen process.
08-21 00:11:07.161 W/libbinder.IPCThreadState(  642): Sending oneway calls to frozen process.
08-21 00:11:07.161 W/libbinder.IPCThreadState(  642): Sending oneway calls to frozen process.
08-21 00:11:07.161 W/libbinder.IPCThreadState(  642): Sending oneway calls to frozen process.
08-21 00:11:07.161 W/libbinder.IPCThreadState(  642): Sending oneway calls to frozen process.
08-21 00:11:07.161 W/libbinder.IPCThreadState(  642): Sending oneway calls to frozen process.
08-21 00:11:07.161 W/libbinder.IPCThreadState(  642): Sending oneway calls to frozen process.
08-21 00:11:07.161 W/libbinder.IPCThreadState(  642): Sending oneway calls to frozen process.
08-21 00:11:07.161 W/libbinder.IPCThreadState(  642): Sending oneway calls to frozen process.
08-21 00:11:07.161 W/libbinder.IPCThreadState(  642): Sending oneway calls to frozen process.
08-21 00:11:07.161 D/BatterySaverPolicy(  642): accessibility changed to true, updating policy.
08-21 00:11:07.161 I/AiAiEcho( 1655): Settings changed for uri: content://settings/secure/accessibility_enabled
08-21 00:11:07.161 I/AiAiEcho( 1655): Predicting[0]:  [CONTEXT sampling_count=5 ]
08-21 00:11:07.162 D/AccessibilityManagerService(  642): .getAccessibilityShortcutTargets {shortcutType=32, userId=0}
08-21 00:11:07.162 I/AiAiEcho( 1655): EchoTargets: 
08-21 00:11:07.162 I/AiAiEcho( 1655): Filtered by AiAi flag check: 
08-21 00:11:07.162 I/AiAiEcho( 1655): [CONTEXT ratelimit_period="10 SECONDS" ]
08-21 00:11:07.162 I/AiAiEcho( 1655): #remoteViewsTwiddler: feature disabled.
08-21 00:11:07.163 I/AiAiEcho( 1655): Predicting[0]:  [CONTEXT sampling_count=5 ]
08-21 00:11:07.164 I/AiAiEcho( 1655): EchoTargets: 
08-21 00:11:07.164 I/AiAiEcho( 1655): Filtered by AiAi flag check: 
08-21 00:11:07.164 I/AiAiEcho( 1655): [CONTEXT ratelimit_period="10 SECONDS" ]
08-21 00:11:07.164 I/AiAiEcho( 1655): #remoteViewsTwiddler: feature disabled.
08-21 00:11:07.164 I/AiAiEcho( 1655): Predicting[0]:  [CONTEXT sampling_count=5 ]
08-21 00:11:07.164 I/AiAiEcho( 1655): EchoTargets: 
08-21 00:11:07.164 I/AiAiEcho( 1655): Filtered by AiAi flag check: 
08-21 00:11:07.164 I/AiAiEcho( 1655): [CONTEXT ratelimit_period="10 SECONDS" ]
08-21 00:11:07.164 I/AiAiEcho( 1655): #remoteViewsTwiddler: feature disabled.
08-21 00:11:07.164 I/AiAiEcho( 1655): #postPredictionTargets: Sending updates to UISurface lockscreen with targets# 0 (types=[])
08-21 00:11:07.164 I/AiAiEcho( 1655): #postPredictionTargets: Sending updates to UISurface ambientcue with targets# 0 (types=[])
08-21 00:11:07.164 I/AmbientCueRepository(  894): Receiving SmartSpace targets # 0
08-21 00:11:07.164 I/AiAiEcho( 1655): #postPredictionTargets: Sending updates to UISurface home with targets# 0 (types=[])
08-21 00:11:07.185 W/skia    (  477): AGTM parsing failed flags.readFromStream(s) at 159
08-21 00:11:07.185 W/skia    (  477): AGTM parsing failed flags.readFromStream(s) at 159
08-21 00:11:07.191 I/cn_CronetUrlRequestContext( 1285): destroyNativeStreamLocked org.chromium.net.impl.CronetBidirectionalStream@9b50a0f
08-21 00:11:07.192 W/GmsWeatherProviderContr( 1285): Failed to fetch weather tile
08-21 00:11:07.192 W/GmsWeatherProviderContr( 1285): jsct: INVALID_ARGUMENT: Application credential header not valid. Please fix the client to pass a valid application credential header.
08-21 00:11:07.192 W/GmsWeatherProviderContr( 1285): 	at hbsd.b(:com.google.android.gms@262932035@26.29.32 (260400-956293556):53)
08-21 00:11:07.192 W/GmsWeatherProviderContr( 1285): 	at hcuu.g(:com.google.android.gms@262932035@26.29.32 (260400-956293556):15)
08-21 00:11:07.192 W/GmsWeatherProviderContr( 1285): 	at hcus.run(:com.google.android.gms@262932035@26.29.32 (260400-956293556):48)
08-21 00:11:07.192 W/GmsWeatherProviderContr( 1285): 	at bmiw.c(:com.google.android.gms@262932035@26.29.32 (260400-956293556):50)
08-21 00:11:07.192 W/GmsWeatherProviderContr( 1285): 	at bmiw.run(:com.google.android.gms@262932035@26.29.32 (260400-956293556):71)
08-21 00:11:07.192 W/GmsWeatherProviderContr( 1285): 	at java.util.concurrent.ThreadPoolExecutor.runWorker(ThreadPoolExecutor.java:1100)
08-21 00:11:07.192 W/GmsWeatherProviderContr( 1285): 	at java.util.concurrent.ThreadPoolExecutor$Worker.run(ThreadPoolExecutor.java:624)
08-21 00:11:07.192 W/GmsWeatherProviderContr( 1285): 	at bmos.run(:com.google.android.gms@262932035@26.29.32 (260400-956293556):8)
08-21 00:11:07.192 W/GmsWeatherProviderContr( 1285): 	at java.lang.Thread.run(Thread.java:1572)
08-21 00:11:07.283 W/skia    (  477): AGTM parsing failed flags.readFromStream(s) at 159
08-21 00:11:07.283 W/skia    (  477): AGTM parsing failed flags.readFromStream(s) at 159
08-21 00:11:08.091 W/libbinder.IPCThreadState(  642): Sending oneway calls to frozen process.
08-21 00:11:08.091 W/libbinder.IPCThreadState(  642): Sending oneway calls to frozen process.
08-21 00:11:08.214 W/MediaProvider( 1618): isAppCloneUserPair for user 0: false
08-21 00:11:08.215 W/AccessibilityNodeInfoDumper(15081): Fetch time: 3ms
08-21 00:11:08.216 V/AccessibilityManagerService(  642): onUserStateChangedLocked for userId: 0, forceUpdate: false
08-21 00:11:08.216 V/AccessibilityUserState(  642): updateShortcutTargets: type:accessibility_shortcut_target_service, current:{}, new:{}
08-21 00:11:08.216 V/AccessibilityUserState(  642): updateShortcutTargets: type:accessibility_button_targets, current:{}, new:{}
08-21 00:11:08.216 V/AccessibilityUserState(  642): updateShortcutTargets: type:accessibility_gesture_targets, current:{}, new:{}
08-21 00:11:08.216 V/AccessibilityUserState(  642): updateShortcutTargets: type:accessibility_qs_targets, current:{}, new:{}
08-21 00:11:08.216 V/AccessibilityUserState(  642): updateShortcutTargets: type:accessibility_key_gesture_targets, current:{}, new:{}
08-21 00:11:08.216 V/AccessibilityUserState(  642): updateShortcutTargets: type:accessibility_top_row_key_targets, current:{}, new:{}
08-21 00:11:08.216 V/AccessibilityUserState(  642): updateShortcutTargets: type:accessibility_quick_access_targets, current:{}, new:{}
08-21 00:11:08.216 W/MagnificationConnectionManager(  642): requestConnection duplicated request: connect=false, mConnectionState=DISCONNECTED
08-21 00:11:08.216 D/AccessibilityManagerService(  642): restoreCurrentUserForTestAutomationIfNeededLocked(): ignoring because device doesn't support visible background users
08-21 00:11:08.216 I/AiAiEcho( 1655): Settings changed for uri: content://settings/secure/accessibility_enabled
08-21 00:11:08.217 I/AiAiEcho( 1655): Predicting[0]:  [CONTEXT sampling_count=5 ]
08-21 00:11:08.217 W/libbinder.IPCThreadState(  642): Sending oneway calls to frozen process.
08-21 00:11:08.217 W/libbinder.IPCThreadState(  642): Sending oneway calls to frozen process.
08-21 00:11:08.217 W/libbinder.IPCThreadState(  642): Sending oneway calls to frozen process.
08-21 00:11:08.217 W/libbinder.IPCThreadState(  642): Sending oneway calls to frozen process.
08-21 00:11:08.217 W/libbinder.IPCThreadState(  642): Sending oneway calls to frozen process.
08-21 00:11:08.217 D/AndroidRuntime(15081): Shutting down VM
08-21 00:11:08.217 W/libbinder.IPCThreadState(  642): Sending oneway calls to frozen process.
08-21 00:11:08.217 W/libbinder.IPCThreadState(  642): Sending oneway calls to frozen process.
08-21 00:11:08.217 W/libbinder.IPCThreadState(15081): call to talkWithDriver in joinThreadPool returned error: -9 (Bad file descriptor), FD: -1
08-21 00:11:08.217 W/libbinder.IPCThreadState(  642): Sending oneway calls to frozen process.
08-21 00:11:08.217 W/libbinder.IPCThreadState(  642): Sending oneway calls to frozen process.
08-21 00:11:08.217 W/libbinder.IPCThreadState(15081): call to talkWithDriver in joinThreadPool returned error: -9 (Bad file descriptor), FD: -1
08-21 00:11:08.217 W/libbinder.IPCThreadState(15081): call to talkWithDriver in joinThreadPool returned error: -9 (Bad file descriptor), FD: -1
08-21 00:11:08.217 W/libbinder.IPCThreadState(  642): Sending oneway calls to frozen process.
08-21 00:11:08.217 W/libbinder.IPCThreadState(  642): Sending oneway calls to frozen process.
08-21 00:11:08.217 W/libbinder.IPCThreadState(  642): Sending oneway calls to frozen process.
08-21 00:11:08.217 W/libbinder.IPCThreadState(  642): Sending oneway calls to frozen process.
08-21 00:11:08.217 W/libbinder.IPCThreadState(  642): Sending oneway calls to frozen process.
08-21 00:11:08.217 W/libbinder.IPCThreadState(  642): Sending oneway calls to frozen process.
08-21 00:11:08.218 D/BatterySaverPolicy(  642): accessibility changed to false, updating policy.
08-21 00:11:08.218 I/AiAiEcho( 1655): EchoTargets: 
08-21 00:11:08.218 I/AiAiEcho( 1655): Filtered by AiAi flag check: 
08-21 00:11:08.218 I/AiAiEcho( 1655): [CONTEXT ratelimit_period="10 SECONDS" ]
08-21 00:11:08.218 I/AiAiEcho( 1655): #remoteViewsTwiddler: feature disabled.
08-21 00:11:08.218 I/AiAiEcho( 1655): Predicting[0]:  [CONTEXT sampling_count=5 ]
08-21 00:11:08.218 I/AiAiEcho( 1655): EchoTargets: 
08-21 00:11:08.218 I/AiAiEcho( 1655): Filtered by AiAi flag check: 
08-21 00:11:08.218 I/AiAiEcho( 1655): [CONTEXT ratelimit_period="10 SECONDS" ]
08-21 00:11:08.218 I/AiAiEcho( 1655): #remoteViewsTwiddler: feature disabled.
08-21 00:11:08.218 I/AiAiEcho( 1655): Predicting[0]:  [CONTEXT sampling_count=5 ]
08-21 00:11:08.218 I/AiAiEcho( 1655): EchoTargets: 
08-21 00:11:08.218 I/AiAiEcho( 1655): Filtered by AiAi flag check: 
08-21 00:11:08.218 I/AiAiEcho( 1655): [CONTEXT ratelimit_period="10 SECONDS" ]
08-21 00:11:08.218 I/AiAiEcho( 1655): #remoteViewsTwiddler: feature disabled.
08-21 00:11:08.219 I/AiAiEcho( 1655): #postPredictionTargets: Sending updates to UISurface lockscreen with targets# 0 (types=[])
08-21 00:11:08.219 I/AiAiEcho( 1655): #postPredictionTargets: Sending updates to UISurface ambientcue with targets# 0 (types=[])
08-21 00:11:08.219 I/AiAiEcho( 1655): #postPredictionTargets: Sending updates to UISurface home with targets# 0 (types=[])
08-21 00:11:08.219 I/AmbientCueRepository(  894): Receiving SmartSpace targets # 0
08-21 00:11:08.225 W/skia    (  477): AGTM parsing failed flags.readFromStream(s) at 159
08-21 00:11:08.226 W/skia    (  477): AGTM parsing failed flags.readFromStream(s) at 159
08-21 00:11:08.327 W/skia    (  477): AGTM parsing failed flags.readFromStream(s) at 159
08-21 00:11:08.327 W/skia    (  477): AGTM parsing failed flags.readFromStream(s) at 159
08-21 00:11:09.048 I/adbd    (  479): adbd service requested 'exec:cat '/sdcard/uinav-d002c3e134bd4dcdb183424cfa2c8e45.xml''
08-21 00:11:09.066 I/adbd    (  479): adbd service requested 'shell,v2,TERM=xterm-256color,raw:rm -f /sdcard/uinav-d002c3e134bd4dcdb183424cfa2c8e45.xml'
08-21 00:11:09.071 I/MediaProvider( 1618): Deleted 0 0 0 0 0 0 1 items on external_primary due to com.android.shell
08-21 00:11:09.109 W/libbinder.IPCThreadState(  642): Sending oneway calls to frozen process.
08-21 00:11:09.413 I/AdbWifiNetworkMonitor(  642): Wi-Fi network available
08-21 00:11:09.413 I/AdbWifiNetworkMonitor(  642): Received the same Wi-Fi SSID. Ignoring.
08-21 00:11:09.414 I/HalDevMgr(  642): bestIfaceCreationProposal is null, requestIface=STA, existingIface=[name=wlan0 type=STA]
08-21 00:11:09.415 W/libbinder.IPCThreadState(  642): Sending oneway calls to frozen process.
08-21 00:11:09.417 W/libbinder.IPCThreadState(  642): Sending oneway calls to frozen process.
08-21 00:11:09.417 W/libbinder.IPCThreadState(  642): Sending oneway calls to frozen process.
08-21 00:11:09.417 I/NullBinder( 1285): NullBinder for android.net.action.RECOMMEND_NETWORKS triggering remote TransactionTooLargeException due to Service without Chimera impl, calling uid: 1000, calling pid: 0
08-21 00:11:09.417 W/libbinder.Binder( 1285): Large reply transaction of 1056768 bytes, interface descriptor , function: UNKNOWN_FUNCTION_NAME, code: 1, flags: 17
08-21 00:11:09.417 I/BugleRcsEngine( 1687): handleMessage processing message:[NOTIFY_UPTIME_IGNORE_STATE_CHANGED] with [non-null]:RcsEngineImpl reference [CONTEXT log_prefix="RcsEngineImpl[DUAL_REG]:[9818720b-389c]>Handler" thread_id=60 ]
08-21 00:11:09.417 I/BugleRcsEngine( 1687): Connected state: [1], networkType: [WIFI] [CONTEXT thread_id=55 ]
08-21 00:11:09.418 W/libbinder.IPCThreadState(  642): Sending oneway calls to frozen process.
08-21 00:11:09.418 W/libbinder.IPCThreadState(  642): Sending oneway calls to frozen process.
08-21 00:11:09.418 W/libbinder.IPCThreadState(  642): Sending oneway calls to frozen process.
08-21 00:11:09.418 W/libbinder.IPCThreadState(  642): Sending oneway calls to frozen process.
08-21 00:11:09.419 D/ActivityManager(  642): sync unfroze 2258 com.google.android.apps.messaging for 7
08-21 00:11:09.421 D/ConnectivityService(  642): NetReassign [no changes] [c 0] [a 1] [i 2]
08-21 00:11:09.421 I/NearbyMediums( 1285): Wifi changed new SSID: "AndroidWifi"
08-21 00:11:09.421 I/NearbyMediums( 1285): WifiLanConnectivityInfo is not changed, skip notify.
08-21 00:11:09.422 D/WM-WorkConstraintsTrack( 2258): NetworkRequestConstraintController onCapabilitiesChanged callback
08-21 00:11:09.429 I/BugleRcsEngine( 1687): No RCS Configuration was found in Bugle for simID: redacted-pii:sim_id[chars:20,last3:897] [CONTEXT log_prefix="ProvisioningEngineDataRetriever" thread_id=60 ]
08-21 00:11:09.921 I/NearbySharing( 1285): Network state changed: NetworkState(isRestricted=false, isOnline=true, isCongested=false, isMetered=false, isWifiConnected=true)
08-21 00:11:09.982 W/libbinder.IPCThreadState(  642): Sending oneway calls to frozen process.
08-21 00:11:11.435 I/keystore2(  311): system/security/keystore2/watchdog/src/lib.rs:371 - Watchdog thread idle -> terminating. Have a great day.
08-21 00:11:11.633 I/adbd    (  479): adbd service requested 'exec:screencap '-p''
08-21 00:11:11.660 W/libbinder.BackendUnifiedServiceManager(15104): Thread Pool max thread count is 0. Cannot cache binder as linkToDeath cannot be implemented. serviceName: SurfaceFlingerAIDL
08-21 00:11:11.661 W/libbinder.BpBinder(15104): Linking to death on android.gui.ISurfaceComposer but there are no threads (yet?) listening to incoming transactions. See ProcessState::startThreadPool and ProcessState::setThreadPoolMaxThreadCount. Generally you should setup the binder threadpool before other initialization steps.
08-21 00:11:11.661 W/libbinder.ProcessState(15104): Extra binder thread started, but 0 threads requested. Do not use *startThreadPool when zero threads are requested.
08-21 00:11:11.663 W/skia    (  477): AGTM parsing failed flags.readFromStream(s) at 159
08-21 00:11:11.663 W/skia    (  477): AGTM parsing failed flags.readFromStream(s) at 159
08-21 00:11:11.663 W/skia    (  477): AGTM parsing failed flags.readFromStream(s) at 159
08-21 00:11:11.663 W/skia    (  477): AGTM parsing failed flags.readFromStream(s) at 159
08-21 00:11:11.671 W/libc    (15104): Access denied finding property "vendor.mesa.virtgpu.kumquat"
08-21 00:11:12.366 D/BoundBrokerSvc( 5388): onUnbind: Intent { act=com.google.android.gms.measurement.START xflg=0x4 pkg=com.google.android.gms }
08-21 00:11:12.421 I/HalDevMgr(  642): bestIfaceCreationProposal is null, requestIface=STA, existingIface=[name=wlan0 type=STA]
08-21 00:11:12.425 D/IpClient/wlan0(  999): interfaceLinkStateChanged: ifindex 16 up
08-21 00:11:12.428 D/IpClient/wlan0(  999): interfaceLinkStateChanged: ifindex 16 up
08-21 00:11:12.971 D/SatelliteController( 1028): isInCarrierRoamingNbIotNtn: satellite is disabled
08-21 00:11:12.971 D/SatelliteController( 1028): getCarrierRoamingNtnConnectType: Checking connect type from PLMN config for subId: 1
08-21 00:11:12.971 D/TelephonyConfigUpdateInstallReceiver( 1028): getConfigParser: domain=satellite
08-21 00:11:12.971 V/SatelliteController( 1028): satelliteConfigParser is not ready
08-21 00:11:12.971 D/SatelliteController( 1028): isSatelliteAttachSupportedViaConfigupdater: return null (satelliteConfig is null)
08-21 00:11:12.971 D/SatelliteController( 1028): getSatellitePerPlmnConfiguration: invalid subId or not supported via carrier.
08-21 00:11:12.971 D/SatelliteController( 1028): getCarrierRoamingNtnConnectType: config: null
08-21 00:11:12.971 D/TelephonyConfigUpdateInstallReceiver( 1028): getConfigParser: domain=satellite
08-21 00:11:12.971 V/SatelliteController( 1028): satelliteConfigParser is not ready
08-21 00:11:12.971 D/SatelliteController( 1028): getCarrierRoamingNtnConnectTypeViaConfigUpdater: return null (satelliteConfig is null)
08-21 00:11:12.971 D/SatelliteController( 1028): getCarrierRoamingNtnConnectType: Falling back to global carrier config connect type: 0
08-21 00:11:12.971 D/TelephonyConfigUpdateInstallReceiver( 1028): getConfigParser: domain=satellite
08-21 00:11:12.971 V/SatelliteController( 1028): satelliteConfigParser is not ready
08-21 00:11:12.971 D/SatelliteController( 1028): isSatelliteAttachSupportedViaConfigupdater: return null (satelliteConfig is null)
08-21 00:11:12.971 D/SatelliteController( 1028): getCarrierRoamingNtnConnectType: Checking connect type from PLMN config for subId: 1
08-21 00:11:12.971 D/TelephonyConfigUpdateInstallReceiver( 1028): getConfigParser: domain=satellite
08-21 00:11:12.971 V/SatelliteController( 1028): satelliteConfigParser is not ready
08-21 00:11:12.971 D/SatelliteController( 1028): isSatelliteAttachSupportedViaConfigupdater: return null (satelliteConfig is null)
08-21 00:11:12.971 D/SatelliteController( 1028): getSatellitePerPlmnConfiguration: invalid subId or not supported via carrier.
08-21 00:11:12.971 D/SatelliteController( 1028): getCarrierRoamingNtnConnectType: config: null
08-21 00:11:12.971 D/TelephonyConfigUpdateInstallReceiver( 1028): getConfigParser: domain=satellite
08-21 00:11:12.971 V/SatelliteController( 1028): satelliteConfigParser is not ready
08-21 00:11:12.971 D/SatelliteController( 1028): getCarrierRoamingNtnConnectTypeViaConfigUpdater: return null (satelliteConfig is null)
08-21 00:11:12.971 D/SatelliteController( 1028): getCarrierRoamingNtnConnectType: Falling back to global carrier config connect type: 0
08-21 00:11:12.971 D/TelephonyConfigUpdateInstallReceiver( 1028): getConfigParser: domain=satellite
08-21 00:11:12.971 V/SatelliteController( 1028): satelliteConfigParser is not ready
08-21 00:11:12.971 D/SatelliteController( 1028): isSatelliteAttachSupportedViaConfigupdater: return null (satelliteConfig is null)
08-21 00:11:13.800 I/NetworkScheduler.Stats( 1285): (REDACTED) Task %s/%s started execution. cause:%s exec_start_elapsed_seconds: %s
08-21 00:11:13.802 I/NetworkScheduler.Stats( 1285): (REDACTED) Task %s/%s finished executing. cause:%s result: %s elapsed_millis: %s uptime_millis: %s exec_start_elapsed_seconds: %s
08-21 00:11:14.938 I/wpa_supplicant(  880): wlan0: CTRL-EVENT-BEACON-LOSS 
08-21 00:11:15.425 I/AdbWifiNetworkMonitor(  642): Wi-Fi network available
08-21 00:11:15.425 I/AdbWifiNetworkMonitor(  642): Received the same Wi-Fi SSID. Ignoring.
08-21 00:11:15.425 I/HalDevMgr(  642): bestIfaceCreationProposal is null, requestIface=STA, existingIface=[name=wlan0 type=STA]
08-21 00:11:15.428 I/BugleRcsEngine( 1687): Connected state: [1], networkType: [WIFI] [CONTEXT thread_id=55 ]
08-21 00:11:15.428 I/BugleRcsEngine( 1687): handleMessage processing message:[NOTIFY_UPTIME_IGNORE_STATE_CHANGED] with [non-null]:RcsEngineImpl reference [CONTEXT log_prefix="RcsEngineImpl[DUAL_REG]:[9818720b-389c]>Handler" thread_id=60 ]
08-21 00:11:15.428 W/libbinder.IPCThreadState(  642): Sending oneway calls to frozen process.
08-21 00:11:15.428 W/libbinder.IPCThreadState(  642): Sending oneway calls to frozen process.
08-21 00:11:15.428 W/libbinder.IPCThreadState(  642): Sending oneway calls to frozen process.
08-21 00:11:15.428 W/libbinder.IPCThreadState(  642): Sending oneway calls to frozen process.
08-21 00:11:15.428 D/WM-WorkConstraintsTrack( 2258): NetworkRequestConstraintController onCapabilitiesChanged callback
08-21 00:11:15.430 I/NearbyMediums( 1285): Wifi changed new SSID: "AndroidWifi"
08-21 00:11:15.430 I/BugleRcsEngine( 1687): No RCS Configuration was found in Bugle for simID: redacted-pii:sim_id[chars:20,last3:897] [CONTEXT log_prefix="ProvisioningEngineDataRetriever" thread_id=60 ]
08-21 00:11:15.430 I/NearbyMediums( 1285): WifiLanConnectivityInfo is not changed, skip notify.
08-21 00:11:15.430 D/ConnectivityService(  642): NetReassign [no changes] [c 0] [a 0] [i 1]
08-21 00:11:15.430 I/NullBinder( 1285): NullBinder for android.net.action.RECOMMEND_NETWORKS triggering remote TransactionTooLargeException due to Service without Chimera impl, calling uid: 1000, calling pid: 0
08-21 00:11:15.430 W/libbinder.Binder( 1285): Large reply transaction of 1056768 bytes, interface descriptor , function: UNKNOWN_FUNCTION_NAME, code: 1, flags: 17
