--------- beginning of main
08-20 23:41:27.004   642   793 I HalDevMgr: bestIfaceCreationProposal is null, requestIface=STA, existingIface=[name=wlan0 type=STA]
08-20 23:41:29.538  1285 12417 I AlarmManager: setExactAndAllowWhileIdle [name: FcmRetry type: 2 triggerAtMillis: 9445475]
08-20 23:41:29.540   642   669 V GrammaticalInflectionUtils: AttributionSource: android.content.AttributionSource@e8567d59 does not have READ_SYSTEM_GRAMMATICAL_GENDER permission.
08-20 23:41:29.546 12763 12763 I libprocessgroup: Created cgroup /sys/fs/cgroup/apps/uid_10252/pid_12763
08-20 23:41:29.546   429   429 D Zygote  : Forked child process 12763
--------- beginning of system
08-20 23:41:29.546   642   670 I ActivityManager: Start proc 12763:com.izzes.nears/u0a252 for broadcast {com.izzes.nears/io.flutter.plugins.firebase.messaging.FlutterFirebaseMessagingReceiver}
08-20 23:41:29.572 12763 12763 I Zygote  : Process 12763 created for com.izzes.nears
08-20 23:41:29.572 12763 12763 I com.izzes.nears: Late-enabling -Xcheck:jni
08-20 23:41:29.577 12763 12763 I com.izzes.nears: Using generational CollectorTypeCMC GC.
08-20 23:41:29.578   479   540 I adbd    : jdwp connection from 12763
08-20 23:41:29.580 12763 12763 D nativeloader: Load libframework-connectivity-tiramisu-jni.so using APEX ns com_android_tethering for caller /apex/com.android.tethering/javalib/framework-connectivity-t.jar: ok
08-20 23:41:29.594 12763 12763 D ApplicationLoaders: Returning zygote-cached class loader: /system/framework/org.apache.http.legacy.jar
08-20 23:41:29.594 12763 12763 D ApplicationLoaders: Returning zygote-cached class loader: /system_ext/framework/androidx.window.extensions.jar
08-20 23:41:29.595 12763 12763 D ApplicationLoaders: Returning zygote-cached class loader: /system_ext/framework/androidx.window.sidecar.jar
08-20 23:41:29.805 12763 12763 D nativeloader: Configuring clns-9 for other apk /data/app/~~Hyctd9N84K84AyUDoiF43Q==/com.izzes.nears-tWnyVgtaRDVqf71B5FpfIQ==/base.apk. target_sdk_version=36, uses_libraries=, library_path=/data/app/~~Hyctd9N84K84AyUDoiF43Q==/com.izzes.nears-tWnyVgtaRDVqf71B5FpfIQ==/lib/arm64:/data/app/~~Hyctd9N84K84AyUDoiF43Q==/com.izzes.nears-tWnyVgtaRDVqf71B5FpfIQ==/base.apk!/lib/arm64-v8a, permitted_path=/data:/mnt/expand:/data/user/0/com.izzes.nears
08-20 23:41:29.809 12763 12763 V GraphicsEnvironment: Currently set values for:
08-20 23:41:29.809 12763 12763 V GraphicsEnvironment:   angle_gl_driver_selection_pkgs=[]
08-20 23:41:29.809 12763 12763 V GraphicsEnvironment:   angle_gl_driver_selection_values=[]
08-20 23:41:29.809 12763 12763 V GraphicsEnvironment: com.izzes.nears is not listed in per-application setting
08-20 23:41:29.810 12763 12763 V GraphicsEnvironment: No special selections for ANGLE, returning default driver choice
08-20 23:41:29.810 12763 12763 V GraphicsEnvironment: Neither updatable production driver nor prerelease driver is supported.
08-20 23:41:29.814 12763 12763 W FirebaseApp: Default FirebaseApp failed to initialize because no default options were found. This usually means that com.google.gms:google-services was not applied to your gradle project.
08-20 23:41:29.814 12763 12763 I FirebaseInitProvider: FirebaseApp initialization unsuccessful
08-20 23:41:29.814 12763 12763 D FLTFireContextHolder: received application context.
08-20 23:41:29.837 12763 12763 W com.facebook.UserSettingsManager: You haven't set a value for AdvertiserIDCollectionEnabled. Set the flag to TRUE if you want to collect Advertiser ID for better advertising and analytics results. To request user consent before collecting data, set the flag value to FALSE, then change to TRUE once user consent is received. Learn more: https://developers.facebook.com/docs/app-events/getting-started-app-events-android#disable-auto-events.
08-20 23:41:29.846 12763 12780 W com.facebook.internal.NativeProtocol: Apps that target Android API 30+ (Android 11+) cannot call Facebook native apps unless the package visibility needs are declared. Please follow https://developers.facebook.com/docs/android/troubleshooting/#faq_267321845055988 to make the declaration.
08-20 23:41:29.852 12763 12763 D FLTFireMsgReceiver: broadcast received for message
08-20 23:41:29.859 12763 12763 W JobInfo : Job 'com.izzes.nears/io.flutter.plugins.firebase.messaging.FlutterFirebaseMessagingBackgroundService#2020' has a deadline with no functional constraints. The deadline won't improve job execution latency. Consider removing the deadline.
08-20 23:41:29.860   642  1932 W JobInfo : Job 'com.izzes.nears/io.flutter.plugins.firebase.messaging.FlutterFirebaseMessagingBackgroundService#2020' has a deadline with no functional constraints. The deadline won't improve job execution latency. Consider removing the deadline.
08-20 23:41:29.873 12763 12763 I DisplayManager: Implicitly registering for refresh rate
08-20 23:41:29.874 12763 12783 W AnalyticsUserIDStore: initStore should have been called before calling setUserID
08-20 23:41:29.875 12763 12798 I ResourceExtractor: Found extracted resources res_timestamp-3-1787254361878
08-20 23:41:29.875 12763 12796 D FlutterJNI: Beginning load of flutter...
08-20 23:41:29.877 12763 12796 D nativeloader: Load /data/app/~~Hyctd9N84K84AyUDoiF43Q==/com.izzes.nears-tWnyVgtaRDVqf71B5FpfIQ==/lib/arm64/libflutter.so using class loader ns clns-9 (caller=/data/app/~~Hyctd9N84K84AyUDoiF43Q==/com.izzes.nears-tWnyVgtaRDVqf71B5FpfIQ==/base.apk!classes22.dex): ok
08-20 23:41:29.878 12763 12796 D FlutterJNI: flutter (null) was loaded normally!
08-20 23:41:29.878 12763 12801 I FLTFireMsgService: Service has not yet started, messages will be queued.
08-20 23:41:29.882   642   710 D FileUtils: Rounded bytes from 3155017728 to 4000000000
08-20 23:41:29.884 12763 12763 I FLTFireBGExecutor: Creating background FlutterEngine instance.
08-20 23:41:29.884 12763 12804 E FirebaseMessaging: Default FirebaseApp has not been initialized. Skip logging event to GA.
08-20 23:41:29.884 12763 12804 I FirebaseMessaging: FirebaseApp has not being initialized. Device might be in direct boot mode. Skip exporting delivery metrics to Big Query
08-20 23:41:29.885 12763 12804 W FirebaseMessaging: Notification Channel requested (6ammart) has not been created by the app. Manifest configuration, or default, value will be used.
08-20 23:41:29.885 12763 12804 W FirebaseMessaging: Missing Default Notification Channel metadata in AndroidManifest. Default value will be used.
08-20 23:41:29.887 12763 12763 W com.izzes.nears: type=1400 audit(0.0:128): avc:  denied  { read } for  name="max_map_count" dev="proc" ino=26028 scontext=u:r:untrusted_app_34:s0:c252,c256,c512,c768 tcontext=u:object_r:proc_max_map_count:s0 tclass=file permissive=0 app=com.izzes.nears
08-20 23:41:29.939 12763 12807 I GFXSTREAM: [eglDisplay.cpp(297)] Opening libGLESv1_CM_emulation.so
08-20 23:41:29.939 12763 12807 I GFXSTREAM: [eglDisplay.cpp(297)] Opening libGLESv2_emulation.so
08-20 23:41:29.939 12763 12807 W libc    : Access denied finding property "vendor.mesa.virtgpu.kumquat"
08-20 23:41:29.952 12763 12807 I flutter : [IMPORTANT:flutter/shell/platform/android/android_context_gl_impeller.cc(104)] Using the Impeller rendering backend (OpenGLES).
08-20 23:41:29.953 12763 12818 I DynamiteModule: Considering local module com.google.android.gms.measurement.dynamite:185 and remote module com.google.android.gms.measurement.dynamite:202
08-20 23:41:29.953 12763 12818 I DynamiteModule: Selected remote version of com.google.android.gms.measurement.dynamite, version >= 202
08-20 23:41:29.953 12763 12818 V DynamiteModule: Dynamite loader version >= 2, using loadModule2NoCrashUtils
08-20 23:41:29.956 12763 12808 W libc    : Access denied finding property "vendor.mesa.virtgpu.kumquat"
08-20 23:41:29.963 12763 12818 W System  : ClassLoader referenced unknown path: 
08-20 23:41:29.963 12763 12818 D nativeloader: Configuring clns-10 for other apk . target_sdk_version=37, uses_libraries=, library_path=/data/app/~~2fXQ6-xyEWEbual6_5Wrig==/com.google.android.gms-_SBUxIWyP-163dk_5Uqnhw==/lib/arm64:/data/app/~~2fXQ6-xyEWEbual6_5Wrig==/com.google.android.gms-_SBUxIWyP-163dk_5Uqnhw==/base.apk!/lib/arm64-v8a, permitted_path=/data:/mnt/expand:/data/user/0/com.google.android.gms
08-20 23:41:29.964 12763 12763 D FLTFireContextHolder: received application context.
08-20 23:41:29.969 12763 12817 I flutter : The Dart VM service is listening on http://127.0.0.1:38331/7_eqy62GR0E=/
08-20 23:41:29.969 12763 12818 D DesktopExperienceFlags: Toggle override initialized to: false
08-20 23:41:29.986 12763 12763 D nativeloader: Load /data/app/~~Hyctd9N84K84AyUDoiF43Q==/com.izzes.nears-tWnyVgtaRDVqf71B5FpfIQ==/lib/arm64/libdartjni.so using class loader ns clns-9 (caller=/data/app/~~Hyctd9N84K84AyUDoiF43Q==/com.izzes.nears-tWnyVgtaRDVqf71B5FpfIQ==/base.apk!classes12.dex): ok
08-20 23:41:29.992 12763 12823 I com.izzes.nears: hiddenapi: Accessing hidden method Ldalvik/system/VMStack;->getStackClass2()Ljava/lang/Class; (runtime_flags=0, domain=core-platform, api=unsupported) from Lm7/aqg; (domain=app, TargetSdkVersion=36) using reflection: allowed
08-20 23:41:29.994  1285 12681 I PhenotypeResourceReader: unable to find any Phenotype resource metadata for com.izzes.nears
08-20 23:41:29.996 12763 12822 E com.izzes.nears: No package ID 6a found for resource ID 0x6a0b0013.
08-20 23:41:29.996 12763 12822 I FA      : App measurement initialized, version: 178008
08-20 23:41:29.996 12763 12822 I FA      : To enable debug logging run: adb shell setprop log.tag.FA VERBOSE
08-20 23:41:29.996 12763 12822 I FA      : To enable faster debug mode event logging run:
08-20 23:41:29.996 12763 12822 I FA      :   adb shell setprop debug.firebase.analytics.app com.izzes.nears
08-20 23:41:29.997 12763 12822 E FA      : Missing google_app_id. Firebase Analytics disabled. See https://goo.gl/NAOOOI
08-20 23:41:29.997 12763 12822 E FA      : Uploading is not possible. App measurement disabled
08-20 23:41:30.007   642   793 I HalDevMgr: bestIfaceCreationProposal is null, requestIface=STA, existingIface=[name=wlan0 type=STA]
08-20 23:41:30.008   999  1120 D IpClient/wlan0: interfaceLinkStateChanged: ifindex 16 up
08-20 23:41:30.012   999  1120 D IpClient/wlan0: interfaceLinkStateChanged: ifindex 16 up
08-20 23:41:30.090   894  1168 D RingtonePlayer: playAsync(uri=content://settings/system/notification_sound, user=UserHandle{0})
08-20 23:41:30.090   894  1168 D RingtonePlayer: play uri=content://settings/system/notification_sound
08-20 23:41:30.090   642   642 V NotificationHistory: Attempted to add notif for locked/gone/disabled user 0
08-20 23:41:30.090   894 12826 D RingtonePlayer: RemoveFirst
08-20 23:41:30.090   894 12826 D RingtonePlayer: PLAY
08-20 23:41:30.090   894 12826 D RingtonePlayer: startSound()
08-20 23:41:30.090   894 12827 D RingtonePlayer: in run: new looper Looper (Thread-11, tid 114) {7306502}
08-20 23:41:30.092   531   531 D NuPlayerDriver: NuPlayerDriver(0xb4007ce78c0207d0) created, clientPid(894)
08-20 23:41:30.093  1655  2133 W AiAiEcho: LyftNotificationParser Ridesharing ETA not enabled
08-20 23:41:30.093  1655  2133 I AiAiEcho: SmartspaceNotificationPredictor no parser can handle this notification or notification is invalid
08-20 23:41:30.094   288   288 I hwservicemanager: getTransport: Cannot find entry android.hardware.media.omx@1.0::IOmx/default in either framework or device VINTF manifest.
08-20 23:41:30.094   531   531 D MediaPlayerService: OMX service is not available
08-20 23:41:30.096   531   531 W mediaserver: AIBinder_linkToDeath is being called with a non-null cookie and no onUnlink callback set. Use AIBinder_DeathRecipient_setOnUnlinked to manage the lifetime of the cookie. This will become an abort.
08-20 23:41:30.096   531   531 W mediaserver: AIBinder_linkToDeath is being called with a non-null cookie and no onUnlink callback set. Use AIBinder_DeathRecipient_setOnUnlinked to manage the lifetime of the cookie. This will become an abort.
08-20 23:41:30.097   531 12830 D GenericSource: FileSource remote
08-20 23:41:30.100   894 12827 D RingtonePlayer: requesting AudioFocus
08-20 23:41:30.100   642  1932 I MediaFocusControl: requestAudioFocus() from uid/pid 10195/894 AA=USAGE_NOTIFICATION/CONTENT_TYPE_SONIFICATION clientId=android.media.AudioManager@90f4168 callingPack=com.android.systemui req=3 flags=0x0 sdk=37
08-20 23:41:30.100   642  1932 I AS.FadeOutManager: unfadeOutUid() uid:10195
08-20 23:41:30.100   894 12827 D RingtonePlayer: notification will be delayed by 500ms
08-20 23:41:30.127   477   577 W skia    : AGTM parsing failed flags.readFromStream(s) at 159
08-20 23:41:30.127   477   577 W skia    : AGTM parsing failed flags.readFromStream(s) at 159
08-20 23:41:30.227   477   577 W skia    : AGTM parsing failed flags.readFromStream(s) at 159
08-20 23:41:30.227   477   577 W skia    : AGTM parsing failed flags.readFromStream(s) at 159
08-20 23:41:30.327   477   577 W skia    : AGTM parsing failed flags.readFromStream(s) at 159
08-20 23:41:30.327   477   577 W skia    : AGTM parsing failed flags.readFromStream(s) at 159
08-20 23:41:30.328 12763 12763 D FlutterGeolocator: Creating service.
08-20 23:41:30.329 12763 12763 D FlutterGeolocator: Binding to location service.
08-20 23:41:30.330 12763 12763 I FLTFireMsgService: FlutterFirebaseMessagingBackgroundService started!
08-20 23:41:30.337 12763 12763 I flutter : [INFO] msg="FCM background message type=add_fund"
08-20 23:41:30.339 12763 12763 D FlutterGeolocator: Geolocator foreground service connected
08-20 23:41:30.339 12763 12763 D FlutterGeolocator: Initializing Geolocator services
08-20 23:41:30.339 12763 12763 D FlutterGeolocator: Flutter engine connected. Connected engine count 1
08-20 23:41:30.428   477   577 W skia    : AGTM parsing failed flags.readFromStream(s) at 159
08-20 23:41:30.428   477   577 W skia    : AGTM parsing failed flags.readFromStream(s) at 159
08-20 23:41:30.528   477   577 W skia    : AGTM parsing failed flags.readFromStream(s) at 159
08-20 23:41:30.529   477   577 W skia    : AGTM parsing failed flags.readFromStream(s) at 159
08-20 23:41:30.606   531 12829 I GenericSource: start
08-20 23:41:30.606   894 12827 D RingtonePlayer: player.start piid:47
08-20 23:41:30.606   894   894 D MediaRouter: onRestoreRoute() : route=RouteInfo{ name=Phone, description=null, status=null, category=RouteCategory{ name=System types=ROUTE_TYPE_LIVE_AUDIO ROUTE_TYPE_LIVE_VIDEO  groupable=false }, supportedTypes=ROUTE_TYPE_LIVE_AUDIO ROUTE_TYPE_LIVE_VIDEO , presentationDisplay=null }
08-20 23:41:30.606   894   894 V MediaRouter: Selecting route: RouteInfo{ name=Phone, description=null, status=null, category=RouteCategory{ name=System types=ROUTE_TYPE_LIVE_AUDIO ROUTE_TYPE_LIVE_VIDEO  groupable=false }, supportedTypes=ROUTE_TYPE_LIVE_AUDIO ROUTE_TYPE_LIVE_VIDEO , presentationDisplay=null }
08-20 23:41:30.608   531 12834 I MediaCodec: Retry enabled for HDCP failure
08-20 23:41:30.609   531 12834 W mediaserver: Failed to query component store for system resources: 6
08-20 23:41:30.609   531 12835 D CCodec  : allocate(c2.android.vorbis.decoder)
08-20 23:41:30.610   531 12835 I CCodec  : setting up 'default' as default (vendor) store
08-20 23:41:30.611   534  1394 I libbinder.BpBinder: onLastStrongRef automatically unlinking death recipients for binder (0xb4007ee31600dad0) with descriptor: 'android.hardware.media.bufferpool2.IAccessor'
08-20 23:41:30.611   531   617 D AidlBufferPool: bufferpool2 0xb4007ce6ec005548 : 0(0 size) total buffers - 0(0 size) used buffers - 96/104 (recycle/alloc) - 8/198 (fetch/transfer)
08-20 23:41:30.611   531   617 D AidlBufferPool: Destruction - bufferpool2 0xb4007ce6ec005548 cached: 0/0M, 0/0% in use; allocs: 104, 92% recycled; transfers: 198, 96% unfetched
08-20 23:41:30.612   531 12835 W mediaserver: AIBinder_linkToDeath is being called with a non-null cookie and no onUnlink callback set. Use AIBinder_DeathRecipient_setOnUnlinked to manage the lifetime of the cookie. This will become an abort.
08-20 23:41:30.612   531 12835 I CCodec  : Created component [c2.android.vorbis.decoder] for [c2.android.vorbis.decoder]
08-20 23:41:30.613   531 12835 D CCodecConfig: read media type: audio/vorbis
08-20 23:41:30.615   531 12835 D ReflectedParamUpdater: extent() != 1 for single value type: algo.buffers.max-count.values
08-20 23:41:30.615   531 12835 D ReflectedParamUpdater: extent() != 1 for single value type: output.subscribed-indices.values
08-20 23:41:30.615   531 12835 D ReflectedParamUpdater: extent() != 1 for single value type: input.buffers.allocator-ids.values
08-20 23:41:30.615   531 12835 D ReflectedParamUpdater: extent() != 1 for single value type: output.buffers.allocator-ids.values
08-20 23:41:30.616   531 12835 D ReflectedParamUpdater: extent() != 1 for single value type: algo.buffers.allocator-ids.values
08-20 23:41:30.616   531 12835 D ReflectedParamUpdater: extent() != 1 for single value type: output.buffers.pool-ids.values
08-20 23:41:30.616   531 12835 D ReflectedParamUpdater: extent() != 1 for single value type: algo.buffers.pool-ids.values
08-20 23:41:30.617   531 12835 I CCodecConfig: query failed after returning 8 values (BAD_INDEX)
08-20 23:41:30.617   531 12835 D CCodecConfig: c2 config diff is Dict {
08-20 23:41:30.617   531 12835 D CCodecConfig:   c2::u32 coded.bitrate.value = 64000
08-20 23:41:30.617   531 12835 D CCodecConfig:   c2::u32 input.buffers.max-size.value = 32768
08-20 23:41:30.617   531 12835 D CCodecConfig:   c2::u32 input.delay.value = 0
08-20 23:41:30.617   531 12835 D CCodecConfig:   string input.media-type.value = "audio/vorbis"
08-20 23:41:30.617   531 12835 D CCodecConfig:   c2::u32 output.large-frame.max-size = 0
08-20 23:41:30.617   531 12835 D CCodecConfig:   c2::u32 output.large-frame.threshold-size = 0
08-20 23:41:30.617   531 12835 D CCodecConfig:   string output.media-type.value = "audio/raw"
08-20 23:41:30.617   531 12835 D CCodecConfig:   c2::u32 raw.channel-count.value = 1
08-20 23:41:30.617   531 12835 D CCodecConfig:   c2::u32 raw.sample-rate.value = 48000
08-20 23:41:30.617   531 12835 D CCodecConfig: }
08-20 23:41:30.617   531 12834 I MediaCodec: media_quality service unavailable, skipping updatePictureProfile
08-20 23:41:30.618   531 12835 D CCodec  : [c2.android.vorbis.decoder] buffers are bound to CCodec for this session
08-20 23:41:30.618   531 12835 D CCodecConfig: no c2 equivalents for durationUs
08-20 23:41:30.618   531 12835 D CCodecConfig: no c2 equivalents for csd-1
08-20 23:41:30.618   531 12835 D CCodecConfig: no c2 equivalents for flags
08-20 23:41:30.618   531 12835 D CCodecConfig: c2 config diff is   c2::u32 coded.bitrate.value = 70000
08-20 23:41:30.618   531 12835 D CCodec  : encoding statistics level = 0
08-20 23:41:30.618   531 12835 D CCodec  : setup formats input: AMessage(what = 0x00000000) = {
08-20 23:41:30.618   531 12835 D CCodec  :   int32_t bitrate = 70000
08-20 23:41:30.618   531 12835 D CCodec  :   int32_t channel-count = 1
08-20 23:41:30.618   531 12835 D CCodec  :   int32_t max-input-size = 32768
08-20 23:41:30.618   531 12835 D CCodec  :   string mime = "audio/vorbis"
08-20 23:41:30.618   531 12835 D CCodec  :   int32_t sample-rate = 48000
08-20 23:41:30.618   531 12835 D CCodec  : }
08-20 23:41:30.618   531 12835 D CCodec  : setup formats output: AMessage(what = 0x00000000) = {
08-20 23:41:30.618   531 12835 D CCodec  :   int32_t buffer-batch-max-output-size = 0
08-20 23:41:30.618   531 12835 D CCodec  :   int32_t buffer-batch-threshold-output-size = 0
08-20 23:41:30.618   531 12835 D CCodec  :   int32_t channel-count = 1
08-20 23:41:30.618   531 12835 D CCodec  :   string mime = "audio/raw"
08-20 23:41:30.618   531 12835 D CCodec  :   int32_t sample-rate = 48000
08-20 23:41:30.618   531 12835 D CCodec  :   int32_t channel-mask = 1
08-20 23:41:30.618   531 12835 D CCodec  :   int32_t android._config-pcm-encoding = 2
08-20 23:41:30.618   531 12835 D CCodec  : }
08-20 23:41:30.618   531 12835 I CCodecConfig: query failed after returning 8 values (BAD_INDEX)
08-20 23:41:30.618   531 12835 E mediaserver: Failed to query component interface for required system resources: 6
08-20 23:41:30.619   531 12835 I MediaCodec: MediaCodec will operate in async mode
08-20 23:41:30.619   531 12834 D MediaCodec: keep callback message for reclaim
08-20 23:41:30.620   531 12835 I libbinder.BpBinder: onLastStrongRef automatically unlinking death recipients for binder (0xb4007ce73c01f7a0) with descriptor: 'android.hardware.media.bufferpool2.IAccessor'
08-20 23:41:30.620   534  1394 D AidlBufferPool: bufferpool2 0xb4007ee446017358 : 0(0 size) total buffers - 0(0 size) used buffers - 86/97 (recycle/alloc) - 11/96 (fetch/transfer)
08-20 23:41:30.620   531 12835 D CCodecBufferChannel: [c2.android.vorbis.decoder#386] Created input block pool with allocatorID 16 => poolID 19 - OK (0)
08-20 23:41:30.620   534  1394 D AidlBufferPool: Destruction - bufferpool2 0xb4007ee446017358 cached: 0/0M, 0/0% in use; allocs: 97, 89% recycled; transfers: 96, 89% unfetched
08-20 23:41:30.621   531 12835 I CCodecBufferChannel: [c2.android.vorbis.decoder#386] Created output block pool with allocatorID 16 => poolID 40 - OK
08-20 23:41:30.621   531 12835 D CCodecBufferChannel: [c2.android.vorbis.decoder#386] Configured output block pool ids 40 => OK
08-20 23:41:30.621   534  1394 E Codec2-ComponentInterface: We have a failed config
08-20 23:41:30.622   534 12836 D SimpleC2Component: Using output block pool with poolID 40 => got 40 - 0
08-20 23:41:30.622   534  1394 W mediaswcodec: AIBinder_linkToDeath is being called with a non-null cookie and no onUnlink callback set. Use AIBinder_DeathRecipient_setOnUnlinked to manage the lifetime of the cookie. This will become an abort.
08-20 23:41:30.622   531 12835 W mediaserver: AIBinder_linkToDeath is being called with a non-null cookie and no onUnlink callback set. Use AIBinder_DeathRecipient_setOnUnlinked to manage the lifetime of the cookie. This will become an abort.
08-20 23:41:30.625   531   617 W mediaserver: AIBinder_linkToDeath is being called with a non-null cookie and no onUnlink callback set. Use AIBinder_DeathRecipient_setOnUnlinked to manage the lifetime of the cookie. This will become an abort.
08-20 23:41:30.625   534 12836 W mediaswcodec: AIBinder_linkToDeath is being called with a non-null cookie and no onUnlink callback set. Use AIBinder_DeathRecipient_setOnUnlinked to manage the lifetime of the cookie. This will become an abort.
08-20 23:41:30.626   473   714 D AudioFlinger: Client defaulted notificationFrames to 12512 for frameCount 25024
08-20 23:41:30.626   473   714 I AF::AfPlaybackCommon: AfPlaybackCommon: creating track with enforcement level 0 reason PRIVILEGED_APP shouldHarden 1
08-20 23:41:30.636   642   710 E AppOps  : attributionTag  not declared in manifest of com.android.systemui
08-20 23:41:30.636   642  1932 E AppOps  : attributionTag  not declared in manifest of com.android.systemui
08-20 23:41:30.636   531 12833 D AudioTrack: getTimestamp_l(18): device stall time corrected using current time 9326574542155
08-20 23:41:30.636   531  1381 D MediaPlayerService: onAudioDeviceUpdate deviceIds: 2
08-20 23:41:30.643   432 12837 D android.hardware.audio@7.1-impl.ranchu: 544 frames of silence written
08-20 23:41:30.643   432 12837 D android.hardware.audio@7.1-impl.ranchu: 544 frames of silence written
08-20 23:41:30.656   432 12837 D android.hardware.audio@7.1-impl.ranchu: 544 frames of silence written
08-20 23:41:30.659   473   575 D AudioFlinger: mixer(0xb4007f86d295f790) throttle end: throttle time(34)
08-20 23:41:30.727   473   575 D AudioFlinger: mixer(0xb4007f86d295f790) throttle end: throttle time(35)
08-20 23:41:30.842   473   575 W AudioTrackShared: releaseBuffer: dropped wake
08-20 23:41:30.875   880   880 I wpa_supplicant: wlan0: CTRL-EVENT-BEACON-LOSS 
08-20 23:41:31.210 12763 12777 E com.facebook.GraphResponse: {HttpStatus: 400, errorCode: 190, subErrorCode: -1, errorType: OAuthException, errorMessage: Error validating application. Application has been deleted.}
08-20 23:41:31.210 12763 12779 E com.facebook.GraphResponse: {HttpStatus: 400, errorCode: 190, subErrorCode: -1, errorType: OAuthException, errorMessage: Error validating application. Application has been deleted.}
08-20 23:41:31.214 12763 12778 E com.facebook.GraphResponse: {HttpStatus: 400, errorCode: 190, subErrorCode: -1, errorType: OAuthException, errorMessage: Error validating application. Application has been deleted.}
08-20 23:41:31.221 12763 12783 E com.facebook.GraphResponse: {HttpStatus: 400, errorCode: 190, subErrorCode: -1, errorType: OAuthException, errorMessage: Error validating application. Application has been deleted.}
08-20 23:41:31.366 12763 12779 E com.facebook.GraphResponse: {HttpStatus: 400, errorCode: 190, subErrorCode: -1, errorType: OAuthException, errorMessage: Error validating application. Application has been deleted.}
08-20 23:41:31.370 12763 12778 E com.facebook.GraphResponse: {HttpStatus: 400, errorCode: 190, subErrorCode: -1, errorType: OAuthException, errorMessage: Error validating application. Application has been deleted.}
08-20 23:41:31.526 12763 12778 E com.facebook.GraphResponse: {HttpStatus: 400, errorCode: 190, subErrorCode: -1, errorType: OAuthException, errorMessage: Error validating application. Application has been deleted.}
08-20 23:41:31.543 12763 12777 E com.facebook.GraphResponse: {HttpStatus: 400, errorCode: 190, subErrorCode: -1, errorType: OAuthException, errorMessage: Error validating application. Application has been deleted.}
08-20 23:41:31.730   531 12835 D CCodecBufferChannel: [c2.android.vorbis.decoder#386] buffers after EOS ignored (0 us)
08-20 23:41:31.731   531 12835 D CCodecBuffers: [c2.android.vorbis.decoder#386:1D-Output] received null buffer
08-20 23:41:31.731   531 12835 D CCodecBufferChannel: [c2.android.vorbis.decoder#386] buffers after EOS ignored (0 us)
08-20 23:41:31.991   531 12833 D AudioTrack: stop(18): called with 82980 frames delivered
08-20 23:41:31.991   642  1977 E AppOps  : attributionTag  not declared in manifest of com.android.systemui
08-20 23:41:31.991   642  1977 E AppOps  : attributionTag  not declared in manifest of com.android.systemui
08-20 23:41:32.198  1028  1186 D SatelliteController: isInCarrierRoamingNbIotNtn: satellite is disabled
08-20 23:41:32.198  1028  1186 D SatelliteController: getCarrierRoamingNtnConnectType: Checking connect type from PLMN config for subId: 1
08-20 23:41:32.198  1028  1186 D TelephonyConfigUpdateInstallReceiver: getConfigParser: domain=satellite
08-20 23:41:32.198  1028  1186 V SatelliteController: satelliteConfigParser is not ready
08-20 23:41:32.198  1028  1186 D SatelliteController: isSatelliteAttachSupportedViaConfigupdater: return null (satelliteConfig is null)
08-20 23:41:32.198  1028  1186 D SatelliteController: getSatellitePerPlmnConfiguration: invalid subId or not supported via carrier.
08-20 23:41:32.198  1028  1186 D SatelliteController: getCarrierRoamingNtnConnectType: config: null
08-20 23:41:32.198  1028  1186 D TelephonyConfigUpdateInstallReceiver: getConfigParser: domain=satellite
08-20 23:41:32.198  1028  1186 V SatelliteController: satelliteConfigParser is not ready
08-20 23:41:32.198  1028  1186 D SatelliteController: getCarrierRoamingNtnConnectTypeViaConfigUpdater: return null (satelliteConfig is null)
08-20 23:41:32.198  1028  1186 D SatelliteController: getCarrierRoamingNtnConnectType: Falling back to global carrier config connect type: 0
08-20 23:41:32.198  1028  1186 D TelephonyConfigUpdateInstallReceiver: getConfigParser: domain=satellite
08-20 23:41:32.198  1028  1186 V SatelliteController: satelliteConfigParser is not ready
08-20 23:41:32.198  1028  1186 D SatelliteController: isSatelliteAttachSupportedViaConfigupdater: return null (satelliteConfig is null)
08-20 23:41:32.198  1028  1186 D SatelliteController: getCarrierRoamingNtnConnectType: Checking connect type from PLMN config for subId: 1
08-20 23:41:32.198  1028  1186 D TelephonyConfigUpdateInstallReceiver: getConfigParser: domain=satellite
08-20 23:41:32.198  1028  1186 V SatelliteController: satelliteConfigParser is not ready
08-20 23:41:32.198  1028  1186 D SatelliteController: isSatelliteAttachSupportedViaConfigupdater: return null (satelliteConfig is null)
08-20 23:41:32.198  1028  1186 D SatelliteController: getSatellitePerPlmnConfiguration: invalid subId or not supported via carrier.
08-20 23:41:32.198  1028  1186 D SatelliteController: getCarrierRoamingNtnConnectType: config: null
08-20 23:41:32.198  1028  1186 D TelephonyConfigUpdateInstallReceiver: getConfigParser: domain=satellite
08-20 23:41:32.198  1028  1186 V SatelliteController: satelliteConfigParser is not ready
08-20 23:41:32.198  1028  1186 D SatelliteController: getCarrierRoamingNtnConnectTypeViaConfigUpdater: return null (satelliteConfig is null)
08-20 23:41:32.198  1028  1186 D SatelliteController: getCarrierRoamingNtnConnectType: Falling back to global carrier config connect type: 0
08-20 23:41:32.198  1028  1186 D TelephonyConfigUpdateInstallReceiver: getConfigParser: domain=satellite
08-20 23:41:32.198  1028  1186 V SatelliteController: satelliteConfigParser is not ready
08-20 23:41:32.198  1028  1186 D SatelliteController: isSatelliteAttachSupportedViaConfigupdater: return null (satelliteConfig is null)
08-20 23:41:32.391   894 12827 D RingtonePlayer: onCompletion() abandoning AudioFocus
08-20 23:41:32.391   642   710 I MediaFocusControl: abandonAudioFocus() from uid/pid 10195/894 clientId=android.media.AudioManager@90f4168 callingPack=com.android.systemui
08-20 23:41:32.391   894 12827 D RingtonePlayer: onCompletion queue size=0
08-20 23:41:32.391   894 12827 D RingtonePlayer: in onCompletion quitting looper Looper (Thread-11, tid 114) {7306502}
08-20 23:41:32.391   894 12827 I NotificationPlayer: About to release MediaPlayer piid:47 due to onCompletion
08-20 23:41:32.392   894 12827 V MediaPlayer: resetDrmState:  mDrmInfo=null mDrmProvisioningThread=null mPrepareDrmInProgress=false mActiveDrmScheme=false
08-20 23:41:32.392   894 12827 V MediaPlayer: cleanDrmObj: mDrmObj=null mDrmSessionId=null
08-20 23:41:32.392   531   617 D NuPlayerDriver: reset(0xb4007ce78c0207d0) at state 6
08-20 23:41:32.394   531 12845 D CCodec  : hold CodecLooper(1) until release
08-20 23:41:32.394   534  1774 I libbinder.BpBinder: onLastStrongRef automatically unlinking death recipients for binder (0xb4007ee31600a270) with descriptor: 'android.hardware.media.bufferpool2.IClientManager'
08-20 23:41:32.395   534  1774 D AidlBufferPool: Destruction - bufferpool2 0xb4007ee446017ee8 cached: 0/0M, 0/0% in use; allocs: 0, 0% recycled; transfers: 0, 0% unfetched
08-20 23:41:32.396   531 12829 D NuPlayerDriver: notifyResetComplete(0xb4007ce78c0207d0)
08-20 23:41:32.396   531   617 W AMessage: failed to post message as target looper for handler 0 is gone.
08-20 23:41:32.451   473   573 I APM_AudioPolicyManager: getNewOutputDevices io 13 recent device override {AUDIO_DEVICE_OUT_SPEAKER, @:}
08-20 23:41:33.012   642   793 I HalDevMgr: bestIfaceCreationProposal is null, requestIface=STA, existingIface=[name=wlan0 type=STA]
08-20 23:41:33.032   642   740 D ActivityManager: freezing 2258 com.google.android.apps.messaging
08-20 23:41:35.319   432  5048 D android.hardware.audio@7.1-impl.ranchu: threadLoop: entering standby, frames: 5769664
08-20 23:41:35.319   432  5048 D android.hardware.audio@7.1-impl.ranchu: ~TinyalsaSink: joining consumeThread
08-20 23:41:35.319   432 12837 D android.hardware.audio@7.1-impl.ranchu: consumeThread: exiting
08-20 23:41:35.319   432  5048 D android.hardware.audio@7.1-impl.ranchu: ~TinyalsaSink: stopping PCM stream
08-20 23:41:35.367   642   799 D InetDiagMessage: Destroyed 0 sockets, proto=IPPROTO_TCP, family=AF_INET, states=14
08-20 23:41:35.368   642   799 D InetDiagMessage: Destroyed 4 sockets, proto=IPPROTO_TCP, family=AF_INET6, states=14
08-20 23:41:35.368   642   799 D InetDiagMessage: Destroyed live tcp sockets for uids={10252} in 0ms
08-20 23:41:35.368   642   799 D InetDiagMessage: Destroyed 0 sockets, proto=IPPROTO_TCP, family=AF_INET, states=14
08-20 23:41:35.368   642   799 D InetDiagMessage: Destroyed 0 sockets, proto=IPPROTO_TCP, family=AF_INET6, states=14
08-20 23:41:35.368   642   799 D InetDiagMessage: Destroyed live tcp sockets for uids={20252} in 1ms
08-20 23:41:35.557 12763 12846 D ProfileInstaller: Installing profile for com.izzes.nears
08-20 23:41:35.615   531 12370 D AidlBufferPoolAcc: evictor expired: 1, evicted: 0
08-20 23:41:36.019   642   793 I HalDevMgr: bestIfaceCreationProposal is null, requestIface=STA, existingIface=[name=wlan0 type=STA]
08-20 23:41:36.021   999  1120 D IpClient/wlan0: interfaceLinkStateChanged: ifindex 16 up
08-20 23:41:36.025   999  1120 D IpClient/wlan0: interfaceLinkStateChanged: ifindex 16 up
08-20 23:41:36.616   534   628 D AidlBufferPoolAcc: evictor expired: 1, evicted: 0
08-20 23:41:37.619   531 12370 D AidlBufferPool: bufferpool2 0xb4007ce6ec004c08 : 0(0 size) total buffers - 0(0 size) used buffers - 95/103 (recycle/alloc) - 8/198 (fetch/transfer)
08-20 23:41:37.619   531 12370 D AidlBufferPoolAcc: evictor expired: 1, evicted: 1
08-20 23:41:37.621   534   628 D AidlBufferPool: bufferpool2 0xb4007ee446017358 : 0(0 size) total buffers - 0(0 size) used buffers - 86/97 (recycle/alloc) - 11/96 (fetch/transfer)
08-20 23:41:37.622   534   628 D AidlBufferPoolAcc: evictor expired: 2, evicted: 1
08-20 23:41:37.981   479   479 I adbd    : adbd service requested 'shell,v2,TERM=xterm-256color,raw:pidof com.izzes.nears'
08-20 23:41:39.024   642   793 I HalDevMgr: bestIfaceCreationProposal is null, requestIface=STA, existingIface=[name=wlan0 type=STA]
08-20 23:41:39.068   880   880 I wpa_supplicant: wlan0: CTRL-EVENT-BEACON-LOSS 
08-20 23:41:39.543  1285  1285 D BoundBrokerSvc: onRebind: Intent { act=com.google.android.gms.libs.gmscorelogger.service.START dat=chimera-action:/... xflg=0x4 cmp=com.google.android.gms/.chimera.PersistentDirectBootAwareApiService }
08-20 23:41:40.591   479   479 I adbd    : adbd service requested 'shell,v2,TERM=xterm-256color,raw:am kill com.izzes.nears'
08-20 23:41:40.599   642   710 I ActivityManager: Killing 12763:com.izzes.nears/u0a252 (adj 905): kill background
08-20 23:41:40.604   642   710 V ActivityManager: Got obituary of 12763:com.izzes.nears
08-20 23:41:40.604   479   479 I adbd    : Remote process closed the socket (on MSG_PEEK)
08-20 23:41:40.604   429   429 I Zygote  : Process 12763 exited due to signal 9 (Killed)
08-20 23:41:40.615   642   671 I libprocessgroup: Removed cgroup /sys/fs/cgroup/apps/uid_10252/pid_12763
08-20 23:41:41.379   642   740 D ActivityManager: freezing 5388 com.google.android.gms
08-20 23:41:42.029   642   793 I HalDevMgr: bestIfaceCreationProposal is null, requestIface=STA, existingIface=[name=wlan0 type=STA]
08-20 23:41:42.032   999  1120 D IpClient/wlan0: interfaceLinkStateChanged: ifindex 16 up
08-20 23:41:42.036   999  1120 D IpClient/wlan0: interfaceLinkStateChanged: ifindex 16 up
08-20 23:41:42.208  1028  1186 D SatelliteController: isInCarrierRoamingNbIotNtn: satellite is disabled
08-20 23:41:42.209  1028  1186 D SatelliteController: getCarrierRoamingNtnConnectType: Checking connect type from PLMN config for subId: 1
08-20 23:41:42.209  1028  1186 D TelephonyConfigUpdateInstallReceiver: getConfigParser: domain=satellite
08-20 23:41:42.209  1028  1186 V SatelliteController: satelliteConfigParser is not ready
08-20 23:41:42.209  1028  1186 D SatelliteController: isSatelliteAttachSupportedViaConfigupdater: return null (satelliteConfig is null)
08-20 23:41:42.209   642   710 W libbinder.IPCThreadState: Sending oneway calls to frozen process.
08-20 23:41:42.209  1028  1186 D SatelliteController: getSatellitePerPlmnConfiguration: invalid subId or not supported via carrier.
08-20 23:41:42.209  1028  1186 D SatelliteController: getCarrierRoamingNtnConnectType: config: null
08-20 23:41:42.209  1028  1186 D TelephonyConfigUpdateInstallReceiver: getConfigParser: domain=satellite
08-20 23:41:42.209  1028  1186 V SatelliteController: satelliteConfigParser is not ready
08-20 23:41:42.209  1028  1186 D SatelliteController: getCarrierRoamingNtnConnectTypeViaConfigUpdater: return null (satelliteConfig is null)
08-20 23:41:42.209  1028  1186 D SatelliteController: getCarrierRoamingNtnConnectType: Falling back to global carrier config connect type: 0
08-20 23:41:42.209  1028  1186 D TelephonyConfigUpdateInstallReceiver: getConfigParser: domain=satellite
08-20 23:41:42.209  1028  1186 V SatelliteController: satelliteConfigParser is not ready
08-20 23:41:42.209  1028  1186 D SatelliteController: isSatelliteAttachSupportedViaConfigupdater: return null (satelliteConfig is null)
08-20 23:41:42.209  1028  1186 D SatelliteController: getCarrierRoamingNtnConnectType: Checking connect type from PLMN config for subId: 1
08-20 23:41:42.209  1028  1186 D TelephonyConfigUpdateInstallReceiver: getConfigParser: domain=satellite
08-20 23:41:42.209  1028  1186 V SatelliteController: satelliteConfigParser is not ready
08-20 23:41:42.209  1028  1186 D SatelliteController: isSatelliteAttachSupportedViaConfigupdater: return null (satelliteConfig is null)
08-20 23:41:42.210  1028  1186 D SatelliteController: getSatellitePerPlmnConfiguration: invalid subId or not supported via carrier.
08-20 23:41:42.210  1028  1186 D SatelliteController: getCarrierRoamingNtnConnectType: config: null
08-20 23:41:42.210  1028  1186 D TelephonyConfigUpdateInstallReceiver: getConfigParser: domain=satellite
08-20 23:41:42.210  1028  1186 V SatelliteController: satelliteConfigParser is not ready
08-20 23:41:42.210  1028  1186 D SatelliteController: getCarrierRoamingNtnConnectTypeViaConfigUpdater: return null (satelliteConfig is null)
08-20 23:41:42.210  1028  1186 D SatelliteController: getCarrierRoamingNtnConnectType: Falling back to global carrier config connect type: 0
08-20 23:41:42.210  1028  1186 D TelephonyConfigUpdateInstallReceiver: getConfigParser: domain=satellite
08-20 23:41:42.210  1028  1186 V SatelliteController: satelliteConfigParser is not ready
08-20 23:41:42.210  1028  1186 D SatelliteController: isSatelliteAttachSupportedViaConfigupdater: return null (satelliteConfig is null)
08-20 23:41:42.244   477   577 W skia    : AGTM parsing failed flags.readFromStream(s) at 159
08-20 23:41:42.244   477   577 W skia    : AGTM parsing failed flags.readFromStream(s) at 159
08-20 23:41:42.622   479   479 I adbd    : adbd service requested 'shell,v2,TERM=xterm-256color,raw:pidof com.izzes.nears'
08-20 23:41:45.039   642   793 I HalDevMgr: bestIfaceCreationProposal is null, requestIface=STA, existingIface=[name=wlan0 type=STA]
08-20 23:41:47.004   880   880 I wpa_supplicant: wlan0: CTRL-EVENT-BEACON-LOSS 
08-20 23:41:47.891   479   479 I adbd    : adbd service requested 'shell,v2,TERM=xterm-256color,raw:dumpsys notification --noredact'
08-20 23:41:47.896   642   710 I PackageManager: getInstalledPackages: callingUid=1000 flags=4096 updatedFlags=790528 userId=0
08-20 23:41:47.914   479   479 I adbd    : adbd service requested 'shell,v2,TERM=xterm-256color,raw:cmd statusbar expand-notifications'
08-20 23:41:47.919   894   894 D WindowOnBackDispatcher: setTopOnBackInvokedCallback (unwrapped): com.android.systemui.back.domain.interactor.BackActionInteractor$callback$2@c2ace8f
08-20 23:41:47.920   642   710 D CoreBackPreview: Window{f5ef045 u0 NotificationShade}: Setting back callback OnBackInvokedCallbackInfo{mCallback=android.window.IOnBackInvokedCallback$Stub$Proxy@26ad81e, mPriority=0, mIsAnimationCallback=false, mOverrideBehavior=0}
08-20 23:41:47.920   894  1177 D ShadeStatusBarComponentsInteractor#disableFlagsInteractor: newValue: DisableFlagsModel(disable1=0, disable2=0, animate=true)
08-20 23:41:47.920   519   552 W libbinder.IPCThreadState: Sending oneway calls to frozen process.
08-20 23:41:47.924   642   655 D WindowManager: setClientSurface Surface(name=VRI-NotificationShade#83)/@0xa8b58ff for f5ef045 NotificationShade
08-20 23:41:47.924   894   894 I Surface : Creating surface for consumer unnamed-894-21 with slotExpansion=1 for 64 slots
08-20 23:41:47.924   894   894 I Surface : Creating surface for consumer VRI[NotificationShade]#14(BLAST Consumer)14 with slotExpansion=1 for 64 slots
08-20 23:41:47.938   894   894 D DeviceEntryIconViewBinder: Initializing device entry fgIconView
08-20 23:41:47.942   477   577 W skia    : AGTM parsing failed flags.readFromStream(s) at 159
08-20 23:41:47.942   477   577 W skia    : AGTM parsing failed flags.readFromStream(s) at 159
08-20 23:41:47.942   642   710 D BiometricService: canAuthenticate: User=0, Caller=0, Authenticators=255
08-20 23:41:47.943   642   710 D BiometricService/PreAuthInfo: Package: com.android.systemui Sensor ID: 0 Modality: 2 User id: 0 Status: 7
08-20 23:41:47.943   642   710 D BiometricService/PreAuthInfo: getCanAuthenticateInternal Modality: 2 AuthenticatorStatus: 7
08-20 23:41:47.943   642   710 D AuthService: canAuthenticate, userId: 0, callingUserId: 0, authenticators: 255, result: 11
08-20 23:41:47.944   642   655 D SystemServerTiming: getUserSwitchability-0
08-20 23:41:47.944   642   655 D SystemServerTiming: TM.isInCall
08-20 23:41:47.945   642   655 D SystemServerTiming: hasUserRestriction-DISALLOW_USER_SWITCH
08-20 23:41:47.945   642   655 D SystemServerTiming: getInt-ALLOW_USER_SWITCHING_WHEN_SYSTEM_USER_LOCKED
08-20 23:41:47.945   642   655 D SystemServerTiming: isUserUnlocked-USER_SYSTEM
08-20 23:41:47.945   642   655 D SystemServerTiming: getUserSwitchability-0
08-20 23:41:47.945   642   655 D SystemServerTiming: TM.isInCall
08-20 23:41:47.945   642   655 D SystemServerTiming: hasUserRestriction-DISALLOW_USER_SWITCH
08-20 23:41:47.945   642   655 D SystemServerTiming: getInt-ALLOW_USER_SWITCHING_WHEN_SYSTEM_USER_LOCKED
08-20 23:41:47.945   642   655 D SystemServerTiming: isUserUnlocked-USER_SYSTEM
08-20 23:41:47.945   894   894 D DLObserver: add listener: com.android.systemui.dock.DockManagerExtensionsKt$retrieveIsDocked$1$callback$1@118710c
08-20 23:41:47.945   894   894 D DLObserver: add listener: com.android.systemui.dock.DockManagerExtensionsKt$retrieveIsDocked$1$callback$1@521fa55
08-20 23:41:47.946   894   894 D DLObserver: add listener: com.android.systemui.dock.DockManagerExtensionsKt$retrieveIsDocked$1$callback$1@c7bac6a
08-20 23:41:47.946   894   894 D DLObserver: add listener: com.android.systemui.dock.DockManagerExtensionsKt$retrieveIsDocked$1$callback$1@32ce55b
08-20 23:41:47.946   894   894 D DLObserver: add listener: com.android.systemui.dock.DockManagerExtensionsKt$retrieveIsDocked$1$callback$1@76191f8
08-20 23:41:47.946   894   894 D DLObserver: add listener: com.android.systemui.dock.DockManagerExtensionsKt$retrieveIsDocked$1$callback$1@cd4e6d1
08-20 23:41:47.946   894  1154 D ControlsListingControllerImpl: Subscribing callback, service count: 0
08-20 23:41:47.947   894  1154 D ControlsListingControllerImpl: Subscribing callback, service count: 0
08-20 23:41:47.947   894  1154 D ControlsListingControllerImpl: Subscribing callback, service count: 0
08-20 23:41:47.947   894  1154 E QuickAccessWalletKeyguardQuickAffordanceConfig: Wallet card retrieval error, message: "null"
08-20 23:41:47.947   894  1154 E QuickAccessWalletKeyguardQuickAffordanceConfig: Wallet card retrieval error, message: "null"
08-20 23:41:47.948   894  1154 E QuickAccessWalletKeyguardQuickAffordanceConfig: Wallet card retrieval error, message: "null"
08-20 23:41:47.957   894  1171 D RingtonePlayer: stopAsync()
08-20 23:41:47.957   894  1171 D RingtonePlayer: stop
08-20 23:41:47.958   894 12866 D RingtonePlayer: RemoveFirst
08-20 23:41:47.958   894 12866 D RingtonePlayer: STOP
08-20 23:41:47.958   894 12866 W RingtonePlayer: STOP command without a player
08-20 23:41:47.960   894   894 D DLObserver: onDockEvent mDockState = 0
08-20 23:41:47.960   894   894 D DLObserver: onDockEvent mDockState = 0
08-20 23:41:47.960   894   894 D DLObserver: onDockEvent mDockState = 0
08-20 23:41:47.960   894   894 D DLObserver: onDockEvent mDockState = 0
08-20 23:41:47.960   894   894 D DLObserver: onDockEvent mDockState = 0
08-20 23:41:47.960   894   894 D DLObserver: onDockEvent mDockState = 0
08-20 23:41:47.996   894   894 D DeviceEntryIconViewBinder: Updating device entry icon image state ForegroundIconViewModel(type=UNLOCK, useAodVariant=false, tint=-2497793, padding=58)
08-20 23:41:48.007   894   894 W BlurChoreographer: Multiple blur values emitted in the same frame
08-20 23:41:48.007   894  1179 D ShadeStatusBarComponentsInteractor#disableFlagsInteractor: newValue: DisableFlagsModel(disable1=0, disable2=0, animate=false)
08-20 23:41:48.009  1043  1043 D BaseActivity: Launcher flags updated: [state_started|state_resumed|state_deferred_resumed|state_user_active] -[state_window_focused]
08-20 23:41:48.010   894   894 W BlurChoreographer: Multiple blur values emitted in the same frame
08-20 23:41:48.010   894   894 W BlurChoreographer: Multiple blur values emitted in the same frame
08-20 23:41:48.024   894   894 W BlurChoreographer: Multiple blur values emitted in the same frame
08-20 23:41:48.027   894   894 W BlurChoreographer: Multiple blur values emitted in the same frame
08-20 23:41:48.028   894   894 W BlurChoreographer: Multiple blur values emitted in the same frame
08-20 23:41:48.041   894   894 W BlurChoreographer: Multiple blur values emitted in the same frame
08-20 23:41:48.041   477   577 W skia    : AGTM parsing failed flags.readFromStream(s) at 159
08-20 23:41:48.041   477   577 W skia    : AGTM parsing failed flags.readFromStream(s) at 159
08-20 23:41:48.041   477   577 W skia    : AGTM parsing failed flags.readFromStream(s) at 159
08-20 23:41:48.041   477   577 W skia    : AGTM parsing failed flags.readFromStream(s) at 159
08-20 23:41:48.041   477   577 W skia    : AGTM parsing failed flags.readFromStream(s) at 159
08-20 23:41:48.041   477   577 W skia    : AGTM parsing failed flags.readFromStream(s) at 159
08-20 23:41:48.041   477   577 W skia    : AGTM parsing failed flags.readFromStream(s) at 159
08-20 23:41:48.044   477   577 W skia    : AGTM parsing failed flags.readFromStream(s) at 159
08-20 23:41:48.044   477   577 W skia    : AGTM parsing failed flags.readFromStream(s) at 159
08-20 23:41:48.044   477   577 W skia    : AGTM parsing failed flags.readFromStream(s) at 159
08-20 23:41:48.044   642   793 I HalDevMgr: bestIfaceCreationProposal is null, requestIface=STA, existingIface=[name=wlan0 type=STA]
08-20 23:41:48.045   894   894 W BlurChoreographer: Multiple blur values emitted in the same frame
08-20 23:41:48.045   894   894 W BlurChoreographer: Multiple blur values emitted in the same frame
08-20 23:41:48.047   999  1120 D IpClient/wlan0: interfaceLinkStateChanged: ifindex 16 up
08-20 23:41:48.052   999  1120 D IpClient/wlan0: interfaceLinkStateChanged: ifindex 16 up
08-20 23:41:48.056   477   577 W skia    : AGTM parsing failed flags.readFromStream(s) at 159
08-20 23:41:48.057   477   577 W skia    : AGTM parsing failed flags.readFromStream(s) at 159
08-20 23:41:48.057   477   577 W skia    : AGTM parsing failed flags.readFromStream(s) at 159
08-20 23:41:48.057   477   577 W skia    : AGTM parsing failed flags.readFromStream(s) at 159
08-20 23:41:48.057   477   577 W skia    : AGTM parsing failed flags.readFromStream(s) at 159
08-20 23:41:48.057   477   577 W skia    : AGTM parsing failed flags.readFromStream(s) at 159
08-20 23:41:48.057   477   577 W skia    : AGTM parsing failed flags.readFromStream(s) at 159
08-20 23:41:48.057   894   894 W BlurChoreographer: Multiple blur values emitted in the same frame
08-20 23:41:48.057   894  1178 D StatusBar##isHomeStatusBarAllowed: newValue: false
08-20 23:41:48.057   894  1176 D StatusBar##canShowOngoingActivityChips: newValue: false
08-20 23:41:48.057   894  1176 D StatusBar##chips: newValue: Chips[allowed=false numChips=0]
08-20 23:41:48.060   894   894 W BlurChoreographer: Multiple blur values emitted in the same frame
08-20 23:41:48.060   894   894 W BlurChoreographer: Multiple blur values emitted in the same frame
08-20 23:41:48.073   477   577 W skia    : AGTM parsing failed flags.readFromStream(s) at 159
08-20 23:41:48.073   477   577 W skia    : AGTM parsing failed flags.readFromStream(s) at 159
08-20 23:41:48.073   477   577 W skia    : AGTM parsing failed flags.readFromStream(s) at 159
08-20 23:41:48.073   477   577 W skia    : AGTM parsing failed flags.readFromStream(s) at 159
08-20 23:41:48.073   477   577 W skia    : AGTM parsing failed flags.readFromStream(s) at 159
08-20 23:41:48.073   477   577 W skia    : AGTM parsing failed flags.readFromStream(s) at 159
08-20 23:41:48.073   477   577 W skia    : AGTM parsing failed flags.readFromStream(s) at 159
08-20 23:41:48.073   894   894 W BlurChoreographer: Multiple blur values emitted in the same frame
08-20 23:41:48.084   894   894 W BlurChoreographer: Multiple blur values emitted in the same frame
08-20 23:41:48.090   477   577 W skia    : AGTM parsing failed flags.readFromStream(s) at 159
08-20 23:41:48.090   477   577 W skia    : AGTM parsing failed flags.readFromStream(s) at 159
08-20 23:41:48.090   477   577 W skia    : AGTM parsing failed flags.readFromStream(s) at 159
08-20 23:41:48.090   477   577 W skia    : AGTM parsing failed flags.readFromStream(s) at 159
08-20 23:41:48.090   477   577 W skia    : AGTM parsing failed flags.readFromStream(s) at 159
08-20 23:41:48.090   477   577 W skia    : AGTM parsing failed flags.readFromStream(s) at 159
08-20 23:41:48.090   477   577 W skia    : AGTM parsing failed flags.readFromStream(s) at 159
08-20 23:41:48.091   894   894 W BlurChoreographer: Multiple blur values emitted in the same frame
08-20 23:41:48.107   477   577 W skia    : AGTM parsing failed flags.readFromStream(s) at 159
08-20 23:41:48.107   477   577 W skia    : AGTM parsing failed flags.readFromStream(s) at 159
08-20 23:41:48.107   477   577 W skia    : AGTM parsing failed flags.readFromStream(s) at 159
08-20 23:41:48.107   477   577 W skia    : AGTM parsing failed flags.readFromStream(s) at 159
08-20 23:41:48.107   477   577 W skia    : AGTM parsing failed flags.readFromStream(s) at 159
08-20 23:41:48.107   477   577 W skia    : AGTM parsing failed flags.readFromStream(s) at 159
08-20 23:41:48.107   477   577 W skia    : AGTM parsing failed flags.readFromStream(s) at 159
08-20 23:41:48.107   894   894 W BlurChoreographer: Multiple blur values emitted in the same frame
08-20 23:41:48.127   477   577 W skia    : AGTM parsing failed flags.readFromStream(s) at 159
08-20 23:41:48.127   477   577 W skia    : AGTM parsing failed flags.readFromStream(s) at 159
08-20 23:41:48.127   477   577 W skia    : AGTM parsing failed flags.readFromStream(s) at 159
08-20 23:41:48.127   477   577 W skia    : AGTM parsing failed flags.readFromStream(s) at 159
08-20 23:41:48.127   477   577 W skia    : AGTM parsing failed flags.readFromStream(s) at 159
08-20 23:41:48.127   477   577 W skia    : AGTM parsing failed flags.readFromStream(s) at 159
08-20 23:41:48.127   477   577 W skia    : AGTM parsing failed flags.readFromStream(s) at 159
08-20 23:41:48.127   894   894 W BlurChoreographer: Multiple blur values emitted in the same frame
08-20 23:41:48.143   477   577 W skia    : AGTM parsing failed flags.readFromStream(s) at 159
08-20 23:41:48.143   477   577 W skia    : AGTM parsing failed flags.readFromStream(s) at 159
08-20 23:41:48.143   477   577 W skia    : AGTM parsing failed flags.readFromStream(s) at 159
08-20 23:41:48.143   477   577 W skia    : AGTM parsing failed flags.readFromStream(s) at 159
08-20 23:41:48.143   477   577 W skia    : AGTM parsing failed flags.readFromStream(s) at 159
08-20 23:41:48.143   477   577 W skia    : AGTM parsing failed flags.readFromStream(s) at 159
08-20 23:41:48.143   477   577 W skia    : AGTM parsing failed flags.readFromStream(s) at 159
08-20 23:41:48.144   894   894 W BlurChoreographer: Multiple blur values emitted in the same frame
08-20 23:41:48.144   477   577 W skia    : AGTM parsing failed flags.readFromStream(s) at 159
08-20 23:41:48.144   477   577 W skia    : AGTM parsing failed flags.readFromStream(s) at 159
08-20 23:41:48.144   477   577 W skia    : AGTM parsing failed flags.readFromStream(s) at 159
08-20 23:41:48.159   477   577 W skia    : AGTM parsing failed flags.readFromStream(s) at 159
08-20 23:41:48.159   477   577 W skia    : AGTM parsing failed flags.readFromStream(s) at 159
08-20 23:41:48.159   477   577 W skia    : AGTM parsing failed flags.readFromStream(s) at 159
08-20 23:41:48.159   477   577 W skia    : AGTM parsing failed flags.readFromStream(s) at 159
08-20 23:41:48.159   477   577 W skia    : AGTM parsing failed flags.readFromStream(s) at 159
08-20 23:41:48.159   477   577 W skia    : AGTM parsing failed flags.readFromStream(s) at 159
08-20 23:41:48.159   477   577 W skia    : AGTM parsing failed flags.readFromStream(s) at 159
08-20 23:41:48.159   894   894 W BlurChoreographer: Multiple blur values emitted in the same frame
08-20 23:41:48.173   477   577 W skia    : AGTM parsing failed flags.readFromStream(s) at 159
08-20 23:41:48.173   477   577 W skia    : AGTM parsing failed flags.readFromStream(s) at 159
08-20 23:41:48.173   477   577 W skia    : AGTM parsing failed flags.readFromStream(s) at 159
08-20 23:41:48.173   477   577 W skia    : AGTM parsing failed flags.readFromStream(s) at 159
08-20 23:41:48.173   477   577 W skia    : AGTM parsing failed flags.readFromStream(s) at 159
08-20 23:41:48.173   477   577 W skia    : AGTM parsing failed flags.readFromStream(s) at 159
08-20 23:41:48.173   477   577 W skia    : AGTM parsing failed flags.readFromStream(s) at 159
08-20 23:41:48.174   894   894 W BlurChoreographer: Multiple blur values emitted in the same frame
08-20 23:41:48.189   477   577 W skia    : AGTM parsing failed flags.readFromStream(s) at 159
08-20 23:41:48.189   477   577 W skia    : AGTM parsing failed flags.readFromStream(s) at 159
08-20 23:41:48.189   477   577 W skia    : AGTM parsing failed flags.readFromStream(s) at 159
08-20 23:41:48.189   477   577 W skia    : AGTM parsing failed flags.readFromStream(s) at 159
08-20 23:41:48.189   477   577 W skia    : AGTM parsing failed flags.readFromStream(s) at 159
08-20 23:41:48.189   477   577 W skia    : AGTM parsing failed flags.readFromStream(s) at 159
08-20 23:41:48.189   477   577 W skia    : AGTM parsing failed flags.readFromStream(s) at 159
08-20 23:41:48.190   894   894 W BlurChoreographer: Multiple blur values emitted in the same frame
08-20 23:41:48.206   477   577 W skia    : AGTM parsing failed flags.readFromStream(s) at 159
08-20 23:41:48.206   477   577 W skia    : AGTM parsing failed flags.readFromStream(s) at 159
08-20 23:41:48.206   477   577 W skia    : AGTM parsing failed flags.readFromStream(s) at 159
08-20 23:41:48.206   477   577 W skia    : AGTM parsing failed flags.readFromStream(s) at 159
08-20 23:41:48.206   477   577 W skia    : AGTM parsing failed flags.readFromStream(s) at 159
08-20 23:41:48.206   477   577 W skia    : AGTM parsing failed flags.readFromStream(s) at 159
08-20 23:41:48.206   477   577 W skia    : AGTM parsing failed flags.readFromStream(s) at 159
08-20 23:41:48.229   477   577 W skia    : AGTM parsing failed flags.readFromStream(s) at 159
08-20 23:41:48.229   477   577 W skia    : AGTM parsing failed flags.readFromStream(s) at 159
08-20 23:41:48.229   477   577 W skia    : AGTM parsing failed flags.readFromStream(s) at 159
08-20 23:41:48.229   477   577 W skia    : AGTM parsing failed flags.readFromStream(s) at 159
08-20 23:41:48.229   477   577 W skia    : AGTM parsing failed flags.readFromStream(s) at 159
08-20 23:41:48.229   477   577 W skia    : AGTM parsing failed flags.readFromStream(s) at 159
08-20 23:41:48.229   477   577 W skia    : AGTM parsing failed flags.readFromStream(s) at 159
08-20 23:41:48.242   894   894 W BlurChoreographer: Multiple blur values emitted in the same frame
08-20 23:41:48.242   477   577 W skia    : AGTM parsing failed flags.readFromStream(s) at 159
08-20 23:41:48.242   477   577 W skia    : AGTM parsing failed flags.readFromStream(s) at 159
08-20 23:41:48.242   477   577 W skia    : AGTM parsing failed flags.readFromStream(s) at 159
08-20 23:41:48.242   477   577 W skia    : AGTM parsing failed flags.readFromStream(s) at 159
08-20 23:41:48.242   477   577 W skia    : AGTM parsing failed flags.readFromStream(s) at 159
08-20 23:41:48.242   477   577 W skia    : AGTM parsing failed flags.readFromStream(s) at 159
08-20 23:41:48.242   477   577 W skia    : AGTM parsing failed flags.readFromStream(s) at 159
08-20 23:41:48.245   477   577 W skia    : AGTM parsing failed flags.readFromStream(s) at 159
08-20 23:41:48.245   477   577 W skia    : AGTM parsing failed flags.readFromStream(s) at 159
08-20 23:41:48.245   477   577 W skia    : AGTM parsing failed flags.readFromStream(s) at 159
08-20 23:41:48.258   477   577 W skia    : AGTM parsing failed flags.readFromStream(s) at 159
08-20 23:41:48.258   477   577 W skia    : AGTM parsing failed flags.readFromStream(s) at 159
08-20 23:41:48.258   477   577 W skia    : AGTM parsing failed flags.readFromStream(s) at 159
08-20 23:41:48.258   477   577 W skia    : AGTM parsing failed flags.readFromStream(s) at 159
08-20 23:41:48.258   477   577 W skia    : AGTM parsing failed flags.readFromStream(s) at 159
08-20 23:41:48.258   477   577 W skia    : AGTM parsing failed flags.readFromStream(s) at 159
08-20 23:41:48.258   477   577 W skia    : AGTM parsing failed flags.readFromStream(s) at 159
08-20 23:41:48.258   894   894 W BlurChoreographer: Multiple blur values emitted in the same frame
08-20 23:41:48.272   477   577 W skia    : AGTM parsing failed flags.readFromStream(s) at 159
08-20 23:41:48.272   477   577 W skia    : AGTM parsing failed flags.readFromStream(s) at 159
08-20 23:41:48.272   477   577 W skia    : AGTM parsing failed flags.readFromStream(s) at 159
08-20 23:41:48.272   477   577 W skia    : AGTM parsing failed flags.readFromStream(s) at 159
08-20 23:41:48.272   477   577 W skia    : AGTM parsing failed flags.readFromStream(s) at 159
08-20 23:41:48.272   477   577 W skia    : AGTM parsing failed flags.readFromStream(s) at 159
08-20 23:41:48.272   477   577 W skia    : AGTM parsing failed flags.readFromStream(s) at 159
08-20 23:41:48.289   477   577 W skia    : AGTM parsing failed flags.readFromStream(s) at 159
08-20 23:41:48.289   477   577 W skia    : AGTM parsing failed flags.readFromStream(s) at 159
08-20 23:41:48.289   477   577 W skia    : AGTM parsing failed flags.readFromStream(s) at 159
08-20 23:41:48.289   477   577 W skia    : AGTM parsing failed flags.readFromStream(s) at 159
08-20 23:41:48.289   477   577 W skia    : AGTM parsing failed flags.readFromStream(s) at 159
08-20 23:41:48.289   477   577 W skia    : AGTM parsing failed flags.readFromStream(s) at 159
08-20 23:41:48.289   477   577 W skia    : AGTM parsing failed flags.readFromStream(s) at 159
08-20 23:41:48.305   477   577 W skia    : AGTM parsing failed flags.readFromStream(s) at 159
08-20 23:41:48.306   477   577 W skia    : AGTM parsing failed flags.readFromStream(s) at 159
08-20 23:41:48.306   477   577 W skia    : AGTM parsing failed flags.readFromStream(s) at 159
08-20 23:41:48.306   477   577 W skia    : AGTM parsing failed flags.readFromStream(s) at 159
08-20 23:41:48.306   477   577 W skia    : AGTM parsing failed flags.readFromStream(s) at 159
08-20 23:41:48.306   477   577 W skia    : AGTM parsing failed flags.readFromStream(s) at 159
08-20 23:41:48.306   477   577 W skia    : AGTM parsing failed flags.readFromStream(s) at 159
08-20 23:41:48.326   477   577 W skia    : AGTM parsing failed flags.readFromStream(s) at 159
08-20 23:41:48.326   477   577 W skia    : AGTM parsing failed flags.readFromStream(s) at 159
08-20 23:41:48.326   477   577 W skia    : AGTM parsing failed flags.readFromStream(s) at 159
08-20 23:41:48.326   477   577 W skia    : AGTM parsing failed flags.readFromStream(s) at 159
08-20 23:41:48.326   477   577 W skia    : AGTM parsing failed flags.readFromStream(s) at 159
08-20 23:41:48.326   477   577 W skia    : AGTM parsing failed flags.readFromStream(s) at 159
08-20 23:41:48.326   477   577 W skia    : AGTM parsing failed flags.readFromStream(s) at 159
08-20 23:41:48.327   894   894 W BlurChoreographer: Multiple blur values emitted in the same frame
08-20 23:41:48.340   477   577 W skia    : AGTM parsing failed flags.readFromStream(s) at 159
08-20 23:41:48.340   477   577 W skia    : AGTM parsing failed flags.readFromStream(s) at 159
08-20 23:41:48.340   477   577 W skia    : AGTM parsing failed flags.readFromStream(s) at 159
08-20 23:41:48.340   477   577 W skia    : AGTM parsing failed flags.readFromStream(s) at 159
08-20 23:41:48.340   477   577 W skia    : AGTM parsing failed flags.readFromStream(s) at 159
08-20 23:41:48.340   477   577 W skia    : AGTM parsing failed flags.readFromStream(s) at 159
08-20 23:41:48.340   477   577 W skia    : AGTM parsing failed flags.readFromStream(s) at 159
08-20 23:41:48.345   477   577 W skia    : AGTM parsing failed flags.readFromStream(s) at 159
08-20 23:41:48.346   477   577 W skia    : AGTM parsing failed flags.readFromStream(s) at 159
08-20 23:41:48.346   477   577 W skia    : AGTM parsing failed flags.readFromStream(s) at 159
08-20 23:41:48.357   477   577 W skia    : AGTM parsing failed flags.readFromStream(s) at 159
08-20 23:41:48.357   477   577 W skia    : AGTM parsing failed flags.readFromStream(s) at 159
08-20 23:41:48.357   477   577 W skia    : AGTM parsing failed flags.readFromStream(s) at 159
08-20 23:41:48.357   477   577 W skia    : AGTM parsing failed flags.readFromStream(s) at 159
08-20 23:41:48.357   477   577 W skia    : AGTM parsing failed flags.readFromStream(s) at 159
08-20 23:41:48.357   477   577 W skia    : AGTM parsing failed flags.readFromStream(s) at 159
08-20 23:41:48.357   477   577 W skia    : AGTM parsing failed flags.readFromStream(s) at 159
08-20 23:41:48.374   477   577 W skia    : AGTM parsing failed flags.readFromStream(s) at 159
08-20 23:41:48.374   477   577 W skia    : AGTM parsing failed flags.readFromStream(s) at 159
08-20 23:41:48.374   477   577 W skia    : AGTM parsing failed flags.readFromStream(s) at 159
08-20 23:41:48.374   477   577 W skia    : AGTM parsing failed flags.readFromStream(s) at 159
08-20 23:41:48.374   477   577 W skia    : AGTM parsing failed flags.readFromStream(s) at 159
08-20 23:41:48.374   477   577 W skia    : AGTM parsing failed flags.readFromStream(s) at 159
08-20 23:41:48.374   477   577 W skia    : AGTM parsing failed flags.readFromStream(s) at 159
08-20 23:41:48.390   477   577 W skia    : AGTM parsing failed flags.readFromStream(s) at 159
08-20 23:41:48.390   477   577 W skia    : AGTM parsing failed flags.readFromStream(s) at 159
08-20 23:41:48.390   477   577 W skia    : AGTM parsing failed flags.readFromStream(s) at 159
08-20 23:41:48.390   477   577 W skia    : AGTM parsing failed flags.readFromStream(s) at 159
08-20 23:41:48.390   477   577 W skia    : AGTM parsing failed flags.readFromStream(s) at 159
08-20 23:41:48.390   477   577 W skia    : AGTM parsing failed flags.readFromStream(s) at 159
08-20 23:41:48.390   477   577 W skia    : AGTM parsing failed flags.readFromStream(s) at 159
08-20 23:41:48.408   477   577 W skia    : AGTM parsing failed flags.readFromStream(s) at 159
08-20 23:41:48.408   477   577 W skia    : AGTM parsing failed flags.readFromStream(s) at 159
08-20 23:41:48.408   477   577 W skia    : AGTM parsing failed flags.readFromStream(s) at 159
08-20 23:41:48.408   477   577 W skia    : AGTM parsing failed flags.readFromStream(s) at 159
08-20 23:41:48.408   477   577 W skia    : AGTM parsing failed flags.readFromStream(s) at 159
08-20 23:41:48.408   477   577 W skia    : AGTM parsing failed flags.readFromStream(s) at 159
08-20 23:41:48.408   477   577 W skia    : AGTM parsing failed flags.readFromStream(s) at 159
08-20 23:41:48.427   477   577 W skia    : AGTM parsing failed flags.readFromStream(s) at 159
08-20 23:41:48.427   477   577 W skia    : AGTM parsing failed flags.readFromStream(s) at 159
08-20 23:41:48.427   477   577 W skia    : AGTM parsing failed flags.readFromStream(s) at 159
08-20 23:41:48.427   477   577 W skia    : AGTM parsing failed flags.readFromStream(s) at 159
08-20 23:41:48.427   477   577 W skia    : AGTM parsing failed flags.readFromStream(s) at 159
08-20 23:41:48.427   477   577 W skia    : AGTM parsing failed flags.readFromStream(s) at 159
08-20 23:41:48.427   477   577 W skia    : AGTM parsing failed flags.readFromStream(s) at 159
08-20 23:41:48.442   477   577 W skia    : AGTM parsing failed flags.readFromStream(s) at 159
08-20 23:41:48.442   477   577 W skia    : AGTM parsing failed flags.readFromStream(s) at 159
08-20 23:41:48.442   477   577 W skia    : AGTM parsing failed flags.readFromStream(s) at 159
08-20 23:41:48.442   477   577 W skia    : AGTM parsing failed flags.readFromStream(s) at 159
08-20 23:41:48.442   477   577 W skia    : AGTM parsing failed flags.readFromStream(s) at 159
08-20 23:41:48.442   477   577 W skia    : AGTM parsing failed flags.readFromStream(s) at 159
08-20 23:41:48.442   477   577 W skia    : AGTM parsing failed flags.readFromStream(s) at 159
08-20 23:41:48.447   477   577 W skia    : AGTM parsing failed flags.readFromStream(s) at 159
08-20 23:41:48.447   477   577 W skia    : AGTM parsing failed flags.readFromStream(s) at 159
08-20 23:41:48.447   477   577 W skia    : AGTM parsing failed flags.readFromStream(s) at 159
08-20 23:41:48.459   477   577 W skia    : AGTM parsing failed flags.readFromStream(s) at 159
08-20 23:41:48.459   477   577 W skia    : AGTM parsing failed flags.readFromStream(s) at 159
08-20 23:41:48.459   477   577 W skia    : AGTM parsing failed flags.readFromStream(s) at 159
08-20 23:41:48.459   477   577 W skia    : AGTM parsing failed flags.readFromStream(s) at 159
08-20 23:41:48.459   477   577 W skia    : AGTM parsing failed flags.readFromStream(s) at 159
08-20 23:41:48.459   477   577 W skia    : AGTM parsing failed flags.readFromStream(s) at 159
08-20 23:41:48.459   477   577 W skia    : AGTM parsing failed flags.readFromStream(s) at 159
08-20 23:41:48.473   477   577 W skia    : AGTM parsing failed flags.readFromStream(s) at 159
08-20 23:41:48.473   477   577 W skia    : AGTM parsing failed flags.readFromStream(s) at 159
08-20 23:41:48.473   477   577 W skia    : AGTM parsing failed flags.readFromStream(s) at 159
08-20 23:41:48.473   477   577 W skia    : AGTM parsing failed flags.readFromStream(s) at 159
08-20 23:41:48.473   477   577 W skia    : AGTM parsing failed flags.readFromStream(s) at 159
08-20 23:41:48.473   477   577 W skia    : AGTM parsing failed flags.readFromStream(s) at 159
08-20 23:41:48.473   477   577 W skia    : AGTM parsing failed flags.readFromStream(s) at 159
08-20 23:41:48.473   894   894 W BlurChoreographer: Multiple blur values emitted in the same frame
08-20 23:41:48.490   477   577 W skia    : AGTM parsing failed flags.readFromStream(s) at 159
08-20 23:41:48.490   477   577 W skia    : AGTM parsing failed flags.readFromStream(s) at 159
08-20 23:41:48.490   477   577 W skia    : AGTM parsing failed flags.readFromStream(s) at 159
08-20 23:41:48.490   477   577 W skia    : AGTM parsing failed flags.readFromStream(s) at 159
08-20 23:41:48.490   477   577 W skia    : AGTM parsing failed flags.readFromStream(s) at 159
08-20 23:41:48.490   477   577 W skia    : AGTM parsing failed flags.readFromStream(s) at 159
08-20 23:41:48.490   477   577 W skia    : AGTM parsing failed flags.readFromStream(s) at 159
08-20 23:41:48.512   477   577 W skia    : AGTM parsing failed flags.readFromStream(s) at 159
08-20 23:41:48.512   477   577 W skia    : AGTM parsing failed flags.readFromStream(s) at 159
08-20 23:41:48.512   477   577 W skia    : AGTM parsing failed flags.readFromStream(s) at 159
08-20 23:41:48.512   477   577 W skia    : AGTM parsing failed flags.readFromStream(s) at 159
08-20 23:41:48.512   477   577 W skia    : AGTM parsing failed flags.readFromStream(s) at 159
08-20 23:41:48.512   477   577 W skia    : AGTM parsing failed flags.readFromStream(s) at 159
08-20 23:41:48.512   477   577 W skia    : AGTM parsing failed flags.readFromStream(s) at 159
08-20 23:41:48.526   477   577 W skia    : AGTM parsing failed flags.readFromStream(s) at 159
08-20 23:41:48.526   477   577 W skia    : AGTM parsing failed flags.readFromStream(s) at 159
08-20 23:41:48.526   477   577 W skia    : AGTM parsing failed flags.readFromStream(s) at 159
08-20 23:41:48.526   477   577 W skia    : AGTM parsing failed flags.readFromStream(s) at 159
08-20 23:41:48.526   477   577 W skia    : AGTM parsing failed flags.readFromStream(s) at 159
08-20 23:41:48.526   477   577 W skia    : AGTM parsing failed flags.readFromStream(s) at 159
08-20 23:41:48.526   477   577 W skia    : AGTM parsing failed flags.readFromStream(s) at 159
08-20 23:41:48.539   477   577 W skia    : AGTM parsing failed flags.readFromStream(s) at 159
08-20 23:41:48.539   477   577 W skia    : AGTM parsing failed flags.readFromStream(s) at 159
08-20 23:41:48.539   477   577 W skia    : AGTM parsing failed flags.readFromStream(s) at 159
08-20 23:41:48.539   477   577 W skia    : AGTM parsing failed flags.readFromStream(s) at 159
08-20 23:41:48.539   477   577 W skia    : AGTM parsing failed flags.readFromStream(s) at 159
08-20 23:41:48.539   477   577 W skia    : AGTM parsing failed flags.readFromStream(s) at 159
08-20 23:41:48.539   477   577 W skia    : AGTM parsing failed flags.readFromStream(s) at 159
08-20 23:41:48.548   477   577 W skia    : AGTM parsing failed flags.readFromStream(s) at 159
08-20 23:41:48.548   477   577 W skia    : AGTM parsing failed flags.readFromStream(s) at 159
08-20 23:41:48.548   477   577 W skia    : AGTM parsing failed flags.readFromStream(s) at 159
08-20 23:41:48.556   477   577 W skia    : AGTM parsing failed flags.readFromStream(s) at 159
08-20 23:41:48.556   477   577 W skia    : AGTM parsing failed flags.readFromStream(s) at 159
08-20 23:41:48.556   477   577 W skia    : AGTM parsing failed flags.readFromStream(s) at 159
08-20 23:41:48.556   477   577 W skia    : AGTM parsing failed flags.readFromStream(s) at 159
08-20 23:41:48.556   477   577 W skia    : AGTM parsing failed flags.readFromStream(s) at 159
08-20 23:41:48.556   477   577 W skia    : AGTM parsing failed flags.readFromStream(s) at 159
08-20 23:41:48.556   477   577 W skia    : AGTM parsing failed flags.readFromStream(s) at 159
08-20 23:41:48.572   477   577 W skia    : AGTM parsing failed flags.readFromStream(s) at 159
08-20 23:41:48.572   477   577 W skia    : AGTM parsing failed flags.readFromStream(s) at 159
08-20 23:41:48.572   477   577 W skia    : AGTM parsing failed flags.readFromStream(s) at 159
08-20 23:41:48.572   477   577 W skia    : AGTM parsing failed flags.readFromStream(s) at 159
08-20 23:41:48.573   477   577 W skia    : AGTM parsing failed flags.readFromStream(s) at 159
08-20 23:41:48.573   477   577 W skia    : AGTM parsing failed flags.readFromStream(s) at 159
08-20 23:41:48.573   477   577 W skia    : AGTM parsing failed flags.readFromStream(s) at 159
08-20 23:41:48.589   477   577 W skia    : AGTM parsing failed flags.readFromStream(s) at 159
08-20 23:41:48.589   477   577 W skia    : AGTM parsing failed flags.readFromStream(s) at 159
08-20 23:41:48.589   477   577 W skia    : AGTM parsing failed flags.readFromStream(s) at 159
08-20 23:41:48.589   477   577 W skia    : AGTM parsing failed flags.readFromStream(s) at 159
08-20 23:41:48.589   477   577 W skia    : AGTM parsing failed flags.readFromStream(s) at 159
08-20 23:41:48.589   477   577 W skia    : AGTM parsing failed flags.readFromStream(s) at 159
08-20 23:41:48.589   477   577 W skia    : AGTM parsing failed flags.readFromStream(s) at 159
08-20 23:41:48.607   477   577 W skia    : AGTM parsing failed flags.readFromStream(s) at 159
08-20 23:41:48.607   477   577 W skia    : AGTM parsing failed flags.readFromStream(s) at 159
08-20 23:41:48.607   477   577 W skia    : AGTM parsing failed flags.readFromStream(s) at 159
08-20 23:41:48.607   477   577 W skia    : AGTM parsing failed flags.readFromStream(s) at 159
08-20 23:41:48.607   477   577 W skia    : AGTM parsing failed flags.readFromStream(s) at 159
08-20 23:41:48.607   477   577 W skia    : AGTM parsing failed flags.readFromStream(s) at 159
08-20 23:41:48.607   477   577 W skia    : AGTM parsing failed flags.readFromStream(s) at 159
08-20 23:41:48.624   477   577 W skia    : AGTM parsing failed flags.readFromStream(s) at 159
08-20 23:41:48.624   477   577 W skia    : AGTM parsing failed flags.readFromStream(s) at 159
08-20 23:41:48.624   477   577 W skia    : AGTM parsing failed flags.readFromStream(s) at 159
08-20 23:41:48.624   477   577 W skia    : AGTM parsing failed flags.readFromStream(s) at 159
08-20 23:41:48.624   477   577 W skia    : AGTM parsing failed flags.readFromStream(s) at 159
08-20 23:41:48.624   477   577 W skia    : AGTM parsing failed flags.readFromStream(s) at 159
08-20 23:41:48.624   477   577 W skia    : AGTM parsing failed flags.readFromStream(s) at 159
08-20 23:41:48.640   477   577 W skia    : AGTM parsing failed flags.readFromStream(s) at 159
08-20 23:41:48.640   477   577 W skia    : AGTM parsing failed flags.readFromStream(s) at 159
08-20 23:41:48.640   477   577 W skia    : AGTM parsing failed flags.readFromStream(s) at 159
08-20 23:41:48.640   477   577 W skia    : AGTM parsing failed flags.readFromStream(s) at 159
08-20 23:41:48.640   477   577 W skia    : AGTM parsing failed flags.readFromStream(s) at 159
08-20 23:41:48.640   477   577 W skia    : AGTM parsing failed flags.readFromStream(s) at 159
08-20 23:41:48.640   477   577 W skia    : AGTM parsing failed flags.readFromStream(s) at 159
08-20 23:41:48.649   477   577 W skia    : AGTM parsing failed flags.readFromStream(s) at 159
08-20 23:41:48.649   477   577 W skia    : AGTM parsing failed flags.readFromStream(s) at 159
08-20 23:41:48.649   477   577 W skia    : AGTM parsing failed flags.readFromStream(s) at 159
08-20 23:41:48.656   477   577 W skia    : AGTM parsing failed flags.readFromStream(s) at 159
08-20 23:41:48.656   477   577 W skia    : AGTM parsing failed flags.readFromStream(s) at 159
08-20 23:41:48.656   477   577 W skia    : AGTM parsing failed flags.readFromStream(s) at 159
08-20 23:41:48.656   477   577 W skia    : AGTM parsing failed flags.readFromStream(s) at 159
08-20 23:41:48.656   477   577 W skia    : AGTM parsing failed flags.readFromStream(s) at 159
08-20 23:41:48.656   477   577 W skia    : AGTM parsing failed flags.readFromStream(s) at 159
08-20 23:41:48.656   477   577 W skia    : AGTM parsing failed flags.readFromStream(s) at 159
08-20 23:41:48.677   477   577 W skia    : AGTM parsing failed flags.readFromStream(s) at 159
08-20 23:41:48.677   477   577 W skia    : AGTM parsing failed flags.readFromStream(s) at 159
08-20 23:41:48.677   477   577 W skia    : AGTM parsing failed flags.readFromStream(s) at 159
08-20 23:41:48.677   477   577 W skia    : AGTM parsing failed flags.readFromStream(s) at 159
08-20 23:41:48.677   477   577 W skia    : AGTM parsing failed flags.readFromStream(s) at 159
08-20 23:41:48.677   477   577 W skia    : AGTM parsing failed flags.readFromStream(s) at 159
08-20 23:41:48.677   477   577 W skia    : AGTM parsing failed flags.readFromStream(s) at 159
08-20 23:41:48.689   477   577 W skia    : AGTM parsing failed flags.readFromStream(s) at 159
08-20 23:41:48.689   477   577 W skia    : AGTM parsing failed flags.readFromStream(s) at 159
08-20 23:41:48.689   477   577 W skia    : AGTM parsing failed flags.readFromStream(s) at 159
08-20 23:41:48.689   477   577 W skia    : AGTM parsing failed flags.readFromStream(s) at 159
08-20 23:41:48.689   477   577 W skia    : AGTM parsing failed flags.readFromStream(s) at 159
08-20 23:41:48.689   477   577 W skia    : AGTM parsing failed flags.readFromStream(s) at 159
08-20 23:41:48.689   477   577 W skia    : AGTM parsing failed flags.readFromStream(s) at 159
08-20 23:41:48.713   477   577 W skia    : AGTM parsing failed flags.readFromStream(s) at 159
08-20 23:41:48.713   477   577 W skia    : AGTM parsing failed flags.readFromStream(s) at 159
08-20 23:41:48.713   477   577 W skia    : AGTM parsing failed flags.readFromStream(s) at 159
08-20 23:41:48.713   477   577 W skia    : AGTM parsing failed flags.readFromStream(s) at 159
08-20 23:41:48.713   477   577 W skia    : AGTM parsing failed flags.readFromStream(s) at 159
08-20 23:41:48.713   477   577 W skia    : AGTM parsing failed flags.readFromStream(s) at 159
08-20 23:41:48.713   477   577 W skia    : AGTM parsing failed flags.readFromStream(s) at 159
08-20 23:41:48.723   477   577 W skia    : AGTM parsing failed flags.readFromStream(s) at 159
08-20 23:41:48.723   477   577 W skia    : AGTM parsing failed flags.readFromStream(s) at 159
08-20 23:41:48.723   477   577 W skia    : AGTM parsing failed flags.readFromStream(s) at 159
08-20 23:41:48.723   477   577 W skia    : AGTM parsing failed flags.readFromStream(s) at 159
08-20 23:41:48.723   477   577 W skia    : AGTM parsing failed flags.readFromStream(s) at 159
08-20 23:41:48.723   477   577 W skia    : AGTM parsing failed flags.readFromStream(s) at 159
08-20 23:41:48.723   477   577 W skia    : AGTM parsing failed flags.readFromStream(s) at 159
08-20 23:41:48.739   477   577 W skia    : AGTM parsing failed flags.readFromStream(s) at 159
08-20 23:41:48.739   477   577 W skia    : AGTM parsing failed flags.readFromStream(s) at 159
08-20 23:41:48.739   477   577 W skia    : AGTM parsing failed flags.readFromStream(s) at 159
08-20 23:41:48.739   477   577 W skia    : AGTM parsing failed flags.readFromStream(s) at 159
08-20 23:41:48.739   477   577 W skia    : AGTM parsing failed flags.readFromStream(s) at 159
08-20 23:41:48.739   477   577 W skia    : AGTM parsing failed flags.readFromStream(s) at 159
08-20 23:41:48.739   477   577 W skia    : AGTM parsing failed flags.readFromStream(s) at 159
08-20 23:41:48.749   477   577 W skia    : AGTM parsing failed flags.readFromStream(s) at 159
08-20 23:41:48.749   477   577 W skia    : AGTM parsing failed flags.readFromStream(s) at 159
08-20 23:41:48.749   477   577 W skia    : AGTM parsing failed flags.readFromStream(s) at 159
08-20 23:41:48.756   477   577 W skia    : AGTM parsing failed flags.readFromStream(s) at 159
08-20 23:41:48.756   477   577 W skia    : AGTM parsing failed flags.readFromStream(s) at 159
08-20 23:41:48.756   477   577 W skia    : AGTM parsing failed flags.readFromStream(s) at 159
08-20 23:41:48.756   477   577 W skia    : AGTM parsing failed flags.readFromStream(s) at 159
08-20 23:41:48.756   477   577 W skia    : AGTM parsing failed flags.readFromStream(s) at 159
08-20 23:41:48.756   477   577 W skia    : AGTM parsing failed flags.readFromStream(s) at 159
08-20 23:41:48.756   477   577 W skia    : AGTM parsing failed flags.readFromStream(s) at 159
08-20 23:41:48.851   477   577 W skia    : AGTM parsing failed flags.readFromStream(s) at 159
08-20 23:41:48.851   477   577 W skia    : AGTM parsing failed flags.readFromStream(s) at 159
08-20 23:41:48.851   477   577 W skia    : AGTM parsing failed flags.readFromStream(s) at 159
08-20 23:41:49.952   479   479 I adbd    : adbd service requested 'exec:uiautomator 'dump' '/sdcard/notif_dump2.xml''
08-20 23:41:49.987 12869 12869 D AndroidRuntime: >>>>>> START com.android.internal.os.RuntimeInit uid 2000 <<<<<<
08-20 23:41:49.988 12869 12869 I AndroidRuntime: Using default boot image
08-20 23:41:49.988 12869 12869 I AndroidRuntime: Leaving lock profiling enabled
08-20 23:41:49.989 12869 12869 I app_process: Core platform API enforcement enabled from the hiddenapi_platform_enforcement flag and the device API level
08-20 23:41:49.989 12869 12869 I app_process: Using generational CollectorTypeCMC GC.
08-20 23:41:50.006 12869 12869 D nativeloader: InitDefaultPublicLibraries for_preload=1: libandroid.so:libaaudio.so:libamidi.so:libbinder_ndk.so:libc.so:libcamera2ndk.so:libdl.so:libEGL.so:libGLESv1_CM.so:libGLESv2.so:libGLESv3.so:libicu.so:libicui18n.so:libicuuc.so:libjnigraphics.so:liblog.so:libmediandk.so:libm.so:libnativehelper.so:libnativewindow.so:libOpenMAXAL.so:libOpenSLES.so:libRS.so:libstdc++.so:libsync.so:libvulkan.so:libwebviewchromium_plat_support.so:libz.so
08-20 23:41:50.009 12869 12869 D nativeloader: Load libicu_jni.so using APEX ns com_android_art for caller /apex/com.android.art/javalib/core-oj.jar: ok
08-20 23:41:50.009 12869 12869 D app_process: u_setTimeZoneFilesDirectory("/apex/com.android.tzdata/etc/tz/versioned/10/icu") succeeded. 
08-20 23:41:50.009 12869 12869 D app_process: I18n APEX ICU file found: /apex/com.android.i18n/etc/icu/icudt78l.dat
08-20 23:41:50.009 12869 12869 D nativeloader: Load libjavacore.so using APEX ns com_android_art for caller /apex/com.android.art/javalib/core-oj.jar: ok
08-20 23:41:50.009 12869 12869 D nativeloader: Load libopenjdk.so using APEX ns com_android_art for caller /apex/com.android.art/javalib/core-oj.jar: ok
08-20 23:41:50.010 12869 12869 I app_process: Priority-to-niceness mapping: 19, 16, 13, 10, 0, -2, -4, -5, -6, -8
08-20 23:41:50.010 12869 12869 W app_process: ClassLoaderContext shared library size mismatch. Expected=2, found=0 (PCL[]{PCL[/system/framework/android.test.base.jar*736588042]#PCL[/system/framework/android.test.mock.jar*4008448454]} | PCL[])
08-20 23:41:50.010 12869 12869 W app_process: ClassLoaderContext classpath size mismatch. expected=0, found=1 (PCL[]{PCL[/system/framework/android.test.runner.jar*805256125]{PCL[/system/framework/android.test.base.jar*736588042]#PCL[/system/framework/android.test.mock.jar*4008448454]}#PCL[/system/framework/android.test.base.jar*736588042]} | PCL[/system/framework/android.test.runner.jar*805256125])
08-20 23:41:50.017 12869 12869 D nativeloader: Load libframework-connectivity-tiramisu-jni.so using APEX ns com_android_tethering for caller /apex/com.android.tethering/javalib/framework-connectivity-t.jar: ok
08-20 23:41:50.017 12869 12869 D AndroidRuntime: Calling main entry com.android.commands.uiautomator.Launcher
08-20 23:41:50.018 12869 12869 I AconfigPackage: android.media.swcodec.flags is mapped to com.android.media.swcodec
08-20 23:41:50.018 12869 12869 I AconfigPackage: com.android.permission.flags is mapped to com.android.permission
08-20 23:41:50.018 12869 12869 I AconfigPackage: com.android.permissioncontroller.flags is mapped to com.android.permission
08-20 23:41:50.018 12869 12869 I AconfigPackage: com.google.android.widevine.flags is mapped to com.google.android.widevine
08-20 23:41:50.018 12869 12869 I AconfigPackage: com.android.icu is mapped to com.android.i18n
08-20 23:41:50.018 12869 12869 I AconfigPackage: com.android.appsearch.flags is mapped to com.android.appsearch
08-20 23:41:50.018 12869 12869 I AconfigPackage: com.android.uprobestats.flags is mapped to com.android.uprobestats
08-20 23:41:50.018 12869 12869 I AconfigPackage: android.uprobestats.mainline.flags is mapped to com.android.uprobestats
08-20 23:41:50.018 12869 12869 I AconfigPackage: com.android.crashrecovery.flags is mapped to com.android.crashrecovery
08-20 23:41:50.018 12869 12869 I AconfigPackage: android.provider.flags is mapped to com.android.configinfrastructure
08-20 23:41:50.018 12869 12869 I AconfigPackage: com.android.server.deviceconfig is mapped to com.android.configinfrastructure
08-20 23:41:50.018 12869 12869 I AconfigPackage: com.android.art.flags is mapped to com.android.art
08-20 23:41:50.018 12869 12869 I AconfigPackage: com.android.art.rw.flags is mapped to com.android.art
08-20 23:41:50.018 12869 12869 I AconfigPackage: com.android.libcore is mapped to com.android.art
08-20 23:41:50.018 12869 12869 I AconfigPackage: android.telecom.flags is mapped to com.android.telephonycore
08-20 23:41:50.018 12869 12869 I AconfigPackage: com.android.internal.telecom.flags is mapped to com.android.telephonycore
08-20 23:41:50.018 12869 12869 I AconfigPackage: com.android.telephony.flags is mapped to com.android.telephonycore
08-20 23:41:50.018 12869 12869 I AconfigPackage: com.android.media.extractor.flags is mapped to com.android.media
08-20 23:41:50.018 12869 12869 I AconfigPackage: com.android.media.metrics.flags is mapped to com.android.media
08-20 23:41:50.018 12869 12869 I AconfigPackage: com.android.media.mainline.flags is mapped to com.android.media
08-20 23:41:50.018 12869 12869 I AconfigPackage: com.android.wifi.flags is mapped to com.android.wifi
08-20 23:41:50.018 12869 12869 I AconfigPackage: com.android.org.conscrypt.flags is mapped to com.android.conscrypt
08-20 23:41:50.018 12869 12869 I AconfigPackage: com.android.org.conscrypt.net.flags is mapped to com.android.conscrypt
08-20 23:41:50.018 12869 12869 I AconfigPackage: com.android.healthfitness.flags is mapped to com.android.healthfitness
08-20 23:41:50.018 12869 12869 I AconfigPackage: com.android.ipsec.flags is mapped to com.android.ipsec
08-20 23:41:50.018 12869 12869 I AconfigPackage: com.android.nfc.module.flags is mapped to com.android.nfcservices
08-20 23:41:50.018 12869 12869 I AconfigPackage: com.android.nfc.module.nonexported.flags is mapped to com.android.nfcservices
08-20 23:41:50.018 12869 12869 I AconfigPackage: com.android.adservices.ondevicepersonalization.flags is mapped to com.android.ondevicepersonalization
08-20 23:41:50.018 12869 12869 I AconfigPackage: com.android.adbd.flags is mapped to com.android.adbd
08-20 23:41:50.018 12869 12869 I AconfigPackage: com.android.bluetooth.beta.flags is mapped to com.android.bt
08-20 23:41:50.018 12869 12869 I AconfigPackage: com.android.bluetooth.flags is mapped to com.android.bt
08-20 23:41:50.018 12869 12869 I AconfigPackage: com.android.devicelock.flags is mapped to com.android.devicelock
08-20 23:41:50.019 12869 12869 I AconfigPackage: android.os.profiling is mapped to com.android.profiling
08-20 23:41:50.019 12869 12869 I AconfigPackage: android.os.profiling.anomaly.flags is mapped to com.android.profiling
08-20 23:41:50.019 12869 12869 I AconfigPackage: com.android.os.statsd.flags is mapped to com.android.os.statsd
08-20 23:41:50.019 12869 12869 I AconfigPackage: com.android.webapp.flags is mapped to com.android.webapp
08-20 23:41:50.019 12869 12869 I AconfigPackage: com.android.rkpd.flags is mapped to com.android.rkpd
08-20 23:41:50.019 12869 12869 I AconfigPackage: com.android.cellbroadcastreceiver.flags is mapped to com.android.cellbroadcast
08-20 23:41:50.019 12869 12869 I AconfigPackage: com.android.adservices.flags is mapped to com.android.adservices
08-20 23:41:50.019 12869 12869 I AconfigPackage: com.android.sdksandbox.flags is mapped to com.android.adservices
08-20 23:41:50.019 12869 12869 I AconfigPackage: android.app.sdksandbox.flags is mapped to com.android.adservices
08-20 23:41:50.019 12869 12869 I AconfigPackage: com.android.uwb.flags is mapped to com.android.uwb
08-20 23:41:50.019 12869 12869 I AconfigPackage: com.android.ranging.flags is mapped to com.android.uwb
08-20 23:41:50.019 12869 12869 I AconfigPackage: com.android.npumanager is mapped to com.android.npumanager
08-20 23:41:50.019 12869 12869 I AconfigPackage: android.graphics.pdf.flags is mapped to com.android.mediaprovider
08-20 23:41:50.019 12869 12869 I AconfigPackage: com.android.providers.media.flags is mapped to com.android.mediaprovider
08-20 23:41:50.019 12869 12869 I AconfigPackage: android.graphics.pdf.flags.readonly is mapped to com.android.mediaprovider
08-20 23:41:50.019 12869 12869 I AconfigPackage: com.android.tethering.mainline.beta is mapped to com.android.tethering
08-20 23:41:50.019 12869 12869 I AconfigPackage: android.net.http is mapped to com.android.tethering
08-20 23:41:50.019 12869 12869 I AconfigPackage: com.android.tethering.readonly.flags is mapped to com.android.tethering
08-20 23:41:50.019 12869 12869 I AconfigPackage: android.net.vcn is mapped to com.android.tethering
08-20 23:41:50.019 12869 12869 I AconfigPackage: com.android.net.flags is mapped to com.android.tethering
08-20 23:41:50.019 12869 12869 I AconfigPackage: com.android.tethering.flags is mapped to com.android.tethering
08-20 23:41:50.019 12869 12869 I AconfigPackage: com.android.tethering.beta.test is mapped to com.android.tethering
08-20 23:41:50.019 12869 12869 I AconfigPackage: com.android.nearby.flags is mapped to com.android.tethering
08-20 23:41:50.019 12869 12869 I AconfigPackage: com.android.net.thread.flags is mapped to com.android.tethering
08-20 23:41:50.019 12869 12869 I AconfigPackage: com.android.net.ct.flags is mapped to com.android.tethering
08-20 23:41:50.019 12869 12869 I AconfigPackage: com.android.system.virtualmachine.flags is mapped to com.android.virt
08-20 23:41:50.019 12869 12869 E FeatureFlagsImplExport: android.os.flagging.AconfigStorageReadException: ERROR_PACKAGE_NOT_FOUND: package android.xr cannot be found on the device
08-20 23:41:50.020 12869 12869 D UiAutomationConnection: Created on user UserHandle{0}
08-20 23:41:50.020 12869 12869 I UiAutomation: Initialized for user 0 on display 0
08-20 23:41:50.020 12869 12869 W UiAutomation: Created with deprecatead constructor, assumes DEFAULT_DISPLAY
08-20 23:41:50.020   642   710 D AccessibilityManagerService: changeCurrentUserForTestAutomationIfNeededLocked(0): ignoring because device doesn't support visible background users
08-20 23:41:50.020   642   710 I UiAutomationManager: Registering UiTestAutomationService (id=com.android.server.accessibility/UiAutomation, flags=0x0) when called by user 0
08-20 23:41:50.020   642   710 V AccessibilityManagerService: onUserStateChangedLocked for userId: 0, forceUpdate: false
08-20 23:41:50.020   642   710 V AccessibilityUserState: updateShortcutTargets: type:accessibility_shortcut_target_service, current:{}, new:{}
08-20 23:41:50.020   642   710 V AccessibilityUserState: updateShortcutTargets: type:accessibility_button_targets, current:{}, new:{}
08-20 23:41:50.020   642   710 V AccessibilityUserState: updateShortcutTargets: type:accessibility_gesture_targets, current:{}, new:{}
08-20 23:41:50.020   642   710 V AccessibilityUserState: updateShortcutTargets: type:accessibility_qs_targets, current:{}, new:{}
08-20 23:41:50.020   642   710 V AccessibilityUserState: updateShortcutTargets: type:accessibility_key_gesture_targets, current:{}, new:{}
08-20 23:41:50.020   642   710 V AccessibilityUserState: updateShortcutTargets: type:accessibility_top_row_key_targets, current:{}, new:{}
08-20 23:41:50.020   642   710 V AccessibilityUserState: updateShortcutTargets: type:accessibility_quick_access_targets, current:{}, new:{}
08-20 23:41:50.020   642   710 W MagnificationConnectionManager: requestConnection duplicated request: connect=false, mConnectionState=DISCONNECTED
08-20 23:41:50.020  1655  1957 I AiAiEcho: Settings changed for uri: content://settings/secure/accessibility_enabled
08-20 23:41:50.021   642   642 W libbinder.IPCThreadState: Sending oneway calls to frozen process.
08-20 23:41:50.021  1655  1820 I AiAiEcho: Predicting[0]:  [CONTEXT sampling_count=5 ]
08-20 23:41:50.021   642   642 W libbinder.IPCThreadState: Sending oneway calls to frozen process.
08-20 23:41:50.021  1655  1820 I AiAiEcho: EchoTargets: 
08-20 23:41:50.021  1655  1820 I AiAiEcho: Filtered by AiAi flag check: 
08-20 23:41:50.021  1655  1820 I AiAiEcho: [CONTEXT ratelimit_period="10 SECONDS" ]
08-20 23:41:50.021   642   642 W libbinder.IPCThreadState: Sending oneway calls to frozen process.
08-20 23:41:50.021   642   642 W libbinder.IPCThreadState: Sending oneway calls to frozen process.
08-20 23:41:50.021  1655  1820 I AiAiEcho: #remoteViewsTwiddler: feature disabled.
08-20 23:41:50.021   642   642 W libbinder.IPCThreadState: Sending oneway calls to frozen process.
08-20 23:41:50.021  1655  1820 I AiAiEcho: Predicting[0]:  [CONTEXT sampling_count=5 ]
08-20 23:41:50.021   642   642 W libbinder.IPCThreadState: Sending oneway calls to frozen process.
08-20 23:41:50.021  1655  1820 I AiAiEcho: EchoTargets: 
08-20 23:41:50.021  1655  1820 I AiAiEcho: Filtered by AiAi flag check: 
08-20 23:41:50.021  1655  1820 I AiAiEcho: [CONTEXT ratelimit_period="10 SECONDS" ]
08-20 23:41:50.021  1655  1820 I AiAiEcho: #remoteViewsTwiddler: feature disabled.
08-20 23:41:50.021  1655  1820 I AiAiEcho: Predicting[0]:  [CONTEXT sampling_count=5 ]
08-20 23:41:50.021  1655  1820 I AiAiEcho: EchoTargets: 
08-20 23:41:50.021  1655  1820 I AiAiEcho: Filtered by AiAi flag check: 
08-20 23:41:50.021  1655  1820 I AiAiEcho: [CONTEXT ratelimit_period="10 SECONDS" ]
08-20 23:41:50.021  1655  1820 I AiAiEcho: #remoteViewsTwiddler: feature disabled.
08-20 23:41:50.021  1655  1820 I AiAiEcho: #postPredictionTargets: Sending updates to UISurface lockscreen with targets# 0 (types=[])
08-20 23:41:50.021  1655  1820 I AiAiEcho: #postPredictionTargets: Sending updates to UISurface ambientcue with targets# 0 (types=[])
08-20 23:41:50.021  1655  1820 I AiAiEcho: #postPredictionTargets: Sending updates to UISurface home with targets# 0 (types=[])
08-20 23:41:50.021   894  1154 I AmbientCueRepository: Receiving SmartSpace targets # 0
08-20 23:41:50.021   642   642 W libbinder.IPCThreadState: Sending oneway calls to frozen process.
08-20 23:41:50.021   642   642 W libbinder.IPCThreadState: Sending oneway calls to frozen process.
08-20 23:41:50.021   642   642 W libbinder.IPCThreadState: Sending oneway calls to frozen process.
08-20 23:41:50.022   642   710 V AccessibilityManagerService: onUserStateChangedLocked for userId: 0, forceUpdate: false
08-20 23:41:50.022   477   577 W skia    : AGTM parsing failed flags.readFromStream(s) at 159
08-20 23:41:50.022  1043  1043 D SsBaseTemplateCard: Passed-in item info is null
08-20 23:41:50.022  1043  1043 D SsBaseTemplateCard: Passed-in item info is null
08-20 23:41:50.022  1043  1043 D SsBaseTemplateCard: Passed-in item info is null
08-20 23:41:50.022  1043  1043 D SsBaseTemplateCard: Passed-in item info is null
08-20 23:41:50.022  1043  1043 I SsBaseTemplateCard: Secondary card pane is null
08-20 23:41:50.022   477   577 W skia    : AGTM parsing failed flags.readFromStream(s) at 159
08-20 23:41:50.022   477   577 W skia    : AGTM parsing failed flags.readFromStream(s) at 159
08-20 23:41:50.022   477   577 W skia    : AGTM parsing failed flags.readFromStream(s) at 159
08-20 23:41:50.022   477   577 W skia    : AGTM parsing failed flags.readFromStream(s) at 159
08-20 23:41:50.022   477   577 W skia    : AGTM parsing failed flags.readFromStream(s) at 159
08-20 23:41:50.022   477   577 W skia    : AGTM parsing failed flags.readFromStream(s) at 159
08-20 23:41:50.026   642   710 V AccessibilityUserState: updateShortcutTargets: type:accessibility_shortcut_target_service, current:{}, new:{}
08-20 23:41:50.026   642   710 V AccessibilityUserState: updateShortcutTargets: type:accessibility_button_targets, current:{}, new:{}
08-20 23:41:50.026   642   710 V AccessibilityUserState: updateShortcutTargets: type:accessibility_gesture_targets, current:{}, new:{}
08-20 23:41:50.026   642   710 V AccessibilityUserState: updateShortcutTargets: type:accessibility_qs_targets, current:{}, new:{}
08-20 23:41:50.026   642   710 V AccessibilityUserState: updateShortcutTargets: type:accessibility_key_gesture_targets, current:{}, new:{}
08-20 23:41:50.026   642   710 V AccessibilityUserState: updateShortcutTargets: type:accessibility_top_row_key_targets, current:{}, new:{}
08-20 23:41:50.026   642   710 V AccessibilityUserState: updateShortcutTargets: type:accessibility_quick_access_targets, current:{}, new:{}
08-20 23:41:50.026   642   710 W MagnificationConnectionManager: requestConnection duplicated request: connect=false, mConnectionState=DISCONNECTED
08-20 23:41:50.027   642   642 W libbinder.IPCThreadState: Sending oneway calls to frozen process.
08-20 23:41:50.027   642   642 W libbinder.IPCThreadState: Sending oneway calls to frozen process.
08-20 23:41:50.027   642   642 W libbinder.IPCThreadState: Sending oneway calls to frozen process.
08-20 23:41:50.027   642   642 W libbinder.IPCThreadState: Sending oneway calls to frozen process.
08-20 23:41:50.027   642   642 W libbinder.IPCThreadState: Sending oneway calls to frozen process.
08-20 23:41:50.027   642   642 W libbinder.IPCThreadState: Sending oneway calls to frozen process.
08-20 23:41:50.027   642   642 W libbinder.IPCThreadState: Sending oneway calls to frozen process.
08-20 23:41:50.027   642   642 W libbinder.IPCThreadState: Sending oneway calls to frozen process.
08-20 23:41:50.027   642   642 W libbinder.IPCThreadState: Sending oneway calls to frozen process.
08-20 23:41:50.027   642   642 W libbinder.IPCThreadState: Sending oneway calls to frozen process.
08-20 23:41:50.027   642   642 W libbinder.IPCThreadState: Sending oneway calls to frozen process.
08-20 23:41:50.027   642   642 W libbinder.IPCThreadState: Sending oneway calls to frozen process.
08-20 23:41:50.027  1655  2190 I AiAiEcho: Settings changed for uri: content://settings/secure/accessibility_enabled
08-20 23:41:50.027   642   642 W libbinder.IPCThreadState: Sending oneway calls to frozen process.
08-20 23:41:50.027   642   642 W libbinder.IPCThreadState: Sending oneway calls to frozen process.
08-20 23:41:50.028   642   642 W libbinder.IPCThreadState: Sending oneway calls to frozen process.
08-20 23:41:50.028   642   642 W libbinder.IPCThreadState: Sending oneway calls to frozen process.
08-20 23:41:50.028   642   642 W libbinder.IPCThreadState: Sending oneway calls to frozen process.
08-20 23:41:50.028   642   642 W libbinder.IPCThreadState: Sending oneway calls to frozen process.
08-20 23:41:50.028  1655  1820 I AiAiEcho: Predicting[0]:  [CONTEXT sampling_count=5 ]
08-20 23:41:50.028  1655  1820 I AiAiEcho: EchoTargets: 
08-20 23:41:50.028  1655  1820 I AiAiEcho: Filtered by AiAi flag check: 
08-20 23:41:50.028  1655  1820 I AiAiEcho: [CONTEXT ratelimit_period="10 SECONDS" ]
08-20 23:41:50.028   642   642 W libbinder.IPCThreadState: Sending oneway calls to frozen process.
08-20 23:41:50.028   642   642 W libbinder.IPCThreadState: Sending oneway calls to frozen process.
08-20 23:41:50.028   642   642 W libbinder.IPCThreadState: Sending oneway calls to frozen process.
08-20 23:41:50.028   642   642 D BatterySaverPolicy: accessibility changed to true, updating policy.
08-20 23:41:50.029  1655  1820 I AiAiEcho: #remoteViewsTwiddler: feature disabled.
08-20 23:41:50.029  1655  1820 I AiAiEcho: Predicting[0]:  [CONTEXT sampling_count=5 ]
08-20 23:41:50.029  1655  1820 I AiAiEcho: EchoTargets: 
08-20 23:41:50.029  1655  1820 I AiAiEcho: Filtered by AiAi flag check: 
08-20 23:41:50.029  1655  1820 I AiAiEcho: [CONTEXT ratelimit_period="10 SECONDS" ]
08-20 23:41:50.029  1655  1820 I AiAiEcho: #remoteViewsTwiddler: feature disabled.
08-20 23:41:50.029  1655  1820 I AiAiEcho: Predicting[0]:  [CONTEXT sampling_count=5 ]
08-20 23:41:50.029  1655  1820 I AiAiEcho: EchoTargets: 
08-20 23:41:50.029  1655  1820 I AiAiEcho: Filtered by AiAi flag check: 
08-20 23:41:50.029  1655  1820 I AiAiEcho: [CONTEXT ratelimit_period="10 SECONDS" ]
08-20 23:41:50.029  1655  1820 I AiAiEcho: #remoteViewsTwiddler: feature disabled.
08-20 23:41:50.029  1655  1820 I AiAiEcho: #postPredictionTargets: Sending updates to UISurface lockscreen with targets# 0 (types=[])
08-20 23:41:50.029   477   577 W skia    : AGTM parsing failed flags.readFromStream(s) at 159
08-20 23:41:50.029   477   577 W skia    : AGTM parsing failed flags.readFromStream(s) at 159
08-20 23:41:50.029   477   577 W skia    : AGTM parsing failed flags.readFromStream(s) at 159
08-20 23:41:50.029  1655  1820 I AiAiEcho: #postPredictionTargets: Sending updates to UISurface ambientcue with targets# 0 (types=[])
08-20 23:41:50.029  1655  1820 I AiAiEcho: #postPredictionTargets: Sending updates to UISurface home with targets# 0 (types=[])
08-20 23:41:50.030   894  1154 I AmbientCueRepository: Receiving SmartSpace targets # 0
08-20 23:41:50.031   642  1977 D AccessibilityManagerService: .getAccessibilityShortcutTargets {shortcutType=32, userId=0}
08-20 23:41:50.039   477   577 W skia    : AGTM parsing failed flags.readFromStream(s) at 159
08-20 23:41:50.040   477   577 W skia    : AGTM parsing failed flags.readFromStream(s) at 159
08-20 23:41:50.040   477   577 W skia    : AGTM parsing failed flags.readFromStream(s) at 159
08-20 23:41:50.040   477   577 W skia    : AGTM parsing failed flags.readFromStream(s) at 159
08-20 23:41:50.040   477   577 W skia    : AGTM parsing failed flags.readFromStream(s) at 159
08-20 23:41:50.040   477   577 W skia    : AGTM parsing failed flags.readFromStream(s) at 159
08-20 23:41:50.040   477   577 W skia    : AGTM parsing failed flags.readFromStream(s) at 159
08-20 23:41:50.041  1043  1043 D SsBaseTemplateCard: Passed-in item info is null
08-20 23:41:50.041  1043  1043 D SsBaseTemplateCard: Passed-in item info is null
08-20 23:41:50.041  1043  1043 D SsBaseTemplateCard: Passed-in item info is null
08-20 23:41:50.041  1043  1043 D SsBaseTemplateCard: Passed-in item info is null
08-20 23:41:50.041  1043  1043 I SsBaseTemplateCard: Secondary card pane is null
08-20 23:41:50.057   477   577 W skia    : AGTM parsing failed flags.readFromStream(s) at 159
08-20 23:41:50.057   477   577 W skia    : AGTM parsing failed flags.readFromStream(s) at 159
08-20 23:41:50.057   477   577 W skia    : AGTM parsing failed flags.readFromStream(s) at 159
08-20 23:41:50.057   477   577 W skia    : AGTM parsing failed flags.readFromStream(s) at 159
08-20 23:41:50.057   477   577 W skia    : AGTM parsing failed flags.readFromStream(s) at 159
08-20 23:41:50.057   477   577 W skia    : AGTM parsing failed flags.readFromStream(s) at 159
08-20 23:41:50.057   477   577 W skia    : AGTM parsing failed flags.readFromStream(s) at 159
08-20 23:41:50.129   477   577 W skia    : AGTM parsing failed flags.readFromStream(s) at 159
08-20 23:41:50.130   477   577 W skia    : AGTM parsing failed flags.readFromStream(s) at 159
08-20 23:41:50.130   477   577 W skia    : AGTM parsing failed flags.readFromStream(s) at 159
08-20 23:41:51.034   894   894 W View    : couldn't find view with id 16909415
08-20 23:41:51.037  1618  3526 W MediaProvider: isAppCloneUserPair for user 0: false
08-20 23:41:51.039 12869 12869 I AccessibilityNodeInfoDumper: Skipping invisible child: android.view.accessibility.AccessibilityNodeInfo@17931a; boundsInParent: Rect(0, 0 - 144, 0); boundsInScreen: Rect(48, 735 - 192, 735); boundsInWindow: Rect(48, 735 - 192, 735); packageName: com.android.systemui; className: android.widget.Button; text: null; error: null; maxTextLength: -1; stateDescription: null; contentDescription: null; tooltipText: null; containerTitle: null; viewIdResName: com.android.systemui:id/veto; uniqueId: null; checkable: false; checked: false; focusable: true; focused: false; selected: false; clickable: true; longClickable: false; contextClickable: false; enabled: true; password: false; scrollable: false; granularScrollingSupported: false; importantForAccessibility: true; visible: false; actions: [AccessibilityAction: ACTION_FOCUS - null, AccessibilityAction: ACTION_SELECT - null, AccessibilityAction: ACTION_CLEAR_SELECTION - null, AccessibilityAction: ACTION_CLICK - null, AccessibilityAction: ACTION_ACCESSIBILITY_FOCUS - null, AccessibilityAction: ACTION_SHOW_ON_SCREEN - null]; isTextSelectable: false
08-20 23:41:51.047   642   793 I HalDevMgr: bestIfaceCreationProposal is null, requestIface=STA, existingIface=[name=wlan0 type=STA]
08-20 23:41:51.050 12869 12869 I AccessibilityNodeInfoDumper: Skipping invisible child: android.view.accessibility.AccessibilityNodeInfo@19f81; boundsInParent: Rect(0, 0 - 0, 72); boundsInScreen: Rect(186, 40 - 186, 112); boundsInWindow: Rect(186, 40 - 186, 112); packageName: com.android.systemui; className: android.widget.TextView; text: null; error: null; maxTextLength: -1; stateDescription: null; contentDescription: null; tooltipText: null; containerTitle: null; viewIdResName: com.android.systemui:id/date; uniqueId: null; checkable: false; checked: false; focusable: false; focused: false; selected: false; clickable: false; longClickable: false; contextClickable: false; enabled: true; password: false; scrollable: false; granularScrollingSupported: false; importantForAccessibility: true; visible: false; actions: [AccessibilityAction: ACTION_SELECT - null, AccessibilityAction: ACTION_CLEAR_SELECTION - null, AccessibilityAction: ACTION_ACCESSIBILITY_FOCUS - null, AccessibilityAction: ACTION_SHOW_ON_SCREEN - null]; isTextSelectable: false
08-20 23:41:51.051 12869 12869 I AccessibilityNodeInfoDumper: Skipping invisible child: android.view.accessibility.AccessibilityNodeInfo@1a342; boundsInParent: Rect(0, 0 - 406, 156); boundsInScreen: Rect(890, 0 - 1296, 156); boundsInWindow: Rect(890, 0 - 1296, 156); packageName: com.android.systemui; className: android.widget.LinearLayout; text: null; error: null; maxTextLength: -1; stateDescription: null; contentDescription: null; tooltipText: null; containerTitle: null; viewIdResName: com.android.systemui:id/carrier_group; uniqueId: null; checkable: false; checked: false; focusable: false; focused: false; selected: false; clickable: false; longClickable: false; contextClickable: false; enabled: true; password: false; scrollable: false; granularScrollingSupported: false; importantForAccessibility: true; visible: false; actions: [AccessibilityAction: ACTION_SELECT - null, AccessibilityAction: ACTION_CLEAR_SELECTION - null, AccessibilityAction: ACTION_ACCESSIBILITY_FOCUS - null, AccessibilityAction: ACTION_SHOW_ON_SCREEN - null]; isTextSelectable: false
08-20 23:41:51.053 12869 12869 I AccessibilityNodeInfoDumper: Skipping invisible child: android.view.accessibility.AccessibilityNodeInfo@d2d95; boundsInParent: Rect(0, 0 - 0, 0); boundsInScreen: Rect(1036, 78 - 1036, 78); boundsInWindow: Rect(1036, 78 - 1036, 78); packageName: com.android.systemui; className: android.widget.FrameLayout; text: null; error: null; maxTextLength: -1; stateDescription: null; contentDescription: null; tooltipText: null; containerTitle: null; viewIdResName: null; uniqueId: null; checkable: false; checked: false; focusable: false; focused: false; selected: false; clickable: false; longClickable: false; contextClickable: false; enabled: true; password: false; scrollable: false; granularScrollingSupported: false; importantForAccessibility: false; visible: false; actions: [AccessibilityAction: ACTION_SELECT - null, AccessibilityAction: ACTION_CLEAR_SELECTION - null, AccessibilityAction: ACTION_ACCESSIBILITY_FOCUS - null, AccessibilityAction: ACTION_SHOW_ON_SCREEN - null]; isTextSelectable: false
08-20 23:41:51.053 12869 12869 I AccessibilityNodeInfoDumper: Skipping invisible child: android.view.accessibility.AccessibilityNodeInfo@d1e91; boundsInParent: Rect(0, 0 - 0, 0); boundsInScreen: Rect(1036, 78 - 1036, 78); boundsInWindow: Rect(1036, 78 - 1036, 78); packageName: com.android.systemui; className: android.widget.FrameLayout; text: null; error: null; maxTextLength: -1; stateDescription: null; contentDescription: null; tooltipText: null; containerTitle: null; viewIdResName: null; uniqueId: null; checkable: false; checked: false; focusable: false; focused: false; selected: false; clickable: false; longClickable: false; contextClickable: false; enabled: true; password: false; scrollable: false; granularScrollingSupported: false; importantForAccessibility: false; visible: false; actions: [AccessibilityAction: ACTION_SELECT - null, AccessibilityAction: ACTION_CLEAR_SELECTION - null, AccessibilityAction: ACTION_ACCESSIBILITY_FOCUS - null, AccessibilityAction: ACTION_SHOW_ON_SCREEN - null]; isTextSelectable: false
08-20 23:41:51.055 12869 12869 I AccessibilityNodeInfoDumper: Skipping invisible child: android.view.accessibility.AccessibilityNodeInfo@29743; boundsInParent: Rect(0, 0 - 0, 156); boundsInScreen: Rect(1260, 0 - 1260, 156); boundsInWindow: Rect(1260, 0 - 1260, 156); packageName: com.android.systemui; className: android.widget.FrameLayout; text: null; error: null; maxTextLength: -1; stateDescription: null; contentDescription: null; tooltipText: null; containerTitle: null; viewIdResName: com.android.systemui:id/privacy_container; uniqueId: null; checkable: false; checked: false; focusable: false; focused: false; selected: false; clickable: false; longClickable: false; contextClickable: false; enabled: true; password: false; scrollable: false; granularScrollingSupported: false; importantForAccessibility: false; visible: false; actions: [AccessibilityAction: ACTION_SELECT - null, AccessibilityAction: ACTION_CLEAR_SELECTION - null, AccessibilityAction: ACTION_ACCESSIBILITY_FOCUS - null, AccessibilityAction: ACTION_SHOW_ON_SCREEN - null]; isTextSelectable: false
08-20 23:41:51.056 12869 12869 W AccessibilityNodeInfoDumper: Fetch time: 21ms
08-20 23:41:51.057   642   869 V AccessibilityManagerService: onUserStateChangedLocked for userId: 0, forceUpdate: false
08-20 23:41:51.057   642   869 V AccessibilityUserState: updateShortcutTargets: type:accessibility_shortcut_target_service, current:{}, new:{}
08-20 23:41:51.057   642   869 V AccessibilityUserState: updateShortcutTargets: type:accessibility_button_targets, current:{}, new:{}
08-20 23:41:51.057   642   869 V AccessibilityUserState: updateShortcutTargets: type:accessibility_gesture_targets, current:{}, new:{}
08-20 23:41:51.057   642   869 V AccessibilityUserState: updateShortcutTargets: type:accessibility_qs_targets, current:{}, new:{}
08-20 23:41:51.057   642   869 V AccessibilityUserState: updateShortcutTargets: type:accessibility_key_gesture_targets, current:{}, new:{}
08-20 23:41:51.057   642   869 V AccessibilityUserState: updateShortcutTargets: type:accessibility_top_row_key_targets, current:{}, new:{}
08-20 23:41:51.057   642   869 V AccessibilityUserState: updateShortcutTargets: type:accessibility_quick_access_targets, current:{}, new:{}
08-20 23:41:51.057   642   869 W MagnificationConnectionManager: requestConnection duplicated request: connect=false, mConnectionState=DISCONNECTED
08-20 23:41:51.057   642   869 D AccessibilityManagerService: restoreCurrentUserForTestAutomationIfNeededLocked(): ignoring because device doesn't support visible background users
08-20 23:41:51.057   642   642 W libbinder.IPCThreadState: Sending oneway calls to frozen process.
08-20 23:41:51.057   642   642 W libbinder.IPCThreadState: Sending oneway calls to frozen process.
08-20 23:41:51.057   642   642 W libbinder.IPCThreadState: Sending oneway calls to frozen process.
08-20 23:41:51.057   642   642 W libbinder.IPCThreadState: Sending oneway calls to frozen process.
08-20 23:41:51.057   642   642 W libbinder.IPCThreadState: Sending oneway calls to frozen process.
08-20 23:41:51.057   642   642 W libbinder.IPCThreadState: Sending oneway calls to frozen process.
08-20 23:41:51.057   642   642 W libbinder.IPCThreadState: Sending oneway calls to frozen process.
08-20 23:41:51.057   642   642 W libbinder.IPCThreadState: Sending oneway calls to frozen process.
08-20 23:41:51.057   642   642 W libbinder.IPCThreadState: Sending oneway calls to frozen process.
08-20 23:41:51.058 12869 12877 W libbinder.IPCThreadState: call to talkWithDriver in joinThreadPool returned error: -9 (Bad file descriptor), FD: -1
08-20 23:41:51.058 12869 12881 W libbinder.IPCThreadState: call to talkWithDriver in joinThreadPool returned error: -9 (Bad file descriptor), FD: -1
08-20 23:41:51.058 12869 12878 W libbinder.IPCThreadState: call to talkWithDriver in joinThreadPool returned error: -9 (Bad file descriptor), FD: -1
08-20 23:41:51.059 12869 12869 D AndroidRuntime: Shutting down VM
08-20 23:41:51.059   642   642 W libbinder.IPCThreadState: Sending oneway calls to frozen process.
08-20 23:41:51.059   642   642 W libbinder.IPCThreadState: Sending oneway calls to frozen process.
08-20 23:41:51.059   642   642 W libbinder.IPCThreadState: Sending oneway calls to frozen process.
08-20 23:41:51.060   642   642 W libbinder.IPCThreadState: Sending oneway calls to frozen process.
08-20 23:41:51.060   642   642 W libbinder.IPCThreadState: Sending oneway calls to frozen process.
08-20 23:41:51.060   642   642 W libbinder.IPCThreadState: Sending oneway calls to frozen process.
08-20 23:41:51.060   642   642 W libbinder.IPCThreadState: Sending oneway calls to frozen process.
08-20 23:41:51.060   642   642 W libbinder.IPCThreadState: Sending oneway calls to frozen process.
08-20 23:41:51.060   642   642 W libbinder.IPCThreadState: Sending oneway calls to frozen process.
08-20 23:41:51.060   642   642 D BatterySaverPolicy: accessibility changed to false, updating policy.
08-20 23:41:51.068   642   710 D ActivityManager: sync unfroze 5388 com.google.android.gms for 6
08-20 23:41:51.069  1655  2190 I AiAiEcho: Settings changed for uri: content://settings/secure/accessibility_enabled
08-20 23:41:51.069  1655  1820 I AiAiEcho: Predicting[0]:  [CONTEXT sampling_count=5 ]
08-20 23:41:51.069  1655  1820 I AiAiEcho: EchoTargets: 
08-20 23:41:51.069  1655  1820 I AiAiEcho: Filtered by AiAi flag check: 
08-20 23:41:51.069  1655  1820 I AiAiEcho: [CONTEXT ratelimit_period="10 SECONDS" ]
08-20 23:41:51.069  1655  1820 I AiAiEcho: #remoteViewsTwiddler: feature disabled.
08-20 23:41:51.069  1655  1820 I AiAiEcho: #postPredictionTargets: Sending updates to UISurface lockscreen with targets# 0 (types=[])
08-20 23:41:51.069  1655  1820 I AiAiEcho: Predicting[0]:  [CONTEXT sampling_count=5 ]
08-20 23:41:51.069  1655  1820 I AiAiEcho: EchoTargets: 
08-20 23:41:51.069  1655  1820 I AiAiEcho: Filtered by AiAi flag check: 
08-20 23:41:51.069  1655  1820 I AiAiEcho: [CONTEXT ratelimit_period="10 SECONDS" ]
08-20 23:41:51.069  1655  1820 I AiAiEcho: #remoteViewsTwiddler: feature disabled.
08-20 23:41:51.069  1655  1820 I AiAiEcho: Predicting[0]:  [CONTEXT sampling_count=5 ]
08-20 23:41:51.069  1655  1820 I AiAiEcho: EchoTargets: 
08-20 23:41:51.069  1655  1820 I AiAiEcho: Filtered by AiAi flag check: 
08-20 23:41:51.069  1655  1820 I AiAiEcho: [CONTEXT ratelimit_period="10 SECONDS" ]
08-20 23:41:51.069  1655  1820 I AiAiEcho: #remoteViewsTwiddler: feature disabled.
08-20 23:41:51.069  1655  1820 I AiAiEcho: #postPredictionTargets: Sending updates to UISurface ambientcue with targets# 0 (types=[])
08-20 23:41:51.069  1655  1820 I AiAiEcho: #postPredictionTargets: Sending updates to UISurface home with targets# 0 (types=[])
08-20 23:41:51.069   894  1154 I AmbientCueRepository: Receiving SmartSpace targets # 0
08-20 23:41:51.072  1043  1043 D SsBaseTemplateCard: Passed-in item info is null
08-20 23:41:51.072  1043  1043 D SsBaseTemplateCard: Passed-in item info is null
08-20 23:41:51.072  1043  1043 D SsBaseTemplateCard: Passed-in item info is null
08-20 23:41:51.072  1043  1043 D SsBaseTemplateCard: Passed-in item info is null
08-20 23:41:51.072  1043  1043 I SsBaseTemplateCard: Secondary card pane is null
08-20 23:41:51.072   477   577 W skia    : AGTM parsing failed flags.readFromStream(s) at 159
08-20 23:41:51.072   477   577 W skia    : AGTM parsing failed flags.readFromStream(s) at 159
08-20 23:41:51.072   477   577 W skia    : AGTM parsing failed flags.readFromStream(s) at 159
08-20 23:41:51.073   477   577 W skia    : AGTM parsing failed flags.readFromStream(s) at 159
08-20 23:41:51.073   477   577 W skia    : AGTM parsing failed flags.readFromStream(s) at 159
08-20 23:41:51.073   477   577 W skia    : AGTM parsing failed flags.readFromStream(s) at 159
08-20 23:41:51.073   477   577 W skia    : AGTM parsing failed flags.readFromStream(s) at 159
08-20 23:41:51.073   642   710 W ProcessStats: Tracking association SourceState{339dcea com.google.android.gms.persistent/10227 ImpBg #6587} whose proc state 6 is better than process ProcessState{510e987 com.google.android.gms/10227 pkg=com.google.android.gms} proc state 14 (16 skipped)
08-20 23:41:51.074  1285 10804 I NetworkScheduler.Stats: (REDACTED) Task %s/%s started execution. cause:%s exec_start_elapsed_seconds: %s
08-20 23:41:51.075   477   577 W skia    : AGTM parsing failed flags.readFromStream(s) at 159
08-20 23:41:51.075   477   577 W skia    : AGTM parsing failed flags.readFromStream(s) at 159
08-20 23:41:51.075   477   577 W skia    : AGTM parsing failed flags.readFromStream(s) at 159
08-20 23:41:51.078  1285 12417 I NetworkScheduler.Stats: (REDACTED) Task %s/%s finished executing. cause:%s result: %s elapsed_millis: %s uptime_millis: %s exec_start_elapsed_seconds: %s
08-20 23:41:51.089   477   577 W skia    : AGTM parsing failed flags.readFromStream(s) at 159
08-20 23:41:51.089   477   577 W skia    : AGTM parsing failed flags.readFromStream(s) at 159
08-20 23:41:51.089   477   577 W skia    : AGTM parsing failed flags.readFromStream(s) at 159
08-20 23:41:51.089   477   577 W skia    : AGTM parsing failed flags.readFromStream(s) at 159
08-20 23:41:51.089   477   577 W skia    : AGTM parsing failed flags.readFromStream(s) at 159
08-20 23:41:51.089   477   577 W skia    : AGTM parsing failed flags.readFromStream(s) at 159
08-20 23:41:51.089   477   577 W skia    : AGTM parsing failed flags.readFromStream(s) at 159
08-20 23:41:51.106   477   577 W skia    : AGTM parsing failed flags.readFromStream(s) at 159
08-20 23:41:51.106   477   577 W skia    : AGTM parsing failed flags.readFromStream(s) at 159
08-20 23:41:51.106   477   577 W skia    : AGTM parsing failed flags.readFromStream(s) at 159
08-20 23:41:51.106   477   577 W skia    : AGTM parsing failed flags.readFromStream(s) at 159
08-20 23:41:51.106   477   577 W skia    : AGTM parsing failed flags.readFromStream(s) at 159
08-20 23:41:51.106   477   577 W skia    : AGTM parsing failed flags.readFromStream(s) at 159
08-20 23:41:51.106   477   577 W skia    : AGTM parsing failed flags.readFromStream(s) at 159
08-20 23:41:51.176   477   577 W skia    : AGTM parsing failed flags.readFromStream(s) at 159
08-20 23:41:51.176   477   577 W skia    : AGTM parsing failed flags.readFromStream(s) at 159
08-20 23:41:51.176   477   577 W skia    : AGTM parsing failed flags.readFromStream(s) at 159
08-20 23:41:51.879   479   479 I adbd    : adbd service requested 'shell,v2,TERM=xterm-256color,raw:cat /sdcard/notif_dump2.xml'
08-20 23:41:52.210  1028  1186 D SatelliteController: isInCarrierRoamingNbIotNtn: satellite is disabled
08-20 23:41:52.210  1028  1186 D SatelliteController: getCarrierRoamingNtnConnectType: Checking connect type from PLMN config for subId: 1
08-20 23:41:52.210  1028  1186 D TelephonyConfigUpdateInstallReceiver: getConfigParser: domain=satellite
08-20 23:41:52.210  1028  1186 V SatelliteController: satelliteConfigParser is not ready
08-20 23:41:52.210  1028  1186 D SatelliteController: isSatelliteAttachSupportedViaConfigupdater: return null (satelliteConfig is null)
08-20 23:41:52.211  1028  1186 D SatelliteController: getSatellitePerPlmnConfiguration: invalid subId or not supported via carrier.
08-20 23:41:52.211  1028  1186 D SatelliteController: getCarrierRoamingNtnConnectType: config: null
08-20 23:41:52.211  1028  1186 D TelephonyConfigUpdateInstallReceiver: getConfigParser: domain=satellite
08-20 23:41:52.211  1028  1186 V SatelliteController: satelliteConfigParser is not ready
08-20 23:41:52.211  1028  1186 D SatelliteController: getCarrierRoamingNtnConnectTypeViaConfigUpdater: return null (satelliteConfig is null)
08-20 23:41:52.211  1028  1186 D SatelliteController: getCarrierRoamingNtnConnectType: Falling back to global carrier config connect type: 0
08-20 23:41:52.211  1028  1186 D TelephonyConfigUpdateInstallReceiver: getConfigParser: domain=satellite
08-20 23:41:52.211  1028  1186 V SatelliteController: satelliteConfigParser is not ready
08-20 23:41:52.211  1028  1186 D SatelliteController: isSatelliteAttachSupportedViaConfigupdater: return null (satelliteConfig is null)
08-20 23:41:52.211  1028  1186 D SatelliteController: getCarrierRoamingNtnConnectType: Checking connect type from PLMN config for subId: 1
08-20 23:41:52.211  1028  1186 D TelephonyConfigUpdateInstallReceiver: getConfigParser: domain=satellite
08-20 23:41:52.211  1028  1186 V SatelliteController: satelliteConfigParser is not ready
08-20 23:41:52.211  1028  1186 D SatelliteController: isSatelliteAttachSupportedViaConfigupdater: return null (satelliteConfig is null)
08-20 23:41:52.211  1028  1186 D SatelliteController: getSatellitePerPlmnConfiguration: invalid subId or not supported via carrier.
08-20 23:41:52.211  1028  1186 D SatelliteController: getCarrierRoamingNtnConnectType: config: null
08-20 23:41:52.211  1028  1186 D TelephonyConfigUpdateInstallReceiver: getConfigParser: domain=satellite
08-20 23:41:52.211  1028  1186 V SatelliteController: satelliteConfigParser is not ready
08-20 23:41:52.211  1028  1186 D SatelliteController: getCarrierRoamingNtnConnectTypeViaConfigUpdater: return null (satelliteConfig is null)
08-20 23:41:52.211  1028  1186 D SatelliteController: getCarrierRoamingNtnConnectType: Falling back to global carrier config connect type: 0
08-20 23:41:52.211  1028  1186 D TelephonyConfigUpdateInstallReceiver: getConfigParser: domain=satellite
08-20 23:41:52.211  1028  1186 V SatelliteController: satelliteConfigParser is not ready
08-20 23:41:52.211  1028  1186 D SatelliteController: isSatelliteAttachSupportedViaConfigupdater: return null (satelliteConfig is null)
08-20 23:41:52.211   642   869 W libbinder.IPCThreadState: Sending oneway calls to frozen process.
08-20 23:41:54.054   642   793 I HalDevMgr: bestIfaceCreationProposal is null, requestIface=STA, existingIface=[name=wlan0 type=STA]
08-20 23:41:54.576  1285  1285 D BoundBrokerSvc: onUnbind: Intent { act=com.google.android.gms.libs.gmscorelogger.service.START dat=chimera-action:/... xflg=0x4 cmp=com.google.android.gms/.chimera.PersistentDirectBootAwareApiService }
08-20 23:41:54.938   880   880 I wpa_supplicant: wlan0: CTRL-EVENT-BEACON-LOSS 
08-20 23:41:55.420   479   479 I adbd    : adbd service requested 'shell,v2,TERM=xterm-256color,raw:input tap 756 877'
08-20 23:41:55.441   642   710 W AS.PlaybackActivityMon: No piid assigned for invalid/internal port id 15
08-20 23:41:55.441   642  2064 W AS.PlaybackActivityMon: No piid assigned for invalid/internal port id 15
08-20 23:41:55.441   894   894 I LegacyActivityStarterInternalImpl: shouldAnimateLaunch: isActivityIntent=true, showOverLockscreen=false, ignoreOcclusion=false, isInDesktopModeOnCurrentShadeDisplay=false, isDisplayDesktopFirst=false, isKeyguardShowing=false
08-20 23:41:55.441   894   894 I LegacyActivityStarterInternalImpl: Invoking dismissKeyguardThenExecute, afterKeyguardGone: false
08-20 23:41:55.471   642   655 V GrammaticalInflectionUtils: AttributionSource: android.content.AttributionSource@e8567d59 does not have READ_SYSTEM_GRAMMATICAL_GENDER permission.
08-20 23:41:55.472   477   577 W skia    : AGTM parsing failed flags.readFromStream(s) at 159
08-20 23:41:55.472   477   577 W skia    : AGTM parsing failed flags.readFromStream(s) at 159
08-20 23:41:55.472   477   577 W skia    : AGTM parsing failed flags.readFromStream(s) at 159
08-20 23:41:55.472   477   577 W skia    : AGTM parsing failed flags.readFromStream(s) at 159
08-20 23:41:55.472   477   577 W skia    : AGTM parsing failed flags.readFromStream(s) at 159
08-20 23:41:55.472   477   577 W skia    : AGTM parsing failed flags.readFromStream(s) at 159
08-20 23:41:55.472   477   577 W skia    : AGTM parsing failed flags.readFromStream(s) at 159
08-20 23:41:55.473   894  1032 V RecentTasksController: Notify recent tasks changed
08-20 23:41:55.473   642   655 V ActivityTaskManager: TaskLaunchParamsModifier: phase=3 task=Task{9dbbd1d #582 type=standard A=10252:com.izzes.nears} activity=ActivityRecord{35764272 u0 com.izzes.nears/.MainActivity t-1} display-from-task=0 display-id=0 task-display-area-windowing-mode=1 suggested-display-area=DefaultTaskDisplayArea@96464962 inherit-from-task=fullscreen non-freeform-task-display-area display-area=DefaultTaskDisplayArea@96464962 skip-bounds-fullscreen
08-20 23:41:55.473   642   655 I ActivityTaskManager: START u0 {act=android.intent.action.MAIN cat=[android.intent.category.LAUNCHER] flg=0x14000000 xflg=0x4 pkg=com.izzes.nears cmp=com.izzes.nears/.MainActivity (has extras)} with LAUNCH_SINGLE_TOP from uid 10252 (com.izzes.nears) (realCallingUid=10195) (BAL_ALLOW_NON_APP_VISIBLE_WINDOW [realCaller]) result code=2
08-20 23:41:55.473   894  1032 V WindowManagerShell: Transition requested (#45): android.os.BinderProxy@1c1c7ff TransitionRequestInfo { type = OPEN, triggerTask = TaskInfo{userId=0 taskId=582 effectiveUid=10252 displayId=0 isRunning=true baseIntent=Intent { act=android.intent.action.MAIN cat=[android.intent.category.LAUNCHER] flg=0x30000000 cmp=com.izzes.nears/.MainActivity } baseActivity=ComponentInfo{com.izzes.nears/com.izzes.nears.MainActivity} topActivity=ComponentInfo{com.izzes.nears/com.izzes.nears.MainActivity} origActivity=null realActivity=ComponentInfo{com.izzes.nears/com.izzes.nears.MainActivity} realActivityIsAppLockEnabled=false numActivities=1 lastActiveTime=9310222 supportsMultiWindow=true supportsMultiWindowWithoutConstraints=true resizeMode=1 isResizeable=true minWidth=-1 minHeight=-1 defaultMinSize=220 token=WCT{android.os.BinderProxy@e3df88c} topActivityType=1 pictureInPictureParams=null shouldDockBigOverlays=false launchIntoPipHostTaskId=-1 lastParentTaskIdBeforePip=-1 displayCutoutSafeInsets=Rect(0, 159 - 0, 0) topActivityInfo=ActivityInfo{8ac09cc com.izzes.nears.MainActivity} launchCookies=[] positionInParent=Point(0, 0) parentTaskId=-1 isFocused=false isInteractive=false isVisible=false isVisibleRequested=false isTopActivityNoDisplay=false isSleeping=false locusId=null displayAreaFeatureId=1 isTopActivityTransparent=false isActivityStackTransparent=false lastNonFullscreenBounds=null leafTaskBoundsFromOptions= false capturedLink=null capturedLinkTimestamp=0 requestedVisibleTypes=503 topActivityRequestOpenInBrowserEducationTimestamp=0 appCompatTaskInfo=AppCompatTaskInfo { topActivityInSizeCompat=false isLeafTask= true eligibleForLetterboxEducation= false isLetterboxEducationEnabled= true isLetterboxDoubleTapEnabled= false eligibleForUserAspectRatioButton= false topActivityBoundsLetterboxed= false isFromLetterboxDoubleTap= false topActivityLetterboxVerticalPosition= -1 topActivityLetterboxHorizontalPosition= -1 topActivityLetterboxWidth=-1 topActivityLetterboxHeight=-1 topActivityAppBounds=Rect(0, 0 - 1344, 2992) isUserFullscreenOverrideEnabled=false isSystemFullscreenOverrideEnabled=false hasMinAspectRatioOverride=false topActivityLetterboxBounds=null topNonResizableActivityAspectRatio=-1.0} topActivityMainWindowFrame=null isAppBubble=false}, pipChange = null, remoteTransitionInfo = RemoteTransitionInfo { remoteTransition = com.android.systemui.animation.RemoteAnimationRunnerCompat$1@c048415, debugName = SysUILaunch, filter = null }, displayChanges = null, requestedLocation = null, userChange = null, windowingLayerChange = null, fullscreenRequestChange = null, flags = 0, debugId = 45 }
08-20 23:41:55.473   894  1032 W DisconnectHandler: No disconnect change found in the transition, not handling request.
08-20 23:41:55.473   894  1032 W DisconnectHandler: No disconnect change found in the transition, not handling request.
08-20 23:41:55.473   894   894 I ActivityTransitionAnimator: launchResult=2 willAnimate=true hideKeyguardWithAnimation=false
08-20 23:41:55.473   894  1032 V ShellDesktopMode: DesktopTasksController: skipping handleRequest reason=triggerTask's display doesn't support desktop mode
08-20 23:41:55.473   894  1032 D ShellSplitScreen: logExit: no-op, mLoggerSessionId is null
08-20 23:41:55.473   894  1032 V WindowManagerShell: RemoteTransition directly requested for (#45) android.os.BinderProxy@1c1c7ff: RemoteTransition { remoteTransition = com.android.systemui.animation.RemoteAnimationRunnerCompat$1@c048415, appThread = null, debugName = SysUILaunch, filter = null }
08-20 23:41:55.473   894  1032 V WindowManagerShell: Transition (#45): request handled by DefaultMixedHandler
08-20 23:41:55.473  1043  1043 D RecentTasksList: invalidateLoadedTasks - previous requestLoadId: -1
08-20 23:41:55.473  1043  1043 D BaseActivity: Launcher flags updated: [state_started|state_resumed|state_deferred_resumed|state_user_active] -[]
08-20 23:41:55.474  1043  1043 D BaseActivity: Launcher flags updated: [state_started|state_resumed|state_deferred_resumed] -[state_user_active]
08-20 23:41:55.474  1043  1043 D BaseActivity: Launcher flags updated: [state_started] -[state_resumed|state_deferred_resumed]
08-20 23:41:55.474  1043  1043 W SplitSelectStateCtor: Missing session instanceIds
08-20 23:41:55.474  1043  1043 D StatsLog: LAUNCHER_SPLIT_SELECTION_EXIT_INTERRUPTED
08-20 23:41:55.474   642   663 V GrammaticalInflectionUtils: AttributionSource: android.content.AttributionSource@e8567d59 does not have READ_SYSTEM_GRAMMATICAL_GENDER permission.
08-20 23:41:55.475   894  1032 D WindowManagerShell: setLauncherKeepClearAreaHeight: visible=false, height=567
08-20 23:41:55.476   477   577 W skia    : AGTM parsing failed flags.readFromStream(s) at 159
08-20 23:41:55.476   894  1032 D WindowManagerShell: onActivityRestartAttempt: topActivity=ComponentInfo{com.izzes.nears/com.izzes.nears.MainActivity}, wasVisible=false, displayId=0, pipDisplayLayoutState#displayId=0
08-20 23:41:55.476   477   577 W skia    : AGTM parsing failed flags.readFromStream(s) at 159
08-20 23:41:55.476   477   577 W skia    : AGTM parsing failed flags.readFromStream(s) at 159
08-20 23:41:55.476   642  2064 W InputChannel-JNI: Channel already disposed.
08-20 23:41:55.477   642   710 V WindowManager: Defer transition id=45 for TaskFragmentTransaction=android.os.Binder@3c3933a
08-20 23:41:55.478   477   562 I libbinder.BpBinder: onLastStrongRef automatically unlinking death recipients for binder (0xb400721bb204cf70) with descriptor: '(not cached)'
08-20 23:41:55.478   642   655 V WindowManager: Continue transition id=45 for TaskFragmentTransaction=android.os.Binder@3c3933a
08-20 23:41:55.480 12891 12891 I libprocessgroup: Created cgroup /sys/fs/cgroup/apps/uid_10252/pid_12891
08-20 23:41:55.480   429   429 D Zygote  : Forked child process 12891
08-20 23:41:55.481   642   670 I ActivityManager: Start proc 12891:com.izzes.nears/u0a252 for next-top-activity {com.izzes.nears/com.izzes.nears.MainActivity}
08-20 23:41:55.482 12891 12891 I Zygote  : Process 12891 created for com.izzes.nears
08-20 23:41:55.482 12891 12891 I com.izzes.nears: Late-enabling -Xcheck:jni
08-20 23:41:55.486 12891 12891 I com.izzes.nears: Using generational CollectorTypeCMC GC.
08-20 23:41:55.487   479   540 I adbd    : jdwp connection from 12891
08-20 23:41:55.489   477   577 W skia    : AGTM parsing failed flags.readFromStream(s) at 159
08-20 23:41:55.489   477   577 W skia    : AGTM parsing failed flags.readFromStream(s) at 159
08-20 23:41:55.489   477   577 W skia    : AGTM parsing failed flags.readFromStream(s) at 159
08-20 23:41:55.489   477   577 W skia    : AGTM parsing failed flags.readFromStream(s) at 159
08-20 23:41:55.489   477   577 W skia    : AGTM parsing failed flags.readFromStream(s) at 159
08-20 23:41:55.489   477   577 W skia    : AGTM parsing failed flags.readFromStream(s) at 159
08-20 23:41:55.489   477   577 W skia    : AGTM parsing failed flags.readFromStream(s) at 159
08-20 23:41:55.492 12891 12891 D nativeloader: Load libframework-connectivity-tiramisu-jni.so using APEX ns com_android_tethering for caller /apex/com.android.tethering/javalib/framework-connectivity-t.jar: ok
08-20 23:41:55.495   894  1127 D VRI[nears]: visibilityChanged oldVisibility=false newVisibility=true
08-20 23:41:55.506   477   577 W skia    : AGTM parsing failed flags.readFromStream(s) at 159
08-20 23:41:55.506   477   577 W skia    : AGTM parsing failed flags.readFromStream(s) at 159
08-20 23:41:55.506   477   577 W skia    : AGTM parsing failed flags.readFromStream(s) at 159
08-20 23:41:55.506   477   577 W skia    : AGTM parsing failed flags.readFromStream(s) at 159
08-20 23:41:55.506   477   577 W skia    : AGTM parsing failed flags.readFromStream(s) at 159
08-20 23:41:55.506   477   577 W skia    : AGTM parsing failed flags.readFromStream(s) at 159
08-20 23:41:55.506   477   577 W skia    : AGTM parsing failed flags.readFromStream(s) at 159
08-20 23:41:55.508   642   710 D WindowManager: setClientSurface Surface(name=VRI-Splash Screen com.izzes.nears#587)/@0xa26fbc7 for 622275c Splash Screen com.izzes.nears
08-20 23:41:55.508 12891 12891 D ApplicationLoaders: Returning zygote-cached class loader: /system/framework/org.apache.http.legacy.jar
08-20 23:41:55.508 12891 12891 D ApplicationLoaders: Returning zygote-cached class loader: /system_ext/framework/androidx.window.extensions.jar
08-20 23:41:55.508 12891 12891 D ApplicationLoaders: Returning zygote-cached class loader: /system_ext/framework/androidx.window.sidecar.jar
08-20 23:41:55.509   894  1127 I Surface : Creating surface for consumer unnamed-894-22 with slotExpansion=1 for 64 slots
08-20 23:41:55.510   894  1127 I Surface : Creating surface for consumer VRI[nears]#15(BLAST Consumer)15 with slotExpansion=1 for 64 slots
08-20 23:41:55.517   473   575 D AudioFlinger: mixer(0xb4007f86d295f790) throttle end: throttle time(33)
08-20 23:41:55.518   894  1168 V WindowManagerShell: onTransitionReady(transaction=2757369013042)
08-20 23:41:55.518   642   660 V WindowManager: Sent Transition (#45) createdAt=08-20 23:41:55.472 via request=TransitionRequestInfo { type = OPEN, triggerTask = TaskInfo{userId=0 taskId=582 effectiveUid=10252 displayId=0 isRunning=true baseIntent=Intent { act=android.intent.action.MAIN cat=[android.intent.category.LAUNCHER] flg=0x30000000 cmp=com.izzes.nears/.MainActivity } baseActivity=ComponentInfo{com.izzes.nears/com.izzes.nears.MainActivity} topActivity=ComponentInfo{com.izzes.nears/com.izzes.nears.MainActivity} origActivity=null realActivity=ComponentInfo{com.izzes.nears/com.izzes.nears.MainActivity} realActivityIsAppLockEnabled=false numActivities=1 lastActiveTime=9310222 supportsMultiWindow=true supportsMultiWindowWithoutConstraints=true resizeMode=1 isResizeable=true minWidth=-1 minHeight=-1 defaultMinSize=220 token=WCT{RemoteToken{eec818f Task{9dbbd1d #582 type=standard A=10252:com.izzes.nears}}} topActivityType=1 pictureInPictureParams=null shouldDockBigOverlays=false launchIntoPipHostTaskId=-1 lastParentTaskIdBeforePip=-1 displayCutoutSafeInsets=Rect(0, 159 - 0, 0) topActivityInfo=ActivityInfo{dc6ec1c com.izzes.nears.MainActivity} launchCookies=[] positionInParent=Point(0, 0) parentTaskId=-1 isFocused=false isInteractive=false isVisible=false isVisibleRequested=false isTopActivityNoDisplay=false isSleeping=false locusId=null displayAreaFeatureId=1 isTopActivityTransparent=false isActivityStackTransparent=false lastNonFullscreenBounds=null leafTaskBoundsFromOptions= false capturedLink=null capturedLinkTimestamp=0 requestedVisibleTypes=503 topActivityRequestOpenInBrowserEducationTimestamp=0 appCompatTaskInfo=AppCompatTaskInfo { topActivityInSizeCompat=false isLeafTask= true eligibleForLetterboxEducation= false isLetterboxEducationEnabled= true isLetterboxDoubleTapEnabled= false eligibleForUserAspectRatioButton= false topActivityBoundsLetterboxed= false isFromLetterboxDoubleTap= false topActivityLetterboxVerticalPosition= -1 topActivityLetterboxHorizontalPosition= -1 topActivityLetterboxWidth=-1 topActivityLetterboxHeight=-1 topActivityAppBounds=Rect(0, 0 - 1344, 2992) isUserFullscreenOverrideEnabled=false isSystemFullscreenOverrideEnabled=false hasMinAspectRatioOverride=false topActivityLetterboxBounds=null topNonResizableActivityAspectRatio=-1.0} topActivityMainWindowFrame=null isAppBubble=false}, pipChange = null, remoteTransitionInfo = RemoteTransitionInfo { remoteTransition = android.window.IRemoteTransition$Stub$Proxy@33d111d, debugName = SysUILaunch, filter = null }, displayChanges = null, requestedLocation = null, userChange = null, windowingLayerChange = null, fullscreenRequestChange = null, flags = 0, debugId = 45 }
08-20 23:41:55.518   894  1032 V WindowManagerShell: onTransitionReady (#45) android.os.BinderProxy@1c1c7ff: {id=45 t=OPEN f=0x0 trk=0 r=[0@Point(0, 0)] c=[
08-20 23:41:55.518   894  1032 V WindowManagerShell:         {m=OPEN f=MOVE_TO_TOP|FLAG_CHANGED_INTERACTIVE leash=Surface(name=Task=582#503)/@0x4f27c01 sb=Rect(0, 0 - 1344, 2992) eb=Rect(0, 0 - 1344, 2992) epz=Point(1344, 2992) d=0 taskParent=-1 winMode=1 userId=0},
08-20 23:41:55.518   894  1032 V WindowManagerShell:         {m=TO_BACK f=SHOW_WALLPAPER|FLAG_CHANGED_INTERACTIVE leash=Surface(name=Task=1#35)/@0x6cd4aa6 sb=Rect(0, 0 - 1344, 2992) eb=Rect(0, 0 - 1344, 2992) epz=Point(1344, 2992) d=0 taskParent=-1 winMode=1 userId=0},
08-20 23:41:55.518   894  1032 V WindowManagerShell:         {m=TO_BACK f=IS_WALLPAPER leash=Surface(name=WallpaperWindowToken{86c8005}#54)/@0x48b8ce7 sb=Rect(0, 0 - 1344, 2992) eb=Rect(0, 0 - 1344, 2992) epz=Point(1344, 2992) d=0}
08-20 23:41:55.518   894  1032 V WindowManagerShell:     ]}
08-20 23:41:55.518   642   660 V WindowManager:     startWCT=WindowContainerTransaction { changes= {} hops= [] flags= 0 errorCallbackToken=null taskFragmentOrganizer=null }
08-20 23:41:55.518   642   660 V WindowManager:     info={id=45 t=OPEN f=0x0 trk=0 r=[0@Point(0, 0)] c=[
08-20 23:41:55.518   642   660 V WindowManager:         {WCT{RemoteToken{eec818f Task{9dbbd1d #582 type=standard A=10252:com.izzes.nears}}} m=OPEN f=MOVE_TO_TOP|FLAG_CHANGED_INTERACTIVE leash=Surface(name=Task=582#503)/@0xe423ba8 sb=Rect(0, 0 - 1344, 2992) eb=Rect(0, 0 - 1344, 2992) epz=Point(1344, 2992) d=0 taskParent=-1 winMode=1 userId=0},
08-20 23:41:55.518   642   660 V WindowManager:         {WCT{RemoteToken{286712d Task{cafc982 #1 type=home}}} m=TO_BACK f=SHOW_WALLPAPER|FLAG_CHANGED_INTERACTIVE leash=Surface(name=Task=1#35)/@0xe762e98 sb=Rect(0, 0 - 1344, 2992) eb=Rect(0, 0 - 1344, 2992) epz=Point(1344, 2992) d=0 taskParent=-1 winMode=1 userId=0},
08-20 23:41:55.518   642   660 V WindowManager:         {m=TO_BACK f=IS_WALLPAPER leash=Surface(name=WallpaperWindowToken{86c8005}#54)/@0x9b5907b sb=Rect(0, 0 - 1344, 2992) eb=Rect(0, 0 - 1344, 2992) epz=Point(1344, 2992) d=0}
08-20 23:41:55.518   642   660 V WindowManager:     ]}
08-20 23:41:55.518   894  1032 V WindowManagerShell: Playing animation for (#45) android.os.BinderProxy@1c1c7ff@0
08-20 23:41:55.518   894  1032 V WindowManagerShell:  try firstHandler com.android.wm.shell.transition.DefaultMixedHandler@cafce2f
08-20 23:41:55.518   894  1032 V WindowManagerShell: Mixed transition for opening an intent with a remote transition and PIP or Desktop #45
08-20 23:41:55.518   894  1032 V WindowManagerShell: tryAnimateOpenIntentWithRemoteAndPipOrDesktop
08-20 23:41:55.518   894  1032 V WindowManagerShell:  Delegate animation for (#45) to RemoteTransition { remoteTransition = com.android.systemui.animation.RemoteAnimationRunnerCompat$1@c048415, appThread = null, debugName = SysUILaunch, filter = null }
08-20 23:41:55.519   642   655 W ActivityTaskManager: setRunningRemoteTransition: no process for null
08-20 23:41:55.519   894  1032 V WindowManagerShell:  animated by firstHandler
08-20 23:41:55.523   477   577 W skia    : AGTM parsing failed flags.readFromStream(s) at 159
08-20 23:41:55.523   477   577 W skia    : AGTM parsing failed flags.readFromStream(s) at 159
08-20 23:41:55.523   477   577 W skia    : AGTM parsing failed flags.readFromStream(s) at 159
08-20 23:41:55.523   477   577 W skia    : AGTM parsing failed flags.readFromStream(s) at 159
08-20 23:41:55.523   477   577 W skia    : AGTM parsing failed flags.readFromStream(s) at 159
08-20 23:41:55.523   477   577 W skia    : AGTM parsing failed flags.readFromStream(s) at 159
08-20 23:41:55.523   477   577 W skia    : AGTM parsing failed flags.readFromStream(s) at 159
08-20 23:41:55.539   477   577 W skia    : AGTM parsing failed flags.readFromStream(s) at 159
08-20 23:41:55.539   477   577 W skia    : AGTM parsing failed flags.readFromStream(s) at 159
08-20 23:41:55.539   477   577 W skia    : AGTM parsing failed flags.readFromStream(s) at 159
08-20 23:41:55.539   477   577 W skia    : AGTM parsing failed flags.readFromStream(s) at 159
08-20 23:41:55.539   477   577 W skia    : AGTM parsing failed flags.readFromStream(s) at 159
08-20 23:41:55.539   477   577 W skia    : AGTM parsing failed flags.readFromStream(s) at 159
08-20 23:41:55.539   477   577 W skia    : AGTM parsing failed flags.readFromStream(s) at 159
08-20 23:41:55.556   477   577 W skia    : AGTM parsing failed flags.readFromStream(s) at 159
08-20 23:41:55.556   477   577 W skia    : AGTM parsing failed flags.readFromStream(s) at 159
08-20 23:41:55.556   477   577 W skia    : AGTM parsing failed flags.readFromStream(s) at 159
08-20 23:41:55.556   477   577 W skia    : AGTM parsing failed flags.readFromStream(s) at 159
08-20 23:41:55.556   477   577 W skia    : AGTM parsing failed flags.readFromStream(s) at 159
08-20 23:41:55.556   477   577 W skia    : AGTM parsing failed flags.readFromStream(s) at 159
08-20 23:41:55.556   477   577 W skia    : AGTM parsing failed flags.readFromStream(s) at 159
08-20 23:41:55.573   477   577 W skia    : AGTM parsing failed flags.readFromStream(s) at 159
08-20 23:41:55.573   477   577 W skia    : AGTM parsing failed flags.readFromStream(s) at 159
08-20 23:41:55.573   477   577 W skia    : AGTM parsing failed flags.readFromStream(s) at 159
08-20 23:41:55.573   477   577 W skia    : AGTM parsing failed flags.readFromStream(s) at 159
08-20 23:41:55.573   477   577 W skia    : AGTM parsing failed flags.readFromStream(s) at 159
08-20 23:41:55.573   477   577 W skia    : AGTM parsing failed flags.readFromStream(s) at 159
08-20 23:41:55.573   477   577 W skia    : AGTM parsing failed flags.readFromStream(s) at 159
08-20 23:41:55.576   477   577 W skia    : AGTM parsing failed flags.readFromStream(s) at 159
08-20 23:41:55.576   477   577 W skia    : AGTM parsing failed flags.readFromStream(s) at 159
08-20 23:41:55.576   477   577 W skia    : AGTM parsing failed flags.readFromStream(s) at 159
08-20 23:41:55.577   894  1032 V RecentTasksController: Notify recent tasks changed
08-20 23:41:55.578  1043  1043 D RecentTasksList: invalidateLoadedTasks - previous requestLoadId: -1
08-20 23:41:55.579   894  1032 V RecentTasksController: generateList(getRecentTasks)
08-20 23:41:55.579   894  1032 V RecentTasksController: initializeDesksMap - allDeskIds: []
08-20 23:41:55.579   894  1032 V RecentTasksController: Task 582 is not an active desktop task
08-20 23:41:55.579   894  1032 V RecentTasksController: Added fullscreen task: 582
08-20 23:41:55.579   894  1032 V RecentTasksController: Task 507 is not an active desktop task
08-20 23:41:55.579   894  1032 V RecentTasksController: Added fullscreen task: 507
08-20 23:41:55.579   894  1032 V RecentTasksController: generateList - complete
08-20 23:41:55.579  1043  1097 D PreloadThumbnailUseCase: Preloading thumbnails for task ids: [[id=507 windowingMode=0 user=0 lastActiveTime=7773] null, [id=582 windowingMode=1 user=0 lastActiveTime=9310222] null]
08-20 23:41:55.582   642  4833 I GFXSTREAM: [eglDisplay.cpp(297)] Opening libGLESv1_CM_emulation.so
08-20 23:41:55.582   642  4833 I GFXSTREAM: [eglDisplay.cpp(297)] Opening libGLESv2_emulation.so
08-20 23:41:55.583   642  4833 W libc    : Access denied finding property "vendor.mesa.virtgpu.kumquat"
08-20 23:41:55.579   642   642 W GrallocUploadTh: type=1400 audit(0.0:129): avc:  denied  { read } for  name="u:object_r:vendor_default_prop:s0" dev="tmpfs" ino=395 scontext=u:r:system_server:s0 tcontext=u:object_r:vendor_default_prop:s0 tclass=file permissive=0
08-20 23:41:55.584   642  4833 W HWUI    : Failed to choose config with EGL_SWAP_BEHAVIOR_PRESERVED, retrying without...
08-20 23:41:55.584   642  4833 W HWUI    : Failed to initialize 101010-2 format, error = EGL_SUCCESS
08-20 23:41:55.579   642   642 W binder:642_1F: type=1400 audit(0.0:130): avc:  denied  { read } for  name="u:object_r:vendor_default_prop:s0" dev="tmpfs" ino=395 scontext=u:r:system_server:s0 tcontext=u:object_r:vendor_default_prop:s0 tclass=file permissive=0
08-20 23:41:55.585   642  2064 W libc    : Access denied finding property "vendor.mesa.virtgpu.kumquat"
08-20 23:41:55.589   477   577 W skia    : AGTM parsing failed flags.readFromStream(s) at 159
08-20 23:41:55.589   477   577 W skia    : AGTM parsing failed flags.readFromStream(s) at 159
08-20 23:41:55.589   477   577 W skia    : AGTM parsing failed flags.readFromStream(s) at 159
08-20 23:41:55.589   477   577 W skia    : AGTM parsing failed flags.readFromStream(s) at 159
08-20 23:41:55.589   477   577 W skia    : AGTM parsing failed flags.readFromStream(s) at 159
08-20 23:41:55.589   477   577 W skia    : AGTM parsing failed flags.readFromStream(s) at 159
08-20 23:41:55.589   477   577 W skia    : AGTM parsing failed flags.readFromStream(s) at 159
08-20 23:41:55.606   477   577 W skia    : AGTM parsing failed flags.readFromStream(s) at 159
08-20 23:41:55.606   477   577 W skia    : AGTM parsing failed flags.readFromStream(s) at 159
08-20 23:41:55.606   477   577 W skia    : AGTM parsing failed flags.readFromStream(s) at 159
08-20 23:41:55.606   477   577 W skia    : AGTM parsing failed flags.readFromStream(s) at 159
08-20 23:41:55.606   477   577 W skia    : AGTM parsing failed flags.readFromStream(s) at 159
08-20 23:41:55.606   477   577 W skia    : AGTM parsing failed flags.readFromStream(s) at 159
08-20 23:41:55.606   477   577 W skia    : AGTM parsing failed flags.readFromStream(s) at 159
08-20 23:41:55.609   894  1178 D ShadeStatusBarComponentsInteractor#disableFlagsInteractor: newValue: DisableFlagsModel(disable1=0, disable2=0, animate=true)
08-20 23:41:55.623   477   577 W skia    : AGTM parsing failed flags.readFromStream(s) at 159
08-20 23:41:55.623   477   577 W skia    : AGTM parsing failed flags.readFromStream(s) at 159
08-20 23:41:55.623   477   577 W skia    : AGTM parsing failed flags.readFromStream(s) at 159
08-20 23:41:55.623   477   577 W skia    : AGTM parsing failed flags.readFromStream(s) at 159
08-20 23:41:55.623   477   577 W skia    : AGTM parsing failed flags.readFromStream(s) at 159
08-20 23:41:55.623   477   577 W skia    : AGTM parsing failed flags.readFromStream(s) at 159
08-20 23:41:55.623   477   577 W skia    : AGTM parsing failed flags.readFromStream(s) at 159
08-20 23:41:55.630   473   573 I APM_AudioPolicyManager: getNewOutputDevices io 13 recent device override {AUDIO_DEVICE_OUT_SPEAKER, @:}
08-20 23:41:55.639   477   577 W skia    : AGTM parsing failed flags.readFromStream(s) at 159
08-20 23:41:55.639   477   577 W skia    : AGTM parsing failed flags.readFromStream(s) at 159
08-20 23:41:55.639   477   577 W skia    : AGTM parsing failed flags.readFromStream(s) at 159
08-20 23:41:55.639   477   577 W skia    : AGTM parsing failed flags.readFromStream(s) at 159
08-20 23:41:55.639   477   577 W skia    : AGTM parsing failed flags.readFromStream(s) at 159
08-20 23:41:55.639   477   577 W skia    : AGTM parsing failed flags.readFromStream(s) at 159
08-20 23:41:55.639   477   577 W skia    : AGTM parsing failed flags.readFromStream(s) at 159
08-20 23:41:55.658   477   577 W skia    : AGTM parsing failed flags.readFromStream(s) at 159
08-20 23:41:55.658   477   577 W skia    : AGTM parsing failed flags.readFromStream(s) at 159
08-20 23:41:55.658   477   577 W skia    : AGTM parsing failed flags.readFromStream(s) at 159
08-20 23:41:55.658   477   577 W skia    : AGTM parsing failed flags.readFromStream(s) at 159
08-20 23:41:55.658   477   577 W skia    : AGTM parsing failed flags.readFromStream(s) at 159
08-20 23:41:55.658   477   577 W skia    : AGTM parsing failed flags.readFromStream(s) at 159
08-20 23:41:55.658   477   577 W skia    : AGTM parsing failed flags.readFromStream(s) at 159
08-20 23:41:55.672   477   577 W skia    : AGTM parsing failed flags.readFromStream(s) at 159
08-20 23:41:55.673   477   577 W skia    : AGTM parsing failed flags.readFromStream(s) at 159
08-20 23:41:55.673   477   577 W skia    : AGTM parsing failed flags.readFromStream(s) at 159
08-20 23:41:55.673   477   577 W skia    : AGTM parsing failed flags.readFromStream(s) at 159
08-20 23:41:55.673   477   577 W skia    : AGTM parsing failed flags.readFromStream(s) at 159
08-20 23:41:55.673   477   577 W skia    : AGTM parsing failed flags.readFromStream(s) at 159
08-20 23:41:55.673   477   577 W skia    : AGTM parsing failed flags.readFromStream(s) at 159
08-20 23:41:55.676   477   577 W skia    : AGTM parsing failed flags.readFromStream(s) at 159
08-20 23:41:55.676   477   577 W skia    : AGTM parsing failed flags.readFromStream(s) at 159
08-20 23:41:55.676   477   577 W skia    : AGTM parsing failed flags.readFromStream(s) at 159
08-20 23:41:55.689   477   577 W skia    : AGTM parsing failed flags.readFromStream(s) at 159
08-20 23:41:55.689   477   577 W skia    : AGTM parsing failed flags.readFromStream(s) at 159
08-20 23:41:55.689   477   577 W skia    : AGTM parsing failed flags.readFromStream(s) at 159
08-20 23:41:55.689   477   577 W skia    : AGTM parsing failed flags.readFromStream(s) at 159
08-20 23:41:55.689   477   577 W skia    : AGTM parsing failed flags.readFromStream(s) at 159
08-20 23:41:55.689   477   577 W skia    : AGTM parsing failed flags.readFromStream(s) at 159
08-20 23:41:55.689   477   577 W skia    : AGTM parsing failed flags.readFromStream(s) at 159
08-20 23:41:55.706   477   577 W skia    : AGTM parsing failed flags.readFromStream(s) at 159
08-20 23:41:55.706   477   577 W skia    : AGTM parsing failed flags.readFromStream(s) at 159
08-20 23:41:55.706   477   577 W skia    : AGTM parsing failed flags.readFromStream(s) at 159
08-20 23:41:55.706   477   577 W skia    : AGTM parsing failed flags.readFromStream(s) at 159
08-20 23:41:55.706   477   577 W skia    : AGTM parsing failed flags.readFromStream(s) at 159
08-20 23:41:55.706   477   577 W skia    : AGTM parsing failed flags.readFromStream(s) at 159
08-20 23:41:55.706   477   577 W skia    : AGTM parsing failed flags.readFromStream(s) at 159
08-20 23:41:55.706   477   577 W skia    : AGTM parsing failed flags.readFromStream(s) at 159
08-20 23:41:55.722   477   577 W skia    : AGTM parsing failed flags.readFromStream(s) at 159
08-20 23:41:55.722   477   577 W skia    : AGTM parsing failed flags.readFromStream(s) at 159
08-20 23:41:55.722   477   577 W skia    : AGTM parsing failed flags.readFromStream(s) at 159
08-20 23:41:55.722   477   577 W skia    : AGTM parsing failed flags.readFromStream(s) at 159
08-20 23:41:55.722   477   577 W skia    : AGTM parsing failed flags.readFromStream(s) at 159
08-20 23:41:55.722   477   577 W skia    : AGTM parsing failed flags.readFromStream(s) at 159
08-20 23:41:55.722   477   577 W skia    : AGTM parsing failed flags.readFromStream(s) at 159
08-20 23:41:55.722   477   577 W skia    : AGTM parsing failed flags.readFromStream(s) at 159
08-20 23:41:55.742   477   577 W skia    : AGTM parsing failed flags.readFromStream(s) at 159
08-20 23:41:55.742   477   577 W skia    : AGTM parsing failed flags.readFromStream(s) at 159
08-20 23:41:55.742   477   577 W skia    : AGTM parsing failed flags.readFromStream(s) at 159
08-20 23:41:55.742   477   577 W skia    : AGTM parsing failed flags.readFromStream(s) at 159
08-20 23:41:55.742   477   577 W skia    : AGTM parsing failed flags.readFromStream(s) at 159
08-20 23:41:55.742   477   577 W skia    : AGTM parsing failed flags.readFromStream(s) at 159
08-20 23:41:55.742   477   577 W skia    : AGTM parsing failed flags.readFromStream(s) at 159
08-20 23:41:55.742   477   577 W skia    : AGTM parsing failed flags.readFromStream(s) at 159
08-20 23:41:55.751 12891 12891 D nativeloader: Configuring clns-9 for other apk /data/app/~~Hyctd9N84K84AyUDoiF43Q==/com.izzes.nears-tWnyVgtaRDVqf71B5FpfIQ==/base.apk. target_sdk_version=36, uses_libraries=, library_path=/data/app/~~Hyctd9N84K84AyUDoiF43Q==/com.izzes.nears-tWnyVgtaRDVqf71B5FpfIQ==/lib/arm64:/data/app/~~Hyctd9N84K84AyUDoiF43Q==/com.izzes.nears-tWnyVgtaRDVqf71B5FpfIQ==/base.apk!/lib/arm64-v8a, permitted_path=/data:/mnt/expand:/data/user/0/com.izzes.nears
08-20 23:41:55.756   477   577 W skia    : AGTM parsing failed flags.readFromStream(s) at 159
08-20 23:41:55.756   477   577 W skia    : AGTM parsing failed flags.readFromStream(s) at 159
08-20 23:41:55.756   477   577 W skia    : AGTM parsing failed flags.readFromStream(s) at 159
08-20 23:41:55.756   477   577 W skia    : AGTM parsing failed flags.readFromStream(s) at 159
08-20 23:41:55.756   477   577 W skia    : AGTM parsing failed flags.readFromStream(s) at 159
08-20 23:41:55.756   477   577 W skia    : AGTM parsing failed flags.readFromStream(s) at 159
08-20 23:41:55.756   477   577 W skia    : AGTM parsing failed flags.readFromStream(s) at 159
08-20 23:41:55.756   477   577 W skia    : AGTM parsing failed flags.readFromStream(s) at 159
08-20 23:41:55.756 12891 12891 V GraphicsEnvironment: Currently set values for:
08-20 23:41:55.756 12891 12891 V GraphicsEnvironment:   angle_gl_driver_selection_pkgs=[]
08-20 23:41:55.756 12891 12891 V GraphicsEnvironment:   angle_gl_driver_selection_values=[]
08-20 23:41:55.756 12891 12891 V GraphicsEnvironment: com.izzes.nears is not listed in per-application setting
08-20 23:41:55.757 12891 12891 V GraphicsEnvironment: No special selections for ANGLE, returning default driver choice
08-20 23:41:55.757 12891 12891 V GraphicsEnvironment: Neither updatable production driver nor prerelease driver is supported.
08-20 23:41:55.762 12891 12891 W FirebaseApp: Default FirebaseApp failed to initialize because no default options were found. This usually means that com.google.gms:google-services was not applied to your gradle project.
08-20 23:41:55.762 12891 12891 I FirebaseInitProvider: FirebaseApp initialization unsuccessful
08-20 23:41:55.763 12891 12891 D FLTFireContextHolder: received application context.
08-20 23:41:55.773   477   577 W skia    : AGTM parsing failed flags.readFromStream(s) at 159
08-20 23:41:55.773   477   577 W skia    : AGTM parsing failed flags.readFromStream(s) at 159
08-20 23:41:55.773   477   577 W skia    : AGTM parsing failed flags.readFromStream(s) at 159
08-20 23:41:55.773   477   577 W skia    : AGTM parsing failed flags.readFromStream(s) at 159
08-20 23:41:55.773   477   577 W skia    : AGTM parsing failed flags.readFromStream(s) at 159
08-20 23:41:55.773   477   577 W skia    : AGTM parsing failed flags.readFromStream(s) at 159
08-20 23:41:55.773   477   577 W skia    : AGTM parsing failed flags.readFromStream(s) at 159
08-20 23:41:55.773   477   577 W skia    : AGTM parsing failed flags.readFromStream(s) at 159
08-20 23:41:55.776   477   577 W skia    : AGTM parsing failed flags.readFromStream(s) at 159
08-20 23:41:55.776   477   577 W skia    : AGTM parsing failed flags.readFromStream(s) at 159
08-20 23:41:55.776   477   577 W skia    : AGTM parsing failed flags.readFromStream(s) at 159
08-20 23:41:55.789   477   577 W skia    : AGTM parsing failed flags.readFromStream(s) at 159
08-20 23:41:55.789   477   577 W skia    : AGTM parsing failed flags.readFromStream(s) at 159
08-20 23:41:55.789   477   577 W skia    : AGTM parsing failed flags.readFromStream(s) at 159
08-20 23:41:55.789   477   577 W skia    : AGTM parsing failed flags.readFromStream(s) at 159
08-20 23:41:55.789   477   577 W skia    : AGTM parsing failed flags.readFromStream(s) at 159
08-20 23:41:55.789   477   577 W skia    : AGTM parsing failed flags.readFromStream(s) at 159
08-20 23:41:55.789   477   577 W skia    : AGTM parsing failed flags.readFromStream(s) at 159
08-20 23:41:55.789   477   577 W skia    : AGTM parsing failed flags.readFromStream(s) at 159
08-20 23:41:55.792 12891 12891 W com.facebook.UserSettingsManager: You haven't set a value for AdvertiserIDCollectionEnabled. Set the flag to TRUE if you want to collect Advertiser ID for better advertising and analytics results. To request user consent before collecting data, set the flag value to FALSE, then change to TRUE once user consent is received. Learn more: https://developers.facebook.com/docs/app-events/getting-started-app-events-android#disable-auto-events.
08-20 23:41:55.802 12891 12909 W com.facebook.internal.NativeProtocol: Apps that target Android API 30+ (Android 11+) cannot call Facebook native apps unless the package visibility needs are declared. Please follow https://developers.facebook.com/docs/android/troubleshooting/#faq_267321845055988 to make the declaration.
08-20 23:41:55.804 12891 12912 I DisplayManager: Choreographer implicitly registered for the refresh rate.
08-20 23:41:55.805   477   577 W skia    : AGTM parsing failed flags.readFromStream(s) at 159
08-20 23:41:55.805   477   577 W skia    : AGTM parsing failed flags.readFromStream(s) at 159
08-20 23:41:55.805   477   577 W skia    : AGTM parsing failed flags.readFromStream(s) at 159
08-20 23:41:55.806   477   577 W skia    : AGTM parsing failed flags.readFromStream(s) at 159
08-20 23:41:55.806   477   577 W skia    : AGTM parsing failed flags.readFromStream(s) at 159
08-20 23:41:55.806   477   577 W skia    : AGTM parsing failed flags.readFromStream(s) at 159
08-20 23:41:55.806   477   577 W skia    : AGTM parsing failed flags.readFromStream(s) at 159
08-20 23:41:55.806   477   577 W skia    : AGTM parsing failed flags.readFromStream(s) at 159
08-20 23:41:55.819 12891 12921 D FlutterJNI: Beginning load of flutter...
08-20 23:41:55.820 12891 12922 I ResourceExtractor: Found extracted resources res_timestamp-3-1787254361878
08-20 23:41:55.822   477   577 W skia    : AGTM parsing failed flags.readFromStream(s) at 159
08-20 23:41:55.822   477   577 W skia    : AGTM parsing failed flags.readFromStream(s) at 159
08-20 23:41:55.822   477   577 W skia    : AGTM parsing failed flags.readFromStream(s) at 159
08-20 23:41:55.822   477   577 W skia    : AGTM parsing failed flags.readFromStream(s) at 159
08-20 23:41:55.822   477   577 W skia    : AGTM parsing failed flags.readFromStream(s) at 159
08-20 23:41:55.822   477   577 W skia    : AGTM parsing failed flags.readFromStream(s) at 159
08-20 23:41:55.822   477   577 W skia    : AGTM parsing failed flags.readFromStream(s) at 159
08-20 23:41:55.822   477   577 W skia    : AGTM parsing failed flags.readFromStream(s) at 159
08-20 23:41:55.826 12891 12921 D nativeloader: Load /data/app/~~Hyctd9N84K84AyUDoiF43Q==/com.izzes.nears-tWnyVgtaRDVqf71B5FpfIQ==/lib/arm64/libflutter.so using class loader ns clns-9 (caller=/data/app/~~Hyctd9N84K84AyUDoiF43Q==/com.izzes.nears-tWnyVgtaRDVqf71B5FpfIQ==/base.apk!classes22.dex): ok
08-20 23:41:55.829 12891 12921 D FlutterJNI: flutter (null) was loaded normally!
08-20 23:41:55.834   642   710 D FileUtils: Rounded bytes from 3155017728 to 4000000000
08-20 23:41:55.836 12891 12912 I GFXSTREAM: [eglDisplay.cpp(297)] Opening libGLESv1_CM_emulation.so
08-20 23:41:55.836 12891 12912 I GFXSTREAM: [eglDisplay.cpp(297)] Opening libGLESv2_emulation.so
08-20 23:41:55.836 12891 12912 W libc    : Access denied finding property "vendor.mesa.virtgpu.kumquat"
08-20 23:41:55.838 12891 12912 W HWUI    : Failed to choose config with EGL_SWAP_BEHAVIOR_PRESERVED, retrying without...
08-20 23:41:55.838 12891 12912 W HWUI    : Failed to initialize 101010-2 format, error = EGL_SUCCESS
08-20 23:41:55.839   477   577 W skia    : AGTM parsing failed flags.readFromStream(s) at 159
08-20 23:41:55.839   477   577 W skia    : AGTM parsing failed flags.readFromStream(s) at 159
08-20 23:41:55.839   477   577 W skia    : AGTM parsing failed flags.readFromStream(s) at 159
08-20 23:41:55.839   477   577 W skia    : AGTM parsing failed flags.readFromStream(s) at 159
08-20 23:41:55.839   477   577 W skia    : AGTM parsing failed flags.readFromStream(s) at 159
08-20 23:41:55.839   477   577 W skia    : AGTM parsing failed flags.readFromStream(s) at 159
08-20 23:41:55.839   477   577 W skia    : AGTM parsing failed flags.readFromStream(s) at 159
08-20 23:41:55.839   477   577 W skia    : AGTM parsing failed flags.readFromStream(s) at 159
08-20 23:41:55.843 12891 12891 W com.izzes.nears: type=1400 audit(0.0:131): avc:  denied  { read } for  name="max_map_count" dev="proc" ino=26028 scontext=u:r:untrusted_app_34:s0:c252,c256,c512,c768 tcontext=u:object_r:proc_max_map_count:s0 tclass=file permissive=0 app=com.izzes.nears
08-20 23:41:55.853 12891 12924 W libc    : Access denied finding property "vendor.mesa.virtgpu.kumquat"
08-20 23:41:55.856   477   577 W skia    : AGTM parsing failed flags.readFromStream(s) at 159
08-20 23:41:55.856   477   577 W skia    : AGTM parsing failed flags.readFromStream(s) at 159
08-20 23:41:55.856   477   577 W skia    : AGTM parsing failed flags.readFromStream(s) at 159
08-20 23:41:55.856   477   577 W skia    : AGTM parsing failed flags.readFromStream(s) at 159
08-20 23:41:55.856   477   577 W skia    : AGTM parsing failed flags.readFromStream(s) at 159
08-20 23:41:55.856   477   577 W skia    : AGTM parsing failed flags.readFromStream(s) at 159
08-20 23:41:55.856   477   577 W skia    : AGTM parsing failed flags.readFromStream(s) at 159
08-20 23:41:55.856   477   577 W skia    : AGTM parsing failed flags.readFromStream(s) at 159
08-20 23:41:55.859 12891 12924 I flutter : [IMPORTANT:flutter/shell/platform/android/android_context_gl_impeller.cc(104)] Using the Impeller rendering backend (OpenGLES).
08-20 23:41:55.861 12891 12925 W libc    : Access denied finding property "vendor.mesa.virtgpu.kumquat"
08-20 23:41:55.873   477   577 W skia    : AGTM parsing failed flags.readFromStream(s) at 159
08-20 23:41:55.873   477   577 W skia    : AGTM parsing failed flags.readFromStream(s) at 159
08-20 23:41:55.873   477   577 W skia    : AGTM parsing failed flags.readFromStream(s) at 159
08-20 23:41:55.873   477   577 W skia    : AGTM parsing failed flags.readFromStream(s) at 159
08-20 23:41:55.873   477   577 W skia    : AGTM parsing failed flags.readFromStream(s) at 159
08-20 23:41:55.873   477   577 W skia    : AGTM parsing failed flags.readFromStream(s) at 159
08-20 23:41:55.873   477   577 W skia    : AGTM parsing failed flags.readFromStream(s) at 159
08-20 23:41:55.873   477   577 W skia    : AGTM parsing failed flags.readFromStream(s) at 159
08-20 23:41:55.876   477   577 W skia    : AGTM parsing failed flags.readFromStream(s) at 159
08-20 23:41:55.876   477   577 W skia    : AGTM parsing failed flags.readFromStream(s) at 159
08-20 23:41:55.876   477   577 W skia    : AGTM parsing failed flags.readFromStream(s) at 159
08-20 23:41:55.876   477   577 W skia    : AGTM parsing failed flags.readFromStream(s) at 159
08-20 23:41:55.889   477   577 W skia    : AGTM parsing failed flags.readFromStream(s) at 159
08-20 23:41:55.889   477   577 W skia    : AGTM parsing failed flags.readFromStream(s) at 159
08-20 23:41:55.889   477   577 W skia    : AGTM parsing failed flags.readFromStream(s) at 159
08-20 23:41:55.889   477   577 W skia    : AGTM parsing failed flags.readFromStream(s) at 159
08-20 23:41:55.889   477   577 W skia    : AGTM parsing failed flags.readFromStream(s) at 159
08-20 23:41:55.889   477   577 W skia    : AGTM parsing failed flags.readFromStream(s) at 159
08-20 23:41:55.889   477   577 W skia    : AGTM parsing failed flags.readFromStream(s) at 159
08-20 23:41:55.889   477   577 W skia    : AGTM parsing failed flags.readFromStream(s) at 159
08-20 23:41:55.905   477   577 W skia    : AGTM parsing failed flags.readFromStream(s) at 159
08-20 23:41:55.906   477   577 W skia    : AGTM parsing failed flags.readFromStream(s) at 159
08-20 23:41:55.906   477   577 W skia    : AGTM parsing failed flags.readFromStream(s) at 159
08-20 23:41:55.906   477   577 W skia    : AGTM parsing failed flags.readFromStream(s) at 159
08-20 23:41:55.906   477   577 W skia    : AGTM parsing failed flags.readFromStream(s) at 159
08-20 23:41:55.906   477   577 W skia    : AGTM parsing failed flags.readFromStream(s) at 159
08-20 23:41:55.906   477   577 W skia    : AGTM parsing failed flags.readFromStream(s) at 159
08-20 23:41:55.906   477   577 W skia    : AGTM parsing failed flags.readFromStream(s) at 159
08-20 23:41:55.922   477   577 W skia    : AGTM parsing failed flags.readFromStream(s) at 159
08-20 23:41:55.922   477   577 W skia    : AGTM parsing failed flags.readFromStream(s) at 159
08-20 23:41:55.922   477   577 W skia    : AGTM parsing failed flags.readFromStream(s) at 159
08-20 23:41:55.922   477   577 W skia    : AGTM parsing failed flags.readFromStream(s) at 159
08-20 23:41:55.922   477   577 W skia    : AGTM parsing failed flags.readFromStream(s) at 159
08-20 23:41:55.922   477   577 W skia    : AGTM parsing failed flags.readFromStream(s) at 159
08-20 23:41:55.922   477   577 W skia    : AGTM parsing failed flags.readFromStream(s) at 159
08-20 23:41:55.922   477   577 W skia    : AGTM parsing failed flags.readFromStream(s) at 159
08-20 23:41:55.932 12891 12933 I flutter : The Dart VM service is listening on http://127.0.0.1:41183/22pSDyb4OXQ=/
08-20 23:41:55.939   477   577 W skia    : AGTM parsing failed flags.readFromStream(s) at 159
08-20 23:41:55.939   477   577 W skia    : AGTM parsing failed flags.readFromStream(s) at 159
08-20 23:41:55.939   477   577 W skia    : AGTM parsing failed flags.readFromStream(s) at 159
08-20 23:41:55.939   477   577 W skia    : AGTM parsing failed flags.readFromStream(s) at 159
08-20 23:41:55.939   477   577 W skia    : AGTM parsing failed flags.readFromStream(s) at 159
08-20 23:41:55.939   477   577 W skia    : AGTM parsing failed flags.readFromStream(s) at 159
08-20 23:41:55.939   477   577 W skia    : AGTM parsing failed flags.readFromStream(s) at 159
08-20 23:41:55.939   477   577 W skia    : AGTM parsing failed flags.readFromStream(s) at 159
08-20 23:41:55.956   477   577 W skia    : AGTM parsing failed flags.readFromStream(s) at 159
08-20 23:41:55.956   477   577 W skia    : AGTM parsing failed flags.readFromStream(s) at 159
08-20 23:41:55.956   477   577 W skia    : AGTM parsing failed flags.readFromStream(s) at 159
08-20 23:41:55.956   477   577 W skia    : AGTM parsing failed flags.readFromStream(s) at 159
08-20 23:41:55.956   477   577 W skia    : AGTM parsing failed flags.readFromStream(s) at 159
08-20 23:41:55.956   477   577 W skia    : AGTM parsing failed flags.readFromStream(s) at 159
08-20 23:41:55.956   477   577 W skia    : AGTM parsing failed flags.readFromStream(s) at 159
08-20 23:41:55.956   477   577 W skia    : AGTM parsing failed flags.readFromStream(s) at 159
08-20 23:41:55.972   477   577 W skia    : AGTM parsing failed flags.readFromStream(s) at 159
08-20 23:41:55.972   477   577 W skia    : AGTM parsing failed flags.readFromStream(s) at 159
08-20 23:41:55.972   477   577 W skia    : AGTM parsing failed flags.readFromStream(s) at 159
08-20 23:41:55.972   477   577 W skia    : AGTM parsing failed flags.readFromStream(s) at 159
08-20 23:41:55.972   477   577 W skia    : AGTM parsing failed flags.readFromStream(s) at 159
08-20 23:41:55.972   477   577 W skia    : AGTM parsing failed flags.readFromStream(s) at 159
08-20 23:41:55.972   477   577 W skia    : AGTM parsing failed flags.readFromStream(s) at 159
08-20 23:41:55.972   477   577 W skia    : AGTM parsing failed flags.readFromStream(s) at 159
08-20 23:41:55.977   477   577 W skia    : AGTM parsing failed flags.readFromStream(s) at 159
08-20 23:41:55.977   477   577 W skia    : AGTM parsing failed flags.readFromStream(s) at 159
08-20 23:41:55.977   477   577 W skia    : AGTM parsing failed flags.readFromStream(s) at 159
08-20 23:41:55.977   477   577 W skia    : AGTM parsing failed flags.readFromStream(s) at 159
08-20 23:41:55.989   477   577 W skia    : AGTM parsing failed flags.readFromStream(s) at 159
08-20 23:41:55.989   477   577 W skia    : AGTM parsing failed flags.readFromStream(s) at 159
08-20 23:41:55.989   477   577 W skia    : AGTM parsing failed flags.readFromStream(s) at 159
08-20 23:41:55.989   477   577 W skia    : AGTM parsing failed flags.readFromStream(s) at 159
08-20 23:41:55.989   477   577 W skia    : AGTM parsing failed flags.readFromStream(s) at 159
08-20 23:41:55.989   477   577 W skia    : AGTM parsing failed flags.readFromStream(s) at 159
08-20 23:41:55.989   477   577 W skia    : AGTM parsing failed flags.readFromStream(s) at 159
08-20 23:41:55.989   477   577 W skia    : AGTM parsing failed flags.readFromStream(s) at 159
08-20 23:41:56.006   477   577 W skia    : AGTM parsing failed flags.readFromStream(s) at 159
08-20 23:41:56.006   477   577 W skia    : AGTM parsing failed flags.readFromStream(s) at 159
08-20 23:41:56.006   477   577 W skia    : AGTM parsing failed flags.readFromStream(s) at 159
08-20 23:41:56.006   477   577 W skia    : AGTM parsing failed flags.readFromStream(s) at 159
08-20 23:41:56.006   477   577 W skia    : AGTM parsing failed flags.readFromStream(s) at 159
08-20 23:41:56.006   477   577 W skia    : AGTM parsing failed flags.readFromStream(s) at 159
08-20 23:41:56.006   477   577 W skia    : AGTM parsing failed flags.readFromStream(s) at 159
08-20 23:41:56.006   477   577 W skia    : AGTM parsing failed flags.readFromStream(s) at 159
08-20 23:41:56.022   477   577 W skia    : AGTM parsing failed flags.readFromStream(s) at 159
08-20 23:41:56.022   477   577 W skia    : AGTM parsing failed flags.readFromStream(s) at 159
08-20 23:41:56.022   477   577 W skia    : AGTM parsing failed flags.readFromStream(s) at 159
08-20 23:41:56.022   477   577 W skia    : AGTM parsing failed flags.readFromStream(s) at 159
08-20 23:41:56.022   477   577 W skia    : AGTM parsing failed flags.readFromStream(s) at 159
08-20 23:41:56.022   477   577 W skia    : AGTM parsing failed flags.readFromStream(s) at 159
08-20 23:41:56.022   477   577 W skia    : AGTM parsing failed flags.readFromStream(s) at 159
08-20 23:41:56.023   477   577 W skia    : AGTM parsing failed flags.readFromStream(s) at 159
08-20 23:41:56.023   894   894 W BlurChoreographer: Multiple blur values emitted in the same frame
08-20 23:41:56.039   477   577 W skia    : AGTM parsing failed flags.readFromStream(s) at 159
08-20 23:41:56.039   477   577 W skia    : AGTM parsing failed flags.readFromStream(s) at 159
08-20 23:41:56.039   477   577 W skia    : AGTM parsing failed flags.readFromStream(s) at 159
08-20 23:41:56.039   477   577 W skia    : AGTM parsing failed flags.readFromStream(s) at 159
08-20 23:41:56.039   477   577 W skia    : AGTM parsing failed flags.readFromStream(s) at 159
08-20 23:41:56.039   477   577 W skia    : AGTM parsing failed flags.readFromStream(s) at 159
08-20 23:41:56.039   477   577 W skia    : AGTM parsing failed flags.readFromStream(s) at 159
08-20 23:41:56.039   477   577 W skia    : AGTM parsing failed flags.readFromStream(s) at 159
08-20 23:41:56.040   894   894 E NotifRow: Magnetic state changed from IDLE to IDLE on a null swiped listener, or the logging key of the listener is null
08-20 23:41:56.040   894  1179 D ShadeStatusBarComponentsInteractor#disableFlagsInteractor: newValue: DisableFlagsModel(disable1=0, disable2=0, animate=false)
08-20 23:41:56.040   894  1177 D StatusBar##isHomeStatusBarAllowed: newValue: true
08-20 23:41:56.040   894  1177 D StatusBar##canShowOngoingActivityChips: newValue: true
08-20 23:41:56.040   894  1177 D StatusBar##chips: newValue: Chips[allowed=true numChips=0]
08-20 23:41:56.041   894   894 D DepthController: appLaunchTransitionIsInProgress is now false from shade expansion event
08-20 23:41:56.041   894   894 V WindowManagerShell: Received remote transition finished callback for (#45)
08-20 23:41:56.041   894  1032 V WindowManagerShell: Transition animation finished (aborted=false), notifying core (#45) android.os.BinderProxy@1c1c7ff@0
08-20 23:41:56.043   642   660 V WindowManager: Finish Transition (#45): created at 08-20 23:41:55.472 collect-started=0.008ms request-sent=1.033ms started=1.475ms ready=44.609ms sent=45.282ms commit=7.359ms finished=570.407ms
08-20 23:41:56.044  1043  1043 D VRI[NexusLauncherActivity]: visibilityChanged oldVisibility=true newVisibility=false
08-20 23:41:56.044   894  1249 D WallpaperService: onVisibilityChanged(false): com.android.systemui.wallpapers.ImageWallpaper$CanvasEngine@fc428c8
08-20 23:41:56.044   894  1032 V WindowManagerShell: Track 0 became idle
08-20 23:41:56.044   894  1032 V WindowManagerShell: All active transition animations finished
08-20 23:41:56.047   894  1154 D ControlsListingControllerImpl: Unsubscribing callback
08-20 23:41:56.047   894   894 D DLObserver: remove listener: com.android.systemui.dock.DockManagerExtensionsKt$retrieveIsDocked$1$callback$1@76191f8
08-20 23:41:56.048   894   894 D DLObserver: remove listener: com.android.systemui.dock.DockManagerExtensionsKt$retrieveIsDocked$1$callback$1@cd4e6d1
08-20 23:41:56.048   894  1154 D ControlsListingControllerImpl: Unsubscribing callback
08-20 23:41:56.048   894   894 D DLObserver: remove listener: com.android.systemui.dock.DockManagerExtensionsKt$retrieveIsDocked$1$callback$1@118710c
08-20 23:41:56.048   894  1154 D ControlsListingControllerImpl: Unsubscribing callback
08-20 23:41:56.048   894   894 D DLObserver: remove listener: com.android.systemui.dock.DockManagerExtensionsKt$retrieveIsDocked$1$callback$1@c7bac6a
08-20 23:41:56.049   894   894 D DLObserver: remove listener: com.android.systemui.dock.DockManagerExtensionsKt$retrieveIsDocked$1$callback$1@521fa55
08-20 23:41:56.049   894   894 D DLObserver: remove listener: com.android.systemui.dock.DockManagerExtensionsKt$retrieveIsDocked$1$callback$1@32ce55b
08-20 23:41:56.055  1043  1043 D SmartspaceInteractor: notifySmartspaceEvent: SmartspaceTargetEvent{mSmartspaceTarget=null, mSmartspaceActionId='null', mEventType=7}
08-20 23:41:56.057  1655  1820 I AiAiEcho: AmbientDataPredictorImpl No tracked ambient data found for ID: null; for event type: 7, skipping event processing.
08-20 23:41:56.064   894   894 D WindowOnBackDispatcher: setTopOnBackInvokedCallback (unwrapped): null
08-20 23:41:56.064   642   655 D CoreBackPreview: Window{f5ef045 u0 NotificationShade}: Setting back callback null
08-20 23:41:56.078   477   577 W skia    : AGTM parsing failed flags.readFromStream(s) at 159
08-20 23:41:56.153 12891 12891 D com.llfbandit.app_links: Intent { act=android.intent.action.MAIN cat=[android.intent.category.LAUNCHER] flg=0x30000000 xflg=0x4 cmp=com.izzes.nears/.MainActivity (has extras) }
08-20 23:41:56.166 12891 12936 I DynamiteModule: Considering local module com.google.android.gms.measurement.dynamite:185 and remote module com.google.android.gms.measurement.dynamite:202
08-20 23:41:56.166 12891 12936 I DynamiteModule: Selected remote version of com.google.android.gms.measurement.dynamite, version >= 202
08-20 23:41:56.166 12891 12936 V DynamiteModule: Dynamite loader version >= 2, using loadModule2NoCrashUtils
08-20 23:41:56.173 12891 12936 W System  : ClassLoader referenced unknown path: 
08-20 23:41:56.173 12891 12936 D nativeloader: Configuring clns-10 for other apk . target_sdk_version=37, uses_libraries=, library_path=/data/app/~~2fXQ6-xyEWEbual6_5Wrig==/com.google.android.gms-_SBUxIWyP-163dk_5Uqnhw==/lib/arm64:/data/app/~~2fXQ6-xyEWEbual6_5Wrig==/com.google.android.gms-_SBUxIWyP-163dk_5Uqnhw==/base.apk!/lib/arm64-v8a, permitted_path=/data:/mnt/expand:/data/user/0/com.google.android.gms
08-20 23:41:56.177   477   577 W skia    : AGTM parsing failed flags.readFromStream(s) at 159
08-20 23:41:56.179 12891 12936 D DesktopExperienceFlags: Toggle override initialized to: false
08-20 23:41:56.192  1285 12681 I PhenotypeResourceReader: unable to find any Phenotype resource metadata for com.izzes.nears
08-20 23:41:56.195 12891 12891 D FLTFireContextHolder: received application context.
08-20 23:41:56.195 12891 12940 I com.izzes.nears: hiddenapi: Accessing hidden method Ldalvik/system/VMStack;->getStackClass2()Ljava/lang/Class; (runtime_flags=0, domain=core-platform, api=unsupported) from Lm7/aqg; (domain=app, TargetSdkVersion=36) using reflection: allowed
08-20 23:41:56.203 12891 12939 E com.izzes.nears: No package ID 6a found for resource ID 0x6a0b0013.
08-20 23:41:56.204 12891 12939 I FA      : App measurement initialized, version: 178008
08-20 23:41:56.204 12891 12939 I FA      : To enable debug logging run: adb shell setprop log.tag.FA VERBOSE
08-20 23:41:56.204 12891 12939 I FA      : To enable faster debug mode event logging run:
08-20 23:41:56.204 12891 12939 I FA      :   adb shell setprop debug.firebase.analytics.app com.izzes.nears
08-20 23:41:56.205 12891 12939 E FA      : Missing google_app_id. Firebase Analytics disabled. See https://goo.gl/NAOOOI
08-20 23:41:56.205 12891 12939 E FA      : Uploading is not possible. App measurement disabled
08-20 23:41:56.206 12891 12891 D CompatChangeReporter: Compat change id reported: 377864165; UID 10252; state: ENABLED
08-20 23:41:56.211 12891 12891 D FlutterGeolocator: Attaching Geolocator to activity
08-20 23:41:56.219 12891 12891 D nativeloader: Load /data/app/~~Hyctd9N84K84AyUDoiF43Q==/com.izzes.nears-tWnyVgtaRDVqf71B5FpfIQ==/lib/arm64/libdartjni.so using class loader ns clns-9 (caller=/data/app/~~Hyctd9N84K84AyUDoiF43Q==/com.izzes.nears-tWnyVgtaRDVqf71B5FpfIQ==/base.apk!classes12.dex): ok
08-20 23:41:56.244 12891 12891 I com.izzes.nears: hiddenapi: Accessing hidden method Landroid/view/accessibility/AccessibilityNodeInfo;->getSourceNodeId()J (runtime_flags=0, domain=platform, api=unsupported,test-api) from Lio/flutter/view/AccessibilityViewEmbedder$ReflectionAccessors; (domain=app, TargetSdkVersion=36) using reflection: allowed
08-20 23:41:56.244 12891 12891 I com.izzes.nears: hiddenapi: Accessing hidden method Landroid/view/accessibility/AccessibilityRecord;->getSourceNodeId()J (runtime_flags=0, domain=platform, api=unsupported) from Lio/flutter/view/AccessibilityViewEmbedder$ReflectionAccessors; (domain=app, TargetSdkVersion=36) using reflection: allowed
08-20 23:41:56.245 12891 12891 I com.izzes.nears: hiddenapi: Accessing hidden field Landroid/view/accessibility/AccessibilityNodeInfo;->mChildNodeIds:Landroid/util/LongArray; (runtime_flags=0, domain=platform, api=unsupported) from Lio/flutter/view/AccessibilityViewEmbedder$ReflectionAccessors; (domain=app, TargetSdkVersion=36) using reflection: allowed
08-20 23:41:56.245 12891 12891 I com.izzes.nears: hiddenapi: Accessing hidden method Landroid/util/LongArray;->get(I)J (runtime_flags=0, domain=platform, api=unsupported) from Lio/flutter/view/AccessibilityViewEmbedder$ReflectionAccessors; (domain=app, TargetSdkVersion=36) using reflection: allowed
08-20 23:41:56.248 12891 12891 D FlutterRenderer: Width is zero. 0,0
08-20 23:41:56.253 12891 12891 D com.llfbandit.app_links: Intent { act=android.intent.action.MAIN cat=[android.intent.category.LAUNCHER] flg=0x14400000 xflg=0x4 pkg=com.izzes.nears cmp=com.izzes.nears/.MainActivity (has extras) }
08-20 23:41:56.256 12891 12939 I FA      : Tag Manager is not found and thus will not be used
08-20 23:41:56.257 12891 12891 W HWUI    : Unknown dataspace 0
08-20 23:41:56.259  5388  5388 D BoundBrokerSvc: onBind: Intent { act=com.google.android.gms.measurement.START xflg=0x4 pkg=com.google.android.gms }
08-20 23:41:56.259  5388  5388 D BoundBrokerSvc: Loading bound service for intent: Intent { act=com.google.android.gms.measurement.START xflg=0x4 pkg=com.google.android.gms }
08-20 23:41:56.259 12891 12944 W libc    : Access denied finding property "vendor.mesa.virtgpu.kumquat"
08-20 23:41:56.260   642   869 W InputChannel-JNI: Channel already disposed.
08-20 23:41:56.280   477   577 W skia    : AGTM parsing failed flags.readFromStream(s) at 159
08-20 23:41:56.339 12891 12891 D FlutterGeolocator: Creating service.
08-20 23:41:56.340 12891 12891 D FlutterGeolocator: Binding to location service.
08-20 23:41:56.340 12891 12891 D FlutterLocationService: Creating service.
08-20 23:41:56.342 12891 12891 D FlutterLocationService: Binding to location service.
08-20 23:41:56.343 12891 12891 D WindowOnBackDispatcher: setTopOnBackInvokedCallback (unwrapped): android.app.Activity$$ExternalSyntheticLambda0@1139cd2
08-20 23:41:56.343   642   869 D CoreBackPreview: Window{97c901c u0 com.izzes.nears/com.izzes.nears.MainActivity}: Setting back callback OnBackInvokedCallbackInfo{mCallback=android.window.IOnBackInvokedCallback$Stub$Proxy@3969bab, mPriority=-1, mIsAnimationCallback=false, mOverrideBehavior=0}
08-20 23:41:56.346 12891 12891 I WindowExtensionsImpl: Initializing Window Extensions, vendor API level=10, activity embedding enabled=true
08-20 23:41:56.349 12891 12891 W UiContextUtils: Requested context is a non-UI Context. Creating a UI-Context with display: 0. Context: Context=android.app.Application@78a491e, of which baseContext=android.app.ContextImpl@dcdbba6
08-20 23:41:56.360 12891 12891 D VRI[MainActivity]: WindowInsets changed: 1344x2992 statusBars:[0,159,0,0] navigationBars:[0,0,0,72] mandatorySystemGestures:[0,195,0,96] 
08-20 23:41:56.360 12891 12891 D FlutterRenderer: Width is zero. 0,0
08-20 23:41:56.361   642   869 D WindowManager: setClientSurface Surface(name=VRI-com.izzes.nears/com.izzes.nears.MainActivity#596)/@0x3e0c6b4 for 97c901c com.izzes.nears/com.izzes.nears.MainActivity
08-20 23:41:56.363 12891 12891 I Surface : Creating surface for consumer unnamed-12891-0 with slotExpansion=1 for 64 slots
08-20 23:41:56.363 12891 12891 I Surface : Creating surface for consumer VRI[MainActivity]#0(BLAST Consumer)0 with slotExpansion=1 for 64 slots
08-20 23:41:56.364 12891 12891 D FlutterJNI: Sending viewport metrics to the engine.
08-20 23:41:56.367 12891 12891 I Surface : Creating surface for consumer unnamed-12891-1 with slotExpansion=1 for 64 slots
08-20 23:41:56.368 12891 12891 I Surface : Creating surface for consumer ea80b00 SurfaceView[com.izzes.nears/com.izzes.nears.MainActivity]#1(BLAST Consumer)1 with slotExpansion=1 for 64 slots
08-20 23:41:56.373 12891 12895 I com.izzes.nears: Compiler allocated 5303KB to compile void android.view.ViewRootImpl.performTraversals(long)
08-20 23:41:56.380   477   577 W skia    : AGTM parsing failed flags.readFromStream(s) at 159
08-20 23:41:56.482   477   577 W skia    : AGTM parsing failed flags.readFromStream(s) at 159
08-20 23:41:56.582   477   577 W skia    : AGTM parsing failed flags.readFromStream(s) at 159
08-20 23:41:56.651 12891 12891 D FlutterGeolocator: Geolocator foreground service connected
08-20 23:41:56.651 12891 12891 D FlutterGeolocator: Initializing Geolocator services
08-20 23:41:56.651 12891 12891 D FlutterGeolocator: Flutter engine connected. Connected engine count 1
08-20 23:41:56.651 12891 12891 D LocationPlugin: Service connected: ComponentInfo{com.izzes.nears/com.lyokone.location.FlutterLocationService}
08-20 23:41:56.661 12891 12891 D WindowLayoutComponentImpl: Register WindowLayoutInfoListener on Context=com.izzes.nears.MainActivity@1094862, of which baseContext=android.app.ContextImpl@c92b697
08-20 23:41:56.664 12891 12952 D FirebaseSessions: Dependency to CRASHLYTICS added.
08-20 23:41:56.665 12891 12952 I FirebaseApp: Device unlocked: initializing all Firebase APIs for app [DEFAULT]
08-20 23:41:56.669 12891 12952 D nativeloader: Load /data/app/~~Hyctd9N84K84AyUDoiF43Q==/com.izzes.nears-tWnyVgtaRDVqf71B5FpfIQ==/lib/arm64/libdatastore_shared_counter.so using class loader ns clns-9 (caller=/data/app/~~Hyctd9N84K84AyUDoiF43Q==/com.izzes.nears-tWnyVgtaRDVqf71B5FpfIQ==/base.apk!classes23.dex): ok
08-20 23:41:56.672 12891 12891 D FlutterJNI: Sending viewport metrics to the engine.
08-20 23:41:56.675 12891 12952 D FirebaseSessions: Initializing Firebase Sessions 3.0.6.
08-20 23:41:56.681 12891 12952 I FirebaseCrashlytics: Initializing Firebase Crashlytics 20.0.6 for com.izzes.nears
08-20 23:41:56.682   477   577 W skia    : AGTM parsing failed flags.readFromStream(s) at 159
08-20 23:41:56.687 12891 12952 D FirebaseSessions: Subscriber CRASHLYTICS registered.
08-20 23:41:56.687 12891 12960 D FirebaseSessions: No Sessions subscribers. Not listening to lifecycle events.
08-20 23:41:56.687 12891 12955 D FirebaseSessions: Notified CRASHLYTICS of new session ef5d5818d6694251b884cae4fde327d5
08-20 23:41:56.702   642   869 D FileUtils: Rounded bytes from 3155017728 to 4000000000
08-20 23:41:56.710 12891 12955 I FirebaseCrashlytics: No version control information found
08-20 23:41:56.743   642   869 D FileUtils: Rounded bytes from 3155017728 to 4000000000
08-20 23:41:56.754 12891 12906 E com.facebook.GraphResponse: {HttpStatus: 400, errorCode: 190, subErrorCode: -1, errorType: OAuthException, errorMessage: Error validating application. Application has been deleted.}
08-20 23:41:56.754 12891 12907 E com.facebook.GraphResponse: {HttpStatus: 400, errorCode: 190, subErrorCode: -1, errorType: OAuthException, errorMessage: Error validating application. Application has been deleted.}
08-20 23:41:56.760  1285  1727 I FontLog : (REDACTED) Received query %s, URI %s
08-20 23:41:56.760  1285  1727 I FontLog : (REDACTED) Query [%s] resolved to %s
08-20 23:41:56.760  1285  1727 I FontLog : (REDACTED) Fetch %s end status %s
08-20 23:41:56.762  1285  1727 I FontLog : (REDACTED) Pulling font file for id = %d, cache size = %d
08-20 23:41:56.763 12891 12979 I HWUI    : Using FreeType backend (prop=Auto)
08-20 23:41:56.765  1285  1727 I FontLog : (REDACTED) Pulling font file for id = %d, cache size = %d
08-20 23:41:56.787   311 12291 I keystore2: system/security/keystore2/src/database.rs:1206 - Setting synchronous=EXTRA
08-20 23:41:56.871 12891 12891 I flutter : 📊 analytics: app_open {}
08-20 23:41:56.912 12891 12906 E com.facebook.GraphResponse: {HttpStatus: 400, errorCode: 190, subErrorCode: -1, errorType: OAuthException, errorMessage: Error validating application. Application has been deleted.}
08-20 23:41:56.918 12891 12891 I flutter : [INFO] msg="route: building splash route, hasData=true"
08-20 23:41:57.056   642   822 I AdbWifiNetworkMonitor: Wi-Fi network available
08-20 23:41:57.056   642   822 I AdbWifiNetworkMonitor: Received the same Wi-Fi SSID. Ignoring.
08-20 23:41:57.056   642   793 I HalDevMgr: bestIfaceCreationProposal is null, requestIface=STA, existingIface=[name=wlan0 type=STA]
08-20 23:41:57.059   642   799 W libbinder.IPCThreadState: Sending oneway calls to frozen process.
08-20 23:41:57.059  1687  2272 I BugleRcsEngine: handleMessage processing message:[NOTIFY_UPTIME_IGNORE_STATE_CHANGED] with [non-null]:RcsEngineImpl reference [CONTEXT log_prefix="RcsEngineImpl[DUAL_REG]:[9818720b-389c]>Handler" thread_id=60 ]
08-20 23:41:57.059   999  1120 D IpClient/wlan0: interfaceLinkStateChanged: ifindex 16 up
08-20 23:41:57.059  1687  2135 I BugleRcsEngine: Connected state: [1], networkType: [WIFI] [CONTEXT thread_id=55 ]
08-20 23:41:57.059  1285  1727 I NullBinder: NullBinder for android.net.action.RECOMMEND_NETWORKS triggering remote TransactionTooLargeException due to Service without Chimera impl, calling uid: 1000, calling pid: 0
08-20 23:41:57.059  1285  1727 W libbinder.Binder: Large reply transaction of 1056768 bytes, interface descriptor , function: UNKNOWN_FUNCTION_NAME, code: 1, flags: 17
08-20 23:41:57.059   642   799 W libbinder.IPCThreadState: Sending oneway calls to frozen process.
08-20 23:41:57.059   642   799 W libbinder.IPCThreadState: Sending oneway calls to frozen process.
08-20 23:41:57.059   642   799 W libbinder.IPCThreadState: Sending oneway calls to frozen process.
08-20 23:41:57.059   642   799 W libbinder.IPCThreadState: Sending oneway calls to frozen process.
08-20 23:41:57.060   642   799 W libbinder.IPCThreadState: Sending oneway calls to frozen process.
08-20 23:41:57.060   642   799 W libbinder.IPCThreadState: Sending oneway calls to frozen process.
08-20 23:41:57.060   642   710 D ActivityManager: sync unfroze 2258 com.google.android.apps.messaging for 7
08-20 23:41:57.061   642   799 D ConnectivityService: NetReassign [no changes] [c 0] [a 1] [i 0]
08-20 23:41:57.063  1285 12681 I NearbyMediums: Wifi changed new SSID: "AndroidWifi"
08-20 23:41:57.063  2258  2673 D WM-WorkConstraintsTrack: NetworkRequestConstraintController onCapabilitiesChanged callback
08-20 23:41:57.064 12891 12891 I flutter : [INFO] msg="route: navigating to splash screen"
08-20 23:41:57.064  1285 12681 I NearbyMediums: WifiLanConnectivityInfo is not changed, skip notify.
08-20 23:41:57.065   999  1120 D IpClient/wlan0: interfaceLinkStateChanged: ifindex 16 up
08-20 23:41:57.068  1687  2272 I BugleRcsEngine: No RCS Configuration was found in Bugle for simID: redacted-pii:sim_id[chars:20,last3:897] [CONTEXT log_prefix="ProvisioningEngineDataRetriever" thread_id=60 ]
08-20 23:41:57.071 12891 12891 I flutter : [INFO] msg="splash: location prefetch initiated"
08-20 23:41:57.071 12891 12908 E com.facebook.GraphResponse: {HttpStatus: 400, errorCode: 190, subErrorCode: -1, errorType: OAuthException, errorMessage: Error validating application. Application has been deleted.}
08-20 23:41:57.101 12891 12891 I flutter : [NET] GET endpoint=/api/v1/customer/cart/list
08-20 23:41:57.141   477   577 W skia    : AGTM parsing failed flags.readFromStream(s) at 159
08-20 23:41:57.233   642   660 I ActivityTaskManager: Displayed com.izzes.nears/.MainActivity for user 0: +1s790ms
08-20 23:41:57.234   642   660 I ActivityTaskManager: Fully drawn com.izzes.nears/.MainActivity: +1s790ms
08-20 23:41:57.239 12891 12908 E com.facebook.GraphResponse: {HttpStatus: 400, errorCode: 190, subErrorCode: -1, errorType: OAuthException, errorMessage: Error validating application. Application has been deleted.}
08-20 23:41:57.241   477   577 W skia    : AGTM parsing failed flags.readFromStream(s) at 159
08-20 23:41:57.317   642   710 D ConnectivityService: requestNetwork for uid/pid:10252/12891 activeRequest: null callbackRequest: 499 [NetworkRequest [ REQUEST id=500, [ Capabilities: INTERNET&NOT_RESTRICTED&TRUSTED&NOT_VCN_MANAGED&NOT_BANDWIDTH_CONSTRAINED Uid: 10252 RequestorUid: 10252 RequestorPkg: com.izzes.nears UnderlyingNetworks: Null] ]] callback flags: 0 order: 2147483647 isUidTracked: false declaredMethods: AVAIL|LOST|NC
08-20 23:41:57.318 12891 12939 E FA      : Missing google_app_id. Firebase Analytics disabled. See https://goo.gl/NAOOOI
08-20 23:41:57.318   642   793 D WifiNetworkFactory: got request NetworkRequest [ REQUEST id=500, [ Capabilities: INTERNET&NOT_RESTRICTED&TRUSTED&NOT_VCN_MANAGED&NOT_BANDWIDTH_CONSTRAINED Uid: 10252 RequestorUid: 10252 RequestorPkg: com.izzes.nears UnderlyingNetworks: Null] ]
08-20 23:41:57.319   642   793 D UntrustedWifiNetworkFactory: got request NetworkRequest [ REQUEST id=500, [ Capabilities: INTERNET&NOT_RESTRICTED&TRUSTED&NOT_VCN_MANAGED&NOT_BANDWIDTH_CONSTRAINED Uid: 10252 RequestorUid: 10252 RequestorPkg: com.izzes.nears UnderlyingNetworks: Null] ]
08-20 23:41:57.319   642   793 D OemPaidWifiNetworkFactory: got request NetworkRequest [ REQUEST id=500, [ Capabilities: INTERNET&NOT_RESTRICTED&TRUSTED&NOT_VCN_MANAGED&NOT_BANDWIDTH_CONSTRAINED Uid: 10252 RequestorUid: 10252 RequestorPkg: com.izzes.nears UnderlyingNetworks: Null] ]
08-20 23:41:57.319   642   793 D MultiInternetWifiNetworkFactory: got request NetworkRequest [ REQUEST id=500, [ Capabilities: INTERNET&NOT_RESTRICTED&TRUSTED&NOT_VCN_MANAGED&NOT_BANDWIDTH_CONSTRAINED Uid: 10252 RequestorUid: 10252 RequestorPkg: com.izzes.nears UnderlyingNetworks: Null] ]
08-20 23:41:57.319   642   799 D ConnectivityService: NetReassign [500 : null → 108] [c 0] [a 0] [i 1]
08-20 23:41:57.342   477   577 W skia    : AGTM parsing failed flags.readFromStream(s) at 159
08-20 23:41:57.343   477   577 W skia    : AGTM parsing failed flags.readFromStream(s) at 159
08-20 23:41:57.343   477   577 W skia    : AGTM parsing failed flags.readFromStream(s) at 159
08-20 23:41:57.346 12891 12891 I flutter : [INFO] msg="splash: deeplink resolved canRoute=true"
08-20 23:41:57.346 12891 12891 I flutter : [INFO] msg="splash: routing"
08-20 23:41:57.358 12891 12891 I flutter : [NET] GET endpoint=/api/v1/config
08-20 23:41:57.365 12891 12891 I flutter : [NET] GET endpoint=/api/v1/customer/info
08-20 23:41:57.366 12891 12891 I flutter : [NET] GET endpoint=/api/v1/customer/wallet/bonuses
08-20 23:41:57.366 12891 12891 I flutter : [NET] GET endpoint=/api/v1/customer/wallet/transactions
08-20 23:41:57.405 12891 12906 E com.facebook.GraphResponse: {HttpStatus: 400, errorCode: 190, subErrorCode: -1, errorType: OAuthException, errorMessage: Error validating application. Application has been deleted.}
08-20 23:41:57.443   477   577 W skia    : AGTM parsing failed flags.readFromStream(s) at 159
08-20 23:41:57.443   477   577 W skia    : AGTM parsing failed flags.readFromStream(s) at 159
08-20 23:41:57.443   477   577 W skia    : AGTM parsing failed flags.readFromStream(s) at 159
08-20 23:41:57.462   642   760 I ImeTracker: com.izzes.nears:5d06fc6b: onRequestHide at ORIGIN_SERVER reason HIDE_UNSPECIFIED_WINDOW fromUser false userId 0 displayId 0
08-20 23:41:57.462  1542  1542 I SubtypeOperator: SubtypeOperator$1.onUnbindInput():43 
08-20 23:41:57.463  1542  1542 I SubtypeOperator: SubtypeOperator$1.onBindInput():33 
08-20 23:41:57.463   642   655 D InputMethodManagerService: Attach new input but force hide
08-20 23:41:57.463   642   655 I ImeTracker: com.izzes.nears:3752dc3e: onRequestHide at ORIGIN_SERVER reason HIDE_SOFT_INPUT fromUser false userId 0 displayId 0
08-20 23:41:57.463   642   655 I ImeTracker: com.izzes.nears:3752dc3e: onCancelled at PHASE_SERVER_SHOULD_HIDE
08-20 23:41:57.463   642   655 W InputChannel-JNI: Channel already disposed.
08-20 23:41:57.464  1542  1542 I GoogleInputMethodService: GoogleInputMethodService.onFinishInput():2361 
08-20 23:41:57.464   642   710 I ImeTracker: system_server:3ae0e300: onRequestHide at ORIGIN_SERVER reason IME_REQUESTED_CHANGED_LISTENER fromUser false displayId 0
08-20 23:41:57.464   642   663 I ImeTracker: system_server:3ae0e300: onCancelled at PHASE_SERVER_SHOULD_HIDE
08-20 23:41:57.464  1542  1542 I GoogleInputMethodService: GoogleInputMethodService.onStartInput():1532 onStartInput(EditorInfo{EditorInfo{packageName=com.izzes.nears, inputType=0, inputTypeString=NULL, enableLearning=false, autoCorrection=false, autoComplete=false, imeOptions=0, privateImeOptions=null, actionName=UNSPECIFIED, actionLabel=null, initialSelStart=-1, initialSelEnd=-1, initialCapsMode=0, label=null, fieldId=0, fieldName=null, extras=null, hintText=null, hintLocales=[]}}, false)
08-20 23:41:57.464  1542  1542 I LatinIMEBase: LatinIMEBase.updateInputViewCoverNavigation():316 Update input view padding, isNavbarOverInputWindow=true, bottom inset=144
08-20 23:41:57.465  1542 12396 I Module  : DeviceLockedStatusModuleProvider$Module.updateDeviceLockedStatusInternal():119 repeatCheckTimes = 0, locked = false
08-20 23:41:57.465  1542 12396 I Module  : DeviceLockedStatusModuleProvider$Module.updateDeviceLockedStatusInternal():119 repeatCheckTimes = 1, locked = false
08-20 23:41:57.466   642   655 W PackageConfigPersister: App-specific configuration not found for packageName: com.izzes.nears and userId: 0
08-20 23:41:57.536  1043  1043 D BaseActivity: Launcher flags updated: [] -[state_started]
08-20 23:41:57.536  1043  1043 D BaseDepthController: setSurface:
08-20 23:41:57.536  1043  1043 D BaseDepthController: 	mWaitingOnSurfaceValidity: false
08-20 23:41:57.536  1043  1043 D BaseDepthController: 	mBaseSurface: null
08-20 23:41:57.536  1043  1043 D BaseDepthController: mSurface is null and mCurrentBlur is: 0
08-20 23:41:57.536  1043  1043 D LauncherStateManager: StateManager.goToState: fromState: Normal, toState: Normal, partial trace:
08-20 23:41:57.536  1043  1043 D LauncherStateManager: 	at com.android.launcher3.statemanager.StateManager.moveToRestState(go/retraceme 4b96215a9d9b4c1494121442fbf9d6e89857c91e1d76ddcc689701971259418a:26)
08-20 23:41:57.536  1043  1043 D LauncherStateManager: 	at com.android.launcher3.statemanager.StateManager.moveToRestState(go/retraceme 4b96215a9d9b4c1494121442fbf9d6e89857c91e1d76ddcc689701971259418a:35)
08-20 23:41:57.536  1043  1043 D LauncherStateManager: 	at com.android.launcher3.statemanager.StatefulActivity.onStop(go/retraceme 4b96215a9d9b4c1494121442fbf9d6e89857c91e1d76ddcc689701971259418a:31)
08-20 23:41:57.536  1043  1043 D LauncherStateManager: StateManager.onRepeatStateSetAborted: state: Normal
08-20 23:41:57.536  1043  1043 D KeyboardStateManager: hideKeyboard
08-20 23:41:57.536  1043  1043 D KeyboardStateManager: isImeShown: false
08-20 23:41:57.536  1043  1043 D StatsLog: LAUNCHER_ONSTOP
08-20 23:41:57.537  1043  1043 D StatsLog: LAUNCHER_GOOGLE_SEARCH_RESTORE_LIST_SIZE_AFTER_ACTIVITY_RESTART
08-20 23:41:57.541   519   552 W libbinder.IPCThreadState: Sending oneway calls to frozen process.
08-20 23:41:57.551  1043  1052 W System  : A resource failed to call release. 
08-20 23:41:57.551  1043  1052 W System  : A resource failed to call release. 
08-20 23:41:57.551  1043  1052 W System  : A resource failed to call release. 
08-20 23:41:57.551 12891 12891 D WindowOnBackDispatcher: setTopOnBackInvokedCallback (unwrapped): io.flutter.embedding.android.FlutterActivity$1@eb0a95c
08-20 23:41:57.552   642   655 D CoreBackPreview: Window{97c901c u0 com.izzes.nears/com.izzes.nears.MainActivity}: Setting back callback OnBackInvokedCallbackInfo{mCallback=android.window.IOnBackInvokedCallback$Stub$Proxy@84daf14, mPriority=0, mIsAnimationCallback=true, mOverrideBehavior=0}
08-20 23:41:57.552 12891 12891 I FLTFireBGExecutor: Creating background FlutterEngine instance, with args: []
08-20 23:41:57.557 12891 12987 W libc    : Access denied finding property "vendor.mesa.virtgpu.kumquat"
08-20 23:41:57.559   477   577 W skia    : AGTM parsing failed flags.readFromStream(s) at 159
08-20 23:41:57.559   477   577 W skia    : AGTM parsing failed flags.readFromStream(s) at 159
08-20 23:41:57.559   477   577 W skia    : AGTM parsing failed flags.readFromStream(s) at 159
08-20 23:41:57.561  1285 12681 I NearbySharing: Network state changed: NetworkState(isRestricted=false, isOnline=true, isCongested=false, isMetered=false, isWifiConnected=true)
08-20 23:41:57.564 12891 12987 I flutter : [IMPORTANT:flutter/shell/platform/android/android_context_gl_impeller.cc(104)] Using the Impeller rendering backend (OpenGLES).
08-20 23:41:57.566 12891 12988 W libc    : Access denied finding property "vendor.mesa.virtgpu.kumquat"
08-20 23:41:57.567 12891 12891 D FLTFireContextHolder: received application context.
08-20 23:41:57.602   894   902 W System  : A resource failed to call release. 
08-20 23:41:57.602   894   902 W System  : A resource failed to call release. 
08-20 23:41:57.602   894   902 W System  : A resource failed to call release. 
08-20 23:41:57.602   894   902 W System  : A resource failed to call release. 
08-20 23:41:57.602   894   902 W System  : A resource failed to call release. 
08-20 23:41:57.602   894   902 W System  : A resource failed to call release. 
08-20 23:41:57.602   894   902 W System  : A resource failed to call release. 
08-20 23:41:57.602   894   902 W System  : A resource failed to call release. 
08-20 23:41:57.602   894   902 W System  : A resource failed to call release. 
08-20 23:41:57.625 12891 12906 E com.facebook.GraphResponse: {HttpStatus: 400, errorCode: 190, subErrorCode: -1, errorType: OAuthException, errorMessage: Error validating application. Application has been deleted.}
08-20 23:41:57.647 12891 12907 E com.facebook.GraphResponse: {HttpStatus: 400, errorCode: 190, subErrorCode: -1, errorType: OAuthException, errorMessage: Error validating application. Application has been deleted.}
08-20 23:41:57.659   477   577 W skia    : AGTM parsing failed flags.readFromStream(s) at 159
08-20 23:41:57.659   477   577 W skia    : AGTM parsing failed flags.readFromStream(s) at 159
08-20 23:41:57.659   477   577 W skia    : AGTM parsing failed flags.readFromStream(s) at 159
08-20 23:41:57.760   477   577 W skia    : AGTM parsing failed flags.readFromStream(s) at 159
08-20 23:41:57.760   477   577 W skia    : AGTM parsing failed flags.readFromStream(s) at 159
08-20 23:41:57.797 12891 12891 D InsetsController: hide(ime())
08-20 23:41:57.797 12891 12891 I ImeTracker: com.izzes.nears:5d06fc6b: onCancelled at PHASE_CLIENT_ALREADY_HIDDEN
08-20 23:41:57.801 12891 12891 D FlutterGeolocator: Geolocator foreground service connected
08-20 23:41:57.801 12891 12891 D FlutterGeolocator: Initializing Geolocator services
08-20 23:41:57.801 12891 12891 D FlutterGeolocator: Flutter engine connected. Connected engine count 2
08-20 23:41:57.803 12891 12891 I FLTFireMsgService: FlutterFirebaseMessagingBackgroundService started!
08-20 23:41:57.817  1285 12681 I FusedLocation: stationary throttling disengaged [CONTEXT service_id=6 ]
08-20 23:41:57.819  1285 12990 I FusedOrientationManager: Registering orientation client. [CONTEXT service_id=6 ]
08-20 23:41:57.823  1285  2023 W Looper  : Looper already prepared for this thread with a different value for the LOOPER_PREPARE_ALLOW_NON_CALLBACKS option.
08-20 23:41:57.861   477   577 W skia    : AGTM parsing failed flags.readFromStream(s) at 159
08-20 23:41:57.861   477   577 W skia    : AGTM parsing failed flags.readFromStream(s) at 159
08-20 23:41:57.869 12891 12891 I flutter : [NET] endpoint=/api/v1/customer/wallet/bonuses http_status=200
08-20 23:41:57.954 12891 12891 I flutter : [NET] endpoint=/api/v1/customer/cart/list http_status=200
08-20 23:41:57.962   477   577 W skia    : AGTM parsing failed flags.readFromStream(s) at 159
08-20 23:41:57.962   477   577 W skia    : AGTM parsing failed flags.readFromStream(s) at 159
08-20 23:41:58.059 12891 12891 I flutter : [NET] endpoint=/api/v1/config http_status=200
08-20 23:41:58.065   477   577 W skia    : AGTM parsing failed flags.readFromStream(s) at 159
08-20 23:41:58.065   477   577 W skia    : AGTM parsing failed flags.readFromStream(s) at 159
08-20 23:41:58.071 12891 12891 I flutter : [INFO] msg="splash: deeplink resolved canRoute=true"
08-20 23:41:58.071 12891 12891 I flutter : [INFO] msg="splash: routing"
08-20 23:41:58.083 12891 12891 I flutter : [NET] GET endpoint=/api/v1/config/get-zone-id
08-20 23:41:58.084 12891 12891 I flutter : [NET] GET endpoint=/api/v1/module
08-20 23:41:58.094 12891 12891 I flutter : [INFO] msg="FCM registration id obtained"
08-20 23:41:58.095 12891 12891 I flutter : [NET] POST endpoint=/api/v1/customer/cm-firebase-token
08-20 23:41:58.145 12891 12891 I flutter : [NET] endpoint=/api/v1/customer/info http_status=200
08-20 23:41:58.163   477   577 W skia    : AGTM parsing failed flags.readFromStream(s) at 159
08-20 23:41:58.163   477   577 W skia    : AGTM parsing failed flags.readFromStream(s) at 159
08-20 23:41:58.229 12891 12891 I flutter : [NET] endpoint=/api/v1/customer/wallet/transactions http_status=200
08-20 23:41:58.263   477   577 W skia    : AGTM parsing failed flags.readFromStream(s) at 159
08-20 23:41:58.263   477   577 W skia    : AGTM parsing failed flags.readFromStream(s) at 159
08-20 23:41:58.370 12891 12891 I flutter : [NET] endpoint=/api/v1/module http_status=200
08-20 23:41:58.374   477   577 W skia    : AGTM parsing failed flags.readFromStream(s) at 159
08-20 23:41:58.374   477   577 W skia    : AGTM parsing failed flags.readFromStream(s) at 159
08-20 23:41:58.402 12891 12891 I flutter : [NET] endpoint=/api/v1/config/get-zone-id http_status=200
08-20 23:41:58.402 12891 12891 I flutter : [INFO] msg="location: inZone=true"
08-20 23:41:58.404 12891 12891 I flutter : 📊 analytics: sectors_shown {sectors_count: 3, zone_id: 1}
08-20 23:41:58.407 12891 12939 E FA      : Missing google_app_id. Firebase Analytics disabled. See https://goo.gl/NAOOOI
08-20 23:41:58.426 12891 12891 I flutter : [INFO] msg="route: initial route module=grocery-food"
08-20 23:41:58.426 12891 12891 I flutter : [INFO] msg="route: waiting for module=grocery-food"
08-20 23:41:58.427 12891 12891 I flutter : [INFO] msg="route: checkModuleId configNull=false hasAddress=true fromDeeplink=false"
08-20 23:41:58.427 12891 12891 I flutter : [INFO] msg="route: not from deeplink, skipping module fetch"
08-20 23:41:58.428 12891 12891 I flutter : [INFO] msg="route: module future state=ConnectionState.waiting hasData=false hasError=false"
08-20 23:41:58.440 12891 12891 I flutter : [INFO] msg="route: module future state=ConnectionState.done hasData=false hasError=false"
08-20 23:41:58.443 12891 12891 I flutter : [NET] GET endpoint=/api/v1/customer/order/running-orders
08-20 23:41:58.444 12891 12891 I flutter : [NET] GET endpoint=/api/v1/customer/order/payment-failed
08-20 23:41:58.470 12891 12891 I flutter : [INFO] msg="home load started"
08-20 23:41:58.474   477   577 W skia    : AGTM parsing failed flags.readFromStream(s) at 159
08-20 23:41:58.474   477   577 W skia    : AGTM parsing failed flags.readFromStream(s) at 159
08-20 23:41:58.475   642  1779 E TaskPersister: File error accessing recents directory (directory doesn't exist?).
08-20 23:41:58.509   432  5048 D android.hardware.audio@7.1-impl.ranchu: threadLoop: entering standby, frames: 5918720
08-20 23:41:58.509   432 12890 D android.hardware.audio@7.1-impl.ranchu: consumeThread: exiting
08-20 23:41:58.509   432  5048 D android.hardware.audio@7.1-impl.ranchu: ~TinyalsaSink: joining consumeThread
08-20 23:41:58.509   432  5048 D android.hardware.audio@7.1-impl.ranchu: ~TinyalsaSink: stopping PCM stream
08-20 23:41:58.513 12891 12891 I flutter : [NET] GET endpoint=/api/v1/config/get-zone-id
08-20 23:41:58.514 12891 12891 I flutter : [NET] endpoint=/api/v1/customer/cm-firebase-token http_status=200
08-20 23:41:58.591   477   577 W skia    : AGTM parsing failed flags.readFromStream(s) at 159
08-20 23:41:58.591   477   577 W skia    : AGTM parsing failed flags.readFromStream(s) at 159
08-20 23:41:58.692   477   577 W skia    : AGTM parsing failed flags.readFromStream(s) at 159
08-20 23:41:58.692   477   577 W skia    : AGTM parsing failed flags.readFromStream(s) at 159
08-20 23:41:58.792   477   577 W skia    : AGTM parsing failed flags.readFromStream(s) at 159
08-20 23:41:58.792   477   577 W skia    : AGTM parsing failed flags.readFromStream(s) at 159
08-20 23:41:58.893   477   577 W skia    : AGTM parsing failed flags.readFromStream(s) at 159
08-20 23:41:58.893   477   577 W skia    : AGTM parsing failed flags.readFromStream(s) at 159
08-20 23:41:58.910 12891 12891 I flutter : [NET] endpoint=/api/v1/config/get-zone-id http_status=200
08-20 23:41:58.910 12891 12891 I flutter : [INFO] msg="location: inZone=true"
08-20 23:41:58.913 12891 12891 I flutter : [NET] GET endpoint=/api/v1/customer/info
08-20 23:41:58.993   477   577 W skia    : AGTM parsing failed flags.readFromStream(s) at 159
08-20 23:41:58.993   477   577 W skia    : AGTM parsing failed flags.readFromStream(s) at 159
08-20 23:41:59.093   477   577 W skia    : AGTM parsing failed flags.readFromStream(s) at 159
08-20 23:41:59.093   477   577 W skia    : AGTM parsing failed flags.readFromStream(s) at 159
08-20 23:41:59.136 12891 12891 I flutter : [NET] endpoint=/api/v1/customer/order/running-orders http_status=200
08-20 23:41:59.194   477   577 W skia    : AGTM parsing failed flags.readFromStream(s) at 159
08-20 23:41:59.194   477   577 W skia    : AGTM parsing failed flags.readFromStream(s) at 159
08-20 23:41:59.222 12891 12891 I flutter : [NET] endpoint=/api/v1/customer/order/payment-failed http_status=200
08-20 23:41:59.294   477   577 W skia    : AGTM parsing failed flags.readFromStream(s) at 159
08-20 23:41:59.294   477   577 W skia    : AGTM parsing failed flags.readFromStream(s) at 159
08-20 23:41:59.313 12891 12891 I flutter : [NET] endpoint=/api/v1/customer/info http_status=200
08-20 23:41:59.313 12891 12891 I flutter : [NET] GET endpoint=/api/v1/customer/notifications
08-20 23:41:59.314 12891 12891 I flutter : [NET] GET endpoint=/api/v1/coupon/list
08-20 23:41:59.315 12891 12891 I flutter : [NET] GET endpoint=/api/v1/banners
08-20 23:41:59.317 12891 12891 I flutter : [NET] GET endpoint=/api/v1/customer/address/list
08-20 23:41:59.319 12891 12891 I flutter : [NET] GET endpoint=/api/v1/module
08-20 23:41:59.322 12891 12891 I flutter : [NET] GET endpoint=/api/v1/stores/get-stores/all
08-20 23:41:59.394   477   577 W skia    : AGTM parsing failed flags.readFromStream(s) at 159
08-20 23:41:59.394   477   577 W skia    : AGTM parsing failed flags.readFromStream(s) at 159
08-20 23:41:59.495   477   577 W skia    : AGTM parsing failed flags.readFromStream(s) at 159
08-20 23:41:59.495   477   577 W skia    : AGTM parsing failed flags.readFromStream(s) at 159
08-20 23:41:59.595   477   577 W skia    : AGTM parsing failed flags.readFromStream(s) at 159
08-20 23:41:59.595   477   577 W skia    : AGTM parsing failed flags.readFromStream(s) at 159
08-20 23:41:59.676 12891 12891 I flutter : [NET] endpoint=/api/v1/stores/get-stores/all http_status=200
08-20 23:41:59.696   477   577 W skia    : AGTM parsing failed flags.readFromStream(s) at 159
08-20 23:41:59.696   477   577 W skia    : AGTM parsing failed flags.readFromStream(s) at 159
08-20 23:41:59.758 12891 12891 I flutter : [NET] endpoint=/api/v1/customer/notifications http_status=200
08-20 23:41:59.796   477   577 W skia    : AGTM parsing failed flags.readFromStream(s) at 159
08-20 23:41:59.796   477   577 W skia    : AGTM parsing failed flags.readFromStream(s) at 159
08-20 23:41:59.897   477   577 W skia    : AGTM parsing failed flags.readFromStream(s) at 159
08-20 23:41:59.897   477   577 W skia    : AGTM parsing failed flags.readFromStream(s) at 159
08-20 23:41:59.920 12891 12891 I flutter : [NET] endpoint=/api/v1/banners http_status=200
08-20 23:41:59.997   477   577 W skia    : AGTM parsing failed flags.readFromStream(s) at 159
08-20 23:41:59.997   477   577 W skia    : AGTM parsing failed flags.readFromStream(s) at 159
08-20 23:42:00.010 12891 12891 I flutter : [NET] endpoint=/api/v1/coupon/list http_status=200
08-20 23:42:00.033   642   668 W libbinder.IPCThreadState: Sending oneway calls to frozen process.
08-20 23:42:00.033   642   668 W libbinder.IPCThreadState: Sending oneway calls to frozen process.
08-20 23:42:00.060   642   793 I HalDevMgr: bestIfaceCreationProposal is null, requestIface=STA, existingIface=[name=wlan0 type=STA]
08-20 23:42:00.098   477   577 W skia    : AGTM parsing failed flags.readFromStream(s) at 159
08-20 23:42:00.098   477   577 W skia    : AGTM parsing failed flags.readFromStream(s) at 159
08-20 23:42:00.099 12891 12891 I flutter : [NET] endpoint=/api/v1/customer/address/list http_status=200
08-20 23:42:00.194 12891 12891 I flutter : [NET] endpoint=/api/v1/module http_status=200
08-20 23:42:00.198   477   577 W skia    : AGTM parsing failed flags.readFromStream(s) at 159
08-20 23:42:00.198   477   577 W skia    : AGTM parsing failed flags.readFromStream(s) at 159
08-20 23:42:00.299   477   577 W skia    : AGTM parsing failed flags.readFromStream(s) at 159
08-20 23:42:00.299   477   577 W skia    : AGTM parsing failed flags.readFromStream(s) at 159
08-20 23:42:00.401   477   577 W skia    : AGTM parsing failed flags.readFromStream(s) at 159
08-20 23:42:00.401   477   577 W skia    : AGTM parsing failed flags.readFromStream(s) at 159
08-20 23:42:00.508   477   577 W skia    : AGTM parsing failed flags.readFromStream(s) at 159
08-20 23:42:00.508   477   577 W skia    : AGTM parsing failed flags.readFromStream(s) at 159
08-20 23:42:00.608   477   577 W skia    : AGTM parsing failed flags.readFromStream(s) at 159
08-20 23:42:00.608   477   577 W skia    : AGTM parsing failed flags.readFromStream(s) at 159
08-20 23:42:00.708   477   577 W skia    : AGTM parsing failed flags.readFromStream(s) at 159
08-20 23:42:00.709   477   577 W skia    : AGTM parsing failed flags.readFromStream(s) at 159
08-20 23:42:00.808   477   577 W skia    : AGTM parsing failed flags.readFromStream(s) at 159
08-20 23:42:00.809   477   577 W skia    : AGTM parsing failed flags.readFromStream(s) at 159
08-20 23:42:00.834 12891 13000 D ProfileInstaller: Installing profile for com.izzes.nears
08-20 23:42:00.909   477   577 W skia    : AGTM parsing failed flags.readFromStream(s) at 159
08-20 23:42:00.909   477   577 W skia    : AGTM parsing failed flags.readFromStream(s) at 159
08-20 23:42:01.010   477   577 W skia    : AGTM parsing failed flags.readFromStream(s) at 159
08-20 23:42:01.010   477   577 W skia    : AGTM parsing failed flags.readFromStream(s) at 159
08-20 23:42:01.052   642   729 D ActivityManager: sync unfroze 5623 com.google.android.apps.photos for 6
08-20 23:42:01.074   642   668 W libbinder.IPCThreadState: Sending oneway calls to frozen process.
08-20 23:42:01.083   642   655 W JobScheduler: Job didn't exist in JobStore: 49d9b90 #u0a171/1034 com.google.android.apps.photos/com.google.android.libraries.social.mediamonitor.MediaMonitorJobSchedulerService
08-20 23:42:01.087   642   869 W UriGrantsManagerService: No permission grants found for com.google.android.apps.photos
08-20 23:42:01.087   642   869 W UriGrantsManagerService: No permission grants found for com.google.android.apps.photos
08-20 23:42:01.099   642   869 W UriGrantsManagerService: No permission grants found for com.google.android.apps.photos
08-20 23:42:01.100   642   655 W UriGrantsManagerService: No permission grants found for com.google.android.apps.photos
08-20 23:42:01.102   642   655 W UriGrantsManagerService: No permission grants found for com.google.android.apps.photos
08-20 23:42:01.102   642   655 W UriGrantsManagerService: No permission grants found for com.google.android.apps.photos
08-20 23:42:01.114   477   577 W skia    : AGTM parsing failed flags.readFromStream(s) at 159
08-20 23:42:01.114   477   577 W skia    : AGTM parsing failed flags.readFromStream(s) at 159
08-20 23:42:01.215   477   577 W skia    : AGTM parsing failed flags.readFromStream(s) at 159
08-20 23:42:01.215   477   577 W skia    : AGTM parsing failed flags.readFromStream(s) at 159
08-20 23:42:01.315   477   577 W skia    : AGTM parsing failed flags.readFromStream(s) at 159
08-20 23:42:01.315   477   577 W skia    : AGTM parsing failed flags.readFromStream(s) at 159
08-20 23:42:01.341   642   710 D TelephonyManager: requestModemActivityInfo: Sending result to app: ModemActivityInfo{ mTimestamp=9357278 mSleepTimeMs=1134 mIdleTimeMs=378 mActivityStatsTechSpecificInfo=[{mRat=UNKNOWN,mFrequencyRange=UNKNOWN,mTxTimeMs[]=[27, 81, 162, 216, 243],mRxTimeMs=243}]}
08-20 23:42:01.416   477   577 W skia    : AGTM parsing failed flags.readFromStream(s) at 159
08-20 23:42:01.416   477   577 W skia    : AGTM parsing failed flags.readFromStream(s) at 159
08-20 23:42:01.516   477   577 W skia    : AGTM parsing failed flags.readFromStream(s) at 159
08-20 23:42:01.516   477   577 W skia    : AGTM parsing failed flags.readFromStream(s) at 159
08-20 23:42:01.584  1285  2023 I FusedLocation: (REDACTED) location delivery to %s blocked - too close
08-20 23:42:01.584  1285  2023 I FusedLocation: (REDACTED) location delivery to %s blocked - too close
08-20 23:42:01.584  1285  2023 I FusedLocation: (REDACTED) location delivery to %s blocked - too close
08-20 23:42:01.587  1285  8038 I FusedLocation: (REDACTED) stationary throttling engaged @%s
08-20 23:42:01.587  1285  8038 I FusedOrientationManager: Unregistering orientation client. [CONTEXT service_id=6 ]
08-20 23:42:01.588 12891 12891 I flutter : [INFO] msg="location: within 1km of selected address: true"
08-20 23:42:01.588 12891 12891 I flutter : [INFO] msg="splash: location prefetch completed"
08-20 23:42:01.592   642   660 W AlarmManager: Unrecognized alarm listener com.android.server.location.gnss.GnssLocationProvider$$ExternalSyntheticLambda14@1f94afb
08-20 23:42:01.592   642   660 W AlarmManager: Unrecognized alarm listener com.android.server.location.gnss.GnssLocationProvider$$ExternalSyntheticLambda13@51f9718
08-20 23:42:01.618   477   577 W skia    : AGTM parsing failed flags.readFromStream(s) at 159
08-20 23:42:01.618   477   577 W skia    : AGTM parsing failed flags.readFromStream(s) at 159
08-20 23:42:01.704   479   479 I adbd    : adbd service requested 'shell,v2,TERM=xterm-256color,raw:uiautomator dump /sdcard/uinav-7fcfe82334ff4f288db8c43e43cb321c.xml'
08-20 23:42:01.725   477   577 W skia    : AGTM parsing failed flags.readFromStream(s) at 159
08-20 23:42:01.725   477   577 W skia    : AGTM parsing failed flags.readFromStream(s) at 159
08-20 23:42:01.736 13003 13003 D AndroidRuntime: >>>>>> START com.android.internal.os.RuntimeInit uid 2000 <<<<<<
08-20 23:42:01.737 13003 13003 I AndroidRuntime: Using default boot image
08-20 23:42:01.737 13003 13003 I AndroidRuntime: Leaving lock profiling enabled
08-20 23:42:01.738 13003 13003 I app_process: Core platform API enforcement enabled from the hiddenapi_platform_enforcement flag and the device API level
08-20 23:42:01.738 13003 13003 I app_process: Using generational CollectorTypeCMC GC.
08-20 23:42:01.758 13003 13003 D nativeloader: InitDefaultPublicLibraries for_preload=1: libandroid.so:libaaudio.so:libamidi.so:libbinder_ndk.so:libc.so:libcamera2ndk.so:libdl.so:libEGL.so:libGLESv1_CM.so:libGLESv2.so:libGLESv3.so:libicu.so:libicui18n.so:libicuuc.so:libjnigraphics.so:liblog.so:libmediandk.so:libm.so:libnativehelper.so:libnativewindow.so:libOpenMAXAL.so:libOpenSLES.so:libRS.so:libstdc++.so:libsync.so:libvulkan.so:libwebviewchromium_plat_support.so:libz.so
08-20 23:42:01.761 13003 13003 D nativeloader: Load libicu_jni.so using APEX ns com_android_art for caller /apex/com.android.art/javalib/core-oj.jar: ok
08-20 23:42:01.761 13003 13003 D app_process: u_setTimeZoneFilesDirectory("/apex/com.android.tzdata/etc/tz/versioned/10/icu") succeeded. 
08-20 23:42:01.761 13003 13003 D app_process: I18n APEX ICU file found: /apex/com.android.i18n/etc/icu/icudt78l.dat
08-20 23:42:01.761 13003 13003 D nativeloader: Load libjavacore.so using APEX ns com_android_art for caller /apex/com.android.art/javalib/core-oj.jar: ok
08-20 23:42:01.761 13003 13003 D nativeloader: Load libopenjdk.so using APEX ns com_android_art for caller /apex/com.android.art/javalib/core-oj.jar: ok
08-20 23:42:01.762 13003 13003 I app_process: Priority-to-niceness mapping: 19, 16, 13, 10, 0, -2, -4, -5, -6, -8
08-20 23:42:01.762 13003 13003 W app_process: ClassLoaderContext shared library size mismatch. Expected=2, found=0 (PCL[]{PCL[/system/framework/android.test.base.jar*736588042]#PCL[/system/framework/android.test.mock.jar*4008448454]} | PCL[])
08-20 23:42:01.762 13003 13003 W app_process: ClassLoaderContext classpath size mismatch. expected=0, found=1 (PCL[]{PCL[/system/framework/android.test.runner.jar*805256125]{PCL[/system/framework/android.test.base.jar*736588042]#PCL[/system/framework/android.test.mock.jar*4008448454]}#PCL[/system/framework/android.test.base.jar*736588042]} | PCL[/system/framework/android.test.runner.jar*805256125])
08-20 23:42:01.769 13003 13003 D nativeloader: Load libframework-connectivity-tiramisu-jni.so using APEX ns com_android_tethering for caller /apex/com.android.tethering/javalib/framework-connectivity-t.jar: ok
08-20 23:42:01.769 13003 13003 D AndroidRuntime: Calling main entry com.android.commands.uiautomator.Launcher
08-20 23:42:01.770 13003 13003 I AconfigPackage: android.media.swcodec.flags is mapped to com.android.media.swcodec
08-20 23:42:01.770 13003 13003 I AconfigPackage: com.android.permission.flags is mapped to com.android.permission
08-20 23:42:01.770 13003 13003 I AconfigPackage: com.android.permissioncontroller.flags is mapped to com.android.permission
08-20 23:42:01.770 13003 13003 I AconfigPackage: com.google.android.widevine.flags is mapped to com.google.android.widevine
08-20 23:42:01.770 13003 13003 I AconfigPackage: com.android.icu is mapped to com.android.i18n
08-20 23:42:01.770 13003 13003 I AconfigPackage: com.android.appsearch.flags is mapped to com.android.appsearch
08-20 23:42:01.770 13003 13003 I AconfigPackage: com.android.uprobestats.flags is mapped to com.android.uprobestats
08-20 23:42:01.770 13003 13003 I AconfigPackage: android.uprobestats.mainline.flags is mapped to com.android.uprobestats
08-20 23:42:01.770 13003 13003 I AconfigPackage: com.android.crashrecovery.flags is mapped to com.android.crashrecovery
08-20 23:42:01.770 13003 13003 I AconfigPackage: android.provider.flags is mapped to com.android.configinfrastructure
08-20 23:42:01.770 13003 13003 I AconfigPackage: com.android.server.deviceconfig is mapped to com.android.configinfrastructure
08-20 23:42:01.770 13003 13003 I AconfigPackage: com.android.art.flags is mapped to com.android.art
08-20 23:42:01.770 13003 13003 I AconfigPackage: com.android.art.rw.flags is mapped to com.android.art
08-20 23:42:01.770 13003 13003 I AconfigPackage: com.android.libcore is mapped to com.android.art
08-20 23:42:01.770 13003 13003 I AconfigPackage: android.telecom.flags is mapped to com.android.telephonycore
08-20 23:42:01.770 13003 13003 I AconfigPackage: com.android.internal.telecom.flags is mapped to com.android.telephonycore
08-20 23:42:01.770 13003 13003 I AconfigPackage: com.android.telephony.flags is mapped to com.android.telephonycore
08-20 23:42:01.771 13003 13003 I AconfigPackage: com.android.media.extractor.flags is mapped to com.android.media
08-20 23:42:01.771 13003 13003 I AconfigPackage: com.android.media.metrics.flags is mapped to com.android.media
08-20 23:42:01.771 13003 13003 I AconfigPackage: com.android.media.mainline.flags is mapped to com.android.media
08-20 23:42:01.771 13003 13003 I AconfigPackage: com.android.wifi.flags is mapped to com.android.wifi
08-20 23:42:01.771 13003 13003 I AconfigPackage: com.android.org.conscrypt.flags is mapped to com.android.conscrypt
08-20 23:42:01.771 13003 13003 I AconfigPackage: com.android.org.conscrypt.net.flags is mapped to com.android.conscrypt
08-20 23:42:01.771 13003 13003 I AconfigPackage: com.android.healthfitness.flags is mapped to com.android.healthfitness
08-20 23:42:01.771 13003 13003 I AconfigPackage: com.android.ipsec.flags is mapped to com.android.ipsec
08-20 23:42:01.771 13003 13003 I AconfigPackage: com.android.nfc.module.flags is mapped to com.android.nfcservices
08-20 23:42:01.771 13003 13003 I AconfigPackage: com.android.nfc.module.nonexported.flags is mapped to com.android.nfcservices
08-20 23:42:01.771 13003 13003 I AconfigPackage: com.android.adservices.ondevicepersonalization.flags is mapped to com.android.ondevicepersonalization
08-20 23:42:01.771 13003 13003 I AconfigPackage: com.android.adbd.flags is mapped to com.android.adbd
08-20 23:42:01.771 13003 13003 I AconfigPackage: com.android.bluetooth.beta.flags is mapped to com.android.bt
08-20 23:42:01.771 13003 13003 I AconfigPackage: com.android.bluetooth.flags is mapped to com.android.bt
08-20 23:42:01.771 13003 13003 I AconfigPackage: com.android.devicelock.flags is mapped to com.android.devicelock
08-20 23:42:01.771 13003 13003 I AconfigPackage: android.os.profiling is mapped to com.android.profiling
08-20 23:42:01.771 13003 13003 I AconfigPackage: android.os.profiling.anomaly.flags is mapped to com.android.profiling
08-20 23:42:01.771 13003 13003 I AconfigPackage: com.android.os.statsd.flags is mapped to com.android.os.statsd
08-20 23:42:01.771 13003 13003 I AconfigPackage: com.android.webapp.flags is mapped to com.android.webapp
08-20 23:42:01.771 13003 13003 I AconfigPackage: com.android.rkpd.flags is mapped to com.android.rkpd
08-20 23:42:01.771 13003 13003 I AconfigPackage: com.android.cellbroadcastreceiver.flags is mapped to com.android.cellbroadcast
08-20 23:42:01.771 13003 13003 I AconfigPackage: com.android.adservices.flags is mapped to com.android.adservices
08-20 23:42:01.771 13003 13003 I AconfigPackage: com.android.sdksandbox.flags is mapped to com.android.adservices
08-20 23:42:01.771 13003 13003 I AconfigPackage: android.app.sdksandbox.flags is mapped to com.android.adservices
08-20 23:42:01.771 13003 13003 I AconfigPackage: com.android.uwb.flags is mapped to com.android.uwb
08-20 23:42:01.771 13003 13003 I AconfigPackage: com.android.ranging.flags is mapped to com.android.uwb
08-20 23:42:01.771 13003 13003 I AconfigPackage: com.android.npumanager is mapped to com.android.npumanager
08-20 23:42:01.771 13003 13003 I AconfigPackage: android.graphics.pdf.flags is mapped to com.android.mediaprovider
08-20 23:42:01.771 13003 13003 I AconfigPackage: com.android.providers.media.flags is mapped to com.android.mediaprovider
08-20 23:42:01.771 13003 13003 I AconfigPackage: android.graphics.pdf.flags.readonly is mapped to com.android.mediaprovider
08-20 23:42:01.771 13003 13003 I AconfigPackage: com.android.tethering.mainline.beta is mapped to com.android.tethering
08-20 23:42:01.771 13003 13003 I AconfigPackage: android.net.http is mapped to com.android.tethering
08-20 23:42:01.771 13003 13003 I AconfigPackage: com.android.tethering.readonly.flags is mapped to com.android.tethering
08-20 23:42:01.771 13003 13003 I AconfigPackage: android.net.vcn is mapped to com.android.tethering
08-20 23:42:01.771 13003 13003 I AconfigPackage: com.android.net.flags is mapped to com.android.tethering
08-20 23:42:01.771 13003 13003 I AconfigPackage: com.android.tethering.flags is mapped to com.android.tethering
08-20 23:42:01.771 13003 13003 I AconfigPackage: com.android.tethering.beta.test is mapped to com.android.tethering
08-20 23:42:01.771 13003 13003 I AconfigPackage: com.android.nearby.flags is mapped to com.android.tethering
08-20 23:42:01.771 13003 13003 I AconfigPackage: com.android.net.thread.flags is mapped to com.android.tethering
08-20 23:42:01.771 13003 13003 I AconfigPackage: com.android.net.ct.flags is mapped to com.android.tethering
08-20 23:42:01.771 13003 13003 I AconfigPackage: com.android.system.virtualmachine.flags is mapped to com.android.virt
08-20 23:42:01.771 13003 13003 E FeatureFlagsImplExport: android.os.flagging.AconfigStorageReadException: ERROR_PACKAGE_NOT_FOUND: package android.xr cannot be found on the device
08-20 23:42:01.772 13003 13003 D UiAutomationConnection: Created on user UserHandle{0}
08-20 23:42:01.772 13003 13003 I UiAutomation: Initialized for user 0 on display 0
08-20 23:42:01.772 13003 13003 W UiAutomation: Created with deprecatead constructor, assumes DEFAULT_DISPLAY
08-20 23:42:01.775   642   655 D AccessibilityManagerService: changeCurrentUserForTestAutomationIfNeededLocked(0): ignoring because device doesn't support visible background users
08-20 23:42:01.775   642   655 I UiAutomationManager: Registering UiTestAutomationService (id=com.android.server.accessibility/UiAutomation, flags=0x0) when called by user 0
08-20 23:42:01.775   642   655 V AccessibilityManagerService: onUserStateChangedLocked for userId: 0, forceUpdate: false
08-20 23:42:01.775   642   655 V AccessibilityUserState: updateShortcutTargets: type:accessibility_shortcut_target_service, current:{}, new:{}
08-20 23:42:01.775   642   655 V AccessibilityUserState: updateShortcutTargets: type:accessibility_button_targets, current:{}, new:{}
08-20 23:42:01.775   642   655 V AccessibilityUserState: updateShortcutTargets: type:accessibility_gesture_targets, current:{}, new:{}
08-20 23:42:01.775   642   655 V AccessibilityUserState: updateShortcutTargets: type:accessibility_qs_targets, current:{}, new:{}
08-20 23:42:01.775   642   655 V AccessibilityUserState: updateShortcutTargets: type:accessibility_key_gesture_targets, current:{}, new:{}
08-20 23:42:01.775   642   655 V AccessibilityUserState: updateShortcutTargets: type:accessibility_top_row_key_targets, current:{}, new:{}
08-20 23:42:01.775   642   655 V AccessibilityUserState: updateShortcutTargets: type:accessibility_quick_access_targets, current:{}, new:{}
08-20 23:42:01.775   642   655 W MagnificationConnectionManager: requestConnection duplicated request: connect=false, mConnectionState=DISCONNECTED
08-20 23:42:01.776  1655  2190 I AiAiEcho: Settings changed for uri: content://settings/secure/accessibility_enabled
08-20 23:42:01.776  1655  1820 I AiAiEcho: Predicting[0]:  [CONTEXT sampling_count=5 ]
08-20 23:42:01.776  1655  1820 I AiAiEcho: EchoTargets: 
08-20 23:42:01.776  1655  1820 I AiAiEcho: Filtered by AiAi flag check: 
08-20 23:42:01.776  1655  1820 I AiAiEcho: [CONTEXT ratelimit_period="10 SECONDS" ]
08-20 23:42:01.776  1655  1820 I AiAiEcho: #remoteViewsTwiddler: feature disabled.
08-20 23:42:01.776  1655  1820 I AiAiEcho: Predicting[0]:  [CONTEXT sampling_count=5 ]
08-20 23:42:01.776  1655  1820 I AiAiEcho: EchoTargets: 
08-20 23:42:01.776  1655  1820 I AiAiEcho: Filtered by AiAi flag check: 
08-20 23:42:01.776  1655  1820 I AiAiEcho: [CONTEXT ratelimit_period="10 SECONDS" ]
08-20 23:42:01.776  1655  1820 I AiAiEcho: #remoteViewsTwiddler: feature disabled.
08-20 23:42:01.776  1655  1820 I AiAiEcho: Predicting[0]:  [CONTEXT sampling_count=5 ]
08-20 23:42:01.776  1655  1820 I AiAiEcho: EchoTargets: 
08-20 23:42:01.776  1655  1820 I AiAiEcho: Filtered by AiAi flag check: 
08-20 23:42:01.776  1655  1820 I AiAiEcho: [CONTEXT ratelimit_period="10 SECONDS" ]
08-20 23:42:01.776  1655  1820 I AiAiEcho: #remoteViewsTwiddler: feature disabled.
08-20 23:42:01.776  1655  1820 I AiAiEcho: #postPredictionTargets: Sending updates to UISurface lockscreen with targets# 0 (types=[])
08-20 23:42:01.776   642   642 W libbinder.IPCThreadState: Sending oneway calls to frozen process.
08-20 23:42:01.776   642   642 W libbinder.IPCThreadState: Sending oneway calls to frozen process.
08-20 23:42:01.776  1655  1820 I AiAiEcho: #postPredictionTargets: Sending updates to UISurface ambientcue with targets# 0 (types=[])
08-20 23:42:01.776   642   642 W libbinder.IPCThreadState: Sending oneway calls to frozen process.
08-20 23:42:01.776   894  1154 I AmbientCueRepository: Receiving SmartSpace targets # 0
08-20 23:42:01.776  1655  1820 I AiAiEcho: #postPredictionTargets: Sending updates to UISurface home with targets# 0 (types=[])
08-20 23:42:01.776   642   642 W libbinder.IPCThreadState: Sending oneway calls to frozen process.
08-20 23:42:01.777   642   642 W libbinder.IPCThreadState: Sending oneway calls to frozen process.
08-20 23:42:01.777   642   642 W libbinder.IPCThreadState: Sending oneway calls to frozen process.
08-20 23:42:01.777   642   642 W libbinder.IPCThreadState: Sending oneway calls to frozen process.
08-20 23:42:01.777   642   642 W libbinder.IPCThreadState: Sending oneway calls to frozen process.
08-20 23:42:01.777   642   642 W libbinder.IPCThreadState: Sending oneway calls to frozen process.
08-20 23:42:01.777   642   642 W libbinder.IPCThreadState: Sending oneway calls to frozen process.
08-20 23:42:01.777   642   642 W libbinder.IPCThreadState: Sending oneway calls to frozen process.
08-20 23:42:01.777   642   642 W libbinder.IPCThreadState: Sending oneway calls to frozen process.
08-20 23:42:01.777   642   655 V AccessibilityManagerService: onUserStateChangedLocked for userId: 0, forceUpdate: false
08-20 23:42:01.777   642   642 D BatterySaverPolicy: accessibility changed to true, updating policy.
08-20 23:42:01.777   642   655 V AccessibilityUserState: updateShortcutTargets: type:accessibility_shortcut_target_service, current:{}, new:{}
08-20 23:42:01.777   642   655 V AccessibilityUserState: updateShortcutTargets: type:accessibility_button_targets, current:{}, new:{}
08-20 23:42:01.777   642   655 V AccessibilityUserState: updateShortcutTargets: type:accessibility_gesture_targets, current:{}, new:{}
08-20 23:42:01.777   642   655 V AccessibilityUserState: updateShortcutTargets: type:accessibility_qs_targets, current:{}, new:{}
08-20 23:42:01.777   642   655 V AccessibilityUserState: updateShortcutTargets: type:accessibility_key_gesture_targets, current:{}, new:{}
08-20 23:42:01.777   642   655 V AccessibilityUserState: updateShortcutTargets: type:accessibility_top_row_key_targets, current:{}, new:{}
08-20 23:42:01.777   642   655 V AccessibilityUserState: updateShortcutTargets: type:accessibility_quick_access_targets, current:{}, new:{}
08-20 23:42:01.777   642   655 W MagnificationConnectionManager: requestConnection duplicated request: connect=false, mConnectionState=DISCONNECTED
08-20 23:42:01.777  1655  2190 I AiAiEcho: Settings changed for uri: content://settings/secure/accessibility_enabled
08-20 23:42:01.778   642   642 W libbinder.IPCThreadState: Sending oneway calls to frozen process.
08-20 23:42:01.778   642   642 W libbinder.IPCThreadState: Sending oneway calls to frozen process.
08-20 23:42:01.778   642   642 W libbinder.IPCThreadState: Sending oneway calls to frozen process.
08-20 23:42:01.778   642   642 W libbinder.IPCThreadState: Sending oneway calls to frozen process.
08-20 23:42:01.778   642   642 W libbinder.IPCThreadState: Sending oneway calls to frozen process.
08-20 23:42:01.778   642   642 W libbinder.IPCThreadState: Sending oneway calls to frozen process.
08-20 23:42:01.778   642   642 W libbinder.IPCThreadState: Sending oneway calls to frozen process.
08-20 23:42:01.778  1655  1820 I AiAiEcho: Predicting[0]:  [CONTEXT sampling_count=5 ]
08-20 23:42:01.778  1655  1820 I AiAiEcho: EchoTargets: 
08-20 23:42:01.778  1655  1820 I AiAiEcho: Filtered by AiAi flag check: 
08-20 23:42:01.778  1655  1820 I AiAiEcho: [CONTEXT ratelimit_period="10 SECONDS" ]
08-20 23:42:01.778  1655  1820 I AiAiEcho: #remoteViewsTwiddler: feature disabled.
08-20 23:42:01.778  1655  1820 I AiAiEcho: Predicting[0]:  [CONTEXT sampling_count=5 ]
08-20 23:42:01.778  1655  1820 I AiAiEcho: EchoTargets: 
08-20 23:42:01.778  1655  1820 I AiAiEcho: Filtered by AiAi flag check: 
08-20 23:42:01.778  1655  1820 I AiAiEcho: [CONTEXT ratelimit_period="10 SECONDS" ]
08-20 23:42:01.778  1655  1820 I AiAiEcho: #remoteViewsTwiddler: feature disabled.
08-20 23:42:01.778  1655  1820 I AiAiEcho: Predicting[0]:  [CONTEXT sampling_count=5 ]
08-20 23:42:01.778  1655  1820 I AiAiEcho: EchoTargets: 
08-20 23:42:01.778  1655  1820 I AiAiEcho: Filtered by AiAi flag check: 
08-20 23:42:01.778  1655  1820 I AiAiEcho: [CONTEXT ratelimit_period="10 SECONDS" ]
08-20 23:42:01.778  1655  1820 I AiAiEcho: #remoteViewsTwiddler: feature disabled.
08-20 23:42:01.778  1655  1820 I AiAiEcho: #postPredictionTargets: Sending updates to UISurface lockscreen with targets# 0 (types=[])
08-20 23:42:01.778  1655  1820 I AiAiEcho: #postPredictionTargets: Sending updates to UISurface ambientcue with targets# 0 (types=[])
08-20 23:42:01.778   642   642 W libbinder.IPCThreadState: Sending oneway calls to frozen process.
08-20 23:42:01.778  1655  1820 I AiAiEcho: #postPredictionTargets: Sending updates to UISurface home with targets# 0 (types=[])
08-20 23:42:01.778   894  1154 I AmbientCueRepository: Receiving SmartSpace targets # 0
08-20 23:42:01.779   642  1932 D AccessibilityManagerService: .getAccessibilityShortcutTargets {shortcutType=32, userId=0}
08-20 23:42:01.825   477   577 W skia    : AGTM parsing failed flags.readFromStream(s) at 159
08-20 23:42:01.825   477   577 W skia    : AGTM parsing failed flags.readFromStream(s) at 159
08-20 23:42:01.926   477   577 W skia    : AGTM parsing failed flags.readFromStream(s) at 159
08-20 23:42:01.926   477   577 W skia    : AGTM parsing failed flags.readFromStream(s) at 159
08-20 23:42:02.026   477   577 W skia    : AGTM parsing failed flags.readFromStream(s) at 159
08-20 23:42:02.026   477   577 W skia    : AGTM parsing failed flags.readFromStream(s) at 159
08-20 23:42:02.126   477   577 W skia    : AGTM parsing failed flags.readFromStream(s) at 159
08-20 23:42:02.126   477   577 W skia    : AGTM parsing failed flags.readFromStream(s) at 159
08-20 23:42:02.211  1028  1186 D SatelliteController: isInCarrierRoamingNbIotNtn: satellite is disabled
08-20 23:42:02.211  1028  1186 D SatelliteController: getCarrierRoamingNtnConnectType: Checking connect type from PLMN config for subId: 1
08-20 23:42:02.211  1028  1186 D TelephonyConfigUpdateInstallReceiver: getConfigParser: domain=satellite
08-20 23:42:02.211  1028  1186 V SatelliteController: satelliteConfigParser is not ready
08-20 23:42:02.211  1028  1186 D SatelliteController: isSatelliteAttachSupportedViaConfigupdater: return null (satelliteConfig is null)
08-20 23:42:02.212  1028  1186 D SatelliteController: getSatellitePerPlmnConfiguration: invalid subId or not supported via carrier.
08-20 23:42:02.212  1028  1186 D SatelliteController: getCarrierRoamingNtnConnectType: config: null
08-20 23:42:02.212  1028  1186 D TelephonyConfigUpdateInstallReceiver: getConfigParser: domain=satellite
08-20 23:42:02.212  1028  1186 V SatelliteController: satelliteConfigParser is not ready
08-20 23:42:02.212  1028  1186 D SatelliteController: getCarrierRoamingNtnConnectTypeViaConfigUpdater: return null (satelliteConfig is null)
08-20 23:42:02.212  1028  1186 D SatelliteController: getCarrierRoamingNtnConnectType: Falling back to global carrier config connect type: 0
08-20 23:42:02.212  1028  1186 D TelephonyConfigUpdateInstallReceiver: getConfigParser: domain=satellite
08-20 23:42:02.212  1028  1186 V SatelliteController: satelliteConfigParser is not ready
08-20 23:42:02.212  1028  1186 D SatelliteController: isSatelliteAttachSupportedViaConfigupdater: return null (satelliteConfig is null)
08-20 23:42:02.212  1028  1186 D SatelliteController: getCarrierRoamingNtnConnectType: Checking connect type from PLMN config for subId: 1
08-20 23:42:02.212  1028  1186 D TelephonyConfigUpdateInstallReceiver: getConfigParser: domain=satellite
08-20 23:42:02.212  1028  1186 V SatelliteController: satelliteConfigParser is not ready
08-20 23:42:02.212  1028  1186 D SatelliteController: isSatelliteAttachSupportedViaConfigupdater: return null (satelliteConfig is null)
08-20 23:42:02.212  1028  1186 D SatelliteController: getSatellitePerPlmnConfiguration: invalid subId or not supported via carrier.
08-20 23:42:02.212  1028  1186 D SatelliteController: getCarrierRoamingNtnConnectType: config: null
08-20 23:42:02.212  1028  1186 D TelephonyConfigUpdateInstallReceiver: getConfigParser: domain=satellite
08-20 23:42:02.212  1028  1186 V SatelliteController: satelliteConfigParser is not ready
08-20 23:42:02.212  1028  1186 D SatelliteController: getCarrierRoamingNtnConnectTypeViaConfigUpdater: return null (satelliteConfig is null)
08-20 23:42:02.212  1028  1186 D SatelliteController: getCarrierRoamingNtnConnectType: Falling back to global carrier config connect type: 0
08-20 23:42:02.212  1028  1186 D TelephonyConfigUpdateInstallReceiver: getConfigParser: domain=satellite
08-20 23:42:02.212  1028  1186 V SatelliteController: satelliteConfigParser is not ready
08-20 23:42:02.212  1028  1186 D SatelliteController: isSatelliteAttachSupportedViaConfigupdater: return null (satelliteConfig is null)
08-20 23:42:02.227   477   577 W skia    : AGTM parsing failed flags.readFromStream(s) at 159
08-20 23:42:02.227   477   577 W skia    : AGTM parsing failed flags.readFromStream(s) at 159
08-20 23:42:02.328   477   577 W skia    : AGTM parsing failed flags.readFromStream(s) at 159
08-20 23:42:02.328   477   577 W skia    : AGTM parsing failed flags.readFromStream(s) at 159
08-20 23:42:02.428   477   577 W skia    : AGTM parsing failed flags.readFromStream(s) at 159
08-20 23:42:02.428   477   577 W skia    : AGTM parsing failed flags.readFromStream(s) at 159
08-20 23:42:02.529   477   577 W skia    : AGTM parsing failed flags.readFromStream(s) at 159
08-20 23:42:02.529   477   577 W skia    : AGTM parsing failed flags.readFromStream(s) at 159
08-20 23:42:02.631   477   577 W skia    : AGTM parsing failed flags.readFromStream(s) at 159
08-20 23:42:02.631   477   577 W skia    : AGTM parsing failed flags.readFromStream(s) at 159
08-20 23:42:02.732   477   577 W skia    : AGTM parsing failed flags.readFromStream(s) at 159
08-20 23:42:02.732   477   577 W skia    : AGTM parsing failed flags.readFromStream(s) at 159
08-20 23:42:02.831  1618  1802 W MediaProvider: isAppCloneUserPair for user 0: false
08-20 23:42:02.832   477   577 W skia    : AGTM parsing failed flags.readFromStream(s) at 159
08-20 23:42:02.833   477   577 W skia    : AGTM parsing failed flags.readFromStream(s) at 159
08-20 23:42:02.833 13003 13003 W AccessibilityNodeInfoDumper: Fetch time: 3ms
08-20 23:42:02.834   642   869 V AccessibilityManagerService: onUserStateChangedLocked for userId: 0, forceUpdate: false
08-20 23:42:02.834   642   869 V AccessibilityUserState: updateShortcutTargets: type:accessibility_shortcut_target_service, current:{}, new:{}
08-20 23:42:02.834   642   869 V AccessibilityUserState: updateShortcutTargets: type:accessibility_button_targets, current:{}, new:{}
08-20 23:42:02.834   642   869 V AccessibilityUserState: updateShortcutTargets: type:accessibility_gesture_targets, current:{}, new:{}
08-20 23:42:02.834   642   869 V AccessibilityUserState: updateShortcutTargets: type:accessibility_qs_targets, current:{}, new:{}
08-20 23:42:02.834   642   869 V AccessibilityUserState: updateShortcutTargets: type:accessibility_key_gesture_targets, current:{}, new:{}
08-20 23:42:02.834   642   869 V AccessibilityUserState: updateShortcutTargets: type:accessibility_top_row_key_targets, current:{}, new:{}
08-20 23:42:02.834   642   869 V AccessibilityUserState: updateShortcutTargets: type:accessibility_quick_access_targets, current:{}, new:{}
08-20 23:42:02.834   642   869 W MagnificationConnectionManager: requestConnection duplicated request: connect=false, mConnectionState=DISCONNECTED
08-20 23:42:02.834   642   869 D AccessibilityManagerService: restoreCurrentUserForTestAutomationIfNeededLocked(): ignoring because device doesn't support visible background users
08-20 23:42:02.834   642   642 W libbinder.IPCThreadState: Sending oneway calls to frozen process.
08-20 23:42:02.834   642   642 W libbinder.IPCThreadState: Sending oneway calls to frozen process.
08-20 23:42:02.834   642   642 W libbinder.IPCThreadState: Sending oneway calls to frozen process.
08-20 23:42:02.834   642   642 W libbinder.IPCThreadState: Sending oneway calls to frozen process.
08-20 23:42:02.834   642   642 W libbinder.IPCThreadState: Sending oneway calls to frozen process.
08-20 23:42:02.834   642   642 W libbinder.IPCThreadState: Sending oneway calls to frozen process.
08-20 23:42:02.834   642   642 W libbinder.IPCThreadState: Sending oneway calls to frozen process.
08-20 23:42:02.834   642   642 W libbinder.IPCThreadState: Sending oneway calls to frozen process.
08-20 23:42:02.834   642   642 W libbinder.IPCThreadState: Sending oneway calls to frozen process.
08-20 23:42:02.834   642   642 W libbinder.IPCThreadState: Sending oneway calls to frozen process.
08-20 23:42:02.834   642   642 W libbinder.IPCThreadState: Sending oneway calls to frozen process.
08-20 23:42:02.834   642   642 W libbinder.IPCThreadState: Sending oneway calls to frozen process.
08-20 23:42:02.834   642   642 D BatterySaverPolicy: accessibility changed to false, updating policy.
08-20 23:42:02.835  1655  2190 I AiAiEcho: Settings changed for uri: content://settings/secure/accessibility_enabled
08-20 23:42:02.835 13003 13016 W libbinder.IPCThreadState: call to talkWithDriver in joinThreadPool returned error: -9 (Bad file descriptor), FD: -1
08-20 23:42:02.835  1655  1820 I AiAiEcho: Predicting[0]:  [CONTEXT sampling_count=5 ]
08-20 23:42:02.835  1655  1820 I AiAiEcho: EchoTargets: 
08-20 23:42:02.835  1655  1820 I AiAiEcho: Filtered by AiAi flag check: 
08-20 23:42:02.835  1655  1820 I AiAiEcho: [CONTEXT ratelimit_period="10 SECONDS" ]
08-20 23:42:02.835  1655  1820 I AiAiEcho: #remoteViewsTwiddler: feature disabled.
08-20 23:42:02.835  1655  1820 I AiAiEcho: Predicting[0]:  [CONTEXT sampling_count=5 ]
08-20 23:42:02.835  1655  1820 I AiAiEcho: EchoTargets: 
08-20 23:42:02.835  1655  1820 I AiAiEcho: Filtered by AiAi flag check: 
08-20 23:42:02.835  1655  1820 I AiAiEcho: [CONTEXT ratelimit_period="10 SECONDS" ]
08-20 23:42:02.835  1655  1820 I AiAiEcho: #remoteViewsTwiddler: feature disabled.
08-20 23:42:02.835  1655  1820 I AiAiEcho: Predicting[0]:  [CONTEXT sampling_count=5 ]
08-20 23:42:02.835  1655  1820 I AiAiEcho: EchoTargets: 
08-20 23:42:02.835  1655  1820 I AiAiEcho: Filtered by AiAi flag check: 
08-20 23:42:02.835  1655  1820 I AiAiEcho: [CONTEXT ratelimit_period="10 SECONDS" ]
08-20 23:42:02.835 13003 13012 W libbinder.IPCThreadState: call to talkWithDriver in joinThreadPool returned error: -9 (Bad file descriptor), FD: -1
08-20 23:42:02.835 13003 13013 W libbinder.IPCThreadState: call to talkWithDriver in joinThreadPool returned error: -9 (Bad file descriptor), FD: -1
08-20 23:42:02.835 13003 13003 D AndroidRuntime: Shutting down VM
08-20 23:42:02.836  1655  1820 I AiAiEcho: #remoteViewsTwiddler: feature disabled.
08-20 23:42:02.836  1655  1820 I AiAiEcho: #postPredictionTargets: Sending updates to UISurface lockscreen with targets# 0 (types=[])
08-20 23:42:02.836  1655  1820 I AiAiEcho: #postPredictionTargets: Sending updates to UISurface ambientcue with targets# 0 (types=[])
08-20 23:42:02.836  1655  1820 I AiAiEcho: #postPredictionTargets: Sending updates to UISurface home with targets# 0 (types=[])
08-20 23:42:02.836   894  1154 I AmbientCueRepository: Receiving SmartSpace targets # 0
08-20 23:42:02.874   880   880 I wpa_supplicant: wlan0: CTRL-EVENT-BEACON-LOSS 
08-20 23:42:02.933   477   577 W skia    : AGTM parsing failed flags.readFromStream(s) at 159
08-20 23:42:02.933   477   577 W skia    : AGTM parsing failed flags.readFromStream(s) at 159
08-20 23:42:03.034   477   577 W skia    : AGTM parsing failed flags.readFromStream(s) at 159
08-20 23:42:03.034   477   577 W skia    : AGTM parsing failed flags.readFromStream(s) at 159
08-20 23:42:03.062   642   822 I AdbWifiNetworkMonitor: Wi-Fi network available
08-20 23:42:03.062   642   822 I AdbWifiNetworkMonitor: Received the same Wi-Fi SSID. Ignoring.
08-20 23:42:03.062   642   793 I HalDevMgr: bestIfaceCreationProposal is null, requestIface=STA, existingIface=[name=wlan0 type=STA]
08-20 23:42:03.063  2258  2673 D WM-WorkConstraintsTrack: NetworkRequestConstraintController onCapabilitiesChanged callback
08-20 23:42:03.063  1687  2272 I BugleRcsEngine: handleMessage processing message:[NOTIFY_UPTIME_IGNORE_STATE_CHANGED] with [non-null]:RcsEngineImpl reference [CONTEXT log_prefix="RcsEngineImpl[DUAL_REG]:[9818720b-389c]>Handler" thread_id=60 ]
08-20 23:42:03.064  1687  2135 I BugleRcsEngine: Connected state: [1], networkType: [WIFI] [CONTEXT thread_id=55 ]
08-20 23:42:03.064   642   799 W libbinder.IPCThreadState: Sending oneway calls to frozen process.
08-20 23:42:03.064   642   799 W libbinder.IPCThreadState: Sending oneway calls to frozen process.
08-20 23:42:03.064   642   799 W libbinder.IPCThreadState: Sending oneway calls to frozen process.
08-20 23:42:03.064  1285  1727 I NullBinder: NullBinder for android.net.action.RECOMMEND_NETWORKS triggering remote TransactionTooLargeException due to Service without Chimera impl, calling uid: 1000, calling pid: 0
08-20 23:42:03.064   999  1120 D IpClient/wlan0: interfaceLinkStateChanged: ifindex 16 up
08-20 23:42:03.064  1285  1727 W libbinder.Binder: Large reply transaction of 1056768 bytes, interface descriptor , function: UNKNOWN_FUNCTION_NAME, code: 1, flags: 17
08-20 23:42:03.064   642   799 W libbinder.IPCThreadState: Sending oneway calls to frozen process.
08-20 23:42:03.065  1285 12680 I NearbyMediums: Wifi changed new SSID: "AndroidWifi"
08-20 23:42:03.065  1285 12680 I NearbyMediums: WifiLanConnectivityInfo is not changed, skip notify.
08-20 23:42:03.065  1687  2272 I BugleRcsEngine: No RCS Configuration was found in Bugle for simID: redacted-pii:sim_id[chars:20,last3:897] [CONTEXT log_prefix="ProvisioningEngineDataRetriever" thread_id=60 ]
08-20 23:42:03.065   642   799 D ConnectivityService: NetReassign [no changes] [c 0] [a 0] [i 1]
08-20 23:42:03.068   999  1120 D IpClient/wlan0: interfaceLinkStateChanged: ifindex 16 up
08-20 23:42:03.135   477   577 W skia    : AGTM parsing failed flags.readFromStream(s) at 159
08-20 23:42:03.135   477   577 W skia    : AGTM parsing failed flags.readFromStream(s) at 159
08-20 23:42:03.236   477   577 W skia    : AGTM parsing failed flags.readFromStream(s) at 159
08-20 23:42:03.236   477   577 W skia    : AGTM parsing failed flags.readFromStream(s) at 159
08-20 23:42:03.337   477   577 W skia    : AGTM parsing failed flags.readFromStream(s) at 159
08-20 23:42:03.337   477   577 W skia    : AGTM parsing failed flags.readFromStream(s) at 159
08-20 23:42:03.439   477   577 W skia    : AGTM parsing failed flags.readFromStream(s) at 159
08-20 23:42:03.439   477   577 W skia    : AGTM parsing failed flags.readFromStream(s) at 159
08-20 23:42:03.539   477   577 W skia    : AGTM parsing failed flags.readFromStream(s) at 159
08-20 23:42:03.539   477   577 W skia    : AGTM parsing failed flags.readFromStream(s) at 159
08-20 23:42:03.565  1285 12680 I NearbySharing: Network state changed: NetworkState(isRestricted=false, isOnline=true, isCongested=false, isMetered=false, isWifiConnected=true)
08-20 23:42:03.641   477   577 W skia    : AGTM parsing failed flags.readFromStream(s) at 159
08-20 23:42:03.641   477   577 W skia    : AGTM parsing failed flags.readFromStream(s) at 159
08-20 23:42:03.662   479   479 I adbd    : adbd service requested 'exec:cat '/sdcard/uinav-7fcfe82334ff4f288db8c43e43cb321c.xml''
08-20 23:42:03.679   479   479 I adbd    : adbd service requested 'shell,v2,TERM=xterm-256color,raw:rm -f /sdcard/uinav-7fcfe82334ff4f288db8c43e43cb321c.xml'
08-20 23:42:03.684  1618  3526 I MediaProvider: Deleted 0 0 0 0 0 0 1 items on external_primary due to com.android.shell
08-20 23:42:03.740   477   577 W skia    : AGTM parsing failed flags.readFromStream(s) at 159
08-20 23:42:03.740   477   577 W skia    : AGTM parsing failed flags.readFromStream(s) at 159
08-20 23:42:03.841   477   577 W skia    : AGTM parsing failed flags.readFromStream(s) at 159
08-20 23:42:03.841   477   577 W skia    : AGTM parsing failed flags.readFromStream(s) at 159
08-20 23:42:03.944   477   577 W skia    : AGTM parsing failed flags.readFromStream(s) at 159
08-20 23:42:03.944   477   577 W skia    : AGTM parsing failed flags.readFromStream(s) at 159
08-20 23:42:04.045   477   577 W skia    : AGTM parsing failed flags.readFromStream(s) at 159
08-20 23:42:04.045   477   577 W skia    : AGTM parsing failed flags.readFromStream(s) at 159
08-20 23:42:04.145   477   577 W skia    : AGTM parsing failed flags.readFromStream(s) at 159
08-20 23:42:04.145   477   577 W skia    : AGTM parsing failed flags.readFromStream(s) at 159
08-20 23:42:04.246   477   577 W skia    : AGTM parsing failed flags.readFromStream(s) at 159
08-20 23:42:04.246   477   577 W skia    : AGTM parsing failed flags.readFromStream(s) at 159
08-20 23:42:04.347   477   577 W skia    : AGTM parsing failed flags.readFromStream(s) at 159
08-20 23:42:04.347   477   577 W skia    : AGTM parsing failed flags.readFromStream(s) at 159
08-20 23:42:04.448   477   577 W skia    : AGTM parsing failed flags.readFromStream(s) at 159
08-20 23:42:04.448   477   577 W skia    : AGTM parsing failed flags.readFromStream(s) at 159
08-20 23:42:04.548   477   577 W skia    : AGTM parsing failed flags.readFromStream(s) at 159
08-20 23:42:04.548   477   577 W skia    : AGTM parsing failed flags.readFromStream(s) at 159
08-20 23:42:04.650   477   577 W skia    : AGTM parsing failed flags.readFromStream(s) at 159
08-20 23:42:04.650   477   577 W skia    : AGTM parsing failed flags.readFromStream(s) at 159
08-20 23:42:04.751   477   577 W skia    : AGTM parsing failed flags.readFromStream(s) at 159
08-20 23:42:04.751   477   577 W skia    : AGTM parsing failed flags.readFromStream(s) at 159
08-20 23:42:04.852   477   577 W skia    : AGTM parsing failed flags.readFromStream(s) at 159
08-20 23:42:04.852   477   577 W skia    : AGTM parsing failed flags.readFromStream(s) at 159
08-20 23:42:04.959   477   577 W skia    : AGTM parsing failed flags.readFromStream(s) at 159
08-20 23:42:04.959   477   577 W skia    : AGTM parsing failed flags.readFromStream(s) at 159
08-20 23:42:05.060   477   577 W skia    : AGTM parsing failed flags.readFromStream(s) at 159
08-20 23:42:05.060   477   577 W skia    : AGTM parsing failed flags.readFromStream(s) at 159
08-20 23:42:05.164   477   577 W skia    : AGTM parsing failed flags.readFromStream(s) at 159
08-20 23:42:05.164   477   577 W skia    : AGTM parsing failed flags.readFromStream(s) at 159
08-20 23:42:05.267   477   577 W skia    : AGTM parsing failed flags.readFromStream(s) at 159
08-20 23:42:05.267   477   577 W skia    : AGTM parsing failed flags.readFromStream(s) at 159
08-20 23:42:05.367   477   577 W skia    : AGTM parsing failed flags.readFromStream(s) at 159
08-20 23:42:05.367   477   577 W skia    : AGTM parsing failed flags.readFromStream(s) at 159
08-20 23:42:05.474   477   577 W skia    : AGTM parsing failed flags.readFromStream(s) at 159
08-20 23:42:05.474   477   577 W skia    : AGTM parsing failed flags.readFromStream(s) at 159
08-20 23:42:05.481   642   676 W ProcessStats: Tracking association SourceState{a511bc4 com.google.android.apps.messaging:rcs/10154 BFgs #6642} whose proc state 4 is better than process ProcessState{f114aab com.google.android.apps.messaging/10154 pkg=com.google.android.apps.messaging} proc state 14 (3 skipped)
08-20 23:42:05.574   477   577 W skia    : AGTM parsing failed flags.readFromStream(s) at 159
08-20 23:42:05.574   477   577 W skia    : AGTM parsing failed flags.readFromStream(s) at 159
08-20 23:42:05.676   477   577 W skia    : AGTM parsing failed flags.readFromStream(s) at 159
08-20 23:42:05.676   477   577 W skia    : AGTM parsing failed flags.readFromStream(s) at 159
08-20 23:42:05.777   477   577 W skia    : AGTM parsing failed flags.readFromStream(s) at 159
08-20 23:42:05.777   477   577 W skia    : AGTM parsing failed flags.readFromStream(s) at 159
08-20 23:42:05.877   477   577 W skia    : AGTM parsing failed flags.readFromStream(s) at 159
08-20 23:42:05.877   477   577 W skia    : AGTM parsing failed flags.readFromStream(s) at 159
08-20 23:42:05.978   477   577 W skia    : AGTM parsing failed flags.readFromStream(s) at 159
08-20 23:42:05.978   477   577 W skia    : AGTM parsing failed flags.readFromStream(s) at 159
08-20 23:42:06.069   642   793 I HalDevMgr: bestIfaceCreationProposal is null, requestIface=STA, existingIface=[name=wlan0 type=STA]
08-20 23:42:06.079   477   577 W skia    : AGTM parsing failed flags.readFromStream(s) at 159
08-20 23:42:06.079   477   577 W skia    : AGTM parsing failed flags.readFromStream(s) at 159
08-20 23:42:06.093   642   799 D InetDiagMessage: Destroyed 0 sockets, proto=IPPROTO_TCP, family=AF_INET, states=14
08-20 23:42:06.093   642   799 D InetDiagMessage: Destroyed 0 sockets, proto=IPPROTO_TCP, family=AF_INET6, states=14
08-20 23:42:06.093   642   799 D InetDiagMessage: Destroyed live tcp sockets for uids={10171} in 3ms
08-20 23:42:06.093   642   799 D InetDiagMessage: Destroyed 0 sockets, proto=IPPROTO_TCP, family=AF_INET, states=14
08-20 23:42:06.093   642   799 D InetDiagMessage: Destroyed 0 sockets, proto=IPPROTO_TCP, family=AF_INET6, states=14
08-20 23:42:06.093   642   799 D InetDiagMessage: Destroyed live tcp sockets for uids={20171} in 0ms
08-20 23:42:06.180   477   577 W skia    : AGTM parsing failed flags.readFromStream(s) at 159
08-20 23:42:06.180   477   577 W skia    : AGTM parsing failed flags.readFromStream(s) at 159
08-20 23:42:06.280   477   577 W skia    : AGTM parsing failed flags.readFromStream(s) at 159
08-20 23:42:06.280   477   577 W skia    : AGTM parsing failed flags.readFromStream(s) at 159
08-20 23:42:06.381   477   577 W skia    : AGTM parsing failed flags.readFromStream(s) at 159
08-20 23:42:06.381   477   577 W skia    : AGTM parsing failed flags.readFromStream(s) at 159
08-20 23:42:06.482   477   577 W skia    : AGTM parsing failed flags.readFromStream(s) at 159
08-20 23:42:06.482   477   577 W skia    : AGTM parsing failed flags.readFromStream(s) at 159
08-20 23:42:06.582   477   577 W skia    : AGTM parsing failed flags.readFromStream(s) at 159
08-20 23:42:06.583   477   577 W skia    : AGTM parsing failed flags.readFromStream(s) at 159
08-20 23:42:06.683   477   577 W skia    : AGTM parsing failed flags.readFromStream(s) at 159
08-20 23:42:06.683   477   577 W skia    : AGTM parsing failed flags.readFromStream(s) at 159
08-20 23:42:06.784   477   577 W skia    : AGTM parsing failed flags.readFromStream(s) at 159
08-20 23:42:06.784   477   577 W skia    : AGTM parsing failed flags.readFromStream(s) at 159
08-20 23:42:06.835   311 12978 I keystore2: system/security/keystore2/watchdog/src/lib.rs:371 - Watchdog thread idle -> terminating. Have a great day.
08-20 23:42:06.884   477   577 W skia    : AGTM parsing failed flags.readFromStream(s) at 159
08-20 23:42:06.884   477   577 W skia    : AGTM parsing failed flags.readFromStream(s) at 159
08-20 23:42:06.985   477   577 W skia    : AGTM parsing failed flags.readFromStream(s) at 159
08-20 23:42:06.985   477   577 W skia    : AGTM parsing failed flags.readFromStream(s) at 159
08-20 23:42:07.093   477   577 W skia    : AGTM parsing failed flags.readFromStream(s) at 159
08-20 23:42:07.093   477   577 W skia    : AGTM parsing failed flags.readFromStream(s) at 159
08-20 23:42:07.193   477   577 W skia    : AGTM parsing failed flags.readFromStream(s) at 159
08-20 23:42:07.194   477   577 W skia    : AGTM parsing failed flags.readFromStream(s) at 159
08-20 23:42:07.294   477   577 W skia    : AGTM parsing failed flags.readFromStream(s) at 159
08-20 23:42:07.294   477   577 W skia    : AGTM parsing failed flags.readFromStream(s) at 159
08-20 23:42:07.395   477   577 W skia    : AGTM parsing failed flags.readFromStream(s) at 159
08-20 23:42:07.395   477   577 W skia    : AGTM parsing failed flags.readFromStream(s) at 159
08-20 23:42:07.495   477   577 W skia    : AGTM parsing failed flags.readFromStream(s) at 159
08-20 23:42:07.495   477   577 W skia    : AGTM parsing failed flags.readFromStream(s) at 159
08-20 23:42:07.596   477   577 W skia    : AGTM parsing failed flags.readFromStream(s) at 159
08-20 23:42:07.596   477   577 W skia    : AGTM parsing failed flags.readFromStream(s) at 159
08-20 23:42:07.698   477   577 W skia    : AGTM parsing failed flags.readFromStream(s) at 159
08-20 23:42:07.698   477   577 W skia    : AGTM parsing failed flags.readFromStream(s) at 159
08-20 23:42:07.799   477   577 W skia    : AGTM parsing failed flags.readFromStream(s) at 159
08-20 23:42:07.799   477   577 W skia    : AGTM parsing failed flags.readFromStream(s) at 159
08-20 23:42:07.815   479   479 I adbd    : adbd service requested 'shell,v2,TERM=xterm-256color:export ANDROID_LOG_TAGS=''; exec logcat '-d' '-v' 'threadtime''
