--------- beginning of main
08-20 23:38:42.552   479   479 I adbd    : adbd service requested 'shell,v2,TERM=xterm-256color,raw:input keyevent HOME'
--------- beginning of system
08-20 23:38:42.564   642   661 W ActivityTaskManager: callingPackage for (uid=-1, pid=0) has no WPC
08-20 23:38:42.564   642   661 W ActivityStartInterceptor: Starting home with component specified, uid=0
08-20 23:38:42.565   642   661 V GrammaticalInflectionUtils: AttributionSource: android.content.AttributionSource@81f3b815 does not have READ_SYSTEM_GRAMMATICAL_GENDER permission.
08-20 23:38:42.567   894  1032 V RecentTasksController: Notify recent tasks changed
08-20 23:38:42.568  1043  1043 D RecentTasksList: invalidateLoadedTasks - previous requestLoadId: -1
08-20 23:38:42.568   642   661 V WindowManager: Defer transition id=42 for TaskFragmentTransaction=android.os.Binder@8a85ff1
08-20 23:38:42.568   642   661 V ActivityTaskManager: TaskLaunchParamsModifier: phase=3 task=Task{6be7ccd #2 type=home I=com.google.android.apps.nexuslauncher/.NexusLauncherActivity} activity=ActivityRecord{141439355 u0 com.google.android.apps.nexuslauncher/.NexusLauncherActivity t-1} display-area-token-from-option=DefaultTaskDisplayArea@96464962 display-id=0 task-display-area-windowing-mode=1 suggested-display-area=DefaultTaskDisplayArea@96464962 non-freeform-task-display-area display-area=DefaultTaskDisplayArea@96464962 skip-bounds-fullscreen
08-20 23:38:42.568   642   661 I ActivityTaskManager: START u0 {act=android.intent.action.MAIN cat=[android.intent.category.HOME] flg=0x10000100 cmp=com.google.android.apps.nexuslauncher/.NexusLauncherActivity (has extras)} with LAUNCH_SINGLE_TASK from uid 0 (BAL_ALLOW_ALLOWLISTED_UID) result code=2
08-20 23:38:42.569   894  1032 V WindowManagerShell: Transition requested (#42): android.os.BinderProxy@28e9918 TransitionRequestInfo { type = OPEN, triggerTask = TaskInfo{userId=0 taskId=2 effectiveUid=10192 displayId=0 isRunning=true baseIntent=Intent { act=android.intent.action.MAIN cat=[android.intent.category.HOME] flg=0x10000100 cmp=com.google.android.apps.nexuslauncher/.NexusLauncherActivity } baseActivity=ComponentInfo{com.google.android.apps.nexuslauncher/com.google.android.apps.nexuslauncher.NexusLauncherActivity} topActivity=ComponentInfo{com.google.android.apps.nexuslauncher/com.google.android.apps.nexuslauncher.NexusLauncherActivity} origActivity=null realActivity=ComponentInfo{com.google.android.apps.nexuslauncher/com.google.android.apps.nexuslauncher.NexusLauncherActivity} realActivityIsAppLockEnabled=false numActivities=1 lastActiveTime=9158504 supportsMultiWindow=true supportsMultiWindowWithoutConstraints=true resizeMode=2 isResizeable=true minWidth=-1 minHeight=-1 defaultMinSize=220 token=WCT{android.os.BinderProxy@9ecaf71} topActivityType=2 pictureInPictureParams=null shouldDockBigOverlays=false launchIntoPipHostTaskId=-1 lastParentTaskIdBeforePip=-1 displayCutoutSafeInsets=Rect(0, 0 - 0, 0) topActivityInfo=ActivityInfo{9a15156 com.google.android.apps.nexuslauncher.NexusLauncherActivity} launchCookies=[] positionInParent=Point(0, 0) parentTaskId=-1 isFocused=true isInteractive=true isVisible=false isVisibleRequested=true isTopActivityNoDisplay=false isSleeping=false locusId=null displayAreaFeatureId=1 isTopActivityTransparent=false isActivityStackTransparent=false lastNonFullscreenBounds=null leafTaskBoundsFromOptions= false capturedLink=null capturedLinkTimestamp=0 requestedVisibleTypes=503 topActivityRequestOpenInBrowserEducationTimestamp=0 appCompatTaskInfo=AppCompatTaskInfo { topActivityInSizeCompat=false isLeafTask= true eligibleForLetterboxEducation= false isLetterboxEducationEnabled= true isLetterboxDoubleTapEnabled= false eligibleForUserAspectRatioButton= false topActivityBoundsLetterboxed= false isFromLetterboxDoubleTap= false topActivityLetterboxVerticalPosition= -1 topActivityLetterboxHorizontalPosition= -1 topActivityLetterboxWidth=-1 topActivityLetterboxHeight=-1 topActivityAppBounds=Rect(0, 0 - 1344, 2992) isUserFullscreenOverrideEnabled=false isSystemFullscreenOverrideEnabled=false hasMinAspectRatioOverride=false topActivityLetterboxBounds=null topNonResizableActivityAspectRatio=-1.0} topActivityMainWindowFrame=null isAppBubble=false}, pipChange = null, remoteTransitionInfo = null, displayChanges = null, requestedLocation = null, userChange = null, windowingLayerChange = null, fullscreenRequestChange = null, flags = 0, debugId = 42 }
08-20 23:38:42.569   894  1032 W DisconnectHandler: No disconnect change found in the transition, not handling request.
08-20 23:38:42.569   894  1032 V ShellDesktopMode: DesktopTasksController: skipping handleRequest reason=triggerTask's display doesn't support desktop mode
08-20 23:38:42.569   894  1032 D ShellSplitScreen: logExit: no-op, mLoggerSessionId is null
08-20 23:38:42.570   894  1032 D WindowManagerShell: onActivityRestartAttempt: topActivity=ComponentInfo{com.google.android.apps.nexuslauncher/com.google.android.apps.nexuslauncher.NexusLauncherActivity}, wasVisible=false, displayId=0, pipDisplayLayoutState#displayId=0
08-20 23:38:42.571  1043  1043 D ViewRootImpl: Skipping stats log for color mode
08-20 23:38:42.571 11827 11827 D FirebaseSessions: App backgrounded on com.izzes.nears
08-20 23:38:42.571  1043  1043 D BaseActivity: Launcher flags updated: [state_started] +[state_started]
08-20 23:38:42.571 11827 12389 E FA      : Missing google_app_id. Firebase Analytics disabled. See https://goo.gl/NAOOOI
08-20 23:38:42.572  1043  1043 D OverviewCommandHelper: Launcher.onNewIntent: alreadyOnHome: false, shouldMoveToDefaultScreen: false, intentAction: android.intent.action.MAIN, internalStateHandled: false
08-20 23:38:42.574  1043  1043 D TFOManager: playPanelCloseAnimation() duration=200 traceTag=LauncherOverlay-hide isHomeButtonTap=true
08-20 23:38:42.574  1043  1043 D TFOManager: Skipped creating panel close animation because -1 is invisible.
08-20 23:38:42.574  1043  1043 D OverviewCommandHelper: clearing pending commands: []
08-20 23:38:42.574  1043  1043 D BaseActivity: Launcher flags updated: [state_started|state_resumed|state_user_active] +[state_resumed|state_user_active]
08-20 23:38:42.575   642  1768 V WindowManager: Continue transition id=42 for TaskFragmentTransaction=android.os.Binder@8a85ff1
08-20 23:38:42.575  1043  1043 D BaseActivity: Launcher flags updated: [state_started|state_resumed|state_user_active] +[]
08-20 23:38:42.575   477   629 I libbinder.BpBinder: onLastStrongRef automatically unlinking death recipients for binder (0xb400721bb2053f80) with descriptor: '(not cached)'
08-20 23:38:42.576  1043  1043 D SmartspaceInteractor: notifySmartspaceEvent: SmartspaceTargetEvent{mSmartspaceTarget=null, mSmartspaceActionId='null', mEventType=6}
08-20 23:38:42.577   894  1032 D WindowManagerShell: setLauncherKeepClearAreaHeight: visible=true, height=567
08-20 23:38:42.577  1655  1820 I AiAiEcho: AmbientDataPredictorImpl No tracked ambient data found for ID: null; for event type: 6, skipping event processing.
08-20 23:38:42.577   642  1768 D WindowManager: setClientSurface Surface(name=VRI-com.google.android.apps.nexuslauncher/com.google.android.apps.nexuslauncher.NexusLauncherActivity#541)/@0xc9b54f3 for ec72080 com.google.android.apps.nexuslauncher/com.google.android.apps.nexuslauncher.NexusLauncherActivity
08-20 23:38:42.577  1043  1043 I Surface : Creating surface for consumer unnamed-1043-56 with slotExpansion=1 for 64 slots
08-20 23:38:42.578  1043  1043 I Surface : Creating surface for consumer VRI[NexusLauncherActivity]#11(BLAST Consumer)11 with slotExpansion=1 for 64 slots
08-20 23:38:42.579  1043  1043 D SsBaseTemplateCard: Passed-in item info is null
08-20 23:38:42.579  1043  1043 D SsBaseTemplateCard: Passed-in item info is null
08-20 23:38:42.579  1043  1043 D SsBaseTemplateCard: Passed-in item info is null
08-20 23:38:42.579  1043  1043 D SsBaseTemplateCard: Passed-in item info is null
08-20 23:38:42.579  1043  1043 I SsBaseTemplateCard: Secondary card pane is null
08-20 23:38:42.580  1043  1043 D BaseDepthController: setSurface:
08-20 23:38:42.580  1043  1043 D BaseDepthController: 	mWaitingOnSurfaceValidity: false
08-20 23:38:42.580  1043  1043 D BaseDepthController: 	mBaseSurface: Surface(name=VRI-com.google.android.apps.nexuslauncher/com.google.android.apps.nexuslauncher.NexusLauncherActivity#541)/@0x70ee6d2
08-20 23:38:42.580  1043  1043 V BaseDepthController: Applying blur: 0 to Surface(name=VRI-com.google.android.apps.nexuslauncher/com.google.android.apps.nexuslauncher.NexusLauncherActivity#541)/@0x70ee6d2 applyImmediately: false
08-20 23:38:42.581  1043  1043 D BaseDepthController: shouldBlurWorkspace: false targetState: Normal currentStableState: Normal mCurrentBlur: 0 mLauncher.getDepthBlurTargets(): [com.android.launcher3.Workspace{e9ed86c V.ED..... ......ID 0,0-1344,2992 #7f0a0486 app:id/workspace}, com.android.launcher3.Hotseat{41873a3 V.ED..... .......D 0,2425-1344,2992 #7f0a01f6 app:id/hotseat}]
08-20 23:38:42.581   642   869 D ActivityManager: sync unfroze 5388 com.google.android.gms for 6
08-20 23:38:42.586   642   869 W ProcessStats: Tracking association SourceState{f6f524b com.izzes.nears/10252 BTop #6383} whose proc state 2 is better than process ProcessState{510e987 com.google.android.gms/10227 pkg=com.google.android.gms} proc state 14 (0 skipped)
08-20 23:38:42.588  5388  5388 D BoundBrokerSvc: onBind: Intent { act=com.google.android.gms.measurement.START xflg=0x4 pkg=com.google.android.gms }
08-20 23:38:42.588  5388  5388 D BoundBrokerSvc: Loading bound service for intent: Intent { act=com.google.android.gms.measurement.START xflg=0x4 pkg=com.google.android.gms }
08-20 23:38:42.590   894  1249 D WallpaperService: onVisibilityChanged(true): com.android.systemui.wallpapers.ImageWallpaper$CanvasEngine@fc428c8
08-20 23:38:42.591  5388  5388 D BoundBrokerSvc: onUnbind: Intent { act=com.google.android.gms.common.BIND_SHARED_PREFS xflg=0x4 pkg=com.google.android.gms }
08-20 23:38:42.591  1043  1043 D ActivityAllAppsContainerView: rebindAdapters: force: false
08-20 23:38:42.591  1043  1043 D ActivityAllAppsContainerView: rebindAdapters: Not needed.
08-20 23:38:42.592  1043  1043 D BaseActivity: Launcher flags updated: [state_started|state_resumed|state_deferred_resumed|state_user_active] +[state_deferred_resumed]
08-20 23:38:42.592  1043  1043 D StatsLog: LAUNCHER_ONRESUME
08-20 23:38:42.594  1655  1820 I AiAiEcho: Predicting[0]:  [CONTEXT sampling_count=5 ]
08-20 23:38:42.594  1655  1820 I AiAiEcho: EchoTargets: 
08-20 23:38:42.594  1655  1820 I AiAiEcho: Filtered by AiAi flag check: 
08-20 23:38:42.594  1655  1820 I AiAiEcho: [CONTEXT ratelimit_period="10 SECONDS" ]
08-20 23:38:42.594  1655  1820 I AiAiEcho: #remoteViewsTwiddler: feature disabled.
08-20 23:38:42.594  1655  1820 I AiAiEcho: #postPredictionTargets: Sending updates to UISurface home with targets# 0 (types=[])
08-20 23:38:42.595  1043  1099 D QuickstepModelDelegate: notifyAppTargetEvent action=1 launchLocation=workspace/0/[-1,-1]/[1,1]
08-20 23:38:42.597  5388 12393 I GmscoreIpa: Starting mediastore instant index [CONTEXT service_id=255 ]
08-20 23:38:42.599   894  1168 V WindowManagerShell: onTransitionReady(transaction=2757369012558)
08-20 23:38:42.599   894  1032 V WindowManagerShell: onTransitionReady (#42) android.os.BinderProxy@28e9918: {id=42 t=OPEN f=0x0 trk=0 r=[0@Point(0, 0)] c=[
08-20 23:38:42.599   894  1032 V WindowManagerShell:         {m=TO_FRONT f=SHOW_WALLPAPER|MOVE_TO_TOP|FLAG_CHANGED_INTERACTIVE leash=Surface(name=Task=1#35)/@0xefc05d7 sb=Rect(0, 0 - 1344, 2992) eb=Rect(0, 0 - 1344, 2992) epz=Point(1344, 2992) d=0 taskParent=-1 winMode=1 userId=0},
08-20 23:38:42.599   894  1032 V WindowManagerShell:         {m=TO_BACK f=FLAG_CHANGED_INTERACTIVE leash=Surface(name=Task=582#503)/@0x6602ec4 sb=Rect(0, 0 - 1344, 2992) eb=Rect(0, 0 - 1344, 2992) epz=Point(1344, 2992) d=0 taskParent=-1 winMode=1 userId=0},
08-20 23:38:42.599   894  1032 V WindowManagerShell:         {m=TO_FRONT f=IS_WALLPAPER leash=Surface(name=WallpaperWindowToken{86c8005}#54)/@0x4cbd1ad sb=Rect(0, 0 - 1344, 2992) eb=Rect(0, 0 - 1344, 2992) epz=Point(1344, 2992) d=0}
08-20 23:38:42.599   894  1032 V WindowManagerShell:     ]}
08-20 23:38:42.600   894  1032 V WindowManagerShell: Playing animation for (#42) android.os.BinderProxy@28e9918@0
08-20 23:38:42.601   894  1032 D ShellSplitScreen: startAnimation: transition=42 isSplitActive=false
08-20 23:38:42.601   894  1032 V ShellRecents: RecentsTransitionHandler.startAnimation: no controller found
08-20 23:38:42.601   894  1032 V ShellDesktopMode: DesktopMixedTransitionHandler: No pending desktop transition
08-20 23:38:42.601   894  1032 V WindowManagerShell: Transition doesn't have explicit remote, search filters for match for {id=42 t=OPEN f=0x0 trk=0 r=[0@Point(0, 0)] c=[{m=TO_FRONT f=SHOW_WALLPAPER|MOVE_TO_TOP|FLAG_CHANGED_INTERACTIVE leash=Surface(name=Task=1#35)/@0xefc05d7 sb=Rect(0, 0 - 1344, 2992) eb=Rect(0, 0 - 1344, 2992) epz=Point(1344, 2992) d=0 taskParent=-1 winMode=1 userId=0},{m=TO_BACK f=FLAG_CHANGED_INTERACTIVE leash=Surface(name=Task=582#503)/@0x6602ec4 sb=Rect(0, 0 - 1344, 2992) eb=Rect(0, 0 - 1344, 2992) epz=Point(1344, 2992) d=0 taskParent=-1 winMode=1 userId=0},{m=TO_FRONT f=IS_WALLPAPER leash=Surface(name=WallpaperWindowToken{86c8005}#54)/@0x4cbd1ad sb=Rect(0, 0 - 1344, 2992) eb=Rect(0, 0 - 1344, 2992) epz=Point(1344, 2992) d=0}]}
08-20 23:38:42.601   894  1032 V WindowManagerShell:  Checking filter Pair{{types=[] flags=0x0 notFlags=0x0 checks=[{atype=undefined independent=true modes=[CLOSE,TO_BACK] flags=IN_TASK_WITH_EMBEDDED_ACTIVITY mustBeTask=false order=ANY topActivity=null launchCookie=null taskFragmentToken=android.os.BinderProxy@a08abd7 windowingMode=undefined isCrossDisplayMove=false}]} RemoteTransition { remoteTransition = android.window.IRemoteTransition$Stub$Proxy@956dcc4, appThread = android.app.IApplicationThread$Stub$Proxy@4d7e7ad, debugName = overlayBackTransition, filter = {types=[] flags=0x0 notFlags=0x0 checks=[{atype=undefined independent=true modes=[CLOSE,TO_BACK] flags=IN_TASK_WITH_EMBEDDED_ACTIVITY mustBeTask=false order=ANY topActivity=null launchCookie=null taskFragmentToken=android.os.BinderProxy@a08abd7 windowingMode=undefined isCrossDisplayMove=false}]} }}
08-20 23:38:42.601   894  1032 V WindowManagerShell:  Checking filter Pair{{types=[] flags=0x0 notFlags=0x0 checks=[{atype=dream independent=true modes=[OPEN,TO_FRONT] flags=NONE mustBeTask=false order=ANY topActivity=null launchCookie=null windowingMode=undefined isCrossDisplayMove=false},{atype=home independent=true modes=[CLOSE,TO_BACK] flags=NONE mustBeTask=false order=ANY topActivity=null launchCookie=null windowingMode=undefined isCrossDisplayMove=false}]} RemoteTransition { remoteTransition = android.window.IRemoteTransition$Stub$Proxy@5528ae2, appThread = android.app.IApplicationThread$Stub$Proxy@7422e73, debugName = LauncherToDream, filter = {types=[] flags=0x0 notFlags=0x0 checks=[{atype=dream independent=true modes=[OPEN,TO_FRONT] flags=NONE mustBeTask=false order=ANY topActivity=null launchCookie=null windowingMode=undefined isCrossDisplayMove=false},{atype=home independent=true modes=[CLOSE,TO_BACK] flags=NONE mustBeTask=false order=ANY topActivity=null launchCookie=null windowingMode=undefined isCrossDisplayMove=false}]} }}
08-20 23:38:42.601   894  1032 V WindowManagerShell:  Checking filter Pair{{types=[] flags=0x0 notFlags=0x0 checks=[{atype=standard independent=false modes=[CHANGE] flags=NONE mustBeTask=true order=ANY topActivity=null launchCookie=null windowingMode=undefined isCrossDisplayMove=true}]} RemoteTransition { remoteTransition = android.window.IRemoteTransition$Stub$Proxy@1470130, appThread = android.app.IApplicationThread$Stub$Proxy@8b851a9, debugName = QuickstepDisplayMove, filter = {types=[] flags=0x0 notFlags=0x0 checks=[{atype=standard independent=false modes=[CHANGE] flags=NONE mustBeTask=true order=ANY topActivity=null launchCookie=null windowingMode=undefined isCrossDisplayMove=true}]} }}
08-20 23:38:42.601   894  1032 V WindowManagerShell:  Checking filter Pair{{types=[] flags=0x0 notFlags=0x100 checks=[{atype=home independent=true modes=[OPEN,TO_FRONT] flags=NONE mustBeTask=false order=ANY topActivity=ComponentInfo{com.google.android.apps.nexuslauncher/com.google.android.apps.nexuslauncher.NexusLauncherActivity} launchCookie=null windowingMode=undefined isCrossDisplayMove=false},{atype=standard independent=true modes=[CLOSE,TO_BACK] flags=NONE mustBeTask=false order=ANY topActivity=null launchCookie=null windowingMode=undefined isCrossDisplayMove=false},{NOT atype=undefined independent=true modes=[] flags=NONE mustBeTask=true order=ANY topActivity=null launchCookie=null customAnim=true windowingMode=undefined isCrossDisplayMove=false}]} RemoteTransition { remoteTransition = android.window.IRemoteTransition$Stub$Proxy@112732e, appThread = android.app.IApplicationThread$Stub$Proxy@7873ecf, debugName = QuickstepLaunchHome, filter = {types=[] flags=0x0 notFlags=0x100 checks=[{atype=home independent=true modes=[OPEN,TO_FRONT] flags=NONE mustBeTask=false order=ANY topActivity=ComponentInfo{com.google.android.apps.nexuslauncher/com.google.android.apps.nexuslauncher.NexusLauncherActivity} launchCookie=null windowingMode=undefined isCrossDisplayMove=false},{atype=standard independent=true modes=[CLOSE,TO_BACK] flags=NONE mustBeTask=false order=ANY topActivity=null launchCookie=null windowingMode=undefined isCrossDisplayMove=false},{NOT atype=undefined independent=true modes=[] flags=NONE mustBeTask=true order=ANY topActivity=null launchCookie=null customAnim=true windowingMode=undefined isCrossDisplayMove=false}]} }}
08-20 23:38:42.601   894  1032 D RemoteTransitionHandler: Found filterPair{{types=[] flags=0x0 notFlags=0x100 checks=[{atype=home independent=true modes=[OPEN,TO_FRONT] flags=NONE mustBeTask=false order=ANY topActivity=ComponentInfo{com.google.android.apps.nexuslauncher/com.google.android.apps.nexuslauncher.NexusLauncherActivity} launchCookie=null windowingMode=undefined isCrossDisplayMove=false},{atype=standard independent=true modes=[CLOSE,TO_BACK] flags=NONE mustBeTask=false order=ANY topActivity=null launchCookie=null windowingMode=undefined isCrossDisplayMove=false},{NOT atype=undefined independent=true modes=[] flags=NONE mustBeTask=true order=ANY topActivity=null launchCookie=null customAnim=true windowingMode=undefined isCrossDisplayMove=false}]} RemoteTransition { remoteTransition = android.window.IRemoteTransition$Stub$Proxy@112732e, appThread = android.app.IApplicationThread$Stub$Proxy@7873ecf, debugName = QuickstepLaunchHome, filter = {types=[] flags=0x0 notFlags=0x100 checks=[{atype=home independent=true modes=[OPEN,TO_FRONT] flags=NONE mustBeTask=false order=ANY topActivity=ComponentInfo{com.google.android.apps.nexuslauncher/com.google.android.apps.nexuslauncher.NexusLauncherActivity} launchCookie=null windowingMode=undefined isCrossDisplayMove=false},{atype=standard independent=true modes=[CLOSE,TO_BACK] flags=NONE mustBeTask=false order=ANY topActivity=null launchCookie=null windowingMode=undefined isCrossDisplayMove=false},{NOT atype=undefined independent=true modes=[] flags=NONE mustBeTask=true order=ANY topActivity=null launchCookie=null customAnim=true windowingMode=undefined isCrossDisplayMove=false}]} }}
08-20 23:38:42.601   894  1032 V WindowManagerShell:  Delegate animation for (#42) to RemoteTransition { remoteTransition = android.window.IRemoteTransition$Stub$Proxy@112732e, appThread = android.app.IApplicationThread$Stub$Proxy@7873ecf, debugName = QuickstepLaunchHome, filter = {types=[] flags=0x0 notFlags=0x100 checks=[{atype=home independent=true modes=[OPEN,TO_FRONT] flags=NONE mustBeTask=false order=ANY topActivity=ComponentInfo{com.google.android.apps.nexuslauncher/com.google.android.apps.nexuslauncher.NexusLauncherActivity} launchCookie=null windowingMode=undefined isCrossDisplayMove=false},{atype=standard independent=true modes=[CLOSE,TO_BACK] flags=NONE mustBeTask=false order=ANY topActivity=null launchCookie=null windowingMode=undefined isCrossDisplayMove=false},{NOT atype=undefined independent=true modes=[] flags=NONE mustBeTask=true order=ANY topActivity=null launchCookie=null customAnim=true windowingMode=undefined isCrossDisplayMove=false}]} }
08-20 23:38:42.602   477   577 W skia    : AGTM parsing failed flags.readFromStream(s) at 159
08-20 23:38:42.602   477   577 W skia    : AGTM parsing failed flags.readFromStream(s) at 159
08-20 23:38:42.603  1043  1043 D LauncherStateManager: StateManager.createAtomicAnimation: fromState: Normal, toState: Normal, partial trace:
08-20 23:38:42.603  1043  1043 D LauncherStateManager: 	at com.android.quickstep.util.ScalingWorkspaceRevealAnim.<init>(go/retraceme 4b96215a9d9b4c1494121442fbf9d6e89857c91e1d76ddcc689701971259418a:60)
08-20 23:38:42.603  1043  1043 D LauncherStateManager: 	at com.android.launcher3.QuickstepTransitionManager.createWallpaperOpenAnimations(go/retraceme 4b96215a9d9b4c1494121442fbf9d6e89857c91e1d76ddcc689701971259418a:622)
08-20 23:38:42.603  1043  1043 D LauncherStateManager: 	at com.android.launcher3.QuickstepTransitionManager$WallpaperOpenLauncherAnimationRunner.onAnimationStart(go/retraceme 4b96215a9d9b4c1494121442fbf9d6e89857c91e1d76ddcc689701971259418a:135)
08-20 23:38:42.603  1043  1043 D AllAppsTransitionController: shouldProtectHeader: false skipScrim: true state: Normal stateManager.getState(): Normal
08-20 23:38:42.603  1043  1043 D KeyboardInsetsHandler: removePendingImeController: pendingImeController=null
08-20 23:38:42.603  1043  1043 V BaseDepthController: Applying blur: 0 to Surface(name=VRI-com.google.android.apps.nexuslauncher/com.google.android.apps.nexuslauncher.NexusLauncherActivity#541)/@0x70ee6d2 applyImmediately: false
08-20 23:38:42.603  1043  1043 D BaseDepthController: shouldBlurWorkspace: false targetState: Normal currentStableState: Normal mCurrentBlur: 0 mLauncher.getDepthBlurTargets(): [com.android.launcher3.Workspace{e9ed86c V.ED..... ......ID 0,0-1344,2992 #7f0a0486 app:id/workspace}, com.android.launcher3.Hotseat{41873a3 V.ED..... ........ 0,2425-1344,2992 #7f0a01f6 app:id/hotseat}]
08-20 23:38:42.603  1043  1043 V BaseDepthController: Applying blur: 0 to Surface(name=VRI-com.google.android.apps.nexuslauncher/com.google.android.apps.nexuslauncher.NexusLauncherActivity#541)/@0x70ee6d2 applyImmediately: false
08-20 23:38:42.603  1043  1043 D BaseDepthController: shouldBlurWorkspace: false targetState: Normal currentStableState: Normal mCurrentBlur: 0 mLauncher.getDepthBlurTargets(): [com.android.launcher3.Workspace{e9ed86c V.ED..... ......ID 0,0-1344,2992 #7f0a0486 app:id/workspace}, com.android.launcher3.Hotseat{41873a3 V.ED..... ........ 0,2425-1344,2992 #7f0a01f6 app:id/hotseat}]
08-20 23:38:42.604  1043  1043 D LauncherStateManager: StateManager.cancelAnimation: animation ongoing: false, partial trace:
08-20 23:38:42.604  1043  1043 D LauncherStateManager: 	at com.android.launcher3.statemanager.StateManager.setCurrentAnimation(go/retraceme 4b96215a9d9b4c1494121442fbf9d6e89857c91e1d76ddcc689701971259418a:59)
08-20 23:38:42.604  1043  1043 D LauncherStateManager: 	at com.android.launcher3.QuickstepTransitionManager.createWallpaperOpenAnimations(go/retraceme 4b96215a9d9b4c1494121442fbf9d6e89857c91e1d76ddcc689701971259418a:734)
08-20 23:38:42.604  1043  1043 D LauncherStateManager: 	at com.android.launcher3.QuickstepTransitionManager$WallpaperOpenLauncherAnimationRunner.onAnimationStart(go/retraceme 4b96215a9d9b4c1494121442fbf9d6e89857c91e1d76ddcc689701971259418a:135)
08-20 23:38:42.604  1043  1043 D b/311077782: LauncherAnimationRunner.setAnimation
08-20 23:38:42.604  1043  1043 V BaseDepthController: Applying blur: 0 to Surface(name=VRI-com.google.android.apps.nexuslauncher/com.google.android.apps.nexuslauncher.NexusLauncherActivity#541)/@0x70ee6d2 applyImmediately: false
08-20 23:38:42.604  1043  1043 D BaseDepthController: shouldBlurWorkspace: false targetState: Normal currentStableState: Normal mCurrentBlur: 0 mLauncher.getDepthBlurTargets(): [com.android.launcher3.Workspace{e9ed86c V.ED..... ......ID 0,0-1344,2992 #7f0a0486 app:id/workspace}, com.android.launcher3.Hotseat{41873a3 V.ED..... ......ID 0,2425-1344,2992 #7f0a01f6 app:id/hotseat}]
08-20 23:38:42.604  1043  1043 V BaseDepthController: Applying blur: 0 to Surface(name=VRI-com.google.android.apps.nexuslauncher/com.google.android.apps.nexuslauncher.NexusLauncherActivity#541)/@0x70ee6d2 applyImmediately: false
08-20 23:38:42.604  1043  1043 D BaseDepthController: shouldBlurWorkspace: false targetState: Normal currentStableState: Normal mCurrentBlur: 0 mLauncher.getDepthBlurTargets(): [com.android.launcher3.Workspace{e9ed86c V.ED..... ......ID 0,0-1344,2992 #7f0a0486 app:id/workspace}, com.android.launcher3.Hotseat{41873a3 V.ED..... ......ID 0,2425-1344,2992 #7f0a01f6 app:id/hotseat}]
08-20 23:38:42.604  1043  1043 V BaseDepthController: Applying blur: 0 to Surface(name=VRI-com.google.android.apps.nexuslauncher/com.google.android.apps.nexuslauncher.NexusLauncherActivity#541)/@0x70ee6d2 applyImmediately: false
08-20 23:38:42.604  1043  1043 D BaseDepthController: shouldBlurWorkspace: false targetState: Normal currentStableState: Normal mCurrentBlur: 0 mLauncher.getDepthBlurTargets(): [com.android.launcher3.Workspace{e9ed86c V.ED..... ......ID 0,0-1344,2992 #7f0a0486 app:id/workspace}, com.android.launcher3.Hotseat{41873a3 V.ED..... ......ID 0,2425-1344,2992 #7f0a01f6 app:id/hotseat}]
08-20 23:38:42.604  1043  1043 V BaseDepthController: Applying blur: 0 to Surface(name=VRI-com.google.android.apps.nexuslauncher/com.google.android.apps.nexuslauncher.NexusLauncherActivity#541)/@0x70ee6d2 applyImmediately: false
08-20 23:38:42.604  1043  1043 D BaseDepthController: shouldBlurWorkspace: false targetState: Normal currentStableState: Normal mCurrentBlur: 0 mLauncher.getDepthBlurTargets(): [com.android.launcher3.Workspace{e9ed86c V.ED..... ......ID 0,0-1344,2992 #7f0a0486 app:id/workspace}, com.android.launcher3.Hotseat{41873a3 V.ED..... ......ID 0,2425-1344,2992 #7f0a01f6 app:id/hotseat}]
08-20 23:38:42.604  1043  1043 V BaseDepthController: Applying blur: 0 to Surface(name=VRI-com.google.android.apps.nexuslauncher/com.google.android.apps.nexuslauncher.NexusLauncherActivity#541)/@0x70ee6d2 applyImmediately: false
08-20 23:38:42.604  1043  1043 D BaseDepthController: shouldBlurWorkspace: false targetState: Normal currentStableState: Normal mCurrentBlur: 0 mLauncher.getDepthBlurTargets(): [com.android.launcher3.Workspace{e9ed86c V.ED..... ......ID 0,0-1344,2992 #7f0a0486 app:id/workspace}, com.android.launcher3.Hotseat{41873a3 V.ED..... ......ID 0,2425-1344,2992 #7f0a01f6 app:id/hotseat}]
08-20 23:38:42.605   642   660 V WindowManager: Sent Transition (#42) createdAt=08-20 23:38:42.565 via request=TransitionRequestInfo { type = OPEN, triggerTask = TaskInfo{userId=0 taskId=2 effectiveUid=10192 displayId=0 isRunning=true baseIntent=Intent { act=android.intent.action.MAIN cat=[android.intent.category.HOME] flg=0x10000100 cmp=com.google.android.apps.nexuslauncher/.NexusLauncherActivity } baseActivity=ComponentInfo{com.google.android.apps.nexuslauncher/com.google.android.apps.nexuslauncher.NexusLauncherActivity} topActivity=ComponentInfo{com.google.android.apps.nexuslauncher/com.google.android.apps.nexuslauncher.NexusLauncherActivity} origActivity=null realActivity=ComponentInfo{com.google.android.apps.nexuslauncher/com.google.android.apps.nexuslauncher.NexusLauncherActivity} realActivityIsAppLockEnabled=false numActivities=1 lastActiveTime=9158504 supportsMultiWindow=true supportsMultiWindowWithoutConstraints=true resizeMode=2 isResizeable=true minWidth=-1 minHeight=-1 defaultMinSize=220 token=WCT{RemoteToken{5884112 Task{6be7ccd #2 type=home I=com.google.android.apps.nexuslauncher/.NexusLauncherActivity}}} topActivityType=2 pictureInPictureParams=null shouldDockBigOverlays=false launchIntoPipHostTaskId=-1 lastParentTaskIdBeforePip=-1 displayCutoutSafeInsets=Rect(0, 0 - 0, 0) topActivityInfo=ActivityInfo{4c360e3 com.google.android.apps.nexuslauncher.NexusLauncherActivity} launchCookies=[] positionInParent=Point(0, 0) parentTaskId=-1 isFocused=true isInteractive=true isVisible=false isVisibleRequested=true isTopActivityNoDisplay=false isSleeping=false locusId=null displayAreaFeatureId=1 isTopActivityTransparent=false isActivityStackTransparent=false lastNonFullscreenBounds=null leafTaskBoundsFromOptions= false capturedLink=null capturedLinkTimestamp=0 requestedVisibleTypes=503 topActivityRequestOpenInBrowserEducationTimestamp=0 appCompatTaskInfo=AppCompatTaskInfo { topActivityInSizeCompat=false isLeafTask= true eligibleForLetterboxEducation= false isLetterboxEducationEnabled= true isLetterboxDoubleTapEnabled= false eligibleForUserAspectRatioButton= false topActivityBoundsLetterboxed= false isFromLetterboxDoubleTap= false topActivityLetterboxVerticalPosition= -1 topActivityLetterboxHorizontalPosition= -1 topActivityLetterboxWidth=-1 topActivityLetterboxHeight=-1 topActivityAppBounds=Rect(0, 0 - 1344, 2992) isUserFullscreenOverrideEnabled=false isSystemFullscreenOverrideEnabled=false hasMinAspectRatioOverride=false topActivityLetterboxBounds=null topNonResizableActivityAspectRatio=-1.0} topActivityMainWindowFrame=null isAppBubble=false}, pipChange = null, remoteTransitionInfo = null, displayChanges = null, requestedLocation = null, userChange = null, windowingLayerChange = null, fullscreenRequestChange = null, flags = 0, debugId = 42 }
08-20 23:38:42.605   642   660 V WindowManager:     startWCT=WindowContainerTransaction { changes= {} hops= [] flags= 0 errorCallbackToken=null taskFragmentOrganizer=null }
08-20 23:38:42.605   642   660 V WindowManager:     info={id=42 t=OPEN f=0x0 trk=0 r=[0@Point(0, 0)] c=[
08-20 23:38:42.605   642   660 V WindowManager:         {WCT{RemoteToken{286712d Task{cafc982 #1 type=home}}} m=TO_FRONT f=SHOW_WALLPAPER|MOVE_TO_TOP|FLAG_CHANGED_INTERACTIVE leash=Surface(name=Task=1#35)/@0xe762e98 sb=Rect(0, 0 - 1344, 2992) eb=Rect(0, 0 - 1344, 2992) epz=Point(1344, 2992) d=0 taskParent=-1 winMode=1 userId=0},
08-20 23:38:42.605   642   660 V WindowManager:         {WCT{RemoteToken{eec818f Task{9dbbd1d #582 type=standard A=10252:com.izzes.nears}}} m=TO_BACK f=FLAG_CHANGED_INTERACTIVE leash=Surface(name=Task=582#503)/@0xe423ba8 sb=Rect(0, 0 - 1344, 2992) eb=Rect(0, 0 - 1344, 2992) epz=Point(1344, 2992) d=0 taskParent=-1 winMode=1 userId=0},
08-20 23:38:42.605   642   660 V WindowManager:         {m=TO_FRONT f=IS_WALLPAPER leash=Surface(name=WallpaperWindowToken{86c8005}#54)/@0x9b5907b sb=Rect(0, 0 - 1344, 2992) eb=Rect(0, 0 - 1344, 2992) epz=Point(1344, 2992) d=0}
08-20 23:38:42.605   642   660 V WindowManager:     ]}
08-20 23:38:42.605   642   709 W ActivityTaskManager: setRunningRemoteTransition: no process for null
08-20 23:38:42.606   894  1032 V WindowManagerShell:  animated by com.android.wm.shell.transition.RemoteTransitionHandler@2dd5fe7
08-20 23:38:42.608  1043  1043 D SsBaseTemplateCard: Passed-in item info is null
08-20 23:38:42.608  1043  1043 D SsBaseTemplateCard: Passed-in item info is null
08-20 23:38:42.608  1043  1043 D SsBaseTemplateCard: Passed-in item info is null
08-20 23:38:42.608  1043  1043 D SsBaseTemplateCard: Passed-in item info is null
08-20 23:38:42.608  1043  1043 I SsBaseTemplateCard: Secondary card pane is null
08-20 23:38:42.626  1043  1043 V BaseDepthController: Applying blur: 0 to Surface(name=VRI-com.google.android.apps.nexuslauncher/com.google.android.apps.nexuslauncher.NexusLauncherActivity#541)/@0x70ee6d2 applyImmediately: false
08-20 23:38:42.626  1043  1043 D BaseDepthController: shouldBlurWorkspace: false targetState: Normal currentStableState: Normal mCurrentBlur: 0 mLauncher.getDepthBlurTargets(): [com.android.launcher3.Workspace{e9ed86c V.ED..... ........ 0,0-1344,2992 #7f0a0486 app:id/workspace}, com.android.launcher3.Hotseat{41873a3 V.ED..... .......D 0,2425-1344,2992 #7f0a01f6 app:id/hotseat}]
08-20 23:38:42.627   449   449 I RanchuHwc: logCompositionFallbackIfChanged: layer 79 CompositionType fallback from 2 to 1
08-20 23:38:42.627   449   449 I RanchuHwc: logCompositionFallbackIfChanged: layer 80 CompositionType fallback from 2 to 1
08-20 23:38:42.627   477   577 W skia    : AGTM parsing failed flags.readFromStream(s) at 159
08-20 23:38:42.627   477   577 W skia    : AGTM parsing failed flags.readFromStream(s) at 159
08-20 23:38:42.627   477   577 W skia    : AGTM parsing failed flags.readFromStream(s) at 159
08-20 23:38:42.627   477   577 W skia    : AGTM parsing failed flags.readFromStream(s) at 159
08-20 23:38:42.627   477   577 W skia    : AGTM parsing failed flags.readFromStream(s) at 159
08-20 23:38:42.627   477   577 W skia    : AGTM parsing failed flags.readFromStream(s) at 159
08-20 23:38:42.627   477   577 W skia    : AGTM parsing failed flags.readFromStream(s) at 159
08-20 23:38:42.627   477   577 W skia    : AGTM parsing failed flags.readFromStream(s) at 159
08-20 23:38:42.632  1043  1043 D BaseActivity: Launcher flags updated: [state_started|state_resumed|state_deferred_resumed|state_window_focused|state_user_active] +[state_window_focused]
08-20 23:38:42.633   642   760 I ImeTracker: com.google.android.apps.nexuslauncher:5427fd32: onRequestHide at ORIGIN_SERVER reason HIDE_UNSPECIFIED_WINDOW fromUser false userId 0 displayId 0
08-20 23:38:42.633  1043  1043 D InsetsController: hide(ime())
08-20 23:38:42.633  1043  1043 I ImeTracker: com.google.android.apps.nexuslauncher:5427fd32: onCancelled at PHASE_CLIENT_ALREADY_HIDDEN
08-20 23:38:42.633  1542  1542 I SubtypeOperator: SubtypeOperator$1.onUnbindInput():43 
08-20 23:38:42.634  1542  1542 I SubtypeOperator: SubtypeOperator$1.onBindInput():33 
08-20 23:38:42.634   642   760 W InputChannel-JNI: Channel already disposed.
08-20 23:38:42.634  1542  1542 I GoogleInputMethodService: GoogleInputMethodService.onFinishInput():2361 
08-20 23:38:42.635  1542  1542 I GoogleInputMethodService: GoogleInputMethodService.onStartInput():1532 onStartInput(EditorInfo{EditorInfo{packageName=com.google.android.apps.nexuslauncher, inputType=0, inputTypeString=NULL, enableLearning=false, autoCorrection=false, autoComplete=false, imeOptions=0, privateImeOptions=null, actionName=UNSPECIFIED, actionLabel=null, initialSelStart=-1, initialSelEnd=-1, initialCapsMode=0, label=null, fieldId=0, fieldName=null, extras=null, hintText=null, hintLocales=[]}}, false)
08-20 23:38:42.635  1542  1542 I LatinIMEBase: LatinIMEBase.updateInputViewCoverNavigation():316 Update input view padding, isNavbarOverInputWindow=true, bottom inset=144
08-20 23:38:42.635  1542 12396 I Module  : DeviceLockedStatusModuleProvider$Module.updateDeviceLockedStatusInternal():119 repeatCheckTimes = 0, locked = false
08-20 23:38:42.635   642   709 I ImeTracker: system_server:d969b8c3: onRequestHide at ORIGIN_SERVER reason IME_REQUESTED_CHANGED_LISTENER fromUser false displayId 0
08-20 23:38:42.635  1542 12398 I Module  : DeviceLockedStatusModuleProvider$Module.updateDeviceLockedStatusInternal():119 repeatCheckTimes = 1, locked = false
08-20 23:38:42.635   642   663 I ImeTracker: system_server:d969b8c3: onCancelled at PHASE_SERVER_SHOULD_HIDE
08-20 23:38:42.635   642   709 W PackageConfigPersister: App-specific configuration not found for packageName: com.google.android.apps.nexuslauncher and userId: 0
08-20 23:38:42.639  1043  1043 V BaseDepthController: Applying blur: 0 to Surface(name=VRI-com.google.android.apps.nexuslauncher/com.google.android.apps.nexuslauncher.NexusLauncherActivity#541)/@0x70ee6d2 applyImmediately: false
08-20 23:38:42.639  1043  1043 D BaseDepthController: shouldBlurWorkspace: false targetState: Normal currentStableState: Normal mCurrentBlur: 0 mLauncher.getDepthBlurTargets(): [com.android.launcher3.Workspace{e9ed86c V.ED..... ........ 0,0-1344,2992 #7f0a0486 app:id/workspace}, com.android.launcher3.Hotseat{41873a3 V.ED..... .......D 0,2425-1344,2992 #7f0a01f6 app:id/hotseat}]
08-20 23:38:42.639   477   577 W skia    : AGTM parsing failed flags.readFromStream(s) at 159
08-20 23:38:42.639   477   577 W skia    : AGTM parsing failed flags.readFromStream(s) at 159
08-20 23:38:42.639   477   577 W skia    : AGTM parsing failed flags.readFromStream(s) at 159
08-20 23:38:42.639   477   577 W skia    : AGTM parsing failed flags.readFromStream(s) at 159
08-20 23:38:42.639   477   577 W skia    : AGTM parsing failed flags.readFromStream(s) at 159
08-20 23:38:42.639   477   577 W skia    : AGTM parsing failed flags.readFromStream(s) at 159
08-20 23:38:42.639   477   577 W skia    : AGTM parsing failed flags.readFromStream(s) at 159
08-20 23:38:42.639   477   577 W skia    : AGTM parsing failed flags.readFromStream(s) at 159
08-20 23:38:42.656   477   577 W skia    : AGTM parsing failed flags.readFromStream(s) at 159
08-20 23:38:42.656   477   577 W skia    : AGTM parsing failed flags.readFromStream(s) at 159
08-20 23:38:42.656   477   577 W skia    : AGTM parsing failed flags.readFromStream(s) at 159
08-20 23:38:42.656   477   577 W skia    : AGTM parsing failed flags.readFromStream(s) at 159
08-20 23:38:42.656   477   577 W skia    : AGTM parsing failed flags.readFromStream(s) at 159
08-20 23:38:42.656   477   577 W skia    : AGTM parsing failed flags.readFromStream(s) at 159
08-20 23:38:42.656   477   577 W skia    : AGTM parsing failed flags.readFromStream(s) at 159
08-20 23:38:42.656   477   577 W skia    : AGTM parsing failed flags.readFromStream(s) at 159
08-20 23:38:42.657  1043  1043 V BaseDepthController: Applying blur: 0 to Surface(name=VRI-com.google.android.apps.nexuslauncher/com.google.android.apps.nexuslauncher.NexusLauncherActivity#541)/@0x70ee6d2 applyImmediately: false
08-20 23:38:42.657  1043  1043 D BaseDepthController: shouldBlurWorkspace: false targetState: Normal currentStableState: Normal mCurrentBlur: 0 mLauncher.getDepthBlurTargets(): [com.android.launcher3.Workspace{e9ed86c V.ED..... ........ 0,0-1344,2992 #7f0a0486 app:id/workspace}, com.android.launcher3.Hotseat{41873a3 V.ED..... .......D 0,2425-1344,2992 #7f0a01f6 app:id/hotseat}]
08-20 23:38:42.668   894  1032 V RecentTasksController: Notify recent tasks changed
08-20 23:38:42.668  1043  1043 D RecentTasksList: invalidateLoadedTasks - previous requestLoadId: -1
08-20 23:38:42.668   894  1032 V RecentTasksController: generateList(getRecentTasks)
08-20 23:38:42.668   894  1032 V RecentTasksController: initializeDesksMap - allDeskIds: []
08-20 23:38:42.668   894  1032 V RecentTasksController: Task 582 is not an active desktop task
08-20 23:38:42.668   894  1032 V RecentTasksController: Added fullscreen task: 582
08-20 23:38:42.668   894  1032 V RecentTasksController: Task 507 is not an active desktop task
08-20 23:38:42.668   894  1032 V RecentTasksController: Added fullscreen task: 507
08-20 23:38:42.668   894  1032 V RecentTasksController: generateList - complete
08-20 23:38:42.669  1043  1097 D PreloadThumbnailUseCase: Preloading thumbnails for task ids: [[id=507 windowingMode=0 user=0 lastActiveTime=7773] null, [id=582 windowingMode=1 user=0 lastActiveTime=9158504] null]
08-20 23:38:42.672   477   577 W skia    : AGTM parsing failed flags.readFromStream(s) at 159
08-20 23:38:42.672   477   577 W skia    : AGTM parsing failed flags.readFromStream(s) at 159
08-20 23:38:42.672  1043  1043 V BaseDepthController: Applying blur: 0 to Surface(name=VRI-com.google.android.apps.nexuslauncher/com.google.android.apps.nexuslauncher.NexusLauncherActivity#541)/@0x70ee6d2 applyImmediately: false
08-20 23:38:42.672   477   577 W skia    : AGTM parsing failed flags.readFromStream(s) at 159
08-20 23:38:42.672   477   577 W skia    : AGTM parsing failed flags.readFromStream(s) at 159
08-20 23:38:42.672   477   577 W skia    : AGTM parsing failed flags.readFromStream(s) at 159
08-20 23:38:42.672  1043  1043 D BaseDepthController: shouldBlurWorkspace: false targetState: Normal currentStableState: Normal mCurrentBlur: 0 mLauncher.getDepthBlurTargets(): [com.android.launcher3.Workspace{e9ed86c V.ED..... ........ 0,0-1344,2992 #7f0a0486 app:id/workspace}, com.android.launcher3.Hotseat{41873a3 V.ED..... ........ 0,2425-1344,2992 #7f0a01f6 app:id/hotseat}]
08-20 23:38:42.672   477   577 W skia    : AGTM parsing failed flags.readFromStream(s) at 159
08-20 23:38:42.673   477   577 W skia    : AGTM parsing failed flags.readFromStream(s) at 159
08-20 23:38:42.673   477   577 W skia    : AGTM parsing failed flags.readFromStream(s) at 159
08-20 23:38:42.690   477   577 W skia    : AGTM parsing failed flags.readFromStream(s) at 159
08-20 23:38:42.690   477   577 W skia    : AGTM parsing failed flags.readFromStream(s) at 159
08-20 23:38:42.690   477   577 W skia    : AGTM parsing failed flags.readFromStream(s) at 159
08-20 23:38:42.690   477   577 W skia    : AGTM parsing failed flags.readFromStream(s) at 159
08-20 23:38:42.690   477   577 W skia    : AGTM parsing failed flags.readFromStream(s) at 159
08-20 23:38:42.690   477   577 W skia    : AGTM parsing failed flags.readFromStream(s) at 159
08-20 23:38:42.690   477   577 W skia    : AGTM parsing failed flags.readFromStream(s) at 159
08-20 23:38:42.690   477   577 W skia    : AGTM parsing failed flags.readFromStream(s) at 159
08-20 23:38:42.691  1043  1043 V BaseDepthController: Applying blur: 0 to Surface(name=VRI-com.google.android.apps.nexuslauncher/com.google.android.apps.nexuslauncher.NexusLauncherActivity#541)/@0x70ee6d2 applyImmediately: false
08-20 23:38:42.691  1043  1043 D BaseDepthController: shouldBlurWorkspace: false targetState: Normal currentStableState: Normal mCurrentBlur: 0 mLauncher.getDepthBlurTargets(): [com.android.launcher3.Workspace{e9ed86c V.ED..... ........ 0,0-1344,2992 #7f0a0486 app:id/workspace}, com.android.launcher3.Hotseat{41873a3 V.ED..... ........ 0,2425-1344,2992 #7f0a01f6 app:id/hotseat}]
08-20 23:38:42.693   477   577 W skia    : AGTM parsing failed flags.readFromStream(s) at 159
08-20 23:38:42.693   477   577 W skia    : AGTM parsing failed flags.readFromStream(s) at 159
08-20 23:38:42.707   477   577 W skia    : AGTM parsing failed flags.readFromStream(s) at 159
08-20 23:38:42.707   477   577 W skia    : AGTM parsing failed flags.readFromStream(s) at 159
08-20 23:38:42.707   477   577 W skia    : AGTM parsing failed flags.readFromStream(s) at 159
08-20 23:38:42.707   477   577 W skia    : AGTM parsing failed flags.readFromStream(s) at 159
08-20 23:38:42.707   477   577 W skia    : AGTM parsing failed flags.readFromStream(s) at 159
08-20 23:38:42.707   477   577 W skia    : AGTM parsing failed flags.readFromStream(s) at 159
08-20 23:38:42.707   477   577 W skia    : AGTM parsing failed flags.readFromStream(s) at 159
08-20 23:38:42.707   477   577 W skia    : AGTM parsing failed flags.readFromStream(s) at 159
08-20 23:38:42.707  1043  1043 V BaseDepthController: Applying blur: 0 to Surface(name=VRI-com.google.android.apps.nexuslauncher/com.google.android.apps.nexuslauncher.NexusLauncherActivity#541)/@0x70ee6d2 applyImmediately: false
08-20 23:38:42.707  1043  1043 D BaseDepthController: shouldBlurWorkspace: false targetState: Normal currentStableState: Normal mCurrentBlur: 0 mLauncher.getDepthBlurTargets(): [com.android.launcher3.Workspace{e9ed86c V.ED..... ........ 0,0-1344,2992 #7f0a0486 app:id/workspace}, com.android.launcher3.Hotseat{41873a3 V.ED..... ........ 0,2425-1344,2992 #7f0a01f6 app:id/hotseat}]
08-20 23:38:42.723  1043  1043 V BaseDepthController: Applying blur: 0 to Surface(name=VRI-com.google.android.apps.nexuslauncher/com.google.android.apps.nexuslauncher.NexusLauncherActivity#541)/@0x70ee6d2 applyImmediately: false
08-20 23:38:42.723   477   577 W skia    : AGTM parsing failed flags.readFromStream(s) at 159
08-20 23:38:42.723  1043  1043 D BaseDepthController: shouldBlurWorkspace: false targetState: Normal currentStableState: Normal mCurrentBlur: 0 mLauncher.getDepthBlurTargets(): [com.android.launcher3.Workspace{e9ed86c V.ED..... ........ 0,0-1344,2992 #7f0a0486 app:id/workspace}, com.android.launcher3.Hotseat{41873a3 V.ED..... ........ 0,2425-1344,2992 #7f0a01f6 app:id/hotseat}]
08-20 23:38:42.723   477   577 W skia    : AGTM parsing failed flags.readFromStream(s) at 159
08-20 23:38:42.723   477   577 W skia    : AGTM parsing failed flags.readFromStream(s) at 159
08-20 23:38:42.723   477   577 W skia    : AGTM parsing failed flags.readFromStream(s) at 159
08-20 23:38:42.723   477   577 W skia    : AGTM parsing failed flags.readFromStream(s) at 159
08-20 23:38:42.723   477   577 W skia    : AGTM parsing failed flags.readFromStream(s) at 159
08-20 23:38:42.723   477   577 W skia    : AGTM parsing failed flags.readFromStream(s) at 159
08-20 23:38:42.723   477   577 W skia    : AGTM parsing failed flags.readFromStream(s) at 159
08-20 23:38:42.739  1043  1043 V BaseDepthController: Applying blur: 0 to Surface(name=VRI-com.google.android.apps.nexuslauncher/com.google.android.apps.nexuslauncher.NexusLauncherActivity#541)/@0x70ee6d2 applyImmediately: false
08-20 23:38:42.739  1043  1043 D BaseDepthController: shouldBlurWorkspace: false targetState: Normal currentStableState: Normal mCurrentBlur: 0 mLauncher.getDepthBlurTargets(): [com.android.launcher3.Workspace{e9ed86c V.ED..... ........ 0,0-1344,2992 #7f0a0486 app:id/workspace}, com.android.launcher3.Hotseat{41873a3 V.ED..... ........ 0,2425-1344,2992 #7f0a01f6 app:id/hotseat}]
08-20 23:38:42.739   477   577 W skia    : AGTM parsing failed flags.readFromStream(s) at 159
08-20 23:38:42.739   477   577 W skia    : AGTM parsing failed flags.readFromStream(s) at 159
08-20 23:38:42.739   477   577 W skia    : AGTM parsing failed flags.readFromStream(s) at 159
08-20 23:38:42.739   477   577 W skia    : AGTM parsing failed flags.readFromStream(s) at 159
08-20 23:38:42.739   477   577 W skia    : AGTM parsing failed flags.readFromStream(s) at 159
08-20 23:38:42.739   477   577 W skia    : AGTM parsing failed flags.readFromStream(s) at 159
08-20 23:38:42.739   477   577 W skia    : AGTM parsing failed flags.readFromStream(s) at 159
08-20 23:38:42.739   477   577 W skia    : AGTM parsing failed flags.readFromStream(s) at 159
08-20 23:38:42.757   477   577 W skia    : AGTM parsing failed flags.readFromStream(s) at 159
08-20 23:38:42.757  1043  1043 V BaseDepthController: Applying blur: 0 to Surface(name=VRI-com.google.android.apps.nexuslauncher/com.google.android.apps.nexuslauncher.NexusLauncherActivity#541)/@0x70ee6d2 applyImmediately: false
08-20 23:38:42.757   477   577 W skia    : AGTM parsing failed flags.readFromStream(s) at 159
08-20 23:38:42.757  1043  1043 D BaseDepthController: shouldBlurWorkspace: false targetState: Normal currentStableState: Normal mCurrentBlur: 0 mLauncher.getDepthBlurTargets(): [com.android.launcher3.Workspace{e9ed86c V.ED..... ........ 0,0-1344,2992 #7f0a0486 app:id/workspace}, com.android.launcher3.Hotseat{41873a3 V.ED..... ........ 0,2425-1344,2992 #7f0a01f6 app:id/hotseat}]
08-20 23:38:42.757   477   577 W skia    : AGTM parsing failed flags.readFromStream(s) at 159
08-20 23:38:42.757   477   577 W skia    : AGTM parsing failed flags.readFromStream(s) at 159
08-20 23:38:42.757   477   577 W skia    : AGTM parsing failed flags.readFromStream(s) at 159
08-20 23:38:42.757   477   577 W skia    : AGTM parsing failed flags.readFromStream(s) at 159
08-20 23:38:42.757   477   577 W skia    : AGTM parsing failed flags.readFromStream(s) at 159
08-20 23:38:42.757   477   577 W skia    : AGTM parsing failed flags.readFromStream(s) at 159
08-20 23:38:42.775  1043  1043 V BaseDepthController: Applying blur: 0 to Surface(name=VRI-com.google.android.apps.nexuslauncher/com.google.android.apps.nexuslauncher.NexusLauncherActivity#541)/@0x70ee6d2 applyImmediately: false
08-20 23:38:42.775  1043  1043 D BaseDepthController: shouldBlurWorkspace: false targetState: Normal currentStableState: Normal mCurrentBlur: 0 mLauncher.getDepthBlurTargets(): [com.android.launcher3.Workspace{e9ed86c V.ED..... ........ 0,0-1344,2992 #7f0a0486 app:id/workspace}, com.android.launcher3.Hotseat{41873a3 V.ED..... ........ 0,2425-1344,2992 #7f0a01f6 app:id/hotseat}]
08-20 23:38:42.791  1043  1043 V BaseDepthController: Applying blur: 0 to Surface(name=VRI-com.google.android.apps.nexuslauncher/com.google.android.apps.nexuslauncher.NexusLauncherActivity#541)/@0x70ee6d2 applyImmediately: false
08-20 23:38:42.792  1043  1043 D BaseDepthController: shouldBlurWorkspace: false targetState: Normal currentStableState: Normal mCurrentBlur: 0 mLauncher.getDepthBlurTargets(): [com.android.launcher3.Workspace{e9ed86c V.ED..... ........ 0,0-1344,2992 #7f0a0486 app:id/workspace}, com.android.launcher3.Hotseat{41873a3 V.ED..... ........ 0,2425-1344,2992 #7f0a01f6 app:id/hotseat}]
08-20 23:38:42.793   477   577 W skia    : AGTM parsing failed flags.readFromStream(s) at 159
08-20 23:38:42.793   477   577 W skia    : AGTM parsing failed flags.readFromStream(s) at 159
08-20 23:38:42.806  1043  1043 V BaseDepthController: Applying blur: 0 to Surface(name=VRI-com.google.android.apps.nexuslauncher/com.google.android.apps.nexuslauncher.NexusLauncherActivity#541)/@0x70ee6d2 applyImmediately: false
08-20 23:38:42.806  1043  1043 D BaseDepthController: setEarlyWakeup: true
08-20 23:38:42.806  1043  1043 D BaseDepthController: shouldBlurWorkspace: false targetState: Normal currentStableState: Normal mCurrentBlur: 0 mLauncher.getDepthBlurTargets(): [com.android.launcher3.Workspace{e9ed86c V.ED..... ........ 0,0-1344,2992 #7f0a0486 app:id/workspace}, com.android.launcher3.Hotseat{41873a3 V.ED..... ........ 0,2425-1344,2992 #7f0a01f6 app:id/hotseat}]
08-20 23:38:42.826  1043  1043 V BaseDepthController: Applying blur: 0 to Surface(name=VRI-com.google.android.apps.nexuslauncher/com.google.android.apps.nexuslauncher.NexusLauncherActivity#541)/@0x70ee6d2 applyImmediately: false
08-20 23:38:42.826  1043  1043 D BaseDepthController: shouldBlurWorkspace: false targetState: Normal currentStableState: Normal mCurrentBlur: 0 mLauncher.getDepthBlurTargets(): [com.android.launcher3.Workspace{e9ed86c V.ED..... ........ 0,0-1344,2992 #7f0a0486 app:id/workspace}, com.android.launcher3.Hotseat{41873a3 V.ED..... ........ 0,2425-1344,2992 #7f0a01f6 app:id/hotseat}]
08-20 23:38:42.839  1043  1043 V BaseDepthController: Applying blur: 0 to Surface(name=VRI-com.google.android.apps.nexuslauncher/com.google.android.apps.nexuslauncher.NexusLauncherActivity#541)/@0x70ee6d2 applyImmediately: false
08-20 23:38:42.839  1043  1043 D BaseDepthController: shouldBlurWorkspace: false targetState: Normal currentStableState: Normal mCurrentBlur: 0 mLauncher.getDepthBlurTargets(): [com.android.launcher3.Workspace{e9ed86c V.ED..... ........ 0,0-1344,2992 #7f0a0486 app:id/workspace}, com.android.launcher3.Hotseat{41873a3 V.ED..... ........ 0,2425-1344,2992 #7f0a01f6 app:id/hotseat}]
08-20 23:38:42.856  1043  1043 V BaseDepthController: Applying blur: 0 to Surface(name=VRI-com.google.android.apps.nexuslauncher/com.google.android.apps.nexuslauncher.NexusLauncherActivity#541)/@0x70ee6d2 applyImmediately: false
08-20 23:38:42.856  1043  1043 D BaseDepthController: shouldBlurWorkspace: false targetState: Normal currentStableState: Normal mCurrentBlur: 0 mLauncher.getDepthBlurTargets(): [com.android.launcher3.Workspace{e9ed86c V.ED..... ........ 0,0-1344,2992 #7f0a0486 app:id/workspace}, com.android.launcher3.Hotseat{41873a3 V.ED..... ........ 0,2425-1344,2992 #7f0a01f6 app:id/hotseat}]
08-20 23:38:42.873  1043  1043 V BaseDepthController: Applying blur: 0 to Surface(name=VRI-com.google.android.apps.nexuslauncher/com.google.android.apps.nexuslauncher.NexusLauncherActivity#541)/@0x70ee6d2 applyImmediately: false
08-20 23:38:42.873  1043  1043 D BaseDepthController: shouldBlurWorkspace: false targetState: Normal currentStableState: Normal mCurrentBlur: 0 mLauncher.getDepthBlurTargets(): [com.android.launcher3.Workspace{e9ed86c V.ED..... ........ 0,0-1344,2992 #7f0a0486 app:id/workspace}, com.android.launcher3.Hotseat{41873a3 V.ED..... ........ 0,2425-1344,2992 #7f0a01f6 app:id/hotseat}]
08-20 23:38:42.893  1043  1043 V BaseDepthController: Applying blur: 0 to Surface(name=VRI-com.google.android.apps.nexuslauncher/com.google.android.apps.nexuslauncher.NexusLauncherActivity#541)/@0x70ee6d2 applyImmediately: false
08-20 23:38:42.894  1043  1043 D BaseDepthController: shouldBlurWorkspace: false targetState: Normal currentStableState: Normal mCurrentBlur: 0 mLauncher.getDepthBlurTargets(): [com.android.launcher3.Workspace{e9ed86c V.ED..... ........ 0,0-1344,2992 #7f0a0486 app:id/workspace}, com.android.launcher3.Hotseat{41873a3 V.ED..... ........ 0,2425-1344,2992 #7f0a01f6 app:id/hotseat}]
08-20 23:38:42.895   477   577 W skia    : AGTM parsing failed flags.readFromStream(s) at 159
08-20 23:38:42.895   477   577 W skia    : AGTM parsing failed flags.readFromStream(s) at 159
08-20 23:38:42.908  1043  1043 V BaseDepthController: Applying blur: 0 to Surface(name=VRI-com.google.android.apps.nexuslauncher/com.google.android.apps.nexuslauncher.NexusLauncherActivity#541)/@0x70ee6d2 applyImmediately: false
08-20 23:38:42.908  1043  1043 D BaseDepthController: shouldBlurWorkspace: false targetState: Normal currentStableState: Normal mCurrentBlur: 0 mLauncher.getDepthBlurTargets(): [com.android.launcher3.Workspace{e9ed86c V.ED..... ........ 0,0-1344,2992 #7f0a0486 app:id/workspace}, com.android.launcher3.Hotseat{41873a3 V.ED..... ........ 0,2425-1344,2992 #7f0a01f6 app:id/hotseat}]
08-20 23:38:42.923  1043  1043 V BaseDepthController: Applying blur: 0 to Surface(name=VRI-com.google.android.apps.nexuslauncher/com.google.android.apps.nexuslauncher.NexusLauncherActivity#541)/@0x70ee6d2 applyImmediately: false
08-20 23:38:42.923  1043  1043 D BaseDepthController: shouldBlurWorkspace: false targetState: Normal currentStableState: Normal mCurrentBlur: 0 mLauncher.getDepthBlurTargets(): [com.android.launcher3.Workspace{e9ed86c V.ED..... ........ 0,0-1344,2992 #7f0a0486 app:id/workspace}, com.android.launcher3.Hotseat{41873a3 V.ED..... ........ 0,2425-1344,2992 #7f0a01f6 app:id/hotseat}]
08-20 23:38:42.940   880   880 I wpa_supplicant: wlan0: CTRL-EVENT-BEACON-LOSS 
08-20 23:38:42.941  1043  1043 V BaseDepthController: Applying blur: 0 to Surface(name=VRI-com.google.android.apps.nexuslauncher/com.google.android.apps.nexuslauncher.NexusLauncherActivity#541)/@0x70ee6d2 applyImmediately: false
08-20 23:38:42.941  1043  1043 D BaseDepthController: shouldBlurWorkspace: false targetState: Normal currentStableState: Normal mCurrentBlur: 0 mLauncher.getDepthBlurTargets(): [com.android.launcher3.Workspace{e9ed86c V.ED..... ........ 0,0-1344,2992 #7f0a0486 app:id/workspace}, com.android.launcher3.Hotseat{41873a3 V.ED..... ........ 0,2425-1344,2992 #7f0a01f6 app:id/hotseat}]
08-20 23:38:42.959  1043  1043 V BaseDepthController: Applying blur: 0 to Surface(name=VRI-com.google.android.apps.nexuslauncher/com.google.android.apps.nexuslauncher.NexusLauncherActivity#541)/@0x70ee6d2 applyImmediately: false
08-20 23:38:42.959  1043  1043 D BaseDepthController: shouldBlurWorkspace: false targetState: Normal currentStableState: Normal mCurrentBlur: 0 mLauncher.getDepthBlurTargets(): [com.android.launcher3.Workspace{e9ed86c V.ED..... ........ 0,0-1344,2992 #7f0a0486 app:id/workspace}, com.android.launcher3.Hotseat{41873a3 V.ED..... ........ 0,2425-1344,2992 #7f0a01f6 app:id/hotseat}]
08-20 23:38:42.972  1043  1043 V BaseDepthController: Applying blur: 0 to Surface(name=VRI-com.google.android.apps.nexuslauncher/com.google.android.apps.nexuslauncher.NexusLauncherActivity#541)/@0x70ee6d2 applyImmediately: false
08-20 23:38:42.972  1043  1043 D BaseDepthController: shouldBlurWorkspace: false targetState: Normal currentStableState: Normal mCurrentBlur: 0 mLauncher.getDepthBlurTargets(): [com.android.launcher3.Workspace{e9ed86c V.ED..... ........ 0,0-1344,2992 #7f0a0486 app:id/workspace}, com.android.launcher3.Hotseat{41873a3 V.ED..... ........ 0,2425-1344,2992 #7f0a01f6 app:id/hotseat}]
08-20 23:38:42.991  1043  1043 V BaseDepthController: Applying blur: 0 to Surface(name=VRI-com.google.android.apps.nexuslauncher/com.google.android.apps.nexuslauncher.NexusLauncherActivity#541)/@0x70ee6d2 applyImmediately: false
08-20 23:38:42.992  1043  1043 D BaseDepthController: shouldBlurWorkspace: false targetState: Normal currentStableState: Normal mCurrentBlur: 0 mLauncher.getDepthBlurTargets(): [com.android.launcher3.Workspace{e9ed86c V.ED..... ........ 0,0-1344,2992 #7f0a0486 app:id/workspace}, com.android.launcher3.Hotseat{41873a3 V.ED..... ........ 0,2425-1344,2992 #7f0a01f6 app:id/hotseat}]
08-20 23:38:42.996   477   577 W skia    : AGTM parsing failed flags.readFromStream(s) at 159
08-20 23:38:42.996   477   577 W skia    : AGTM parsing failed flags.readFromStream(s) at 159
08-20 23:38:43.006  1043  1043 V BaseDepthController: Applying blur: 0 to Surface(name=VRI-com.google.android.apps.nexuslauncher/com.google.android.apps.nexuslauncher.NexusLauncherActivity#541)/@0x70ee6d2 applyImmediately: false
08-20 23:38:43.006  1043  1043 D BaseDepthController: shouldBlurWorkspace: false targetState: Normal currentStableState: Normal mCurrentBlur: 0 mLauncher.getDepthBlurTargets(): [com.android.launcher3.Workspace{e9ed86c V.ED..... ........ 0,0-1344,2992 #7f0a0486 app:id/workspace}, com.android.launcher3.Hotseat{41873a3 V.ED..... ........ 0,2425-1344,2992 #7f0a01f6 app:id/hotseat}]
08-20 23:38:43.024  1043  1043 V BaseDepthController: Applying blur: 0 to Surface(name=VRI-com.google.android.apps.nexuslauncher/com.google.android.apps.nexuslauncher.NexusLauncherActivity#541)/@0x70ee6d2 applyImmediately: false
08-20 23:38:43.025  1043  1043 D BaseDepthController: shouldBlurWorkspace: false targetState: Normal currentStableState: Normal mCurrentBlur: 0 mLauncher.getDepthBlurTargets(): [com.android.launcher3.Workspace{e9ed86c V.ED..... ........ 0,0-1344,2992 #7f0a0486 app:id/workspace}, com.android.launcher3.Hotseat{41873a3 V.ED..... ........ 0,2425-1344,2992 #7f0a01f6 app:id/hotseat}]
08-20 23:38:43.040  1043  1043 V BaseDepthController: Applying blur: 0 to Surface(name=VRI-com.google.android.apps.nexuslauncher/com.google.android.apps.nexuslauncher.NexusLauncherActivity#541)/@0x70ee6d2 applyImmediately: false
08-20 23:38:43.040  1043  1043 D BaseDepthController: shouldBlurWorkspace: false targetState: Normal currentStableState: Normal mCurrentBlur: 0 mLauncher.getDepthBlurTargets(): [com.android.launcher3.Workspace{e9ed86c V.ED..... ........ 0,0-1344,2992 #7f0a0486 app:id/workspace}, com.android.launcher3.Hotseat{41873a3 V.ED..... ........ 0,2425-1344,2992 #7f0a01f6 app:id/hotseat}]
08-20 23:38:43.059  1043  1043 V BaseDepthController: Applying blur: 0 to Surface(name=VRI-com.google.android.apps.nexuslauncher/com.google.android.apps.nexuslauncher.NexusLauncherActivity#541)/@0x70ee6d2 applyImmediately: false
08-20 23:38:43.059  1043  1043 D BaseDepthController: shouldBlurWorkspace: false targetState: Normal currentStableState: Normal mCurrentBlur: 0 mLauncher.getDepthBlurTargets(): [com.android.launcher3.Workspace{e9ed86c V.ED..... ........ 0,0-1344,2992 #7f0a0486 app:id/workspace}, com.android.launcher3.Hotseat{41873a3 V.ED..... ........ 0,2425-1344,2992 #7f0a01f6 app:id/hotseat}]
08-20 23:38:43.073  1043  1043 V BaseDepthController: Applying blur: 0 to Surface(name=VRI-com.google.android.apps.nexuslauncher/com.google.android.apps.nexuslauncher.NexusLauncherActivity#541)/@0x70ee6d2 applyImmediately: false
08-20 23:38:43.073  1043  1043 D BaseDepthController: shouldBlurWorkspace: false targetState: Normal currentStableState: Normal mCurrentBlur: 0 mLauncher.getDepthBlurTargets(): [com.android.launcher3.Workspace{e9ed86c V.ED..... ........ 0,0-1344,2992 #7f0a0486 app:id/workspace}, com.android.launcher3.Hotseat{41873a3 V.ED..... ........ 0,2425-1344,2992 #7f0a01f6 app:id/hotseat}]
08-20 23:38:43.090  1043  1043 V BaseDepthController: Applying blur: 0 to Surface(name=VRI-com.google.android.apps.nexuslauncher/com.google.android.apps.nexuslauncher.NexusLauncherActivity#541)/@0x70ee6d2 applyImmediately: false
08-20 23:38:43.090  1043  1043 D BaseDepthController: shouldBlurWorkspace: false targetState: Normal currentStableState: Normal mCurrentBlur: 0 mLauncher.getDepthBlurTargets(): [com.android.launcher3.Workspace{e9ed86c V.ED..... ........ 0,0-1344,2992 #7f0a0486 app:id/workspace}, com.android.launcher3.Hotseat{41873a3 V.ED..... ........ 0,2425-1344,2992 #7f0a01f6 app:id/hotseat}]
08-20 23:38:43.097   477   577 W skia    : AGTM parsing failed flags.readFromStream(s) at 159
08-20 23:38:43.097   477   577 W skia    : AGTM parsing failed flags.readFromStream(s) at 159
08-20 23:38:43.108  1043  1043 V BaseDepthController: Applying blur: 0 to Surface(name=VRI-com.google.android.apps.nexuslauncher/com.google.android.apps.nexuslauncher.NexusLauncherActivity#541)/@0x70ee6d2 applyImmediately: false
08-20 23:38:43.108  1043  1043 D BaseDepthController: shouldBlurWorkspace: false targetState: Normal currentStableState: Normal mCurrentBlur: 0 mLauncher.getDepthBlurTargets(): [com.android.launcher3.Workspace{e9ed86c V.ED..... ........ 0,0-1344,2992 #7f0a0486 app:id/workspace}, com.android.launcher3.Hotseat{41873a3 V.ED..... ........ 0,2425-1344,2992 #7f0a01f6 app:id/hotseat}]
08-20 23:38:43.125  1043  1043 V BaseDepthController: Applying blur: 0 to Surface(name=VRI-com.google.android.apps.nexuslauncher/com.google.android.apps.nexuslauncher.NexusLauncherActivity#541)/@0x70ee6d2 applyImmediately: false
08-20 23:38:43.125  1043  1043 D BaseDepthController: shouldBlurWorkspace: false targetState: Normal currentStableState: Normal mCurrentBlur: 0 mLauncher.getDepthBlurTargets(): [com.android.launcher3.Workspace{e9ed86c V.ED..... ........ 0,0-1344,2992 #7f0a0486 app:id/workspace}, com.android.launcher3.Hotseat{41873a3 V.ED..... ........ 0,2425-1344,2992 #7f0a01f6 app:id/hotseat}]
08-20 23:38:43.140  1043  1043 V BaseDepthController: Applying blur: 0 to Surface(name=VRI-com.google.android.apps.nexuslauncher/com.google.android.apps.nexuslauncher.NexusLauncherActivity#541)/@0x70ee6d2 applyImmediately: false
08-20 23:38:43.140  1043  1043 D BaseDepthController: shouldBlurWorkspace: false targetState: Normal currentStableState: Normal mCurrentBlur: 0 mLauncher.getDepthBlurTargets(): [com.android.launcher3.Workspace{e9ed86c V.ED..... ........ 0,0-1344,2992 #7f0a0486 app:id/workspace}, com.android.launcher3.Hotseat{41873a3 V.ED..... ........ 0,2425-1344,2992 #7f0a01f6 app:id/hotseat}]
08-20 23:38:43.158  1043  1043 V BaseDepthController: Applying blur: 0 to Surface(name=VRI-com.google.android.apps.nexuslauncher/com.google.android.apps.nexuslauncher.NexusLauncherActivity#541)/@0x70ee6d2 applyImmediately: false
08-20 23:38:43.158  1043  1043 D BaseDepthController: shouldBlurWorkspace: false targetState: Normal currentStableState: Normal mCurrentBlur: 0 mLauncher.getDepthBlurTargets(): [com.android.launcher3.Workspace{e9ed86c V.ED..... ........ 0,0-1344,2992 #7f0a0486 app:id/workspace}, com.android.launcher3.Hotseat{41873a3 V.ED..... ........ 0,2425-1344,2992 #7f0a01f6 app:id/hotseat}]
08-20 23:38:43.174  1043  1043 V BaseDepthController: Applying blur: 0 to Surface(name=VRI-com.google.android.apps.nexuslauncher/com.google.android.apps.nexuslauncher.NexusLauncherActivity#541)/@0x70ee6d2 applyImmediately: false
08-20 23:38:43.174  1043  1043 D BaseDepthController: shouldBlurWorkspace: false targetState: Normal currentStableState: Normal mCurrentBlur: 0 mLauncher.getDepthBlurTargets(): [com.android.launcher3.Workspace{e9ed86c V.ED..... ........ 0,0-1344,2992 #7f0a0486 app:id/workspace}, com.android.launcher3.Hotseat{41873a3 V.ED..... ........ 0,2425-1344,2992 #7f0a01f6 app:id/hotseat}]
08-20 23:38:43.195  1043  1043 V BaseDepthController: Applying blur: 0 to Surface(name=VRI-com.google.android.apps.nexuslauncher/com.google.android.apps.nexuslauncher.NexusLauncherActivity#541)/@0x70ee6d2 applyImmediately: false
08-20 23:38:43.195  1043  1043 D BaseDepthController: shouldBlurWorkspace: false targetState: Normal currentStableState: Normal mCurrentBlur: 0 mLauncher.getDepthBlurTargets(): [com.android.launcher3.Workspace{e9ed86c V.ED..... ........ 0,0-1344,2992 #7f0a0486 app:id/workspace}, com.android.launcher3.Hotseat{41873a3 V.ED..... ........ 0,2425-1344,2992 #7f0a01f6 app:id/hotseat}]
08-20 23:38:43.197   477   577 W skia    : AGTM parsing failed flags.readFromStream(s) at 159
08-20 23:38:43.197   477   577 W skia    : AGTM parsing failed flags.readFromStream(s) at 159
08-20 23:38:43.207  1043  1043 V BaseDepthController: Applying blur: 0 to Surface(name=VRI-com.google.android.apps.nexuslauncher/com.google.android.apps.nexuslauncher.NexusLauncherActivity#541)/@0x70ee6d2 applyImmediately: false
08-20 23:38:43.207  1043  1043 D BaseDepthController: shouldBlurWorkspace: false targetState: Normal currentStableState: Normal mCurrentBlur: 0 mLauncher.getDepthBlurTargets(): [com.android.launcher3.Workspace{e9ed86c V.ED..... ........ 0,0-1344,2992 #7f0a0486 app:id/workspace}, com.android.launcher3.Hotseat{41873a3 V.ED..... ........ 0,2425-1344,2992 #7f0a01f6 app:id/hotseat}]
08-20 23:38:43.239  1043  1043 V BaseDepthController: Applying blur: 0 to Surface(name=VRI-com.google.android.apps.nexuslauncher/com.google.android.apps.nexuslauncher.NexusLauncherActivity#541)/@0x70ee6d2 applyImmediately: false
08-20 23:38:43.239  1043  1043 D BaseDepthController: shouldBlurWorkspace: false targetState: Normal currentStableState: Normal mCurrentBlur: 0 mLauncher.getDepthBlurTargets(): [com.android.launcher3.Workspace{e9ed86c V.ED..... ........ 0,0-1344,2992 #7f0a0486 app:id/workspace}, com.android.launcher3.Hotseat{41873a3 V.ED..... ........ 0,2425-1344,2992 #7f0a01f6 app:id/hotseat}]
08-20 23:38:43.258  1043  1043 V BaseDepthController: Applying blur: 0 to Surface(name=VRI-com.google.android.apps.nexuslauncher/com.google.android.apps.nexuslauncher.NexusLauncherActivity#541)/@0x70ee6d2 applyImmediately: false
08-20 23:38:43.258  1043  1043 D BaseDepthController: shouldBlurWorkspace: false targetState: Normal currentStableState: Normal mCurrentBlur: 0 mLauncher.getDepthBlurTargets(): [com.android.launcher3.Workspace{e9ed86c V.ED..... ........ 0,0-1344,2992 #7f0a0486 app:id/workspace}, com.android.launcher3.Hotseat{41873a3 V.ED..... ........ 0,2425-1344,2992 #7f0a01f6 app:id/hotseat}]
08-20 23:38:43.291  1043  1043 V BaseDepthController: Applying blur: 0 to Surface(name=VRI-com.google.android.apps.nexuslauncher/com.google.android.apps.nexuslauncher.NexusLauncherActivity#541)/@0x70ee6d2 applyImmediately: false
08-20 23:38:43.291  1043  1043 D BaseDepthController: shouldBlurWorkspace: false targetState: Normal currentStableState: Normal mCurrentBlur: 0 mLauncher.getDepthBlurTargets(): [com.android.launcher3.Workspace{e9ed86c V.ED..... ........ 0,0-1344,2992 #7f0a0486 app:id/workspace}, com.android.launcher3.Hotseat{41873a3 V.ED..... ........ 0,2425-1344,2992 #7f0a01f6 app:id/hotseat}]
08-20 23:38:43.300   477   577 W skia    : AGTM parsing failed flags.readFromStream(s) at 159
08-20 23:38:43.300   477   577 W skia    : AGTM parsing failed flags.readFromStream(s) at 159
08-20 23:38:43.324  1043  1043 V BaseDepthController: Applying blur: 0 to Surface(name=VRI-com.google.android.apps.nexuslauncher/com.google.android.apps.nexuslauncher.NexusLauncherActivity#541)/@0x70ee6d2 applyImmediately: false
08-20 23:38:43.324  1043  1043 D BaseDepthController: shouldBlurWorkspace: false targetState: Normal currentStableState: Normal mCurrentBlur: 0 mLauncher.getDepthBlurTargets(): [com.android.launcher3.Workspace{e9ed86c V.ED..... ........ 0,0-1344,2992 #7f0a0486 app:id/workspace}, com.android.launcher3.Hotseat{41873a3 V.ED..... ........ 0,2425-1344,2992 #7f0a01f6 app:id/hotseat}]
08-20 23:38:43.374  1043  1043 V BaseDepthController: Applying blur: 0 to Surface(name=VRI-com.google.android.apps.nexuslauncher/com.google.android.apps.nexuslauncher.NexusLauncherActivity#541)/@0x70ee6d2 applyImmediately: false
08-20 23:38:43.374  1043  1043 D BaseDepthController: shouldBlurWorkspace: false targetState: Normal currentStableState: Normal mCurrentBlur: 0 mLauncher.getDepthBlurTargets(): [com.android.launcher3.Workspace{e9ed86c V.ED..... ........ 0,0-1344,2992 #7f0a0486 app:id/workspace}, com.android.launcher3.Hotseat{41873a3 V.ED..... ........ 0,2425-1344,2992 #7f0a01f6 app:id/hotseat}]
08-20 23:38:43.410   477   577 W skia    : AGTM parsing failed flags.readFromStream(s) at 159
08-20 23:38:43.410   477   577 W skia    : AGTM parsing failed flags.readFromStream(s) at 159
08-20 23:38:43.439  1043  1043 V BaseDepthController: Applying blur: 0 to Surface(name=VRI-com.google.android.apps.nexuslauncher/com.google.android.apps.nexuslauncher.NexusLauncherActivity#541)/@0x70ee6d2 applyImmediately: false
08-20 23:38:43.439  1043  1043 D BaseDepthController: setEarlyWakeup: false
08-20 23:38:43.439  1043  1043 D BaseDepthController: shouldBlurWorkspace: false targetState: Normal currentStableState: Normal mCurrentBlur: 0 mLauncher.getDepthBlurTargets(): [com.android.launcher3.Workspace{e9ed86c V.ED..... ........ 0,0-1344,2992 #7f0a0486 app:id/workspace}, com.android.launcher3.Hotseat{41873a3 V.ED..... ........ 0,2425-1344,2992 #7f0a01f6 app:id/hotseat}]
08-20 23:38:43.511   477   577 W skia    : AGTM parsing failed flags.readFromStream(s) at 159
08-20 23:38:43.511   477   577 W skia    : AGTM parsing failed flags.readFromStream(s) at 159
08-20 23:38:43.586   479   479 I adbd    : adbd service requested 'shell,v2,TERM=xterm-256color,raw:am kill com.izzes.nears'
08-20 23:38:43.607  1043  1043 D ScalingWorkspaceRevealAnim: onAnimationEnd, workspace and hotseat are visible
08-20 23:38:43.607  1043  1043 V BaseDepthController: Applying blur: 0 to Surface(name=VRI-com.google.android.apps.nexuslauncher/com.google.android.apps.nexuslauncher.NexusLauncherActivity#541)/@0x70ee6d2 applyImmediately: false
08-20 23:38:43.607  1043  1043 D BaseDepthController: shouldBlurWorkspace: false targetState: Normal currentStableState: Normal mCurrentBlur: 0 mLauncher.getDepthBlurTargets(): [com.android.launcher3.Workspace{e9ed86c V.ED..... ......ID 0,0-1344,2992 #7f0a0486 app:id/workspace}, com.android.launcher3.Hotseat{41873a3 V.ED..... ......ID 0,2425-1344,2992 #7f0a01f6 app:id/hotseat}]
08-20 23:38:43.608   894 12378 V WindowManagerShell: Received remote transition finished callback for (#42)
08-20 23:38:43.608   894  1032 V WindowManagerShell: Transition animation finished (aborted=false), notifying core (#42) android.os.BinderProxy@28e9918@0
08-20 23:38:43.610   642   660 V WindowManager: Finish Transition (#42): created at 08-20 23:38:42.565 collect-started=0.01ms request-sent=2.342ms started=3.9ms ready=10.126ms sent=32.551ms commit=8.002ms finished=1044.695ms
08-20 23:38:43.610   894  1032 V WindowManagerShell: Track 0 became idle
08-20 23:38:43.610   894  1032 V WindowManagerShell: All active transition animations finished
08-20 23:38:43.611 11827 11827 D VRI[MainActivity]: visibilityChanged oldVisibility=true newVisibility=false
08-20 23:38:43.612   477   577 W skia    : AGTM parsing failed flags.readFromStream(s) at 159
08-20 23:38:43.612   477   577 W skia    : AGTM parsing failed flags.readFromStream(s) at 159
08-20 23:38:43.614   642   872 I Surface : Creating surface for consumer unnamed-642-6 with slotExpansion=1 for 64 slots
08-20 23:38:43.614   642   872 I Surface : Creating surface for consumer ImageReader-1075x2393f1m1-642-2 with slotExpansion=1 for 64 slots
08-20 23:38:43.614   642   872 W ImageReader_JNI: Unable to acquire a buffer item, very likely client tried to acquire more than maxImages buffers
08-20 23:38:43.620   642   872 E ConsumerBase: [ImageReader-1075x2393f1m1-642-2] abandonLocked: ConsumerBase is abandoned!
08-20 23:38:43.634 11827 11827 I AutofillManager: onInvisibleForAutofill(): expiringResponse
08-20 23:38:43.712   477   577 W skia    : AGTM parsing failed flags.readFromStream(s) at 159
08-20 23:38:43.712   477   577 W skia    : AGTM parsing failed flags.readFromStream(s) at 159
08-20 23:38:43.813   477   577 W skia    : AGTM parsing failed flags.readFromStream(s) at 159
08-20 23:38:43.813   477   577 W skia    : AGTM parsing failed flags.readFromStream(s) at 159
08-20 23:38:43.914   477   577 W skia    : AGTM parsing failed flags.readFromStream(s) at 159
08-20 23:38:43.914   477   577 W skia    : AGTM parsing failed flags.readFromStream(s) at 159
08-20 23:38:44.016   477   577 W skia    : AGTM parsing failed flags.readFromStream(s) at 159
08-20 23:38:44.016   477   577 W skia    : AGTM parsing failed flags.readFromStream(s) at 159
08-20 23:38:44.581   642   793 I HalDevMgr: bestIfaceCreationProposal is null, requestIface=STA, existingIface=[name=wlan0 type=STA]
08-20 23:38:44.590 11827 12389 I FA      : Application backgrounded at: timestamp_millis: 1787254722588
08-20 23:38:44.600  5388  5874 E FA-SVC  : Missing google_app_id. Firebase Analytics disabled. See https://goo.gl/NAOOOI
08-20 23:38:44.614   479   479 I adbd    : adbd service requested 'shell,v2,TERM=xterm-256color,raw:pidof com.izzes.nears'
08-20 23:38:45.168   999  1120 D IpClient/wlan0: addressUpdated: fec0::fe1d:932f:4a0e:30eb/64 on ifindex 16 flags 0x00000900 scope 200
08-20 23:38:45.168   999  1120 D IpClient/wlan0: addressUpdated: fec0::31f7:51e2:9a2c:5b99/64 on ifindex 16 flags 0x00000001 scope 200
08-20 23:38:45.168   999  1120 W AlarmManager: Unrecognized alarm listener com.android.networkstack.android.net.ip.IpClientLinkObserver$Dhcp6PdPreferredPrefixAlarmListener@9bbfac9
08-20 23:38:45.169   999  1120 D ApfFilter: (wlan0): Adding RA fe80::2 -> ff02::1 1800s fec0::/64 86400s/14400s DNS 1200000s fec0::3 
08-20 23:38:47.591   642   793 I HalDevMgr: bestIfaceCreationProposal is null, requestIface=STA, existingIface=[name=wlan0 type=STA]
08-20 23:38:48.621   642   799 D InetDiagMessage: Destroyed 0 sockets, proto=IPPROTO_TCP, family=AF_INET, states=14
08-20 23:38:48.621   642   799 D InetDiagMessage: Destroyed 0 sockets, proto=IPPROTO_TCP, family=AF_INET6, states=14
08-20 23:38:48.621   642   799 D InetDiagMessage: Destroyed live tcp sockets for uids={10252} in 1ms
08-20 23:38:48.621   642   799 D InetDiagMessage: Destroyed 0 sockets, proto=IPPROTO_TCP, family=AF_INET, states=14
08-20 23:38:48.621   642   799 D InetDiagMessage: Destroyed 0 sockets, proto=IPPROTO_TCP, family=AF_INET6, states=14
08-20 23:38:48.621   642   799 D InetDiagMessage: Destroyed live tcp sockets for uids={20252} in 0ms
08-20 23:38:50.290   642  1777 I BluetoothPowerStatsCollector: BluetoothActivityEnergyInfo not supported.
08-20 23:38:50.600   642   793 I HalDevMgr: bestIfaceCreationProposal is null, requestIface=STA, existingIface=[name=wlan0 type=STA]
08-20 23:38:51.132   880   880 I wpa_supplicant: wlan0: CTRL-EVENT-BEACON-LOSS 
08-20 23:38:52.115  1028  1186 D SatelliteController: isInCarrierRoamingNbIotNtn: satellite is disabled
08-20 23:38:52.115  1028  1186 D SatelliteController: getCarrierRoamingNtnConnectType: Checking connect type from PLMN config for subId: 1
08-20 23:38:52.115  1028  1186 D TelephonyConfigUpdateInstallReceiver: getConfigParser: domain=satellite
08-20 23:38:52.115  1028  1186 V SatelliteController: satelliteConfigParser is not ready
08-20 23:38:52.115  1028  1186 D SatelliteController: isSatelliteAttachSupportedViaConfigupdater: return null (satelliteConfig is null)
08-20 23:38:52.116   642  1777 W libbinder.IPCThreadState: Sending oneway calls to frozen process.
08-20 23:38:52.116  1028  1186 D SatelliteController: getSatellitePerPlmnConfiguration: invalid subId or not supported via carrier.
08-20 23:38:52.116  1028  1186 D SatelliteController: getCarrierRoamingNtnConnectType: config: null
08-20 23:38:52.116  1028  1186 D TelephonyConfigUpdateInstallReceiver: getConfigParser: domain=satellite
08-20 23:38:52.116  1028  1186 V SatelliteController: satelliteConfigParser is not ready
08-20 23:38:52.116  1028  1186 D SatelliteController: getCarrierRoamingNtnConnectTypeViaConfigUpdater: return null (satelliteConfig is null)
08-20 23:38:52.116  1028  1186 D SatelliteController: getCarrierRoamingNtnConnectType: Falling back to global carrier config connect type: 0
08-20 23:38:52.116  1028  1186 D TelephonyConfigUpdateInstallReceiver: getConfigParser: domain=satellite
08-20 23:38:52.116  1028  1186 V SatelliteController: satelliteConfigParser is not ready
08-20 23:38:52.116  1028  1186 D SatelliteController: isSatelliteAttachSupportedViaConfigupdater: return null (satelliteConfig is null)
08-20 23:38:52.116  1028  1186 D SatelliteController: getCarrierRoamingNtnConnectType: Checking connect type from PLMN config for subId: 1
08-20 23:38:52.116  1028  1186 D TelephonyConfigUpdateInstallReceiver: getConfigParser: domain=satellite
08-20 23:38:52.116  1028  1186 V SatelliteController: satelliteConfigParser is not ready
08-20 23:38:52.116  1028  1186 D SatelliteController: isSatelliteAttachSupportedViaConfigupdater: return null (satelliteConfig is null)
08-20 23:38:52.116  1028  1186 D SatelliteController: getSatellitePerPlmnConfiguration: invalid subId or not supported via carrier.
08-20 23:38:52.116  1028  1186 D SatelliteController: getCarrierRoamingNtnConnectType: config: null
08-20 23:38:52.116  1028  1186 D TelephonyConfigUpdateInstallReceiver: getConfigParser: domain=satellite
08-20 23:38:52.116  1028  1186 V SatelliteController: satelliteConfigParser is not ready
08-20 23:38:52.116  1028  1186 D SatelliteController: getCarrierRoamingNtnConnectTypeViaConfigUpdater: return null (satelliteConfig is null)
08-20 23:38:52.116  1028  1186 D SatelliteController: getCarrierRoamingNtnConnectType: Falling back to global carrier config connect type: 0
08-20 23:38:52.116  1028  1186 D TelephonyConfigUpdateInstallReceiver: getConfigParser: domain=satellite
08-20 23:38:52.116  1028  1186 V SatelliteController: satelliteConfigParser is not ready
08-20 23:38:52.116  1028  1186 D SatelliteController: isSatelliteAttachSupportedViaConfigupdater: return null (satelliteConfig is null)
08-20 23:38:53.608   642   793 I HalDevMgr: bestIfaceCreationProposal is null, requestIface=STA, existingIface=[name=wlan0 type=STA]
08-20 23:38:54.613  5388  5388 D BoundBrokerSvc: onUnbind: Intent { act=com.google.android.gms.measurement.START xflg=0x4 pkg=com.google.android.gms }
08-20 23:38:56.623   642   793 I HalDevMgr: bestIfaceCreationProposal is null, requestIface=STA, existingIface=[name=wlan0 type=STA]
08-20 23:38:59.069   880   880 I wpa_supplicant: wlan0: CTRL-EVENT-BEACON-LOSS 
08-20 23:38:59.636   642   793 I HalDevMgr: bestIfaceCreationProposal is null, requestIface=STA, existingIface=[name=wlan0 type=STA]
08-20 23:39:00.027   477   577 W skia    : AGTM parsing failed flags.readFromStream(s) at 159
08-20 23:39:00.027   477   577 W skia    : AGTM parsing failed flags.readFromStream(s) at 159
08-20 23:39:02.123  1028  1186 D SatelliteController: isInCarrierRoamingNbIotNtn: satellite is disabled
08-20 23:39:02.123  1028  1186 D SatelliteController: getCarrierRoamingNtnConnectType: Checking connect type from PLMN config for subId: 1
08-20 23:39:02.123  1028  1186 D TelephonyConfigUpdateInstallReceiver: getConfigParser: domain=satellite
08-20 23:39:02.123  1028  1186 V SatelliteController: satelliteConfigParser is not ready
08-20 23:39:02.123  1028  1186 D SatelliteController: isSatelliteAttachSupportedViaConfigupdater: return null (satelliteConfig is null)
08-20 23:39:02.123   642  1777 W libbinder.IPCThreadState: Sending oneway calls to frozen process.
08-20 23:39:02.124  1028  1186 D SatelliteController: getSatellitePerPlmnConfiguration: invalid subId or not supported via carrier.
08-20 23:39:02.124  1028  1186 D SatelliteController: getCarrierRoamingNtnConnectType: config: null
08-20 23:39:02.124  1028  1186 D TelephonyConfigUpdateInstallReceiver: getConfigParser: domain=satellite
08-20 23:39:02.124  1028  1186 V SatelliteController: satelliteConfigParser is not ready
08-20 23:39:02.124  1028  1186 D SatelliteController: getCarrierRoamingNtnConnectTypeViaConfigUpdater: return null (satelliteConfig is null)
08-20 23:39:02.124  1028  1186 D SatelliteController: getCarrierRoamingNtnConnectType: Falling back to global carrier config connect type: 0
08-20 23:39:02.124  1028  1186 D TelephonyConfigUpdateInstallReceiver: getConfigParser: domain=satellite
08-20 23:39:02.124  1028  1186 V SatelliteController: satelliteConfigParser is not ready
08-20 23:39:02.124  1028  1186 D SatelliteController: isSatelliteAttachSupportedViaConfigupdater: return null (satelliteConfig is null)
08-20 23:39:02.124  1028  1186 D SatelliteController: getCarrierRoamingNtnConnectType: Checking connect type from PLMN config for subId: 1
08-20 23:39:02.125  1028  1186 D TelephonyConfigUpdateInstallReceiver: getConfigParser: domain=satellite
08-20 23:39:02.125  1028  1186 V SatelliteController: satelliteConfigParser is not ready
08-20 23:39:02.125  1028  1186 D SatelliteController: isSatelliteAttachSupportedViaConfigupdater: return null (satelliteConfig is null)
08-20 23:39:02.125  1028  1186 D SatelliteController: getSatellitePerPlmnConfiguration: invalid subId or not supported via carrier.
08-20 23:39:02.125  1028  1186 D SatelliteController: getCarrierRoamingNtnConnectType: config: null
08-20 23:39:02.125  1028  1186 D TelephonyConfigUpdateInstallReceiver: getConfigParser: domain=satellite
08-20 23:39:02.125  1028  1186 V SatelliteController: satelliteConfigParser is not ready
08-20 23:39:02.125  1028  1186 D SatelliteController: getCarrierRoamingNtnConnectTypeViaConfigUpdater: return null (satelliteConfig is null)
08-20 23:39:02.125  1028  1186 D SatelliteController: getCarrierRoamingNtnConnectType: Falling back to global carrier config connect type: 0
08-20 23:39:02.125  1028  1186 D TelephonyConfigUpdateInstallReceiver: getConfigParser: domain=satellite
08-20 23:39:02.125  1028  1186 V SatelliteController: satelliteConfigParser is not ready
08-20 23:39:02.125  1028  1186 D SatelliteController: isSatelliteAttachSupportedViaConfigupdater: return null (satelliteConfig is null)
08-20 23:39:02.641   642   793 I HalDevMgr: bestIfaceCreationProposal is null, requestIface=STA, existingIface=[name=wlan0 type=STA]
08-20 23:39:03.484   479   479 I adbd    : adbd service requested 'shell,v2,TERM=xterm-256color,raw:am kill com.izzes.nears'
08-20 23:39:03.492   642  1777 I ActivityManager: Killing 11827:com.izzes.nears/u0a252 (adj 700): kill background
08-20 23:39:03.494   642  1777 E TransitionChain: Can't collect into a chain with no transition
08-20 23:39:03.494   642  1777 E TransitionChain: Can't collect into a chain with no transition
08-20 23:39:03.495   642   728 W UsageStatsService: Unexpected activity event reported! (com.izzes.nears/com.izzes.nears.MainActivity event : 23 instanceId : 127699858)
08-20 23:39:03.504   642   709 V ActivityManager: Got obituary of 11827:com.izzes.nears
08-20 23:39:03.504   479   479 I adbd    : Remote process closed the socket (on MSG_PEEK)
08-20 23:39:03.505   642  2068 I WindowManager: WIN DEATH: Window{c266af4 u0 com.izzes.nears/com.izzes.nears.MainActivity}
08-20 23:39:03.505   429   429 I Zygote  : Process 11827 exited due to signal 9 (Killed)
08-20 23:39:03.505  1542  1542 W InputChannel-JNI: Channel already disposed.
08-20 23:39:03.505   642   663 W ActivityManager: setHasOverlayUi called on unknown pid: 11827
08-20 23:39:03.506   642   671 I libprocessgroup: Removed cgroup /sys/fs/cgroup/apps/uid_10252/pid_11827
08-20 23:39:03.549   477   577 W skia    : AGTM parsing failed flags.readFromStream(s) at 159
08-20 23:39:03.549   477   577 W skia    : AGTM parsing failed flags.readFromStream(s) at 159
08-20 23:39:03.650   477   577 W skia    : AGTM parsing failed flags.readFromStream(s) at 159
08-20 23:39:03.650   477   577 W skia    : AGTM parsing failed flags.readFromStream(s) at 159
08-20 23:39:04.638   642   740 D ActivityManager: freezing 5388 com.google.android.gms
08-20 23:39:04.644   479   479 W adbd    : timeout expired while reading data after flushing socket, closing
08-20 23:39:05.527   479   479 I adbd    : adbd service requested 'shell,v2,TERM=xterm-256color,raw:pidof com.izzes.nears'
08-20 23:39:05.648   642   793 I HalDevMgr: bestIfaceCreationProposal is null, requestIface=STA, existingIface=[name=wlan0 type=STA]
08-20 23:39:07.004   880   880 I wpa_supplicant: wlan0: CTRL-EVENT-BEACON-LOSS 
08-20 23:39:08.656   642   793 I HalDevMgr: bestIfaceCreationProposal is null, requestIface=STA, existingIface=[name=wlan0 type=STA]
08-20 23:39:11.661   642   793 I HalDevMgr: bestIfaceCreationProposal is null, requestIface=STA, existingIface=[name=wlan0 type=STA]
08-20 23:39:12.130  1028  1186 D SatelliteController: isInCarrierRoamingNbIotNtn: satellite is disabled
08-20 23:39:12.130  1028  1186 D SatelliteController: getCarrierRoamingNtnConnectType: Checking connect type from PLMN config for subId: 1
08-20 23:39:12.130  1028  1186 D TelephonyConfigUpdateInstallReceiver: getConfigParser: domain=satellite
08-20 23:39:12.130  1028  1186 V SatelliteController: satelliteConfigParser is not ready
08-20 23:39:12.130  1028  1186 D SatelliteController: isSatelliteAttachSupportedViaConfigupdater: return null (satelliteConfig is null)
08-20 23:39:12.131  1028  1186 D SatelliteController: getSatellitePerPlmnConfiguration: invalid subId or not supported via carrier.
08-20 23:39:12.131  1028  1186 D SatelliteController: getCarrierRoamingNtnConnectType: config: null
08-20 23:39:12.131  1028  1186 D TelephonyConfigUpdateInstallReceiver: getConfigParser: domain=satellite
08-20 23:39:12.131  1028  1186 V SatelliteController: satelliteConfigParser is not ready
08-20 23:39:12.131  1028  1186 D SatelliteController: getCarrierRoamingNtnConnectTypeViaConfigUpdater: return null (satelliteConfig is null)
08-20 23:39:12.131   642  2068 W libbinder.IPCThreadState: Sending oneway calls to frozen process.
08-20 23:39:12.131  1028  1186 D SatelliteController: getCarrierRoamingNtnConnectType: Falling back to global carrier config connect type: 0
08-20 23:39:12.131  1028  1186 D TelephonyConfigUpdateInstallReceiver: getConfigParser: domain=satellite
08-20 23:39:12.131  1028  1186 V SatelliteController: satelliteConfigParser is not ready
08-20 23:39:12.131  1028  1186 D SatelliteController: isSatelliteAttachSupportedViaConfigupdater: return null (satelliteConfig is null)
08-20 23:39:12.131  1028  1186 D SatelliteController: getCarrierRoamingNtnConnectType: Checking connect type from PLMN config for subId: 1
08-20 23:39:12.131  1028  1186 D TelephonyConfigUpdateInstallReceiver: getConfigParser: domain=satellite
08-20 23:39:12.131  1028  1186 V SatelliteController: satelliteConfigParser is not ready
08-20 23:39:12.131  1028  1186 D SatelliteController: isSatelliteAttachSupportedViaConfigupdater: return null (satelliteConfig is null)
08-20 23:39:12.131  1028  1186 D SatelliteController: getSatellitePerPlmnConfiguration: invalid subId or not supported via carrier.
08-20 23:39:12.131  1028  1186 D SatelliteController: getCarrierRoamingNtnConnectType: config: null
08-20 23:39:12.131  1028  1186 D TelephonyConfigUpdateInstallReceiver: getConfigParser: domain=satellite
08-20 23:39:12.131  1028  1186 V SatelliteController: satelliteConfigParser is not ready
08-20 23:39:12.131  1028  1186 D SatelliteController: getCarrierRoamingNtnConnectTypeViaConfigUpdater: return null (satelliteConfig is null)
08-20 23:39:12.131  1028  1186 D SatelliteController: getCarrierRoamingNtnConnectType: Falling back to global carrier config connect type: 0
08-20 23:39:12.131  1028  1186 D TelephonyConfigUpdateInstallReceiver: getConfigParser: domain=satellite
08-20 23:39:12.131  1028  1186 V SatelliteController: satelliteConfigParser is not ready
08-20 23:39:12.131  1028  1186 D SatelliteController: isSatelliteAttachSupportedViaConfigupdater: return null (satelliteConfig is null)
08-20 23:39:14.666   642   793 I HalDevMgr: bestIfaceCreationProposal is null, requestIface=STA, existingIface=[name=wlan0 type=STA]
08-20 23:39:14.945   880   880 I wpa_supplicant: wlan0: CTRL-EVENT-BEACON-LOSS 
08-20 23:39:16.560  1285 12333 I AlarmManager: setExactAndAllowWhileIdle [name: FcmRetry type: 2 triggerAtMillis: 9312497]
08-20 23:39:16.561   642   669 V GrammaticalInflectionUtils: AttributionSource: android.content.AttributionSource@e8567d59 does not have READ_SYSTEM_GRAMMATICAL_GENDER permission.
08-20 23:39:16.567   429   429 D Zygote  : Forked child process 12420
08-20 23:39:16.567   642   670 I ActivityManager: Start proc 12420:com.izzes.nears/u0a252 for broadcast {com.izzes.nears/io.flutter.plugins.firebase.messaging.FlutterFirebaseMessagingReceiver}
08-20 23:39:16.570 12420 12420 I libprocessgroup: Created cgroup /sys/fs/cgroup/apps/uid_10252/pid_12420
08-20 23:39:16.584 12420 12420 I Zygote  : Process 12420 created for com.izzes.nears
08-20 23:39:16.584 12420 12420 I com.izzes.nears: Late-enabling -Xcheck:jni
08-20 23:39:16.592 12420 12420 I com.izzes.nears: Using generational CollectorTypeCMC GC.
08-20 23:39:16.598   479   540 I adbd    : jdwp connection from 12420
08-20 23:39:16.599 12420 12420 D nativeloader: Load libframework-connectivity-tiramisu-jni.so using APEX ns com_android_tethering for caller /apex/com.android.tethering/javalib/framework-connectivity-t.jar: ok
08-20 23:39:16.613 12420 12420 D ApplicationLoaders: Returning zygote-cached class loader: /system/framework/org.apache.http.legacy.jar
08-20 23:39:16.613 12420 12420 D ApplicationLoaders: Returning zygote-cached class loader: /system_ext/framework/androidx.window.extensions.jar
08-20 23:39:16.613 12420 12420 D ApplicationLoaders: Returning zygote-cached class loader: /system_ext/framework/androidx.window.sidecar.jar
08-20 23:39:16.831 12420 12420 D nativeloader: Configuring clns-9 for other apk /data/app/~~Hyctd9N84K84AyUDoiF43Q==/com.izzes.nears-tWnyVgtaRDVqf71B5FpfIQ==/base.apk. target_sdk_version=36, uses_libraries=, library_path=/data/app/~~Hyctd9N84K84AyUDoiF43Q==/com.izzes.nears-tWnyVgtaRDVqf71B5FpfIQ==/lib/arm64:/data/app/~~Hyctd9N84K84AyUDoiF43Q==/com.izzes.nears-tWnyVgtaRDVqf71B5FpfIQ==/base.apk!/lib/arm64-v8a, permitted_path=/data:/mnt/expand:/data/user/0/com.izzes.nears
08-20 23:39:16.837 12420 12420 V GraphicsEnvironment: Currently set values for:
08-20 23:39:16.837 12420 12420 V GraphicsEnvironment:   angle_gl_driver_selection_pkgs=[]
08-20 23:39:16.837 12420 12420 V GraphicsEnvironment:   angle_gl_driver_selection_values=[]
08-20 23:39:16.837 12420 12420 V GraphicsEnvironment: com.izzes.nears is not listed in per-application setting
08-20 23:39:16.837 12420 12420 V GraphicsEnvironment: No special selections for ANGLE, returning default driver choice
08-20 23:39:16.837 12420 12420 V GraphicsEnvironment: Neither updatable production driver nor prerelease driver is supported.
08-20 23:39:16.842 12420 12420 W FirebaseApp: Default FirebaseApp failed to initialize because no default options were found. This usually means that com.google.gms:google-services was not applied to your gradle project.
08-20 23:39:16.842 12420 12420 I FirebaseInitProvider: FirebaseApp initialization unsuccessful
08-20 23:39:16.842 12420 12420 D FLTFireContextHolder: received application context.
08-20 23:39:16.867 12420 12420 W com.facebook.UserSettingsManager: You haven't set a value for AdvertiserIDCollectionEnabled. Set the flag to TRUE if you want to collect Advertiser ID for better advertising and analytics results. To request user consent before collecting data, set the flag value to FALSE, then change to TRUE once user consent is received. Learn more: https://developers.facebook.com/docs/app-events/getting-started-app-events-android#disable-auto-events.
08-20 23:39:16.877 12420 12437 W com.facebook.internal.NativeProtocol: Apps that target Android API 30+ (Android 11+) cannot call Facebook native apps unless the package visibility needs are declared. Please follow https://developers.facebook.com/docs/android/troubleshooting/#faq_267321845055988 to make the declaration.
08-20 23:39:16.879 12420 12420 D FLTFireMsgReceiver: broadcast received for message
08-20 23:39:16.890 12420 12420 W JobInfo : Job 'com.izzes.nears/io.flutter.plugins.firebase.messaging.FlutterFirebaseMessagingBackgroundService#2020' has a deadline with no functional constraints. The deadline won't improve job execution latency. Consider removing the deadline.
08-20 23:39:16.890   642   655 W JobInfo : Job 'com.izzes.nears/io.flutter.plugins.firebase.messaging.FlutterFirebaseMessagingBackgroundService#2020' has a deadline with no functional constraints. The deadline won't improve job execution latency. Consider removing the deadline.
08-20 23:39:16.897   642   923 D ActivityManager: sync unfroze 5388 com.google.android.gms for 6
08-20 23:39:16.899 12420 12420 I DisplayManager: Implicitly registering for refresh rate
08-20 23:39:16.899 12420 12457 I FLTFireMsgService: Service has not yet started, messages will be queued.
08-20 23:39:16.901 12420 12455 D FlutterJNI: Beginning load of flutter...
08-20 23:39:16.901 12420 12458 I ResourceExtractor: Found extracted resources res_timestamp-3-1787254361878
08-20 23:39:16.902 12420 12461 E FirebaseMessaging: Default FirebaseApp has not been initialized. Skip logging event to GA.
08-20 23:39:16.902 12420 12461 I FirebaseMessaging: FirebaseApp has not being initialized. Device might be in direct boot mode. Skip exporting delivery metrics to Big Query
08-20 23:39:16.905 12420 12461 W FirebaseMessaging: Notification Channel requested (6ammart) has not been created by the app. Manifest configuration, or default, value will be used.
08-20 23:39:16.905 12420 12461 W FirebaseMessaging: Missing Default Notification Channel metadata in AndroidManifest. Default value will be used.
08-20 23:39:16.906 12420 12455 D nativeloader: Load /data/app/~~Hyctd9N84K84AyUDoiF43Q==/com.izzes.nears-tWnyVgtaRDVqf71B5FpfIQ==/lib/arm64/libflutter.so using class loader ns clns-9 (caller=/data/app/~~Hyctd9N84K84AyUDoiF43Q==/com.izzes.nears-tWnyVgtaRDVqf71B5FpfIQ==/base.apk!classes22.dex): ok
08-20 23:39:16.907 12420 12455 D FlutterJNI: flutter (null) was loaded normally!
08-20 23:39:16.907   642   709 D FileUtils: Rounded bytes from 3155017728 to 4000000000
08-20 23:39:16.909 12420 12420 I FLTFireBGExecutor: Creating background FlutterEngine instance.
08-20 23:39:16.911 12420 12446 W AnalyticsUserIDStore: initStore should have been called before calling setUserID
08-20 23:39:16.911 12420 12420 W com.izzes.nears: type=1400 audit(0.0:124): avc:  denied  { read } for  name="max_map_count" dev="proc" ino=26028 scontext=u:r:untrusted_app_34:s0:c252,c256,c512,c768 tcontext=u:object_r:proc_max_map_count:s0 tclass=file permissive=0 app=com.izzes.nears
08-20 23:39:16.940 12420 12474 I DynamiteModule: Considering local module com.google.android.gms.measurement.dynamite:185 and remote module com.google.android.gms.measurement.dynamite:202
08-20 23:39:16.940 12420 12474 I DynamiteModule: Selected remote version of com.google.android.gms.measurement.dynamite, version >= 202
08-20 23:39:16.940 12420 12474 V DynamiteModule: Dynamite loader version >= 2, using loadModule2NoCrashUtils
08-20 23:39:16.944 12420 12474 W System  : ClassLoader referenced unknown path: 
08-20 23:39:16.944 12420 12474 D nativeloader: Configuring clns-10 for other apk . target_sdk_version=37, uses_libraries=, library_path=/data/app/~~2fXQ6-xyEWEbual6_5Wrig==/com.google.android.gms-_SBUxIWyP-163dk_5Uqnhw==/lib/arm64:/data/app/~~2fXQ6-xyEWEbual6_5Wrig==/com.google.android.gms-_SBUxIWyP-163dk_5Uqnhw==/base.apk!/lib/arm64-v8a, permitted_path=/data:/mnt/expand:/data/user/0/com.google.android.gms
08-20 23:39:16.946 12420 12465 I GFXSTREAM: [eglDisplay.cpp(297)] Opening libGLESv1_CM_emulation.so
08-20 23:39:16.946 12420 12465 I GFXSTREAM: [eglDisplay.cpp(297)] Opening libGLESv2_emulation.so
08-20 23:39:16.947 12420 12465 W libc    : Access denied finding property "vendor.mesa.virtgpu.kumquat"
08-20 23:39:16.952 12420 12465 I flutter : [IMPORTANT:flutter/shell/platform/android/android_context_gl_impeller.cc(104)] Using the Impeller rendering backend (OpenGLES).
08-20 23:39:16.953 12420 12466 W libc    : Access denied finding property "vendor.mesa.virtgpu.kumquat"
08-20 23:39:16.955 12420 12474 D DesktopExperienceFlags: Toggle override initialized to: false
08-20 23:39:16.963 12420 12477 I flutter : The Dart VM service is listening on http://127.0.0.1:37183/PcOx_lG24Nk=/
08-20 23:39:16.965 12420 12420 D FLTFireContextHolder: received application context.
08-20 23:39:16.970  1285 11982 I PhenotypeResourceReader: unable to find any Phenotype resource metadata for com.izzes.nears
08-20 23:39:16.974 12420 12480 I com.izzes.nears: hiddenapi: Accessing hidden method Ldalvik/system/VMStack;->getStackClass2()Ljava/lang/Class; (runtime_flags=0, domain=core-platform, api=unsupported) from Lm7/aqg; (domain=app, TargetSdkVersion=36) using reflection: allowed
08-20 23:39:16.984 12420 12479 E com.izzes.nears: No package ID 6a found for resource ID 0x6a0b0013.
08-20 23:39:16.984 12420 12479 I FA      : App measurement initialized, version: 178008
08-20 23:39:16.984 12420 12479 I FA      : To enable debug logging run: adb shell setprop log.tag.FA VERBOSE
08-20 23:39:16.984 12420 12479 I FA      : To enable faster debug mode event logging run:
08-20 23:39:16.984 12420 12479 I FA      :   adb shell setprop debug.firebase.analytics.app com.izzes.nears
08-20 23:39:16.985 12420 12479 E FA      : Missing google_app_id. Firebase Analytics disabled. See https://goo.gl/NAOOOI
08-20 23:39:16.985 12420 12479 E FA      : Uploading is not possible. App measurement disabled
08-20 23:39:16.991 12420 12420 D nativeloader: Load /data/app/~~Hyctd9N84K84AyUDoiF43Q==/com.izzes.nears-tWnyVgtaRDVqf71B5FpfIQ==/lib/arm64/libdartjni.so using class loader ns clns-9 (caller=/data/app/~~Hyctd9N84K84AyUDoiF43Q==/com.izzes.nears-tWnyVgtaRDVqf71B5FpfIQ==/base.apk!classes12.dex): ok
08-20 23:39:17.111   894   906 D RingtonePlayer: playAsync(uri=content://settings/system/notification_sound, user=UserHandle{0})
08-20 23:39:17.112   894   906 D RingtonePlayer: play uri=content://settings/system/notification_sound
08-20 23:39:17.112   642   642 V NotificationHistory: Attempted to add notif for locked/gone/disabled user 0
08-20 23:39:17.112   894 12484 D RingtonePlayer: RemoveFirst
08-20 23:39:17.112   894 12484 D RingtonePlayer: PLAY
08-20 23:39:17.112   894 12484 D RingtonePlayer: startSound()
08-20 23:39:17.112   894 12485 D RingtonePlayer: in run: new looper Looper (Thread-10, tid 110) {9a3baa8}
08-20 23:39:17.114  1655  2133 W AiAiEcho: LyftNotificationParser Ridesharing ETA not enabled
08-20 23:39:17.114  1655  2133 I AiAiEcho: SmartspaceNotificationPredictor no parser can handle this notification or notification is invalid
08-20 23:39:17.121   531   617 D NuPlayerDriver: NuPlayerDriver(0xb4007ce78c01da50) created, clientPid(894)
08-20 23:39:17.122   288   288 I hwservicemanager: getTransport: Cannot find entry android.hardware.media.omx@1.0::IOmx/default in either framework or device VINTF manifest.
08-20 23:39:17.122   531   617 D MediaPlayerService: OMX service is not available
08-20 23:39:17.122   531   617 W mediaserver: AIBinder_linkToDeath is being called with a non-null cookie and no onUnlink callback set. Use AIBinder_DeathRecipient_setOnUnlinked to manage the lifetime of the cookie. This will become an abort.
08-20 23:39:17.122   531   617 W mediaserver: AIBinder_linkToDeath is being called with a non-null cookie and no onUnlink callback set. Use AIBinder_DeathRecipient_setOnUnlinked to manage the lifetime of the cookie. This will become an abort.
08-20 23:39:17.126   531 12488 D GenericSource: FileSource remote
08-20 23:39:17.133   894 12485 D RingtonePlayer: requesting AudioFocus
08-20 23:39:17.134   642   655 I MediaFocusControl: requestAudioFocus() from uid/pid 10195/894 AA=USAGE_NOTIFICATION/CONTENT_TYPE_SONIFICATION clientId=android.media.AudioManager@4aafff9 callingPack=com.android.systemui req=3 flags=0x0 sdk=37
08-20 23:39:17.134   642   655 I AS.FadeOutManager: unfadeOutUid() uid:10195
08-20 23:39:17.134   894 12485 D RingtonePlayer: notification will be delayed by 500ms
08-20 23:39:17.142   477   577 W skia    : AGTM parsing failed flags.readFromStream(s) at 159
08-20 23:39:17.142   477   577 W skia    : AGTM parsing failed flags.readFromStream(s) at 159
08-20 23:39:17.314  1655  2133 W AiAiEcho: LyftNotificationParser Ridesharing ETA not enabled
08-20 23:39:17.314  1655  2133 I AiAiEcho: SmartspaceNotificationPredictor no parser can handle this notification or notification is invalid
08-20 23:39:17.334 12420 12420 D FlutterGeolocator: Creating service.
08-20 23:39:17.334 12420 12420 D FlutterGeolocator: Binding to location service.
08-20 23:39:17.336 12420 12420 I FLTFireMsgService: FlutterFirebaseMessagingBackgroundService started!
08-20 23:39:17.343 12420 12420 I flutter : [INFO] msg="FCM background message type=add_fund"
08-20 23:39:17.344 12420 12420 D FlutterGeolocator: Geolocator foreground service connected
08-20 23:39:17.344 12420 12420 D FlutterGeolocator: Initializing Geolocator services
08-20 23:39:17.344 12420 12420 D FlutterGeolocator: Flutter engine connected. Connected engine count 1
08-20 23:39:17.375   477   577 W skia    : AGTM parsing failed flags.readFromStream(s) at 159
08-20 23:39:17.375   477   577 W skia    : AGTM parsing failed flags.readFromStream(s) at 159
08-20 23:39:17.476   477   577 W skia    : AGTM parsing failed flags.readFromStream(s) at 159
08-20 23:39:17.476   477   577 W skia    : AGTM parsing failed flags.readFromStream(s) at 159
08-20 23:39:17.558   894   894 W NotifRow: cancelAppearDrawing childKey: 0|com.izzes.nears|0|FCM-Notification:9192845|10252 wasDrawing:false
08-20 23:39:17.559   894   894 W NotifRow: cancelAppearDrawing childKey: 0|com.izzes.nears|0|null|10252 wasDrawing:false
08-20 23:39:17.576   477   577 W skia    : AGTM parsing failed flags.readFromStream(s) at 159
08-20 23:39:17.576   477   577 W skia    : AGTM parsing failed flags.readFromStream(s) at 159
08-20 23:39:17.636   894   894 D MediaRouter: onRestoreRoute() : route=RouteInfo{ name=Phone, description=null, status=null, category=RouteCategory{ name=System types=ROUTE_TYPE_LIVE_AUDIO ROUTE_TYPE_LIVE_VIDEO  groupable=false }, supportedTypes=ROUTE_TYPE_LIVE_AUDIO ROUTE_TYPE_LIVE_VIDEO , presentationDisplay=null }
08-20 23:39:17.636   894   894 V MediaRouter: Selecting route: RouteInfo{ name=Phone, description=null, status=null, category=RouteCategory{ name=System types=ROUTE_TYPE_LIVE_AUDIO ROUTE_TYPE_LIVE_VIDEO  groupable=false }, supportedTypes=ROUTE_TYPE_LIVE_AUDIO ROUTE_TYPE_LIVE_VIDEO , presentationDisplay=null }
08-20 23:39:17.636   531 12487 I GenericSource: start
08-20 23:39:17.636   894 12485 D RingtonePlayer: player.start piid:39
08-20 23:39:17.638   531 12493 I MediaCodec: Retry enabled for HDCP failure
08-20 23:39:17.641   531 12493 W mediaserver: Failed to query component store for system resources: 6
08-20 23:39:17.641   531 12494 D CCodec  : allocate(c2.android.vorbis.decoder)
08-20 23:39:17.641   531 12494 I CCodec  : setting up 'default' as default (vendor) store
08-20 23:39:17.647   534  1394 I libbinder.BpBinder: onLastStrongRef automatically unlinking death recipients for binder (0xb4007ee31600e310) with descriptor: 'android.hardware.media.bufferpool2.IAccessor'
08-20 23:39:17.647   531   617 D AidlBufferPool: bufferpool2 0xb4007ce6ec0059e8 : 0(0 size) total buffers - 0(0 size) used buffers - 5/16 (recycle/alloc) - 12/24 (fetch/transfer)
08-20 23:39:17.647   531   617 D AidlBufferPool: Destruction - bufferpool2 0xb4007ce6ec0059e8 cached: 0/0M, 0/0% in use; allocs: 16, 31% recycled; transfers: 24, 50% unfetched
08-20 23:39:17.648   531 12494 W mediaserver: AIBinder_linkToDeath is being called with a non-null cookie and no onUnlink callback set. Use AIBinder_DeathRecipient_setOnUnlinked to manage the lifetime of the cookie. This will become an abort.
08-20 23:39:17.648   531 12494 I CCodec  : Created component [c2.android.vorbis.decoder] for [c2.android.vorbis.decoder]
08-20 23:39:17.648   531 12494 D CCodecConfig: read media type: audio/vorbis
08-20 23:39:17.650   531 12494 D ReflectedParamUpdater: extent() != 1 for single value type: algo.buffers.max-count.values
08-20 23:39:17.651   531 12494 D ReflectedParamUpdater: extent() != 1 for single value type: output.subscribed-indices.values
08-20 23:39:17.651   531 12494 D ReflectedParamUpdater: extent() != 1 for single value type: input.buffers.allocator-ids.values
08-20 23:39:17.651   531 12494 D ReflectedParamUpdater: extent() != 1 for single value type: output.buffers.allocator-ids.values
08-20 23:39:17.651   531 12494 D ReflectedParamUpdater: extent() != 1 for single value type: algo.buffers.allocator-ids.values
08-20 23:39:17.651   531 12494 D ReflectedParamUpdater: extent() != 1 for single value type: output.buffers.pool-ids.values
08-20 23:39:17.651   531 12494 D ReflectedParamUpdater: extent() != 1 for single value type: algo.buffers.pool-ids.values
08-20 23:39:17.652   531 12494 I CCodecConfig: query failed after returning 8 values (BAD_INDEX)
08-20 23:39:17.652   531 12494 D CCodecConfig: c2 config diff is Dict {
08-20 23:39:17.652   531 12494 D CCodecConfig:   c2::u32 coded.bitrate.value = 64000
08-20 23:39:17.652   531 12494 D CCodecConfig:   c2::u32 input.buffers.max-size.value = 32768
08-20 23:39:17.652   531 12494 D CCodecConfig:   c2::u32 input.delay.value = 0
08-20 23:39:17.652   531 12494 D CCodecConfig:   string input.media-type.value = "audio/vorbis"
08-20 23:39:17.652   531 12494 D CCodecConfig:   c2::u32 output.large-frame.max-size = 0
08-20 23:39:17.652   531 12494 D CCodecConfig:   c2::u32 output.large-frame.threshold-size = 0
08-20 23:39:17.652   531 12494 D CCodecConfig:   string output.media-type.value = "audio/raw"
08-20 23:39:17.652   531 12494 D CCodecConfig:   c2::u32 raw.channel-count.value = 1
08-20 23:39:17.652   531 12494 D CCodecConfig:   c2::u32 raw.sample-rate.value = 48000
08-20 23:39:17.652   531 12494 D CCodecConfig: }
08-20 23:39:17.653   531 12493 I MediaCodec: media_quality service unavailable, skipping updatePictureProfile
08-20 23:39:17.653   531 12494 D CCodec  : [c2.android.vorbis.decoder] buffers are bound to CCodec for this session
08-20 23:39:17.653   531 12494 D CCodecConfig: no c2 equivalents for durationUs
08-20 23:39:17.653   531 12494 D CCodecConfig: no c2 equivalents for csd-1
08-20 23:39:17.653   531 12494 D CCodecConfig: no c2 equivalents for flags
08-20 23:39:17.653   531 12494 D CCodecConfig: c2 config diff is   c2::u32 coded.bitrate.value = 70000
08-20 23:39:17.653   531 12494 D CCodec  : encoding statistics level = 0
08-20 23:39:17.653   531 12494 D CCodec  : setup formats input: AMessage(what = 0x00000000) = {
08-20 23:39:17.653   531 12494 D CCodec  :   int32_t bitrate = 70000
08-20 23:39:17.653   531 12494 D CCodec  :   int32_t channel-count = 1
08-20 23:39:17.653   531 12494 D CCodec  :   int32_t max-input-size = 32768
08-20 23:39:17.653   531 12494 D CCodec  :   string mime = "audio/vorbis"
08-20 23:39:17.653   531 12494 D CCodec  :   int32_t sample-rate = 48000
08-20 23:39:17.653   531 12494 D CCodec  : }
08-20 23:39:17.653   531 12494 D CCodec  : setup formats output: AMessage(what = 0x00000000) = {
08-20 23:39:17.653   531 12494 D CCodec  :   int32_t buffer-batch-max-output-size = 0
08-20 23:39:17.653   531 12494 D CCodec  :   int32_t buffer-batch-threshold-output-size = 0
08-20 23:39:17.653   531 12494 D CCodec  :   int32_t channel-count = 1
08-20 23:39:17.653   531 12494 D CCodec  :   string mime = "audio/raw"
08-20 23:39:17.653   531 12494 D CCodec  :   int32_t sample-rate = 48000
08-20 23:39:17.653   531 12494 D CCodec  :   int32_t channel-mask = 1
08-20 23:39:17.653   531 12494 D CCodec  :   int32_t android._config-pcm-encoding = 2
08-20 23:39:17.653   531 12494 D CCodec  : }
08-20 23:39:17.653   531 12494 I CCodecConfig: query failed after returning 8 values (BAD_INDEX)
08-20 23:39:17.654   531 12494 E mediaserver: Failed to query component interface for required system resources: 6
08-20 23:39:17.654   531 12494 I MediaCodec: MediaCodec will operate in async mode
08-20 23:39:17.654   531 12493 D MediaCodec: keep callback message for reclaim
08-20 23:39:17.655   531 12494 D CCodecBufferChannel: [c2.android.vorbis.decoder#812] Created input block pool with allocatorID 16 => poolID 18 - OK (0)
08-20 23:39:17.657   531 12494 I CCodecBufferChannel: [c2.android.vorbis.decoder#812] Created output block pool with allocatorID 16 => poolID 38 - OK
08-20 23:39:17.658   531 12494 D CCodecBufferChannel: [c2.android.vorbis.decoder#812] Configured output block pool ids 38 => OK
08-20 23:39:17.658   534  1725 E Codec2-ComponentInterface: We have a failed config
08-20 23:39:17.658   534 12495 D SimpleC2Component: Using output block pool with poolID 38 => got 38 - 0
08-20 23:39:17.658   534  1725 W mediaswcodec: AIBinder_linkToDeath is being called with a non-null cookie and no onUnlink callback set. Use AIBinder_DeathRecipient_setOnUnlinked to manage the lifetime of the cookie. This will become an abort.
08-20 23:39:17.659   531 12494 W mediaserver: AIBinder_linkToDeath is being called with a non-null cookie and no onUnlink callback set. Use AIBinder_DeathRecipient_setOnUnlinked to manage the lifetime of the cookie. This will become an abort.
08-20 23:39:17.661   531   531 W mediaserver: AIBinder_linkToDeath is being called with a non-null cookie and no onUnlink callback set. Use AIBinder_DeathRecipient_setOnUnlinked to manage the lifetime of the cookie. This will become an abort.
08-20 23:39:17.661   534 12495 W mediaswcodec: AIBinder_linkToDeath is being called with a non-null cookie and no onUnlink callback set. Use AIBinder_DeathRecipient_setOnUnlinked to manage the lifetime of the cookie. This will become an abort.
08-20 23:39:17.663   473  2856 D AudioFlinger: Client defaulted notificationFrames to 12512 for frameCount 25024
08-20 23:39:17.663   473  2856 I AF::AfPlaybackCommon: AfPlaybackCommon: creating track with enforcement level 0 reason PRIVILEGED_APP shouldHarden 1
08-20 23:39:17.674   642  1976 E AppOps  : attributionTag  not declared in manifest of com.android.systemui
08-20 23:39:17.675   642  1976 E AppOps  : attributionTag  not declared in manifest of com.android.systemui
08-20 23:39:17.675   531 12492 D AudioTrack: getTimestamp_l(17): device stall time corrected using current time 9193613105133
08-20 23:39:17.675   531   531 D MediaPlayerService: onAudioDeviceUpdate deviceIds: 2
08-20 23:39:17.676   642   793 I HalDevMgr: bestIfaceCreationProposal is null, requestIface=STA, existingIface=[name=wlan0 type=STA]
08-20 23:39:17.677   477   577 W skia    : AGTM parsing failed flags.readFromStream(s) at 159
08-20 23:39:17.677   477   577 W skia    : AGTM parsing failed flags.readFromStream(s) at 159
08-20 23:39:17.680   999  1120 D IpClient/wlan0: interfaceLinkStateChanged: ifindex 16 up
08-20 23:39:17.683   432 12496 D android.hardware.audio@7.1-impl.ranchu: 544 frames of silence written
08-20 23:39:17.684   432 12496 D android.hardware.audio@7.1-impl.ranchu: 544 frames of silence written
08-20 23:39:17.684   999  1120 D IpClient/wlan0: interfaceLinkStateChanged: ifindex 16 up
08-20 23:39:17.696   432 12496 D android.hardware.audio@7.1-impl.ranchu: 544 frames of silence written
08-20 23:39:17.766   473   575 D AudioFlinger: mixer(0xb4007f86d295f790) throttle end: throttle time(34)
08-20 23:39:17.777   477   577 W skia    : AGTM parsing failed flags.readFromStream(s) at 159
08-20 23:39:17.777   477   577 W skia    : AGTM parsing failed flags.readFromStream(s) at 159
08-20 23:39:17.879   477   577 W skia    : AGTM parsing failed flags.readFromStream(s) at 159
08-20 23:39:17.879   477   577 W skia    : AGTM parsing failed flags.readFromStream(s) at 159
08-20 23:39:17.879   473   575 W AudioTrackShared: releaseBuffer: dropped wake
08-20 23:39:18.238 12420 12436 E com.facebook.GraphResponse: {HttpStatus: 400, errorCode: 190, subErrorCode: -1, errorType: OAuthException, errorMessage: Error validating application. Application has been deleted.}
08-20 23:39:18.238 12420 12435 E com.facebook.GraphResponse: {HttpStatus: 400, errorCode: 190, subErrorCode: -1, errorType: OAuthException, errorMessage: Error validating application. Application has been deleted.}
08-20 23:39:18.241 12420 12434 E com.facebook.GraphResponse: {HttpStatus: 400, errorCode: 190, subErrorCode: -1, errorType: OAuthException, errorMessage: Error validating application. Application has been deleted.}
08-20 23:39:18.252 12420 12446 E com.facebook.GraphResponse: {HttpStatus: 400, errorCode: 190, subErrorCode: -1, errorType: OAuthException, errorMessage: Error validating application. Application has been deleted.}
08-20 23:39:18.402 12420 12435 E com.facebook.GraphResponse: {HttpStatus: 400, errorCode: 190, subErrorCode: -1, errorType: OAuthException, errorMessage: Error validating application. Application has been deleted.}
08-20 23:39:18.402 12420 12436 E com.facebook.GraphResponse: {HttpStatus: 400, errorCode: 190, subErrorCode: -1, errorType: OAuthException, errorMessage: Error validating application. Application has been deleted.}
08-20 23:39:18.574 12420 12435 E com.facebook.GraphResponse: {HttpStatus: 400, errorCode: 190, subErrorCode: -1, errorType: OAuthException, errorMessage: Error validating application. Application has been deleted.}
08-20 23:39:18.588 12420 12434 E com.facebook.GraphResponse: {HttpStatus: 400, errorCode: 190, subErrorCode: -1, errorType: OAuthException, errorMessage: Error validating application. Application has been deleted.}
08-20 23:39:18.754 12420 12435 E com.facebook.GraphResponse: {HttpStatus: 400, errorCode: 190, subErrorCode: -1, errorType: OAuthException, errorMessage: Error validating application. Application has been deleted.}
08-20 23:39:18.771   531 12494 D CCodecBufferChannel: [c2.android.vorbis.decoder#812] buffers after EOS ignored (0 us)
08-20 23:39:18.771   531 12494 D CCodecBufferChannel: [c2.android.vorbis.decoder#812] buffers after EOS ignored (0 us)
08-20 23:39:18.771   531 12494 D CCodecBuffers: [c2.android.vorbis.decoder#812:1D-Output] received null buffer
08-20 23:39:18.772   531 12494 D CCodecBufferChannel: [c2.android.vorbis.decoder#812] buffers after EOS ignored (0 us)
08-20 23:39:19.031   531 12492 D AudioTrack: stop(17): called with 82980 frames delivered
08-20 23:39:19.031   642   923 E AppOps  : attributionTag  not declared in manifest of com.android.systemui
08-20 23:39:19.032   642   923 E AppOps  : attributionTag  not declared in manifest of com.android.systemui
08-20 23:39:19.154 12420 12435 E com.facebook.GraphResponse: {HttpStatus: 400, errorCode: 190, subErrorCode: -1, errorType: OAuthException, errorMessage: Error validating application. Application has been deleted.}
08-20 23:39:19.427   894 12485 D RingtonePlayer: onCompletion() abandoning AudioFocus
08-20 23:39:19.428   642  1976 I MediaFocusControl: abandonAudioFocus() from uid/pid 10195/894 clientId=android.media.AudioManager@4aafff9 callingPack=com.android.systemui
08-20 23:39:19.428   894 12485 D RingtonePlayer: onCompletion queue size=0
08-20 23:39:19.428   894 12485 D RingtonePlayer: in onCompletion quitting looper Looper (Thread-10, tid 110) {9a3baa8}
08-20 23:39:19.428   894 12485 I NotificationPlayer: About to release MediaPlayer piid:39 due to onCompletion
08-20 23:39:19.428   894 12485 V MediaPlayer: resetDrmState:  mDrmInfo=null mDrmProvisioningThread=null mPrepareDrmInProgress=false mActiveDrmScheme=false
08-20 23:39:19.428   894 12485 V MediaPlayer: cleanDrmObj: mDrmObj=null mDrmSessionId=null
08-20 23:39:19.428   531   531 D NuPlayerDriver: reset(0xb4007ce78c01da50) at state 6
08-20 23:39:19.430   531 12505 D CCodec  : hold CodecLooper(1) until release
08-20 23:39:19.431   534  1394 I libbinder.BpBinder: onLastStrongRef automatically unlinking death recipients for binder (0xb4007ee31600e7e0) with descriptor: 'android.hardware.media.bufferpool2.IClientManager'
08-20 23:39:19.431   534  1394 D AidlBufferPool: Destruction - bufferpool2 0xb4007ee446017ee8 cached: 0/0M, 0/0% in use; allocs: 0, 0% recycled; transfers: 0, 0% unfetched
08-20 23:39:19.432   531 12487 D NuPlayerDriver: notifyResetComplete(0xb4007ce78c01da50)
08-20 23:39:19.433   531   531 W AMessage: failed to post message as target looper for handler 0 is gone.
08-20 23:39:19.489   473   573 I APM_AudioPolicyManager: getNewOutputDevices io 13 recent device override {AUDIO_DEVICE_OUT_SPEAKER, @:}
08-20 23:39:20.454   479   479 I adbd    : adbd service requested 'shell,v2,TERM=xterm-256color,raw:pidof com.izzes.nears'
08-20 23:39:20.471   479   479 I adbd    : adbd service requested 'shell,v2,TERM=xterm-256color,raw:dumpsys notification --noredact'
08-20 23:39:20.476   642   966 I PackageManager: getInstalledPackages: callingUid=1000 flags=4096 updatedFlags=790528 userId=0
08-20 23:39:20.679   642   822 I AdbWifiNetworkMonitor: Wi-Fi network available
08-20 23:39:20.679   642   822 I AdbWifiNetworkMonitor: Received the same Wi-Fi SSID. Ignoring.
08-20 23:39:20.680   642   793 I HalDevMgr: bestIfaceCreationProposal is null, requestIface=STA, existingIface=[name=wlan0 type=STA]
08-20 23:39:20.681   642   799 W libbinder.IPCThreadState: Sending oneway calls to frozen process.
08-20 23:39:20.681   642   799 W libbinder.IPCThreadState: Sending oneway calls to frozen process.
08-20 23:39:20.681   642   799 W libbinder.IPCThreadState: Sending oneway calls to frozen process.
08-20 23:39:20.681   642   799 W libbinder.IPCThreadState: Sending oneway calls to frozen process.
08-20 23:39:20.681   642   799 W libbinder.IPCThreadState: Sending oneway calls to frozen process.
08-20 23:39:20.682   642   799 W libbinder.IPCThreadState: Sending oneway calls to frozen process.
08-20 23:39:20.682   642   799 W libbinder.IPCThreadState: Sending oneway calls to frozen process.
08-20 23:39:20.683  1687  2135 I BugleRcsEngine: Connected state: [1], networkType: [WIFI] [CONTEXT thread_id=55 ]
08-20 23:39:20.683  1687  2272 I BugleRcsEngine: handleMessage processing message:[NOTIFY_UPTIME_IGNORE_STATE_CHANGED] with [non-null]:RcsEngineImpl reference [CONTEXT log_prefix="RcsEngineImpl[DUAL_REG]:[9818720b-389c]>Handler" thread_id=60 ]
08-20 23:39:20.683  1285 10115 I NearbyMediums: Wifi changed new SSID: "AndroidWifi"
08-20 23:39:20.683  1285 10115 I NearbyMediums: WifiLanConnectivityInfo is not changed, skip notify.
08-20 23:39:20.683  1285  1727 I NullBinder: NullBinder for android.net.action.RECOMMEND_NETWORKS triggering remote TransactionTooLargeException due to Service without Chimera impl, calling uid: 1000, calling pid: 0
08-20 23:39:20.683  1285  1727 W libbinder.Binder: Large reply transaction of 1056768 bytes, interface descriptor , function: UNKNOWN_FUNCTION_NAME, code: 1, flags: 17
08-20 23:39:20.683   642   799 D ConnectivityService: NetReassign [no changes] [c 0] [a 1] [i 0]
08-20 23:39:20.687   642   966 D ActivityManager: sync unfroze 2258 com.google.android.apps.messaging for 7
08-20 23:39:20.690  2258  2673 D WM-WorkConstraintsTrack: NetworkRequestConstraintController onCapabilitiesChanged callback
08-20 23:39:20.694  1687  2272 I BugleRcsEngine: No RCS Configuration was found in Bugle for simID: redacted-pii:sim_id[chars:20,last3:897] [CONTEXT log_prefix="ProvisioningEngineDataRetriever" thread_id=60 ]
08-20 23:39:21.186  1285 10115 I NearbySharing: Network state changed: NetworkState(isRestricted=false, isOnline=true, isCongested=false, isMetered=false, isWifiConnected=true)
08-20 23:39:22.132  1028  1186 D SatelliteController: isInCarrierRoamingNbIotNtn: satellite is disabled
08-20 23:39:22.132  1028  1186 D SatelliteController: getCarrierRoamingNtnConnectType: Checking connect type from PLMN config for subId: 1
08-20 23:39:22.132  1028  1186 D TelephonyConfigUpdateInstallReceiver: getConfigParser: domain=satellite
08-20 23:39:22.132  1028  1186 V SatelliteController: satelliteConfigParser is not ready
08-20 23:39:22.132  1028  1186 D SatelliteController: isSatelliteAttachSupportedViaConfigupdater: return null (satelliteConfig is null)
08-20 23:39:22.133  1028  1186 D SatelliteController: getSatellitePerPlmnConfiguration: invalid subId or not supported via carrier.
08-20 23:39:22.133  1028  1186 D SatelliteController: getCarrierRoamingNtnConnectType: config: null
08-20 23:39:22.133  1028  1186 D TelephonyConfigUpdateInstallReceiver: getConfigParser: domain=satellite
08-20 23:39:22.133  1028  1186 V SatelliteController: satelliteConfigParser is not ready
08-20 23:39:22.133  1028  1186 D SatelliteController: getCarrierRoamingNtnConnectTypeViaConfigUpdater: return null (satelliteConfig is null)
08-20 23:39:22.134  1028  1186 D SatelliteController: getCarrierRoamingNtnConnectType: Falling back to global carrier config connect type: 0
08-20 23:39:22.134  1028  1186 D TelephonyConfigUpdateInstallReceiver: getConfigParser: domain=satellite
08-20 23:39:22.134  1028  1186 V SatelliteController: satelliteConfigParser is not ready
08-20 23:39:22.134  1028  1186 D SatelliteController: isSatelliteAttachSupportedViaConfigupdater: return null (satelliteConfig is null)
08-20 23:39:22.134  1028  1186 D SatelliteController: getCarrierRoamingNtnConnectType: Checking connect type from PLMN config for subId: 1
08-20 23:39:22.134  1028  1186 D TelephonyConfigUpdateInstallReceiver: getConfigParser: domain=satellite
08-20 23:39:22.134  1028  1186 V SatelliteController: satelliteConfigParser is not ready
08-20 23:39:22.134  1028  1186 D SatelliteController: isSatelliteAttachSupportedViaConfigupdater: return null (satelliteConfig is null)
08-20 23:39:22.134  1028  1186 D SatelliteController: getSatellitePerPlmnConfiguration: invalid subId or not supported via carrier.
08-20 23:39:22.134  1028  1186 D SatelliteController: getCarrierRoamingNtnConnectType: config: null
08-20 23:39:22.134  1028  1186 D TelephonyConfigUpdateInstallReceiver: getConfigParser: domain=satellite
08-20 23:39:22.134  1028  1186 V SatelliteController: satelliteConfigParser is not ready
08-20 23:39:22.134  1028  1186 D SatelliteController: getCarrierRoamingNtnConnectTypeViaConfigUpdater: return null (satelliteConfig is null)
08-20 23:39:22.134  1028  1186 D SatelliteController: getCarrierRoamingNtnConnectType: Falling back to global carrier config connect type: 0
08-20 23:39:22.134  1028  1186 D TelephonyConfigUpdateInstallReceiver: getConfigParser: domain=satellite
08-20 23:39:22.134  1028  1186 V SatelliteController: satelliteConfigParser is not ready
08-20 23:39:22.134  1028  1186 D SatelliteController: isSatelliteAttachSupportedViaConfigupdater: return null (satelliteConfig is null)
08-20 23:39:22.166 12420 12515 D ProfileInstaller: Installing profile for com.izzes.nears
08-20 23:39:22.335   642   799 D InetDiagMessage: Destroyed 0 sockets, proto=IPPROTO_TCP, family=AF_INET, states=14
08-20 23:39:22.336   642   799 D InetDiagMessage: Destroyed 4 sockets, proto=IPPROTO_TCP, family=AF_INET6, states=14
08-20 23:39:22.336   642   799 D InetDiagMessage: Destroyed live tcp sockets for uids={10252} in 1ms
08-20 23:39:22.336   642   799 D InetDiagMessage: Destroyed 0 sockets, proto=IPPROTO_TCP, family=AF_INET, states=14
08-20 23:39:22.336   642   799 D InetDiagMessage: Destroyed 0 sockets, proto=IPPROTO_TCP, family=AF_INET6, states=14
08-20 23:39:22.336   642   799 D InetDiagMessage: Destroyed live tcp sockets for uids={20252} in 0ms
08-20 23:39:22.357   432  5048 D android.hardware.audio@7.1-impl.ranchu: threadLoop: entering standby, frames: 5393216
08-20 23:39:22.357   432  5048 D android.hardware.audio@7.1-impl.ranchu: ~TinyalsaSink: joining consumeThread
08-20 23:39:22.357   432 12496 D android.hardware.audio@7.1-impl.ranchu: consumeThread: exiting
08-20 23:39:22.357   432  5048 D android.hardware.audio@7.1-impl.ranchu: ~TinyalsaSink: stopping PCM stream
08-20 23:39:22.657   531 12370 D AidlBufferPoolAcc: evictor expired: 1, evicted: 0
08-20 23:39:22.877   880   880 I wpa_supplicant: wlan0: CTRL-EVENT-BEACON-LOSS 
08-20 23:39:23.685   642   822 I AdbWifiNetworkMonitor: Wi-Fi network available
08-20 23:39:23.685   642   822 I AdbWifiNetworkMonitor: Received the same Wi-Fi SSID. Ignoring.
08-20 23:39:23.686   642   793 I HalDevMgr: bestIfaceCreationProposal is null, requestIface=STA, existingIface=[name=wlan0 type=STA]
08-20 23:39:23.689   999  1120 D IpClient/wlan0: interfaceLinkStateChanged: ifindex 16 up
08-20 23:39:23.689  1687  2272 I BugleRcsEngine: handleMessage processing message:[NOTIFY_UPTIME_IGNORE_STATE_CHANGED] with [non-null]:RcsEngineImpl reference [CONTEXT log_prefix="RcsEngineImpl[DUAL_REG]:[9818720b-389c]>Handler" thread_id=60 ]
08-20 23:39:23.689  1687  2135 I BugleRcsEngine: Connected state: [1], networkType: [WIFI] [CONTEXT thread_id=55 ]
08-20 23:39:23.689  2258  2673 D WM-WorkConstraintsTrack: NetworkRequestConstraintController onCapabilitiesChanged callback
08-20 23:39:23.690  1285  2488 I NullBinder: NullBinder for android.net.action.RECOMMEND_NETWORKS triggering remote TransactionTooLargeException due to Service without Chimera impl, calling uid: 1000, calling pid: 0
08-20 23:39:23.690  1285  2488 W libbinder.Binder: Large reply transaction of 1056768 bytes, interface descriptor , function: UNKNOWN_FUNCTION_NAME, code: 1, flags: 17
08-20 23:39:23.691   642   799 W libbinder.IPCThreadState: Sending oneway calls to frozen process.
08-20 23:39:23.693   642   799 W libbinder.IPCThreadState: Sending oneway calls to frozen process.
08-20 23:39:23.693   642   799 W libbinder.IPCThreadState: Sending oneway calls to frozen process.
08-20 23:39:23.693   642   799 W libbinder.IPCThreadState: Sending oneway calls to frozen process.
08-20 23:39:23.693  1687  2272 I BugleRcsEngine: No RCS Configuration was found in Bugle for simID: redacted-pii:sim_id[chars:20,last3:897] [CONTEXT log_prefix="ProvisioningEngineDataRetriever" thread_id=60 ]
08-20 23:39:23.695   999  1120 D IpClient/wlan0: interfaceLinkStateChanged: ifindex 16 up
08-20 23:39:23.695  1285 10115 I NearbyMediums: Wifi changed new SSID: "AndroidWifi"
08-20 23:39:23.695   642   799 D ConnectivityService: NetReassign [no changes] [c 0] [a 1] [i 1]
08-20 23:39:23.695  1285 10115 I NearbyMediums: WifiLanConnectivityInfo is not changed, skip notify.
08-20 23:39:24.193  1285 10115 I NearbySharing: Network state changed: NetworkState(isRestricted=false, isOnline=true, isCongested=false, isMetered=false, isWifiConnected=true)
08-20 23:39:24.658   531 12370 D AidlBufferPool: bufferpool2 0xb4007ce6ec005548 : 0(0 size) total buffers - 0(0 size) used buffers - 96/104 (recycle/alloc) - 8/198 (fetch/transfer)
08-20 23:39:24.659   531 12370 D AidlBufferPoolAcc: evictor expired: 1, evicted: 1
08-20 23:39:24.659   534   628 D AidlBufferPool: bufferpool2 0xb4007ee446017358 : 0(0 size) total buffers - 0(0 size) used buffers - 86/97 (recycle/alloc) - 11/96 (fetch/transfer)
08-20 23:39:24.659   534   628 D AidlBufferPoolAcc: evictor expired: 2, evicted: 1
08-20 23:39:26.622  1285  1285 D BoundBrokerSvc: onRebind: Intent { act=com.google.android.gms.libs.gmscorelogger.service.START dat=chimera-action:/... xflg=0x4 cmp=com.google.android.gms/.chimera.PersistentDirectBootAwareApiService }
08-20 23:39:26.692   642   793 I HalDevMgr: bestIfaceCreationProposal is null, requestIface=STA, existingIface=[name=wlan0 type=STA]
08-20 23:39:28.415   642   740 D ActivityManager: freezing 5388 com.google.android.gms
08-20 23:39:29.526   479   479 I adbd    : adbd service requested 'shell,v2,TERM=xterm-256color,raw:dumpsys notification --noredact'
08-20 23:39:29.531   642   655 I PackageManager: getInstalledPackages: callingUid=1000 flags=4096 updatedFlags=790528 userId=0
08-20 23:39:29.704   642   793 I HalDevMgr: bestIfaceCreationProposal is null, requestIface=STA, existingIface=[name=wlan0 type=STA]
08-20 23:39:29.707   999  1120 D IpClient/wlan0: interfaceLinkStateChanged: ifindex 16 up
08-20 23:39:29.712   999  1120 D IpClient/wlan0: interfaceLinkStateChanged: ifindex 16 up
08-20 23:39:31.067   880   880 I wpa_supplicant: wlan0: CTRL-EVENT-BEACON-LOSS 
08-20 23:39:32.132  1028  1186 D SatelliteController: isInCarrierRoamingNbIotNtn: satellite is disabled
08-20 23:39:32.132  1028  1186 D SatelliteController: getCarrierRoamingNtnConnectType: Checking connect type from PLMN config for subId: 1
08-20 23:39:32.132  1028  1186 D TelephonyConfigUpdateInstallReceiver: getConfigParser: domain=satellite
08-20 23:39:32.132  1028  1186 V SatelliteController: satelliteConfigParser is not ready
08-20 23:39:32.132  1028  1186 D SatelliteController: isSatelliteAttachSupportedViaConfigupdater: return null (satelliteConfig is null)
08-20 23:39:32.132  1028  1186 D SatelliteController: getSatellitePerPlmnConfiguration: invalid subId or not supported via carrier.
08-20 23:39:32.132  1028  1186 D SatelliteController: getCarrierRoamingNtnConnectType: config: null
08-20 23:39:32.132  1028  1186 D TelephonyConfigUpdateInstallReceiver: getConfigParser: domain=satellite
08-20 23:39:32.132  1028  1186 V SatelliteController: satelliteConfigParser is not ready
08-20 23:39:32.132  1028  1186 D SatelliteController: getCarrierRoamingNtnConnectTypeViaConfigUpdater: return null (satelliteConfig is null)
08-20 23:39:32.132  1028  1186 D SatelliteController: getCarrierRoamingNtnConnectType: Falling back to global carrier config connect type: 0
08-20 23:39:32.132  1028  1186 D TelephonyConfigUpdateInstallReceiver: getConfigParser: domain=satellite
08-20 23:39:32.132  1028  1186 V SatelliteController: satelliteConfigParser is not ready
08-20 23:39:32.132  1028  1186 D SatelliteController: isSatelliteAttachSupportedViaConfigupdater: return null (satelliteConfig is null)
08-20 23:39:32.132  1028  1186 D SatelliteController: getCarrierRoamingNtnConnectType: Checking connect type from PLMN config for subId: 1
08-20 23:39:32.132  1028  1186 D TelephonyConfigUpdateInstallReceiver: getConfigParser: domain=satellite
08-20 23:39:32.132  1028  1186 V SatelliteController: satelliteConfigParser is not ready
08-20 23:39:32.132  1028  1186 D SatelliteController: isSatelliteAttachSupportedViaConfigupdater: return null (satelliteConfig is null)
08-20 23:39:32.132  1028  1186 D SatelliteController: getSatellitePerPlmnConfiguration: invalid subId or not supported via carrier.
08-20 23:39:32.132  1028  1186 D SatelliteController: getCarrierRoamingNtnConnectType: config: null
08-20 23:39:32.132  1028  1186 D TelephonyConfigUpdateInstallReceiver: getConfigParser: domain=satellite
08-20 23:39:32.132  1028  1186 V SatelliteController: satelliteConfigParser is not ready
08-20 23:39:32.132  1028  1186 D SatelliteController: getCarrierRoamingNtnConnectTypeViaConfigUpdater: return null (satelliteConfig is null)
08-20 23:39:32.132  1028  1186 D SatelliteController: getCarrierRoamingNtnConnectType: Falling back to global carrier config connect type: 0
08-20 23:39:32.132  1028  1186 D TelephonyConfigUpdateInstallReceiver: getConfigParser: domain=satellite
08-20 23:39:32.132  1028  1186 V SatelliteController: satelliteConfigParser is not ready
08-20 23:39:32.132  1028  1186 D SatelliteController: isSatelliteAttachSupportedViaConfigupdater: return null (satelliteConfig is null)
08-20 23:39:32.162   477   577 W skia    : AGTM parsing failed flags.readFromStream(s) at 159
08-20 23:39:32.162   477   577 W skia    : AGTM parsing failed flags.readFromStream(s) at 159
08-20 23:39:32.708   642   793 I HalDevMgr: bestIfaceCreationProposal is null, requestIface=STA, existingIface=[name=wlan0 type=STA]
08-20 23:39:35.716   642   793 I HalDevMgr: bestIfaceCreationProposal is null, requestIface=STA, existingIface=[name=wlan0 type=STA]
08-20 23:39:35.720   999  1120 D IpClient/wlan0: interfaceLinkStateChanged: ifindex 16 up
08-20 23:39:35.726   999  1120 D IpClient/wlan0: interfaceLinkStateChanged: ifindex 16 up
08-20 23:39:36.933   642   740 D ActivityManager: freezing 12420 com.izzes.nears
08-20 23:39:36.934   642   799 D InetDiagMessage: Destroyed 0 sockets, proto=IPPROTO_TCP, family=AF_INET, states=14
08-20 23:39:36.934   642   799 D InetDiagMessage: Destroyed 0 sockets, proto=IPPROTO_TCP, family=AF_INET6, states=14
08-20 23:39:36.934   642   799 D InetDiagMessage: Destroyed live tcp sockets for uids={10252} in 0ms
08-20 23:39:38.731   642   793 I HalDevMgr: bestIfaceCreationProposal is null, requestIface=STA, existingIface=[name=wlan0 type=STA]
08-20 23:39:39.004   880   880 I wpa_supplicant: wlan0: CTRL-EVENT-BEACON-LOSS 
08-20 23:39:41.672  1285  1285 D BoundBrokerSvc: onUnbind: Intent { act=com.google.android.gms.libs.gmscorelogger.service.START dat=chimera-action:/... xflg=0x4 cmp=com.google.android.gms/.chimera.PersistentDirectBootAwareApiService }
08-20 23:39:41.739   642   793 I HalDevMgr: bestIfaceCreationProposal is null, requestIface=STA, existingIface=[name=wlan0 type=STA]
08-20 23:39:42.138  1028  1186 D SatelliteController: isInCarrierRoamingNbIotNtn: satellite is disabled
08-20 23:39:42.138  1028  1186 D SatelliteController: getCarrierRoamingNtnConnectType: Checking connect type from PLMN config for subId: 1
08-20 23:39:42.138  1028  1186 D TelephonyConfigUpdateInstallReceiver: getConfigParser: domain=satellite
08-20 23:39:42.138  1028  1186 V SatelliteController: satelliteConfigParser is not ready
08-20 23:39:42.138  1028  1186 D SatelliteController: isSatelliteAttachSupportedViaConfigupdater: return null (satelliteConfig is null)
08-20 23:39:42.138  1028  1186 D SatelliteController: getSatellitePerPlmnConfiguration: invalid subId or not supported via carrier.
08-20 23:39:42.139  1028  1186 D SatelliteController: getCarrierRoamingNtnConnectType: config: null
08-20 23:39:42.139  1028  1186 D TelephonyConfigUpdateInstallReceiver: getConfigParser: domain=satellite
08-20 23:39:42.139  1028  1186 V SatelliteController: satelliteConfigParser is not ready
08-20 23:39:42.139  1028  1186 D SatelliteController: getCarrierRoamingNtnConnectTypeViaConfigUpdater: return null (satelliteConfig is null)
08-20 23:39:42.139  1028  1186 D SatelliteController: getCarrierRoamingNtnConnectType: Falling back to global carrier config connect type: 0
08-20 23:39:42.139  1028  1186 D TelephonyConfigUpdateInstallReceiver: getConfigParser: domain=satellite
08-20 23:39:42.139  1028  1186 V SatelliteController: satelliteConfigParser is not ready
08-20 23:39:42.139  1028  1186 D SatelliteController: isSatelliteAttachSupportedViaConfigupdater: return null (satelliteConfig is null)
08-20 23:39:42.139  1028  1186 D SatelliteController: getCarrierRoamingNtnConnectType: Checking connect type from PLMN config for subId: 1
08-20 23:39:42.139  1028  1186 D TelephonyConfigUpdateInstallReceiver: getConfigParser: domain=satellite
08-20 23:39:42.139  1028  1186 V SatelliteController: satelliteConfigParser is not ready
08-20 23:39:42.139  1028  1186 D SatelliteController: isSatelliteAttachSupportedViaConfigupdater: return null (satelliteConfig is null)
08-20 23:39:42.139  1028  1186 D SatelliteController: getSatellitePerPlmnConfiguration: invalid subId or not supported via carrier.
08-20 23:39:42.139  1028  1186 D SatelliteController: getCarrierRoamingNtnConnectType: config: null
08-20 23:39:42.139  1028  1186 D TelephonyConfigUpdateInstallReceiver: getConfigParser: domain=satellite
08-20 23:39:42.139  1028  1186 V SatelliteController: satelliteConfigParser is not ready
08-20 23:39:42.139  1028  1186 D SatelliteController: getCarrierRoamingNtnConnectTypeViaConfigUpdater: return null (satelliteConfig is null)
08-20 23:39:42.139  1028  1186 D SatelliteController: getCarrierRoamingNtnConnectType: Falling back to global carrier config connect type: 0
08-20 23:39:42.139  1028  1186 D TelephonyConfigUpdateInstallReceiver: getConfigParser: domain=satellite
08-20 23:39:42.139  1028  1186 V SatelliteController: satelliteConfigParser is not ready
08-20 23:39:42.139  1028  1186 D SatelliteController: isSatelliteAttachSupportedViaConfigupdater: return null (satelliteConfig is null)
08-20 23:39:44.755   642   822 I AdbWifiNetworkMonitor: Wi-Fi network available
08-20 23:39:44.755   642   822 I AdbWifiNetworkMonitor: Received the same Wi-Fi SSID. Ignoring.
08-20 23:39:44.755   642   793 I HalDevMgr: bestIfaceCreationProposal is null, requestIface=STA, existingIface=[name=wlan0 type=STA]
08-20 23:39:44.756  2258  2673 D WM-WorkConstraintsTrack: NetworkRequestConstraintController onCapabilitiesChanged callback
08-20 23:39:44.757  1687  2135 I BugleRcsEngine: Connected state: [1], networkType: [WIFI] [CONTEXT thread_id=55 ]
08-20 23:39:44.757  1687  2272 I BugleRcsEngine: handleMessage processing message:[NOTIFY_UPTIME_IGNORE_STATE_CHANGED] with [non-null]:RcsEngineImpl reference [CONTEXT log_prefix="RcsEngineImpl[DUAL_REG]:[9818720b-389c]>Handler" thread_id=60 ]
08-20 23:39:44.757   642   799 W libbinder.IPCThreadState: Sending oneway calls to frozen process.
08-20 23:39:44.757   642   799 W libbinder.IPCThreadState: Sending oneway calls to frozen process.
08-20 23:39:44.757   642   799 W libbinder.IPCThreadState: Sending oneway calls to frozen process.
08-20 23:39:44.758   642   799 W libbinder.IPCThreadState: Sending oneway calls to frozen process.
08-20 23:39:44.758   642   799 W libbinder.IPCThreadState: Sending oneway calls to frozen process.
08-20 23:39:44.758   642   799 W libbinder.IPCThreadState: Sending oneway calls to frozen process.
08-20 23:39:44.758   642   799 W libbinder.IPCThreadState: Sending oneway calls to frozen process.
08-20 23:39:44.759  1285  1293 I NullBinder: NullBinder for android.net.action.RECOMMEND_NETWORKS triggering remote TransactionTooLargeException due to Service without Chimera impl, calling uid: 1000, calling pid: 0
08-20 23:39:44.759   642   799 D ConnectivityService: NetReassign [no changes] [c 1] [a 0] [i 1]
08-20 23:39:44.759  1285  1293 W libbinder.Binder: Large reply transaction of 1056768 bytes, interface descriptor , function: UNKNOWN_FUNCTION_NAME, code: 1, flags: 17
08-20 23:39:44.759  1285 10115 I NearbyMediums: Wifi changed new SSID: "AndroidWifi"
08-20 23:39:44.760  1285 10115 I NearbyMediums: WifiLanConnectivityInfo is not changed, skip notify.
08-20 23:39:44.760  1687  2272 I BugleRcsEngine: No RCS Configuration was found in Bugle for simID: redacted-pii:sim_id[chars:20,last3:897] [CONTEXT log_prefix="ProvisioningEngineDataRetriever" thread_id=60 ]
08-20 23:39:45.260  1285 10115 I NearbySharing: Network state changed: NetworkState(isRestricted=false, isOnline=true, isCongested=false, isMetered=false, isWifiConnected=true)
08-20 23:39:46.940   880   880 I wpa_supplicant: wlan0: CTRL-EVENT-BEACON-LOSS 
08-20 23:39:47.762   642   822 I AdbWifiNetworkMonitor: Wi-Fi network available
08-20 23:39:47.762   642   822 I AdbWifiNetworkMonitor: Received the same Wi-Fi SSID. Ignoring.
08-20 23:39:47.762   642   793 I HalDevMgr: bestIfaceCreationProposal is null, requestIface=STA, existingIface=[name=wlan0 type=STA]
08-20 23:39:47.764  1687  2272 I BugleRcsEngine: handleMessage processing message:[NOTIFY_UPTIME_IGNORE_STATE_CHANGED] with [non-null]:RcsEngineImpl reference [CONTEXT log_prefix="RcsEngineImpl[DUAL_REG]:[9818720b-389c]>Handler" thread_id=60 ]
08-20 23:39:47.764  1687  2135 I BugleRcsEngine: Connected state: [1], networkType: [WIFI] [CONTEXT thread_id=55 ]
08-20 23:39:47.764   642   799 W libbinder.IPCThreadState: Sending oneway calls to frozen process.
08-20 23:39:47.764   642   799 W libbinder.IPCThreadState: Sending oneway calls to frozen process.
08-20 23:39:47.764   642   799 W libbinder.IPCThreadState: Sending oneway calls to frozen process.
08-20 23:39:47.764   642   799 W libbinder.IPCThreadState: Sending oneway calls to frozen process.
08-20 23:39:47.764   642   799 W libbinder.IPCThreadState: Sending oneway calls to frozen process.
08-20 23:39:47.764   642   799 W libbinder.IPCThreadState: Sending oneway calls to frozen process.
08-20 23:39:47.764   642   799 W libbinder.IPCThreadState: Sending oneway calls to frozen process.
08-20 23:39:47.764  1285  2488 I NullBinder: NullBinder for android.net.action.RECOMMEND_NETWORKS triggering remote TransactionTooLargeException due to Service without Chimera impl, calling uid: 1000, calling pid: 0
08-20 23:39:47.765  2258  2673 D WM-WorkConstraintsTrack: NetworkRequestConstraintController onCapabilitiesChanged callback
08-20 23:39:47.765  1285  2488 W libbinder.Binder: Large reply transaction of 1056768 bytes, interface descriptor , function: UNKNOWN_FUNCTION_NAME, code: 1, flags: 17
08-20 23:39:47.765  1285 10115 I NearbyMediums: Wifi changed new SSID: "AndroidWifi"
08-20 23:39:47.765  1285 10115 I NearbyMediums: WifiLanConnectivityInfo is not changed, skip notify.
08-20 23:39:47.766  1687  2272 I BugleRcsEngine: No RCS Configuration was found in Bugle for simID: redacted-pii:sim_id[chars:20,last3:897] [CONTEXT log_prefix="ProvisioningEngineDataRetriever" thread_id=60 ]
08-20 23:39:47.766   642   799 D ConnectivityService: NetReassign [no changes] [c 0] [a 1] [i 0]
08-20 23:39:48.272  1285 10115 I NearbySharing: Network state changed: NetworkState(isRestricted=false, isOnline=true, isCongested=false, isMetered=false, isWifiConnected=true)
08-20 23:39:50.777   642   793 I HalDevMgr: bestIfaceCreationProposal is null, requestIface=STA, existingIface=[name=wlan0 type=STA]
08-20 23:39:52.145  1028  1186 D SatelliteController: isInCarrierRoamingNbIotNtn: satellite is disabled
08-20 23:39:52.145  1028  1186 D SatelliteController: getCarrierRoamingNtnConnectType: Checking connect type from PLMN config for subId: 1
08-20 23:39:52.145  1028  1186 D TelephonyConfigUpdateInstallReceiver: getConfigParser: domain=satellite
08-20 23:39:52.145  1028  1186 V SatelliteController: satelliteConfigParser is not ready
08-20 23:39:52.145  1028  1186 D SatelliteController: isSatelliteAttachSupportedViaConfigupdater: return null (satelliteConfig is null)
08-20 23:39:52.146  1028  1186 D SatelliteController: getSatellitePerPlmnConfiguration: invalid subId or not supported via carrier.
08-20 23:39:52.146  1028  1186 D SatelliteController: getCarrierRoamingNtnConnectType: config: null
08-20 23:39:52.146  1028  1186 D TelephonyConfigUpdateInstallReceiver: getConfigParser: domain=satellite
08-20 23:39:52.146  1028  1186 V SatelliteController: satelliteConfigParser is not ready
08-20 23:39:52.146  1028  1186 D SatelliteController: getCarrierRoamingNtnConnectTypeViaConfigUpdater: return null (satelliteConfig is null)
08-20 23:39:52.146  1028  1186 D SatelliteController: getCarrierRoamingNtnConnectType: Falling back to global carrier config connect type: 0
08-20 23:39:52.146  1028  1186 D TelephonyConfigUpdateInstallReceiver: getConfigParser: domain=satellite
08-20 23:39:52.146  1028  1186 V SatelliteController: satelliteConfigParser is not ready
08-20 23:39:52.146  1028  1186 D SatelliteController: isSatelliteAttachSupportedViaConfigupdater: return null (satelliteConfig is null)
08-20 23:39:52.147  1028  1186 D SatelliteController: getCarrierRoamingNtnConnectType: Checking connect type from PLMN config for subId: 1
08-20 23:39:52.147  1028  1186 D TelephonyConfigUpdateInstallReceiver: getConfigParser: domain=satellite
08-20 23:39:52.147  1028  1186 V SatelliteController: satelliteConfigParser is not ready
08-20 23:39:52.147  1028  1186 D SatelliteController: isSatelliteAttachSupportedViaConfigupdater: return null (satelliteConfig is null)
08-20 23:39:52.147  1028  1186 D SatelliteController: getSatellitePerPlmnConfiguration: invalid subId or not supported via carrier.
08-20 23:39:52.147  1028  1186 D SatelliteController: getCarrierRoamingNtnConnectType: config: null
08-20 23:39:52.147  1028  1186 D TelephonyConfigUpdateInstallReceiver: getConfigParser: domain=satellite
08-20 23:39:52.147  1028  1186 V SatelliteController: satelliteConfigParser is not ready
08-20 23:39:52.147  1028  1186 D SatelliteController: getCarrierRoamingNtnConnectTypeViaConfigUpdater: return null (satelliteConfig is null)
08-20 23:39:52.147  1028  1186 D SatelliteController: getCarrierRoamingNtnConnectType: Falling back to global carrier config connect type: 0
08-20 23:39:52.147  1028  1186 D TelephonyConfigUpdateInstallReceiver: getConfigParser: domain=satellite
08-20 23:39:52.147  1028  1186 V SatelliteController: satelliteConfigParser is not ready
08-20 23:39:52.147  1028  1186 D SatelliteController: isSatelliteAttachSupportedViaConfigupdater: return null (satelliteConfig is null)
08-20 23:39:53.142   479   479 I adbd    : adbd service requested 'shell,v2,TERM=xterm-256color,raw:pidof com.izzes.nears'
08-20 23:39:53.790   642   793 I HalDevMgr: bestIfaceCreationProposal is null, requestIface=STA, existingIface=[name=wlan0 type=STA]
08-20 23:39:54.875   880   880 I wpa_supplicant: wlan0: CTRL-EVENT-BEACON-LOSS 
08-20 23:39:56.805   642   793 I HalDevMgr: bestIfaceCreationProposal is null, requestIface=STA, existingIface=[name=wlan0 type=STA]
08-20 23:39:57.265   479   479 I adbd    : adbd service requested 'shell,v2,TERM=xterm-256color,raw:am kill com.izzes.nears'
08-20 23:39:57.273   642   979 I ActivityManager: Killing 12420:com.izzes.nears/u0a252 (adj 905): kill background
08-20 23:39:57.280   479   479 I adbd    : Remote process closed the socket (on MSG_PEEK)
08-20 23:39:57.281   642   655 V ActivityManager: Got obituary of 12420:com.izzes.nears
08-20 23:39:57.281   429   429 I Zygote  : Process 12420 exited due to signal 9 (Killed)
08-20 23:39:57.287   642   671 I libprocessgroup: Removed cgroup /sys/fs/cgroup/apps/uid_10252/pid_12420
08-20 23:39:59.303   479   479 I adbd    : adbd service requested 'shell,v2,TERM=xterm-256color,raw:pidof com.izzes.nears'
08-20 23:39:59.812   642   793 I HalDevMgr: bestIfaceCreationProposal is null, requestIface=STA, existingIface=[name=wlan0 type=STA]
08-20 23:40:00.043   477   577 W skia    : AGTM parsing failed flags.readFromStream(s) at 159
08-20 23:40:00.043   477   577 W skia    : AGTM parsing failed flags.readFromStream(s) at 159
08-20 23:40:01.977   479   479 I adbd    : adbd service requested 'shell,v2,TERM=xterm-256color,raw:dumpsys notification --noredact'
08-20 23:40:01.982   642   655 I PackageManager: getInstalledPackages: callingUid=1000 flags=4096 updatedFlags=790528 userId=0
08-20 23:40:02.152  1028  1186 D SatelliteController: isInCarrierRoamingNbIotNtn: satellite is disabled
08-20 23:40:02.152  1028  1186 D SatelliteController: getCarrierRoamingNtnConnectType: Checking connect type from PLMN config for subId: 1
08-20 23:40:02.152  1028  1186 D TelephonyConfigUpdateInstallReceiver: getConfigParser: domain=satellite
08-20 23:40:02.152  1028  1186 V SatelliteController: satelliteConfigParser is not ready
08-20 23:40:02.152  1028  1186 D SatelliteController: isSatelliteAttachSupportedViaConfigupdater: return null (satelliteConfig is null)
08-20 23:40:02.152  1028  1186 D SatelliteController: getSatellitePerPlmnConfiguration: invalid subId or not supported via carrier.
08-20 23:40:02.152  1028  1186 D SatelliteController: getCarrierRoamingNtnConnectType: config: null
08-20 23:40:02.152  1028  1186 D TelephonyConfigUpdateInstallReceiver: getConfigParser: domain=satellite
08-20 23:40:02.152  1028  1186 V SatelliteController: satelliteConfigParser is not ready
08-20 23:40:02.152  1028  1186 D SatelliteController: getCarrierRoamingNtnConnectTypeViaConfigUpdater: return null (satelliteConfig is null)
08-20 23:40:02.152  1028  1186 D SatelliteController: getCarrierRoamingNtnConnectType: Falling back to global carrier config connect type: 0
08-20 23:40:02.152  1028  1186 D TelephonyConfigUpdateInstallReceiver: getConfigParser: domain=satellite
08-20 23:40:02.152  1028  1186 V SatelliteController: satelliteConfigParser is not ready
08-20 23:40:02.152  1028  1186 D SatelliteController: isSatelliteAttachSupportedViaConfigupdater: return null (satelliteConfig is null)
08-20 23:40:02.152  1028  1186 D SatelliteController: getCarrierRoamingNtnConnectType: Checking connect type from PLMN config for subId: 1
08-20 23:40:02.152  1028  1186 D TelephonyConfigUpdateInstallReceiver: getConfigParser: domain=satellite
08-20 23:40:02.152  1028  1186 V SatelliteController: satelliteConfigParser is not ready
08-20 23:40:02.152  1028  1186 D SatelliteController: isSatelliteAttachSupportedViaConfigupdater: return null (satelliteConfig is null)
08-20 23:40:02.152  1028  1186 D SatelliteController: getSatellitePerPlmnConfiguration: invalid subId or not supported via carrier.
08-20 23:40:02.152  1028  1186 D SatelliteController: getCarrierRoamingNtnConnectType: config: null
08-20 23:40:02.152  1028  1186 D TelephonyConfigUpdateInstallReceiver: getConfigParser: domain=satellite
08-20 23:40:02.152  1028  1186 V SatelliteController: satelliteConfigParser is not ready
08-20 23:40:02.152  1028  1186 D SatelliteController: getCarrierRoamingNtnConnectTypeViaConfigUpdater: return null (satelliteConfig is null)
08-20 23:40:02.152  1028  1186 D SatelliteController: getCarrierRoamingNtnConnectType: Falling back to global carrier config connect type: 0
08-20 23:40:02.152  1028  1186 D TelephonyConfigUpdateInstallReceiver: getConfigParser: domain=satellite
08-20 23:40:02.152  1028  1186 V SatelliteController: satelliteConfigParser is not ready
08-20 23:40:02.152  1028  1186 D SatelliteController: isSatelliteAttachSupportedViaConfigupdater: return null (satelliteConfig is null)
08-20 23:40:02.175   477   577 W skia    : AGTM parsing failed flags.readFromStream(s) at 159
08-20 23:40:02.175   477   577 W skia    : AGTM parsing failed flags.readFromStream(s) at 159
08-20 23:40:02.821   642   793 I HalDevMgr: bestIfaceCreationProposal is null, requestIface=STA, existingIface=[name=wlan0 type=STA]
08-20 23:40:03.066   880   880 I wpa_supplicant: wlan0: CTRL-EVENT-BEACON-LOSS 
08-20 23:40:05.829   642   793 I HalDevMgr: bestIfaceCreationProposal is null, requestIface=STA, existingIface=[name=wlan0 type=STA]
08-20 23:40:08.140   479   479 I adbd    : adbd service requested 'shell,v2,TERM=xterm-256color,raw:cmd statusbar expand-notifications'
08-20 23:40:08.146   894   894 D WindowOnBackDispatcher: setTopOnBackInvokedCallback (unwrapped): com.android.systemui.back.domain.interactor.BackActionInteractor$callback$2@c2ace8f
08-20 23:40:08.147   642  1975 D CoreBackPreview: Window{f5ef045 u0 NotificationShade}: Setting back callback OnBackInvokedCallbackInfo{mCallback=android.window.IOnBackInvokedCallback$Stub$Proxy@401e15c, mPriority=0, mIsAnimationCallback=false, mOverrideBehavior=0}
08-20 23:40:08.147   894  1178 D ShadeStatusBarComponentsInteractor#disableFlagsInteractor: newValue: DisableFlagsModel(disable1=0, disable2=0, animate=true)
08-20 23:40:08.147   519   552 W libbinder.IPCThreadState: Sending oneway calls to frozen process.
08-20 23:40:08.157   642  1975 D WindowManager: setClientSurface Surface(name=VRI-NotificationShade#83)/@0x9f2c65 for f5ef045 NotificationShade
08-20 23:40:08.157   894   894 I Surface : Creating surface for consumer unnamed-894-19 with slotExpansion=1 for 64 slots
08-20 23:40:08.157   894   894 I Surface : Creating surface for consumer VRI[NotificationShade]#12(BLAST Consumer)12 with slotExpansion=1 for 64 slots
08-20 23:40:08.159   894   894 W View    : requestLayout() improperly called by StatusBarIconView(slot='mobile' alpha=1.0 icon=null visibleState=DOT iconColor=#0 staticDrawableColor=#0 decorColor=#ffffffff animationStartColor=#0 currentSetColor=#0 notification=null) during layout: running second layout pass
08-20 23:40:08.159   894   894 W View    : requestLayout() improperly called by ModernStatusBarMobileView(slot='mobile', subId=1, isCollecting=true, visibleState=HIDDEN); viewString=com.android.systemui.statusbar.pipeline.mobile.ui.view.ModernStatusBarMobileView{b843039 V.E...... ......ID 0,0-69,22 #7f0a059d app:id/mobile_combo} during layout: running second layout pass
08-20 23:40:08.173   894   894 D DeviceEntryIconViewBinder: Initializing device entry fgIconView
08-20 23:40:08.176   477   577 W skia    : AGTM parsing failed flags.readFromStream(s) at 159
08-20 23:40:08.176   477   577 W skia    : AGTM parsing failed flags.readFromStream(s) at 159
08-20 23:40:08.178   642  1976 D BiometricService: canAuthenticate: User=0, Caller=0, Authenticators=255
08-20 23:40:08.178   642  1976 D BiometricService/PreAuthInfo: Package: com.android.systemui Sensor ID: 0 Modality: 2 User id: 0 Status: 7
08-20 23:40:08.178   642  1976 D BiometricService/PreAuthInfo: getCanAuthenticateInternal Modality: 2 AuthenticatorStatus: 7
08-20 23:40:08.178   642  1976 D AuthService: canAuthenticate, userId: 0, callingUserId: 0, authenticators: 255, result: 11
08-20 23:40:08.179   642  1976 D SystemServerTiming: getUserSwitchability-0
08-20 23:40:08.179   642  1975 D SystemServerTiming: getUserSwitchability-0
08-20 23:40:08.179   642  1976 D SystemServerTiming: TM.isInCall
08-20 23:40:08.179   642  1975 D SystemServerTiming: TM.isInCall
08-20 23:40:08.179   642  1976 D SystemServerTiming: hasUserRestriction-DISALLOW_USER_SWITCH
08-20 23:40:08.179   642  1976 D SystemServerTiming: getInt-ALLOW_USER_SWITCHING_WHEN_SYSTEM_USER_LOCKED
08-20 23:40:08.179   642  1976 D SystemServerTiming: isUserUnlocked-USER_SYSTEM
08-20 23:40:08.179   642  1975 D SystemServerTiming: hasUserRestriction-DISALLOW_USER_SWITCH
08-20 23:40:08.179   642  1975 D SystemServerTiming: getInt-ALLOW_USER_SWITCHING_WHEN_SYSTEM_USER_LOCKED
08-20 23:40:08.179   642  1975 D SystemServerTiming: isUserUnlocked-USER_SYSTEM
08-20 23:40:08.180   894   894 D DLObserver: add listener: com.android.systemui.dock.DockManagerExtensionsKt$retrieveIsDocked$1$callback$1@1ece286
08-20 23:40:08.180   894   894 D DLObserver: add listener: com.android.systemui.dock.DockManagerExtensionsKt$retrieveIsDocked$1$callback$1@8857747
08-20 23:40:08.180   894   894 D DLObserver: add listener: com.android.systemui.dock.DockManagerExtensionsKt$retrieveIsDocked$1$callback$1@3159b74
08-20 23:40:08.180   894   894 D DLObserver: add listener: com.android.systemui.dock.DockManagerExtensionsKt$retrieveIsDocked$1$callback$1@548b89d
08-20 23:40:08.180   894   894 D DLObserver: add listener: com.android.systemui.dock.DockManagerExtensionsKt$retrieveIsDocked$1$callback$1@ea4a112
08-20 23:40:08.180   894   894 D DLObserver: add listener: com.android.systemui.dock.DockManagerExtensionsKt$retrieveIsDocked$1$callback$1@b1840e3
08-20 23:40:08.180   894  1154 D ControlsListingControllerImpl: Subscribing callback, service count: 0
08-20 23:40:08.180   894  1154 D ControlsListingControllerImpl: Subscribing callback, service count: 0
08-20 23:40:08.180   894  1154 D ControlsListingControllerImpl: Subscribing callback, service count: 0
08-20 23:40:08.182   894  1154 E QuickAccessWalletKeyguardQuickAffordanceConfig: Wallet card retrieval error, message: "null"
08-20 23:40:08.182   894  1154 E QuickAccessWalletKeyguardQuickAffordanceConfig: Wallet card retrieval error, message: "null"
08-20 23:40:08.182   894  1154 E QuickAccessWalletKeyguardQuickAffordanceConfig: Wallet card retrieval error, message: "null"
08-20 23:40:08.192   894   906 D RingtonePlayer: stopAsync()
08-20 23:40:08.192   894   906 D RingtonePlayer: stop
08-20 23:40:08.192   894 12544 D RingtonePlayer: RemoveFirst
08-20 23:40:08.192   894 12544 D RingtonePlayer: STOP
08-20 23:40:08.192   894 12544 W RingtonePlayer: STOP command without a player
08-20 23:40:08.194   894   894 W View    : requestLayout() improperly called by ModernStatusBarMobileView(slot='mobile', subId=1, isCollecting=true, visibleState=ICON); viewString=com.android.systemui.statusbar.pipeline.mobile.ui.view.ModernStatusBarMobileView{b843039 V.E...... ......ID 0,0-69,22 #7f0a059d app:id/mobile_combo} during layout: running second layout pass
08-20 23:40:08.196   894   894 D DLObserver: onDockEvent mDockState = 0
08-20 23:40:08.196   894   894 D DLObserver: onDockEvent mDockState = 0
08-20 23:40:08.196   894   894 D DLObserver: onDockEvent mDockState = 0
08-20 23:40:08.196   894   894 D DLObserver: onDockEvent mDockState = 0
08-20 23:40:08.196   894   894 D DLObserver: onDockEvent mDockState = 0
08-20 23:40:08.196   894   894 D DLObserver: onDockEvent mDockState = 0
08-20 23:40:08.231   894   894 D DeviceEntryIconViewBinder: Updating device entry icon image state ForegroundIconViewModel(type=UNLOCK, useAodVariant=false, tint=-2497793, padding=58)
08-20 23:40:08.239   894   894 W BlurChoreographer: Multiple blur values emitted in the same frame
08-20 23:40:08.240   894  1176 D ShadeStatusBarComponentsInteractor#disableFlagsInteractor: newValue: DisableFlagsModel(disable1=0, disable2=0, animate=false)
08-20 23:40:08.241  1043  1043 D BaseActivity: Launcher flags updated: [state_started|state_resumed|state_deferred_resumed|state_user_active] -[state_window_focused]
08-20 23:40:08.242   894   894 W BlurChoreographer: Multiple blur values emitted in the same frame
08-20 23:40:08.242   894   894 W BlurChoreographer: Multiple blur values emitted in the same frame
08-20 23:40:08.262   894   894 W BlurChoreographer: Multiple blur values emitted in the same frame
08-20 23:40:08.266   894   894 W BlurChoreographer: Multiple blur values emitted in the same frame
08-20 23:40:08.266   894   894 W BlurChoreographer: Multiple blur values emitted in the same frame
08-20 23:40:08.273   894   894 W BlurChoreographer: Multiple blur values emitted in the same frame
08-20 23:40:08.439   894   894 W BlurChoreographer: Multiple blur values emitted in the same frame
08-20 23:40:08.439   894   894 W BlurChoreographer: Multiple blur values emitted in the same frame
08-20 23:40:08.443   477   577 W skia    : AGTM parsing failed flags.readFromStream(s) at 159
08-20 23:40:08.443   894  1176 D StatusBar##isHomeStatusBarAllowed: newValue: false
08-20 23:40:08.443   477   577 W skia    : AGTM parsing failed flags.readFromStream(s) at 159
08-20 23:40:08.443   477   577 W skia    : AGTM parsing failed flags.readFromStream(s) at 159
08-20 23:40:08.443   894  1176 D StatusBar##canShowOngoingActivityChips: newValue: false
08-20 23:40:08.443   894  1176 D StatusBar##chips: newValue: Chips[allowed=false numChips=0]
08-20 23:40:08.445   477   577 W skia    : AGTM parsing failed flags.readFromStream(s) at 159
08-20 23:40:08.446   477   577 W skia    : AGTM parsing failed flags.readFromStream(s) at 159
08-20 23:40:08.446   477   577 W skia    : AGTM parsing failed flags.readFromStream(s) at 159
08-20 23:40:08.446   477   577 W skia    : AGTM parsing failed flags.readFromStream(s) at 159
08-20 23:40:08.472   477   577 W skia    : AGTM parsing failed flags.readFromStream(s) at 159
08-20 23:40:08.472   477   577 W skia    : AGTM parsing failed flags.readFromStream(s) at 159
08-20 23:40:08.472   477   577 W skia    : AGTM parsing failed flags.readFromStream(s) at 159
08-20 23:40:08.472   477   577 W skia    : AGTM parsing failed flags.readFromStream(s) at 159
08-20 23:40:08.472   477   577 W skia    : AGTM parsing failed flags.readFromStream(s) at 159
08-20 23:40:08.472   477   577 W skia    : AGTM parsing failed flags.readFromStream(s) at 159
08-20 23:40:08.472   477   577 W skia    : AGTM parsing failed flags.readFromStream(s) at 159
08-20 23:40:08.477   894   894 W BlurChoreographer: Multiple blur values emitted in the same frame
08-20 23:40:08.477   477   577 W skia    : AGTM parsing failed flags.readFromStream(s) at 159
08-20 23:40:08.477   477   577 W skia    : AGTM parsing failed flags.readFromStream(s) at 159
08-20 23:40:08.477   477   577 W skia    : AGTM parsing failed flags.readFromStream(s) at 159
08-20 23:40:08.490   477   577 W skia    : AGTM parsing failed flags.readFromStream(s) at 159
08-20 23:40:08.490   477   577 W skia    : AGTM parsing failed flags.readFromStream(s) at 159
08-20 23:40:08.490   477   577 W skia    : AGTM parsing failed flags.readFromStream(s) at 159
08-20 23:40:08.490   477   577 W skia    : AGTM parsing failed flags.readFromStream(s) at 159
08-20 23:40:08.490   477   577 W skia    : AGTM parsing failed flags.readFromStream(s) at 159
08-20 23:40:08.490   477   577 W skia    : AGTM parsing failed flags.readFromStream(s) at 159
08-20 23:40:08.490   477   577 W skia    : AGTM parsing failed flags.readFromStream(s) at 159
08-20 23:40:08.505   477   577 W skia    : AGTM parsing failed flags.readFromStream(s) at 159
08-20 23:40:08.506   477   577 W skia    : AGTM parsing failed flags.readFromStream(s) at 159
08-20 23:40:08.506   477   577 W skia    : AGTM parsing failed flags.readFromStream(s) at 159
08-20 23:40:08.506   477   577 W skia    : AGTM parsing failed flags.readFromStream(s) at 159
08-20 23:40:08.506   477   577 W skia    : AGTM parsing failed flags.readFromStream(s) at 159
08-20 23:40:08.506   477   577 W skia    : AGTM parsing failed flags.readFromStream(s) at 159
08-20 23:40:08.506   477   577 W skia    : AGTM parsing failed flags.readFromStream(s) at 159
08-20 23:40:08.523   477   577 W skia    : AGTM parsing failed flags.readFromStream(s) at 159
08-20 23:40:08.523   477   577 W skia    : AGTM parsing failed flags.readFromStream(s) at 159
08-20 23:40:08.523   477   577 W skia    : AGTM parsing failed flags.readFromStream(s) at 159
08-20 23:40:08.523   477   577 W skia    : AGTM parsing failed flags.readFromStream(s) at 159
08-20 23:40:08.523   477   577 W skia    : AGTM parsing failed flags.readFromStream(s) at 159
08-20 23:40:08.523   477   577 W skia    : AGTM parsing failed flags.readFromStream(s) at 159
08-20 23:40:08.523   477   577 W skia    : AGTM parsing failed flags.readFromStream(s) at 159
08-20 23:40:08.531   894   894 W BlurChoreographer: Multiple blur values emitted in the same frame
08-20 23:40:08.534   894   894 W BlurChoreographer: Multiple blur values emitted in the same frame
08-20 23:40:08.535   894   894 W BlurChoreographer: Multiple blur values emitted in the same frame
08-20 23:40:08.535   894   894 W BlurChoreographer: Multiple blur values emitted in the same frame
08-20 23:40:08.539   894   894 W BlurChoreographer: Multiple blur values emitted in the same frame
08-20 23:40:08.539   477   577 W skia    : AGTM parsing failed flags.readFromStream(s) at 159
08-20 23:40:08.539   477   577 W skia    : AGTM parsing failed flags.readFromStream(s) at 159
08-20 23:40:08.539   477   577 W skia    : AGTM parsing failed flags.readFromStream(s) at 159
08-20 23:40:08.539   477   577 W skia    : AGTM parsing failed flags.readFromStream(s) at 159
08-20 23:40:08.539   477   577 W skia    : AGTM parsing failed flags.readFromStream(s) at 159
08-20 23:40:08.539   477   577 W skia    : AGTM parsing failed flags.readFromStream(s) at 159
08-20 23:40:08.539   477   577 W skia    : AGTM parsing failed flags.readFromStream(s) at 159
08-20 23:40:08.557   477   577 W skia    : AGTM parsing failed flags.readFromStream(s) at 159
08-20 23:40:08.557   477   577 W skia    : AGTM parsing failed flags.readFromStream(s) at 159
08-20 23:40:08.557   477   577 W skia    : AGTM parsing failed flags.readFromStream(s) at 159
08-20 23:40:08.557   477   577 W skia    : AGTM parsing failed flags.readFromStream(s) at 159
08-20 23:40:08.557   477   577 W skia    : AGTM parsing failed flags.readFromStream(s) at 159
08-20 23:40:08.557   477   577 W skia    : AGTM parsing failed flags.readFromStream(s) at 159
08-20 23:40:08.557   477   577 W skia    : AGTM parsing failed flags.readFromStream(s) at 159
08-20 23:40:08.558   894   894 W BlurChoreographer: Multiple blur values emitted in the same frame
08-20 23:40:08.572   477   577 W skia    : AGTM parsing failed flags.readFromStream(s) at 159
08-20 23:40:08.572   477   577 W skia    : AGTM parsing failed flags.readFromStream(s) at 159
08-20 23:40:08.572   477   577 W skia    : AGTM parsing failed flags.readFromStream(s) at 159
08-20 23:40:08.572   477   577 W skia    : AGTM parsing failed flags.readFromStream(s) at 159
08-20 23:40:08.572   477   577 W skia    : AGTM parsing failed flags.readFromStream(s) at 159
08-20 23:40:08.572   477   577 W skia    : AGTM parsing failed flags.readFromStream(s) at 159
08-20 23:40:08.572   477   577 W skia    : AGTM parsing failed flags.readFromStream(s) at 159
08-20 23:40:08.579   477   577 W skia    : AGTM parsing failed flags.readFromStream(s) at 159
08-20 23:40:08.579   477   577 W skia    : AGTM parsing failed flags.readFromStream(s) at 159
08-20 23:40:08.579   477   577 W skia    : AGTM parsing failed flags.readFromStream(s) at 159
08-20 23:40:08.590   477   577 W skia    : AGTM parsing failed flags.readFromStream(s) at 159
08-20 23:40:08.590   477   577 W skia    : AGTM parsing failed flags.readFromStream(s) at 159
08-20 23:40:08.590   477   577 W skia    : AGTM parsing failed flags.readFromStream(s) at 159
08-20 23:40:08.590   477   577 W skia    : AGTM parsing failed flags.readFromStream(s) at 159
08-20 23:40:08.590   477   577 W skia    : AGTM parsing failed flags.readFromStream(s) at 159
08-20 23:40:08.590   477   577 W skia    : AGTM parsing failed flags.readFromStream(s) at 159
08-20 23:40:08.590   477   577 W skia    : AGTM parsing failed flags.readFromStream(s) at 159
08-20 23:40:08.609   477   577 W skia    : AGTM parsing failed flags.readFromStream(s) at 159
08-20 23:40:08.609   477   577 W skia    : AGTM parsing failed flags.readFromStream(s) at 159
08-20 23:40:08.609   477   577 W skia    : AGTM parsing failed flags.readFromStream(s) at 159
08-20 23:40:08.609   477   577 W skia    : AGTM parsing failed flags.readFromStream(s) at 159
08-20 23:40:08.609   477   577 W skia    : AGTM parsing failed flags.readFromStream(s) at 159
08-20 23:40:08.609   477   577 W skia    : AGTM parsing failed flags.readFromStream(s) at 159
08-20 23:40:08.609   477   577 W skia    : AGTM parsing failed flags.readFromStream(s) at 159
08-20 23:40:08.626   477   577 W skia    : AGTM parsing failed flags.readFromStream(s) at 159
08-20 23:40:08.626   477   577 W skia    : AGTM parsing failed flags.readFromStream(s) at 159
08-20 23:40:08.626   477   577 W skia    : AGTM parsing failed flags.readFromStream(s) at 159
08-20 23:40:08.626   477   577 W skia    : AGTM parsing failed flags.readFromStream(s) at 159
08-20 23:40:08.626   477   577 W skia    : AGTM parsing failed flags.readFromStream(s) at 159
08-20 23:40:08.626   477   577 W skia    : AGTM parsing failed flags.readFromStream(s) at 159
08-20 23:40:08.626   477   577 W skia    : AGTM parsing failed flags.readFromStream(s) at 159
08-20 23:40:08.639   477   577 W skia    : AGTM parsing failed flags.readFromStream(s) at 159
08-20 23:40:08.639   477   577 W skia    : AGTM parsing failed flags.readFromStream(s) at 159
08-20 23:40:08.639   477   577 W skia    : AGTM parsing failed flags.readFromStream(s) at 159
08-20 23:40:08.639   477   577 W skia    : AGTM parsing failed flags.readFromStream(s) at 159
08-20 23:40:08.639   477   577 W skia    : AGTM parsing failed flags.readFromStream(s) at 159
08-20 23:40:08.639   477   577 W skia    : AGTM parsing failed flags.readFromStream(s) at 159
08-20 23:40:08.639   477   577 W skia    : AGTM parsing failed flags.readFromStream(s) at 159
08-20 23:40:08.657   477   577 W skia    : AGTM parsing failed flags.readFromStream(s) at 159
08-20 23:40:08.657   477   577 W skia    : AGTM parsing failed flags.readFromStream(s) at 159
08-20 23:40:08.657   477   577 W skia    : AGTM parsing failed flags.readFromStream(s) at 159
08-20 23:40:08.657   477   577 W skia    : AGTM parsing failed flags.readFromStream(s) at 159
08-20 23:40:08.657   477   577 W skia    : AGTM parsing failed flags.readFromStream(s) at 159
08-20 23:40:08.657   477   577 W skia    : AGTM parsing failed flags.readFromStream(s) at 159
08-20 23:40:08.657   477   577 W skia    : AGTM parsing failed flags.readFromStream(s) at 159
08-20 23:40:08.674   477   577 W skia    : AGTM parsing failed flags.readFromStream(s) at 159
08-20 23:40:08.674   477   577 W skia    : AGTM parsing failed flags.readFromStream(s) at 159
08-20 23:40:08.674   477   577 W skia    : AGTM parsing failed flags.readFromStream(s) at 159
08-20 23:40:08.674   477   577 W skia    : AGTM parsing failed flags.readFromStream(s) at 159
08-20 23:40:08.674   477   577 W skia    : AGTM parsing failed flags.readFromStream(s) at 159
08-20 23:40:08.674   477   577 W skia    : AGTM parsing failed flags.readFromStream(s) at 159
08-20 23:40:08.674   477   577 W skia    : AGTM parsing failed flags.readFromStream(s) at 159
08-20 23:40:08.680   477   577 W skia    : AGTM parsing failed flags.readFromStream(s) at 159
08-20 23:40:08.680   477   577 W skia    : AGTM parsing failed flags.readFromStream(s) at 159
08-20 23:40:08.680   477   577 W skia    : AGTM parsing failed flags.readFromStream(s) at 159
08-20 23:40:08.691   477   577 W skia    : AGTM parsing failed flags.readFromStream(s) at 159
08-20 23:40:08.691   477   577 W skia    : AGTM parsing failed flags.readFromStream(s) at 159
08-20 23:40:08.691   477   577 W skia    : AGTM parsing failed flags.readFromStream(s) at 159
08-20 23:40:08.691   477   577 W skia    : AGTM parsing failed flags.readFromStream(s) at 159
08-20 23:40:08.691   477   577 W skia    : AGTM parsing failed flags.readFromStream(s) at 159
08-20 23:40:08.691   477   577 W skia    : AGTM parsing failed flags.readFromStream(s) at 159
08-20 23:40:08.691   477   577 W skia    : AGTM parsing failed flags.readFromStream(s) at 159
08-20 23:40:08.707   477   577 W skia    : AGTM parsing failed flags.readFromStream(s) at 159
08-20 23:40:08.707   894   894 W BlurChoreographer: Multiple blur values emitted in the same frame
08-20 23:40:08.707   477   577 W skia    : AGTM parsing failed flags.readFromStream(s) at 159
08-20 23:40:08.707   477   577 W skia    : AGTM parsing failed flags.readFromStream(s) at 159
08-20 23:40:08.707   477   577 W skia    : AGTM parsing failed flags.readFromStream(s) at 159
08-20 23:40:08.707   477   577 W skia    : AGTM parsing failed flags.readFromStream(s) at 159
08-20 23:40:08.707   477   577 W skia    : AGTM parsing failed flags.readFromStream(s) at 159
08-20 23:40:08.707   477   577 W skia    : AGTM parsing failed flags.readFromStream(s) at 159
08-20 23:40:08.726   477   577 W skia    : AGTM parsing failed flags.readFromStream(s) at 159
08-20 23:40:08.726   477   577 W skia    : AGTM parsing failed flags.readFromStream(s) at 159
08-20 23:40:08.726   477   577 W skia    : AGTM parsing failed flags.readFromStream(s) at 159
08-20 23:40:08.726   477   577 W skia    : AGTM parsing failed flags.readFromStream(s) at 159
08-20 23:40:08.726   477   577 W skia    : AGTM parsing failed flags.readFromStream(s) at 159
08-20 23:40:08.726   477   577 W skia    : AGTM parsing failed flags.readFromStream(s) at 159
08-20 23:40:08.726   477   577 W skia    : AGTM parsing failed flags.readFromStream(s) at 159
08-20 23:40:08.741   477   577 W skia    : AGTM parsing failed flags.readFromStream(s) at 159
08-20 23:40:08.742   477   577 W skia    : AGTM parsing failed flags.readFromStream(s) at 159
08-20 23:40:08.742   477   577 W skia    : AGTM parsing failed flags.readFromStream(s) at 159
08-20 23:40:08.742   477   577 W skia    : AGTM parsing failed flags.readFromStream(s) at 159
08-20 23:40:08.742   477   577 W skia    : AGTM parsing failed flags.readFromStream(s) at 159
08-20 23:40:08.742   477   577 W skia    : AGTM parsing failed flags.readFromStream(s) at 159
08-20 23:40:08.742   477   577 W skia    : AGTM parsing failed flags.readFromStream(s) at 159
08-20 23:40:08.759   477   577 W skia    : AGTM parsing failed flags.readFromStream(s) at 159
08-20 23:40:08.759   477   577 W skia    : AGTM parsing failed flags.readFromStream(s) at 159
08-20 23:40:08.759   477   577 W skia    : AGTM parsing failed flags.readFromStream(s) at 159
08-20 23:40:08.759   477   577 W skia    : AGTM parsing failed flags.readFromStream(s) at 159
08-20 23:40:08.759   477   577 W skia    : AGTM parsing failed flags.readFromStream(s) at 159
08-20 23:40:08.759   477   577 W skia    : AGTM parsing failed flags.readFromStream(s) at 159
08-20 23:40:08.759   477   577 W skia    : AGTM parsing failed flags.readFromStream(s) at 159
08-20 23:40:08.775   477   577 W skia    : AGTM parsing failed flags.readFromStream(s) at 159
08-20 23:40:08.775   477   577 W skia    : AGTM parsing failed flags.readFromStream(s) at 159
08-20 23:40:08.775   477   577 W skia    : AGTM parsing failed flags.readFromStream(s) at 159
08-20 23:40:08.775   477   577 W skia    : AGTM parsing failed flags.readFromStream(s) at 159
08-20 23:40:08.775   477   577 W skia    : AGTM parsing failed flags.readFromStream(s) at 159
08-20 23:40:08.775   477   577 W skia    : AGTM parsing failed flags.readFromStream(s) at 159
08-20 23:40:08.775   477   577 W skia    : AGTM parsing failed flags.readFromStream(s) at 159
08-20 23:40:08.781   477   577 W skia    : AGTM parsing failed flags.readFromStream(s) at 159
08-20 23:40:08.781   477   577 W skia    : AGTM parsing failed flags.readFromStream(s) at 159
08-20 23:40:08.781   477   577 W skia    : AGTM parsing failed flags.readFromStream(s) at 159
08-20 23:40:08.791   477   577 W skia    : AGTM parsing failed flags.readFromStream(s) at 159
08-20 23:40:08.791   477   577 W skia    : AGTM parsing failed flags.readFromStream(s) at 159
08-20 23:40:08.791   477   577 W skia    : AGTM parsing failed flags.readFromStream(s) at 159
08-20 23:40:08.792   477   577 W skia    : AGTM parsing failed flags.readFromStream(s) at 159
08-20 23:40:08.792   477   577 W skia    : AGTM parsing failed flags.readFromStream(s) at 159
08-20 23:40:08.792   477   577 W skia    : AGTM parsing failed flags.readFromStream(s) at 159
08-20 23:40:08.792   477   577 W skia    : AGTM parsing failed flags.readFromStream(s) at 159
08-20 23:40:08.807   477   577 W skia    : AGTM parsing failed flags.readFromStream(s) at 159
08-20 23:40:08.807   477   577 W skia    : AGTM parsing failed flags.readFromStream(s) at 159
08-20 23:40:08.807   477   577 W skia    : AGTM parsing failed flags.readFromStream(s) at 159
08-20 23:40:08.807   477   577 W skia    : AGTM parsing failed flags.readFromStream(s) at 159
08-20 23:40:08.807   477   577 W skia    : AGTM parsing failed flags.readFromStream(s) at 159
08-20 23:40:08.807   477   577 W skia    : AGTM parsing failed flags.readFromStream(s) at 159
08-20 23:40:08.807   477   577 W skia    : AGTM parsing failed flags.readFromStream(s) at 159
08-20 23:40:08.822   477   577 W skia    : AGTM parsing failed flags.readFromStream(s) at 159
08-20 23:40:08.822   477   577 W skia    : AGTM parsing failed flags.readFromStream(s) at 159
08-20 23:40:08.822   477   577 W skia    : AGTM parsing failed flags.readFromStream(s) at 159
08-20 23:40:08.822   477   577 W skia    : AGTM parsing failed flags.readFromStream(s) at 159
08-20 23:40:08.822   477   577 W skia    : AGTM parsing failed flags.readFromStream(s) at 159
08-20 23:40:08.822   477   577 W skia    : AGTM parsing failed flags.readFromStream(s) at 159
08-20 23:40:08.822   477   577 W skia    : AGTM parsing failed flags.readFromStream(s) at 159
08-20 23:40:08.834   642   793 I HalDevMgr: bestIfaceCreationProposal is null, requestIface=STA, existingIface=[name=wlan0 type=STA]
08-20 23:40:08.841   477   577 W skia    : AGTM parsing failed flags.readFromStream(s) at 159
08-20 23:40:08.841   477   577 W skia    : AGTM parsing failed flags.readFromStream(s) at 159
08-20 23:40:08.841   477   577 W skia    : AGTM parsing failed flags.readFromStream(s) at 159
08-20 23:40:08.841   477   577 W skia    : AGTM parsing failed flags.readFromStream(s) at 159
08-20 23:40:08.841   477   577 W skia    : AGTM parsing failed flags.readFromStream(s) at 159
08-20 23:40:08.841   477   577 W skia    : AGTM parsing failed flags.readFromStream(s) at 159
08-20 23:40:08.841   477   577 W skia    : AGTM parsing failed flags.readFromStream(s) at 159
08-20 23:40:08.859   477   577 W skia    : AGTM parsing failed flags.readFromStream(s) at 159
08-20 23:40:08.859   477   577 W skia    : AGTM parsing failed flags.readFromStream(s) at 159
08-20 23:40:08.859   477   577 W skia    : AGTM parsing failed flags.readFromStream(s) at 159
08-20 23:40:08.859   477   577 W skia    : AGTM parsing failed flags.readFromStream(s) at 159
08-20 23:40:08.859   477   577 W skia    : AGTM parsing failed flags.readFromStream(s) at 159
08-20 23:40:08.859   477   577 W skia    : AGTM parsing failed flags.readFromStream(s) at 159
08-20 23:40:08.859   477   577 W skia    : AGTM parsing failed flags.readFromStream(s) at 159
08-20 23:40:08.876   477   577 W skia    : AGTM parsing failed flags.readFromStream(s) at 159
08-20 23:40:08.876   477   577 W skia    : AGTM parsing failed flags.readFromStream(s) at 159
08-20 23:40:08.876   477   577 W skia    : AGTM parsing failed flags.readFromStream(s) at 159
08-20 23:40:08.876   477   577 W skia    : AGTM parsing failed flags.readFromStream(s) at 159
08-20 23:40:08.876   477   577 W skia    : AGTM parsing failed flags.readFromStream(s) at 159
08-20 23:40:08.876   477   577 W skia    : AGTM parsing failed flags.readFromStream(s) at 159
08-20 23:40:08.876   477   577 W skia    : AGTM parsing failed flags.readFromStream(s) at 159
08-20 23:40:08.882   477   577 W skia    : AGTM parsing failed flags.readFromStream(s) at 159
08-20 23:40:08.882   477   577 W skia    : AGTM parsing failed flags.readFromStream(s) at 159
08-20 23:40:08.882   477   577 W skia    : AGTM parsing failed flags.readFromStream(s) at 159
08-20 23:40:08.890   477   577 W skia    : AGTM parsing failed flags.readFromStream(s) at 159
08-20 23:40:08.890   477   577 W skia    : AGTM parsing failed flags.readFromStream(s) at 159
08-20 23:40:08.890   477   577 W skia    : AGTM parsing failed flags.readFromStream(s) at 159
08-20 23:40:08.890   477   577 W skia    : AGTM parsing failed flags.readFromStream(s) at 159
08-20 23:40:08.890   477   577 W skia    : AGTM parsing failed flags.readFromStream(s) at 159
08-20 23:40:08.890   477   577 W skia    : AGTM parsing failed flags.readFromStream(s) at 159
08-20 23:40:08.890   477   577 W skia    : AGTM parsing failed flags.readFromStream(s) at 159
08-20 23:40:08.907   477   577 W skia    : AGTM parsing failed flags.readFromStream(s) at 159
08-20 23:40:08.907   477   577 W skia    : AGTM parsing failed flags.readFromStream(s) at 159
08-20 23:40:08.907   477   577 W skia    : AGTM parsing failed flags.readFromStream(s) at 159
08-20 23:40:08.907   477   577 W skia    : AGTM parsing failed flags.readFromStream(s) at 159
08-20 23:40:08.907   477   577 W skia    : AGTM parsing failed flags.readFromStream(s) at 159
08-20 23:40:08.907   477   577 W skia    : AGTM parsing failed flags.readFromStream(s) at 159
08-20 23:40:08.907   477   577 W skia    : AGTM parsing failed flags.readFromStream(s) at 159
08-20 23:40:08.925   477   577 W skia    : AGTM parsing failed flags.readFromStream(s) at 159
08-20 23:40:08.925   477   577 W skia    : AGTM parsing failed flags.readFromStream(s) at 159
08-20 23:40:08.925   477   577 W skia    : AGTM parsing failed flags.readFromStream(s) at 159
08-20 23:40:08.925   477   577 W skia    : AGTM parsing failed flags.readFromStream(s) at 159
08-20 23:40:08.925   477   577 W skia    : AGTM parsing failed flags.readFromStream(s) at 159
08-20 23:40:08.925   477   577 W skia    : AGTM parsing failed flags.readFromStream(s) at 159
08-20 23:40:08.925   477   577 W skia    : AGTM parsing failed flags.readFromStream(s) at 159
08-20 23:40:08.941   477   577 W skia    : AGTM parsing failed flags.readFromStream(s) at 159
08-20 23:40:08.941   477   577 W skia    : AGTM parsing failed flags.readFromStream(s) at 159
08-20 23:40:08.941   477   577 W skia    : AGTM parsing failed flags.readFromStream(s) at 159
08-20 23:40:08.941   477   577 W skia    : AGTM parsing failed flags.readFromStream(s) at 159
08-20 23:40:08.941   477   577 W skia    : AGTM parsing failed flags.readFromStream(s) at 159
08-20 23:40:08.941   477   577 W skia    : AGTM parsing failed flags.readFromStream(s) at 159
08-20 23:40:08.941   477   577 W skia    : AGTM parsing failed flags.readFromStream(s) at 159
08-20 23:40:08.961   477   577 W skia    : AGTM parsing failed flags.readFromStream(s) at 159
08-20 23:40:08.961   477   577 W skia    : AGTM parsing failed flags.readFromStream(s) at 159
08-20 23:40:08.961   477   577 W skia    : AGTM parsing failed flags.readFromStream(s) at 159
08-20 23:40:08.961   477   577 W skia    : AGTM parsing failed flags.readFromStream(s) at 159
08-20 23:40:08.961   477   577 W skia    : AGTM parsing failed flags.readFromStream(s) at 159
08-20 23:40:08.961   477   577 W skia    : AGTM parsing failed flags.readFromStream(s) at 159
08-20 23:40:08.961   477   577 W skia    : AGTM parsing failed flags.readFromStream(s) at 159
08-20 23:40:08.973   477   577 W skia    : AGTM parsing failed flags.readFromStream(s) at 159
08-20 23:40:08.973   477   577 W skia    : AGTM parsing failed flags.readFromStream(s) at 159
08-20 23:40:08.973   477   577 W skia    : AGTM parsing failed flags.readFromStream(s) at 159
08-20 23:40:08.973   477   577 W skia    : AGTM parsing failed flags.readFromStream(s) at 159
08-20 23:40:08.973   477   577 W skia    : AGTM parsing failed flags.readFromStream(s) at 159
08-20 23:40:08.973   477   577 W skia    : AGTM parsing failed flags.readFromStream(s) at 159
08-20 23:40:08.973   477   577 W skia    : AGTM parsing failed flags.readFromStream(s) at 159
08-20 23:40:08.983   477   577 W skia    : AGTM parsing failed flags.readFromStream(s) at 159
08-20 23:40:08.983   477   577 W skia    : AGTM parsing failed flags.readFromStream(s) at 159
08-20 23:40:08.983   477   577 W skia    : AGTM parsing failed flags.readFromStream(s) at 159
08-20 23:40:10.175   479   479 I adbd    : adbd service requested 'exec:uiautomator 'dump' '/sdcard/notif_dump.xml''
08-20 23:40:10.213 12547 12547 D AndroidRuntime: >>>>>> START com.android.internal.os.RuntimeInit uid 2000 <<<<<<
08-20 23:40:10.215 12547 12547 I AndroidRuntime: Using default boot image
08-20 23:40:10.215 12547 12547 I AndroidRuntime: Leaving lock profiling enabled
08-20 23:40:10.216 12547 12547 I app_process: Core platform API enforcement enabled from the hiddenapi_platform_enforcement flag and the device API level
08-20 23:40:10.216 12547 12547 I app_process: Using generational CollectorTypeCMC GC.
08-20 23:40:10.233 12547 12547 D nativeloader: InitDefaultPublicLibraries for_preload=1: libandroid.so:libaaudio.so:libamidi.so:libbinder_ndk.so:libc.so:libcamera2ndk.so:libdl.so:libEGL.so:libGLESv1_CM.so:libGLESv2.so:libGLESv3.so:libicu.so:libicui18n.so:libicuuc.so:libjnigraphics.so:liblog.so:libmediandk.so:libm.so:libnativehelper.so:libnativewindow.so:libOpenMAXAL.so:libOpenSLES.so:libRS.so:libstdc++.so:libsync.so:libvulkan.so:libwebviewchromium_plat_support.so:libz.so
08-20 23:40:10.237 12547 12547 D nativeloader: Load libicu_jni.so using APEX ns com_android_art for caller /apex/com.android.art/javalib/core-oj.jar: ok
08-20 23:40:10.237 12547 12547 D app_process: u_setTimeZoneFilesDirectory("/apex/com.android.tzdata/etc/tz/versioned/10/icu") succeeded. 
08-20 23:40:10.237 12547 12547 D app_process: I18n APEX ICU file found: /apex/com.android.i18n/etc/icu/icudt78l.dat
08-20 23:40:10.237 12547 12547 D nativeloader: Load libjavacore.so using APEX ns com_android_art for caller /apex/com.android.art/javalib/core-oj.jar: ok
08-20 23:40:10.237 12547 12547 D nativeloader: Load libopenjdk.so using APEX ns com_android_art for caller /apex/com.android.art/javalib/core-oj.jar: ok
08-20 23:40:10.238 12547 12547 I app_process: Priority-to-niceness mapping: 19, 16, 13, 10, 0, -2, -4, -5, -6, -8
08-20 23:40:10.238 12547 12547 W app_process: ClassLoaderContext shared library size mismatch. Expected=2, found=0 (PCL[]{PCL[/system/framework/android.test.base.jar*736588042]#PCL[/system/framework/android.test.mock.jar*4008448454]} | PCL[])
08-20 23:40:10.238 12547 12547 W app_process: ClassLoaderContext classpath size mismatch. expected=0, found=1 (PCL[]{PCL[/system/framework/android.test.runner.jar*805256125]{PCL[/system/framework/android.test.base.jar*736588042]#PCL[/system/framework/android.test.mock.jar*4008448454]}#PCL[/system/framework/android.test.base.jar*736588042]} | PCL[/system/framework/android.test.runner.jar*805256125])
08-20 23:40:10.245 12547 12547 D nativeloader: Load libframework-connectivity-tiramisu-jni.so using APEX ns com_android_tethering for caller /apex/com.android.tethering/javalib/framework-connectivity-t.jar: ok
08-20 23:40:10.245 12547 12547 D AndroidRuntime: Calling main entry com.android.commands.uiautomator.Launcher
08-20 23:40:10.246 12547 12547 I AconfigPackage: android.media.swcodec.flags is mapped to com.android.media.swcodec
08-20 23:40:10.246 12547 12547 I AconfigPackage: com.android.permission.flags is mapped to com.android.permission
08-20 23:40:10.246 12547 12547 I AconfigPackage: com.android.permissioncontroller.flags is mapped to com.android.permission
08-20 23:40:10.246 12547 12547 I AconfigPackage: com.google.android.widevine.flags is mapped to com.google.android.widevine
08-20 23:40:10.246 12547 12547 I AconfigPackage: com.android.icu is mapped to com.android.i18n
08-20 23:40:10.246 12547 12547 I AconfigPackage: com.android.appsearch.flags is mapped to com.android.appsearch
08-20 23:40:10.246 12547 12547 I AconfigPackage: com.android.uprobestats.flags is mapped to com.android.uprobestats
08-20 23:40:10.246 12547 12547 I AconfigPackage: android.uprobestats.mainline.flags is mapped to com.android.uprobestats
08-20 23:40:10.246 12547 12547 I AconfigPackage: com.android.crashrecovery.flags is mapped to com.android.crashrecovery
08-20 23:40:10.247 12547 12547 I AconfigPackage: android.provider.flags is mapped to com.android.configinfrastructure
08-20 23:40:10.247 12547 12547 I AconfigPackage: com.android.server.deviceconfig is mapped to com.android.configinfrastructure
08-20 23:40:10.247 12547 12547 I AconfigPackage: com.android.art.flags is mapped to com.android.art
08-20 23:40:10.247 12547 12547 I AconfigPackage: com.android.art.rw.flags is mapped to com.android.art
08-20 23:40:10.247 12547 12547 I AconfigPackage: com.android.libcore is mapped to com.android.art
08-20 23:40:10.247 12547 12547 I AconfigPackage: android.telecom.flags is mapped to com.android.telephonycore
08-20 23:40:10.247 12547 12547 I AconfigPackage: com.android.internal.telecom.flags is mapped to com.android.telephonycore
08-20 23:40:10.247 12547 12547 I AconfigPackage: com.android.telephony.flags is mapped to com.android.telephonycore
08-20 23:40:10.247 12547 12547 I AconfigPackage: com.android.media.extractor.flags is mapped to com.android.media
08-20 23:40:10.247 12547 12547 I AconfigPackage: com.android.media.metrics.flags is mapped to com.android.media
08-20 23:40:10.247 12547 12547 I AconfigPackage: com.android.media.mainline.flags is mapped to com.android.media
08-20 23:40:10.247 12547 12547 I AconfigPackage: com.android.wifi.flags is mapped to com.android.wifi
08-20 23:40:10.247 12547 12547 I AconfigPackage: com.android.org.conscrypt.flags is mapped to com.android.conscrypt
08-20 23:40:10.247 12547 12547 I AconfigPackage: com.android.org.conscrypt.net.flags is mapped to com.android.conscrypt
08-20 23:40:10.247 12547 12547 I AconfigPackage: com.android.healthfitness.flags is mapped to com.android.healthfitness
08-20 23:40:10.247 12547 12547 I AconfigPackage: com.android.ipsec.flags is mapped to com.android.ipsec
08-20 23:40:10.247 12547 12547 I AconfigPackage: com.android.nfc.module.flags is mapped to com.android.nfcservices
08-20 23:40:10.247 12547 12547 I AconfigPackage: com.android.nfc.module.nonexported.flags is mapped to com.android.nfcservices
08-20 23:40:10.247 12547 12547 I AconfigPackage: com.android.adservices.ondevicepersonalization.flags is mapped to com.android.ondevicepersonalization
08-20 23:40:10.247 12547 12547 I AconfigPackage: com.android.adbd.flags is mapped to com.android.adbd
08-20 23:40:10.247 12547 12547 I AconfigPackage: com.android.bluetooth.beta.flags is mapped to com.android.bt
08-20 23:40:10.247 12547 12547 I AconfigPackage: com.android.bluetooth.flags is mapped to com.android.bt
08-20 23:40:10.247 12547 12547 I AconfigPackage: com.android.devicelock.flags is mapped to com.android.devicelock
08-20 23:40:10.247 12547 12547 I AconfigPackage: android.os.profiling is mapped to com.android.profiling
08-20 23:40:10.247 12547 12547 I AconfigPackage: android.os.profiling.anomaly.flags is mapped to com.android.profiling
08-20 23:40:10.247 12547 12547 I AconfigPackage: com.android.os.statsd.flags is mapped to com.android.os.statsd
08-20 23:40:10.247 12547 12547 I AconfigPackage: com.android.webapp.flags is mapped to com.android.webapp
08-20 23:40:10.247 12547 12547 I AconfigPackage: com.android.rkpd.flags is mapped to com.android.rkpd
08-20 23:40:10.247 12547 12547 I AconfigPackage: com.android.cellbroadcastreceiver.flags is mapped to com.android.cellbroadcast
08-20 23:40:10.247 12547 12547 I AconfigPackage: com.android.adservices.flags is mapped to com.android.adservices
08-20 23:40:10.247 12547 12547 I AconfigPackage: com.android.sdksandbox.flags is mapped to com.android.adservices
08-20 23:40:10.247 12547 12547 I AconfigPackage: android.app.sdksandbox.flags is mapped to com.android.adservices
08-20 23:40:10.247 12547 12547 I AconfigPackage: com.android.uwb.flags is mapped to com.android.uwb
08-20 23:40:10.247 12547 12547 I AconfigPackage: com.android.ranging.flags is mapped to com.android.uwb
08-20 23:40:10.247 12547 12547 I AconfigPackage: com.android.npumanager is mapped to com.android.npumanager
08-20 23:40:10.247 12547 12547 I AconfigPackage: android.graphics.pdf.flags is mapped to com.android.mediaprovider
08-20 23:40:10.247 12547 12547 I AconfigPackage: com.android.providers.media.flags is mapped to com.android.mediaprovider
08-20 23:40:10.247 12547 12547 I AconfigPackage: android.graphics.pdf.flags.readonly is mapped to com.android.mediaprovider
08-20 23:40:10.248 12547 12547 I AconfigPackage: com.android.tethering.mainline.beta is mapped to com.android.tethering
08-20 23:40:10.248 12547 12547 I AconfigPackage: android.net.http is mapped to com.android.tethering
08-20 23:40:10.248 12547 12547 I AconfigPackage: com.android.tethering.readonly.flags is mapped to com.android.tethering
08-20 23:40:10.248 12547 12547 I AconfigPackage: android.net.vcn is mapped to com.android.tethering
08-20 23:40:10.248 12547 12547 I AconfigPackage: com.android.net.flags is mapped to com.android.tethering
08-20 23:40:10.248 12547 12547 I AconfigPackage: com.android.tethering.flags is mapped to com.android.tethering
08-20 23:40:10.248 12547 12547 I AconfigPackage: com.android.tethering.beta.test is mapped to com.android.tethering
08-20 23:40:10.248 12547 12547 I AconfigPackage: com.android.nearby.flags is mapped to com.android.tethering
08-20 23:40:10.248 12547 12547 I AconfigPackage: com.android.net.thread.flags is mapped to com.android.tethering
08-20 23:40:10.248 12547 12547 I AconfigPackage: com.android.net.ct.flags is mapped to com.android.tethering
08-20 23:40:10.248 12547 12547 I AconfigPackage: com.android.system.virtualmachine.flags is mapped to com.android.virt
08-20 23:40:10.248 12547 12547 E FeatureFlagsImplExport: android.os.flagging.AconfigStorageReadException: ERROR_PACKAGE_NOT_FOUND: package android.xr cannot be found on the device
08-20 23:40:10.248 12547 12547 D UiAutomationConnection: Created on user UserHandle{0}
08-20 23:40:10.248 12547 12547 I UiAutomation: Initialized for user 0 on display 0
08-20 23:40:10.248 12547 12547 W UiAutomation: Created with deprecatead constructor, assumes DEFAULT_DISPLAY
08-20 23:40:10.249   642   655 D AccessibilityManagerService: changeCurrentUserForTestAutomationIfNeededLocked(0): ignoring because device doesn't support visible background users
08-20 23:40:10.249   642   655 I UiAutomationManager: Registering UiTestAutomationService (id=com.android.server.accessibility/UiAutomation, flags=0x0) when called by user 0
08-20 23:40:10.249   642   655 V AccessibilityManagerService: onUserStateChangedLocked for userId: 0, forceUpdate: false
08-20 23:40:10.249   642   655 V AccessibilityUserState: updateShortcutTargets: type:accessibility_shortcut_target_service, current:{}, new:{}
08-20 23:40:10.249   642   655 V AccessibilityUserState: updateShortcutTargets: type:accessibility_button_targets, current:{}, new:{}
08-20 23:40:10.249   642   655 V AccessibilityUserState: updateShortcutTargets: type:accessibility_gesture_targets, current:{}, new:{}
08-20 23:40:10.249   642   655 V AccessibilityUserState: updateShortcutTargets: type:accessibility_qs_targets, current:{}, new:{}
08-20 23:40:10.249   642   655 V AccessibilityUserState: updateShortcutTargets: type:accessibility_key_gesture_targets, current:{}, new:{}
08-20 23:40:10.249   642   655 V AccessibilityUserState: updateShortcutTargets: type:accessibility_top_row_key_targets, current:{}, new:{}
08-20 23:40:10.249   642   655 V AccessibilityUserState: updateShortcutTargets: type:accessibility_quick_access_targets, current:{}, new:{}
08-20 23:40:10.249   642   655 W MagnificationConnectionManager: requestConnection duplicated request: connect=false, mConnectionState=DISCONNECTED
08-20 23:40:10.249  1655  2116 I AiAiEcho: Settings changed for uri: content://settings/secure/accessibility_enabled
08-20 23:40:10.249  1655  1820 I AiAiEcho: Predicting[0]:  [CONTEXT sampling_count=5 ]
08-20 23:40:10.249  1655  1820 I AiAiEcho: EchoTargets: 
08-20 23:40:10.249  1655  1820 I AiAiEcho: Filtered by AiAi flag check: 
08-20 23:40:10.249  1655  1820 I AiAiEcho: [CONTEXT ratelimit_period="10 SECONDS" ]
08-20 23:40:10.249  1655  1820 I AiAiEcho: #remoteViewsTwiddler: feature disabled.
08-20 23:40:10.249  1655  1820 I AiAiEcho: Predicting[0]:  [CONTEXT sampling_count=5 ]
08-20 23:40:10.250  1655  1820 I AiAiEcho: EchoTargets: 
08-20 23:40:10.250  1655  1820 I AiAiEcho: Filtered by AiAi flag check: 
08-20 23:40:10.250  1655  1820 I AiAiEcho: [CONTEXT ratelimit_period="10 SECONDS" ]
08-20 23:40:10.250  1655  1820 I AiAiEcho: #remoteViewsTwiddler: feature disabled.
08-20 23:40:10.250  1655  1820 I AiAiEcho: Predicting[0]:  [CONTEXT sampling_count=5 ]
08-20 23:40:10.250  1655  1820 I AiAiEcho: EchoTargets: 
08-20 23:40:10.250  1655  1820 I AiAiEcho: Filtered by AiAi flag check: 
08-20 23:40:10.250  1655  1820 I AiAiEcho: [CONTEXT ratelimit_period="10 SECONDS" ]
08-20 23:40:10.250  1655  1820 I AiAiEcho: #remoteViewsTwiddler: feature disabled.
08-20 23:40:10.250  1655  1820 I AiAiEcho: #postPredictionTargets: Sending updates to UISurface lockscreen with targets# 0 (types=[])
08-20 23:40:10.250  1655  1820 I AiAiEcho: #postPredictionTargets: Sending updates to UISurface ambientcue with targets# 0 (types=[])
08-20 23:40:10.250  1655  1820 I AiAiEcho: #postPredictionTargets: Sending updates to UISurface home with targets# 0 (types=[])
08-20 23:40:10.250   894  1154 I AmbientCueRepository: Receiving SmartSpace targets # 0
08-20 23:40:10.250   642   642 W libbinder.IPCThreadState: Sending oneway calls to frozen process.
08-20 23:40:10.250   642   642 W libbinder.IPCThreadState: Sending oneway calls to frozen process.
08-20 23:40:10.250   642   642 W libbinder.IPCThreadState: Sending oneway calls to frozen process.
08-20 23:40:10.250   642   642 W libbinder.IPCThreadState: Sending oneway calls to frozen process.
08-20 23:40:10.250   642   642 W libbinder.IPCThreadState: Sending oneway calls to frozen process.
08-20 23:40:10.250   642   642 W libbinder.IPCThreadState: Sending oneway calls to frozen process.
08-20 23:40:10.250   642   642 W libbinder.IPCThreadState: Sending oneway calls to frozen process.
08-20 23:40:10.251   642   642 W libbinder.IPCThreadState: Sending oneway calls to frozen process.
08-20 23:40:10.251   642   642 W libbinder.IPCThreadState: Sending oneway calls to frozen process.
08-20 23:40:10.251   642   642 W libbinder.IPCThreadState: Sending oneway calls to frozen process.
08-20 23:40:10.251   642   642 W libbinder.IPCThreadState: Sending oneway calls to frozen process.
08-20 23:40:10.251   642   642 W libbinder.IPCThreadState: Sending oneway calls to frozen process.
08-20 23:40:10.251   642   642 W libbinder.IPCThreadState: Sending oneway calls to frozen process.
08-20 23:40:10.251   642   642 W libbinder.IPCThreadState: Sending oneway calls to frozen process.
08-20 23:40:10.251   642   642 W libbinder.IPCThreadState: Sending oneway calls to frozen process.
08-20 23:40:10.251   642   642 D BatterySaverPolicy: accessibility changed to true, updating policy.
08-20 23:40:10.251   642   655 V AccessibilityManagerService: onUserStateChangedLocked for userId: 0, forceUpdate: false
08-20 23:40:10.251   642   655 V AccessibilityUserState: updateShortcutTargets: type:accessibility_shortcut_target_service, current:{}, new:{}
08-20 23:40:10.251   642   655 V AccessibilityUserState: updateShortcutTargets: type:accessibility_button_targets, current:{}, new:{}
08-20 23:40:10.251   642   655 V AccessibilityUserState: updateShortcutTargets: type:accessibility_gesture_targets, current:{}, new:{}
08-20 23:40:10.251   642   655 V AccessibilityUserState: updateShortcutTargets: type:accessibility_qs_targets, current:{}, new:{}
08-20 23:40:10.251   642   655 V AccessibilityUserState: updateShortcutTargets: type:accessibility_key_gesture_targets, current:{}, new:{}
08-20 23:40:10.251   642   655 V AccessibilityUserState: updateShortcutTargets: type:accessibility_top_row_key_targets, current:{}, new:{}
08-20 23:40:10.251   642   655 V AccessibilityUserState: updateShortcutTargets: type:accessibility_quick_access_targets, current:{}, new:{}
08-20 23:40:10.252   642   655 W MagnificationConnectionManager: requestConnection duplicated request: connect=false, mConnectionState=DISCONNECTED
08-20 23:40:10.252  1655  1957 I AiAiEcho: Settings changed for uri: content://settings/secure/accessibility_enabled
08-20 23:40:10.252  1655  1820 I AiAiEcho: Predicting[0]:  [CONTEXT sampling_count=5 ]
08-20 23:40:10.252  1655  1820 I AiAiEcho: EchoTargets: 
08-20 23:40:10.252  1655  1820 I AiAiEcho: Filtered by AiAi flag check: 
08-20 23:40:10.252  1655  1820 I AiAiEcho: [CONTEXT ratelimit_period="10 SECONDS" ]
08-20 23:40:10.252  1655  1820 I AiAiEcho: #remoteViewsTwiddler: feature disabled.
08-20 23:40:10.252  1655  1820 I AiAiEcho: Predicting[0]:  [CONTEXT sampling_count=5 ]
08-20 23:40:10.252  1655  1820 I AiAiEcho: EchoTargets: 
08-20 23:40:10.252  1655  1820 I AiAiEcho: Filtered by AiAi flag check: 
08-20 23:40:10.252  1655  1820 I AiAiEcho: [CONTEXT ratelimit_period="10 SECONDS" ]
08-20 23:40:10.252  1655  1820 I AiAiEcho: #remoteViewsTwiddler: feature disabled.
08-20 23:40:10.252  1655  1820 I AiAiEcho: Predicting[0]:  [CONTEXT sampling_count=5 ]
08-20 23:40:10.252  1655  1820 I AiAiEcho: EchoTargets: 
08-20 23:40:10.252  1655  1820 I AiAiEcho: Filtered by AiAi flag check: 
08-20 23:40:10.252  1655  1820 I AiAiEcho: [CONTEXT ratelimit_period="10 SECONDS" ]
08-20 23:40:10.252  1655  1820 I AiAiEcho: #remoteViewsTwiddler: feature disabled.
08-20 23:40:10.252   642   642 W libbinder.IPCThreadState: Sending oneway calls to frozen process.
08-20 23:40:10.252   642   642 W libbinder.IPCThreadState: Sending oneway calls to frozen process.
08-20 23:40:10.252   642   642 W libbinder.IPCThreadState: Sending oneway calls to frozen process.
08-20 23:40:10.252  1655  1820 I AiAiEcho: #postPredictionTargets: Sending updates to UISurface lockscreen with targets# 0 (types=[])
08-20 23:40:10.252  1655  1820 I AiAiEcho: #postPredictionTargets: Sending updates to UISurface ambientcue with targets# 0 (types=[])
08-20 23:40:10.252  1655  1820 I AiAiEcho: #postPredictionTargets: Sending updates to UISurface home with targets# 0 (types=[])
08-20 23:40:10.252   894  1154 I AmbientCueRepository: Receiving SmartSpace targets # 0
08-20 23:40:10.252   642   642 W libbinder.IPCThreadState: Sending oneway calls to frozen process.
08-20 23:40:10.252   642   642 W libbinder.IPCThreadState: Sending oneway calls to frozen process.
08-20 23:40:10.252   642   642 W libbinder.IPCThreadState: Sending oneway calls to frozen process.
08-20 23:40:10.252   642   642 W libbinder.IPCThreadState: Sending oneway calls to frozen process.
08-20 23:40:10.252   642   642 W libbinder.IPCThreadState: Sending oneway calls to frozen process.
08-20 23:40:10.252   642   642 W libbinder.IPCThreadState: Sending oneway calls to frozen process.
08-20 23:40:10.252   642   642 W libbinder.IPCThreadState: Sending oneway calls to frozen process.
08-20 23:40:10.253   642   655 D AccessibilityManagerService: .getAccessibilityShortcutTargets {shortcutType=32, userId=0}
08-20 23:40:10.256  1043  1043 D SsBaseTemplateCard: Passed-in item info is null
08-20 23:40:10.256  1043  1043 D SsBaseTemplateCard: Passed-in item info is null
08-20 23:40:10.256   477   577 W skia    : AGTM parsing failed flags.readFromStream(s) at 159
08-20 23:40:10.256  1043  1043 D SsBaseTemplateCard: Passed-in item info is null
08-20 23:40:10.256  1043  1043 D SsBaseTemplateCard: Passed-in item info is null
08-20 23:40:10.256  1043  1043 I SsBaseTemplateCard: Secondary card pane is null
08-20 23:40:10.256   477   577 W skia    : AGTM parsing failed flags.readFromStream(s) at 159
08-20 23:40:10.256   477   577 W skia    : AGTM parsing failed flags.readFromStream(s) at 159
08-20 23:40:10.256   477   577 W skia    : AGTM parsing failed flags.readFromStream(s) at 159
08-20 23:40:10.256   477   577 W skia    : AGTM parsing failed flags.readFromStream(s) at 159
08-20 23:40:10.256   477   577 W skia    : AGTM parsing failed flags.readFromStream(s) at 159
08-20 23:40:10.256   477   577 W skia    : AGTM parsing failed flags.readFromStream(s) at 159
08-20 23:40:10.263   477   577 W skia    : AGTM parsing failed flags.readFromStream(s) at 159
08-20 23:40:10.263   477   577 W skia    : AGTM parsing failed flags.readFromStream(s) at 159
08-20 23:40:10.263   477   577 W skia    : AGTM parsing failed flags.readFromStream(s) at 159
08-20 23:40:10.275   477   577 W skia    : AGTM parsing failed flags.readFromStream(s) at 159
08-20 23:40:10.275   477   577 W skia    : AGTM parsing failed flags.readFromStream(s) at 159
08-20 23:40:10.275   477   577 W skia    : AGTM parsing failed flags.readFromStream(s) at 159
08-20 23:40:10.275   477   577 W skia    : AGTM parsing failed flags.readFromStream(s) at 159
08-20 23:40:10.275   477   577 W skia    : AGTM parsing failed flags.readFromStream(s) at 159
08-20 23:40:10.275   477   577 W skia    : AGTM parsing failed flags.readFromStream(s) at 159
08-20 23:40:10.275   477   577 W skia    : AGTM parsing failed flags.readFromStream(s) at 159
08-20 23:40:10.275  1043  1043 D SsBaseTemplateCard: Passed-in item info is null
08-20 23:40:10.275  1043  1043 D SsBaseTemplateCard: Passed-in item info is null
08-20 23:40:10.275  1043  1043 D SsBaseTemplateCard: Passed-in item info is null
08-20 23:40:10.275  1043  1043 D SsBaseTemplateCard: Passed-in item info is null
08-20 23:40:10.275  1043  1043 I SsBaseTemplateCard: Secondary card pane is null
08-20 23:40:10.289   477   577 W skia    : AGTM parsing failed flags.readFromStream(s) at 159
08-20 23:40:10.289   477   577 W skia    : AGTM parsing failed flags.readFromStream(s) at 159
08-20 23:40:10.289   477   577 W skia    : AGTM parsing failed flags.readFromStream(s) at 159
08-20 23:40:10.289   477   577 W skia    : AGTM parsing failed flags.readFromStream(s) at 159
08-20 23:40:10.289   477   577 W skia    : AGTM parsing failed flags.readFromStream(s) at 159
08-20 23:40:10.289   477   577 W skia    : AGTM parsing failed flags.readFromStream(s) at 159
08-20 23:40:10.289   477   577 W skia    : AGTM parsing failed flags.readFromStream(s) at 159
08-20 23:40:10.364   477   577 W skia    : AGTM parsing failed flags.readFromStream(s) at 159
08-20 23:40:10.364   477   577 W skia    : AGTM parsing failed flags.readFromStream(s) at 159
08-20 23:40:10.364   477   577 W skia    : AGTM parsing failed flags.readFromStream(s) at 159
08-20 23:40:10.811  2258  2589 I ForwardSyncCache: reclaimMemory: Clearing caches
08-20 23:40:10.812  2258  2589 I BugleSpam: HadesBitmapStore: Purged 0 images during memory reclamation
08-20 23:40:10.816  2258  2589 W Bugle   : TextClassifierLibManagerImpl: Reclaiming memory at level: 40
08-20 23:40:11.002   880   880 I wpa_supplicant: wlan0: CTRL-EVENT-BEACON-LOSS 
08-20 23:40:11.265   894   894 W View    : couldn't find view with id 16909415
08-20 23:40:11.273  1618  3526 W MediaProvider: isAppCloneUserPair for user 0: false
08-20 23:40:11.279 12547 12547 I AccessibilityNodeInfoDumper: Skipping invisible child: android.view.accessibility.AccessibilityNodeInfo@1590be; boundsInParent: Rect(0, 0 - 144, 0); boundsInScreen: Rect(48, 735 - 192, 735); boundsInWindow: Rect(48, 735 - 192, 735); packageName: com.android.systemui; className: android.widget.Button; text: null; error: null; maxTextLength: -1; stateDescription: null; contentDescription: null; tooltipText: null; containerTitle: null; viewIdResName: com.android.systemui:id/veto; uniqueId: null; checkable: false; checked: false; focusable: true; focused: false; selected: false; clickable: true; longClickable: false; contextClickable: false; enabled: true; password: false; scrollable: false; granularScrollingSupported: false; importantForAccessibility: true; visible: false; actions: [AccessibilityAction: ACTION_FOCUS - null, AccessibilityAction: ACTION_SELECT - null, AccessibilityAction: ACTION_CLEAR_SELECTION - null, AccessibilityAction: ACTION_CLICK - null, AccessibilityAction: ACTION_ACCESSIBILITY_FOCUS - null, AccessibilityAction: ACTION_SHOW_ON_SCREEN - null]; isTextSelectable: false
08-20 23:40:11.279 12547 12547 I AccessibilityNodeInfoDumper: Skipping invisible child: android.view.accessibility.AccessibilityNodeInfo@142fe0; boundsInParent: Rect(0, 0 - 144, 0); boundsInScreen: Rect(48, 849 - 192, 849); boundsInWindow: Rect(48, 849 - 192, 849); packageName: com.android.systemui; className: android.widget.Button; text: null; error: null; maxTextLength: -1; stateDescription: null; contentDescription: null; tooltipText: null; containerTitle: null; viewIdResName: com.android.systemui:id/veto; uniqueId: null; checkable: false; checked: false; focusable: true; focused: false; selected: false; clickable: true; longClickable: false; contextClickable: false; enabled: true; password: false; scrollable: false; granularScrollingSupported: false; importantForAccessibility: true; visible: false; actions: [AccessibilityAction: ACTION_FOCUS - null, AccessibilityAction: ACTION_SELECT - null, AccessibilityAction: ACTION_CLEAR_SELECTION - null, AccessibilityAction: ACTION_CLICK - null, AccessibilityAction: ACTION_ACCESSIBILITY_FOCUS - null, AccessibilityAction: ACTION_SHOW_ON_SCREEN - null]; isTextSelectable: false
08-20 23:40:11.279 12547 12547 I AccessibilityNodeInfoDumper: Skipping invisible child: android.view.accessibility.AccessibilityNodeInfo@120f8f; boundsInParent: Rect(0, 0 - 144, 0); boundsInScreen: Rect(48, 930 - 192, 930); boundsInWindow: Rect(48, 930 - 192, 930); packageName: com.android.systemui; className: android.widget.Button; text: null; error: null; maxTextLength: -1; stateDescription: null; contentDescription: null; tooltipText: null; containerTitle: null; viewIdResName: com.android.systemui:id/veto; uniqueId: null; checkable: false; checked: false; focusable: true; focused: false; selected: false; clickable: true; longClickable: false; contextClickable: false; enabled: true; password: false; scrollable: false; granularScrollingSupported: false; importantForAccessibility: true; visible: false; actions: [AccessibilityAction: ACTION_FOCUS - null, AccessibilityAction: ACTION_SELECT - null, AccessibilityAction: ACTION_CLEAR_SELECTION - null, AccessibilityAction: ACTION_CLICK - null, AccessibilityAction: ACTION_ACCESSIBILITY_FOCUS - null, AccessibilityAction: ACTION_SHOW_ON_SCREEN - null]; isTextSelectable: false
08-20 23:40:11.304 12547 12547 I AccessibilityNodeInfoDumper: Skipping invisible child: android.view.accessibility.AccessibilityNodeInfo@19f6e; boundsInParent: Rect(0, 0 - 0, 72); boundsInScreen: Rect(186, 40 - 186, 112); boundsInWindow: Rect(186, 40 - 186, 112); packageName: com.android.systemui; className: android.widget.TextView; text: null; error: null; maxTextLength: -1; stateDescription: null; contentDescription: null; tooltipText: null; containerTitle: null; viewIdResName: com.android.systemui:id/date; uniqueId: null; checkable: false; checked: false; focusable: false; focused: false; selected: false; clickable: false; longClickable: false; contextClickable: false; enabled: true; password: false; scrollable: false; granularScrollingSupported: false; importantForAccessibility: true; visible: false; actions: [AccessibilityAction: ACTION_SELECT - null, AccessibilityAction: ACTION_CLEAR_SELECTION - null, AccessibilityAction: ACTION_ACCESSIBILITY_FOCUS - null, AccessibilityAction: ACTION_SHOW_ON_SCREEN - null]; isTextSelectable: false
08-20 23:40:11.304 12547 12547 I AccessibilityNodeInfoDumper: Skipping invisible child: android.view.accessibility.AccessibilityNodeInfo@1a32f; boundsInParent: Rect(0, 0 - 406, 156); boundsInScreen: Rect(890, 0 - 1296, 156); boundsInWindow: Rect(890, 0 - 1296, 156); packageName: com.android.systemui; className: android.widget.LinearLayout; text: null; error: null; maxTextLength: -1; stateDescription: null; contentDescription: null; tooltipText: null; containerTitle: null; viewIdResName: com.android.systemui:id/carrier_group; uniqueId: null; checkable: false; checked: false; focusable: false; focused: false; selected: false; clickable: false; longClickable: false; contextClickable: false; enabled: true; password: false; scrollable: false; granularScrollingSupported: false; importantForAccessibility: true; visible: false; actions: [AccessibilityAction: ACTION_SELECT - null, AccessibilityAction: ACTION_CLEAR_SELECTION - null, AccessibilityAction: ACTION_ACCESSIBILITY_FOCUS - null, AccessibilityAction: ACTION_SHOW_ON_SCREEN - null]; isTextSelectable: false
08-20 23:40:11.306   477   577 W skia    : AGTM parsing failed flags.readFromStream(s) at 159
08-20 23:40:11.306   477   577 W skia    : AGTM parsing failed flags.readFromStream(s) at 159
08-20 23:40:11.306   477   577 W skia    : AGTM parsing failed flags.readFromStream(s) at 159
08-20 23:40:11.306   477   577 W skia    : AGTM parsing failed flags.readFromStream(s) at 159
08-20 23:40:11.306   477   577 W skia    : AGTM parsing failed flags.readFromStream(s) at 159
08-20 23:40:11.306   477   577 W skia    : AGTM parsing failed flags.readFromStream(s) at 159
08-20 23:40:11.306   477   577 W skia    : AGTM parsing failed flags.readFromStream(s) at 159
08-20 23:40:11.307 12547 12547 I AccessibilityNodeInfoDumper: Skipping invisible child: android.view.accessibility.AccessibilityNodeInfo@d2d82; boundsInParent: Rect(0, 0 - 0, 0); boundsInScreen: Rect(1036, 78 - 1036, 78); boundsInWindow: Rect(1036, 78 - 1036, 78); packageName: com.android.systemui; className: android.widget.FrameLayout; text: null; error: null; maxTextLength: -1; stateDescription: null; contentDescription: null; tooltipText: null; containerTitle: null; viewIdResName: null; uniqueId: null; checkable: false; checked: false; focusable: false; focused: false; selected: false; clickable: false; longClickable: false; contextClickable: false; enabled: true; password: false; scrollable: false; granularScrollingSupported: false; importantForAccessibility: false; visible: false; actions: [AccessibilityAction: ACTION_SELECT - null, AccessibilityAction: ACTION_CLEAR_SELECTION - null, AccessibilityAction: ACTION_ACCESSIBILITY_FOCUS - null, AccessibilityAction: ACTION_SHOW_ON_SCREEN - null]; isTextSelectable: false
08-20 23:40:11.307 12547 12547 I AccessibilityNodeInfoDumper: Skipping invisible child: android.view.accessibility.AccessibilityNodeInfo@d1e7e; boundsInParent: Rect(0, 0 - 0, 0); boundsInScreen: Rect(1036, 78 - 1036, 78); boundsInWindow: Rect(1036, 78 - 1036, 78); packageName: com.android.systemui; className: android.widget.FrameLayout; text: null; error: null; maxTextLength: -1; stateDescription: null; contentDescription: null; tooltipText: null; containerTitle: null; viewIdResName: null; uniqueId: null; checkable: false; checked: false; focusable: false; focused: false; selected: false; clickable: false; longClickable: false; contextClickable: false; enabled: true; password: false; scrollable: false; granularScrollingSupported: false; importantForAccessibility: false; visible: false; actions: [AccessibilityAction: ACTION_SELECT - null, AccessibilityAction: ACTION_CLEAR_SELECTION - null, AccessibilityAction: ACTION_ACCESSIBILITY_FOCUS - null, AccessibilityAction: ACTION_SHOW_ON_SCREEN - null]; isTextSelectable: false
08-20 23:40:11.309   477   577 W skia    : AGTM parsing failed flags.readFromStream(s) at 159
08-20 23:40:11.309   477   577 W skia    : AGTM parsing failed flags.readFromStream(s) at 159
08-20 23:40:11.309   477   577 W skia    : AGTM parsing failed flags.readFromStream(s) at 159
08-20 23:40:11.311   642  1271 D ActivityManager: sync unfroze 5388 com.google.android.gms for 6
08-20 23:40:11.315   642  1271 W ProcessStats: Tracking association SourceState{339dcea com.google.android.gms.persistent/10227 ImpBg #6446} whose proc state 6 is better than process ProcessState{510e987 com.google.android.gms/10227 pkg=com.google.android.gms} proc state 14 (6 skipped)
08-20 23:40:11.315  1285 12417 I NetworkScheduler.Stats: (REDACTED) Task %s/%s started execution. cause:%s exec_start_elapsed_seconds: %s
08-20 23:40:11.318  1285 10804 I NetworkScheduler.Stats: (REDACTED) Task %s/%s finished executing. cause:%s result: %s elapsed_millis: %s uptime_millis: %s exec_start_elapsed_seconds: %s
08-20 23:40:11.324 12547 12547 I AccessibilityNodeInfoDumper: Skipping invisible child: android.view.accessibility.AccessibilityNodeInfo@29730; boundsInParent: Rect(0, 0 - 0, 156); boundsInScreen: Rect(1260, 0 - 1260, 156); boundsInWindow: Rect(1260, 0 - 1260, 156); packageName: com.android.systemui; className: android.widget.FrameLayout; text: null; error: null; maxTextLength: -1; stateDescription: null; contentDescription: null; tooltipText: null; containerTitle: null; viewIdResName: com.android.systemui:id/privacy_container; uniqueId: null; checkable: false; checked: false; focusable: false; focused: false; selected: false; clickable: false; longClickable: false; contextClickable: false; enabled: true; password: false; scrollable: false; granularScrollingSupported: false; importantForAccessibility: false; visible: false; actions: [AccessibilityAction: ACTION_SELECT - null, AccessibilityAction: ACTION_CLEAR_SELECTION - null, AccessibilityAction: ACTION_ACCESSIBILITY_FOCUS - null, AccessibilityAction: ACTION_SHOW_ON_SCREEN - null]; isTextSelectable: false
08-20 23:40:11.326 12547 12547 W AccessibilityNodeInfoDumper: Fetch time: 60ms
08-20 23:40:11.327   642  1271 V AccessibilityManagerService: onUserStateChangedLocked for userId: 0, forceUpdate: false
08-20 23:40:11.327   642  1271 V AccessibilityUserState: updateShortcutTargets: type:accessibility_shortcut_target_service, current:{}, new:{}
08-20 23:40:11.327   642  1271 V AccessibilityUserState: updateShortcutTargets: type:accessibility_button_targets, current:{}, new:{}
08-20 23:40:11.327   642  1271 V AccessibilityUserState: updateShortcutTargets: type:accessibility_gesture_targets, current:{}, new:{}
08-20 23:40:11.327   642  1271 V AccessibilityUserState: updateShortcutTargets: type:accessibility_qs_targets, current:{}, new:{}
08-20 23:40:11.327   642  1271 V AccessibilityUserState: updateShortcutTargets: type:accessibility_key_gesture_targets, current:{}, new:{}
08-20 23:40:11.327   642  1271 V AccessibilityUserState: updateShortcutTargets: type:accessibility_top_row_key_targets, current:{}, new:{}
08-20 23:40:11.327   642  1271 V AccessibilityUserState: updateShortcutTargets: type:accessibility_quick_access_targets, current:{}, new:{}
08-20 23:40:11.327   642  1271 W MagnificationConnectionManager: requestConnection duplicated request: connect=false, mConnectionState=DISCONNECTED
08-20 23:40:11.327   642  1271 D AccessibilityManagerService: restoreCurrentUserForTestAutomationIfNeededLocked(): ignoring because device doesn't support visible background users
08-20 23:40:11.327   642   642 W libbinder.IPCThreadState: Sending oneway calls to frozen process.
08-20 23:40:11.327   642   642 W libbinder.IPCThreadState: Sending oneway calls to frozen process.
08-20 23:40:11.327   642   642 W libbinder.IPCThreadState: Sending oneway calls to frozen process.
08-20 23:40:11.327   642   642 W libbinder.IPCThreadState: Sending oneway calls to frozen process.
08-20 23:40:11.327   642   642 W libbinder.IPCThreadState: Sending oneway calls to frozen process.
08-20 23:40:11.327   642   642 W libbinder.IPCThreadState: Sending oneway calls to frozen process.
08-20 23:40:11.327   642   642 W libbinder.IPCThreadState: Sending oneway calls to frozen process.
08-20 23:40:11.327   642   642 W libbinder.IPCThreadState: Sending oneway calls to frozen process.
08-20 23:40:11.328   642   642 W libbinder.IPCThreadState: Sending oneway calls to frozen process.
08-20 23:40:11.328   642   642 W libbinder.IPCThreadState: Sending oneway calls to frozen process.
08-20 23:40:11.328   642   642 W libbinder.IPCThreadState: Sending oneway calls to frozen process.
08-20 23:40:11.328   642   642 W libbinder.IPCThreadState: Sending oneway calls to frozen process.
08-20 23:40:11.328   642   642 W libbinder.IPCThreadState: Sending oneway calls to frozen process.
08-20 23:40:11.328   642   642 W libbinder.IPCThreadState: Sending oneway calls to frozen process.
08-20 23:40:11.328   642   642 W libbinder.IPCThreadState: Sending oneway calls to frozen process.
08-20 23:40:11.328   642   642 D BatterySaverPolicy: accessibility changed to false, updating policy.
08-20 23:40:11.328 12547 12547 D AndroidRuntime: Shutting down VM
08-20 23:40:11.328  1655  1957 I AiAiEcho: Settings changed for uri: content://settings/secure/accessibility_enabled
08-20 23:40:11.328 12547 12559 W libbinder.IPCThreadState: call to talkWithDriver in joinThreadPool returned error: -9 (Bad file descriptor), FD: -1
08-20 23:40:11.328 12547 12555 W libbinder.IPCThreadState: call to talkWithDriver in joinThreadPool returned error: -9 (Bad file descriptor), FD: -1
08-20 23:40:11.328 12547 12556 W libbinder.IPCThreadState: call to talkWithDriver in joinThreadPool returned error: -9 (Bad file descriptor), FD: -1
08-20 23:40:11.329  1655  1820 I AiAiEcho: Predicting[0]:  [CONTEXT sampling_count=5 ]
08-20 23:40:11.329  1655  1820 I AiAiEcho: EchoTargets: 
08-20 23:40:11.329  1655  1820 I AiAiEcho: Filtered by AiAi flag check: 
08-20 23:40:11.329  1655  1820 I AiAiEcho: [CONTEXT ratelimit_period="10 SECONDS" ]
08-20 23:40:11.329  1655  1820 I AiAiEcho: #remoteViewsTwiddler: feature disabled.
08-20 23:40:11.329  1655  1820 I AiAiEcho: Predicting[0]:  [CONTEXT sampling_count=5 ]
08-20 23:40:11.329  1655  1820 I AiAiEcho: EchoTargets: 
08-20 23:40:11.329  1655  1820 I AiAiEcho: Filtered by AiAi flag check: 
08-20 23:40:11.329  1655  1820 I AiAiEcho: [CONTEXT ratelimit_period="10 SECONDS" ]
08-20 23:40:11.329  1655  1820 I AiAiEcho: #remoteViewsTwiddler: feature disabled.
08-20 23:40:11.329  1655  1820 I AiAiEcho: Predicting[0]:  [CONTEXT sampling_count=5 ]
08-20 23:40:11.329  1655  1820 I AiAiEcho: EchoTargets: 
08-20 23:40:11.329  1655  1820 I AiAiEcho: Filtered by AiAi flag check: 
08-20 23:40:11.329  1655  1820 I AiAiEcho: [CONTEXT ratelimit_period="10 SECONDS" ]
08-20 23:40:11.329  1655  1820 I AiAiEcho: #remoteViewsTwiddler: feature disabled.
08-20 23:40:11.329  1655  1820 I AiAiEcho: #postPredictionTargets: Sending updates to UISurface lockscreen with targets# 0 (types=[])
08-20 23:40:11.329  1655  1820 I AiAiEcho: #postPredictionTargets: Sending updates to UISurface ambientcue with targets# 0 (types=[])
08-20 23:40:11.329  1655  1820 I AiAiEcho: #postPredictionTargets: Sending updates to UISurface home with targets# 0 (types=[])
08-20 23:40:11.329   894  1154 I AmbientCueRepository: Receiving SmartSpace targets # 0
08-20 23:40:11.340   477   577 W skia    : AGTM parsing failed flags.readFromStream(s) at 159
08-20 23:40:11.340   477   577 W skia    : AGTM parsing failed flags.readFromStream(s) at 159
08-20 23:40:11.340   477   577 W skia    : AGTM parsing failed flags.readFromStream(s) at 159
08-20 23:40:11.340   477   577 W skia    : AGTM parsing failed flags.readFromStream(s) at 159
08-20 23:40:11.340   477   577 W skia    : AGTM parsing failed flags.readFromStream(s) at 159
08-20 23:40:11.340   477   577 W skia    : AGTM parsing failed flags.readFromStream(s) at 159
08-20 23:40:11.340   477   577 W skia    : AGTM parsing failed flags.readFromStream(s) at 159
08-20 23:40:11.340  1043  1043 D SsBaseTemplateCard: Passed-in item info is null
08-20 23:40:11.340  1043  1043 D SsBaseTemplateCard: Passed-in item info is null
08-20 23:40:11.340  1043  1043 D SsBaseTemplateCard: Passed-in item info is null
08-20 23:40:11.340  1043  1043 D SsBaseTemplateCard: Passed-in item info is null
08-20 23:40:11.340  1043  1043 I SsBaseTemplateCard: Secondary card pane is null
08-20 23:40:11.357   477   577 W skia    : AGTM parsing failed flags.readFromStream(s) at 159
08-20 23:40:11.357   477   577 W skia    : AGTM parsing failed flags.readFromStream(s) at 159
08-20 23:40:11.357   477   577 W skia    : AGTM parsing failed flags.readFromStream(s) at 159
08-20 23:40:11.357   477   577 W skia    : AGTM parsing failed flags.readFromStream(s) at 159
08-20 23:40:11.357   477   577 W skia    : AGTM parsing failed flags.readFromStream(s) at 159
08-20 23:40:11.357   477   577 W skia    : AGTM parsing failed flags.readFromStream(s) at 159
08-20 23:40:11.357   477   577 W skia    : AGTM parsing failed flags.readFromStream(s) at 159
08-20 23:40:11.373   477   577 W skia    : AGTM parsing failed flags.readFromStream(s) at 159
08-20 23:40:11.373   477   577 W skia    : AGTM parsing failed flags.readFromStream(s) at 159
08-20 23:40:11.373   477   577 W skia    : AGTM parsing failed flags.readFromStream(s) at 159
08-20 23:40:11.373   477   577 W skia    : AGTM parsing failed flags.readFromStream(s) at 159
08-20 23:40:11.373   477   577 W skia    : AGTM parsing failed flags.readFromStream(s) at 159
08-20 23:40:11.373   477   577 W skia    : AGTM parsing failed flags.readFromStream(s) at 159
08-20 23:40:11.373   477   577 W skia    : AGTM parsing failed flags.readFromStream(s) at 159
08-20 23:40:11.409   477   577 W skia    : AGTM parsing failed flags.readFromStream(s) at 159
08-20 23:40:11.409   477   577 W skia    : AGTM parsing failed flags.readFromStream(s) at 159
08-20 23:40:11.409   477   577 W skia    : AGTM parsing failed flags.readFromStream(s) at 159
08-20 23:40:11.839   642   793 I HalDevMgr: bestIfaceCreationProposal is null, requestIface=STA, existingIface=[name=wlan0 type=STA]
08-20 23:40:12.158   479   479 I adbd    : adbd service requested 'shell,v2,TERM=xterm-256color,raw:cat /sdcard/notif_dump.xml'
08-20 23:40:12.160  1028  1186 D SatelliteController: isInCarrierRoamingNbIotNtn: satellite is disabled
08-20 23:40:12.160  1028  1186 D SatelliteController: getCarrierRoamingNtnConnectType: Checking connect type from PLMN config for subId: 1
08-20 23:40:12.160  1028  1186 D TelephonyConfigUpdateInstallReceiver: getConfigParser: domain=satellite
08-20 23:40:12.160  1028  1186 V SatelliteController: satelliteConfigParser is not ready
08-20 23:40:12.160  1028  1186 D SatelliteController: isSatelliteAttachSupportedViaConfigupdater: return null (satelliteConfig is null)
08-20 23:40:12.160  1028  1186 D SatelliteController: getSatellitePerPlmnConfiguration: invalid subId or not supported via carrier.
08-20 23:40:12.160  1028  1186 D SatelliteController: getCarrierRoamingNtnConnectType: config: null
08-20 23:40:12.160  1028  1186 D TelephonyConfigUpdateInstallReceiver: getConfigParser: domain=satellite
08-20 23:40:12.160  1028  1186 V SatelliteController: satelliteConfigParser is not ready
08-20 23:40:12.160  1028  1186 D SatelliteController: getCarrierRoamingNtnConnectTypeViaConfigUpdater: return null (satelliteConfig is null)
08-20 23:40:12.160  1028  1186 D SatelliteController: getCarrierRoamingNtnConnectType: Falling back to global carrier config connect type: 0
08-20 23:40:12.160  1028  1186 D TelephonyConfigUpdateInstallReceiver: getConfigParser: domain=satellite
08-20 23:40:12.160  1028  1186 V SatelliteController: satelliteConfigParser is not ready
08-20 23:40:12.160  1028  1186 D SatelliteController: isSatelliteAttachSupportedViaConfigupdater: return null (satelliteConfig is null)
08-20 23:40:12.160  1028  1186 D SatelliteController: getCarrierRoamingNtnConnectType: Checking connect type from PLMN config for subId: 1
08-20 23:40:12.160  1028  1186 D TelephonyConfigUpdateInstallReceiver: getConfigParser: domain=satellite
08-20 23:40:12.160  1028  1186 V SatelliteController: satelliteConfigParser is not ready
08-20 23:40:12.160  1028  1186 D SatelliteController: isSatelliteAttachSupportedViaConfigupdater: return null (satelliteConfig is null)
08-20 23:40:12.160  1028  1186 D SatelliteController: getSatellitePerPlmnConfiguration: invalid subId or not supported via carrier.
08-20 23:40:12.160  1028  1186 D SatelliteController: getCarrierRoamingNtnConnectType: config: null
08-20 23:40:12.160  1028  1186 D TelephonyConfigUpdateInstallReceiver: getConfigParser: domain=satellite
08-20 23:40:12.160  1028  1186 V SatelliteController: satelliteConfigParser is not ready
08-20 23:40:12.160  1028  1186 D SatelliteController: getCarrierRoamingNtnConnectTypeViaConfigUpdater: return null (satelliteConfig is null)
08-20 23:40:12.160  1028  1186 D SatelliteController: getCarrierRoamingNtnConnectType: Falling back to global carrier config connect type: 0
08-20 23:40:12.160  1028  1186 D TelephonyConfigUpdateInstallReceiver: getConfigParser: domain=satellite
08-20 23:40:12.160  1028  1186 V SatelliteController: satelliteConfigParser is not ready
08-20 23:40:12.160  1028  1186 D SatelliteController: isSatelliteAttachSupportedViaConfigupdater: return null (satelliteConfig is null)
08-20 23:40:14.845   642   793 I HalDevMgr: bestIfaceCreationProposal is null, requestIface=STA, existingIface=[name=wlan0 type=STA]
08-20 23:40:17.856   642   793 I HalDevMgr: bestIfaceCreationProposal is null, requestIface=STA, existingIface=[name=wlan0 type=STA]
08-20 23:40:18.637   642   797 E Nl80211Native: getChannelsMhzForBand: Wiphy index not recorded for band 8
08-20 23:40:18.637   642   797 E Nl80211Native: getChannelsMhzForBand: Wiphy index not recorded for band 16
08-20 23:40:18.637   642   797 D Nl80211Native: Ignoring unsupported scan type 2
08-20 23:40:18.637   642   797 I Nl80211Proxy: Sending Nl80211 message: GenericNetlinkMsg{ nlHeader{StructNlMsgHdr{ nlmsg_len{56}, nlmsg_type{29()}, nlmsg_flags{5(NLM_F_REQUEST|NLM_F_ACK)}, nlmsg_seq{293}, nlmsg_pid{0} }}, genNlHeader{StructGenNlMsgHdr{ command{33}, version{1}, reserved{0} }}, attributes{[StructNlAttr{ nla_len{8}, nla_type{-32723}, nla_value{04000000}, }, StructNlAttr{ nla_len{8}, nla_type{3}, nla_value{10000000}, }, StructNlAttr{ nla_len{12}, nla_type{-32724}, nla_value{080000008F090000}, }, StructNlAttr{ nla_len{8}, nla_type{158}, nla_value{00000000}, }]} }
08-20 23:40:18.638   642   797 I Nl80211Proxy: Received NLMSG_ERROR with error 0 for message GenericNetlinkMsg{ nlHeader{StructNlMsgHdr{ nlmsg_len{56}, nlmsg_type{29()}, nlmsg_flags{5(NLM_F_REQUEST|NLM_F_ACK)}, nlmsg_seq{293}, nlmsg_pid{0} }}, genNlHeader{StructGenNlMsgHdr{ command{33}, version{1}, reserved{0} }}, attributes{[StructNlAttr{ nla_len{8}, nla_type{-32723}, nla_value{04000000}, }, StructNlAttr{ nla_len{8}, nla_type{3}, nla_value{10000000}, }, StructNlAttr{ nla_len{12}, nla_type{-32724}, nla_value{080000008F090000}, }, StructNlAttr{ nla_len{8}, nla_type{158}, nla_value{00000000}, }]} }
08-20 23:40:18.689   642   793 D WifiNative: Scan result ready event
08-20 23:40:18.690   642   797 I Nl80211Proxy: Sending Nl80211 message: GenericNetlinkMsg{ nlHeader{StructNlMsgHdr{ nlmsg_len{20}, nlmsg_type{29()}, nlmsg_flags{769(NLM_F_REQUEST|NLM_F_DUMP)}, nlmsg_seq{294}, nlmsg_pid{0} }}, genNlHeader{StructGenNlMsgHdr{ command{5}, version{1}, reserved{0} }}, attributes{[]} }
08-20 23:40:18.690   642   797 I Nl80211Proxy: Received NLMSG_DONE for message GenericNetlinkMsg{ nlHeader{StructNlMsgHdr{ nlmsg_len{20}, nlmsg_type{29()}, nlmsg_flags{769(NLM_F_REQUEST|NLM_F_DUMP)}, nlmsg_seq{294}, nlmsg_pid{0} }}, genNlHeader{StructGenNlMsgHdr{ command{5}, version{1}, reserved{0} }}, attributes{[]} }
08-20 23:40:18.690   642   797 W Nl80211Utils: Malformed NEW_INTERFACE response: missing attributes
08-20 23:40:18.690   642   797 I Nl80211Proxy: Sending Nl80211 message: GenericNetlinkMsg{ nlHeader{StructNlMsgHdr{ nlmsg_len{28}, nlmsg_type{29()}, nlmsg_flags{769(NLM_F_REQUEST|NLM_F_DUMP)}, nlmsg_seq{295}, nlmsg_pid{0} }}, genNlHeader{StructGenNlMsgHdr{ command{32}, version{1}, reserved{0} }}, attributes{[StructNlAttr{ nla_len{8}, nla_type{3}, nla_value{10000000}, }]} }
08-20 23:40:18.690   642   797 I Nl80211Proxy: Received NLMSG_DONE for message GenericNetlinkMsg{ nlHeader{StructNlMsgHdr{ nlmsg_len{28}, nlmsg_type{29()}, nlmsg_flags{769(NLM_F_REQUEST|NLM_F_DUMP)}, nlmsg_seq{295}, nlmsg_pid{0} }}, genNlHeader{StructGenNlMsgHdr{ command{32}, version{1}, reserved{0} }}, attributes{[StructNlAttr{ nla_len{8}, nla_type{3}, nla_value{10000000}, }]} }
08-20 23:40:18.691  1285  1727 I WifiScanner: onFullResults
08-20 23:40:18.691  1285  2488 I WifiScanner: onFullResults
08-20 23:40:18.693   642   793 I HalDevMgr: bestIfaceCreationProposal is null, requestIface=STA, existingIface=[name=wlan0 type=STA]
08-20 23:40:20.276   642   668 W libbinder.IPCThreadState: Sending oneway calls to frozen process.
08-20 23:40:20.276   642   668 W libbinder.IPCThreadState: Sending oneway calls to frozen process.
08-20 23:40:20.775   642   740 D ActivityManager: freezing 2258 com.google.android.apps.messaging
08-20 23:40:20.863   642   793 I HalDevMgr: bestIfaceCreationProposal is null, requestIface=STA, existingIface=[name=wlan0 type=STA]
08-20 23:40:21.302   642   729 D ActivityManager: sync unfroze 5623 com.google.android.apps.photos for 6
08-20 23:40:21.319   642   740 D ActivityManager: freezing 5388 com.google.android.gms
08-20 23:40:21.321   642  1271 W ProcessStats: Tracking association SourceState{ef83ff system/1000 ImpBg #6450} whose proc state 6 is better than process ProcessState{b533d9e com.google.android.apps.photos/10171 pkg=com.google.android.apps.photos} proc state 14 (0 skipped)
08-20 23:40:21.332   642   668 W libbinder.IPCThreadState: Sending oneway calls to frozen process.
08-20 23:40:21.346   642  1271 W JobScheduler: Job didn't exist in JobStore: af14621 #u0a171/1034 com.google.android.apps.photos/com.google.android.libraries.social.mediamonitor.MediaMonitorJobSchedulerService
08-20 23:40:21.351   642  1271 W UriGrantsManagerService: No permission grants found for com.google.android.apps.photos
08-20 23:40:21.352   642  1271 W UriGrantsManagerService: No permission grants found for com.google.android.apps.photos
08-20 23:40:21.365   642  1271 W UriGrantsManagerService: No permission grants found for com.google.android.apps.photos
08-20 23:40:21.365   642  1271 W UriGrantsManagerService: No permission grants found for com.google.android.apps.photos
08-20 23:40:21.367   642  1271 W UriGrantsManagerService: No permission grants found for com.google.android.apps.photos
08-20 23:40:21.367   642  1271 W UriGrantsManagerService: No permission grants found for com.google.android.apps.photos
08-20 23:40:22.163  1028  1186 D SatelliteController: isInCarrierRoamingNbIotNtn: satellite is disabled
08-20 23:40:22.163  1028  1186 D SatelliteController: getCarrierRoamingNtnConnectType: Checking connect type from PLMN config for subId: 1
08-20 23:40:22.163  1028  1186 D TelephonyConfigUpdateInstallReceiver: getConfigParser: domain=satellite
08-20 23:40:22.163  1028  1186 V SatelliteController: satelliteConfigParser is not ready
08-20 23:40:22.163  1028  1186 D SatelliteController: isSatelliteAttachSupportedViaConfigupdater: return null (satelliteConfig is null)
08-20 23:40:22.163   642  1271 W libbinder.IPCThreadState: Sending oneway calls to frozen process.
08-20 23:40:22.163  1028  1186 D SatelliteController: getSatellitePerPlmnConfiguration: invalid subId or not supported via carrier.
08-20 23:40:22.163  1028  1186 D SatelliteController: getCarrierRoamingNtnConnectType: config: null
08-20 23:40:22.163  1028  1186 D TelephonyConfigUpdateInstallReceiver: getConfigParser: domain=satellite
08-20 23:40:22.163  1028  1186 V SatelliteController: satelliteConfigParser is not ready
08-20 23:40:22.163  1028  1186 D SatelliteController: getCarrierRoamingNtnConnectTypeViaConfigUpdater: return null (satelliteConfig is null)
08-20 23:40:22.164  1028  1186 D SatelliteController: getCarrierRoamingNtnConnectType: Falling back to global carrier config connect type: 0
08-20 23:40:22.164  1028  1186 D TelephonyConfigUpdateInstallReceiver: getConfigParser: domain=satellite
08-20 23:40:22.164  1028  1186 V SatelliteController: satelliteConfigParser is not ready
08-20 23:40:22.164  1028  1186 D SatelliteController: isSatelliteAttachSupportedViaConfigupdater: return null (satelliteConfig is null)
08-20 23:40:22.164  1028  1186 D SatelliteController: getCarrierRoamingNtnConnectType: Checking connect type from PLMN config for subId: 1
08-20 23:40:22.164  1028  1186 D TelephonyConfigUpdateInstallReceiver: getConfigParser: domain=satellite
08-20 23:40:22.164  1028  1186 V SatelliteController: satelliteConfigParser is not ready
08-20 23:40:22.164  1028  1186 D SatelliteController: isSatelliteAttachSupportedViaConfigupdater: return null (satelliteConfig is null)
08-20 23:40:22.164  1028  1186 D SatelliteController: getSatellitePerPlmnConfiguration: invalid subId or not supported via carrier.
08-20 23:40:22.164  1028  1186 D SatelliteController: getCarrierRoamingNtnConnectType: config: null
08-20 23:40:22.164  1028  1186 D TelephonyConfigUpdateInstallReceiver: getConfigParser: domain=satellite
08-20 23:40:22.164  1028  1186 V SatelliteController: satelliteConfigParser is not ready
08-20 23:40:22.164  1028  1186 D SatelliteController: getCarrierRoamingNtnConnectTypeViaConfigUpdater: return null (satelliteConfig is null)
08-20 23:40:22.164  1028  1186 D SatelliteController: getCarrierRoamingNtnConnectType: Falling back to global carrier config connect type: 0
08-20 23:40:22.164  1028  1186 D TelephonyConfigUpdateInstallReceiver: getConfigParser: domain=satellite
08-20 23:40:22.164  1028  1186 V SatelliteController: satelliteConfigParser is not ready
08-20 23:40:22.164  1028  1186 D SatelliteController: isSatelliteAttachSupportedViaConfigupdater: return null (satelliteConfig is null)
08-20 23:40:22.189   477   577 W skia    : AGTM parsing failed flags.readFromStream(s) at 159
08-20 23:40:22.189   477   577 W skia    : AGTM parsing failed flags.readFromStream(s) at 159
08-20 23:40:22.189   477   577 W skia    : AGTM parsing failed flags.readFromStream(s) at 159
08-20 23:40:22.190   477   577 W skia    : AGTM parsing failed flags.readFromStream(s) at 159
08-20 23:40:22.190   477   577 W skia    : AGTM parsing failed flags.readFromStream(s) at 159
08-20 23:40:22.190   477   577 W skia    : AGTM parsing failed flags.readFromStream(s) at 159
08-20 23:40:22.190   477   577 W skia    : AGTM parsing failed flags.readFromStream(s) at 159
08-20 23:40:22.194   477   577 W skia    : AGTM parsing failed flags.readFromStream(s) at 159
08-20 23:40:22.194   477   577 W skia    : AGTM parsing failed flags.readFromStream(s) at 159
08-20 23:40:22.194   477   577 W skia    : AGTM parsing failed flags.readFromStream(s) at 159
08-20 23:40:23.870   642   793 I HalDevMgr: bestIfaceCreationProposal is null, requestIface=STA, existingIface=[name=wlan0 type=STA]
08-20 23:40:26.358   642   799 D InetDiagMessage: Destroyed 0 sockets, proto=IPPROTO_TCP, family=AF_INET, states=14
08-20 23:40:26.358   642   799 D InetDiagMessage: Destroyed 0 sockets, proto=IPPROTO_TCP, family=AF_INET6, states=14
08-20 23:40:26.358   642   799 D InetDiagMessage: Destroyed live tcp sockets for uids={10171} in 1ms
08-20 23:40:26.358   642   799 D InetDiagMessage: Destroyed 0 sockets, proto=IPPROTO_TCP, family=AF_INET, states=14
08-20 23:40:26.358   642   799 D InetDiagMessage: Destroyed 0 sockets, proto=IPPROTO_TCP, family=AF_INET6, states=14
08-20 23:40:26.358   642   799 D InetDiagMessage: Destroyed live tcp sockets for uids={20171} in 0ms
08-20 23:40:26.876   880   880 I wpa_supplicant: wlan0: CTRL-EVENT-BEACON-LOSS 
08-20 23:40:26.879   642   793 I HalDevMgr: bestIfaceCreationProposal is null, requestIface=STA, existingIface=[name=wlan0 type=STA]
08-20 23:40:29.892   642   793 I HalDevMgr: bestIfaceCreationProposal is null, requestIface=STA, existingIface=[name=wlan0 type=STA]
08-20 23:40:31.392   642   740 D ActivityManager: freezing 5623 com.google.android.apps.photos
08-20 23:40:31.394   642   799 D InetDiagMessage: Destroyed 0 sockets, proto=IPPROTO_TCP, family=AF_INET, states=14
08-20 23:40:31.394   642   799 D InetDiagMessage: Destroyed 0 sockets, proto=IPPROTO_TCP, family=AF_INET6, states=14
08-20 23:40:31.394   642   799 D InetDiagMessage: Destroyed live tcp sockets for uids={10171} in 1ms
08-20 23:40:32.169  1028  1186 D SatelliteController: isInCarrierRoamingNbIotNtn: satellite is disabled
08-20 23:40:32.169  1028  1186 D SatelliteController: getCarrierRoamingNtnConnectType: Checking connect type from PLMN config for subId: 1
08-20 23:40:32.169  1028  1186 D TelephonyConfigUpdateInstallReceiver: getConfigParser: domain=satellite
08-20 23:40:32.169  1028  1186 V SatelliteController: satelliteConfigParser is not ready
08-20 23:40:32.169  1028  1186 D SatelliteController: isSatelliteAttachSupportedViaConfigupdater: return null (satelliteConfig is null)
08-20 23:40:32.169   642  1271 W libbinder.IPCThreadState: Sending oneway calls to frozen process.
08-20 23:40:32.169  1028  1186 D SatelliteController: getSatellitePerPlmnConfiguration: invalid subId or not supported via carrier.
08-20 23:40:32.169  1028  1186 D SatelliteController: getCarrierRoamingNtnConnectType: config: null
08-20 23:40:32.169  1028  1186 D TelephonyConfigUpdateInstallReceiver: getConfigParser: domain=satellite
08-20 23:40:32.169  1028  1186 V SatelliteController: satelliteConfigParser is not ready
08-20 23:40:32.169  1028  1186 D SatelliteController: getCarrierRoamingNtnConnectTypeViaConfigUpdater: return null (satelliteConfig is null)
08-20 23:40:32.169  1028  1186 D SatelliteController: getCarrierRoamingNtnConnectType: Falling back to global carrier config connect type: 0
08-20 23:40:32.169  1028  1186 D TelephonyConfigUpdateInstallReceiver: getConfigParser: domain=satellite
08-20 23:40:32.169  1028  1186 V SatelliteController: satelliteConfigParser is not ready
08-20 23:40:32.169  1028  1186 D SatelliteController: isSatelliteAttachSupportedViaConfigupdater: return null (satelliteConfig is null)
08-20 23:40:32.169  1028  1186 D SatelliteController: getCarrierRoamingNtnConnectType: Checking connect type from PLMN config for subId: 1
08-20 23:40:32.169  1028  1186 D TelephonyConfigUpdateInstallReceiver: getConfigParser: domain=satellite
08-20 23:40:32.169  1028  1186 V SatelliteController: satelliteConfigParser is not ready
08-20 23:40:32.169  1028  1186 D SatelliteController: isSatelliteAttachSupportedViaConfigupdater: return null (satelliteConfig is null)
08-20 23:40:32.169  1028  1186 D SatelliteController: getSatellitePerPlmnConfiguration: invalid subId or not supported via carrier.
08-20 23:40:32.169  1028  1186 D SatelliteController: getCarrierRoamingNtnConnectType: config: null
08-20 23:40:32.169  1028  1186 D TelephonyConfigUpdateInstallReceiver: getConfigParser: domain=satellite
08-20 23:40:32.169  1028  1186 V SatelliteController: satelliteConfigParser is not ready
08-20 23:40:32.169  1028  1186 D SatelliteController: getCarrierRoamingNtnConnectTypeViaConfigUpdater: return null (satelliteConfig is null)
08-20 23:40:32.169  1028  1186 D SatelliteController: getCarrierRoamingNtnConnectType: Falling back to global carrier config connect type: 0
08-20 23:40:32.169  1028  1186 D TelephonyConfigUpdateInstallReceiver: getConfigParser: domain=satellite
08-20 23:40:32.169  1028  1186 V SatelliteController: satelliteConfigParser is not ready
08-20 23:40:32.169  1028  1186 D SatelliteController: isSatelliteAttachSupportedViaConfigupdater: return null (satelliteConfig is null)
08-20 23:40:32.899   642   793 I HalDevMgr: bestIfaceCreationProposal is null, requestIface=STA, existingIface=[name=wlan0 type=STA]
08-20 23:40:35.066   880   880 I wpa_supplicant: wlan0: CTRL-EVENT-BEACON-LOSS 
08-20 23:40:35.910   642   793 I HalDevMgr: bestIfaceCreationProposal is null, requestIface=STA, existingIface=[name=wlan0 type=STA]
08-20 23:40:38.920   642   793 I HalDevMgr: bestIfaceCreationProposal is null, requestIface=STA, existingIface=[name=wlan0 type=STA]
08-20 23:40:39.284   479   479 I adbd    : adbd service requested 'shell,v2,TERM=xterm-256color,raw:input tap 380 877'
08-20 23:40:39.309   894   894 V ShellDesktopMode: DesktopModeImpl: registerDesktopFirstListener
08-20 23:40:39.309   642   655 W AS.PlaybackActivityMon: No piid assigned for invalid/internal port id 15
08-20 23:40:39.309   894   894 I LegacyActivityStarterInternalImpl: shouldAnimateLaunch: isActivityIntent=true, showOverLockscreen=false, ignoreOcclusion=false, isInDesktopModeOnCurrentShadeDisplay=false, isDisplayDesktopFirst=false, isKeyguardShowing=false
08-20 23:40:39.309   894   894 I LegacyActivityStarterInternalImpl: Invoking dismissKeyguardThenExecute, afterKeyguardGone: false
08-20 23:40:39.337   642   923 W AS.PlaybackActivityMon: No piid assigned for invalid/internal port id 15
08-20 23:40:39.339   642   923 V GrammaticalInflectionUtils: AttributionSource: android.content.AttributionSource@e8567d59 does not have READ_SYSTEM_GRAMMATICAL_GENDER permission.
08-20 23:40:39.340   642   923 V ActivityTaskManager: TaskLaunchParamsModifier: phase=3 task=Task{9dbbd1d #582 type=standard A=10252:com.izzes.nears} activity=ActivityRecord{213036970 u0 com.izzes.nears/.MainActivity t-1} display-from-task=0 display-id=0 task-display-area-windowing-mode=1 suggested-display-area=DefaultTaskDisplayArea@96464962 inherit-from-task=fullscreen non-freeform-task-display-area display-area=DefaultTaskDisplayArea@96464962 skip-bounds-fullscreen
08-20 23:40:39.340  1043  1043 D BaseActivity: Launcher flags updated: [state_started|state_resumed|state_deferred_resumed|state_user_active] -[]
08-20 23:40:39.340   642   923 I ActivityTaskManager: START u0 {act=android.intent.action.MAIN cat=[android.intent.category.LAUNCHER] flg=0x10000000 xflg=0x4 pkg=com.izzes.nears cmp=com.izzes.nears/.MainActivity} with LAUNCH_SINGLE_TOP from uid 10252 (com.izzes.nears) (realCallingUid=10195) (BAL_ALLOW_NON_APP_VISIBLE_WINDOW [realCaller]) result code=2
08-20 23:40:39.340   894  1032 V WindowManagerShell: Transition requested (#43): android.os.BinderProxy@d4f1e74 TransitionRequestInfo { type = OPEN, triggerTask = TaskInfo{userId=0 taskId=582 effectiveUid=10252 displayId=0 isRunning=true baseIntent=Intent { act=android.intent.action.MAIN cat=[android.intent.category.LAUNCHER] flg=0x30000000 cmp=com.izzes.nears/.MainActivity } baseActivity=ComponentInfo{com.izzes.nears/com.izzes.nears.MainActivity} topActivity=ComponentInfo{com.izzes.nears/com.izzes.nears.MainActivity} origActivity=null realActivity=ComponentInfo{com.izzes.nears/com.izzes.nears.MainActivity} realActivityIsAppLockEnabled=false numActivities=1 lastActiveTime=9158504 supportsMultiWindow=true supportsMultiWindowWithoutConstraints=true resizeMode=1 isResizeable=true minWidth=-1 minHeight=-1 defaultMinSize=220 token=WCT{android.os.BinderProxy@e3df88c} topActivityType=1 pictureInPictureParams=null shouldDockBigOverlays=false launchIntoPipHostTaskId=-1 lastParentTaskIdBeforePip=-1 displayCutoutSafeInsets=Rect(0, 159 - 0, 0) topActivityInfo=ActivityInfo{7af7f9d com.izzes.nears.MainActivity} launchCookies=[] positionInParent=Point(0, 0) parentTaskId=-1 isFocused=false isInteractive=false isVisible=false isVisibleRequested=false isTopActivityNoDisplay=false isSleeping=false locusId=null displayAreaFeatureId=1 isTopActivityTransparent=false isActivityStackTransparent=false lastNonFullscreenBounds=null leafTaskBoundsFromOptions= false capturedLink=null capturedLinkTimestamp=0 requestedVisibleTypes=503 topActivityRequestOpenInBrowserEducationTimestamp=0 appCompatTaskInfo=AppCompatTaskInfo { topActivityInSizeCompat=false isLeafTask= true eligibleForLetterboxEducation= false isLetterboxEducationEnabled= true isLetterboxDoubleTapEnabled= false eligibleForUserAspectRatioButton= false topActivityBoundsLetterboxed= false isFromLetterboxDoubleTap= false topActivityLetterboxVerticalPosition= -1 topActivityLetterboxHorizontalPosition= -1 topActivityLetterboxWidth=-1 topActivityLetterboxHeight=-1 topActivityAppBounds=Rect(0, 0 - 1344, 2992) isUserFullscreenOverrideEnabled=false isSystemFullscreenOverrideEnabled=false hasMinAspectRatioOverride=false topActivityLetterboxBounds=null topNonResizableActivityAspectRatio=-1.0} topActivityMainWindowFrame=null isAppBubble=false}, pipChange = null, remoteTransitionInfo = RemoteTransitionInfo { remoteTransition = com.android.systemui.animation.RemoteAnimationRunnerCompat$1@f095c12, debugName = SysUILaunch, filter = null }, displayChanges = null, requestedLocation = null, userChange = null, windowingLayerChange = null, fullscreenRequestChange = null, flags = 0, debugId = 43 }
08-20 23:40:39.341   894  1032 W DisconnectHandler: No disconnect change found in the transition, not handling request.
08-20 23:40:39.341   894  1032 W DisconnectHandler: No disconnect change found in the transition, not handling request.
08-20 23:40:39.341  1043  1043 D BaseActivity: Launcher flags updated: [state_started|state_resumed|state_deferred_resumed] -[state_user_active]
08-20 23:40:39.341   894  1032 V ShellDesktopMode: DesktopTasksController: skipping handleRequest reason=triggerTask's display doesn't support desktop mode
08-20 23:40:39.341   894  1032 D ShellSplitScreen: logExit: no-op, mLoggerSessionId is null
08-20 23:40:39.341  1043  1043 D BaseActivity: Launcher flags updated: [state_started] -[state_resumed|state_deferred_resumed]
08-20 23:40:39.341   894  1032 V WindowManagerShell: RemoteTransition directly requested for (#43) android.os.BinderProxy@d4f1e74: RemoteTransition { remoteTransition = com.android.systemui.animation.RemoteAnimationRunnerCompat$1@f095c12, appThread = null, debugName = SysUILaunch, filter = null }
08-20 23:40:39.341  1043  1043 W SplitSelectStateCtor: Missing session instanceIds
08-20 23:40:39.341  1043  1043 D StatsLog: LAUNCHER_SPLIT_SELECTION_EXIT_INTERRUPTED
08-20 23:40:39.341   894  1032 V WindowManagerShell: Transition (#43): request handled by DefaultMixedHandler
08-20 23:40:39.341   894   894 I ActivityTransitionAnimator: launchResult=2 willAnimate=true hideKeyguardWithAnimation=false
08-20 23:40:39.341   642  1975 D CompatChangeReporter: Compat change id reported: 377864165; UID 10252; state: ENABLED
08-20 23:40:39.342   642   923 V WindowManager: Defer transition id=43 for TaskFragmentTransaction=android.os.Binder@4666738
08-20 23:40:39.342   642   923 V WindowManager: Continue transition id=43 for TaskFragmentTransaction=android.os.Binder@4666738
08-20 23:40:39.342   894  1032 V RecentTasksController: Notify recent tasks changed
08-20 23:40:39.342   894  1032 D WindowManagerShell: setLauncherKeepClearAreaHeight: visible=false, height=567
08-20 23:40:39.342  1043  1043 D RecentTasksList: invalidateLoadedTasks - previous requestLoadId: -1
08-20 23:40:39.343   642   663 V GrammaticalInflectionUtils: AttributionSource: android.content.AttributionSource@e8567d59 does not have READ_SYSTEM_GRAMMATICAL_GENDER permission.
08-20 23:40:39.343   894  1032 D WindowManagerShell: onActivityRestartAttempt: topActivity=ComponentInfo{com.izzes.nears/com.izzes.nears.MainActivity}, wasVisible=false, displayId=0, pipDisplayLayoutState#displayId=0
08-20 23:40:39.345   642  1975 D CompatChangeReporter: Compat change id reported: 463899193; UID 10252; state: ENABLED
08-20 23:40:39.346   642  1975 W InputChannel-JNI: Channel already disposed.
08-20 23:40:39.346   429   429 D Zygote  : Forked child process 12570
08-20 23:40:39.347   642   670 I ActivityManager: Start proc 12570:com.izzes.nears/u0a252 for next-top-activity {com.izzes.nears/com.izzes.nears.MainActivity}
08-20 23:40:39.348 12570 12570 I libprocessgroup: Created cgroup /sys/fs/cgroup/apps/uid_10252/pid_12570
08-20 23:40:39.350 12570 12570 I Zygote  : Process 12570 created for com.izzes.nears
08-20 23:40:39.351 12570 12570 I com.izzes.nears: Late-enabling -Xcheck:jni
08-20 23:40:39.355 12570 12570 I com.izzes.nears: Using generational CollectorTypeCMC GC.
08-20 23:40:39.356   477   577 W skia    : AGTM parsing failed flags.readFromStream(s) at 159
08-20 23:40:39.356   477   577 W skia    : AGTM parsing failed flags.readFromStream(s) at 159
08-20 23:40:39.356   477   577 W skia    : AGTM parsing failed flags.readFromStream(s) at 159
08-20 23:40:39.356   477   577 W skia    : AGTM parsing failed flags.readFromStream(s) at 159
08-20 23:40:39.356   477   577 W skia    : AGTM parsing failed flags.readFromStream(s) at 159
08-20 23:40:39.356   477   577 W skia    : AGTM parsing failed flags.readFromStream(s) at 159
08-20 23:40:39.356   477   577 W skia    : AGTM parsing failed flags.readFromStream(s) at 159
08-20 23:40:39.356   642   655 D WindowManager: setClientSurface Surface(name=VRI-Splash Screen com.izzes.nears#554)/@0xd4a3349 for 2ed8a02 Splash Screen com.izzes.nears
08-20 23:40:39.356   477   563 I libbinder.BpBinder: onLastStrongRef automatically unlinking death recipients for binder (0xb400721bb204fd80) with descriptor: '(not cached)'
08-20 23:40:39.357   894  1127 I Surface : Creating surface for consumer unnamed-894-20 with slotExpansion=1 for 64 slots
08-20 23:40:39.357   894  1127 I Surface : Creating surface for consumer VRI[nears]#13(BLAST Consumer)13 with slotExpansion=1 for 64 slots
08-20 23:40:39.365   642   660 V WindowManager: Sent Transition (#43) createdAt=08-20 23:40:39.339 via request=TransitionRequestInfo { type = OPEN, triggerTask = TaskInfo{userId=0 taskId=582 effectiveUid=10252 displayId=0 isRunning=true baseIntent=Intent { act=android.intent.action.MAIN cat=[android.intent.category.LAUNCHER] flg=0x30000000 cmp=com.izzes.nears/.MainActivity } baseActivity=ComponentInfo{com.izzes.nears/com.izzes.nears.MainActivity} topActivity=ComponentInfo{com.izzes.nears/com.izzes.nears.MainActivity} origActivity=null realActivity=ComponentInfo{com.izzes.nears/com.izzes.nears.MainActivity} realActivityIsAppLockEnabled=false numActivities=1 lastActiveTime=9158504 supportsMultiWindow=true supportsMultiWindowWithoutConstraints=true resizeMode=1 isResizeable=true minWidth=-1 minHeight=-1 defaultMinSize=220 token=WCT{RemoteToken{eec818f Task{9dbbd1d #582 type=standard A=10252:com.izzes.nears}}} topActivityType=1 pictureInPictureParams=null shouldDockBigOverlays=false launchIntoPipHostTaskId=-1 lastParentTaskIdBeforePip=-1 displayCutoutSafeInsets=Rect(0, 159 - 0, 0) topActivityInfo=ActivityInfo{dc6ec1c com.izzes.nears.MainActivity} launchCookies=[] positionInParent=Point(0, 0) parentTaskId=-1 isFocused=false isInteractive=false isVisible=false isVisibleRequested=false isTopActivityNoDisplay=false isSleeping=false locusId=null displayAreaFeatureId=1 isTopActivityTransparent=false isActivityStackTransparent=false lastNonFullscreenBounds=null leafTaskBoundsFromOptions= false capturedLink=null capturedLinkTimestamp=0 requestedVisibleTypes=503 topActivityRequestOpenInBrowserEducationTimestamp=0 appCompatTaskInfo=AppCompatTaskInfo { topActivityInSizeCompat=false isLeafTask= true eligibleForLetterboxEducation= false isLetterboxEducationEnabled= true isLetterboxDoubleTapEnabled= false eligibleForUserAspectRatioButton= false topActivityBoundsLetterboxed= false isFromLetterboxDoubleTap= false topActivityLetterboxVerticalPosition= -1 topActivityLetterboxHorizontalPosition= -1 topActivityLetterboxWidth=-1 topActivityLetterboxHeight=-1 topActivityAppBounds=Rect(0, 0 - 1344, 2992) isUserFullscreenOverrideEnabled=false isSystemFullscreenOverrideEnabled=false hasMinAspectRatioOverride=false topActivityLetterboxBounds=null topNonResizableActivityAspectRatio=-1.0} topActivityMainWindowFrame=null isAppBubble=false}, pipChange = null, remoteTransitionInfo = RemoteTransitionInfo { remoteTransition = android.window.IRemoteTransition$Stub$Proxy@57096f, debugName = SysUILaunch, filter = null }, displayChanges = null, requestedLocation = null, userChange = null, windowingLayerChange = null, fullscreenRequestChange = null, flags = 0, debugId = 43 }
08-20 23:40:39.365   642   660 V WindowManager:     startWCT=WindowContainerTransaction { changes= {} hops= [] flags= 0 errorCallbackToken=null taskFragmentOrganizer=null }
08-20 23:40:39.365   642   660 V WindowManager:     info={id=43 t=OPEN f=0x0 trk=0 r=[0@Point(0, 0)] c=[
08-20 23:40:39.365   642   660 V WindowManager:         {WCT{RemoteToken{eec818f Task{9dbbd1d #582 type=standard A=10252:com.izzes.nears}}} m=OPEN f=MOVE_TO_TOP|FLAG_CHANGED_INTERACTIVE leash=Surface(name=Task=582#503)/@0xe423ba8 sb=Rect(0, 0 - 1344, 2992) eb=Rect(0, 0 - 1344, 2992) epz=Point(1344, 2992) d=0 taskParent=-1 winMode=1 userId=0},
08-20 23:40:39.365   642   660 V WindowManager:         {WCT{RemoteToken{286712d Task{cafc982 #1 type=home}}} m=TO_BACK f=SHOW_WALLPAPER|FLAG_CHANGED_INTERACTIVE leash=Surface(name=Task=1#35)/@0xe762e98 sb=Rect(0, 0 - 1344, 2992) eb=Rect(0, 0 - 1344, 2992) epz=Point(1344, 2992) d=0 taskParent=-1 winMode=1 userId=0},
08-20 23:40:39.365   642   660 V WindowManager:         {m=TO_BACK f=IS_WALLPAPER leash=Surface(name=WallpaperWindowToken{86c8005}#54)/@0x9b5907b sb=Rect(0, 0 - 1344, 2992) eb=Rect(0, 0 - 1344, 2992) epz=Point(1344, 2992) d=0}
08-20 23:40:39.365   642   660 V WindowManager:     ]}
08-20 23:40:39.365 12570 12570 D nativeloader: Load libframework-connectivity-tiramisu-jni.so using APEX ns com_android_tethering for caller /apex/com.android.tethering/javalib/framework-connectivity-t.jar: ok
08-20 23:40:39.365   894  1171 V WindowManagerShell: onTransitionReady(transaction=2757369012736)
08-20 23:40:39.365   894  1032 V WindowManagerShell: onTransitionReady (#43) android.os.BinderProxy@d4f1e74: {id=43 t=OPEN f=0x0 trk=0 r=[0@Point(0, 0)] c=[
08-20 23:40:39.365   894  1032 V WindowManagerShell:         {m=OPEN f=MOVE_TO_TOP|FLAG_CHANGED_INTERACTIVE leash=Surface(name=Task=582#503)/@0x70e87d3 sb=Rect(0, 0 - 1344, 2992) eb=Rect(0, 0 - 1344, 2992) epz=Point(1344, 2992) d=0 taskParent=-1 winMode=1 userId=0},
08-20 23:40:39.365   894  1032 V WindowManagerShell:         {m=TO_BACK f=SHOW_WALLPAPER|FLAG_CHANGED_INTERACTIVE leash=Surface(name=Task=1#35)/@0xec44f10 sb=Rect(0, 0 - 1344, 2992) eb=Rect(0, 0 - 1344, 2992) epz=Point(1344, 2992) d=0 taskParent=-1 winMode=1 userId=0},
08-20 23:40:39.365   894  1032 V WindowManagerShell:         {m=TO_BACK f=IS_WALLPAPER leash=Surface(name=WallpaperWindowToken{86c8005}#54)/@0xcba09 sb=Rect(0, 0 - 1344, 2992) eb=Rect(0, 0 - 1344, 2992) epz=Point(1344, 2992) d=0}
08-20 23:40:39.365   894  1032 V WindowManagerShell:     ]}
08-20 23:40:39.366   894  1032 V WindowManagerShell: Playing animation for (#43) android.os.BinderProxy@d4f1e74@0
08-20 23:40:39.366   894  1032 V WindowManagerShell:  try firstHandler com.android.wm.shell.transition.DefaultMixedHandler@cafce2f
08-20 23:40:39.366   894  1032 V WindowManagerShell: Mixed transition for opening an intent with a remote transition and PIP or Desktop #43
08-20 23:40:39.366   894  1032 V WindowManagerShell: tryAnimateOpenIntentWithRemoteAndPipOrDesktop
08-20 23:40:39.366   894  1032 V WindowManagerShell:  Delegate animation for (#43) to RemoteTransition { remoteTransition = com.android.systemui.animation.RemoteAnimationRunnerCompat$1@f095c12, appThread = null, debugName = SysUILaunch, filter = null }
08-20 23:40:39.367   642  1975 W ActivityTaskManager: setRunningRemoteTransition: no process for null
08-20 23:40:39.367   894  1032 V WindowManagerShell:  animated by firstHandler
08-20 23:40:39.367   479   540 I adbd    : jdwp connection from 12570
08-20 23:40:39.372   477   577 W skia    : AGTM parsing failed flags.readFromStream(s) at 159
08-20 23:40:39.372   477   577 W skia    : AGTM parsing failed flags.readFromStream(s) at 159
08-20 23:40:39.372   477   577 W skia    : AGTM parsing failed flags.readFromStream(s) at 159
08-20 23:40:39.372   477   577 W skia    : AGTM parsing failed flags.readFromStream(s) at 159
08-20 23:40:39.372   477   577 W skia    : AGTM parsing failed flags.readFromStream(s) at 159
08-20 23:40:39.372   477   577 W skia    : AGTM parsing failed flags.readFromStream(s) at 159
08-20 23:40:39.372   477   577 W skia    : AGTM parsing failed flags.readFromStream(s) at 159
08-20 23:40:39.388 12570 12570 D ApplicationLoaders: Returning zygote-cached class loader: /system/framework/org.apache.http.legacy.jar
08-20 23:40:39.388 12570 12570 D ApplicationLoaders: Returning zygote-cached class loader: /system_ext/framework/androidx.window.extensions.jar
08-20 23:40:39.388 12570 12570 D ApplicationLoaders: Returning zygote-cached class loader: /system_ext/framework/androidx.window.sidecar.jar
08-20 23:40:39.389   477   577 W skia    : AGTM parsing failed flags.readFromStream(s) at 159
08-20 23:40:39.389   477   577 W skia    : AGTM parsing failed flags.readFromStream(s) at 159
08-20 23:40:39.389   477   577 W skia    : AGTM parsing failed flags.readFromStream(s) at 159
08-20 23:40:39.389   477   577 W skia    : AGTM parsing failed flags.readFromStream(s) at 159
08-20 23:40:39.389   477   577 W skia    : AGTM parsing failed flags.readFromStream(s) at 159
08-20 23:40:39.389   477   577 W skia    : AGTM parsing failed flags.readFromStream(s) at 159
08-20 23:40:39.389   477   577 W skia    : AGTM parsing failed flags.readFromStream(s) at 159
08-20 23:40:39.405   477   577 W skia    : AGTM parsing failed flags.readFromStream(s) at 159
08-20 23:40:39.405   477   577 W skia    : AGTM parsing failed flags.readFromStream(s) at 159
08-20 23:40:39.405   477   577 W skia    : AGTM parsing failed flags.readFromStream(s) at 159
08-20 23:40:39.405   477   577 W skia    : AGTM parsing failed flags.readFromStream(s) at 159
08-20 23:40:39.405   477   577 W skia    : AGTM parsing failed flags.readFromStream(s) at 159
08-20 23:40:39.406   477   577 W skia    : AGTM parsing failed flags.readFromStream(s) at 159
08-20 23:40:39.406   477   577 W skia    : AGTM parsing failed flags.readFromStream(s) at 159
08-20 23:40:39.422   477   577 W skia    : AGTM parsing failed flags.readFromStream(s) at 159
08-20 23:40:39.422   477   577 W skia    : AGTM parsing failed flags.readFromStream(s) at 159
08-20 23:40:39.422   477   577 W skia    : AGTM parsing failed flags.readFromStream(s) at 159
08-20 23:40:39.422   477   577 W skia    : AGTM parsing failed flags.readFromStream(s) at 159
08-20 23:40:39.422   477   577 W skia    : AGTM parsing failed flags.readFromStream(s) at 159
08-20 23:40:39.422   477   577 W skia    : AGTM parsing failed flags.readFromStream(s) at 159
08-20 23:40:39.422   477   577 W skia    : AGTM parsing failed flags.readFromStream(s) at 159
08-20 23:40:39.439   477   577 W skia    : AGTM parsing failed flags.readFromStream(s) at 159
08-20 23:40:39.439   477   577 W skia    : AGTM parsing failed flags.readFromStream(s) at 159
08-20 23:40:39.439   477   577 W skia    : AGTM parsing failed flags.readFromStream(s) at 159
08-20 23:40:39.439   477   577 W skia    : AGTM parsing failed flags.readFromStream(s) at 159
08-20 23:40:39.439   477   577 W skia    : AGTM parsing failed flags.readFromStream(s) at 159
08-20 23:40:39.439   477   577 W skia    : AGTM parsing failed flags.readFromStream(s) at 159
08-20 23:40:39.439   477   577 W skia    : AGTM parsing failed flags.readFromStream(s) at 159
08-20 23:40:39.441   894  1032 V RecentTasksController: Notify recent tasks changed
08-20 23:40:39.442  1043  1043 D RecentTasksList: invalidateLoadedTasks - previous requestLoadId: -1
08-20 23:40:39.442   894  1032 V RecentTasksController: generateList(getRecentTasks)
08-20 23:40:39.442   894  1032 V RecentTasksController: initializeDesksMap - allDeskIds: []
08-20 23:40:39.442   894  1032 V RecentTasksController: Task 582 is not an active desktop task
08-20 23:40:39.442   894  1032 V RecentTasksController: Added fullscreen task: 582
08-20 23:40:39.442   894  1032 V RecentTasksController: Task 507 is not an active desktop task
08-20 23:40:39.442   894  1032 V RecentTasksController: Added fullscreen task: 507
08-20 23:40:39.442   894  1032 V RecentTasksController: generateList - complete
08-20 23:40:39.442  1043  1097 D PreloadThumbnailUseCase: Preloading thumbnails for task ids: [[id=507 windowingMode=0 user=0 lastActiveTime=7773] null, [id=582 windowingMode=1 user=0 lastActiveTime=9158504] null]
08-20 23:40:39.448   642  4833 I GFXSTREAM: [eglDisplay.cpp(297)] Opening libGLESv1_CM_emulation.so
08-20 23:40:39.449   642  4833 I GFXSTREAM: [eglDisplay.cpp(297)] Opening libGLESv2_emulation.so
08-20 23:40:39.449   642  4833 W libc    : Access denied finding property "vendor.mesa.virtgpu.kumquat"
08-20 23:40:39.443   642   642 W GrallocUploadTh: type=1400 audit(0.0:125): avc:  denied  { read } for  name="u:object_r:vendor_default_prop:s0" dev="tmpfs" ino=395 scontext=u:r:system_server:s0 tcontext=u:object_r:vendor_default_prop:s0 tclass=file permissive=0
08-20 23:40:39.450   642  4833 W HWUI    : Failed to choose config with EGL_SWAP_BEHAVIOR_PRESERVED, retrying without...
08-20 23:40:39.450   642  4833 W HWUI    : Failed to initialize 101010-2 format, error = EGL_SUCCESS
08-20 23:40:39.447   642   642 W binder:642_1C: type=1400 audit(0.0:126): avc:  denied  { read } for  name="u:object_r:vendor_default_prop:s0" dev="tmpfs" ino=395 scontext=u:r:system_server:s0 tcontext=u:object_r:vendor_default_prop:s0 tclass=file permissive=0
08-20 23:40:39.452   642  1975 W libc    : Access denied finding property "vendor.mesa.virtgpu.kumquat"
08-20 23:40:39.455   477   577 W skia    : AGTM parsing failed flags.readFromStream(s) at 159
08-20 23:40:39.456   477   577 W skia    : AGTM parsing failed flags.readFromStream(s) at 159
08-20 23:40:39.456   477   577 W skia    : AGTM parsing failed flags.readFromStream(s) at 159
08-20 23:40:39.456   477   577 W skia    : AGTM parsing failed flags.readFromStream(s) at 159
08-20 23:40:39.456   477   577 W skia    : AGTM parsing failed flags.readFromStream(s) at 159
08-20 23:40:39.456   477   577 W skia    : AGTM parsing failed flags.readFromStream(s) at 159
08-20 23:40:39.456   477   577 W skia    : AGTM parsing failed flags.readFromStream(s) at 159
08-20 23:40:39.460   477   577 W skia    : AGTM parsing failed flags.readFromStream(s) at 159
08-20 23:40:39.460   477   577 W skia    : AGTM parsing failed flags.readFromStream(s) at 159
08-20 23:40:39.460   477   577 W skia    : AGTM parsing failed flags.readFromStream(s) at 159
08-20 23:40:39.473   477   577 W skia    : AGTM parsing failed flags.readFromStream(s) at 159
08-20 23:40:39.473   477   577 W skia    : AGTM parsing failed flags.readFromStream(s) at 159
08-20 23:40:39.473   477   577 W skia    : AGTM parsing failed flags.readFromStream(s) at 159
08-20 23:40:39.473   477   577 W skia    : AGTM parsing failed flags.readFromStream(s) at 159
08-20 23:40:39.473   477   577 W skia    : AGTM parsing failed flags.readFromStream(s) at 159
08-20 23:40:39.473   477   577 W skia    : AGTM parsing failed flags.readFromStream(s) at 159
08-20 23:40:39.473   477   577 W skia    : AGTM parsing failed flags.readFromStream(s) at 159
08-20 23:40:39.475   894  1178 D ShadeStatusBarComponentsInteractor#disableFlagsInteractor: newValue: DisableFlagsModel(disable1=0, disable2=0, animate=true)
08-20 23:40:39.489   477   577 W skia    : AGTM parsing failed flags.readFromStream(s) at 159
08-20 23:40:39.489   477   577 W skia    : AGTM parsing failed flags.readFromStream(s) at 159
08-20 23:40:39.489   477   577 W skia    : AGTM parsing failed flags.readFromStream(s) at 159
08-20 23:40:39.489   477   577 W skia    : AGTM parsing failed flags.readFromStream(s) at 159
08-20 23:40:39.489   477   577 W skia    : AGTM parsing failed flags.readFromStream(s) at 159
08-20 23:40:39.489   477   577 W skia    : AGTM parsing failed flags.readFromStream(s) at 159
08-20 23:40:39.489   477   577 W skia    : AGTM parsing failed flags.readFromStream(s) at 159
08-20 23:40:39.498   473   573 I APM_AudioPolicyManager: getNewOutputDevices io 13 recent device override {AUDIO_DEVICE_OUT_SPEAKER, @:}
08-20 23:40:39.506   477   577 W skia    : AGTM parsing failed flags.readFromStream(s) at 159
08-20 23:40:39.506   477   577 W skia    : AGTM parsing failed flags.readFromStream(s) at 159
08-20 23:40:39.506   477   577 W skia    : AGTM parsing failed flags.readFromStream(s) at 159
08-20 23:40:39.506   477   577 W skia    : AGTM parsing failed flags.readFromStream(s) at 159
08-20 23:40:39.506   477   577 W skia    : AGTM parsing failed flags.readFromStream(s) at 159
08-20 23:40:39.506   477   577 W skia    : AGTM parsing failed flags.readFromStream(s) at 159
08-20 23:40:39.506   477   577 W skia    : AGTM parsing failed flags.readFromStream(s) at 159
08-20 23:40:39.522   477   577 W skia    : AGTM parsing failed flags.readFromStream(s) at 159
08-20 23:40:39.522   477   577 W skia    : AGTM parsing failed flags.readFromStream(s) at 159
08-20 23:40:39.522   477   577 W skia    : AGTM parsing failed flags.readFromStream(s) at 159
08-20 23:40:39.522   477   577 W skia    : AGTM parsing failed flags.readFromStream(s) at 159
08-20 23:40:39.522   477   577 W skia    : AGTM parsing failed flags.readFromStream(s) at 159
08-20 23:40:39.522   477   577 W skia    : AGTM parsing failed flags.readFromStream(s) at 159
08-20 23:40:39.522   477   577 W skia    : AGTM parsing failed flags.readFromStream(s) at 159
08-20 23:40:39.539   477   577 W skia    : AGTM parsing failed flags.readFromStream(s) at 159
08-20 23:40:39.539   477   577 W skia    : AGTM parsing failed flags.readFromStream(s) at 159
08-20 23:40:39.539   477   577 W skia    : AGTM parsing failed flags.readFromStream(s) at 159
08-20 23:40:39.539   477   577 W skia    : AGTM parsing failed flags.readFromStream(s) at 159
08-20 23:40:39.539   477   577 W skia    : AGTM parsing failed flags.readFromStream(s) at 159
08-20 23:40:39.539   477   577 W skia    : AGTM parsing failed flags.readFromStream(s) at 159
08-20 23:40:39.539   477   577 W skia    : AGTM parsing failed flags.readFromStream(s) at 159
08-20 23:40:39.556   477   577 W skia    : AGTM parsing failed flags.readFromStream(s) at 159
08-20 23:40:39.556   477   577 W skia    : AGTM parsing failed flags.readFromStream(s) at 159
08-20 23:40:39.556   477   577 W skia    : AGTM parsing failed flags.readFromStream(s) at 159
08-20 23:40:39.556   477   577 W skia    : AGTM parsing failed flags.readFromStream(s) at 159
08-20 23:40:39.556   477   577 W skia    : AGTM parsing failed flags.readFromStream(s) at 159
08-20 23:40:39.556   477   577 W skia    : AGTM parsing failed flags.readFromStream(s) at 159
08-20 23:40:39.556   477   577 W skia    : AGTM parsing failed flags.readFromStream(s) at 159
08-20 23:40:39.561   477   577 W skia    : AGTM parsing failed flags.readFromStream(s) at 159
08-20 23:40:39.561   477   577 W skia    : AGTM parsing failed flags.readFromStream(s) at 159
08-20 23:40:39.561   477   577 W skia    : AGTM parsing failed flags.readFromStream(s) at 159
08-20 23:40:39.573   477   577 W skia    : AGTM parsing failed flags.readFromStream(s) at 159
08-20 23:40:39.573   477   577 W skia    : AGTM parsing failed flags.readFromStream(s) at 159
08-20 23:40:39.573   477   577 W skia    : AGTM parsing failed flags.readFromStream(s) at 159
08-20 23:40:39.573   477   577 W skia    : AGTM parsing failed flags.readFromStream(s) at 159
08-20 23:40:39.573   477   577 W skia    : AGTM parsing failed flags.readFromStream(s) at 159
08-20 23:40:39.573   477   577 W skia    : AGTM parsing failed flags.readFromStream(s) at 159
08-20 23:40:39.573   477   577 W skia    : AGTM parsing failed flags.readFromStream(s) at 159
08-20 23:40:39.573   477   577 W skia    : AGTM parsing failed flags.readFromStream(s) at 159
08-20 23:40:39.589   477   577 W skia    : AGTM parsing failed flags.readFromStream(s) at 159
08-20 23:40:39.589   477   577 W skia    : AGTM parsing failed flags.readFromStream(s) at 159
08-20 23:40:39.589   477   577 W skia    : AGTM parsing failed flags.readFromStream(s) at 159
08-20 23:40:39.589   477   577 W skia    : AGTM parsing failed flags.readFromStream(s) at 159
08-20 23:40:39.589   477   577 W skia    : AGTM parsing failed flags.readFromStream(s) at 159
08-20 23:40:39.589   477   577 W skia    : AGTM parsing failed flags.readFromStream(s) at 159
08-20 23:40:39.589   477   577 W skia    : AGTM parsing failed flags.readFromStream(s) at 159
08-20 23:40:39.589   477   577 W skia    : AGTM parsing failed flags.readFromStream(s) at 159
08-20 23:40:39.606   477   577 W skia    : AGTM parsing failed flags.readFromStream(s) at 159
08-20 23:40:39.606   477   577 W skia    : AGTM parsing failed flags.readFromStream(s) at 159
08-20 23:40:39.606   477   577 W skia    : AGTM parsing failed flags.readFromStream(s) at 159
08-20 23:40:39.606   477   577 W skia    : AGTM parsing failed flags.readFromStream(s) at 159
08-20 23:40:39.606   477   577 W skia    : AGTM parsing failed flags.readFromStream(s) at 159
08-20 23:40:39.606   477   577 W skia    : AGTM parsing failed flags.readFromStream(s) at 159
08-20 23:40:39.606   477   577 W skia    : AGTM parsing failed flags.readFromStream(s) at 159
08-20 23:40:39.606   477   577 W skia    : AGTM parsing failed flags.readFromStream(s) at 159
08-20 23:40:39.625   477   577 W skia    : AGTM parsing failed flags.readFromStream(s) at 159
08-20 23:40:39.625   477   577 W skia    : AGTM parsing failed flags.readFromStream(s) at 159
08-20 23:40:39.625   477   577 W skia    : AGTM parsing failed flags.readFromStream(s) at 159
08-20 23:40:39.625   477   577 W skia    : AGTM parsing failed flags.readFromStream(s) at 159
08-20 23:40:39.625   477   577 W skia    : AGTM parsing failed flags.readFromStream(s) at 159
08-20 23:40:39.625   477   577 W skia    : AGTM parsing failed flags.readFromStream(s) at 159
08-20 23:40:39.625   477   577 W skia    : AGTM parsing failed flags.readFromStream(s) at 159
08-20 23:40:39.625   477   577 W skia    : AGTM parsing failed flags.readFromStream(s) at 159
08-20 23:40:39.631 12570 12570 D nativeloader: Configuring clns-9 for other apk /data/app/~~Hyctd9N84K84AyUDoiF43Q==/com.izzes.nears-tWnyVgtaRDVqf71B5FpfIQ==/base.apk. target_sdk_version=36, uses_libraries=, library_path=/data/app/~~Hyctd9N84K84AyUDoiF43Q==/com.izzes.nears-tWnyVgtaRDVqf71B5FpfIQ==/lib/arm64:/data/app/~~Hyctd9N84K84AyUDoiF43Q==/com.izzes.nears-tWnyVgtaRDVqf71B5FpfIQ==/base.apk!/lib/arm64-v8a, permitted_path=/data:/mnt/expand:/data/user/0/com.izzes.nears
08-20 23:40:39.636 12570 12570 V GraphicsEnvironment: Currently set values for:
08-20 23:40:39.636 12570 12570 V GraphicsEnvironment:   angle_gl_driver_selection_pkgs=[]
08-20 23:40:39.636 12570 12570 V GraphicsEnvironment:   angle_gl_driver_selection_values=[]
08-20 23:40:39.636 12570 12570 V GraphicsEnvironment: com.izzes.nears is not listed in per-application setting
08-20 23:40:39.636 12570 12570 V GraphicsEnvironment: No special selections for ANGLE, returning default driver choice
08-20 23:40:39.637 12570 12570 V GraphicsEnvironment: Neither updatable production driver nor prerelease driver is supported.
08-20 23:40:39.639   477   577 W skia    : AGTM parsing failed flags.readFromStream(s) at 159
08-20 23:40:39.639   477   577 W skia    : AGTM parsing failed flags.readFromStream(s) at 159
08-20 23:40:39.639   477   577 W skia    : AGTM parsing failed flags.readFromStream(s) at 159
08-20 23:40:39.639   477   577 W skia    : AGTM parsing failed flags.readFromStream(s) at 159
08-20 23:40:39.639   477   577 W skia    : AGTM parsing failed flags.readFromStream(s) at 159
08-20 23:40:39.639   477   577 W skia    : AGTM parsing failed flags.readFromStream(s) at 159
08-20 23:40:39.639   477   577 W skia    : AGTM parsing failed flags.readFromStream(s) at 159
08-20 23:40:39.639   477   577 W skia    : AGTM parsing failed flags.readFromStream(s) at 159
08-20 23:40:39.641 12570 12570 W FirebaseApp: Default FirebaseApp failed to initialize because no default options were found. This usually means that com.google.gms:google-services was not applied to your gradle project.
08-20 23:40:39.641 12570 12570 I FirebaseInitProvider: FirebaseApp initialization unsuccessful
08-20 23:40:39.641 12570 12570 D FLTFireContextHolder: received application context.
08-20 23:40:39.656   477   577 W skia    : AGTM parsing failed flags.readFromStream(s) at 159
08-20 23:40:39.656   477   577 W skia    : AGTM parsing failed flags.readFromStream(s) at 159
08-20 23:40:39.656   477   577 W skia    : AGTM parsing failed flags.readFromStream(s) at 159
08-20 23:40:39.656   477   577 W skia    : AGTM parsing failed flags.readFromStream(s) at 159
08-20 23:40:39.656   477   577 W skia    : AGTM parsing failed flags.readFromStream(s) at 159
08-20 23:40:39.656   477   577 W skia    : AGTM parsing failed flags.readFromStream(s) at 159
08-20 23:40:39.656   477   577 W skia    : AGTM parsing failed flags.readFromStream(s) at 159
08-20 23:40:39.656   477   577 W skia    : AGTM parsing failed flags.readFromStream(s) at 159
08-20 23:40:39.661   477   577 W skia    : AGTM parsing failed flags.readFromStream(s) at 159
08-20 23:40:39.661   477   577 W skia    : AGTM parsing failed flags.readFromStream(s) at 159
08-20 23:40:39.661   477   577 W skia    : AGTM parsing failed flags.readFromStream(s) at 159
08-20 23:40:39.668 12570 12570 W com.facebook.UserSettingsManager: You haven't set a value for AdvertiserIDCollectionEnabled. Set the flag to TRUE if you want to collect Advertiser ID for better advertising and analytics results. To request user consent before collecting data, set the flag value to FALSE, then change to TRUE once user consent is received. Learn more: https://developers.facebook.com/docs/app-events/getting-started-app-events-android#disable-auto-events.
08-20 23:40:39.672   477   577 W skia    : AGTM parsing failed flags.readFromStream(s) at 159
08-20 23:40:39.672   477   577 W skia    : AGTM parsing failed flags.readFromStream(s) at 159
08-20 23:40:39.672   477   577 W skia    : AGTM parsing failed flags.readFromStream(s) at 159
08-20 23:40:39.672   477   577 W skia    : AGTM parsing failed flags.readFromStream(s) at 159
08-20 23:40:39.672   477   577 W skia    : AGTM parsing failed flags.readFromStream(s) at 159
08-20 23:40:39.672   477   577 W skia    : AGTM parsing failed flags.readFromStream(s) at 159
08-20 23:40:39.672   477   577 W skia    : AGTM parsing failed flags.readFromStream(s) at 159
08-20 23:40:39.672   477   577 W skia    : AGTM parsing failed flags.readFromStream(s) at 159
08-20 23:40:39.682 12570 12588 W com.facebook.internal.NativeProtocol: Apps that target Android API 30+ (Android 11+) cannot call Facebook native apps unless the package visibility needs are declared. Please follow https://developers.facebook.com/docs/android/troubleshooting/#faq_267321845055988 to make the declaration.
08-20 23:40:39.688  1285  1285 D BoundBrokerSvc: onRebind: Intent { act=com.google.android.gms.common.telemetry.service.START dat=chimera-action:/... xflg=0x4 cmp=com.google.android.gms/.chimera.PersistentApiService }
08-20 23:40:39.689   477   577 W skia    : AGTM parsing failed flags.readFromStream(s) at 159
08-20 23:40:39.689   477   577 W skia    : AGTM parsing failed flags.readFromStream(s) at 159
08-20 23:40:39.689   477   577 W skia    : AGTM parsing failed flags.readFromStream(s) at 159
08-20 23:40:39.689   477   577 W skia    : AGTM parsing failed flags.readFromStream(s) at 159
08-20 23:40:39.689   477   577 W skia    : AGTM parsing failed flags.readFromStream(s) at 159
08-20 23:40:39.689   477   577 W skia    : AGTM parsing failed flags.readFromStream(s) at 159
08-20 23:40:39.689   477   577 W skia    : AGTM parsing failed flags.readFromStream(s) at 159
08-20 23:40:39.689   477   577 W skia    : AGTM parsing failed flags.readFromStream(s) at 159
08-20 23:40:39.691 12570 12601 I DisplayManager: Choreographer implicitly registered for the refresh rate.
08-20 23:40:39.706   477   577 W skia    : AGTM parsing failed flags.readFromStream(s) at 159
08-20 23:40:39.706   477   577 W skia    : AGTM parsing failed flags.readFromStream(s) at 159
08-20 23:40:39.706   477   577 W skia    : AGTM parsing failed flags.readFromStream(s) at 159
08-20 23:40:39.706   477   577 W skia    : AGTM parsing failed flags.readFromStream(s) at 159
08-20 23:40:39.706   477   577 W skia    : AGTM parsing failed flags.readFromStream(s) at 159
08-20 23:40:39.706   477   577 W skia    : AGTM parsing failed flags.readFromStream(s) at 159
08-20 23:40:39.706   477   577 W skia    : AGTM parsing failed flags.readFromStream(s) at 159
08-20 23:40:39.706   477   577 W skia    : AGTM parsing failed flags.readFromStream(s) at 159
08-20 23:40:39.715 12570 12605 D FlutterJNI: Beginning load of flutter...
08-20 23:40:39.716 12570 12606 I ResourceExtractor: Found extracted resources res_timestamp-3-1787254361878
08-20 23:40:39.720 12570 12601 I GFXSTREAM: [eglDisplay.cpp(297)] Opening libGLESv1_CM_emulation.so
08-20 23:40:39.722   477   577 W skia    : AGTM parsing failed flags.readFromStream(s) at 159
08-20 23:40:39.722   477   577 W skia    : AGTM parsing failed flags.readFromStream(s) at 159
08-20 23:40:39.722   477   577 W skia    : AGTM parsing failed flags.readFromStream(s) at 159
08-20 23:40:39.722   477   577 W skia    : AGTM parsing failed flags.readFromStream(s) at 159
08-20 23:40:39.722   477   577 W skia    : AGTM parsing failed flags.readFromStream(s) at 159
08-20 23:40:39.722   477   577 W skia    : AGTM parsing failed flags.readFromStream(s) at 159
08-20 23:40:39.722   477   577 W skia    : AGTM parsing failed flags.readFromStream(s) at 159
08-20 23:40:39.722   477   577 W skia    : AGTM parsing failed flags.readFromStream(s) at 159
08-20 23:40:39.724 12570 12601 I GFXSTREAM: [eglDisplay.cpp(297)] Opening libGLESv2_emulation.so
08-20 23:40:39.724 12570 12605 D nativeloader: Load /data/app/~~Hyctd9N84K84AyUDoiF43Q==/com.izzes.nears-tWnyVgtaRDVqf71B5FpfIQ==/lib/arm64/libflutter.so using class loader ns clns-9 (caller=/data/app/~~Hyctd9N84K84AyUDoiF43Q==/com.izzes.nears-tWnyVgtaRDVqf71B5FpfIQ==/base.apk!classes22.dex): ok
08-20 23:40:39.725 12570 12605 D FlutterJNI: flutter (null) was loaded normally!
08-20 23:40:39.726 12570 12601 W libc    : Access denied finding property "vendor.mesa.virtgpu.kumquat"
08-20 23:40:39.727 12570 12601 W HWUI    : Failed to choose config with EGL_SWAP_BEHAVIOR_PRESERVED, retrying without...
08-20 23:40:39.727 12570 12601 W HWUI    : Failed to initialize 101010-2 format, error = EGL_SUCCESS
08-20 23:40:39.727   642   655 D FileUtils: Rounded bytes from 3155017728 to 4000000000
08-20 23:40:39.739 12570 12570 W com.izzes.nears: type=1400 audit(0.0:127): avc:  denied  { read } for  name="max_map_count" dev="proc" ino=26028 scontext=u:r:untrusted_app_34:s0:c252,c256,c512,c768 tcontext=u:object_r:proc_max_map_count:s0 tclass=file permissive=0 app=com.izzes.nears
08-20 23:40:39.749 12570 12608 W libc    : Access denied finding property "vendor.mesa.virtgpu.kumquat"
08-20 23:40:39.756   477   577 W skia    : AGTM parsing failed flags.readFromStream(s) at 159
08-20 23:40:39.756   477   577 W skia    : AGTM parsing failed flags.readFromStream(s) at 159
08-20 23:40:39.756   477   577 W skia    : AGTM parsing failed flags.readFromStream(s) at 159
08-20 23:40:39.756   477   577 W skia    : AGTM parsing failed flags.readFromStream(s) at 159
08-20 23:40:39.756   477   577 W skia    : AGTM parsing failed flags.readFromStream(s) at 159
08-20 23:40:39.756   477   577 W skia    : AGTM parsing failed flags.readFromStream(s) at 159
08-20 23:40:39.756   477   577 W skia    : AGTM parsing failed flags.readFromStream(s) at 159
08-20 23:40:39.756   477   577 W skia    : AGTM parsing failed flags.readFromStream(s) at 159
08-20 23:40:39.760 12570 12608 I flutter : [IMPORTANT:flutter/shell/platform/android/android_context_gl_impeller.cc(104)] Using the Impeller rendering backend (OpenGLES).
08-20 23:40:39.762 12570 12609 W libc    : Access denied finding property "vendor.mesa.virtgpu.kumquat"
08-20 23:40:39.762   477   577 W skia    : AGTM parsing failed flags.readFromStream(s) at 159
08-20 23:40:39.762   477   577 W skia    : AGTM parsing failed flags.readFromStream(s) at 159
08-20 23:40:39.762   477   577 W skia    : AGTM parsing failed flags.readFromStream(s) at 159
08-20 23:40:39.762   477   577 W skia    : AGTM parsing failed flags.readFromStream(s) at 159
08-20 23:40:39.772   477   577 W skia    : AGTM parsing failed flags.readFromStream(s) at 159
08-20 23:40:39.772   477   577 W skia    : AGTM parsing failed flags.readFromStream(s) at 159
08-20 23:40:39.772   477   577 W skia    : AGTM parsing failed flags.readFromStream(s) at 159
08-20 23:40:39.772   477   577 W skia    : AGTM parsing failed flags.readFromStream(s) at 159
08-20 23:40:39.772   477   577 W skia    : AGTM parsing failed flags.readFromStream(s) at 159
08-20 23:40:39.772   477   577 W skia    : AGTM parsing failed flags.readFromStream(s) at 159
08-20 23:40:39.772   477   577 W skia    : AGTM parsing failed flags.readFromStream(s) at 159
08-20 23:40:39.772   477   577 W skia    : AGTM parsing failed flags.readFromStream(s) at 159
08-20 23:40:39.789   477   577 W skia    : AGTM parsing failed flags.readFromStream(s) at 159
08-20 23:40:39.789   477   577 W skia    : AGTM parsing failed flags.readFromStream(s) at 159
08-20 23:40:39.789   477   577 W skia    : AGTM parsing failed flags.readFromStream(s) at 159
08-20 23:40:39.789   477   577 W skia    : AGTM parsing failed flags.readFromStream(s) at 159
08-20 23:40:39.789   477   577 W skia    : AGTM parsing failed flags.readFromStream(s) at 159
08-20 23:40:39.789   477   577 W skia    : AGTM parsing failed flags.readFromStream(s) at 159
08-20 23:40:39.789   477   577 W skia    : AGTM parsing failed flags.readFromStream(s) at 159
08-20 23:40:39.789   477   577 W skia    : AGTM parsing failed flags.readFromStream(s) at 159
08-20 23:40:39.806   477   577 W skia    : AGTM parsing failed flags.readFromStream(s) at 159
08-20 23:40:39.806   477   577 W skia    : AGTM parsing failed flags.readFromStream(s) at 159
08-20 23:40:39.806   477   577 W skia    : AGTM parsing failed flags.readFromStream(s) at 159
08-20 23:40:39.806   477   577 W skia    : AGTM parsing failed flags.readFromStream(s) at 159
08-20 23:40:39.806   477   577 W skia    : AGTM parsing failed flags.readFromStream(s) at 159
08-20 23:40:39.806   477   577 W skia    : AGTM parsing failed flags.readFromStream(s) at 159
08-20 23:40:39.806   477   577 W skia    : AGTM parsing failed flags.readFromStream(s) at 159
08-20 23:40:39.806   477   577 W skia    : AGTM parsing failed flags.readFromStream(s) at 159
08-20 23:40:39.822   477   577 W skia    : AGTM parsing failed flags.readFromStream(s) at 159
08-20 23:40:39.822   477   577 W skia    : AGTM parsing failed flags.readFromStream(s) at 159
08-20 23:40:39.822   477   577 W skia    : AGTM parsing failed flags.readFromStream(s) at 159
08-20 23:40:39.822   477   577 W skia    : AGTM parsing failed flags.readFromStream(s) at 159
08-20 23:40:39.822   477   577 W skia    : AGTM parsing failed flags.readFromStream(s) at 159
08-20 23:40:39.822   477   577 W skia    : AGTM parsing failed flags.readFromStream(s) at 159
08-20 23:40:39.822   477   577 W skia    : AGTM parsing failed flags.readFromStream(s) at 159
08-20 23:40:39.822   477   577 W skia    : AGTM parsing failed flags.readFromStream(s) at 159
08-20 23:40:39.839   477   577 W skia    : AGTM parsing failed flags.readFromStream(s) at 159
08-20 23:40:39.839   477   577 W skia    : AGTM parsing failed flags.readFromStream(s) at 159
08-20 23:40:39.839   477   577 W skia    : AGTM parsing failed flags.readFromStream(s) at 159
08-20 23:40:39.839   477   577 W skia    : AGTM parsing failed flags.readFromStream(s) at 159
08-20 23:40:39.839   477   577 W skia    : AGTM parsing failed flags.readFromStream(s) at 159
08-20 23:40:39.839   477   577 W skia    : AGTM parsing failed flags.readFromStream(s) at 159
08-20 23:40:39.839   477   577 W skia    : AGTM parsing failed flags.readFromStream(s) at 159
08-20 23:40:39.839   477   577 W skia    : AGTM parsing failed flags.readFromStream(s) at 159
08-20 23:40:39.856   477   577 W skia    : AGTM parsing failed flags.readFromStream(s) at 159
08-20 23:40:39.856   477   577 W skia    : AGTM parsing failed flags.readFromStream(s) at 159
08-20 23:40:39.856   477   577 W skia    : AGTM parsing failed flags.readFromStream(s) at 159
08-20 23:40:39.856   477   577 W skia    : AGTM parsing failed flags.readFromStream(s) at 159
08-20 23:40:39.856   477   577 W skia    : AGTM parsing failed flags.readFromStream(s) at 159
08-20 23:40:39.856   477   577 W skia    : AGTM parsing failed flags.readFromStream(s) at 159
08-20 23:40:39.856   477   577 W skia    : AGTM parsing failed flags.readFromStream(s) at 159
08-20 23:40:39.856   477   577 W skia    : AGTM parsing failed flags.readFromStream(s) at 159
08-20 23:40:39.862   477   577 W skia    : AGTM parsing failed flags.readFromStream(s) at 159
08-20 23:40:39.862   477   577 W skia    : AGTM parsing failed flags.readFromStream(s) at 159
08-20 23:40:39.862   477   577 W skia    : AGTM parsing failed flags.readFromStream(s) at 159
08-20 23:40:39.862   477   577 W skia    : AGTM parsing failed flags.readFromStream(s) at 159
08-20 23:40:39.868 12570 12617 I flutter : The Dart VM service is listening on http://127.0.0.1:39187/tH-Z4WMT3ws=/
08-20 23:40:39.872   477   577 W skia    : AGTM parsing failed flags.readFromStream(s) at 159
08-20 23:40:39.872   477   577 W skia    : AGTM parsing failed flags.readFromStream(s) at 159
08-20 23:40:39.872   477   577 W skia    : AGTM parsing failed flags.readFromStream(s) at 159
08-20 23:40:39.872   477   577 W skia    : AGTM parsing failed flags.readFromStream(s) at 159
08-20 23:40:39.872   477   577 W skia    : AGTM parsing failed flags.readFromStream(s) at 159
08-20 23:40:39.872   477   577 W skia    : AGTM parsing failed flags.readFromStream(s) at 159
08-20 23:40:39.872   477   577 W skia    : AGTM parsing failed flags.readFromStream(s) at 159
08-20 23:40:39.872   477   577 W skia    : AGTM parsing failed flags.readFromStream(s) at 159
08-20 23:40:39.889   477   577 W skia    : AGTM parsing failed flags.readFromStream(s) at 159
08-20 23:40:39.889   477   577 W skia    : AGTM parsing failed flags.readFromStream(s) at 159
08-20 23:40:39.889   477   577 W skia    : AGTM parsing failed flags.readFromStream(s) at 159
08-20 23:40:39.889   477   577 W skia    : AGTM parsing failed flags.readFromStream(s) at 159
08-20 23:40:39.889   477   577 W skia    : AGTM parsing failed flags.readFromStream(s) at 159
08-20 23:40:39.889   477   577 W skia    : AGTM parsing failed flags.readFromStream(s) at 159
08-20 23:40:39.889   477   577 W skia    : AGTM parsing failed flags.readFromStream(s) at 159
08-20 23:40:39.889   477   577 W skia    : AGTM parsing failed flags.readFromStream(s) at 159
08-20 23:40:39.891   894   894 W BlurChoreographer: Multiple blur values emitted in the same frame
08-20 23:40:39.906   477   577 W skia    : AGTM parsing failed flags.readFromStream(s) at 159
08-20 23:40:39.906   477   577 W skia    : AGTM parsing failed flags.readFromStream(s) at 159
08-20 23:40:39.906   477   577 W skia    : AGTM parsing failed flags.readFromStream(s) at 159
08-20 23:40:39.906   477   577 W skia    : AGTM parsing failed flags.readFromStream(s) at 159
08-20 23:40:39.906   477   577 W skia    : AGTM parsing failed flags.readFromStream(s) at 159
08-20 23:40:39.906   477   577 W skia    : AGTM parsing failed flags.readFromStream(s) at 159
08-20 23:40:39.906   477   577 W skia    : AGTM parsing failed flags.readFromStream(s) at 159
08-20 23:40:39.906   477   577 W skia    : AGTM parsing failed flags.readFromStream(s) at 159
08-20 23:40:39.907   894  1177 D StatusBar##isHomeStatusBarAllowed: newValue: true
08-20 23:40:39.907   894  1177 D StatusBar##canShowOngoingActivityChips: newValue: true
08-20 23:40:39.907   894  1177 D StatusBar##chips: newValue: Chips[allowed=true numChips=0]
08-20 23:40:39.907   894   894 E NotifRow: Magnetic state changed from IDLE to IDLE on a null swiped listener, or the logging key of the listener is null
08-20 23:40:39.907   894  1176 D ShadeStatusBarComponentsInteractor#disableFlagsInteractor: newValue: DisableFlagsModel(disable1=0, disable2=0, animate=false)
08-20 23:40:39.908   894   894 D DepthController: appLaunchTransitionIsInProgress is now false from shade expansion event
08-20 23:40:39.909   894   894 V WindowManagerShell: Received remote transition finished callback for (#43)
08-20 23:40:39.909   894  1032 V WindowManagerShell: Transition animation finished (aborted=false), notifying core (#43) android.os.BinderProxy@d4f1e74@0
08-20 23:40:39.910   642   660 V WindowManager: Finish Transition (#43): created at 08-20 23:40:39.339 collect-started=0.008ms request-sent=0.788ms started=2.642ms ready=24.77ms sent=25.231ms commit=7.489ms finished=570.004ms
08-20 23:40:39.910   894  1249 D WallpaperService: onVisibilityChanged(false): com.android.systemui.wallpapers.ImageWallpaper$CanvasEngine@fc428c8
08-20 23:40:39.910  1043  1043 D VRI[NexusLauncherActivity]: visibilityChanged oldVisibility=true newVisibility=false
08-20 23:40:39.910   894  1032 V WindowManagerShell: Track 0 became idle
08-20 23:40:39.910   894  1032 V WindowManagerShell: All active transition animations finished
08-20 23:40:39.917   894   894 D DLObserver: remove listener: com.android.systemui.dock.DockManagerExtensionsKt$retrieveIsDocked$1$callback$1@ea4a112
08-20 23:40:39.917   894   894 D DLObserver: remove listener: com.android.systemui.dock.DockManagerExtensionsKt$retrieveIsDocked$1$callback$1@b1840e3
08-20 23:40:39.918   894   894 D DLObserver: remove listener: com.android.systemui.dock.DockManagerExtensionsKt$retrieveIsDocked$1$callback$1@1ece286
08-20 23:40:39.918   894   894 D DLObserver: remove listener: com.android.systemui.dock.DockManagerExtensionsKt$retrieveIsDocked$1$callback$1@3159b74
08-20 23:40:39.918   894   894 D DLObserver: remove listener: com.android.systemui.dock.DockManagerExtensionsKt$retrieveIsDocked$1$callback$1@8857747
08-20 23:40:39.918   894   894 D DLObserver: remove listener: com.android.systemui.dock.DockManagerExtensionsKt$retrieveIsDocked$1$callback$1@548b89d
08-20 23:40:39.919   894  1154 D ControlsListingControllerImpl: Unsubscribing callback
08-20 23:40:39.919   894  1154 D ControlsListingControllerImpl: Unsubscribing callback
08-20 23:40:39.919   894  1154 D ControlsListingControllerImpl: Unsubscribing callback
08-20 23:40:39.923  1043  1043 D SmartspaceInteractor: notifySmartspaceEvent: SmartspaceTargetEvent{mSmartspaceTarget=null, mSmartspaceActionId='null', mEventType=7}
08-20 23:40:39.925  1655  1820 I AiAiEcho: AmbientDataPredictorImpl No tracked ambient data found for ID: null; for event type: 7, skipping event processing.
08-20 23:40:39.931   894   894 D WindowOnBackDispatcher: setTopOnBackInvokedCallback (unwrapped): null
08-20 23:40:39.931   642   655 D CoreBackPreview: Window{f5ef045 u0 NotificationShade}: Setting back callback null
08-20 23:40:39.962   477   577 W skia    : AGTM parsing failed flags.readFromStream(s) at 159
08-20 23:40:40.043 12570 12570 D com.llfbandit.app_links: Intent { act=android.intent.action.MAIN cat=[android.intent.category.LAUNCHER] flg=0x30000000 xflg=0x4 cmp=com.izzes.nears/.MainActivity (has extras) }
08-20 23:40:40.058 12570 12620 I DynamiteModule: Considering local module com.google.android.gms.measurement.dynamite:185 and remote module com.google.android.gms.measurement.dynamite:202
08-20 23:40:40.058 12570 12620 I DynamiteModule: Selected remote version of com.google.android.gms.measurement.dynamite, version >= 202
08-20 23:40:40.058 12570 12620 V DynamiteModule: Dynamite loader version >= 2, using loadModule2NoCrashUtils
08-20 23:40:40.063   477   577 W skia    : AGTM parsing failed flags.readFromStream(s) at 159
08-20 23:40:40.064 12570 12620 W System  : ClassLoader referenced unknown path: 
08-20 23:40:40.065 12570 12620 D nativeloader: Configuring clns-10 for other apk . target_sdk_version=37, uses_libraries=, library_path=/data/app/~~2fXQ6-xyEWEbual6_5Wrig==/com.google.android.gms-_SBUxIWyP-163dk_5Uqnhw==/lib/arm64:/data/app/~~2fXQ6-xyEWEbual6_5Wrig==/com.google.android.gms-_SBUxIWyP-163dk_5Uqnhw==/base.apk!/lib/arm64-v8a, permitted_path=/data:/mnt/expand:/data/user/0/com.google.android.gms
08-20 23:40:40.086 12570 12570 D FLTFireContextHolder: received application context.
08-20 23:40:40.088 12570 12620 D DesktopExperienceFlags: Toggle override initialized to: false
08-20 23:40:40.099 12570 12570 D CompatChangeReporter: Compat change id reported: 377864165; UID 10252; state: ENABLED
08-20 23:40:40.105  1285 10115 I PhenotypeResourceReader: unable to find any Phenotype resource metadata for com.izzes.nears
08-20 23:40:40.108 12570 12625 I com.izzes.nears: hiddenapi: Accessing hidden method Ldalvik/system/VMStack;->getStackClass2()Ljava/lang/Class; (runtime_flags=0, domain=core-platform, api=unsupported) from Lm7/aqg; (domain=app, TargetSdkVersion=36) using reflection: allowed
08-20 23:40:40.111 12570 12570 D FlutterGeolocator: Attaching Geolocator to activity
08-20 23:40:40.119 12570 12570 D nativeloader: Load /data/app/~~Hyctd9N84K84AyUDoiF43Q==/com.izzes.nears-tWnyVgtaRDVqf71B5FpfIQ==/lib/arm64/libdartjni.so using class loader ns clns-9 (caller=/data/app/~~Hyctd9N84K84AyUDoiF43Q==/com.izzes.nears-tWnyVgtaRDVqf71B5FpfIQ==/base.apk!classes12.dex): ok
08-20 23:40:40.120 12570 12624 E com.izzes.nears: No package ID 6a found for resource ID 0x6a0b0013.
08-20 23:40:40.120 12570 12624 I FA      : App measurement initialized, version: 178008
08-20 23:40:40.120 12570 12624 I FA      : To enable debug logging run: adb shell setprop log.tag.FA VERBOSE
08-20 23:40:40.120 12570 12624 I FA      : To enable faster debug mode event logging run:
08-20 23:40:40.120 12570 12624 I FA      :   adb shell setprop debug.firebase.analytics.app com.izzes.nears
08-20 23:40:40.121 12570 12624 E FA      : Missing google_app_id. Firebase Analytics disabled. See https://goo.gl/NAOOOI
08-20 23:40:40.121 12570 12624 E FA      : Uploading is not possible. App measurement disabled
08-20 23:40:40.141 12570 12570 I com.izzes.nears: hiddenapi: Accessing hidden method Landroid/view/accessibility/AccessibilityNodeInfo;->getSourceNodeId()J (runtime_flags=0, domain=platform, api=unsupported,test-api) from Lio/flutter/view/AccessibilityViewEmbedder$ReflectionAccessors; (domain=app, TargetSdkVersion=36) using reflection: allowed
08-20 23:40:40.141 12570 12570 I com.izzes.nears: hiddenapi: Accessing hidden method Landroid/view/accessibility/AccessibilityRecord;->getSourceNodeId()J (runtime_flags=0, domain=platform, api=unsupported) from Lio/flutter/view/AccessibilityViewEmbedder$ReflectionAccessors; (domain=app, TargetSdkVersion=36) using reflection: allowed
08-20 23:40:40.141 12570 12570 I com.izzes.nears: hiddenapi: Accessing hidden field Landroid/view/accessibility/AccessibilityNodeInfo;->mChildNodeIds:Landroid/util/LongArray; (runtime_flags=0, domain=platform, api=unsupported) from Lio/flutter/view/AccessibilityViewEmbedder$ReflectionAccessors; (domain=app, TargetSdkVersion=36) using reflection: allowed
08-20 23:40:40.141 12570 12570 I com.izzes.nears: hiddenapi: Accessing hidden method Landroid/util/LongArray;->get(I)J (runtime_flags=0, domain=platform, api=unsupported) from Lio/flutter/view/AccessibilityViewEmbedder$ReflectionAccessors; (domain=app, TargetSdkVersion=36) using reflection: allowed
08-20 23:40:40.146 12570 12570 D FlutterRenderer: Width is zero. 0,0
08-20 23:40:40.148 12570 12570 D com.llfbandit.app_links: Intent { act=android.intent.action.MAIN cat=[android.intent.category.LAUNCHER] flg=0x10400000 xflg=0x4 pkg=com.izzes.nears cmp=com.izzes.nears/.MainActivity }
08-20 23:40:40.151 12570 12624 I FA      : Tag Manager is not found and thus will not be used
08-20 23:40:40.153 12570 12570 W HWUI    : Unknown dataspace 0
08-20 23:40:40.156 12570 12630 W libc    : Access denied finding property "vendor.mesa.virtgpu.kumquat"
08-20 23:40:40.161   642   923 D ActivityManager: sync unfroze 5388 com.google.android.gms for 6
08-20 23:40:40.163  5388  5388 D BoundBrokerSvc: onBind: Intent { act=com.google.android.gms.measurement.START xflg=0x4 pkg=com.google.android.gms }
08-20 23:40:40.163  5388  5388 D BoundBrokerSvc: Loading bound service for intent: Intent { act=com.google.android.gms.measurement.START xflg=0x4 pkg=com.google.android.gms }
08-20 23:40:40.164   642   869 W InputChannel-JNI: Channel already disposed.
08-20 23:40:40.165   642   923 W ProcessStats: Tracking association SourceState{1b7ee1a com.izzes.nears/10252 BTop #6463} whose proc state 2 is better than process ProcessState{510e987 com.google.android.gms/10227 pkg=com.google.android.gms} proc state 14 (0 skipped)
08-20 23:40:40.174   477   577 W skia    : AGTM parsing failed flags.readFromStream(s) at 159
08-20 23:40:40.249 12570 12570 D FlutterGeolocator: Creating service.
08-20 23:40:40.249 12570 12570 D FlutterGeolocator: Binding to location service.
08-20 23:40:40.249 12570 12570 D FlutterLocationService: Creating service.
08-20 23:40:40.251 12570 12570 D FlutterLocationService: Binding to location service.
08-20 23:40:40.253 12570 12570 D WindowOnBackDispatcher: setTopOnBackInvokedCallback (unwrapped): android.app.Activity$$ExternalSyntheticLambda0@dd8de82
08-20 23:40:40.253   642   923 D CoreBackPreview: Window{66b3d2f u0 com.izzes.nears/com.izzes.nears.MainActivity}: Setting back callback OnBackInvokedCallbackInfo{mCallback=android.window.IOnBackInvokedCallback$Stub$Proxy@7f87d4b, mPriority=-1, mIsAnimationCallback=false, mOverrideBehavior=0}
08-20 23:40:40.256 12570 12570 I WindowExtensionsImpl: Initializing Window Extensions, vendor API level=10, activity embedding enabled=true
08-20 23:40:40.258 12570 12570 W UiContextUtils: Requested context is a non-UI Context. Creating a UI-Context with display: 0. Context: Context=android.app.Application@6416cb8, of which baseContext=android.app.ContextImpl@d25a56
08-20 23:40:40.265 12570 12570 D VRI[MainActivity]: WindowInsets changed: 1344x2992 statusBars:[0,159,0,0] navigationBars:[0,0,0,72] mandatorySystemGestures:[0,195,0,96] 
08-20 23:40:40.265 12570 12570 D FlutterRenderer: Width is zero. 0,0
08-20 23:40:40.266   642   923 D WindowManager: setClientSurface Surface(name=VRI-com.izzes.nears/com.izzes.nears.MainActivity#563)/@0xc4889d4 for 66b3d2f com.izzes.nears/com.izzes.nears.MainActivity
08-20 23:40:40.267 12570 12570 I Surface : Creating surface for consumer unnamed-12570-0 with slotExpansion=1 for 64 slots
08-20 23:40:40.267 12570 12570 I Surface : Creating surface for consumer VRI[MainActivity]#0(BLAST Consumer)0 with slotExpansion=1 for 64 slots
08-20 23:40:40.268 12570 12570 D FlutterJNI: Sending viewport metrics to the engine.
08-20 23:40:40.269 12570 12575 I com.izzes.nears: Compiler allocated 5317KB to compile void android.view.ViewRootImpl.performTraversals(long)
08-20 23:40:40.271 12570 12570 I Surface : Creating surface for consumer unnamed-12570-1 with slotExpansion=1 for 64 slots
08-20 23:40:40.271 12570 12570 I Surface : Creating surface for consumer f543430 SurfaceView[com.izzes.nears/com.izzes.nears.MainActivity]#1(BLAST Consumer)1 with slotExpansion=1 for 64 slots
08-20 23:40:40.275   477   577 W skia    : AGTM parsing failed flags.readFromStream(s) at 159
08-20 23:40:40.375   477   577 W skia    : AGTM parsing failed flags.readFromStream(s) at 159
08-20 23:40:40.476   477   577 W skia    : AGTM parsing failed flags.readFromStream(s) at 159
08-20 23:40:40.525 12570 12591 W AnalyticsUserIDStore: initStore should have been called before calling setUserID
08-20 23:40:40.527 12570 12570 D FlutterGeolocator: Geolocator foreground service connected
08-20 23:40:40.527 12570 12570 D FlutterGeolocator: Initializing Geolocator services
08-20 23:40:40.527 12570 12570 D FlutterGeolocator: Flutter engine connected. Connected engine count 1
08-20 23:40:40.527 12570 12570 D LocationPlugin: Service connected: ComponentInfo{com.izzes.nears/com.lyokone.location.FlutterLocationService}
08-20 23:40:40.548 12570 12570 D WindowLayoutComponentImpl: Register WindowLayoutInfoListener on Context=com.izzes.nears.MainActivity@5b2820a, of which baseContext=android.app.ContextImpl@8d8c751
08-20 23:40:40.556 12570 12632 D FirebaseSessions: Dependency to CRASHLYTICS added.
08-20 23:40:40.556 12570 12570 D FlutterJNI: Sending viewport metrics to the engine.
08-20 23:40:40.558 12570 12632 I FirebaseApp: Device unlocked: initializing all Firebase APIs for app [DEFAULT]
08-20 23:40:40.562 12570 12632 I FirebaseCrashlytics: Initializing Firebase Crashlytics 20.0.6 for com.izzes.nears
08-20 23:40:40.571 12570 12632 D FirebaseSessions: Subscriber CRASHLYTICS registered.
08-20 23:40:40.577   477   577 W skia    : AGTM parsing failed flags.readFromStream(s) at 159
08-20 23:40:40.590   642   923 D FileUtils: Rounded bytes from 3155017728 to 4000000000
08-20 23:40:40.599 12570 12644 I FirebaseCrashlytics: No version control information found
08-20 23:40:40.600 12570 12632 D nativeloader: Load /data/app/~~Hyctd9N84K84AyUDoiF43Q==/com.izzes.nears-tWnyVgtaRDVqf71B5FpfIQ==/lib/arm64/libdatastore_shared_counter.so using class loader ns clns-9 (caller=/data/app/~~Hyctd9N84K84AyUDoiF43Q==/com.izzes.nears-tWnyVgtaRDVqf71B5FpfIQ==/base.apk!classes23.dex): ok
08-20 23:40:40.607 12570 12632 D FirebaseSessions: Initializing Firebase Sessions 3.0.6.
08-20 23:40:40.608 12570 12642 D FirebaseSessions: No Sessions subscribers. Not listening to lifecycle events.
08-20 23:40:40.615 12570 12645 D FirebaseSessions: Notified CRASHLYTICS of new session ef5d5818d6694251b884cae4fde327d5
08-20 23:40:40.661  1285  2488 I FontLog : (REDACTED) Received query %s, URI %s
08-20 23:40:40.661  1285  2488 I FontLog : (REDACTED) Query [%s] resolved to %s
08-20 23:40:40.664   642  1271 D FileUtils: Rounded bytes from 3155017728 to 4000000000
08-20 23:40:40.664  1285  2488 I FontLog : (REDACTED) Fetch %s end status %s
08-20 23:40:40.666  1285  2488 I FontLog : (REDACTED) Pulling font file for id = %d, cache size = %d
08-20 23:40:40.667 12570 12657 I HWUI    : Using FreeType backend (prop=Auto)
08-20 23:40:40.668  1285  2488 I FontLog : (REDACTED) Pulling font file for id = %d, cache size = %d
08-20 23:40:40.806 12570 12570 I flutter : 📊 analytics: app_open {}
08-20 23:40:40.847 12570 12570 I flutter : [INFO] msg="route: building splash route, hasData=false"
08-20 23:40:40.867 12570 12585 E com.facebook.GraphResponse: {HttpStatus: 400, errorCode: 190, subErrorCode: -1, errorType: OAuthException, errorMessage: Error validating application. Application has been deleted.}
08-20 23:40:40.877 12570 12591 E com.facebook.GraphResponse: {HttpStatus: 400, errorCode: 190, subErrorCode: -1, errorType: OAuthException, errorMessage: Error validating application. Application has been deleted.}
08-20 23:40:40.879 12570 12587 E com.facebook.GraphResponse: {HttpStatus: 400, errorCode: 190, subErrorCode: -1, errorType: OAuthException, errorMessage: Error validating application. Application has been deleted.}
08-20 23:40:40.882 12570 12586 E com.facebook.GraphResponse: {HttpStatus: 400, errorCode: 190, subErrorCode: -1, errorType: OAuthException, errorMessage: Error validating application. Application has been deleted.}
08-20 23:40:40.999 12570 12570 I flutter : [INFO] msg="route: navigating to splash screen"
08-20 23:40:41.006 12570 12570 I flutter : [INFO] msg="splash: location prefetch initiated"
08-20 23:40:41.033 12570 12570 I flutter : [NET] GET endpoint=/api/v1/customer/cart/list
08-20 23:40:41.044 12570 12587 E com.facebook.GraphResponse: {HttpStatus: 400, errorCode: 190, subErrorCode: -1, errorType: OAuthException, errorMessage: Error validating application. Application has been deleted.}
08-20 23:40:41.073   477   577 W skia    : AGTM parsing failed flags.readFromStream(s) at 159
08-20 23:40:41.175   642   660 I ActivityTaskManager: Displayed com.izzes.nears/.MainActivity for user 0: +1s836ms
08-20 23:40:41.175   642   660 I ActivityTaskManager: Fully drawn com.izzes.nears/.MainActivity: +1s836ms
08-20 23:40:41.191   477   577 W skia    : AGTM parsing failed flags.readFromStream(s) at 159
08-20 23:40:41.215 12570 12586 E com.facebook.GraphResponse: {HttpStatus: 400, errorCode: 190, subErrorCode: -1, errorType: OAuthException, errorMessage: Error validating application. Application has been deleted.}
08-20 23:40:41.253   642  1271 D ConnectivityService: requestNetwork for uid/pid:10252/12570 activeRequest: null callbackRequest: 494 [NetworkRequest [ REQUEST id=495, [ Capabilities: INTERNET&NOT_RESTRICTED&TRUSTED&NOT_VCN_MANAGED&NOT_BANDWIDTH_CONSTRAINED Uid: 10252 RequestorUid: 10252 RequestorPkg: com.izzes.nears UnderlyingNetworks: Null] ]] callback flags: 0 order: 2147483647 isUidTracked: false declaredMethods: AVAIL|LOST|NC
08-20 23:40:41.254   642   793 D WifiNetworkFactory: got request NetworkRequest [ REQUEST id=495, [ Capabilities: INTERNET&NOT_RESTRICTED&TRUSTED&NOT_VCN_MANAGED&NOT_BANDWIDTH_CONSTRAINED Uid: 10252 RequestorUid: 10252 RequestorPkg: com.izzes.nears UnderlyingNetworks: Null] ]
08-20 23:40:41.254   642   793 D UntrustedWifiNetworkFactory: got request NetworkRequest [ REQUEST id=495, [ Capabilities: INTERNET&NOT_RESTRICTED&TRUSTED&NOT_VCN_MANAGED&NOT_BANDWIDTH_CONSTRAINED Uid: 10252 RequestorUid: 10252 RequestorPkg: com.izzes.nears UnderlyingNetworks: Null] ]
08-20 23:40:41.254   642   793 D OemPaidWifiNetworkFactory: got request NetworkRequest [ REQUEST id=495, [ Capabilities: INTERNET&NOT_RESTRICTED&TRUSTED&NOT_VCN_MANAGED&NOT_BANDWIDTH_CONSTRAINED Uid: 10252 RequestorUid: 10252 RequestorPkg: com.izzes.nears UnderlyingNetworks: Null] ]
08-20 23:40:41.254   642   793 D MultiInternetWifiNetworkFactory: got request NetworkRequest [ REQUEST id=495, [ Capabilities: INTERNET&NOT_RESTRICTED&TRUSTED&NOT_VCN_MANAGED&NOT_BANDWIDTH_CONSTRAINED Uid: 10252 RequestorUid: 10252 RequestorPkg: com.izzes.nears UnderlyingNetworks: Null] ]
08-20 23:40:41.254   642   799 D ConnectivityService: NetReassign [495 : null → 108] [c 0] [a 0] [i 0]
08-20 23:40:41.254 12570 12624 E FA      : Missing google_app_id. Firebase Analytics disabled. See https://goo.gl/NAOOOI
08-20 23:40:41.285 12570 12570 I flutter : [NET] GET endpoint=/api/v1/config
08-20 23:40:41.291   477   577 W skia    : AGTM parsing failed flags.readFromStream(s) at 159
08-20 23:40:41.291   477   577 W skia    : AGTM parsing failed flags.readFromStream(s) at 159
08-20 23:40:41.291   477   577 W skia    : AGTM parsing failed flags.readFromStream(s) at 159
08-20 23:40:41.303   642   760 I ImeTracker: com.izzes.nears:799ebbe4: onRequestHide at ORIGIN_SERVER reason HIDE_UNSPECIFIED_WINDOW fromUser false userId 0 displayId 0
08-20 23:40:41.304  1542  1542 I SubtypeOperator: SubtypeOperator$1.onUnbindInput():43 
08-20 23:40:41.304  1542  1542 I SubtypeOperator: SubtypeOperator$1.onBindInput():33 
08-20 23:40:41.304   642  1271 D InputMethodManagerService: Attach new input but force hide
08-20 23:40:41.304   642  1271 I ImeTracker: com.izzes.nears:3110f73c: onRequestHide at ORIGIN_SERVER reason HIDE_SOFT_INPUT fromUser false userId 0 displayId 0
08-20 23:40:41.304   642  1271 I ImeTracker: com.izzes.nears:3110f73c: onCancelled at PHASE_SERVER_SHOULD_HIDE
08-20 23:40:41.304  1542  1542 I GoogleInputMethodService: GoogleInputMethodService.onFinishInput():2361 
08-20 23:40:41.304   642  1271 W InputChannel-JNI: Channel already disposed.
08-20 23:40:41.305  1542  1542 I GoogleInputMethodService: GoogleInputMethodService.onStartInput():1532 onStartInput(EditorInfo{EditorInfo{packageName=com.izzes.nears, inputType=0, inputTypeString=NULL, enableLearning=false, autoCorrection=false, autoComplete=false, imeOptions=0, privateImeOptions=null, actionName=UNSPECIFIED, actionLabel=null, initialSelStart=-1, initialSelEnd=-1, initialCapsMode=0, label=null, fieldId=0, fieldName=null, extras=null, hintText=null, hintLocales=[]}}, false)
08-20 23:40:41.305  1542  1542 I LatinIMEBase: LatinIMEBase.updateInputViewCoverNavigation():316 Update input view padding, isNavbarOverInputWindow=true, bottom inset=144
08-20 23:40:41.305   642   923 I ImeTracker: system_server:dbcbd537: onRequestHide at ORIGIN_SERVER reason IME_REQUESTED_CHANGED_LISTENER fromUser false displayId 0
08-20 23:40:41.306   642   663 I ImeTracker: system_server:dbcbd537: onCancelled at PHASE_SERVER_SHOULD_HIDE
08-20 23:40:41.308  1542 12396 I Module  : DeviceLockedStatusModuleProvider$Module.updateDeviceLockedStatusInternal():119 repeatCheckTimes = 0, locked = false
08-20 23:40:41.308   642  1271 W PackageConfigPersister: App-specific configuration not found for packageName: com.izzes.nears and userId: 0
08-20 23:40:41.308  1542 12396 I Module  : DeviceLockedStatusModuleProvider$Module.updateDeviceLockedStatusInternal():119 repeatCheckTimes = 1, locked = false
08-20 23:40:41.323  5388 12675 I GmscoreIpa: Starting mediastore instant index [CONTEXT service_id=255 ]
08-20 23:40:41.327 12570 12570 I FLTFireBGExecutor: Creating background FlutterEngine instance, with args: [--enable-dart-profiling]
08-20 23:40:41.332 12570 12677 W libc    : Access denied finding property "vendor.mesa.virtgpu.kumquat"
08-20 23:40:41.335 12570 12570 D FLTFireContextHolder: received application context.
08-20 23:40:41.336 12570 12677 I flutter : [IMPORTANT:flutter/shell/platform/android/android_context_gl_impeller.cc(104)] Using the Impeller rendering backend (OpenGLES).
08-20 23:40:41.337 12570 12678 W libc    : Access denied finding property "vendor.mesa.virtgpu.kumquat"
08-20 23:40:41.391   477   577 W skia    : AGTM parsing failed flags.readFromStream(s) at 159
08-20 23:40:41.391   477   577 W skia    : AGTM parsing failed flags.readFromStream(s) at 159
08-20 23:40:41.391   477   577 W skia    : AGTM parsing failed flags.readFromStream(s) at 159
08-20 23:40:41.403 12570 12586 E com.facebook.GraphResponse: {HttpStatus: 400, errorCode: 190, subErrorCode: -1, errorType: OAuthException, errorMessage: Error validating application. Application has been deleted.}
08-20 23:40:41.454 12570 12585 E com.facebook.GraphResponse: {HttpStatus: 400, errorCode: 190, subErrorCode: -1, errorType: OAuthException, errorMessage: Error validating application. Application has been deleted.}
08-20 23:40:41.475  1043  1043 D BaseActivity: Launcher flags updated: [] -[state_started]
08-20 23:40:41.475  1043  1043 D BaseDepthController: setSurface:
08-20 23:40:41.475  1043  1043 D BaseDepthController: 	mWaitingOnSurfaceValidity: false
08-20 23:40:41.475  1043  1043 D BaseDepthController: 	mBaseSurface: null
08-20 23:40:41.475  1043  1043 D BaseDepthController: mSurface is null and mCurrentBlur is: 0
08-20 23:40:41.475   519   552 W libbinder.IPCThreadState: Sending oneway calls to frozen process.
08-20 23:40:41.475  1043  1043 D LauncherStateManager: StateManager.goToState: fromState: Normal, toState: Normal, partial trace:
08-20 23:40:41.475  1043  1043 D LauncherStateManager: 	at com.android.launcher3.statemanager.StateManager.moveToRestState(go/retraceme 4b96215a9d9b4c1494121442fbf9d6e89857c91e1d76ddcc689701971259418a:26)
08-20 23:40:41.475  1043  1043 D LauncherStateManager: 	at com.android.launcher3.statemanager.StateManager.moveToRestState(go/retraceme 4b96215a9d9b4c1494121442fbf9d6e89857c91e1d76ddcc689701971259418a:35)
08-20 23:40:41.475  1043  1043 D LauncherStateManager: 	at com.android.launcher3.statemanager.StatefulActivity.onStop(go/retraceme 4b96215a9d9b4c1494121442fbf9d6e89857c91e1d76ddcc689701971259418a:31)
08-20 23:40:41.476  1043  1043 D LauncherStateManager: StateManager.onRepeatStateSetAborted: state: Normal
08-20 23:40:41.476  1043  1043 D KeyboardStateManager: hideKeyboard
08-20 23:40:41.476  1043  1043 D KeyboardStateManager: isImeShown: false
08-20 23:40:41.476  1043  1043 D StatsLog: LAUNCHER_ONSTOP
08-20 23:40:41.476  1043  1043 D StatsLog: LAUNCHER_GOOGLE_SEARCH_RESTORE_LIST_SIZE_AFTER_ACTIVITY_RESTART
08-20 23:40:41.491   477   577 W skia    : AGTM parsing failed flags.readFromStream(s) at 159
08-20 23:40:41.491   477   577 W skia    : AGTM parsing failed flags.readFromStream(s) at 159
08-20 23:40:41.491   477   577 W skia    : AGTM parsing failed flags.readFromStream(s) at 159
08-20 23:40:41.504  1043  1052 W System  : A resource failed to call release. 
08-20 23:40:41.504  1043  1052 W System  : A resource failed to call release. 
08-20 23:40:41.504  1043  1052 W System  : A resource failed to call release. 
08-20 23:40:41.529   894   902 W System  : A resource failed to call release. 
08-20 23:40:41.529   894   902 W System  : A resource failed to call release. 
08-20 23:40:41.529   894   902 W System  : A resource failed to call release. 
08-20 23:40:41.529   894   902 W System  : A resource failed to call release. 
08-20 23:40:41.529   894   902 W System  : A resource failed to call release. 
08-20 23:40:41.529   894   902 W System  : A resource failed to call release. 
08-20 23:40:41.529   894   902 W System  : A resource failed to call release. 
08-20 23:40:41.529   894   902 W System  : A resource failed to call release. 
08-20 23:40:41.571 12570 12570 D InsetsController: hide(ime())
08-20 23:40:41.572 12570 12570 I ImeTracker: com.izzes.nears:799ebbe4: onCancelled at PHASE_CLIENT_ALREADY_HIDDEN
08-20 23:40:41.582 12570 12570 D FlutterGeolocator: Geolocator foreground service connected
08-20 23:40:41.582 12570 12570 D FlutterGeolocator: Initializing Geolocator services
08-20 23:40:41.582 12570 12570 D FlutterGeolocator: Flutter engine connected. Connected engine count 2
08-20 23:40:41.584 12570 12570 I FLTFireMsgService: FlutterFirebaseMessagingBackgroundService started!
08-20 23:40:41.591   477   577 W skia    : AGTM parsing failed flags.readFromStream(s) at 159
08-20 23:40:41.591   477   577 W skia    : AGTM parsing failed flags.readFromStream(s) at 159
08-20 23:40:41.591   477   577 W skia    : AGTM parsing failed flags.readFromStream(s) at 159
08-20 23:40:41.595  1285 10115 I FusedLocation: stationary throttling disengaged [CONTEXT service_id=6 ]
08-20 23:40:41.597  1285 12681 I FusedOrientationManager: Registering orientation client. [CONTEXT service_id=6 ]
08-20 23:40:41.601  1285  2023 W Looper  : Looper already prepared for this thread with a different value for the LOOPER_PREPARE_ALLOW_NON_CALLBACKS option.
08-20 23:40:41.647 12570 12570 I flutter : [NET] endpoint=/api/v1/customer/cart/list http_status=200
08-20 23:40:41.692   477   577 W skia    : AGTM parsing failed flags.readFromStream(s) at 159
08-20 23:40:41.692   477   577 W skia    : AGTM parsing failed flags.readFromStream(s) at 159
08-20 23:40:41.733 12570 12570 I flutter : [NET] endpoint=/api/v1/config http_status=200
08-20 23:40:41.748 12570 12570 I flutter : [INFO] msg="splash: deeplink resolved canRoute=true"
08-20 23:40:41.748 12570 12570 I flutter : [INFO] msg="splash: routing"
08-20 23:40:41.749 12570 12570 I flutter : [NET] GET endpoint=/api/v1/config/get-zone-id
08-20 23:40:41.750 12570 12570 I flutter : [NET] GET endpoint=/api/v1/module
08-20 23:40:41.756 12570 12585 E com.facebook.GraphResponse: {HttpStatus: 400, errorCode: 190, subErrorCode: -1, errorType: OAuthException, errorMessage: Error validating application. Application has been deleted.}
08-20 23:40:41.763 12570 12570 I flutter : [INFO] msg="FCM registration id obtained"
08-20 23:40:41.764 12570 12570 I flutter : [NET] POST endpoint=/api/v1/customer/cm-firebase-token
08-20 23:40:41.792   477   577 W skia    : AGTM parsing failed flags.readFromStream(s) at 159
08-20 23:40:41.792   477   577 W skia    : AGTM parsing failed flags.readFromStream(s) at 159
08-20 23:40:41.893   477   577 W skia    : AGTM parsing failed flags.readFromStream(s) at 159
08-20 23:40:41.893   477   577 W skia    : AGTM parsing failed flags.readFromStream(s) at 159
08-20 23:40:41.923   642   793 I HalDevMgr: bestIfaceCreationProposal is null, requestIface=STA, existingIface=[name=wlan0 type=STA]
08-20 23:40:41.993   477   577 W skia    : AGTM parsing failed flags.readFromStream(s) at 159
08-20 23:40:41.993   477   577 W skia    : AGTM parsing failed flags.readFromStream(s) at 159
08-20 23:40:42.094   477   577 W skia    : AGTM parsing failed flags.readFromStream(s) at 159
08-20 23:40:42.094   477   577 W skia    : AGTM parsing failed flags.readFromStream(s) at 159
08-20 23:40:42.176  1028  1186 D SatelliteController: isInCarrierRoamingNbIotNtn: satellite is disabled
08-20 23:40:42.177  1028  1186 D SatelliteController: getCarrierRoamingNtnConnectType: Checking connect type from PLMN config for subId: 1
08-20 23:40:42.177  1028  1186 D TelephonyConfigUpdateInstallReceiver: getConfigParser: domain=satellite
08-20 23:40:42.177  1028  1186 V SatelliteController: satelliteConfigParser is not ready
08-20 23:40:42.177  1028  1186 D SatelliteController: isSatelliteAttachSupportedViaConfigupdater: return null (satelliteConfig is null)
08-20 23:40:42.177  1028  1186 D SatelliteController: getSatellitePerPlmnConfiguration: invalid subId or not supported via carrier.
08-20 23:40:42.177  1028  1186 D SatelliteController: getCarrierRoamingNtnConnectType: config: null
08-20 23:40:42.177  1028  1186 D TelephonyConfigUpdateInstallReceiver: getConfigParser: domain=satellite
08-20 23:40:42.177   642   923 W libbinder.IPCThreadState: Sending oneway calls to frozen process.
08-20 23:40:42.177  1028  1186 V SatelliteController: satelliteConfigParser is not ready
08-20 23:40:42.177  1028  1186 D SatelliteController: getCarrierRoamingNtnConnectTypeViaConfigUpdater: return null (satelliteConfig is null)
08-20 23:40:42.177  1028  1186 D SatelliteController: getCarrierRoamingNtnConnectType: Falling back to global carrier config connect type: 0
08-20 23:40:42.177  1028  1186 D TelephonyConfigUpdateInstallReceiver: getConfigParser: domain=satellite
08-20 23:40:42.177  1028  1186 V SatelliteController: satelliteConfigParser is not ready
08-20 23:40:42.177  1028  1186 D SatelliteController: isSatelliteAttachSupportedViaConfigupdater: return null (satelliteConfig is null)
08-20 23:40:42.177  1028  1186 D SatelliteController: getCarrierRoamingNtnConnectType: Checking connect type from PLMN config for subId: 1
08-20 23:40:42.177  1028  1186 D TelephonyConfigUpdateInstallReceiver: getConfigParser: domain=satellite
08-20 23:40:42.177  1028  1186 V SatelliteController: satelliteConfigParser is not ready
08-20 23:40:42.177  1028  1186 D SatelliteController: isSatelliteAttachSupportedViaConfigupdater: return null (satelliteConfig is null)
08-20 23:40:42.177  1028  1186 D SatelliteController: getSatellitePerPlmnConfiguration: invalid subId or not supported via carrier.
08-20 23:40:42.177  1028  1186 D SatelliteController: getCarrierRoamingNtnConnectType: config: null
08-20 23:40:42.177  1028  1186 D TelephonyConfigUpdateInstallReceiver: getConfigParser: domain=satellite
08-20 23:40:42.177  1028  1186 V SatelliteController: satelliteConfigParser is not ready
08-20 23:40:42.177  1028  1186 D SatelliteController: getCarrierRoamingNtnConnectTypeViaConfigUpdater: return null (satelliteConfig is null)
08-20 23:40:42.177  1028  1186 D SatelliteController: getCarrierRoamingNtnConnectType: Falling back to global carrier config connect type: 0
08-20 23:40:42.177  1028  1186 D TelephonyConfigUpdateInstallReceiver: getConfigParser: domain=satellite
08-20 23:40:42.177  1028  1186 V SatelliteController: satelliteConfigParser is not ready
08-20 23:40:42.177  1028  1186 D SatelliteController: isSatelliteAttachSupportedViaConfigupdater: return null (satelliteConfig is null)
08-20 23:40:42.195   477   577 W skia    : AGTM parsing failed flags.readFromStream(s) at 159
08-20 23:40:42.195   477   577 W skia    : AGTM parsing failed flags.readFromStream(s) at 159
08-20 23:40:42.295   477   577 W skia    : AGTM parsing failed flags.readFromStream(s) at 159
08-20 23:40:42.295   477   577 W skia    : AGTM parsing failed flags.readFromStream(s) at 159
08-20 23:40:42.343   642  1779 E TaskPersister: File error accessing recents directory (directory doesn't exist?).
08-20 23:40:42.375   432  5048 D android.hardware.audio@7.1-impl.ranchu: threadLoop: entering standby, frames: 5542272
08-20 23:40:42.375   432  5048 D android.hardware.audio@7.1-impl.ranchu: ~TinyalsaSink: joining consumeThread
08-20 23:40:42.375   432 12569 D android.hardware.audio@7.1-impl.ranchu: consumeThread: exiting
08-20 23:40:42.375   432  5048 D android.hardware.audio@7.1-impl.ranchu: ~TinyalsaSink: stopping PCM stream
08-20 23:40:42.421   477   577 W skia    : AGTM parsing failed flags.readFromStream(s) at 159
08-20 23:40:42.421   477   577 W skia    : AGTM parsing failed flags.readFromStream(s) at 159
08-20 23:40:42.524   477   577 W skia    : AGTM parsing failed flags.readFromStream(s) at 159
08-20 23:40:42.524   477   577 W skia    : AGTM parsing failed flags.readFromStream(s) at 159
08-20 23:40:42.624   477   577 W skia    : AGTM parsing failed flags.readFromStream(s) at 159
08-20 23:40:42.624   477   577 W skia    : AGTM parsing failed flags.readFromStream(s) at 159
08-20 23:40:42.724   477   577 W skia    : AGTM parsing failed flags.readFromStream(s) at 159
08-20 23:40:42.724   477   577 W skia    : AGTM parsing failed flags.readFromStream(s) at 159
08-20 23:40:42.764 12570 12570 I flutter : [NET] endpoint=/api/v1/customer/cm-firebase-token http_status=200
08-20 23:40:42.765 12570 12570 I flutter : [NET] endpoint=/api/v1/config/get-zone-id http_status=200
08-20 23:40:42.767 12570 12570 I flutter : [INFO] msg="location: inZone=true"
08-20 23:40:42.773 12570 12570 I flutter : [NET] endpoint=/api/v1/module http_status=200
08-20 23:40:42.779 12570 12570 I flutter : 📊 analytics: sectors_shown {sectors_count: 3, zone_id: 1}
08-20 23:40:42.786 12570 12624 E FA      : Missing google_app_id. Firebase Analytics disabled. See https://goo.gl/NAOOOI
08-20 23:40:42.790 12570 12570 I flutter : [INFO] msg="route: initial route module=grocery-food"
08-20 23:40:42.790 12570 12570 I flutter : [INFO] msg="route: waiting for module=grocery-food"
08-20 23:40:42.791 12570 12570 I flutter : [INFO] msg="route: checkModuleId configNull=false hasAddress=true fromDeeplink=false"
08-20 23:40:42.791 12570 12570 I flutter : [INFO] msg="route: not from deeplink, skipping module fetch"
08-20 23:40:42.792 12570 12570 I flutter : [INFO] msg="route: module future state=ConnectionState.waiting hasData=false hasError=false"
08-20 23:40:42.801 12570 12570 D WindowOnBackDispatcher: setTopOnBackInvokedCallback (unwrapped): io.flutter.embedding.android.FlutterActivity$1@8f14744
08-20 23:40:42.801   642   869 D CoreBackPreview: Window{66b3d2f u0 com.izzes.nears/com.izzes.nears.MainActivity}: Setting back callback OnBackInvokedCallbackInfo{mCallback=android.window.IOnBackInvokedCallback$Stub$Proxy@ca3d4a6, mPriority=0, mIsAnimationCallback=true, mOverrideBehavior=0}
08-20 23:40:42.807 12570 12570 I flutter : [INFO] msg="route: module future state=ConnectionState.done hasData=false hasError=false"
08-20 23:40:42.810 12570 12570 I flutter : [NET] GET endpoint=/api/v1/customer/order/running-orders
08-20 23:40:42.811 12570 12570 I flutter : [NET] GET endpoint=/api/v1/customer/order/payment-failed
08-20 23:40:42.824   477   577 W skia    : AGTM parsing failed flags.readFromStream(s) at 159
08-20 23:40:42.824   477   577 W skia    : AGTM parsing failed flags.readFromStream(s) at 159
08-20 23:40:42.840 12570 12570 I flutter : [INFO] msg="home load started"
08-20 23:40:42.964 12570 12570 I flutter : [NET] GET endpoint=/api/v1/config/get-zone-id
08-20 23:40:43.002   880   880 I wpa_supplicant: wlan0: CTRL-EVENT-BEACON-LOSS 
08-20 23:40:43.007   477   577 W skia    : AGTM parsing failed flags.readFromStream(s) at 159
08-20 23:40:43.007   477   577 W skia    : AGTM parsing failed flags.readFromStream(s) at 159
08-20 23:40:43.108   477   577 W skia    : AGTM parsing failed flags.readFromStream(s) at 159
08-20 23:40:43.108   477   577 W skia    : AGTM parsing failed flags.readFromStream(s) at 159
08-20 23:40:43.128 12570 12570 I flutter : [NET] endpoint=/api/v1/config/get-zone-id http_status=200
08-20 23:40:43.128 12570 12570 I flutter : [INFO] msg="location: inZone=true"
08-20 23:40:43.133 12570 12570 I flutter : [NET] GET endpoint=/api/v1/customer/info
08-20 23:40:43.209   477   577 W skia    : AGTM parsing failed flags.readFromStream(s) at 159
08-20 23:40:43.209   477   577 W skia    : AGTM parsing failed flags.readFromStream(s) at 159
08-20 23:40:43.310   477   577 W skia    : AGTM parsing failed flags.readFromStream(s) at 159
08-20 23:40:43.310   477   577 W skia    : AGTM parsing failed flags.readFromStream(s) at 159
08-20 23:40:43.360 12570 12570 I flutter : [NET] endpoint=/api/v1/customer/order/running-orders http_status=200
08-20 23:40:43.411   477   577 W skia    : AGTM parsing failed flags.readFromStream(s) at 159
08-20 23:40:43.411   477   577 W skia    : AGTM parsing failed flags.readFromStream(s) at 159
08-20 23:40:43.445 12570 12570 I flutter : [NET] endpoint=/api/v1/customer/order/payment-failed http_status=200
08-20 23:40:43.511   477   577 W skia    : AGTM parsing failed flags.readFromStream(s) at 159
08-20 23:40:43.511   477   577 W skia    : AGTM parsing failed flags.readFromStream(s) at 159
08-20 23:40:43.530 12570 12570 I flutter : [NET] endpoint=/api/v1/customer/info http_status=200
08-20 23:40:43.532 12570 12570 I flutter : [NET] GET endpoint=/api/v1/customer/notifications
08-20 23:40:43.533 12570 12570 I flutter : [NET] GET endpoint=/api/v1/coupon/list
08-20 23:40:43.534 12570 12570 I flutter : [NET] GET endpoint=/api/v1/banners
08-20 23:40:43.536 12570 12570 I flutter : [NET] GET endpoint=/api/v1/customer/address/list
08-20 23:40:43.540 12570 12570 I flutter : [NET] GET endpoint=/api/v1/module
08-20 23:40:43.541 12570 12570 I flutter : [NET] GET endpoint=/api/v1/stores/get-stores/all
08-20 23:40:43.612   477   577 W skia    : AGTM parsing failed flags.readFromStream(s) at 159
08-20 23:40:43.612   477   577 W skia    : AGTM parsing failed flags.readFromStream(s) at 159
08-20 23:40:43.713   477   577 W skia    : AGTM parsing failed flags.readFromStream(s) at 159
08-20 23:40:43.713   477   577 W skia    : AGTM parsing failed flags.readFromStream(s) at 159
08-20 23:40:43.813   477   577 W skia    : AGTM parsing failed flags.readFromStream(s) at 159
08-20 23:40:43.813   477   577 W skia    : AGTM parsing failed flags.readFromStream(s) at 159
08-20 23:40:43.913   477   577 W skia    : AGTM parsing failed flags.readFromStream(s) at 159
08-20 23:40:43.913   477   577 W skia    : AGTM parsing failed flags.readFromStream(s) at 159
08-20 23:40:44.013   477   577 W skia    : AGTM parsing failed flags.readFromStream(s) at 159
08-20 23:40:44.013   477   577 W skia    : AGTM parsing failed flags.readFromStream(s) at 159
08-20 23:40:44.114   477   577 W skia    : AGTM parsing failed flags.readFromStream(s) at 159
08-20 23:40:44.114   477   577 W skia    : AGTM parsing failed flags.readFromStream(s) at 159
08-20 23:40:44.214   477   577 W skia    : AGTM parsing failed flags.readFromStream(s) at 159
08-20 23:40:44.214   477   577 W skia    : AGTM parsing failed flags.readFromStream(s) at 159
08-20 23:40:44.315   477   577 W skia    : AGTM parsing failed flags.readFromStream(s) at 159
08-20 23:40:44.315   477   577 W skia    : AGTM parsing failed flags.readFromStream(s) at 159
08-20 23:40:44.415   477   577 W skia    : AGTM parsing failed flags.readFromStream(s) at 159
08-20 23:40:44.415   477   577 W skia    : AGTM parsing failed flags.readFromStream(s) at 159
08-20 23:40:44.516   477   577 W skia    : AGTM parsing failed flags.readFromStream(s) at 159
08-20 23:40:44.516   477   577 W skia    : AGTM parsing failed flags.readFromStream(s) at 159
08-20 23:40:44.533 12570 12570 I flutter : [NET] endpoint=/api/v1/customer/notifications http_status=200
08-20 23:40:44.543 12570 12570 I flutter : [NET] endpoint=/api/v1/coupon/list http_status=200
08-20 23:40:44.560 12570 12570 I flutter : [NET] endpoint=/api/v1/stores/get-stores/all http_status=200
08-20 23:40:44.618   477   577 W skia    : AGTM parsing failed flags.readFromStream(s) at 159
08-20 23:40:44.618   477   577 W skia    : AGTM parsing failed flags.readFromStream(s) at 159
08-20 23:40:44.632 12570 12570 I flutter : [NET] endpoint=/api/v1/banners http_status=200
08-20 23:40:44.696  1285  1285 D BoundBrokerSvc: onUnbind: Intent { act=com.google.android.gms.common.telemetry.service.START dat=chimera-action:/... xflg=0x4 cmp=com.google.android.gms/.chimera.PersistentApiService }
08-20 23:40:44.724   477   577 W skia    : AGTM parsing failed flags.readFromStream(s) at 159
08-20 23:40:44.724   477   577 W skia    : AGTM parsing failed flags.readFromStream(s) at 159
08-20 23:40:44.726 12570 12570 I flutter : [NET] endpoint=/api/v1/customer/address/list http_status=200
08-20 23:40:44.824   477   577 W skia    : AGTM parsing failed flags.readFromStream(s) at 159
08-20 23:40:44.824   477   577 W skia    : AGTM parsing failed flags.readFromStream(s) at 159
08-20 23:40:44.826 12570 12570 I flutter : [NET] endpoint=/api/v1/module http_status=200
08-20 23:40:44.925   477   577 W skia    : AGTM parsing failed flags.readFromStream(s) at 159
08-20 23:40:44.925   477   577 W skia    : AGTM parsing failed flags.readFromStream(s) at 159
08-20 23:40:44.927   642   793 I HalDevMgr: bestIfaceCreationProposal is null, requestIface=STA, existingIface=[name=wlan0 type=STA]
08-20 23:40:45.026   477   577 W skia    : AGTM parsing failed flags.readFromStream(s) at 159
08-20 23:40:45.026   477   577 W skia    : AGTM parsing failed flags.readFromStream(s) at 159
08-20 23:40:45.057 12570 12690 D ProfileInstaller: Installing profile for com.izzes.nears
08-20 23:40:45.126   477   577 W skia    : AGTM parsing failed flags.readFromStream(s) at 159
08-20 23:40:45.126   477   577 W skia    : AGTM parsing failed flags.readFromStream(s) at 159
08-20 23:40:45.192  1285  2023 I FusedLocation: (REDACTED) location delivery to %s blocked - too close
08-20 23:40:45.193  1285  2023 I FusedLocation: (REDACTED) location delivery to %s blocked - too close
08-20 23:40:45.193  1285  2023 I FusedLocation: (REDACTED) location delivery to %s blocked - too close
08-20 23:40:45.195  5388  5388 D BoundBrokerSvc: onBind: Intent { act=com.google.android.gms.auth.service.START xflg=0x4 pkg=com.google.android.gms }
08-20 23:40:45.195  5388  5388 D BoundBrokerSvc: Loading bound service for intent: Intent { act=com.google.android.gms.auth.service.START xflg=0x4 pkg=com.google.android.gms }
08-20 23:40:45.200  1285 10115 I FusedLocation: (REDACTED) stationary throttling engaged @%s
08-20 23:40:45.202 12570 12570 I flutter : [INFO] msg="location: within 1km of selected address: true"
08-20 23:40:45.202 12570 12570 I flutter : [INFO] msg="splash: location prefetch completed"
08-20 23:40:45.202  1285  3402 W GLSUser : [DeviceKeyStore] Cannot load key: Device key file not found.
08-20 23:40:45.202  1285 12681 I FusedOrientationManager: Unregistering orientation client. [CONTEXT service_id=6 ]
08-20 23:40:45.203   642   660 W AlarmManager: Unrecognized alarm listener com.android.server.location.gnss.GnssLocationProvider$$ExternalSyntheticLambda14@1f94afb
08-20 23:40:45.203   642   660 W AlarmManager: Unrecognized alarm listener com.android.server.location.gnss.GnssLocationProvider$$ExternalSyntheticLambda13@51f9718
08-20 23:40:45.211   642   869 D ActivityManager: sync unfroze 3099 com.google.android.gms.unstable for 6
08-20 23:40:45.227   477   577 W skia    : AGTM parsing failed flags.readFromStream(s) at 159
08-20 23:40:45.227   477   577 W skia    : AGTM parsing failed flags.readFromStream(s) at 159
08-20 23:40:45.244  3099  3317 W libc    : Access denied finding property "persist.adb.tls_server.enable"
08-20 23:40:45.244  3099  3317 W libc    : Access denied finding property "service.adb.tls.port"
08-20 23:40:45.246   642  1975 D FileUtils: Rounded bytes from 3155017728 to 4000000000
08-20 23:40:45.249  1285  3402 W GmsUrlRequestImpl: [https://android.googleapis.com/auth/devicekey] Content-Type header is overwritten.
08-20 23:40:45.327   477   577 W skia    : AGTM parsing failed flags.readFromStream(s) at 159
08-20 23:40:45.327   477   577 W skia    : AGTM parsing failed flags.readFromStream(s) at 159
08-20 23:40:45.427   477   577 W skia    : AGTM parsing failed flags.readFromStream(s) at 159
08-20 23:40:45.427   477   577 W skia    : AGTM parsing failed flags.readFromStream(s) at 159
08-20 23:40:45.528   477   577 W skia    : AGTM parsing failed flags.readFromStream(s) at 159
08-20 23:40:45.528   477   577 W skia    : AGTM parsing failed flags.readFromStream(s) at 159
08-20 23:40:45.629   477   577 W skia    : AGTM parsing failed flags.readFromStream(s) at 159
08-20 23:40:45.629   477   577 W skia    : AGTM parsing failed flags.readFromStream(s) at 159
08-20 23:40:45.729   477   577 W skia    : AGTM parsing failed flags.readFromStream(s) at 159
08-20 23:40:45.730   477   577 W skia    : AGTM parsing failed flags.readFromStream(s) at 159
08-20 23:40:45.830   477   577 W skia    : AGTM parsing failed flags.readFromStream(s) at 159
08-20 23:40:45.830   477   577 W skia    : AGTM parsing failed flags.readFromStream(s) at 159
08-20 23:40:45.930  1285  3402 W GLSUser : [AppCertManager] Exception while requesting key: 
08-20 23:40:45.930  1285  3402 W GLSUser : java.util.concurrent.ExecutionException: dgcw: Parsing Exception
08-20 23:40:45.930  1285  3402 W GLSUser : 	at huwh.j(:com.google.android.gms@262932035@26.29.32 (260400-956293556):21)
08-20 23:40:45.930  1285  3402 W GLSUser : 	at huwq.t(:com.google.android.gms@262932035@26.29.32 (260400-956293556):73)
08-20 23:40:45.930  1285  3402 W GLSUser : 	at anlt.b(:com.google.android.gms@262932035@26.29.32 (260400-956293556):441)
08-20 23:40:45.930  1285  3402 W GLSUser : 	at anlr.a(:com.google.android.gms@262932035@26.29.32 (260400-956293556):67)
08-20 23:40:45.930  1285  3402 W GLSUser : 	at anlr.dispatchTransaction(:com.google.android.gms@262932035@26.29.32 (260400-956293556):16)
08-20 23:40:45.930  1285  3402 W GLSUser : 	at cfsw.a(:com.google.android.gms@262932035@26.29.32 (260400-956293556):69)
08-20 23:40:45.930  1285  3402 W GLSUser : 	at aahx.onTransact(:com.google.android.gms@262932035@26.29.32 (260400-956293556):23)
08-20 23:40:45.930  1285  3402 W GLSUser : 	at android.os.Binder.transact(Binder.java:1230)
08-20 23:40:45.930  1285  3402 W GLSUser : 	at cvhq.onTransact(:com.google.android.gms@262932035@26.29.32 (260400-956293556):12)
08-20 23:40:45.930  1285  3402 W GLSUser : 	at android.os.Binder.transact(Binder.java:1230)
08-20 23:40:45.930  1285  3402 W GLSUser : 	at cftl.onTransact(:com.google.android.gms@262932035@26.29.32 (260400-956293556):169)
08-20 23:40:45.930  1285  3402 W GLSUser : 	at android.os.Binder.execTransactInternal(Binder.java:1364)
08-20 23:40:45.930  1285  3402 W GLSUser : 	at android.os.Binder.execTransact(Binder.java:1323)
08-20 23:40:45.930  1285  3402 W GLSUser : Caused by: dgcw: Parsing Exception
08-20 23:40:45.930  1285  3402 W GLSUser : 	at dgea.jh(:com.google.android.gms@262932035@26.29.32 (260400-956293556):15)
08-20 23:40:45.930  1285  3402 W GLSUser : 	at huzd.run(:com.google.android.gms@262932035@26.29.32 (260400-956293556):56)
08-20 23:40:45.930  1285  3402 W GLSUser : 	at bmiw.c(:com.google.android.gms@262932035@26.29.32 (260400-956293556):50)
08-20 23:40:45.930  1285  3402 W GLSUser : 	at bmiw.run(:com.google.android.gms@262932035@26.29.32 (260400-956293556):90)
08-20 23:40:45.930  1285  3402 W GLSUser : 	at java.util.concurrent.ThreadPoolExecutor.runWorker(ThreadPoolExecutor.java:1100)
08-20 23:40:45.930  1285  3402 W GLSUser : 	at java.util.concurrent.ThreadPoolExecutor$Worker.run(ThreadPoolExecutor.java:624)
08-20 23:40:45.930  1285  3402 W GLSUser : 	at bmos.run(:com.google.android.gms@262932035@26.29.32 (260400-956293556):8)
08-20 23:40:45.930  1285  3402 W GLSUser : 	at java.lang.Thread.run(Thread.java:1572)
08-20 23:40:45.930  1285  3402 W GLSUser : Caused by: iuun: Protocol message end-group tag did not match expected tag.
08-20 23:40:45.930  1285  3402 W GLSUser : 	at iuwf.a(:com.google.android.gms@262932035@26.29.32 (260400-956293556):57)
08-20 23:40:45.930  1285  3402 W GLSUser : 	at iuvd.i(:com.google.android.gms@262932035@26.29.32 (260400-956293556):61)
08-20 23:40:45.930  1285  3402 W GLSUser : 	at iuto.P(:com.google.android.gms@262932035@26.29.32 (260400-956293556):22)
08-20 23:40:45.930  1285  3402 W GLSUser : 	at iutj.q(:com.google.android.gms@262932035@26.29.32 (260400-956293556):3)
08-20 23:40:45.930  1285  3402 W GLSUser : 	at iuri.e(:com.google.android.gms@262932035@26.29.32 (260400-956293556):7)
08-20 23:40:45.930  1285  3402 W GLSUser : 	at iuri.b(:com.google.android.gms@262932035@26.29.32 (260400-956293556):1)
08-20 23:40:45.930  1285  3402 W GLSUser : 	at iuri.m(:com.google.android.gms@262932035@26.29.32 (260400-956293556):1)
08-20 23:40:45.930  1285  3402 W GLSUser : 	at dgdz.a(:com.google.android.gms@262932035@26.29.32 (260400-956293556):11)
08-20 23:40:45.930  1285  3402 W GLSUser : 	at dgee.call(:com.google.android.gms@262932035@26.29.32 (260400-956293556):8)
08-20 23:40:45.930  1285  3402 W GLSUser : 	at java.util.concurrent.FutureTask.run(FutureTask.java:328)
08-20 23:40:45.930  1285  3402 W GLSUser : 	at bmiw.c(:com.google.android.gms@262932035@26.29.32 (260400-956293556):50)
08-20 23:40:45.930  1285  3402 W GLSUser : 	at bmiw.run(:com.google.android.gms@262932035@26.29.32 (260400-956293556):71)
08-20 23:40:45.930  1285  3402 W GLSUser : 	... 4 more
08-20 23:40:45.930  1285  3402 W GLSUser : [DeviceKeyStore] Cannot load key: Device key file not found.
08-20 23:40:45.930   477   577 W skia    : AGTM parsing failed flags.readFromStream(s) at 159
08-20 23:40:45.930   477   577 W skia    : AGTM parsing failed flags.readFromStream(s) at 159
08-20 23:40:46.031   477   577 W skia    : AGTM parsing failed flags.readFromStream(s) at 159
08-20 23:40:46.031   477   577 W skia    : AGTM parsing failed flags.readFromStream(s) at 159
08-20 23:40:46.131   477   577 W skia    : AGTM parsing failed flags.readFromStream(s) at 159
08-20 23:40:46.131   477   577 W skia    : AGTM parsing failed flags.readFromStream(s) at 159
08-20 23:40:46.215   479   479 I adbd    : adbd service requested 'shell,v2,TERM=xterm-256color,raw:uiautomator dump /sdcard/uinav-14d451c40add4e78bb11f400bf7fed5d.xml'
08-20 23:40:46.231   477   577 W skia    : AGTM parsing failed flags.readFromStream(s) at 159
08-20 23:40:46.232   477   577 W skia    : AGTM parsing failed flags.readFromStream(s) at 159
08-20 23:40:46.246 12700 12700 D AndroidRuntime: >>>>>> START com.android.internal.os.RuntimeInit uid 2000 <<<<<<
08-20 23:40:46.247 12700 12700 I AndroidRuntime: Using default boot image
08-20 23:40:46.247 12700 12700 I AndroidRuntime: Leaving lock profiling enabled
08-20 23:40:46.248 12700 12700 I app_process: Core platform API enforcement enabled from the hiddenapi_platform_enforcement flag and the device API level
08-20 23:40:46.248 12700 12700 I app_process: Using generational CollectorTypeCMC GC.
08-20 23:40:46.267 12700 12700 D nativeloader: InitDefaultPublicLibraries for_preload=1: libandroid.so:libaaudio.so:libamidi.so:libbinder_ndk.so:libc.so:libcamera2ndk.so:libdl.so:libEGL.so:libGLESv1_CM.so:libGLESv2.so:libGLESv3.so:libicu.so:libicui18n.so:libicuuc.so:libjnigraphics.so:liblog.so:libmediandk.so:libm.so:libnativehelper.so:libnativewindow.so:libOpenMAXAL.so:libOpenSLES.so:libRS.so:libstdc++.so:libsync.so:libvulkan.so:libwebviewchromium_plat_support.so:libz.so
08-20 23:40:46.270 12700 12700 D nativeloader: Load libicu_jni.so using APEX ns com_android_art for caller /apex/com.android.art/javalib/core-oj.jar: ok
08-20 23:40:46.270 12700 12700 D app_process: u_setTimeZoneFilesDirectory("/apex/com.android.tzdata/etc/tz/versioned/10/icu") succeeded. 
08-20 23:40:46.270 12700 12700 D app_process: I18n APEX ICU file found: /apex/com.android.i18n/etc/icu/icudt78l.dat
08-20 23:40:46.270 12700 12700 D nativeloader: Load libjavacore.so using APEX ns com_android_art for caller /apex/com.android.art/javalib/core-oj.jar: ok
08-20 23:40:46.271 12700 12700 D nativeloader: Load libopenjdk.so using APEX ns com_android_art for caller /apex/com.android.art/javalib/core-oj.jar: ok
08-20 23:40:46.271 12700 12700 I app_process: Priority-to-niceness mapping: 19, 16, 13, 10, 0, -2, -4, -5, -6, -8
08-20 23:40:46.271 12700 12700 W app_process: ClassLoaderContext shared library size mismatch. Expected=2, found=0 (PCL[]{PCL[/system/framework/android.test.base.jar*736588042]#PCL[/system/framework/android.test.mock.jar*4008448454]} | PCL[])
08-20 23:40:46.272 12700 12700 W app_process: ClassLoaderContext classpath size mismatch. expected=0, found=1 (PCL[]{PCL[/system/framework/android.test.runner.jar*805256125]{PCL[/system/framework/android.test.base.jar*736588042]#PCL[/system/framework/android.test.mock.jar*4008448454]}#PCL[/system/framework/android.test.base.jar*736588042]} | PCL[/system/framework/android.test.runner.jar*805256125])
08-20 23:40:46.279 12700 12700 D nativeloader: Load libframework-connectivity-tiramisu-jni.so using APEX ns com_android_tethering for caller /apex/com.android.tethering/javalib/framework-connectivity-t.jar: ok
08-20 23:40:46.280 12700 12700 D AndroidRuntime: Calling main entry com.android.commands.uiautomator.Launcher
08-20 23:40:46.280 12700 12700 I AconfigPackage: android.media.swcodec.flags is mapped to com.android.media.swcodec
08-20 23:40:46.281 12700 12700 I AconfigPackage: com.android.permission.flags is mapped to com.android.permission
08-20 23:40:46.281 12700 12700 I AconfigPackage: com.android.permissioncontroller.flags is mapped to com.android.permission
08-20 23:40:46.281 12700 12700 I AconfigPackage: com.google.android.widevine.flags is mapped to com.google.android.widevine
08-20 23:40:46.281 12700 12700 I AconfigPackage: com.android.icu is mapped to com.android.i18n
08-20 23:40:46.281 12700 12700 I AconfigPackage: com.android.appsearch.flags is mapped to com.android.appsearch
08-20 23:40:46.281 12700 12700 I AconfigPackage: com.android.uprobestats.flags is mapped to com.android.uprobestats
08-20 23:40:46.281 12700 12700 I AconfigPackage: android.uprobestats.mainline.flags is mapped to com.android.uprobestats
08-20 23:40:46.281 12700 12700 I AconfigPackage: com.android.crashrecovery.flags is mapped to com.android.crashrecovery
08-20 23:40:46.281 12700 12700 I AconfigPackage: android.provider.flags is mapped to com.android.configinfrastructure
08-20 23:40:46.281 12700 12700 I AconfigPackage: com.android.server.deviceconfig is mapped to com.android.configinfrastructure
08-20 23:40:46.281 12700 12700 I AconfigPackage: com.android.art.flags is mapped to com.android.art
08-20 23:40:46.281 12700 12700 I AconfigPackage: com.android.art.rw.flags is mapped to com.android.art
08-20 23:40:46.281 12700 12700 I AconfigPackage: com.android.libcore is mapped to com.android.art
08-20 23:40:46.281 12700 12700 I AconfigPackage: android.telecom.flags is mapped to com.android.telephonycore
08-20 23:40:46.281 12700 12700 I AconfigPackage: com.android.internal.telecom.flags is mapped to com.android.telephonycore
08-20 23:40:46.281 12700 12700 I AconfigPackage: com.android.telephony.flags is mapped to com.android.telephonycore
08-20 23:40:46.281 12700 12700 I AconfigPackage: com.android.media.extractor.flags is mapped to com.android.media
08-20 23:40:46.281 12700 12700 I AconfigPackage: com.android.media.metrics.flags is mapped to com.android.media
08-20 23:40:46.281 12700 12700 I AconfigPackage: com.android.media.mainline.flags is mapped to com.android.media
08-20 23:40:46.281 12700 12700 I AconfigPackage: com.android.wifi.flags is mapped to com.android.wifi
08-20 23:40:46.281 12700 12700 I AconfigPackage: com.android.org.conscrypt.flags is mapped to com.android.conscrypt
08-20 23:40:46.281 12700 12700 I AconfigPackage: com.android.org.conscrypt.net.flags is mapped to com.android.conscrypt
08-20 23:40:46.281 12700 12700 I AconfigPackage: com.android.healthfitness.flags is mapped to com.android.healthfitness
08-20 23:40:46.281 12700 12700 I AconfigPackage: com.android.ipsec.flags is mapped to com.android.ipsec
08-20 23:40:46.281 12700 12700 I AconfigPackage: com.android.nfc.module.flags is mapped to com.android.nfcservices
08-20 23:40:46.281 12700 12700 I AconfigPackage: com.android.nfc.module.nonexported.flags is mapped to com.android.nfcservices
08-20 23:40:46.281 12700 12700 I AconfigPackage: com.android.adservices.ondevicepersonalization.flags is mapped to com.android.ondevicepersonalization
08-20 23:40:46.281 12700 12700 I AconfigPackage: com.android.adbd.flags is mapped to com.android.adbd
08-20 23:40:46.281 12700 12700 I AconfigPackage: com.android.bluetooth.beta.flags is mapped to com.android.bt
08-20 23:40:46.281 12700 12700 I AconfigPackage: com.android.bluetooth.flags is mapped to com.android.bt
08-20 23:40:46.281 12700 12700 I AconfigPackage: com.android.devicelock.flags is mapped to com.android.devicelock
08-20 23:40:46.281 12700 12700 I AconfigPackage: android.os.profiling is mapped to com.android.profiling
08-20 23:40:46.281 12700 12700 I AconfigPackage: android.os.profiling.anomaly.flags is mapped to com.android.profiling
08-20 23:40:46.281 12700 12700 I AconfigPackage: com.android.os.statsd.flags is mapped to com.android.os.statsd
08-20 23:40:46.281 12700 12700 I AconfigPackage: com.android.webapp.flags is mapped to com.android.webapp
08-20 23:40:46.281 12700 12700 I AconfigPackage: com.android.rkpd.flags is mapped to com.android.rkpd
08-20 23:40:46.281 12700 12700 I AconfigPackage: com.android.cellbroadcastreceiver.flags is mapped to com.android.cellbroadcast
08-20 23:40:46.281 12700 12700 I AconfigPackage: com.android.adservices.flags is mapped to com.android.adservices
08-20 23:40:46.281 12700 12700 I AconfigPackage: com.android.sdksandbox.flags is mapped to com.android.adservices
08-20 23:40:46.281 12700 12700 I AconfigPackage: android.app.sdksandbox.flags is mapped to com.android.adservices
08-20 23:40:46.281 12700 12700 I AconfigPackage: com.android.uwb.flags is mapped to com.android.uwb
08-20 23:40:46.281 12700 12700 I AconfigPackage: com.android.ranging.flags is mapped to com.android.uwb
08-20 23:40:46.281 12700 12700 I AconfigPackage: com.android.npumanager is mapped to com.android.npumanager
08-20 23:40:46.281 12700 12700 I AconfigPackage: android.graphics.pdf.flags is mapped to com.android.mediaprovider
08-20 23:40:46.281 12700 12700 I AconfigPackage: com.android.providers.media.flags is mapped to com.android.mediaprovider
08-20 23:40:46.281 12700 12700 I AconfigPackage: android.graphics.pdf.flags.readonly is mapped to com.android.mediaprovider
08-20 23:40:46.281 12700 12700 I AconfigPackage: com.android.tethering.mainline.beta is mapped to com.android.tethering
08-20 23:40:46.281 12700 12700 I AconfigPackage: android.net.http is mapped to com.android.tethering
08-20 23:40:46.281 12700 12700 I AconfigPackage: com.android.tethering.readonly.flags is mapped to com.android.tethering
08-20 23:40:46.281 12700 12700 I AconfigPackage: android.net.vcn is mapped to com.android.tethering
08-20 23:40:46.281 12700 12700 I AconfigPackage: com.android.net.flags is mapped to com.android.tethering
08-20 23:40:46.281 12700 12700 I AconfigPackage: com.android.tethering.flags is mapped to com.android.tethering
08-20 23:40:46.281 12700 12700 I AconfigPackage: com.android.tethering.beta.test is mapped to com.android.tethering
08-20 23:40:46.281 12700 12700 I AconfigPackage: com.android.nearby.flags is mapped to com.android.tethering
08-20 23:40:46.281 12700 12700 I AconfigPackage: com.android.net.thread.flags is mapped to com.android.tethering
08-20 23:40:46.281 12700 12700 I AconfigPackage: com.android.net.ct.flags is mapped to com.android.tethering
08-20 23:40:46.282 12700 12700 I AconfigPackage: com.android.system.virtualmachine.flags is mapped to com.android.virt
08-20 23:40:46.282 12700 12700 E FeatureFlagsImplExport: android.os.flagging.AconfigStorageReadException: ERROR_PACKAGE_NOT_FOUND: package android.xr cannot be found on the device
08-20 23:40:46.282 12700 12700 D UiAutomationConnection: Created on user UserHandle{0}
08-20 23:40:46.282 12700 12700 I UiAutomation: Initialized for user 0 on display 0
08-20 23:40:46.282 12700 12700 W UiAutomation: Created with deprecatead constructor, assumes DEFAULT_DISPLAY
08-20 23:40:46.282   642  1271 D AccessibilityManagerService: changeCurrentUserForTestAutomationIfNeededLocked(0): ignoring because device doesn't support visible background users
08-20 23:40:46.282   642  1271 I UiAutomationManager: Registering UiTestAutomationService (id=com.android.server.accessibility/UiAutomation, flags=0x0) when called by user 0
08-20 23:40:46.282   642  1271 V AccessibilityManagerService: onUserStateChangedLocked for userId: 0, forceUpdate: false
08-20 23:40:46.283   642  1271 V AccessibilityUserState: updateShortcutTargets: type:accessibility_shortcut_target_service, current:{}, new:{}
08-20 23:40:46.283   642  1271 V AccessibilityUserState: updateShortcutTargets: type:accessibility_button_targets, current:{}, new:{}
08-20 23:40:46.283   642  1271 V AccessibilityUserState: updateShortcutTargets: type:accessibility_gesture_targets, current:{}, new:{}
08-20 23:40:46.283   642  1271 V AccessibilityUserState: updateShortcutTargets: type:accessibility_qs_targets, current:{}, new:{}
08-20 23:40:46.283   642  1271 V AccessibilityUserState: updateShortcutTargets: type:accessibility_key_gesture_targets, current:{}, new:{}
08-20 23:40:46.283   642  1271 V AccessibilityUserState: updateShortcutTargets: type:accessibility_top_row_key_targets, current:{}, new:{}
08-20 23:40:46.283   642  1271 V AccessibilityUserState: updateShortcutTargets: type:accessibility_quick_access_targets, current:{}, new:{}
08-20 23:40:46.283   642  1271 W MagnificationConnectionManager: requestConnection duplicated request: connect=false, mConnectionState=DISCONNECTED
08-20 23:40:46.283  1655  2190 I AiAiEcho: Settings changed for uri: content://settings/secure/accessibility_enabled
08-20 23:40:46.283  1655  1820 I AiAiEcho: Predicting[0]:  [CONTEXT sampling_count=5 ]
08-20 23:40:46.283  1655  1820 I AiAiEcho: EchoTargets: 
08-20 23:40:46.283  1655  1820 I AiAiEcho: Filtered by AiAi flag check: 
08-20 23:40:46.283  1655  1820 I AiAiEcho: [CONTEXT ratelimit_period="10 SECONDS" ]
08-20 23:40:46.283  1655  1820 I AiAiEcho: #remoteViewsTwiddler: feature disabled.
08-20 23:40:46.283   642   642 W libbinder.IPCThreadState: Sending oneway calls to frozen process.
08-20 23:40:46.283   642   642 W libbinder.IPCThreadState: Sending oneway calls to frozen process.
08-20 23:40:46.283  1655  1820 I AiAiEcho: Predicting[0]:  [CONTEXT sampling_count=5 ]
08-20 23:40:46.283  1655  1820 I AiAiEcho: EchoTargets: 
08-20 23:40:46.283  1655  1820 I AiAiEcho: Filtered by AiAi flag check: 
08-20 23:40:46.283  1655  1820 I AiAiEcho: [CONTEXT ratelimit_period="10 SECONDS" ]
08-20 23:40:46.283   642   642 W libbinder.IPCThreadState: Sending oneway calls to frozen process.
08-20 23:40:46.283  1655  1820 I AiAiEcho: #remoteViewsTwiddler: feature disabled.
08-20 23:40:46.283   642   642 W libbinder.IPCThreadState: Sending oneway calls to frozen process.
08-20 23:40:46.283  1655  1820 I AiAiEcho: Predicting[0]:  [CONTEXT sampling_count=5 ]
08-20 23:40:46.283  1655  1820 I AiAiEcho: EchoTargets: 
08-20 23:40:46.283  1655  1820 I AiAiEcho: Filtered by AiAi flag check: 
08-20 23:40:46.283  1655  1820 I AiAiEcho: [CONTEXT ratelimit_period="10 SECONDS" ]
08-20 23:40:46.283  1655  1820 I AiAiEcho: #remoteViewsTwiddler: feature disabled.
08-20 23:40:46.283  1655  1820 I AiAiEcho: #postPredictionTargets: Sending updates to UISurface lockscreen with targets# 0 (types=[])
08-20 23:40:46.283  1655  1820 I AiAiEcho: #postPredictionTargets: Sending updates to UISurface ambientcue with targets# 0 (types=[])
08-20 23:40:46.283  1655  1820 I AiAiEcho: #postPredictionTargets: Sending updates to UISurface home with targets# 0 (types=[])
08-20 23:40:46.283   894  1154 I AmbientCueRepository: Receiving SmartSpace targets # 0
08-20 23:40:46.283   642   642 W libbinder.IPCThreadState: Sending oneway calls to frozen process.
08-20 23:40:46.284   642   642 W libbinder.IPCThreadState: Sending oneway calls to frozen process.
08-20 23:40:46.284   642   642 W libbinder.IPCThreadState: Sending oneway calls to frozen process.
08-20 23:40:46.284   642  1271 V AccessibilityManagerService: onUserStateChangedLocked for userId: 0, forceUpdate: false
08-20 23:40:46.284   642  1271 V AccessibilityUserState: updateShortcutTargets: type:accessibility_shortcut_target_service, current:{}, new:{}
08-20 23:40:46.284   642  1271 V AccessibilityUserState: updateShortcutTargets: type:accessibility_button_targets, current:{}, new:{}
08-20 23:40:46.284   642  1271 V AccessibilityUserState: updateShortcutTargets: type:accessibility_gesture_targets, current:{}, new:{}
08-20 23:40:46.284   642  1271 V AccessibilityUserState: updateShortcutTargets: type:accessibility_qs_targets, current:{}, new:{}
08-20 23:40:46.284   642  1271 V AccessibilityUserState: updateShortcutTargets: type:accessibility_key_gesture_targets, current:{}, new:{}
08-20 23:40:46.284   642  1271 V AccessibilityUserState: updateShortcutTargets: type:accessibility_top_row_key_targets, current:{}, new:{}
08-20 23:40:46.284   642  1271 V AccessibilityUserState: updateShortcutTargets: type:accessibility_quick_access_targets, current:{}, new:{}
08-20 23:40:46.284   642  1271 W MagnificationConnectionManager: requestConnection duplicated request: connect=false, mConnectionState=DISCONNECTED
08-20 23:40:46.284  1655  2190 I AiAiEcho: Settings changed for uri: content://settings/secure/accessibility_enabled
08-20 23:40:46.284   642   642 W libbinder.IPCThreadState: Sending oneway calls to frozen process.
08-20 23:40:46.284   642   642 W libbinder.IPCThreadState: Sending oneway calls to frozen process.
08-20 23:40:46.284  1655  1820 I AiAiEcho: Predicting[0]:  [CONTEXT sampling_count=5 ]
08-20 23:40:46.284  1655  1820 I AiAiEcho: EchoTargets: 
08-20 23:40:46.284  1655  1820 I AiAiEcho: Filtered by AiAi flag check: 
08-20 23:40:46.284  1655  1820 I AiAiEcho: [CONTEXT ratelimit_period="10 SECONDS" ]
08-20 23:40:46.284   642   642 W libbinder.IPCThreadState: Sending oneway calls to frozen process.
08-20 23:40:46.284  1655  1820 I AiAiEcho: #remoteViewsTwiddler: feature disabled.
08-20 23:40:46.284  1655  1820 I AiAiEcho: Predicting[0]:  [CONTEXT sampling_count=5 ]
08-20 23:40:46.284  1655  1820 I AiAiEcho: EchoTargets: 
08-20 23:40:46.284  1655  1820 I AiAiEcho: Filtered by AiAi flag check: 
08-20 23:40:46.284  1655  1820 I AiAiEcho: [CONTEXT ratelimit_period="10 SECONDS" ]
08-20 23:40:46.284  1655  1820 I AiAiEcho: #remoteViewsTwiddler: feature disabled.
08-20 23:40:46.284  1655  1820 I AiAiEcho: Predicting[0]:  [CONTEXT sampling_count=5 ]
08-20 23:40:46.284  1655  1820 I AiAiEcho: EchoTargets: 
08-20 23:40:46.284  1655  1820 I AiAiEcho: Filtered by AiAi flag check: 
08-20 23:40:46.284  1655  1820 I AiAiEcho: [CONTEXT ratelimit_period="10 SECONDS" ]
08-20 23:40:46.284  1655  1820 I AiAiEcho: #remoteViewsTwiddler: feature disabled.
08-20 23:40:46.284  1655  1820 I AiAiEcho: #postPredictionTargets: Sending updates to UISurface lockscreen with targets# 0 (types=[])
08-20 23:40:46.284  1655  1820 I AiAiEcho: #postPredictionTargets: Sending updates to UISurface ambientcue with targets# 0 (types=[])
08-20 23:40:46.284  1655  1820 I AiAiEcho: #postPredictionTargets: Sending updates to UISurface home with targets# 0 (types=[])
08-20 23:40:46.284   894  1154 I AmbientCueRepository: Receiving SmartSpace targets # 0
08-20 23:40:46.285   642   642 W libbinder.IPCThreadState: Sending oneway calls to frozen process.
08-20 23:40:46.285   642   642 W libbinder.IPCThreadState: Sending oneway calls to frozen process.
08-20 23:40:46.285   642   642 W libbinder.IPCThreadState: Sending oneway calls to frozen process.
08-20 23:40:46.285   642   642 W libbinder.IPCThreadState: Sending oneway calls to frozen process.
08-20 23:40:46.285   642   642 W libbinder.IPCThreadState: Sending oneway calls to frozen process.
08-20 23:40:46.285   642   642 W libbinder.IPCThreadState: Sending oneway calls to frozen process.
08-20 23:40:46.285   642   642 W libbinder.IPCThreadState: Sending oneway calls to frozen process.
08-20 23:40:46.285   642   642 W libbinder.IPCThreadState: Sending oneway calls to frozen process.
08-20 23:40:46.285   642   642 W libbinder.IPCThreadState: Sending oneway calls to frozen process.
08-20 23:40:46.285   642   642 W libbinder.IPCThreadState: Sending oneway calls to frozen process.
08-20 23:40:46.285   642   642 W libbinder.IPCThreadState: Sending oneway calls to frozen process.
08-20 23:40:46.285   642   642 W libbinder.IPCThreadState: Sending oneway calls to frozen process.
08-20 23:40:46.285   642   642 W libbinder.IPCThreadState: Sending oneway calls to frozen process.
08-20 23:40:46.285   642   642 W libbinder.IPCThreadState: Sending oneway calls to frozen process.
08-20 23:40:46.285   642   642 W libbinder.IPCThreadState: Sending oneway calls to frozen process.
08-20 23:40:46.285   642   642 D BatterySaverPolicy: accessibility changed to true, updating policy.
08-20 23:40:46.286   642  1976 D AccessibilityManagerService: .getAccessibilityShortcutTargets {shortcutType=32, userId=0}
08-20 23:40:46.332   477   577 W skia    : AGTM parsing failed flags.readFromStream(s) at 159
08-20 23:40:46.332   477   577 W skia    : AGTM parsing failed flags.readFromStream(s) at 159
08-20 23:40:46.432   477   577 W skia    : AGTM parsing failed flags.readFromStream(s) at 159
08-20 23:40:46.432   477   577 W skia    : AGTM parsing failed flags.readFromStream(s) at 159
08-20 23:40:46.533   477   577 W skia    : AGTM parsing failed flags.readFromStream(s) at 159
08-20 23:40:46.533   477   577 W skia    : AGTM parsing failed flags.readFromStream(s) at 159
08-20 23:40:46.602  1285  3147 I cn_CronetUrlRequestContext: destroyNativeStreamLocked org.chromium.net.impl.CronetBidirectionalStream@d6662f0
08-20 23:40:46.602  1285 12680 W GmsWeatherProviderContr: Failed to fetch weather tile
08-20 23:40:46.602  1285 12680 W GmsWeatherProviderContr: jsct: INVALID_ARGUMENT: Application credential header not valid. Please fix the client to pass a valid application credential header.
08-20 23:40:46.602  1285 12680 W GmsWeatherProviderContr: 	at hbsd.b(:com.google.android.gms@262932035@26.29.32 (260400-956293556):53)
08-20 23:40:46.602  1285 12680 W GmsWeatherProviderContr: 	at hcuu.g(:com.google.android.gms@262932035@26.29.32 (260400-956293556):15)
08-20 23:40:46.602  1285 12680 W GmsWeatherProviderContr: 	at hcus.run(:com.google.android.gms@262932035@26.29.32 (260400-956293556):48)
08-20 23:40:46.602  1285 12680 W GmsWeatherProviderContr: 	at bmiw.c(:com.google.android.gms@262932035@26.29.32 (260400-956293556):50)
08-20 23:40:46.602  1285 12680 W GmsWeatherProviderContr: 	at bmiw.run(:com.google.android.gms@262932035@26.29.32 (260400-956293556):71)
08-20 23:40:46.602  1285 12680 W GmsWeatherProviderContr: 	at java.util.concurrent.ThreadPoolExecutor.runWorker(ThreadPoolExecutor.java:1100)
08-20 23:40:46.602  1285 12680 W GmsWeatherProviderContr: 	at java.util.concurrent.ThreadPoolExecutor$Worker.run(ThreadPoolExecutor.java:624)
08-20 23:40:46.602  1285 12680 W GmsWeatherProviderContr: 	at bmos.run(:com.google.android.gms@262932035@26.29.32 (260400-956293556):8)
08-20 23:40:46.602  1285 12680 W GmsWeatherProviderContr: 	at java.lang.Thread.run(Thread.java:1572)
08-20 23:40:46.634   477   577 W skia    : AGTM parsing failed flags.readFromStream(s) at 159
08-20 23:40:46.634   477   577 W skia    : AGTM parsing failed flags.readFromStream(s) at 159
08-20 23:40:46.735   477   577 W skia    : AGTM parsing failed flags.readFromStream(s) at 159
08-20 23:40:46.735   477   577 W skia    : AGTM parsing failed flags.readFromStream(s) at 159
08-20 23:40:46.842   477   577 W skia    : AGTM parsing failed flags.readFromStream(s) at 159
08-20 23:40:46.842   477   577 W skia    : AGTM parsing failed flags.readFromStream(s) at 159
08-20 23:40:46.942   477   577 W skia    : AGTM parsing failed flags.readFromStream(s) at 159
08-20 23:40:46.943   477   577 W skia    : AGTM parsing failed flags.readFromStream(s) at 159
08-20 23:40:47.043   477   577 W skia    : AGTM parsing failed flags.readFromStream(s) at 159
08-20 23:40:47.043   477   577 W skia    : AGTM parsing failed flags.readFromStream(s) at 159
08-20 23:40:47.143   477   577 W skia    : AGTM parsing failed flags.readFromStream(s) at 159
08-20 23:40:47.143   477   577 W skia    : AGTM parsing failed flags.readFromStream(s) at 159
08-20 23:40:47.244   477   577 W skia    : AGTM parsing failed flags.readFromStream(s) at 159
08-20 23:40:47.244   477   577 W skia    : AGTM parsing failed flags.readFromStream(s) at 159
08-20 23:40:47.327  1618  1802 W MediaProvider: isAppCloneUserPair for user 0: false
08-20 23:40:47.330 12700 12700 W AccessibilityNodeInfoDumper: Fetch time: 6ms
08-20 23:40:47.331   642  1975 V AccessibilityManagerService: onUserStateChangedLocked for userId: 0, forceUpdate: false
08-20 23:40:47.331   642  1975 V AccessibilityUserState: updateShortcutTargets: type:accessibility_shortcut_target_service, current:{}, new:{}
08-20 23:40:47.331   642  1975 V AccessibilityUserState: updateShortcutTargets: type:accessibility_button_targets, current:{}, new:{}
08-20 23:40:47.331   642  1975 V AccessibilityUserState: updateShortcutTargets: type:accessibility_gesture_targets, current:{}, new:{}
08-20 23:40:47.331   642  1975 V AccessibilityUserState: updateShortcutTargets: type:accessibility_qs_targets, current:{}, new:{}
08-20 23:40:47.332  1655  1957 I AiAiEcho: Settings changed for uri: content://settings/secure/accessibility_enabled
08-20 23:40:47.332   642  1975 V AccessibilityUserState: updateShortcutTargets: type:accessibility_key_gesture_targets, current:{}, new:{}
08-20 23:40:47.332   642  1975 V AccessibilityUserState: updateShortcutTargets: type:accessibility_top_row_key_targets, current:{}, new:{}
08-20 23:40:47.332   642  1975 V AccessibilityUserState: updateShortcutTargets: type:accessibility_quick_access_targets, current:{}, new:{}
08-20 23:40:47.332   642  1975 W MagnificationConnectionManager: requestConnection duplicated request: connect=false, mConnectionState=DISCONNECTED
08-20 23:40:47.332   642  1975 D AccessibilityManagerService: restoreCurrentUserForTestAutomationIfNeededLocked(): ignoring because device doesn't support visible background users
08-20 23:40:47.332   642   642 W libbinder.IPCThreadState: Sending oneway calls to frozen process.
08-20 23:40:47.332   642   642 W libbinder.IPCThreadState: Sending oneway calls to frozen process.
08-20 23:40:47.332   642   642 W libbinder.IPCThreadState: Sending oneway calls to frozen process.
08-20 23:40:47.332   642   642 W libbinder.IPCThreadState: Sending oneway calls to frozen process.
08-20 23:40:47.332  1655  1820 I AiAiEcho: Predicting[0]:  [CONTEXT sampling_count=5 ]
08-20 23:40:47.332  1655  1820 I AiAiEcho: EchoTargets: 
08-20 23:40:47.332  1655  1820 I AiAiEcho: Filtered by AiAi flag check: 
08-20 23:40:47.332  1655  1820 I AiAiEcho: [CONTEXT ratelimit_period="10 SECONDS" ]
08-20 23:40:47.332  1655  1820 I AiAiEcho: #remoteViewsTwiddler: feature disabled.
08-20 23:40:47.332   642   642 W libbinder.IPCThreadState: Sending oneway calls to frozen process.
08-20 23:40:47.332  1655  1820 I AiAiEcho: Predicting[0]:  [CONTEXT sampling_count=5 ]
08-20 23:40:47.332  1655  1820 I AiAiEcho: EchoTargets: 
08-20 23:40:47.332  1655  1820 I AiAiEcho: Filtered by AiAi flag check: 
08-20 23:40:47.332  1655  1820 I AiAiEcho: [CONTEXT ratelimit_period="10 SECONDS" ]
08-20 23:40:47.332  1655  1820 I AiAiEcho: #remoteViewsTwiddler: feature disabled.
08-20 23:40:47.332  1655  1820 I AiAiEcho: Predicting[0]:  [CONTEXT sampling_count=5 ]
08-20 23:40:47.332  1655  1820 I AiAiEcho: EchoTargets: 
08-20 23:40:47.332  1655  1820 I AiAiEcho: Filtered by AiAi flag check: 
08-20 23:40:47.332  1655  1820 I AiAiEcho: [CONTEXT ratelimit_period="10 SECONDS" ]
08-20 23:40:47.332   642   642 W libbinder.IPCThreadState: Sending oneway calls to frozen process.
08-20 23:40:47.332   642   642 W libbinder.IPCThreadState: Sending oneway calls to frozen process.
08-20 23:40:47.332  1655  1820 I AiAiEcho: #remoteViewsTwiddler: feature disabled.
08-20 23:40:47.332   642   642 W libbinder.IPCThreadState: Sending oneway calls to frozen process.
08-20 23:40:47.332   642   642 W libbinder.IPCThreadState: Sending oneway calls to frozen process.
08-20 23:40:47.332   642   642 W libbinder.IPCThreadState: Sending oneway calls to frozen process.
08-20 23:40:47.332  1655  1820 I AiAiEcho: #postPredictionTargets: Sending updates to UISurface lockscreen with targets# 0 (types=[])
08-20 23:40:47.332   642   642 W libbinder.IPCThreadState: Sending oneway calls to frozen process.
08-20 23:40:47.332   642   642 W libbinder.IPCThreadState: Sending oneway calls to frozen process.
08-20 23:40:47.332   642   642 W libbinder.IPCThreadState: Sending oneway calls to frozen process.
08-20 23:40:47.332   642   642 W libbinder.IPCThreadState: Sending oneway calls to frozen process.
08-20 23:40:47.332   642   642 W libbinder.IPCThreadState: Sending oneway calls to frozen process.
08-20 23:40:47.332   642   642 D BatterySaverPolicy: accessibility changed to false, updating policy.
08-20 23:40:47.332  1655  1820 I AiAiEcho: #postPredictionTargets: Sending updates to UISurface ambientcue with targets# 0 (types=[])
08-20 23:40:47.332  1655  1820 I AiAiEcho: #postPredictionTargets: Sending updates to UISurface home with targets# 0 (types=[])
08-20 23:40:47.333   894  1154 I AmbientCueRepository: Receiving SmartSpace targets # 0
08-20 23:40:47.333 12700 12700 D AndroidRuntime: Shutting down VM
08-20 23:40:47.333 12700 12709 W libbinder.IPCThreadState: call to talkWithDriver in joinThreadPool returned error: -9 (Bad file descriptor), FD: -1
08-20 23:40:47.333 12700 12710 W libbinder.IPCThreadState: call to talkWithDriver in joinThreadPool returned error: -9 (Bad file descriptor), FD: -1
08-20 23:40:47.333 12700 12713 W libbinder.IPCThreadState: call to talkWithDriver in joinThreadPool returned error: -9 (Bad file descriptor), FD: -1
08-20 23:40:47.344   477   577 W skia    : AGTM parsing failed flags.readFromStream(s) at 159
08-20 23:40:47.344   477   577 W skia    : AGTM parsing failed flags.readFromStream(s) at 159
08-20 23:40:47.354  1285 12417 I NetworkScheduler.Stats: (REDACTED) Task %s/%s started execution. cause:%s exec_start_elapsed_seconds: %s
08-20 23:40:47.357  1285 10804 I NetworkScheduler.Stats: (REDACTED) Task %s/%s finished executing. cause:%s result: %s elapsed_millis: %s uptime_millis: %s exec_start_elapsed_seconds: %s
08-20 23:40:47.444   477   577 W skia    : AGTM parsing failed flags.readFromStream(s) at 159
08-20 23:40:47.444   477   577 W skia    : AGTM parsing failed flags.readFromStream(s) at 159
08-20 23:40:47.545   477   577 W skia    : AGTM parsing failed flags.readFromStream(s) at 159
08-20 23:40:47.545   477   577 W skia    : AGTM parsing failed flags.readFromStream(s) at 159
08-20 23:40:47.646   477   577 W skia    : AGTM parsing failed flags.readFromStream(s) at 159
08-20 23:40:47.646   477   577 W skia    : AGTM parsing failed flags.readFromStream(s) at 159
08-20 23:40:47.748   477   577 W skia    : AGTM parsing failed flags.readFromStream(s) at 159
08-20 23:40:47.748   477   577 W skia    : AGTM parsing failed flags.readFromStream(s) at 159
08-20 23:40:47.850   477   577 W skia    : AGTM parsing failed flags.readFromStream(s) at 159
08-20 23:40:47.850   477   577 W skia    : AGTM parsing failed flags.readFromStream(s) at 159
08-20 23:40:47.932   642   793 I HalDevMgr: bestIfaceCreationProposal is null, requestIface=STA, existingIface=[name=wlan0 type=STA]
08-20 23:40:47.934   999  1120 D IpClient/wlan0: interfaceLinkStateChanged: ifindex 16 up
08-20 23:40:47.935   999  1120 D IpClient/wlan0: interfaceLinkStateChanged: ifindex 16 up
08-20 23:40:47.952   477   577 W skia    : AGTM parsing failed flags.readFromStream(s) at 159
08-20 23:40:47.952   477   577 W skia    : AGTM parsing failed flags.readFromStream(s) at 159
08-20 23:40:48.058   477   577 W skia    : AGTM parsing failed flags.readFromStream(s) at 159
08-20 23:40:48.058   477   577 W skia    : AGTM parsing failed flags.readFromStream(s) at 159
08-20 23:40:48.158   477   577 W skia    : AGTM parsing failed flags.readFromStream(s) at 159
08-20 23:40:48.158   477   577 W skia    : AGTM parsing failed flags.readFromStream(s) at 159
08-20 23:40:48.161   479   479 I adbd    : adbd service requested 'exec:cat '/sdcard/uinav-14d451c40add4e78bb11f400bf7fed5d.xml''
08-20 23:40:48.181   479   479 I adbd    : adbd service requested 'shell,v2,TERM=xterm-256color,raw:rm -f /sdcard/uinav-14d451c40add4e78bb11f400bf7fed5d.xml'
08-20 23:40:48.186  1618  2453 I MediaProvider: Deleted 0 0 0 0 0 0 1 items on external_primary due to com.android.shell
08-20 23:40:48.258   477   577 W skia    : AGTM parsing failed flags.readFromStream(s) at 159
08-20 23:40:48.258   477   577 W skia    : AGTM parsing failed flags.readFromStream(s) at 159
08-20 23:40:48.360   477   577 W skia    : AGTM parsing failed flags.readFromStream(s) at 159
08-20 23:40:48.360   477   577 W skia    : AGTM parsing failed flags.readFromStream(s) at 159
08-20 23:40:48.460   477   577 W skia    : AGTM parsing failed flags.readFromStream(s) at 159
08-20 23:40:48.461   477   577 W skia    : AGTM parsing failed flags.readFromStream(s) at 159
08-20 23:40:48.561   477   577 W skia    : AGTM parsing failed flags.readFromStream(s) at 159
08-20 23:40:48.561   477   577 W skia    : AGTM parsing failed flags.readFromStream(s) at 159
08-20 23:40:48.662   477   577 W skia    : AGTM parsing failed flags.readFromStream(s) at 159
08-20 23:40:48.662   477   577 W skia    : AGTM parsing failed flags.readFromStream(s) at 159
08-20 23:40:48.762   477   577 W skia    : AGTM parsing failed flags.readFromStream(s) at 159
08-20 23:40:48.763   477   577 W skia    : AGTM parsing failed flags.readFromStream(s) at 159
08-20 23:40:48.863   477   577 W skia    : AGTM parsing failed flags.readFromStream(s) at 159
08-20 23:40:48.863   477   577 W skia    : AGTM parsing failed flags.readFromStream(s) at 159
08-20 23:40:48.964   477   577 W skia    : AGTM parsing failed flags.readFromStream(s) at 159
08-20 23:40:48.964   477   577 W skia    : AGTM parsing failed flags.readFromStream(s) at 159
08-20 23:40:49.066   477   577 W skia    : AGTM parsing failed flags.readFromStream(s) at 159
08-20 23:40:49.066   477   577 W skia    : AGTM parsing failed flags.readFromStream(s) at 159
08-20 23:40:49.167   477   577 W skia    : AGTM parsing failed flags.readFromStream(s) at 159
08-20 23:40:49.167   477   577 W skia    : AGTM parsing failed flags.readFromStream(s) at 159
08-20 23:40:49.267   477   577 W skia    : AGTM parsing failed flags.readFromStream(s) at 159
08-20 23:40:49.267   477   577 W skia    : AGTM parsing failed flags.readFromStream(s) at 159
08-20 23:40:49.367   477   577 W skia    : AGTM parsing failed flags.readFromStream(s) at 159
08-20 23:40:49.367   477   577 W skia    : AGTM parsing failed flags.readFromStream(s) at 159
08-20 23:40:49.469   477   577 W skia    : AGTM parsing failed flags.readFromStream(s) at 159
08-20 23:40:49.469   477   577 W skia    : AGTM parsing failed flags.readFromStream(s) at 159
08-20 23:40:49.574   477   577 W skia    : AGTM parsing failed flags.readFromStream(s) at 159
08-20 23:40:49.574   477   577 W skia    : AGTM parsing failed flags.readFromStream(s) at 159
08-20 23:40:49.675   477   577 W skia    : AGTM parsing failed flags.readFromStream(s) at 159
08-20 23:40:49.675   477   577 W skia    : AGTM parsing failed flags.readFromStream(s) at 159
08-20 23:40:49.779   477   577 W skia    : AGTM parsing failed flags.readFromStream(s) at 159
08-20 23:40:49.779   477   577 W skia    : AGTM parsing failed flags.readFromStream(s) at 159
08-20 23:40:49.879   477   577 W skia    : AGTM parsing failed flags.readFromStream(s) at 159
08-20 23:40:49.879   477   577 W skia    : AGTM parsing failed flags.readFromStream(s) at 159
08-20 23:40:49.980   477   577 W skia    : AGTM parsing failed flags.readFromStream(s) at 159
08-20 23:40:49.980   477   577 W skia    : AGTM parsing failed flags.readFromStream(s) at 159
08-20 23:40:50.083   477   577 W skia    : AGTM parsing failed flags.readFromStream(s) at 159
08-20 23:40:50.083   477   577 W skia    : AGTM parsing failed flags.readFromStream(s) at 159
08-20 23:40:50.184   477   577 W skia    : AGTM parsing failed flags.readFromStream(s) at 159
08-20 23:40:50.184   477   577 W skia    : AGTM parsing failed flags.readFromStream(s) at 159
08-20 23:40:50.273   642   923 W ProcessStats: Tracking association SourceState{5b88cde com.google.android.gms.persistent/10227 BTop #6514} whose proc state 2 is better than process ProcessState{510e987 com.google.android.gms/10227 pkg=com.google.android.gms} proc state 14 (72 skipped)
08-20 23:40:50.291   477   577 W skia    : AGTM parsing failed flags.readFromStream(s) at 159
08-20 23:40:50.291   477   577 W skia    : AGTM parsing failed flags.readFromStream(s) at 159
08-20 23:40:50.394   477   577 W skia    : AGTM parsing failed flags.readFromStream(s) at 159
08-20 23:40:50.394   477   577 W skia    : AGTM parsing failed flags.readFromStream(s) at 159
08-20 23:40:50.494   477   577 W skia    : AGTM parsing failed flags.readFromStream(s) at 159
08-20 23:40:50.494   477   577 W skia    : AGTM parsing failed flags.readFromStream(s) at 159
08-20 23:40:50.595   477   577 W skia    : AGTM parsing failed flags.readFromStream(s) at 159
08-20 23:40:50.595   477   577 W skia    : AGTM parsing failed flags.readFromStream(s) at 159
08-20 23:40:50.695   477   577 W skia    : AGTM parsing failed flags.readFromStream(s) at 159
08-20 23:40:50.695   477   577 W skia    : AGTM parsing failed flags.readFromStream(s) at 159
08-20 23:40:50.766   311 12660 I keystore2: system/security/keystore2/watchdog/src/lib.rs:371 - Watchdog thread idle -> terminating. Have a great day.
08-20 23:40:50.796   477   577 W skia    : AGTM parsing failed flags.readFromStream(s) at 159
08-20 23:40:50.796   477   577 W skia    : AGTM parsing failed flags.readFromStream(s) at 159
08-20 23:40:50.897   477   577 W skia    : AGTM parsing failed flags.readFromStream(s) at 159
08-20 23:40:50.897   477   577 W skia    : AGTM parsing failed flags.readFromStream(s) at 159
08-20 23:40:50.938   642   793 I HalDevMgr: bestIfaceCreationProposal is null, requestIface=STA, existingIface=[name=wlan0 type=STA]
08-20 23:40:50.938   880   880 I wpa_supplicant: wlan0: CTRL-EVENT-BEACON-LOSS 
08-20 23:40:50.997   477   577 W skia    : AGTM parsing failed flags.readFromStream(s) at 159
08-20 23:40:50.997   477   577 W skia    : AGTM parsing failed flags.readFromStream(s) at 159
08-20 23:40:51.097   477   577 W skia    : AGTM parsing failed flags.readFromStream(s) at 159
08-20 23:40:51.097   477   577 W skia    : AGTM parsing failed flags.readFromStream(s) at 159
08-20 23:40:51.198   477   577 W skia    : AGTM parsing failed flags.readFromStream(s) at 159
08-20 23:40:51.198   477   577 W skia    : AGTM parsing failed flags.readFromStream(s) at 159
08-20 23:40:51.301   477   577 W skia    : AGTM parsing failed flags.readFromStream(s) at 159
08-20 23:40:51.301   477   577 W skia    : AGTM parsing failed flags.readFromStream(s) at 159
08-20 23:40:51.410   477   577 W skia    : AGTM parsing failed flags.readFromStream(s) at 159
08-20 23:40:51.410   477   577 W skia    : AGTM parsing failed flags.readFromStream(s) at 159
08-20 23:40:51.511   477   577 W skia    : AGTM parsing failed flags.readFromStream(s) at 159
08-20 23:40:51.511   477   577 W skia    : AGTM parsing failed flags.readFromStream(s) at 159
08-20 23:40:51.612   477   577 W skia    : AGTM parsing failed flags.readFromStream(s) at 159
08-20 23:40:51.612   477   577 W skia    : AGTM parsing failed flags.readFromStream(s) at 159
08-20 23:40:51.712   477   577 W skia    : AGTM parsing failed flags.readFromStream(s) at 159
08-20 23:40:51.712   477   577 W skia    : AGTM parsing failed flags.readFromStream(s) at 159
08-20 23:40:51.815   477   577 W skia    : AGTM parsing failed flags.readFromStream(s) at 159
08-20 23:40:51.815   477   577 W skia    : AGTM parsing failed flags.readFromStream(s) at 159
08-20 23:40:51.916   477   577 W skia    : AGTM parsing failed flags.readFromStream(s) at 159
08-20 23:40:51.916   477   577 W skia    : AGTM parsing failed flags.readFromStream(s) at 159
08-20 23:40:52.025   477   577 W skia    : AGTM parsing failed flags.readFromStream(s) at 159
08-20 23:40:52.025   477   577 W skia    : AGTM parsing failed flags.readFromStream(s) at 159
08-20 23:40:52.126   477   577 W skia    : AGTM parsing failed flags.readFromStream(s) at 159
08-20 23:40:52.126   477   577 W skia    : AGTM parsing failed flags.readFromStream(s) at 159
08-20 23:40:52.178  1028  1186 D SatelliteController: isInCarrierRoamingNbIotNtn: satellite is disabled
08-20 23:40:52.178  1028  1186 D SatelliteController: getCarrierRoamingNtnConnectType: Checking connect type from PLMN config for subId: 1
08-20 23:40:52.178  1028  1186 D TelephonyConfigUpdateInstallReceiver: getConfigParser: domain=satellite
08-20 23:40:52.178  1028  1186 V SatelliteController: satelliteConfigParser is not ready
08-20 23:40:52.178  1028  1186 D SatelliteController: isSatelliteAttachSupportedViaConfigupdater: return null (satelliteConfig is null)
08-20 23:40:52.178  1028  1186 D SatelliteController: getSatellitePerPlmnConfiguration: invalid subId or not supported via carrier.
08-20 23:40:52.178  1028  1186 D SatelliteController: getCarrierRoamingNtnConnectType: config: null
08-20 23:40:52.178  1028  1186 D TelephonyConfigUpdateInstallReceiver: getConfigParser: domain=satellite
08-20 23:40:52.178  1028  1186 V SatelliteController: satelliteConfigParser is not ready
08-20 23:40:52.178  1028  1186 D SatelliteController: getCarrierRoamingNtnConnectTypeViaConfigUpdater: return null (satelliteConfig is null)
08-20 23:40:52.178  1028  1186 D SatelliteController: getCarrierRoamingNtnConnectType: Falling back to global carrier config connect type: 0
08-20 23:40:52.178  1028  1186 D TelephonyConfigUpdateInstallReceiver: getConfigParser: domain=satellite
08-20 23:40:52.178  1028  1186 V SatelliteController: satelliteConfigParser is not ready
08-20 23:40:52.178  1028  1186 D SatelliteController: isSatelliteAttachSupportedViaConfigupdater: return null (satelliteConfig is null)
08-20 23:40:52.178  1028  1186 D SatelliteController: getCarrierRoamingNtnConnectType: Checking connect type from PLMN config for subId: 1
08-20 23:40:52.178  1028  1186 D TelephonyConfigUpdateInstallReceiver: getConfigParser: domain=satellite
08-20 23:40:52.178  1028  1186 V SatelliteController: satelliteConfigParser is not ready
08-20 23:40:52.178  1028  1186 D SatelliteController: isSatelliteAttachSupportedViaConfigupdater: return null (satelliteConfig is null)
08-20 23:40:52.178  1028  1186 D SatelliteController: getSatellitePerPlmnConfiguration: invalid subId or not supported via carrier.
08-20 23:40:52.178  1028  1186 D SatelliteController: getCarrierRoamingNtnConnectType: config: null
08-20 23:40:52.178  1028  1186 D TelephonyConfigUpdateInstallReceiver: getConfigParser: domain=satellite
08-20 23:40:52.178  1028  1186 V SatelliteController: satelliteConfigParser is not ready
08-20 23:40:52.178  1028  1186 D SatelliteController: getCarrierRoamingNtnConnectTypeViaConfigUpdater: return null (satelliteConfig is null)
08-20 23:40:52.178   642   923 W libbinder.IPCThreadState: Sending oneway calls to frozen process.
08-20 23:40:52.178  1028  1186 D SatelliteController: getCarrierRoamingNtnConnectType: Falling back to global carrier config connect type: 0
08-20 23:40:52.178  1028  1186 D TelephonyConfigUpdateInstallReceiver: getConfigParser: domain=satellite
08-20 23:40:52.178  1028  1186 V SatelliteController: satelliteConfigParser is not ready
08-20 23:40:52.178  1028  1186 D SatelliteController: isSatelliteAttachSupportedViaConfigupdater: return null (satelliteConfig is null)
08-20 23:40:52.225   477   577 W skia    : AGTM parsing failed flags.readFromStream(s) at 159
08-20 23:40:52.225   477   577 W skia    : AGTM parsing failed flags.readFromStream(s) at 159
08-20 23:40:52.326   477   577 W skia    : AGTM parsing failed flags.readFromStream(s) at 159
08-20 23:40:52.327   477   577 W skia    : AGTM parsing failed flags.readFromStream(s) at 159
08-20 23:40:52.427   477   577 W skia    : AGTM parsing failed flags.readFromStream(s) at 159
08-20 23:40:52.427   477   577 W skia    : AGTM parsing failed flags.readFromStream(s) at 159
08-20 23:40:52.528   477   577 W skia    : AGTM parsing failed flags.readFromStream(s) at 159
08-20 23:40:52.528   477   577 W skia    : AGTM parsing failed flags.readFromStream(s) at 159
08-20 23:40:52.628   477   577 W skia    : AGTM parsing failed flags.readFromStream(s) at 159
08-20 23:40:52.628   477   577 W skia    : AGTM parsing failed flags.readFromStream(s) at 159
08-20 23:40:52.642   479   479 I adbd    : adbd service requested 'shell,v2,TERM=xterm-256color:export ANDROID_LOG_TAGS=''; exec logcat '-d' '-v' 'threadtime''
