--------- beginning of main
08-20 23:42:39.124   642   793 I HalDevMgr: bestIfaceCreationProposal is null, requestIface=STA, existingIface=[name=wlan0 type=STA]
--------- beginning of system
08-20 23:42:39.135   642   740 D ActivityManager: freezing 2258 com.google.android.apps.messaging
08-20 23:42:42.131   642   793 I HalDevMgr: bestIfaceCreationProposal is null, requestIface=STA, existingIface=[name=wlan0 type=STA]
08-20 23:42:42.231  1028  1186 D SatelliteController: isInCarrierRoamingNbIotNtn: satellite is disabled
08-20 23:42:42.231  1028  1186 D SatelliteController: getCarrierRoamingNtnConnectType: Checking connect type from PLMN config for subId: 1
08-20 23:42:42.231  1028  1186 D TelephonyConfigUpdateInstallReceiver: getConfigParser: domain=satellite
08-20 23:42:42.231  1028  1186 V SatelliteController: satelliteConfigParser is not ready
08-20 23:42:42.231  1028  1186 D SatelliteController: isSatelliteAttachSupportedViaConfigupdater: return null (satelliteConfig is null)
08-20 23:42:42.231  1028  1186 D SatelliteController: getSatellitePerPlmnConfiguration: invalid subId or not supported via carrier.
08-20 23:42:42.231  1028  1186 D SatelliteController: getCarrierRoamingNtnConnectType: config: null
08-20 23:42:42.231  1028  1186 D TelephonyConfigUpdateInstallReceiver: getConfigParser: domain=satellite
08-20 23:42:42.231  1028  1186 V SatelliteController: satelliteConfigParser is not ready
08-20 23:42:42.231  1028  1186 D SatelliteController: getCarrierRoamingNtnConnectTypeViaConfigUpdater: return null (satelliteConfig is null)
08-20 23:42:42.232  1028  1186 D SatelliteController: getCarrierRoamingNtnConnectType: Falling back to global carrier config connect type: 0
08-20 23:42:42.232  1028  1186 D TelephonyConfigUpdateInstallReceiver: getConfigParser: domain=satellite
08-20 23:42:42.232  1028  1186 V SatelliteController: satelliteConfigParser is not ready
08-20 23:42:42.232  1028  1186 D SatelliteController: isSatelliteAttachSupportedViaConfigupdater: return null (satelliteConfig is null)
08-20 23:42:42.232  1028  1186 D SatelliteController: getCarrierRoamingNtnConnectType: Checking connect type from PLMN config for subId: 1
08-20 23:42:42.232  1028  1186 D TelephonyConfigUpdateInstallReceiver: getConfigParser: domain=satellite
08-20 23:42:42.232  1028  1186 V SatelliteController: satelliteConfigParser is not ready
08-20 23:42:42.232  1028  1186 D SatelliteController: isSatelliteAttachSupportedViaConfigupdater: return null (satelliteConfig is null)
08-20 23:42:42.232   642  1778 W libbinder.IPCThreadState: Sending oneway calls to frozen process.
08-20 23:42:42.232  1028  1186 D SatelliteController: getSatellitePerPlmnConfiguration: invalid subId or not supported via carrier.
08-20 23:42:42.232  1028  1186 D SatelliteController: getCarrierRoamingNtnConnectType: config: null
08-20 23:42:42.232  1028  1186 D TelephonyConfigUpdateInstallReceiver: getConfigParser: domain=satellite
08-20 23:42:42.232  1028  1186 V SatelliteController: satelliteConfigParser is not ready
08-20 23:42:42.232  1028  1186 D SatelliteController: getCarrierRoamingNtnConnectTypeViaConfigUpdater: return null (satelliteConfig is null)
08-20 23:42:42.232  1028  1186 D SatelliteController: getCarrierRoamingNtnConnectType: Falling back to global carrier config connect type: 0
08-20 23:42:42.232  1028  1186 D TelephonyConfigUpdateInstallReceiver: getConfigParser: domain=satellite
08-20 23:42:42.232  1028  1186 V SatelliteController: satelliteConfigParser is not ready
08-20 23:42:42.232  1028  1186 D SatelliteController: isSatelliteAttachSupportedViaConfigupdater: return null (satelliteConfig is null)
08-20 23:42:42.456  1285 10804 I AlarmManager: setExactAndAllowWhileIdle [name: FcmRetry type: 2 triggerAtMillis: 9518393]
08-20 23:42:42.457   642   669 V GrammaticalInflectionUtils: AttributionSource: android.content.AttributionSource@e8567d59 does not have READ_SYSTEM_GRAMMATICAL_GENDER permission.
08-20 23:42:42.460   429   429 D Zygote  : Forked child process 13057
08-20 23:42:42.461   642   670 I ActivityManager: Start proc 13057:com.izzes.nears/u0a252 for broadcast {com.izzes.nears/io.flutter.plugins.firebase.messaging.FlutterFirebaseMessagingReceiver}
08-20 23:42:42.462 13057 13057 I libprocessgroup: Created cgroup /sys/fs/cgroup/apps/uid_10252/pid_13057
08-20 23:42:42.484 13057 13057 I Zygote  : Process 13057 created for com.izzes.nears
08-20 23:42:42.484 13057 13057 I com.izzes.nears: Late-enabling -Xcheck:jni
08-20 23:42:42.489 13057 13057 I com.izzes.nears: Using generational CollectorTypeCMC GC.
08-20 23:42:42.490   479   540 I adbd    : jdwp connection from 13057
08-20 23:42:42.491 13057 13057 D nativeloader: Load libframework-connectivity-tiramisu-jni.so using APEX ns com_android_tethering for caller /apex/com.android.tethering/javalib/framework-connectivity-t.jar: ok
08-20 23:42:42.505 13057 13057 D ApplicationLoaders: Returning zygote-cached class loader: /system/framework/org.apache.http.legacy.jar
08-20 23:42:42.505 13057 13057 D ApplicationLoaders: Returning zygote-cached class loader: /system_ext/framework/androidx.window.extensions.jar
08-20 23:42:42.505 13057 13057 D ApplicationLoaders: Returning zygote-cached class loader: /system_ext/framework/androidx.window.sidecar.jar
08-20 23:42:42.712 13057 13057 D nativeloader: Configuring clns-9 for other apk /data/app/~~Hyctd9N84K84AyUDoiF43Q==/com.izzes.nears-tWnyVgtaRDVqf71B5FpfIQ==/base.apk. target_sdk_version=36, uses_libraries=, library_path=/data/app/~~Hyctd9N84K84AyUDoiF43Q==/com.izzes.nears-tWnyVgtaRDVqf71B5FpfIQ==/lib/arm64:/data/app/~~Hyctd9N84K84AyUDoiF43Q==/com.izzes.nears-tWnyVgtaRDVqf71B5FpfIQ==/base.apk!/lib/arm64-v8a, permitted_path=/data:/mnt/expand:/data/user/0/com.izzes.nears
08-20 23:42:42.717 13057 13057 V GraphicsEnvironment: Currently set values for:
08-20 23:42:42.717 13057 13057 V GraphicsEnvironment:   angle_gl_driver_selection_pkgs=[]
08-20 23:42:42.717 13057 13057 V GraphicsEnvironment:   angle_gl_driver_selection_values=[]
08-20 23:42:42.717 13057 13057 V GraphicsEnvironment: com.izzes.nears is not listed in per-application setting
08-20 23:42:42.717 13057 13057 V GraphicsEnvironment: No special selections for ANGLE, returning default driver choice
08-20 23:42:42.717 13057 13057 V GraphicsEnvironment: Neither updatable production driver nor prerelease driver is supported.
08-20 23:42:42.721 13057 13057 W FirebaseApp: Default FirebaseApp failed to initialize because no default options were found. This usually means that com.google.gms:google-services was not applied to your gradle project.
08-20 23:42:42.721 13057 13057 I FirebaseInitProvider: FirebaseApp initialization unsuccessful
08-20 23:42:42.722 13057 13057 D FLTFireContextHolder: received application context.
08-20 23:42:42.745 13057 13057 W com.facebook.UserSettingsManager: You haven't set a value for AdvertiserIDCollectionEnabled. Set the flag to TRUE if you want to collect Advertiser ID for better advertising and analytics results. To request user consent before collecting data, set the flag value to FALSE, then change to TRUE once user consent is received. Learn more: https://developers.facebook.com/docs/app-events/getting-started-app-events-android#disable-auto-events.
08-20 23:42:42.753 13057 13074 W com.facebook.internal.NativeProtocol: Apps that target Android API 30+ (Android 11+) cannot call Facebook native apps unless the package visibility needs are declared. Please follow https://developers.facebook.com/docs/android/troubleshooting/#faq_267321845055988 to make the declaration.
08-20 23:42:42.764 13057 13057 D FLTFireMsgReceiver: broadcast received for message
08-20 23:42:42.774 13057 13057 W JobInfo : Job 'com.izzes.nears/io.flutter.plugins.firebase.messaging.FlutterFirebaseMessagingBackgroundService#2020' has a deadline with no functional constraints. The deadline won't improve job execution latency. Consider removing the deadline.
08-20 23:42:42.774   642   980 W JobInfo : Job 'com.izzes.nears/io.flutter.plugins.firebase.messaging.FlutterFirebaseMessagingBackgroundService#2020' has a deadline with no functional constraints. The deadline won't improve job execution latency. Consider removing the deadline.
08-20 23:42:42.789 13057 13057 I DisplayManager: Implicitly registering for refresh rate
08-20 23:42:42.791 13057 13083 I ResourceExtractor: Found extracted resources res_timestamp-3-1787254361878
08-20 23:42:42.791 13057 13082 D FlutterJNI: Beginning load of flutter...
08-20 23:42:42.793 13057 13087 I FLTFireMsgService: Service has not yet started, messages will be queued.
08-20 23:42:42.795 13057 13082 D nativeloader: Load /data/app/~~Hyctd9N84K84AyUDoiF43Q==/com.izzes.nears-tWnyVgtaRDVqf71B5FpfIQ==/lib/arm64/libflutter.so using class loader ns clns-9 (caller=/data/app/~~Hyctd9N84K84AyUDoiF43Q==/com.izzes.nears-tWnyVgtaRDVqf71B5FpfIQ==/base.apk!classes22.dex): ok
08-20 23:42:42.797 13057 13082 D FlutterJNI: flutter (null) was loaded normally!
08-20 23:42:42.798   642   980 D FileUtils: Rounded bytes from 3155017728 to 4000000000
08-20 23:42:42.799 13057 13057 I FLTFireBGExecutor: Creating background FlutterEngine instance.
08-20 23:42:42.800 13057 13090 E FirebaseMessaging: Default FirebaseApp has not been initialized. Skip logging event to GA.
08-20 23:42:42.800 13057 13090 I FirebaseMessaging: FirebaseApp has not being initialized. Device might be in direct boot mode. Skip exporting delivery metrics to Big Query
08-20 23:42:42.802 13057 13090 W FirebaseMessaging: Notification Channel requested (6ammart) has not been created by the app. Manifest configuration, or default, value will be used.
08-20 23:42:42.802 13057 13090 W FirebaseMessaging: Missing Default Notification Channel metadata in AndroidManifest. Default value will be used.
08-20 23:42:42.803 13057 13057 W com.izzes.nears: type=1400 audit(0.0:132): avc:  denied  { read } for  name="max_map_count" dev="proc" ino=26028 scontext=u:r:untrusted_app_34:s0:c252,c256,c512,c768 tcontext=u:object_r:proc_max_map_count:s0 tclass=file permissive=0 app=com.izzes.nears
08-20 23:42:42.828 13057 13100 I DynamiteModule: Considering local module com.google.android.gms.measurement.dynamite:185 and remote module com.google.android.gms.measurement.dynamite:202
08-20 23:42:42.828 13057 13100 I DynamiteModule: Selected remote version of com.google.android.gms.measurement.dynamite, version >= 202
08-20 23:42:42.828 13057 13100 V DynamiteModule: Dynamite loader version >= 2, using loadModule2NoCrashUtils
08-20 23:42:42.830 13057 13092 I GFXSTREAM: [eglDisplay.cpp(297)] Opening libGLESv1_CM_emulation.so
08-20 23:42:42.830 13057 13092 I GFXSTREAM: [eglDisplay.cpp(297)] Opening libGLESv2_emulation.so
08-20 23:42:42.831 13057 13092 W libc    : Access denied finding property "vendor.mesa.virtgpu.kumquat"
08-20 23:42:42.831 13057 13100 W System  : ClassLoader referenced unknown path: 
08-20 23:42:42.831 13057 13100 D nativeloader: Configuring clns-10 for other apk . target_sdk_version=37, uses_libraries=, library_path=/data/app/~~2fXQ6-xyEWEbual6_5Wrig==/com.google.android.gms-_SBUxIWyP-163dk_5Uqnhw==/lib/arm64:/data/app/~~2fXQ6-xyEWEbual6_5Wrig==/com.google.android.gms-_SBUxIWyP-163dk_5Uqnhw==/base.apk!/lib/arm64-v8a, permitted_path=/data:/mnt/expand:/data/user/0/com.google.android.gms
08-20 23:42:42.836 13057 13100 D DesktopExperienceFlags: Toggle override initialized to: false
08-20 23:42:42.837 13057 13092 I flutter : [IMPORTANT:flutter/shell/platform/android/android_context_gl_impeller.cc(104)] Using the Impeller rendering backend (OpenGLES).
08-20 23:42:42.839 13057 13095 W libc    : Access denied finding property "vendor.mesa.virtgpu.kumquat"
08-20 23:42:42.848  1285 12680 I PhenotypeResourceReader: unable to find any Phenotype resource metadata for com.izzes.nears
08-20 23:42:42.852 13057 13106 I com.izzes.nears: hiddenapi: Accessing hidden method Ldalvik/system/VMStack;->getStackClass2()Ljava/lang/Class; (runtime_flags=0, domain=core-platform, api=unsupported) from Lm7/aqg; (domain=app, TargetSdkVersion=36) using reflection: allowed
08-20 23:42:42.862 13057 13105 E com.izzes.nears: No package ID 6a found for resource ID 0x6a0b0013.
08-20 23:42:42.863 13057 13105 I FA      : App measurement initialized, version: 178008
08-20 23:42:42.863 13057 13105 I FA      : To enable debug logging run: adb shell setprop log.tag.FA VERBOSE
08-20 23:42:42.863 13057 13105 I FA      : To enable faster debug mode event logging run:
08-20 23:42:42.863 13057 13105 I FA      :   adb shell setprop debug.firebase.analytics.app com.izzes.nears
08-20 23:42:42.865 13057 13105 E FA      : Missing google_app_id. Firebase Analytics disabled. See https://goo.gl/NAOOOI
08-20 23:42:42.865 13057 13105 E FA      : Uploading is not possible. App measurement disabled
08-20 23:42:42.865 13057 13057 D FLTFireContextHolder: received application context.
08-20 23:42:42.876 13057 13103 I flutter : The Dart VM service is listening on http://127.0.0.1:42351/yKuuaOzR9fw=/
08-20 23:42:42.885 13057 13057 D nativeloader: Load /data/app/~~Hyctd9N84K84AyUDoiF43Q==/com.izzes.nears-tWnyVgtaRDVqf71B5FpfIQ==/lib/arm64/libdartjni.so using class loader ns clns-9 (caller=/data/app/~~Hyctd9N84K84AyUDoiF43Q==/com.izzes.nears-tWnyVgtaRDVqf71B5FpfIQ==/base.apk!classes12.dex): ok
08-20 23:42:43.006   894   906 D RingtonePlayer: playAsync(uri=content://settings/system/notification_sound, user=UserHandle{0})
08-20 23:42:43.006   642   642 V NotificationHistory: Attempted to add notif for locked/gone/disabled user 0
08-20 23:42:43.006   894   906 D RingtonePlayer: play uri=content://settings/system/notification_sound
08-20 23:42:43.007   894 13109 D RingtonePlayer: RemoveFirst
08-20 23:42:43.007   894 13109 D RingtonePlayer: PLAY
08-20 23:42:43.007   894 13109 D RingtonePlayer: startSound()
08-20 23:42:43.007   894 13110 D RingtonePlayer: in run: new looper Looper (Thread-12, tid 118) {ebf8e10}
08-20 23:42:43.009  1655  2133 W AiAiEcho: LyftNotificationParser Ridesharing ETA not enabled
08-20 23:42:43.009  1655  2133 I AiAiEcho: SmartspaceNotificationPredictor no parser can handle this notification or notification is invalid
08-20 23:42:43.009   531   617 D NuPlayerDriver: NuPlayerDriver(0xb4007ce78c01ea10) created, clientPid(894)
08-20 23:42:43.009   288   288 I hwservicemanager: getTransport: Cannot find entry android.hardware.media.omx@1.0::IOmx/default in either framework or device VINTF manifest.
08-20 23:42:43.009   531   617 D MediaPlayerService: OMX service is not available
08-20 23:42:43.011   531   617 W mediaserver: AIBinder_linkToDeath is being called with a non-null cookie and no onUnlink callback set. Use AIBinder_DeathRecipient_setOnUnlinked to manage the lifetime of the cookie. This will become an abort.
08-20 23:42:43.011   531   617 W mediaserver: AIBinder_linkToDeath is being called with a non-null cookie and no onUnlink callback set. Use AIBinder_DeathRecipient_setOnUnlinked to manage the lifetime of the cookie. This will become an abort.
08-20 23:42:43.012   531 13113 D GenericSource: FileSource remote
08-20 23:42:43.014   894 13110 D RingtonePlayer: requesting AudioFocus
08-20 23:42:43.015   642  1269 I MediaFocusControl: requestAudioFocus() from uid/pid 10195/894 AA=USAGE_NOTIFICATION/CONTENT_TYPE_SONIFICATION clientId=android.media.AudioManager@cca594b callingPack=com.android.systemui req=3 flags=0x0 sdk=37
08-20 23:42:43.015   642  1269 I AS.FadeOutManager: unfadeOutUid() uid:10195
08-20 23:42:43.015   894 13110 D RingtonePlayer: notification will be delayed by 500ms
08-20 23:42:43.043   477   577 W skia    : AGTM parsing failed flags.readFromStream(s) at 159
08-20 23:42:43.043   477   577 W skia    : AGTM parsing failed flags.readFromStream(s) at 159
08-20 23:42:43.066   880   880 I wpa_supplicant: wlan0: CTRL-EVENT-BEACON-LOSS 
08-20 23:42:43.143   477   577 W skia    : AGTM parsing failed flags.readFromStream(s) at 159
08-20 23:42:43.143   477   577 W skia    : AGTM parsing failed flags.readFromStream(s) at 159
08-20 23:42:43.222 13057 13057 D FlutterGeolocator: Creating service.
08-20 23:42:43.222 13057 13057 D FlutterGeolocator: Binding to location service.
08-20 23:42:43.224 13057 13057 I FLTFireMsgService: FlutterFirebaseMessagingBackgroundService started!
08-20 23:42:43.231 13057 13057 I flutter : [INFO] msg="FCM background message type=add_fund"
08-20 23:42:43.232 13057 13057 D FlutterGeolocator: Geolocator foreground service connected
08-20 23:42:43.232 13057 13057 D FlutterGeolocator: Initializing Geolocator services
08-20 23:42:43.232 13057 13057 D FlutterGeolocator: Flutter engine connected. Connected engine count 1
08-20 23:42:43.244   477   577 W skia    : AGTM parsing failed flags.readFromStream(s) at 159
08-20 23:42:43.244   477   577 W skia    : AGTM parsing failed flags.readFromStream(s) at 159
08-20 23:42:43.346   477   577 W skia    : AGTM parsing failed flags.readFromStream(s) at 159
08-20 23:42:43.346   477   577 W skia    : AGTM parsing failed flags.readFromStream(s) at 159
08-20 23:42:43.457   477   577 W skia    : AGTM parsing failed flags.readFromStream(s) at 159
08-20 23:42:43.457   477   577 W skia    : AGTM parsing failed flags.readFromStream(s) at 159
08-20 23:42:43.517   894 13110 D RingtonePlayer: player.start piid:55
08-20 23:42:43.517   531 13112 I GenericSource: start
08-20 23:42:43.517   894   894 D MediaRouter: onRestoreRoute() : route=RouteInfo{ name=Phone, description=null, status=null, category=RouteCategory{ name=System types=ROUTE_TYPE_LIVE_AUDIO ROUTE_TYPE_LIVE_VIDEO  groupable=false }, supportedTypes=ROUTE_TYPE_LIVE_AUDIO ROUTE_TYPE_LIVE_VIDEO , presentationDisplay=null }
08-20 23:42:43.517   894   894 V MediaRouter: Selecting route: RouteInfo{ name=Phone, description=null, status=null, category=RouteCategory{ name=System types=ROUTE_TYPE_LIVE_AUDIO ROUTE_TYPE_LIVE_VIDEO  groupable=false }, supportedTypes=ROUTE_TYPE_LIVE_AUDIO ROUTE_TYPE_LIVE_VIDEO , presentationDisplay=null }
08-20 23:42:43.518   531 13117 I MediaCodec: Retry enabled for HDCP failure
08-20 23:42:43.519   531 13117 W mediaserver: Failed to query component store for system resources: 6
08-20 23:42:43.519   531 13118 D CCodec  : allocate(c2.android.vorbis.decoder)
08-20 23:42:43.520   531 13118 I CCodec  : setting up 'default' as default (vendor) store
08-20 23:42:43.521   534  1394 I libbinder.BpBinder: onLastStrongRef automatically unlinking death recipients for binder (0xb4007ee31600ef70) with descriptor: 'android.hardware.media.bufferpool2.IAccessor'
08-20 23:42:43.521   531   617 D AidlBufferPool: bufferpool2 0xb4007ce6ec004c08 : 0(0 size) total buffers - 0(0 size) used buffers - 95/103 (recycle/alloc) - 8/198 (fetch/transfer)
08-20 23:42:43.521   531   617 D AidlBufferPool: Destruction - bufferpool2 0xb4007ce6ec004c08 cached: 0/0M, 0/0% in use; allocs: 103, 92% recycled; transfers: 198, 96% unfetched
08-20 23:42:43.522   531 13118 W mediaserver: AIBinder_linkToDeath is being called with a non-null cookie and no onUnlink callback set. Use AIBinder_DeathRecipient_setOnUnlinked to manage the lifetime of the cookie. This will become an abort.
08-20 23:42:43.522   531 13118 I CCodec  : Created component [c2.android.vorbis.decoder] for [c2.android.vorbis.decoder]
08-20 23:42:43.523   531 13118 D CCodecConfig: read media type: audio/vorbis
08-20 23:42:43.525   531 13118 D ReflectedParamUpdater: extent() != 1 for single value type: algo.buffers.max-count.values
08-20 23:42:43.525   531 13118 D ReflectedParamUpdater: extent() != 1 for single value type: output.subscribed-indices.values
08-20 23:42:43.525   531 13118 D ReflectedParamUpdater: extent() != 1 for single value type: input.buffers.allocator-ids.values
08-20 23:42:43.525   531 13118 D ReflectedParamUpdater: extent() != 1 for single value type: output.buffers.allocator-ids.values
08-20 23:42:43.525   531 13118 D ReflectedParamUpdater: extent() != 1 for single value type: algo.buffers.allocator-ids.values
08-20 23:42:43.526   531 13118 D ReflectedParamUpdater: extent() != 1 for single value type: output.buffers.pool-ids.values
08-20 23:42:43.526   531 13118 D ReflectedParamUpdater: extent() != 1 for single value type: algo.buffers.pool-ids.values
08-20 23:42:43.527   531 13118 I CCodecConfig: query failed after returning 8 values (BAD_INDEX)
08-20 23:42:43.527   531 13118 D CCodecConfig: c2 config diff is Dict {
08-20 23:42:43.527   531 13118 D CCodecConfig:   c2::u32 coded.bitrate.value = 64000
08-20 23:42:43.527   531 13118 D CCodecConfig:   c2::u32 input.buffers.max-size.value = 32768
08-20 23:42:43.527   531 13118 D CCodecConfig:   c2::u32 input.delay.value = 0
08-20 23:42:43.527   531 13118 D CCodecConfig:   string input.media-type.value = "audio/vorbis"
08-20 23:42:43.527   531 13118 D CCodecConfig:   c2::u32 output.large-frame.max-size = 0
08-20 23:42:43.527   531 13118 D CCodecConfig:   c2::u32 output.large-frame.threshold-size = 0
08-20 23:42:43.527   531 13118 D CCodecConfig:   string output.media-type.value = "audio/raw"
08-20 23:42:43.527   531 13118 D CCodecConfig:   c2::u32 raw.channel-count.value = 1
08-20 23:42:43.527   531 13118 D CCodecConfig:   c2::u32 raw.sample-rate.value = 48000
08-20 23:42:43.527   531 13118 D CCodecConfig: }
08-20 23:42:43.528   531 13117 I MediaCodec: media_quality service unavailable, skipping updatePictureProfile
08-20 23:42:43.528   531 13118 D CCodec  : [c2.android.vorbis.decoder] buffers are bound to CCodec for this session
08-20 23:42:43.528   531 13118 D CCodecConfig: no c2 equivalents for durationUs
08-20 23:42:43.528   531 13118 D CCodecConfig: no c2 equivalents for csd-1
08-20 23:42:43.528   531 13118 D CCodecConfig: no c2 equivalents for flags
08-20 23:42:43.528   531 13118 D CCodecConfig: c2 config diff is   c2::u32 coded.bitrate.value = 70000
08-20 23:42:43.528   531 13118 D CCodec  : encoding statistics level = 0
08-20 23:42:43.528   531 13118 D CCodec  : setup formats input: AMessage(what = 0x00000000) = {
08-20 23:42:43.528   531 13118 D CCodec  :   int32_t bitrate = 70000
08-20 23:42:43.528   531 13118 D CCodec  :   int32_t channel-count = 1
08-20 23:42:43.528   531 13118 D CCodec  :   int32_t max-input-size = 32768
08-20 23:42:43.528   531 13118 D CCodec  :   string mime = "audio/vorbis"
08-20 23:42:43.528   531 13118 D CCodec  :   int32_t sample-rate = 48000
08-20 23:42:43.528   531 13118 D CCodec  : }
08-20 23:42:43.528   531 13118 D CCodec  : setup formats output: AMessage(what = 0x00000000) = {
08-20 23:42:43.528   531 13118 D CCodec  :   int32_t buffer-batch-max-output-size = 0
08-20 23:42:43.528   531 13118 D CCodec  :   int32_t buffer-batch-threshold-output-size = 0
08-20 23:42:43.528   531 13118 D CCodec  :   int32_t channel-count = 1
08-20 23:42:43.528   531 13118 D CCodec  :   string mime = "audio/raw"
08-20 23:42:43.528   531 13118 D CCodec  :   int32_t sample-rate = 48000
08-20 23:42:43.528   531 13118 D CCodec  :   int32_t channel-mask = 1
08-20 23:42:43.528   531 13118 D CCodec  :   int32_t android._config-pcm-encoding = 2
08-20 23:42:43.528   531 13118 D CCodec  : }
08-20 23:42:43.529   531 13118 I CCodecConfig: query failed after returning 8 values (BAD_INDEX)
08-20 23:42:43.529   531 13118 E mediaserver: Failed to query component interface for required system resources: 6
08-20 23:42:43.529   531 13118 I MediaCodec: MediaCodec will operate in async mode
08-20 23:42:43.529   531 13117 D MediaCodec: keep callback message for reclaim
08-20 23:42:43.530   531 13118 I libbinder.BpBinder: onLastStrongRef automatically unlinking death recipients for binder (0xb4007ce73c025520) with descriptor: 'android.hardware.media.bufferpool2.IAccessor'
08-20 23:42:43.530   534  1774 D AidlBufferPool: bufferpool2 0xb4007ee446017358 : 0(0 size) total buffers - 0(0 size) used buffers - 86/97 (recycle/alloc) - 11/96 (fetch/transfer)
08-20 23:42:43.530   534  1774 D AidlBufferPool: Destruction - bufferpool2 0xb4007ee446017358 cached: 0/0M, 0/0% in use; allocs: 97, 89% recycled; transfers: 96, 89% unfetched
08-20 23:42:43.530   531 13118 D CCodecBufferChannel: [c2.android.vorbis.decoder#386] Created input block pool with allocatorID 16 => poolID 20 - OK (0)
08-20 23:42:43.531   531 13118 I CCodecBufferChannel: [c2.android.vorbis.decoder#386] Created output block pool with allocatorID 16 => poolID 42 - OK
08-20 23:42:43.531   531 13118 D CCodecBufferChannel: [c2.android.vorbis.decoder#386] Configured output block pool ids 42 => OK
08-20 23:42:43.531   534   634 E Codec2-ComponentInterface: We have a failed config
08-20 23:42:43.532   534 13119 D SimpleC2Component: Using output block pool with poolID 42 => got 42 - 0
08-20 23:42:43.532   534   634 W mediaswcodec: AIBinder_linkToDeath is being called with a non-null cookie and no onUnlink callback set. Use AIBinder_DeathRecipient_setOnUnlinked to manage the lifetime of the cookie. This will become an abort.
08-20 23:42:43.532   531 13118 W mediaserver: AIBinder_linkToDeath is being called with a non-null cookie and no onUnlink callback set. Use AIBinder_DeathRecipient_setOnUnlinked to manage the lifetime of the cookie. This will become an abort.
08-20 23:42:43.535   531   617 W mediaserver: AIBinder_linkToDeath is being called with a non-null cookie and no onUnlink callback set. Use AIBinder_DeathRecipient_setOnUnlinked to manage the lifetime of the cookie. This will become an abort.
08-20 23:42:43.535   534 13119 W mediaswcodec: AIBinder_linkToDeath is being called with a non-null cookie and no onUnlink callback set. Use AIBinder_DeathRecipient_setOnUnlinked to manage the lifetime of the cookie. This will become an abort.
08-20 23:42:43.536   473  1130 D AudioFlinger: Client defaulted notificationFrames to 12512 for frameCount 25024
08-20 23:42:43.536   473  1130 I AF::AfPlaybackCommon: AfPlaybackCommon: creating track with enforcement level 0 reason PRIVILEGED_APP shouldHarden 1
08-20 23:42:43.547   642  1776 E AppOps  : attributionTag  not declared in manifest of com.android.systemui
08-20 23:42:43.547   642  1778 E AppOps  : attributionTag  not declared in manifest of com.android.systemui
08-20 23:42:43.547   531   531 D MediaPlayerService: onAudioDeviceUpdate deviceIds: 2
08-20 23:42:43.549   531   617 D AudioTrack: getTimestamp_l(19): device stall time corrected using current time 9399487090814
08-20 23:42:43.555   432 13120 D android.hardware.audio@7.1-impl.ranchu: 544 frames of silence written
08-20 23:42:43.555   432 13120 D android.hardware.audio@7.1-impl.ranchu: 544 frames of silence written
08-20 23:42:43.569   432 13120 D android.hardware.audio@7.1-impl.ranchu: 544 frames of silence written
08-20 23:42:43.638   473   575 D AudioFlinger: mixer(0xb4007f86d295f790) throttle end: throttle time(37)
08-20 23:42:43.752   473   575 W AudioTrackShared: releaseBuffer: dropped wake
08-20 23:42:44.649   531 13118 D CCodecBuffers: [c2.android.vorbis.decoder#386:1D-Output] received null buffer
08-20 23:42:44.649   531 13118 D CCodecBufferChannel: [c2.android.vorbis.decoder#386] buffers after EOS ignored (0 us)
08-20 23:42:44.650   531 13118 D CCodecBufferChannel: [c2.android.vorbis.decoder#386] buffers after EOS ignored (0 us)
08-20 23:42:44.908   531 13116 D AudioTrack: stop(19): called with 82980 frames delivered
08-20 23:42:44.909   642   980 E AppOps  : attributionTag  not declared in manifest of com.android.systemui
08-20 23:42:44.910   642   980 E AppOps  : attributionTag  not declared in manifest of com.android.systemui
08-20 23:42:45.135   642   793 I HalDevMgr: bestIfaceCreationProposal is null, requestIface=STA, existingIface=[name=wlan0 type=STA]
08-20 23:42:45.299   894 13110 D RingtonePlayer: onCompletion() abandoning AudioFocus
08-20 23:42:45.299   642  1269 I MediaFocusControl: abandonAudioFocus() from uid/pid 10195/894 clientId=android.media.AudioManager@cca594b callingPack=com.android.systemui
08-20 23:42:45.299   894 13110 D RingtonePlayer: onCompletion queue size=0
08-20 23:42:45.299   894 13110 D RingtonePlayer: in onCompletion quitting looper Looper (Thread-12, tid 118) {ebf8e10}
08-20 23:42:45.299   894 13110 I NotificationPlayer: About to release MediaPlayer piid:55 due to onCompletion
08-20 23:42:45.300   894 13110 V MediaPlayer: resetDrmState:  mDrmInfo=null mDrmProvisioningThread=null mPrepareDrmInProgress=false mActiveDrmScheme=false
08-20 23:42:45.300   894 13110 V MediaPlayer: cleanDrmObj: mDrmObj=null mDrmSessionId=null
08-20 23:42:45.300   531   617 D NuPlayerDriver: reset(0xb4007ce78c01ea10) at state 6
08-20 23:42:45.301   531 13121 D CCodec  : hold CodecLooper(1) until release
08-20 23:42:45.301   534   634 I libbinder.BpBinder: onLastStrongRef automatically unlinking death recipients for binder (0xb4007ee31600e7e0) with descriptor: 'android.hardware.media.bufferpool2.IClientManager'
08-20 23:42:45.302   534   634 D AidlBufferPool: Destruction - bufferpool2 0xb4007ee446017ee8 cached: 0/0M, 0/0% in use; allocs: 0, 0% recycled; transfers: 0, 0% unfetched
08-20 23:42:45.303   531 13112 D NuPlayerDriver: notifyResetComplete(0xb4007ce78c01ea10)
08-20 23:42:45.303   531   617 W AMessage: failed to post message as target looper for handler 0 is gone.
08-20 23:42:45.362   473   573 I APM_AudioPolicyManager: getNewOutputDevices io 13 recent device override {AUDIO_DEVICE_OUT_SPEAKER, @:}
08-20 23:42:48.038   642   980 W AppOps  : Noting op not finished: uid 10227 pkg com.google.android.gms code 113 startTime of in progress event=1787245585796
08-20 23:42:48.041   642  1269 W AppOps  : Noting op not finished: uid 10227 pkg com.google.android.gms code 79 startTime of in progress event=1787245585796
08-20 23:42:48.045  1285  2331 I ActivityScheduler: nextTriggerTime: 9642083, in 238100ms, detectorType: 39, FULL_TYPE alarmWindowMillis: 80000
08-20 23:42:48.143   642   793 I HalDevMgr: bestIfaceCreationProposal is null, requestIface=STA, existingIface=[name=wlan0 type=STA]
08-20 23:42:48.226   642   799 D InetDiagMessage: Destroyed 0 sockets, proto=IPPROTO_TCP, family=AF_INET, states=14
08-20 23:42:48.226   642   799 D InetDiagMessage: Destroyed 0 sockets, proto=IPPROTO_TCP, family=AF_INET6, states=14
08-20 23:42:48.226   642   799 D InetDiagMessage: Destroyed live tcp sockets for uids={10252} in 0ms
08-20 23:42:48.226   642   799 D InetDiagMessage: Destroyed 0 sockets, proto=IPPROTO_TCP, family=AF_INET, states=14
08-20 23:42:48.227   642   799 D InetDiagMessage: Destroyed 0 sockets, proto=IPPROTO_TCP, family=AF_INET6, states=14
08-20 23:42:48.227   642   799 D InetDiagMessage: Destroyed live tcp sockets for uids={20252} in 0ms
08-20 23:42:48.230   432  5048 D android.hardware.audio@7.1-impl.ranchu: threadLoop: entering standby, frames: 6146112
08-20 23:42:48.230   432  5048 D android.hardware.audio@7.1-impl.ranchu: ~TinyalsaSink: joining consumeThread
08-20 23:42:48.230   432 13120 D android.hardware.audio@7.1-impl.ranchu: consumeThread: exiting
08-20 23:42:48.230   432  5048 D android.hardware.audio@7.1-impl.ranchu: ~TinyalsaSink: stopping PCM stream
08-20 23:42:48.517 13057 13126 D ProfileInstaller: Installing profile for com.izzes.nears
08-20 23:42:48.527   531 12370 D AidlBufferPoolAcc: evictor expired: 1, evicted: 0
08-20 23:42:49.040   642   869 W AppOps  : Noting op not finished: uid 10227 pkg com.google.android.gms code 113 startTime of in progress event=1787245585796
08-20 23:42:49.529   534   628 D AidlBufferPoolAcc: evictor expired: 1, evicted: 0
08-20 23:42:50.530   531 12370 D AidlBufferPool: bufferpool2 0xb4007ce6ec005548 : 0(0 size) total buffers - 0(0 size) used buffers - 95/103 (recycle/alloc) - 8/198 (fetch/transfer)
08-20 23:42:50.530   531 12370 D AidlBufferPoolAcc: evictor expired: 1, evicted: 1
08-20 23:42:50.530   534   628 D AidlBufferPool: bufferpool2 0xb4007ee44601f728 : 0(0 size) total buffers - 0(0 size) used buffers - 86/97 (recycle/alloc) - 11/96 (fetch/transfer)
08-20 23:42:50.530   534   628 D AidlBufferPoolAcc: evictor expired: 2, evicted: 1
08-20 23:42:51.003   880   880 I wpa_supplicant: wlan0: CTRL-EVENT-BEACON-LOSS 
08-20 23:42:51.149   642   793 I HalDevMgr: bestIfaceCreationProposal is null, requestIface=STA, existingIface=[name=wlan0 type=STA]
08-20 23:42:51.306   479   479 I adbd    : adbd service requested 'shell,v2,TERM=xterm-256color,raw:am kill com.izzes.nears'
08-20 23:42:51.315   642   869 I ActivityManager: Killing 13057:com.izzes.nears/u0a252 (adj 905): kill background
08-20 23:42:51.320   479   479 I adbd    : Remote process closed the socket (on MSG_PEEK)
08-20 23:42:51.321   642   869 V ActivityManager: Got obituary of 13057:com.izzes.nears
08-20 23:42:51.321   429   429 I Zygote  : Process 13057 exited due to signal 9 (Killed)
08-20 23:42:51.330   642   671 I libprocessgroup: Removed cgroup /sys/fs/cgroup/apps/uid_10252/pid_13057
08-20 23:42:52.236  1028  1186 D SatelliteController: isInCarrierRoamingNbIotNtn: satellite is disabled
08-20 23:42:52.237  1028  1186 D SatelliteController: getCarrierRoamingNtnConnectType: Checking connect type from PLMN config for subId: 1
08-20 23:42:52.237  1028  1186 D TelephonyConfigUpdateInstallReceiver: getConfigParser: domain=satellite
08-20 23:42:52.237  1028  1186 V SatelliteController: satelliteConfigParser is not ready
08-20 23:42:52.237  1028  1186 D SatelliteController: isSatelliteAttachSupportedViaConfigupdater: return null (satelliteConfig is null)
08-20 23:42:52.237  1028  1186 D SatelliteController: getSatellitePerPlmnConfiguration: invalid subId or not supported via carrier.
08-20 23:42:52.237  1028  1186 D SatelliteController: getCarrierRoamingNtnConnectType: config: null
08-20 23:42:52.237  1028  1186 D TelephonyConfigUpdateInstallReceiver: getConfigParser: domain=satellite
08-20 23:42:52.237  1028  1186 V SatelliteController: satelliteConfigParser is not ready
08-20 23:42:52.237  1028  1186 D SatelliteController: getCarrierRoamingNtnConnectTypeViaConfigUpdater: return null (satelliteConfig is null)
08-20 23:42:52.237  1028  1186 D SatelliteController: getCarrierRoamingNtnConnectType: Falling back to global carrier config connect type: 0
08-20 23:42:52.237  1028  1186 D TelephonyConfigUpdateInstallReceiver: getConfigParser: domain=satellite
08-20 23:42:52.237  1028  1186 V SatelliteController: satelliteConfigParser is not ready
08-20 23:42:52.237  1028  1186 D SatelliteController: isSatelliteAttachSupportedViaConfigupdater: return null (satelliteConfig is null)
08-20 23:42:52.237  1028  1186 D SatelliteController: getCarrierRoamingNtnConnectType: Checking connect type from PLMN config for subId: 1
08-20 23:42:52.237  1028  1186 D TelephonyConfigUpdateInstallReceiver: getConfigParser: domain=satellite
08-20 23:42:52.237  1028  1186 V SatelliteController: satelliteConfigParser is not ready
08-20 23:42:52.237  1028  1186 D SatelliteController: isSatelliteAttachSupportedViaConfigupdater: return null (satelliteConfig is null)
08-20 23:42:52.237  1028  1186 D SatelliteController: getSatellitePerPlmnConfiguration: invalid subId or not supported via carrier.
08-20 23:42:52.237  1028  1186 D SatelliteController: getCarrierRoamingNtnConnectType: config: null
08-20 23:42:52.237  1028  1186 D TelephonyConfigUpdateInstallReceiver: getConfigParser: domain=satellite
08-20 23:42:52.237  1028  1186 V SatelliteController: satelliteConfigParser is not ready
08-20 23:42:52.237  1028  1186 D SatelliteController: getCarrierRoamingNtnConnectTypeViaConfigUpdater: return null (satelliteConfig is null)
08-20 23:42:52.237  1028  1186 D SatelliteController: getCarrierRoamingNtnConnectType: Falling back to global carrier config connect type: 0
08-20 23:42:52.237  1028  1186 D TelephonyConfigUpdateInstallReceiver: getConfigParser: domain=satellite
08-20 23:42:52.237  1028  1186 V SatelliteController: satelliteConfigParser is not ready
08-20 23:42:52.238  1028  1186 D SatelliteController: isSatelliteAttachSupportedViaConfigupdater: return null (satelliteConfig is null)
08-20 23:42:52.238   642   869 W libbinder.IPCThreadState: Sending oneway calls to frozen process.
08-20 23:42:52.483  1285  1285 D BoundBrokerSvc: onRebind: Intent { act=com.google.android.gms.libs.gmscorelogger.service.START dat=chimera-action:/... xflg=0x4 cmp=com.google.android.gms/.chimera.PersistentDirectBootAwareApiService }
08-20 23:42:52.798   642   740 D ActivityManager: freezing 5388 com.google.android.gms
08-20 23:42:53.344   479   479 I adbd    : adbd service requested 'shell,v2,TERM=xterm-256color,raw:pidof com.izzes.nears'
08-20 23:42:54.160   642   793 I HalDevMgr: bestIfaceCreationProposal is null, requestIface=STA, existingIface=[name=wlan0 type=STA]
08-20 23:42:57.169   642   793 I HalDevMgr: bestIfaceCreationProposal is null, requestIface=STA, existingIface=[name=wlan0 type=STA]
08-20 23:42:58.245   479   479 I adbd    : adbd service requested 'shell,v2,TERM=xterm-256color,raw:dumpsys notification --noredact'
08-20 23:42:58.249   642  1776 I PackageManager: getInstalledPackages: callingUid=1000 flags=4096 updatedFlags=790528 userId=0
08-20 23:42:58.267   479   479 I adbd    : adbd service requested 'shell,v2,TERM=xterm-256color,raw:cmd statusbar expand-notifications'
08-20 23:42:58.272   894   894 D WindowOnBackDispatcher: setTopOnBackInvokedCallback (unwrapped): com.android.systemui.back.domain.interactor.BackActionInteractor$callback$2@c2ace8f
08-20 23:42:58.273   894  1176 D ShadeStatusBarComponentsInteractor#disableFlagsInteractor: newValue: DisableFlagsModel(disable1=0, disable2=0, animate=true)
08-20 23:42:58.273   642  1776 D CoreBackPreview: Window{f5ef045 u0 NotificationShade}: Setting back callback OnBackInvokedCallbackInfo{mCallback=android.window.IOnBackInvokedCallback$Stub$Proxy@57f8768, mPriority=0, mIsAnimationCallback=false, mOverrideBehavior=0}
08-20 23:42:58.273   519   519 W libbinder.IPCThreadState: Sending oneway calls to frozen process.
08-20 23:42:58.290   642   923 D WindowManager: setClientSurface Surface(name=VRI-NotificationShade#83)/@0x4fe8781 for f5ef045 NotificationShade
08-20 23:42:58.290   894   894 I Surface : Creating surface for consumer unnamed-894-23 with slotExpansion=1 for 64 slots
08-20 23:42:58.291   894   894 I Surface : Creating surface for consumer VRI[NotificationShade]#16(BLAST Consumer)16 with slotExpansion=1 for 64 slots
08-20 23:42:58.305   894   894 D DeviceEntryIconViewBinder: Initializing device entry fgIconView
08-20 23:42:58.306   642  1776 D BiometricService: canAuthenticate: User=0, Caller=0, Authenticators=255
08-20 23:42:58.307   642  1776 D BiometricService/PreAuthInfo: Package: com.android.systemui Sensor ID: 0 Modality: 2 User id: 0 Status: 7
08-20 23:42:58.307   642  1776 D BiometricService/PreAuthInfo: getCanAuthenticateInternal Modality: 2 AuthenticatorStatus: 7
08-20 23:42:58.307   642  1776 D AuthService: canAuthenticate, userId: 0, callingUserId: 0, authenticators: 255, result: 11
08-20 23:42:58.309   477   577 W skia    : AGTM parsing failed flags.readFromStream(s) at 159
08-20 23:42:58.309   477   577 W skia    : AGTM parsing failed flags.readFromStream(s) at 159
08-20 23:42:58.311   642  1776 D SystemServerTiming: getUserSwitchability-0
08-20 23:42:58.311   642  1776 D SystemServerTiming: TM.isInCall
08-20 23:42:58.311   642   923 D SystemServerTiming: getUserSwitchability-0
08-20 23:42:58.311   642   923 D SystemServerTiming: TM.isInCall
08-20 23:42:58.311   642   923 D SystemServerTiming: hasUserRestriction-DISALLOW_USER_SWITCH
08-20 23:42:58.311   642   923 D SystemServerTiming: getInt-ALLOW_USER_SWITCHING_WHEN_SYSTEM_USER_LOCKED
08-20 23:42:58.311   642   923 D SystemServerTiming: isUserUnlocked-USER_SYSTEM
08-20 23:42:58.311   642  1776 D SystemServerTiming: hasUserRestriction-DISALLOW_USER_SWITCH
08-20 23:42:58.311   642  1776 D SystemServerTiming: getInt-ALLOW_USER_SWITCHING_WHEN_SYSTEM_USER_LOCKED
08-20 23:42:58.311   642  1776 D SystemServerTiming: isUserUnlocked-USER_SYSTEM
08-20 23:42:58.312   894   894 D DLObserver: add listener: com.android.systemui.dock.DockManagerExtensionsKt$retrieveIsDocked$1$callback$1@e011a0c
08-20 23:42:58.312   894   894 D DLObserver: add listener: com.android.systemui.dock.DockManagerExtensionsKt$retrieveIsDocked$1$callback$1@dafef55
08-20 23:42:58.312   894   894 D DLObserver: add listener: com.android.systemui.dock.DockManagerExtensionsKt$retrieveIsDocked$1$callback$1@f92fd6a
08-20 23:42:58.312   894   894 D DLObserver: add listener: com.android.systemui.dock.DockManagerExtensionsKt$retrieveIsDocked$1$callback$1@4c8625b
08-20 23:42:58.312   894   894 D DLObserver: add listener: com.android.systemui.dock.DockManagerExtensionsKt$retrieveIsDocked$1$callback$1@4abcaf8
08-20 23:42:58.312   894   894 D DLObserver: add listener: com.android.systemui.dock.DockManagerExtensionsKt$retrieveIsDocked$1$callback$1@8cd2bd1
08-20 23:42:58.313   894  1154 D ControlsListingControllerImpl: Subscribing callback, service count: 0
08-20 23:42:58.313   894  1154 D ControlsListingControllerImpl: Subscribing callback, service count: 0
08-20 23:42:58.313   894  1154 D ControlsListingControllerImpl: Subscribing callback, service count: 0
08-20 23:42:58.314   894  1154 E QuickAccessWalletKeyguardQuickAffordanceConfig: Wallet card retrieval error, message: "null"
08-20 23:42:58.314   894  1154 E QuickAccessWalletKeyguardQuickAffordanceConfig: Wallet card retrieval error, message: "null"
08-20 23:42:58.314   894  1154 E QuickAccessWalletKeyguardQuickAffordanceConfig: Wallet card retrieval error, message: "null"
08-20 23:42:58.324   894  1387 D RingtonePlayer: stopAsync()
08-20 23:42:58.324   894  1387 D RingtonePlayer: stop
08-20 23:42:58.324   894 13144 D RingtonePlayer: RemoveFirst
08-20 23:42:58.324   894 13144 D RingtonePlayer: STOP
08-20 23:42:58.324   894 13144 W RingtonePlayer: STOP command without a player
08-20 23:42:58.327   894   894 D DLObserver: onDockEvent mDockState = 0
08-20 23:42:58.327   894   894 D DLObserver: onDockEvent mDockState = 0
08-20 23:42:58.327   894   894 D DLObserver: onDockEvent mDockState = 0
08-20 23:42:58.327   894   894 D DLObserver: onDockEvent mDockState = 0
08-20 23:42:58.327   894   894 D DLObserver: onDockEvent mDockState = 0
08-20 23:42:58.327   894   894 D DLObserver: onDockEvent mDockState = 0
08-20 23:42:58.363   894   894 D DeviceEntryIconViewBinder: Updating device entry icon image state ForegroundIconViewModel(type=UNLOCK, useAodVariant=false, tint=-2497793, padding=58)
08-20 23:42:58.376   894   894 W BlurChoreographer: Multiple blur values emitted in the same frame
08-20 23:42:58.377   894  1179 D ShadeStatusBarComponentsInteractor#disableFlagsInteractor: newValue: DisableFlagsModel(disable1=0, disable2=0, animate=false)
08-20 23:42:58.378  1043  1043 D BaseActivity: Launcher flags updated: [state_started|state_resumed|state_deferred_resumed|state_user_active] -[state_window_focused]
08-20 23:42:58.379   894   894 W BlurChoreographer: Multiple blur values emitted in the same frame
08-20 23:42:58.379   894   894 W BlurChoreographer: Multiple blur values emitted in the same frame
08-20 23:42:58.389   894   894 W BlurChoreographer: Multiple blur values emitted in the same frame
08-20 23:42:58.392   894   894 W BlurChoreographer: Multiple blur values emitted in the same frame
08-20 23:42:58.392   894   894 W BlurChoreographer: Multiple blur values emitted in the same frame
08-20 23:42:58.406   894   894 W BlurChoreographer: Multiple blur values emitted in the same frame
08-20 23:42:58.406   477   577 W skia    : AGTM parsing failed flags.readFromStream(s) at 159
08-20 23:42:58.406   477   577 W skia    : AGTM parsing failed flags.readFromStream(s) at 159
08-20 23:42:58.406   477   577 W skia    : AGTM parsing failed flags.readFromStream(s) at 159
08-20 23:42:58.406   477   577 W skia    : AGTM parsing failed flags.readFromStream(s) at 159
08-20 23:42:58.406   477   577 W skia    : AGTM parsing failed flags.readFromStream(s) at 159
08-20 23:42:58.406   477   577 W skia    : AGTM parsing failed flags.readFromStream(s) at 159
08-20 23:42:58.406   477   577 W skia    : AGTM parsing failed flags.readFromStream(s) at 159
08-20 23:42:58.409   477   577 W skia    : AGTM parsing failed flags.readFromStream(s) at 159
08-20 23:42:58.409   477   577 W skia    : AGTM parsing failed flags.readFromStream(s) at 159
08-20 23:42:58.409   477   577 W skia    : AGTM parsing failed flags.readFromStream(s) at 159
08-20 23:42:58.412   894   894 W BlurChoreographer: Multiple blur values emitted in the same frame
08-20 23:42:58.412   894   894 W BlurChoreographer: Multiple blur values emitted in the same frame
08-20 23:42:58.426   477   577 W skia    : AGTM parsing failed flags.readFromStream(s) at 159
08-20 23:42:58.426   477   577 W skia    : AGTM parsing failed flags.readFromStream(s) at 159
08-20 23:42:58.426   477   577 W skia    : AGTM parsing failed flags.readFromStream(s) at 159
08-20 23:42:58.426   477   577 W skia    : AGTM parsing failed flags.readFromStream(s) at 159
08-20 23:42:58.426   477   577 W skia    : AGTM parsing failed flags.readFromStream(s) at 159
08-20 23:42:58.426   477   577 W skia    : AGTM parsing failed flags.readFromStream(s) at 159
08-20 23:42:58.426   477   577 W skia    : AGTM parsing failed flags.readFromStream(s) at 159
08-20 23:42:58.428   894   894 W BlurChoreographer: Multiple blur values emitted in the same frame
08-20 23:42:58.429   894  1178 D StatusBar##isHomeStatusBarAllowed: newValue: false
08-20 23:42:58.429   894  1178 D StatusBar##canShowOngoingActivityChips: newValue: false
08-20 23:42:58.429   894  1178 D StatusBar##chips: newValue: Chips[allowed=false numChips=0]
08-20 23:42:58.431   894   894 W BlurChoreographer: Multiple blur values emitted in the same frame
08-20 23:42:58.431   894   894 W BlurChoreographer: Multiple blur values emitted in the same frame
08-20 23:42:58.440   477   577 W skia    : AGTM parsing failed flags.readFromStream(s) at 159
08-20 23:42:58.440   477   577 W skia    : AGTM parsing failed flags.readFromStream(s) at 159
08-20 23:42:58.440   477   577 W skia    : AGTM parsing failed flags.readFromStream(s) at 159
08-20 23:42:58.440   477   577 W skia    : AGTM parsing failed flags.readFromStream(s) at 159
08-20 23:42:58.440   477   577 W skia    : AGTM parsing failed flags.readFromStream(s) at 159
08-20 23:42:58.440   477   577 W skia    : AGTM parsing failed flags.readFromStream(s) at 159
08-20 23:42:58.440   477   577 W skia    : AGTM parsing failed flags.readFromStream(s) at 159
08-20 23:42:58.442   894   894 W BlurChoreographer: Multiple blur values emitted in the same frame
08-20 23:42:58.447   894   894 W BlurChoreographer: Multiple blur values emitted in the same frame
08-20 23:42:58.457   477   577 W skia    : AGTM parsing failed flags.readFromStream(s) at 159
08-20 23:42:58.457   477   577 W skia    : AGTM parsing failed flags.readFromStream(s) at 159
08-20 23:42:58.457   477   577 W skia    : AGTM parsing failed flags.readFromStream(s) at 159
08-20 23:42:58.457   477   577 W skia    : AGTM parsing failed flags.readFromStream(s) at 159
08-20 23:42:58.457   477   577 W skia    : AGTM parsing failed flags.readFromStream(s) at 159
08-20 23:42:58.457   477   577 W skia    : AGTM parsing failed flags.readFromStream(s) at 159
08-20 23:42:58.457   477   577 W skia    : AGTM parsing failed flags.readFromStream(s) at 159
08-20 23:42:58.459   894   894 W BlurChoreographer: Multiple blur values emitted in the same frame
08-20 23:42:58.473   477   577 W skia    : AGTM parsing failed flags.readFromStream(s) at 159
08-20 23:42:58.473   477   577 W skia    : AGTM parsing failed flags.readFromStream(s) at 159
08-20 23:42:58.473   477   577 W skia    : AGTM parsing failed flags.readFromStream(s) at 159
08-20 23:42:58.473   477   577 W skia    : AGTM parsing failed flags.readFromStream(s) at 159
08-20 23:42:58.473   477   577 W skia    : AGTM parsing failed flags.readFromStream(s) at 159
08-20 23:42:58.473   477   577 W skia    : AGTM parsing failed flags.readFromStream(s) at 159
08-20 23:42:58.473   477   577 W skia    : AGTM parsing failed flags.readFromStream(s) at 159
08-20 23:42:58.475   894   894 W BlurChoreographer: Multiple blur values emitted in the same frame
08-20 23:42:58.491   477   577 W skia    : AGTM parsing failed flags.readFromStream(s) at 159
08-20 23:42:58.491   477   577 W skia    : AGTM parsing failed flags.readFromStream(s) at 159
08-20 23:42:58.491   477   577 W skia    : AGTM parsing failed flags.readFromStream(s) at 159
08-20 23:42:58.491   477   577 W skia    : AGTM parsing failed flags.readFromStream(s) at 159
08-20 23:42:58.491   477   577 W skia    : AGTM parsing failed flags.readFromStream(s) at 159
08-20 23:42:58.492   477   577 W skia    : AGTM parsing failed flags.readFromStream(s) at 159
08-20 23:42:58.492   477   577 W skia    : AGTM parsing failed flags.readFromStream(s) at 159
08-20 23:42:58.492   894   894 W BlurChoreographer: Multiple blur values emitted in the same frame
08-20 23:42:58.506   894   894 W BlurChoreographer: Multiple blur values emitted in the same frame
08-20 23:42:58.506   477   577 W skia    : AGTM parsing failed flags.readFromStream(s) at 159
08-20 23:42:58.506   477   577 W skia    : AGTM parsing failed flags.readFromStream(s) at 159
08-20 23:42:58.506   477   577 W skia    : AGTM parsing failed flags.readFromStream(s) at 159
08-20 23:42:58.506   477   577 W skia    : AGTM parsing failed flags.readFromStream(s) at 159
08-20 23:42:58.506   477   577 W skia    : AGTM parsing failed flags.readFromStream(s) at 159
08-20 23:42:58.506   477   577 W skia    : AGTM parsing failed flags.readFromStream(s) at 159
08-20 23:42:58.506   477   577 W skia    : AGTM parsing failed flags.readFromStream(s) at 159
08-20 23:42:58.510   477   577 W skia    : AGTM parsing failed flags.readFromStream(s) at 159
08-20 23:42:58.510   477   577 W skia    : AGTM parsing failed flags.readFromStream(s) at 159
08-20 23:42:58.510   477   577 W skia    : AGTM parsing failed flags.readFromStream(s) at 159
08-20 23:42:58.522   477   577 W skia    : AGTM parsing failed flags.readFromStream(s) at 159
08-20 23:42:58.522   477   577 W skia    : AGTM parsing failed flags.readFromStream(s) at 159
08-20 23:42:58.522   477   577 W skia    : AGTM parsing failed flags.readFromStream(s) at 159
08-20 23:42:58.522   477   577 W skia    : AGTM parsing failed flags.readFromStream(s) at 159
08-20 23:42:58.522   477   577 W skia    : AGTM parsing failed flags.readFromStream(s) at 159
08-20 23:42:58.522   477   577 W skia    : AGTM parsing failed flags.readFromStream(s) at 159
08-20 23:42:58.522   477   577 W skia    : AGTM parsing failed flags.readFromStream(s) at 159
08-20 23:42:58.522   894   894 W BlurChoreographer: Multiple blur values emitted in the same frame
08-20 23:42:58.540   477   577 W skia    : AGTM parsing failed flags.readFromStream(s) at 159
08-20 23:42:58.540   477   577 W skia    : AGTM parsing failed flags.readFromStream(s) at 159
08-20 23:42:58.540   477   577 W skia    : AGTM parsing failed flags.readFromStream(s) at 159
08-20 23:42:58.540   477   577 W skia    : AGTM parsing failed flags.readFromStream(s) at 159
08-20 23:42:58.540   477   577 W skia    : AGTM parsing failed flags.readFromStream(s) at 159
08-20 23:42:58.540   477   577 W skia    : AGTM parsing failed flags.readFromStream(s) at 159
08-20 23:42:58.540   477   577 W skia    : AGTM parsing failed flags.readFromStream(s) at 159
08-20 23:42:58.541   894   894 W BlurChoreographer: Multiple blur values emitted in the same frame
08-20 23:42:58.557   477   577 W skia    : AGTM parsing failed flags.readFromStream(s) at 159
08-20 23:42:58.557   894   894 W BlurChoreographer: Multiple blur values emitted in the same frame
08-20 23:42:58.557   477   577 W skia    : AGTM parsing failed flags.readFromStream(s) at 159
08-20 23:42:58.557   477   577 W skia    : AGTM parsing failed flags.readFromStream(s) at 159
08-20 23:42:58.557   477   577 W skia    : AGTM parsing failed flags.readFromStream(s) at 159
08-20 23:42:58.557   477   577 W skia    : AGTM parsing failed flags.readFromStream(s) at 159
08-20 23:42:58.557   477   577 W skia    : AGTM parsing failed flags.readFromStream(s) at 159
08-20 23:42:58.557   477   577 W skia    : AGTM parsing failed flags.readFromStream(s) at 159
08-20 23:42:58.574   477   577 W skia    : AGTM parsing failed flags.readFromStream(s) at 159
08-20 23:42:58.574   477   577 W skia    : AGTM parsing failed flags.readFromStream(s) at 159
08-20 23:42:58.574   477   577 W skia    : AGTM parsing failed flags.readFromStream(s) at 159
08-20 23:42:58.574   477   577 W skia    : AGTM parsing failed flags.readFromStream(s) at 159
08-20 23:42:58.574   477   577 W skia    : AGTM parsing failed flags.readFromStream(s) at 159
08-20 23:42:58.574   477   577 W skia    : AGTM parsing failed flags.readFromStream(s) at 159
08-20 23:42:58.574   477   577 W skia    : AGTM parsing failed flags.readFromStream(s) at 159
08-20 23:42:58.590   477   577 W skia    : AGTM parsing failed flags.readFromStream(s) at 159
08-20 23:42:58.590   477   577 W skia    : AGTM parsing failed flags.readFromStream(s) at 159
08-20 23:42:58.590   477   577 W skia    : AGTM parsing failed flags.readFromStream(s) at 159
08-20 23:42:58.590   477   577 W skia    : AGTM parsing failed flags.readFromStream(s) at 159
08-20 23:42:58.590   477   577 W skia    : AGTM parsing failed flags.readFromStream(s) at 159
08-20 23:42:58.590   477   577 W skia    : AGTM parsing failed flags.readFromStream(s) at 159
08-20 23:42:58.590   477   577 W skia    : AGTM parsing failed flags.readFromStream(s) at 159
08-20 23:42:58.592   894   894 W BlurChoreographer: Multiple blur values emitted in the same frame
08-20 23:42:58.610   477   577 W skia    : AGTM parsing failed flags.readFromStream(s) at 159
08-20 23:42:58.610   477   577 W skia    : AGTM parsing failed flags.readFromStream(s) at 159
08-20 23:42:58.610   477   577 W skia    : AGTM parsing failed flags.readFromStream(s) at 159
08-20 23:42:58.611   477   577 W skia    : AGTM parsing failed flags.readFromStream(s) at 159
08-20 23:42:58.611   477   577 W skia    : AGTM parsing failed flags.readFromStream(s) at 159
08-20 23:42:58.611   477   577 W skia    : AGTM parsing failed flags.readFromStream(s) at 159
08-20 23:42:58.611   477   577 W skia    : AGTM parsing failed flags.readFromStream(s) at 159
08-20 23:42:58.612   477   577 W skia    : AGTM parsing failed flags.readFromStream(s) at 159
08-20 23:42:58.612   477   577 W skia    : AGTM parsing failed flags.readFromStream(s) at 159
08-20 23:42:58.612   477   577 W skia    : AGTM parsing failed flags.readFromStream(s) at 159
08-20 23:42:58.622   477   577 W skia    : AGTM parsing failed flags.readFromStream(s) at 159
08-20 23:42:58.622   477   577 W skia    : AGTM parsing failed flags.readFromStream(s) at 159
08-20 23:42:58.622   477   577 W skia    : AGTM parsing failed flags.readFromStream(s) at 159
08-20 23:42:58.622   477   577 W skia    : AGTM parsing failed flags.readFromStream(s) at 159
08-20 23:42:58.622   477   577 W skia    : AGTM parsing failed flags.readFromStream(s) at 159
08-20 23:42:58.622   477   577 W skia    : AGTM parsing failed flags.readFromStream(s) at 159
08-20 23:42:58.622   477   577 W skia    : AGTM parsing failed flags.readFromStream(s) at 159
08-20 23:42:58.623   894   894 W BlurChoreographer: Multiple blur values emitted in the same frame
08-20 23:42:58.641   642   797 E Nl80211Native: getChannelsMhzForBand: Wiphy index not recorded for band 8
08-20 23:42:58.641   642   797 E Nl80211Native: getChannelsMhzForBand: Wiphy index not recorded for band 16
08-20 23:42:58.641   642   797 D Nl80211Native: Ignoring unsupported scan type 2
08-20 23:42:58.641   477   577 W skia    : AGTM parsing failed flags.readFromStream(s) at 159
08-20 23:42:58.641   642   797 I Nl80211Proxy: Sending Nl80211 message: GenericNetlinkMsg{ nlHeader{StructNlMsgHdr{ nlmsg_len{56}, nlmsg_type{29()}, nlmsg_flags{5(NLM_F_REQUEST|NLM_F_ACK)}, nlmsg_seq{296}, nlmsg_pid{0} }}, genNlHeader{StructGenNlMsgHdr{ command{33}, version{1}, reserved{0} }}, attributes{[StructNlAttr{ nla_len{8}, nla_type{-32723}, nla_value{04000000}, }, StructNlAttr{ nla_len{8}, nla_type{3}, nla_value{10000000}, }, StructNlAttr{ nla_len{12}, nla_type{-32724}, nla_value{080000008F090000}, }, StructNlAttr{ nla_len{8}, nla_type{158}, nla_value{00000000}, }]} }
08-20 23:42:58.641   477   577 W skia    : AGTM parsing failed flags.readFromStream(s) at 159
08-20 23:42:58.641   477   577 W skia    : AGTM parsing failed flags.readFromStream(s) at 159
08-20 23:42:58.642   477   577 W skia    : AGTM parsing failed flags.readFromStream(s) at 159
08-20 23:42:58.642   477   577 W skia    : AGTM parsing failed flags.readFromStream(s) at 159
08-20 23:42:58.642   477   577 W skia    : AGTM parsing failed flags.readFromStream(s) at 159
08-20 23:42:58.642   477   577 W skia    : AGTM parsing failed flags.readFromStream(s) at 159
08-20 23:42:58.642   642   797 I Nl80211Proxy: Received NLMSG_ERROR with error 0 for message GenericNetlinkMsg{ nlHeader{StructNlMsgHdr{ nlmsg_len{56}, nlmsg_type{29()}, nlmsg_flags{5(NLM_F_REQUEST|NLM_F_ACK)}, nlmsg_seq{296}, nlmsg_pid{0} }}, genNlHeader{StructGenNlMsgHdr{ command{33}, version{1}, reserved{0} }}, attributes{[StructNlAttr{ nla_len{8}, nla_type{-32723}, nla_value{04000000}, }, StructNlAttr{ nla_len{8}, nla_type{3}, nla_value{10000000}, }, StructNlAttr{ nla_len{12}, nla_type{-32724}, nla_value{080000008F090000}, }, StructNlAttr{ nla_len{8}, nla_type{158}, nla_value{00000000}, }]} }
08-20 23:42:58.656   477   577 W skia    : AGTM parsing failed flags.readFromStream(s) at 159
08-20 23:42:58.656   477   577 W skia    : AGTM parsing failed flags.readFromStream(s) at 159
08-20 23:42:58.656   477   577 W skia    : AGTM parsing failed flags.readFromStream(s) at 159
08-20 23:42:58.656   477   577 W skia    : AGTM parsing failed flags.readFromStream(s) at 159
08-20 23:42:58.656   477   577 W skia    : AGTM parsing failed flags.readFromStream(s) at 159
08-20 23:42:58.656   477   577 W skia    : AGTM parsing failed flags.readFromStream(s) at 159
08-20 23:42:58.656   477   577 W skia    : AGTM parsing failed flags.readFromStream(s) at 159
08-20 23:42:58.674   477   577 W skia    : AGTM parsing failed flags.readFromStream(s) at 159
08-20 23:42:58.674   477   577 W skia    : AGTM parsing failed flags.readFromStream(s) at 159
08-20 23:42:58.674   477   577 W skia    : AGTM parsing failed flags.readFromStream(s) at 159
08-20 23:42:58.674   477   577 W skia    : AGTM parsing failed flags.readFromStream(s) at 159
08-20 23:42:58.674   477   577 W skia    : AGTM parsing failed flags.readFromStream(s) at 159
08-20 23:42:58.674   477   577 W skia    : AGTM parsing failed flags.readFromStream(s) at 159
08-20 23:42:58.674   477   577 W skia    : AGTM parsing failed flags.readFromStream(s) at 159
08-20 23:42:58.683   642   793 D WifiNative: Scan result ready event
08-20 23:42:58.683   642   797 I Nl80211Proxy: Sending Nl80211 message: GenericNetlinkMsg{ nlHeader{StructNlMsgHdr{ nlmsg_len{20}, nlmsg_type{29()}, nlmsg_flags{769(NLM_F_REQUEST|NLM_F_DUMP)}, nlmsg_seq{297}, nlmsg_pid{0} }}, genNlHeader{StructGenNlMsgHdr{ command{5}, version{1}, reserved{0} }}, attributes{[]} }
08-20 23:42:58.683   642   797 I Nl80211Proxy: Received NLMSG_DONE for message GenericNetlinkMsg{ nlHeader{StructNlMsgHdr{ nlmsg_len{20}, nlmsg_type{29()}, nlmsg_flags{769(NLM_F_REQUEST|NLM_F_DUMP)}, nlmsg_seq{297}, nlmsg_pid{0} }}, genNlHeader{StructGenNlMsgHdr{ command{5}, version{1}, reserved{0} }}, attributes{[]} }
08-20 23:42:58.683   642   797 W Nl80211Utils: Malformed NEW_INTERFACE response: missing attributes
08-20 23:42:58.683   642   797 I Nl80211Proxy: Sending Nl80211 message: GenericNetlinkMsg{ nlHeader{StructNlMsgHdr{ nlmsg_len{28}, nlmsg_type{29()}, nlmsg_flags{769(NLM_F_REQUEST|NLM_F_DUMP)}, nlmsg_seq{298}, nlmsg_pid{0} }}, genNlHeader{StructGenNlMsgHdr{ command{32}, version{1}, reserved{0} }}, attributes{[StructNlAttr{ nla_len{8}, nla_type{3}, nla_value{10000000}, }]} }
08-20 23:42:58.683   642   797 I Nl80211Proxy: Received NLMSG_DONE for message GenericNetlinkMsg{ nlHeader{StructNlMsgHdr{ nlmsg_len{28}, nlmsg_type{29()}, nlmsg_flags{769(NLM_F_REQUEST|NLM_F_DUMP)}, nlmsg_seq{298}, nlmsg_pid{0} }}, genNlHeader{StructGenNlMsgHdr{ command{32}, version{1}, reserved{0} }}, attributes{[StructNlAttr{ nla_len{8}, nla_type{3}, nla_value{10000000}, }]} }
08-20 23:42:58.683  1285  2110 I WifiScanner: onFullResults
08-20 23:42:58.683  1285  1727 I WifiScanner: onFullResults
08-20 23:42:58.685   642   793 I HalDevMgr: bestIfaceCreationProposal is null, requestIface=STA, existingIface=[name=wlan0 type=STA]
08-20 23:42:58.689   477   577 W skia    : AGTM parsing failed flags.readFromStream(s) at 159
08-20 23:42:58.689   477   577 W skia    : AGTM parsing failed flags.readFromStream(s) at 159
08-20 23:42:58.689   477   577 W skia    : AGTM parsing failed flags.readFromStream(s) at 159
08-20 23:42:58.689   477   577 W skia    : AGTM parsing failed flags.readFromStream(s) at 159
08-20 23:42:58.689   477   577 W skia    : AGTM parsing failed flags.readFromStream(s) at 159
08-20 23:42:58.689   477   577 W skia    : AGTM parsing failed flags.readFromStream(s) at 159
08-20 23:42:58.689   477   577 W skia    : AGTM parsing failed flags.readFromStream(s) at 159
08-20 23:42:58.690   894   894 W BlurChoreographer: Multiple blur values emitted in the same frame
08-20 23:42:58.707   477   577 W skia    : AGTM parsing failed flags.readFromStream(s) at 159
08-20 23:42:58.708   477   577 W skia    : AGTM parsing failed flags.readFromStream(s) at 159
08-20 23:42:58.708   477   577 W skia    : AGTM parsing failed flags.readFromStream(s) at 159
08-20 23:42:58.708   477   577 W skia    : AGTM parsing failed flags.readFromStream(s) at 159
08-20 23:42:58.708   477   577 W skia    : AGTM parsing failed flags.readFromStream(s) at 159
08-20 23:42:58.708   477   577 W skia    : AGTM parsing failed flags.readFromStream(s) at 159
08-20 23:42:58.708   477   577 W skia    : AGTM parsing failed flags.readFromStream(s) at 159
08-20 23:42:58.714   477   577 W skia    : AGTM parsing failed flags.readFromStream(s) at 159
08-20 23:42:58.714   477   577 W skia    : AGTM parsing failed flags.readFromStream(s) at 159
08-20 23:42:58.714   477   577 W skia    : AGTM parsing failed flags.readFromStream(s) at 159
08-20 23:42:58.724   477   577 W skia    : AGTM parsing failed flags.readFromStream(s) at 159
08-20 23:42:58.724   477   577 W skia    : AGTM parsing failed flags.readFromStream(s) at 159
08-20 23:42:58.724   477   577 W skia    : AGTM parsing failed flags.readFromStream(s) at 159
08-20 23:42:58.724   477   577 W skia    : AGTM parsing failed flags.readFromStream(s) at 159
08-20 23:42:58.724   477   577 W skia    : AGTM parsing failed flags.readFromStream(s) at 159
08-20 23:42:58.724   477   577 W skia    : AGTM parsing failed flags.readFromStream(s) at 159
08-20 23:42:58.724   477   577 W skia    : AGTM parsing failed flags.readFromStream(s) at 159
08-20 23:42:58.741   477   577 W skia    : AGTM parsing failed flags.readFromStream(s) at 159
08-20 23:42:58.741   477   577 W skia    : AGTM parsing failed flags.readFromStream(s) at 159
08-20 23:42:58.741   477   577 W skia    : AGTM parsing failed flags.readFromStream(s) at 159
08-20 23:42:58.741   477   577 W skia    : AGTM parsing failed flags.readFromStream(s) at 159
08-20 23:42:58.741   477   577 W skia    : AGTM parsing failed flags.readFromStream(s) at 159
08-20 23:42:58.741   477   577 W skia    : AGTM parsing failed flags.readFromStream(s) at 159
08-20 23:42:58.741   477   577 W skia    : AGTM parsing failed flags.readFromStream(s) at 159
08-20 23:42:58.758   477   577 W skia    : AGTM parsing failed flags.readFromStream(s) at 159
08-20 23:42:58.758   477   577 W skia    : AGTM parsing failed flags.readFromStream(s) at 159
08-20 23:42:58.758   477   577 W skia    : AGTM parsing failed flags.readFromStream(s) at 159
08-20 23:42:58.758   477   577 W skia    : AGTM parsing failed flags.readFromStream(s) at 159
08-20 23:42:58.758   477   577 W skia    : AGTM parsing failed flags.readFromStream(s) at 159
08-20 23:42:58.758   477   577 W skia    : AGTM parsing failed flags.readFromStream(s) at 159
08-20 23:42:58.758   477   577 W skia    : AGTM parsing failed flags.readFromStream(s) at 159
08-20 23:42:58.776   477   577 W skia    : AGTM parsing failed flags.readFromStream(s) at 159
08-20 23:42:58.776   477   577 W skia    : AGTM parsing failed flags.readFromStream(s) at 159
08-20 23:42:58.776   477   577 W skia    : AGTM parsing failed flags.readFromStream(s) at 159
08-20 23:42:58.776   477   577 W skia    : AGTM parsing failed flags.readFromStream(s) at 159
08-20 23:42:58.776   477   577 W skia    : AGTM parsing failed flags.readFromStream(s) at 159
08-20 23:42:58.776   477   577 W skia    : AGTM parsing failed flags.readFromStream(s) at 159
08-20 23:42:58.776   477   577 W skia    : AGTM parsing failed flags.readFromStream(s) at 159
08-20 23:42:58.791   477   577 W skia    : AGTM parsing failed flags.readFromStream(s) at 159
08-20 23:42:58.791   477   577 W skia    : AGTM parsing failed flags.readFromStream(s) at 159
08-20 23:42:58.791   477   577 W skia    : AGTM parsing failed flags.readFromStream(s) at 159
08-20 23:42:58.791   477   577 W skia    : AGTM parsing failed flags.readFromStream(s) at 159
08-20 23:42:58.791   477   577 W skia    : AGTM parsing failed flags.readFromStream(s) at 159
08-20 23:42:58.791   477   577 W skia    : AGTM parsing failed flags.readFromStream(s) at 159
08-20 23:42:58.791   477   577 W skia    : AGTM parsing failed flags.readFromStream(s) at 159
08-20 23:42:58.807   477   577 W skia    : AGTM parsing failed flags.readFromStream(s) at 159
08-20 23:42:58.807   477   577 W skia    : AGTM parsing failed flags.readFromStream(s) at 159
08-20 23:42:58.807   477   577 W skia    : AGTM parsing failed flags.readFromStream(s) at 159
08-20 23:42:58.807   477   577 W skia    : AGTM parsing failed flags.readFromStream(s) at 159
08-20 23:42:58.807   477   577 W skia    : AGTM parsing failed flags.readFromStream(s) at 159
08-20 23:42:58.807   477   577 W skia    : AGTM parsing failed flags.readFromStream(s) at 159
08-20 23:42:58.807   477   577 W skia    : AGTM parsing failed flags.readFromStream(s) at 159
08-20 23:42:58.816   477   577 W skia    : AGTM parsing failed flags.readFromStream(s) at 159
08-20 23:42:58.816   477   577 W skia    : AGTM parsing failed flags.readFromStream(s) at 159
08-20 23:42:58.816   477   577 W skia    : AGTM parsing failed flags.readFromStream(s) at 159
08-20 23:42:58.825   477   577 W skia    : AGTM parsing failed flags.readFromStream(s) at 159
08-20 23:42:58.825   477   577 W skia    : AGTM parsing failed flags.readFromStream(s) at 159
08-20 23:42:58.825   477   577 W skia    : AGTM parsing failed flags.readFromStream(s) at 159
08-20 23:42:58.825   477   577 W skia    : AGTM parsing failed flags.readFromStream(s) at 159
08-20 23:42:58.825   477   577 W skia    : AGTM parsing failed flags.readFromStream(s) at 159
08-20 23:42:58.825   477   577 W skia    : AGTM parsing failed flags.readFromStream(s) at 159
08-20 23:42:58.825   477   577 W skia    : AGTM parsing failed flags.readFromStream(s) at 159
08-20 23:42:58.839   477   577 W skia    : AGTM parsing failed flags.readFromStream(s) at 159
08-20 23:42:58.839   477   577 W skia    : AGTM parsing failed flags.readFromStream(s) at 159
08-20 23:42:58.839   477   577 W skia    : AGTM parsing failed flags.readFromStream(s) at 159
08-20 23:42:58.839   477   577 W skia    : AGTM parsing failed flags.readFromStream(s) at 159
08-20 23:42:58.839   477   577 W skia    : AGTM parsing failed flags.readFromStream(s) at 159
08-20 23:42:58.839   477   577 W skia    : AGTM parsing failed flags.readFromStream(s) at 159
08-20 23:42:58.839   477   577 W skia    : AGTM parsing failed flags.readFromStream(s) at 159
08-20 23:42:58.840   894   894 W BlurChoreographer: Multiple blur values emitted in the same frame
08-20 23:42:58.856   477   577 W skia    : AGTM parsing failed flags.readFromStream(s) at 159
08-20 23:42:58.856   477   577 W skia    : AGTM parsing failed flags.readFromStream(s) at 159
08-20 23:42:58.856   477   577 W skia    : AGTM parsing failed flags.readFromStream(s) at 159
08-20 23:42:58.856   477   577 W skia    : AGTM parsing failed flags.readFromStream(s) at 159
08-20 23:42:58.856   477   577 W skia    : AGTM parsing failed flags.readFromStream(s) at 159
08-20 23:42:58.856   477   577 W skia    : AGTM parsing failed flags.readFromStream(s) at 159
08-20 23:42:58.856   477   577 W skia    : AGTM parsing failed flags.readFromStream(s) at 159
08-20 23:42:58.874   477   577 W skia    : AGTM parsing failed flags.readFromStream(s) at 159
08-20 23:42:58.874   477   577 W skia    : AGTM parsing failed flags.readFromStream(s) at 159
08-20 23:42:58.874   477   577 W skia    : AGTM parsing failed flags.readFromStream(s) at 159
08-20 23:42:58.874   477   577 W skia    : AGTM parsing failed flags.readFromStream(s) at 159
08-20 23:42:58.874   477   577 W skia    : AGTM parsing failed flags.readFromStream(s) at 159
08-20 23:42:58.874   477   577 W skia    : AGTM parsing failed flags.readFromStream(s) at 159
08-20 23:42:58.874   477   577 W skia    : AGTM parsing failed flags.readFromStream(s) at 159
08-20 23:42:58.891   477   577 W skia    : AGTM parsing failed flags.readFromStream(s) at 159
08-20 23:42:58.891   477   577 W skia    : AGTM parsing failed flags.readFromStream(s) at 159
08-20 23:42:58.891   477   577 W skia    : AGTM parsing failed flags.readFromStream(s) at 159
08-20 23:42:58.891   477   577 W skia    : AGTM parsing failed flags.readFromStream(s) at 159
08-20 23:42:58.891   477   577 W skia    : AGTM parsing failed flags.readFromStream(s) at 159
08-20 23:42:58.891   477   577 W skia    : AGTM parsing failed flags.readFromStream(s) at 159
08-20 23:42:58.891   477   577 W skia    : AGTM parsing failed flags.readFromStream(s) at 159
08-20 23:42:58.906   477   577 W skia    : AGTM parsing failed flags.readFromStream(s) at 159
08-20 23:42:58.906   477   577 W skia    : AGTM parsing failed flags.readFromStream(s) at 159
08-20 23:42:58.906   477   577 W skia    : AGTM parsing failed flags.readFromStream(s) at 159
08-20 23:42:58.906   477   577 W skia    : AGTM parsing failed flags.readFromStream(s) at 159
08-20 23:42:58.906   477   577 W skia    : AGTM parsing failed flags.readFromStream(s) at 159
08-20 23:42:58.906   477   577 W skia    : AGTM parsing failed flags.readFromStream(s) at 159
08-20 23:42:58.906   477   577 W skia    : AGTM parsing failed flags.readFromStream(s) at 159
08-20 23:42:58.916   477   577 W skia    : AGTM parsing failed flags.readFromStream(s) at 159
08-20 23:42:58.917   477   577 W skia    : AGTM parsing failed flags.readFromStream(s) at 159
08-20 23:42:58.917   477   577 W skia    : AGTM parsing failed flags.readFromStream(s) at 159
08-20 23:42:58.923   477   577 W skia    : AGTM parsing failed flags.readFromStream(s) at 159
08-20 23:42:58.923   477   577 W skia    : AGTM parsing failed flags.readFromStream(s) at 159
08-20 23:42:58.923   477   577 W skia    : AGTM parsing failed flags.readFromStream(s) at 159
08-20 23:42:58.923   477   577 W skia    : AGTM parsing failed flags.readFromStream(s) at 159
08-20 23:42:58.923   477   577 W skia    : AGTM parsing failed flags.readFromStream(s) at 159
08-20 23:42:58.923   477   577 W skia    : AGTM parsing failed flags.readFromStream(s) at 159
08-20 23:42:58.923   477   577 W skia    : AGTM parsing failed flags.readFromStream(s) at 159
08-20 23:42:58.939   477   577 W skia    : AGTM parsing failed flags.readFromStream(s) at 159
08-20 23:42:58.939   477   577 W skia    : AGTM parsing failed flags.readFromStream(s) at 159
08-20 23:42:58.939   477   577 W skia    : AGTM parsing failed flags.readFromStream(s) at 159
08-20 23:42:58.939   477   577 W skia    : AGTM parsing failed flags.readFromStream(s) at 159
08-20 23:42:58.939   477   577 W skia    : AGTM parsing failed flags.readFromStream(s) at 159
08-20 23:42:58.939   477   577 W skia    : AGTM parsing failed flags.readFromStream(s) at 159
08-20 23:42:58.939   477   577 W skia    : AGTM parsing failed flags.readFromStream(s) at 159
08-20 23:42:58.956   477   577 W skia    : AGTM parsing failed flags.readFromStream(s) at 159
08-20 23:42:58.956   477   577 W skia    : AGTM parsing failed flags.readFromStream(s) at 159
08-20 23:42:58.956   477   577 W skia    : AGTM parsing failed flags.readFromStream(s) at 159
08-20 23:42:58.956   477   577 W skia    : AGTM parsing failed flags.readFromStream(s) at 159
08-20 23:42:58.956   477   577 W skia    : AGTM parsing failed flags.readFromStream(s) at 159
08-20 23:42:58.956   477   577 W skia    : AGTM parsing failed flags.readFromStream(s) at 159
08-20 23:42:58.956   477   577 W skia    : AGTM parsing failed flags.readFromStream(s) at 159
08-20 23:42:58.974   477   577 W skia    : AGTM parsing failed flags.readFromStream(s) at 159
08-20 23:42:58.974   477   577 W skia    : AGTM parsing failed flags.readFromStream(s) at 159
08-20 23:42:58.974   477   577 W skia    : AGTM parsing failed flags.readFromStream(s) at 159
08-20 23:42:58.974   477   577 W skia    : AGTM parsing failed flags.readFromStream(s) at 159
08-20 23:42:58.974   477   577 W skia    : AGTM parsing failed flags.readFromStream(s) at 159
08-20 23:42:58.974   477   577 W skia    : AGTM parsing failed flags.readFromStream(s) at 159
08-20 23:42:58.974   477   577 W skia    : AGTM parsing failed flags.readFromStream(s) at 159
08-20 23:42:58.995   477   577 W skia    : AGTM parsing failed flags.readFromStream(s) at 159
08-20 23:42:58.995   477   577 W skia    : AGTM parsing failed flags.readFromStream(s) at 159
08-20 23:42:58.995   477   577 W skia    : AGTM parsing failed flags.readFromStream(s) at 159
08-20 23:42:58.995   477   577 W skia    : AGTM parsing failed flags.readFromStream(s) at 159
08-20 23:42:58.995   477   577 W skia    : AGTM parsing failed flags.readFromStream(s) at 159
08-20 23:42:58.995   477   577 W skia    : AGTM parsing failed flags.readFromStream(s) at 159
08-20 23:42:58.995   477   577 W skia    : AGTM parsing failed flags.readFromStream(s) at 159
08-20 23:42:59.005   477   577 W skia    : AGTM parsing failed flags.readFromStream(s) at 159
08-20 23:42:59.006   477   577 W skia    : AGTM parsing failed flags.readFromStream(s) at 159
08-20 23:42:59.006   477   577 W skia    : AGTM parsing failed flags.readFromStream(s) at 159
08-20 23:42:59.006   477   577 W skia    : AGTM parsing failed flags.readFromStream(s) at 159
08-20 23:42:59.006   477   577 W skia    : AGTM parsing failed flags.readFromStream(s) at 159
08-20 23:42:59.006   477   577 W skia    : AGTM parsing failed flags.readFromStream(s) at 159
08-20 23:42:59.006   477   577 W skia    : AGTM parsing failed flags.readFromStream(s) at 159
08-20 23:42:59.017   477   577 W skia    : AGTM parsing failed flags.readFromStream(s) at 159
08-20 23:42:59.018   477   577 W skia    : AGTM parsing failed flags.readFromStream(s) at 159
08-20 23:42:59.018   477   577 W skia    : AGTM parsing failed flags.readFromStream(s) at 159
08-20 23:42:59.022   477   577 W skia    : AGTM parsing failed flags.readFromStream(s) at 159
08-20 23:42:59.022   477   577 W skia    : AGTM parsing failed flags.readFromStream(s) at 159
08-20 23:42:59.022   477   577 W skia    : AGTM parsing failed flags.readFromStream(s) at 159
08-20 23:42:59.022   477   577 W skia    : AGTM parsing failed flags.readFromStream(s) at 159
08-20 23:42:59.022   477   577 W skia    : AGTM parsing failed flags.readFromStream(s) at 159
08-20 23:42:59.022   477   577 W skia    : AGTM parsing failed flags.readFromStream(s) at 159
08-20 23:42:59.022   477   577 W skia    : AGTM parsing failed flags.readFromStream(s) at 159
08-20 23:42:59.045   477   577 W skia    : AGTM parsing failed flags.readFromStream(s) at 159
08-20 23:42:59.045   477   577 W skia    : AGTM parsing failed flags.readFromStream(s) at 159
08-20 23:42:59.045   477   577 W skia    : AGTM parsing failed flags.readFromStream(s) at 159
08-20 23:42:59.045   477   577 W skia    : AGTM parsing failed flags.readFromStream(s) at 159
08-20 23:42:59.045   477   577 W skia    : AGTM parsing failed flags.readFromStream(s) at 159
08-20 23:42:59.045   477   577 W skia    : AGTM parsing failed flags.readFromStream(s) at 159
08-20 23:42:59.045   477   577 W skia    : AGTM parsing failed flags.readFromStream(s) at 159
08-20 23:42:59.056   477   577 W skia    : AGTM parsing failed flags.readFromStream(s) at 159
08-20 23:42:59.056   477   577 W skia    : AGTM parsing failed flags.readFromStream(s) at 159
08-20 23:42:59.056   477   577 W skia    : AGTM parsing failed flags.readFromStream(s) at 159
08-20 23:42:59.056   477   577 W skia    : AGTM parsing failed flags.readFromStream(s) at 159
08-20 23:42:59.056   477   577 W skia    : AGTM parsing failed flags.readFromStream(s) at 159
08-20 23:42:59.056   477   577 W skia    : AGTM parsing failed flags.readFromStream(s) at 159
08-20 23:42:59.056   477   577 W skia    : AGTM parsing failed flags.readFromStream(s) at 159
08-20 23:42:59.072   477   577 W skia    : AGTM parsing failed flags.readFromStream(s) at 159
08-20 23:42:59.073   477   577 W skia    : AGTM parsing failed flags.readFromStream(s) at 159
08-20 23:42:59.073   477   577 W skia    : AGTM parsing failed flags.readFromStream(s) at 159
08-20 23:42:59.073   477   577 W skia    : AGTM parsing failed flags.readFromStream(s) at 159
08-20 23:42:59.073   477   577 W skia    : AGTM parsing failed flags.readFromStream(s) at 159
08-20 23:42:59.073   477   577 W skia    : AGTM parsing failed flags.readFromStream(s) at 159
08-20 23:42:59.073   477   577 W skia    : AGTM parsing failed flags.readFromStream(s) at 159
08-20 23:42:59.093   477   577 W skia    : AGTM parsing failed flags.readFromStream(s) at 159
08-20 23:42:59.093   477   577 W skia    : AGTM parsing failed flags.readFromStream(s) at 159
08-20 23:42:59.093   477   577 W skia    : AGTM parsing failed flags.readFromStream(s) at 159
08-20 23:42:59.093   477   577 W skia    : AGTM parsing failed flags.readFromStream(s) at 159
08-20 23:42:59.093   477   577 W skia    : AGTM parsing failed flags.readFromStream(s) at 159
08-20 23:42:59.093   477   577 W skia    : AGTM parsing failed flags.readFromStream(s) at 159
08-20 23:42:59.093   477   577 W skia    : AGTM parsing failed flags.readFromStream(s) at 159
08-20 23:42:59.110   477   577 W skia    : AGTM parsing failed flags.readFromStream(s) at 159
08-20 23:42:59.110   477   577 W skia    : AGTM parsing failed flags.readFromStream(s) at 159
08-20 23:42:59.110   477   577 W skia    : AGTM parsing failed flags.readFromStream(s) at 159
08-20 23:42:59.110   477   577 W skia    : AGTM parsing failed flags.readFromStream(s) at 159
08-20 23:42:59.110   477   577 W skia    : AGTM parsing failed flags.readFromStream(s) at 159
08-20 23:42:59.110   477   577 W skia    : AGTM parsing failed flags.readFromStream(s) at 159
08-20 23:42:59.110   477   577 W skia    : AGTM parsing failed flags.readFromStream(s) at 159
08-20 23:42:59.119   477   577 W skia    : AGTM parsing failed flags.readFromStream(s) at 159
08-20 23:42:59.119   477   577 W skia    : AGTM parsing failed flags.readFromStream(s) at 159
08-20 23:42:59.119   477   577 W skia    : AGTM parsing failed flags.readFromStream(s) at 159
08-20 23:43:00.023   477   577 W skia    : AGTM parsing failed flags.readFromStream(s) at 159
08-20 23:43:00.023   477   577 W skia    : AGTM parsing failed flags.readFromStream(s) at 159
08-20 23:43:00.023   477   577 W skia    : AGTM parsing failed flags.readFromStream(s) at 159
08-20 23:43:00.023   477   577 W skia    : AGTM parsing failed flags.readFromStream(s) at 159
08-20 23:43:00.023   477   577 W skia    : AGTM parsing failed flags.readFromStream(s) at 159
08-20 23:43:00.023   477   577 W skia    : AGTM parsing failed flags.readFromStream(s) at 159
08-20 23:43:00.023   477   577 W skia    : AGTM parsing failed flags.readFromStream(s) at 159
08-20 23:43:00.025   477   577 W skia    : AGTM parsing failed flags.readFromStream(s) at 159
08-20 23:43:00.025   477   577 W skia    : AGTM parsing failed flags.readFromStream(s) at 159
08-20 23:43:00.025   477   577 W skia    : AGTM parsing failed flags.readFromStream(s) at 159
08-20 23:43:00.176   642   793 I HalDevMgr: bestIfaceCreationProposal is null, requestIface=STA, existingIface=[name=wlan0 type=STA]
08-20 23:43:00.293   479   479 I adbd    : adbd service requested 'exec:uiautomator 'dump' '/sdcard/notif_dump3.xml''
08-20 23:43:00.325 13147 13147 D AndroidRuntime: >>>>>> START com.android.internal.os.RuntimeInit uid 2000 <<<<<<
08-20 23:43:00.327 13147 13147 I AndroidRuntime: Using default boot image
08-20 23:43:00.327 13147 13147 I AndroidRuntime: Leaving lock profiling enabled
08-20 23:43:00.328 13147 13147 I app_process: Core platform API enforcement enabled from the hiddenapi_platform_enforcement flag and the device API level
08-20 23:43:00.328 13147 13147 I app_process: Using generational CollectorTypeCMC GC.
08-20 23:43:00.345 13147 13147 D nativeloader: InitDefaultPublicLibraries for_preload=1: libandroid.so:libaaudio.so:libamidi.so:libbinder_ndk.so:libc.so:libcamera2ndk.so:libdl.so:libEGL.so:libGLESv1_CM.so:libGLESv2.so:libGLESv3.so:libicu.so:libicui18n.so:libicuuc.so:libjnigraphics.so:liblog.so:libmediandk.so:libm.so:libnativehelper.so:libnativewindow.so:libOpenMAXAL.so:libOpenSLES.so:libRS.so:libstdc++.so:libsync.so:libvulkan.so:libwebviewchromium_plat_support.so:libz.so
08-20 23:43:00.348 13147 13147 D nativeloader: Load libicu_jni.so using APEX ns com_android_art for caller /apex/com.android.art/javalib/core-oj.jar: ok
08-20 23:43:00.348 13147 13147 D app_process: u_setTimeZoneFilesDirectory("/apex/com.android.tzdata/etc/tz/versioned/10/icu") succeeded. 
08-20 23:43:00.348 13147 13147 D app_process: I18n APEX ICU file found: /apex/com.android.i18n/etc/icu/icudt78l.dat
08-20 23:43:00.348 13147 13147 D nativeloader: Load libjavacore.so using APEX ns com_android_art for caller /apex/com.android.art/javalib/core-oj.jar: ok
08-20 23:43:00.348 13147 13147 D nativeloader: Load libopenjdk.so using APEX ns com_android_art for caller /apex/com.android.art/javalib/core-oj.jar: ok
08-20 23:43:00.348 13147 13147 I app_process: Priority-to-niceness mapping: 19, 16, 13, 10, 0, -2, -4, -5, -6, -8
08-20 23:43:00.349 13147 13147 W app_process: ClassLoaderContext shared library size mismatch. Expected=2, found=0 (PCL[]{PCL[/system/framework/android.test.base.jar*736588042]#PCL[/system/framework/android.test.mock.jar*4008448454]} | PCL[])
08-20 23:43:00.349 13147 13147 W app_process: ClassLoaderContext classpath size mismatch. expected=0, found=1 (PCL[]{PCL[/system/framework/android.test.runner.jar*805256125]{PCL[/system/framework/android.test.base.jar*736588042]#PCL[/system/framework/android.test.mock.jar*4008448454]}#PCL[/system/framework/android.test.base.jar*736588042]} | PCL[/system/framework/android.test.runner.jar*805256125])
08-20 23:43:00.356 13147 13147 D nativeloader: Load libframework-connectivity-tiramisu-jni.so using APEX ns com_android_tethering for caller /apex/com.android.tethering/javalib/framework-connectivity-t.jar: ok
08-20 23:43:00.356 13147 13147 D AndroidRuntime: Calling main entry com.android.commands.uiautomator.Launcher
08-20 23:43:00.357 13147 13147 I AconfigPackage: android.media.swcodec.flags is mapped to com.android.media.swcodec
08-20 23:43:00.357 13147 13147 I AconfigPackage: com.android.permission.flags is mapped to com.android.permission
08-20 23:43:00.357 13147 13147 I AconfigPackage: com.android.permissioncontroller.flags is mapped to com.android.permission
08-20 23:43:00.357 13147 13147 I AconfigPackage: com.google.android.widevine.flags is mapped to com.google.android.widevine
08-20 23:43:00.357 13147 13147 I AconfigPackage: com.android.icu is mapped to com.android.i18n
08-20 23:43:00.357 13147 13147 I AconfigPackage: com.android.appsearch.flags is mapped to com.android.appsearch
08-20 23:43:00.357 13147 13147 I AconfigPackage: com.android.uprobestats.flags is mapped to com.android.uprobestats
08-20 23:43:00.357 13147 13147 I AconfigPackage: android.uprobestats.mainline.flags is mapped to com.android.uprobestats
08-20 23:43:00.357 13147 13147 I AconfigPackage: com.android.crashrecovery.flags is mapped to com.android.crashrecovery
08-20 23:43:00.357 13147 13147 I AconfigPackage: android.provider.flags is mapped to com.android.configinfrastructure
08-20 23:43:00.357 13147 13147 I AconfigPackage: com.android.server.deviceconfig is mapped to com.android.configinfrastructure
08-20 23:43:00.357 13147 13147 I AconfigPackage: com.android.art.flags is mapped to com.android.art
08-20 23:43:00.357 13147 13147 I AconfigPackage: com.android.art.rw.flags is mapped to com.android.art
08-20 23:43:00.357 13147 13147 I AconfigPackage: com.android.libcore is mapped to com.android.art
08-20 23:43:00.357 13147 13147 I AconfigPackage: android.telecom.flags is mapped to com.android.telephonycore
08-20 23:43:00.357 13147 13147 I AconfigPackage: com.android.internal.telecom.flags is mapped to com.android.telephonycore
08-20 23:43:00.357 13147 13147 I AconfigPackage: com.android.telephony.flags is mapped to com.android.telephonycore
08-20 23:43:00.357 13147 13147 I AconfigPackage: com.android.media.extractor.flags is mapped to com.android.media
08-20 23:43:00.357 13147 13147 I AconfigPackage: com.android.media.metrics.flags is mapped to com.android.media
08-20 23:43:00.357 13147 13147 I AconfigPackage: com.android.media.mainline.flags is mapped to com.android.media
08-20 23:43:00.357 13147 13147 I AconfigPackage: com.android.wifi.flags is mapped to com.android.wifi
08-20 23:43:00.357 13147 13147 I AconfigPackage: com.android.org.conscrypt.flags is mapped to com.android.conscrypt
08-20 23:43:00.357 13147 13147 I AconfigPackage: com.android.org.conscrypt.net.flags is mapped to com.android.conscrypt
08-20 23:43:00.357 13147 13147 I AconfigPackage: com.android.healthfitness.flags is mapped to com.android.healthfitness
08-20 23:43:00.357 13147 13147 I AconfigPackage: com.android.ipsec.flags is mapped to com.android.ipsec
08-20 23:43:00.357 13147 13147 I AconfigPackage: com.android.nfc.module.flags is mapped to com.android.nfcservices
08-20 23:43:00.357 13147 13147 I AconfigPackage: com.android.nfc.module.nonexported.flags is mapped to com.android.nfcservices
08-20 23:43:00.357 13147 13147 I AconfigPackage: com.android.adservices.ondevicepersonalization.flags is mapped to com.android.ondevicepersonalization
08-20 23:43:00.357 13147 13147 I AconfigPackage: com.android.adbd.flags is mapped to com.android.adbd
08-20 23:43:00.357 13147 13147 I AconfigPackage: com.android.bluetooth.beta.flags is mapped to com.android.bt
08-20 23:43:00.357 13147 13147 I AconfigPackage: com.android.bluetooth.flags is mapped to com.android.bt
08-20 23:43:00.357 13147 13147 I AconfigPackage: com.android.devicelock.flags is mapped to com.android.devicelock
08-20 23:43:00.357 13147 13147 I AconfigPackage: android.os.profiling is mapped to com.android.profiling
08-20 23:43:00.357 13147 13147 I AconfigPackage: android.os.profiling.anomaly.flags is mapped to com.android.profiling
08-20 23:43:00.357 13147 13147 I AconfigPackage: com.android.os.statsd.flags is mapped to com.android.os.statsd
08-20 23:43:00.357 13147 13147 I AconfigPackage: com.android.webapp.flags is mapped to com.android.webapp
08-20 23:43:00.357 13147 13147 I AconfigPackage: com.android.rkpd.flags is mapped to com.android.rkpd
08-20 23:43:00.358 13147 13147 I AconfigPackage: com.android.cellbroadcastreceiver.flags is mapped to com.android.cellbroadcast
08-20 23:43:00.358 13147 13147 I AconfigPackage: com.android.adservices.flags is mapped to com.android.adservices
08-20 23:43:00.358 13147 13147 I AconfigPackage: com.android.sdksandbox.flags is mapped to com.android.adservices
08-20 23:43:00.358 13147 13147 I AconfigPackage: android.app.sdksandbox.flags is mapped to com.android.adservices
08-20 23:43:00.358 13147 13147 I AconfigPackage: com.android.uwb.flags is mapped to com.android.uwb
08-20 23:43:00.358 13147 13147 I AconfigPackage: com.android.ranging.flags is mapped to com.android.uwb
08-20 23:43:00.358 13147 13147 I AconfigPackage: com.android.npumanager is mapped to com.android.npumanager
08-20 23:43:00.358 13147 13147 I AconfigPackage: android.graphics.pdf.flags is mapped to com.android.mediaprovider
08-20 23:43:00.358 13147 13147 I AconfigPackage: com.android.providers.media.flags is mapped to com.android.mediaprovider
08-20 23:43:00.358 13147 13147 I AconfigPackage: android.graphics.pdf.flags.readonly is mapped to com.android.mediaprovider
08-20 23:43:00.358 13147 13147 I AconfigPackage: com.android.tethering.mainline.beta is mapped to com.android.tethering
08-20 23:43:00.358 13147 13147 I AconfigPackage: android.net.http is mapped to com.android.tethering
08-20 23:43:00.358 13147 13147 I AconfigPackage: com.android.tethering.readonly.flags is mapped to com.android.tethering
08-20 23:43:00.358 13147 13147 I AconfigPackage: android.net.vcn is mapped to com.android.tethering
08-20 23:43:00.358 13147 13147 I AconfigPackage: com.android.net.flags is mapped to com.android.tethering
08-20 23:43:00.358 13147 13147 I AconfigPackage: com.android.tethering.flags is mapped to com.android.tethering
08-20 23:43:00.358 13147 13147 I AconfigPackage: com.android.tethering.beta.test is mapped to com.android.tethering
08-20 23:43:00.358 13147 13147 I AconfigPackage: com.android.nearby.flags is mapped to com.android.tethering
08-20 23:43:00.358 13147 13147 I AconfigPackage: com.android.net.thread.flags is mapped to com.android.tethering
08-20 23:43:00.358 13147 13147 I AconfigPackage: com.android.net.ct.flags is mapped to com.android.tethering
08-20 23:43:00.358 13147 13147 I AconfigPackage: com.android.system.virtualmachine.flags is mapped to com.android.virt
08-20 23:43:00.358 13147 13147 E FeatureFlagsImplExport: android.os.flagging.AconfigStorageReadException: ERROR_PACKAGE_NOT_FOUND: package android.xr cannot be found on the device
08-20 23:43:00.358 13147 13147 D UiAutomationConnection: Created on user UserHandle{0}
08-20 23:43:00.358 13147 13147 I UiAutomation: Initialized for user 0 on display 0
08-20 23:43:00.358 13147 13147 W UiAutomation: Created with deprecatead constructor, assumes DEFAULT_DISPLAY
08-20 23:43:00.359   642  1776 D AccessibilityManagerService: changeCurrentUserForTestAutomationIfNeededLocked(0): ignoring because device doesn't support visible background users
08-20 23:43:00.359   642  1776 I UiAutomationManager: Registering UiTestAutomationService (id=com.android.server.accessibility/UiAutomation, flags=0x0) when called by user 0
08-20 23:43:00.359   642  1776 V AccessibilityManagerService: onUserStateChangedLocked for userId: 0, forceUpdate: false
08-20 23:43:00.359   642  1776 V AccessibilityUserState: updateShortcutTargets: type:accessibility_shortcut_target_service, current:{}, new:{}
08-20 23:43:00.359   642  1776 V AccessibilityUserState: updateShortcutTargets: type:accessibility_button_targets, current:{}, new:{}
08-20 23:43:00.359   642  1776 V AccessibilityUserState: updateShortcutTargets: type:accessibility_gesture_targets, current:{}, new:{}
08-20 23:43:00.359   642  1776 V AccessibilityUserState: updateShortcutTargets: type:accessibility_qs_targets, current:{}, new:{}
08-20 23:43:00.359   642  1776 V AccessibilityUserState: updateShortcutTargets: type:accessibility_key_gesture_targets, current:{}, new:{}
08-20 23:43:00.359   642  1776 V AccessibilityUserState: updateShortcutTargets: type:accessibility_top_row_key_targets, current:{}, new:{}
08-20 23:43:00.359   642  1776 V AccessibilityUserState: updateShortcutTargets: type:accessibility_quick_access_targets, current:{}, new:{}
08-20 23:43:00.359   642  1776 W MagnificationConnectionManager: requestConnection duplicated request: connect=false, mConnectionState=DISCONNECTED
08-20 23:43:00.359  1655  2190 I AiAiEcho: Settings changed for uri: content://settings/secure/accessibility_enabled
08-20 23:43:00.360   642   642 W libbinder.IPCThreadState: Sending oneway calls to frozen process.
08-20 23:43:00.360  1655  1820 I AiAiEcho: Predicting[0]:  [CONTEXT sampling_count=5 ]
08-20 23:43:00.360  1655  1820 I AiAiEcho: EchoTargets: 
08-20 23:43:00.360  1655  1820 I AiAiEcho: Filtered by AiAi flag check: 
08-20 23:43:00.360  1655  1820 I AiAiEcho: [CONTEXT ratelimit_period="10 SECONDS" ]
08-20 23:43:00.360   642   642 W libbinder.IPCThreadState: Sending oneway calls to frozen process.
08-20 23:43:00.360   642   642 W libbinder.IPCThreadState: Sending oneway calls to frozen process.
08-20 23:43:00.360  1655  1820 I AiAiEcho: #remoteViewsTwiddler: feature disabled.
08-20 23:43:00.360  1655  1820 I AiAiEcho: Predicting[0]:  [CONTEXT sampling_count=5 ]
08-20 23:43:00.360  1655  1820 I AiAiEcho: EchoTargets: 
08-20 23:43:00.360  1655  1820 I AiAiEcho: Filtered by AiAi flag check: 
08-20 23:43:00.360  1655  1820 I AiAiEcho: [CONTEXT ratelimit_period="10 SECONDS" ]
08-20 23:43:00.360  1655  1820 I AiAiEcho: #remoteViewsTwiddler: feature disabled.
08-20 23:43:00.360  1655  1820 I AiAiEcho: Predicting[0]:  [CONTEXT sampling_count=5 ]
08-20 23:43:00.360   642   642 W libbinder.IPCThreadState: Sending oneway calls to frozen process.
08-20 23:43:00.360  1655  1820 I AiAiEcho: EchoTargets: 
08-20 23:43:00.360  1655  1820 I AiAiEcho: Filtered by AiAi flag check: 
08-20 23:43:00.360  1655  1820 I AiAiEcho: [CONTEXT ratelimit_period="10 SECONDS" ]
08-20 23:43:00.360   642   642 W libbinder.IPCThreadState: Sending oneway calls to frozen process.
08-20 23:43:00.360  1655  1820 I AiAiEcho: #remoteViewsTwiddler: feature disabled.
08-20 23:43:00.360   642   642 W libbinder.IPCThreadState: Sending oneway calls to frozen process.
08-20 23:43:00.360  1655  1820 I AiAiEcho: #postPredictionTargets: Sending updates to UISurface lockscreen with targets# 0 (types=[])
08-20 23:43:00.360   642   923 V AccessibilityManagerService: onUserStateChangedLocked for userId: 0, forceUpdate: false
08-20 23:43:00.360  1655  1820 I AiAiEcho: #postPredictionTargets: Sending updates to UISurface ambientcue with targets# 0 (types=[])
08-20 23:43:00.360   642   642 W libbinder.IPCThreadState: Sending oneway calls to frozen process.
08-20 23:43:00.360   642   642 W libbinder.IPCThreadState: Sending oneway calls to frozen process.
08-20 23:43:00.360  1655  1820 I AiAiEcho: #postPredictionTargets: Sending updates to UISurface home with targets# 0 (types=[])
08-20 23:43:00.360   642   642 W libbinder.IPCThreadState: Sending oneway calls to frozen process.
08-20 23:43:00.360   894  1154 I AmbientCueRepository: Receiving SmartSpace targets # 0
08-20 23:43:00.360   642   923 V AccessibilityUserState: updateShortcutTargets: type:accessibility_shortcut_target_service, current:{}, new:{}
08-20 23:43:00.361   642   923 V AccessibilityUserState: updateShortcutTargets: type:accessibility_button_targets, current:{}, new:{}
08-20 23:43:00.361   642   923 V AccessibilityUserState: updateShortcutTargets: type:accessibility_gesture_targets, current:{}, new:{}
08-20 23:43:00.361   642   923 V AccessibilityUserState: updateShortcutTargets: type:accessibility_qs_targets, current:{}, new:{}
08-20 23:43:00.361   642   923 V AccessibilityUserState: updateShortcutTargets: type:accessibility_key_gesture_targets, current:{}, new:{}
08-20 23:43:00.361   642   923 V AccessibilityUserState: updateShortcutTargets: type:accessibility_top_row_key_targets, current:{}, new:{}
08-20 23:43:00.361   642   923 V AccessibilityUserState: updateShortcutTargets: type:accessibility_quick_access_targets, current:{}, new:{}
08-20 23:43:00.361   642   923 W MagnificationConnectionManager: requestConnection duplicated request: connect=false, mConnectionState=DISCONNECTED
08-20 23:43:00.361  1655  2190 I AiAiEcho: Settings changed for uri: content://settings/secure/accessibility_enabled
08-20 23:43:00.361   642   642 W libbinder.IPCThreadState: Sending oneway calls to frozen process.
08-20 23:43:00.361   642   642 W libbinder.IPCThreadState: Sending oneway calls to frozen process.
08-20 23:43:00.361   642   642 W libbinder.IPCThreadState: Sending oneway calls to frozen process.
08-20 23:43:00.361   642   642 W libbinder.IPCThreadState: Sending oneway calls to frozen process.
08-20 23:43:00.361   642   642 W libbinder.IPCThreadState: Sending oneway calls to frozen process.
08-20 23:43:00.361   642   642 W libbinder.IPCThreadState: Sending oneway calls to frozen process.
08-20 23:43:00.361   642   642 W libbinder.IPCThreadState: Sending oneway calls to frozen process.
08-20 23:43:00.361   642   642 W libbinder.IPCThreadState: Sending oneway calls to frozen process.
08-20 23:43:00.361   642   642 W libbinder.IPCThreadState: Sending oneway calls to frozen process.
08-20 23:43:00.361   642   642 W libbinder.IPCThreadState: Sending oneway calls to frozen process.
08-20 23:43:00.361   642   642 W libbinder.IPCThreadState: Sending oneway calls to frozen process.
08-20 23:43:00.361   642   642 W libbinder.IPCThreadState: Sending oneway calls to frozen process.
08-20 23:43:00.361   642   642 W libbinder.IPCThreadState: Sending oneway calls to frozen process.
08-20 23:43:00.361   642   642 W libbinder.IPCThreadState: Sending oneway calls to frozen process.
08-20 23:43:00.361   642   642 W libbinder.IPCThreadState: Sending oneway calls to frozen process.
08-20 23:43:00.361   642   642 W libbinder.IPCThreadState: Sending oneway calls to frozen process.
08-20 23:43:00.361  1655  1820 I AiAiEcho: Predicting[0]:  [CONTEXT sampling_count=5 ]
08-20 23:43:00.361  1655  1820 I AiAiEcho: EchoTargets: 
08-20 23:43:00.361  1655  1820 I AiAiEcho: Filtered by AiAi flag check: 
08-20 23:43:00.361  1655  1820 I AiAiEcho: [CONTEXT ratelimit_period="10 SECONDS" ]
08-20 23:43:00.361  1655  1820 I AiAiEcho: #remoteViewsTwiddler: feature disabled.
08-20 23:43:00.361   642   642 W libbinder.IPCThreadState: Sending oneway calls to frozen process.
08-20 23:43:00.361   642   642 W libbinder.IPCThreadState: Sending oneway calls to frozen process.
08-20 23:43:00.362  1655  1820 I AiAiEcho: Predicting[0]:  [CONTEXT sampling_count=5 ]
08-20 23:43:00.362  1655  1820 I AiAiEcho: EchoTargets: 
08-20 23:43:00.362  1655  1820 I AiAiEcho: Filtered by AiAi flag check: 
08-20 23:43:00.362  1655  1820 I AiAiEcho: [CONTEXT ratelimit_period="10 SECONDS" ]
08-20 23:43:00.362  1655  1820 I AiAiEcho: #remoteViewsTwiddler: feature disabled.
08-20 23:43:00.362  1655  1820 I AiAiEcho: Predicting[0]:  [CONTEXT sampling_count=5 ]
08-20 23:43:00.362  1655  1820 I AiAiEcho: EchoTargets: 
08-20 23:43:00.362  1655  1820 I AiAiEcho: Filtered by AiAi flag check: 
08-20 23:43:00.362  1655  1820 I AiAiEcho: [CONTEXT ratelimit_period="10 SECONDS" ]
08-20 23:43:00.362   642   642 W libbinder.IPCThreadState: Sending oneway calls to frozen process.
08-20 23:43:00.362   642   642 W libbinder.IPCThreadState: Sending oneway calls to frozen process.
08-20 23:43:00.362   642   642 W libbinder.IPCThreadState: Sending oneway calls to frozen process.
08-20 23:43:00.362   642   642 D BatterySaverPolicy: accessibility changed to true, updating policy.
08-20 23:43:00.362  1655  1820 I AiAiEcho: #remoteViewsTwiddler: feature disabled.
08-20 23:43:00.362  1655  1820 I AiAiEcho: #postPredictionTargets: Sending updates to UISurface lockscreen with targets# 0 (types=[])
08-20 23:43:00.362  1655  1820 I AiAiEcho: #postPredictionTargets: Sending updates to UISurface ambientcue with targets# 0 (types=[])
08-20 23:43:00.362   894  1154 I AmbientCueRepository: Receiving SmartSpace targets # 0
08-20 23:43:00.363  1655  1820 I AiAiEcho: #postPredictionTargets: Sending updates to UISurface home with targets# 0 (types=[])
08-20 23:43:00.363   642   869 D AccessibilityManagerService: .getAccessibilityShortcutTargets {shortcutType=32, userId=0}
08-20 23:43:00.377  1043  1043 D SsBaseTemplateCard: Passed-in item info is null
08-20 23:43:00.377   477   577 W skia    : AGTM parsing failed flags.readFromStream(s) at 159
08-20 23:43:00.377   477   577 W skia    : AGTM parsing failed flags.readFromStream(s) at 159
08-20 23:43:00.377   477   577 W skia    : AGTM parsing failed flags.readFromStream(s) at 159
08-20 23:43:00.377   477   577 W skia    : AGTM parsing failed flags.readFromStream(s) at 159
08-20 23:43:00.377   477   577 W skia    : AGTM parsing failed flags.readFromStream(s) at 159
08-20 23:43:00.377   477   577 W skia    : AGTM parsing failed flags.readFromStream(s) at 159
08-20 23:43:00.377   477   577 W skia    : AGTM parsing failed flags.readFromStream(s) at 159
08-20 23:43:00.378  1043  1043 D SsBaseTemplateCard: Passed-in item info is null
08-20 23:43:00.378  1043  1043 D SsBaseTemplateCard: Passed-in item info is null
08-20 23:43:00.378  1043  1043 D SsBaseTemplateCard: Passed-in item info is null
08-20 23:43:00.378  1043  1043 I SsBaseTemplateCard: Secondary card pane is null
08-20 23:43:00.379   477   577 W skia    : AGTM parsing failed flags.readFromStream(s) at 159
08-20 23:43:00.379   477   577 W skia    : AGTM parsing failed flags.readFromStream(s) at 159
08-20 23:43:00.379   477   577 W skia    : AGTM parsing failed flags.readFromStream(s) at 159
08-20 23:43:00.390   477   577 W skia    : AGTM parsing failed flags.readFromStream(s) at 159
08-20 23:43:00.390   477   577 W skia    : AGTM parsing failed flags.readFromStream(s) at 159
08-20 23:43:00.390   477   577 W skia    : AGTM parsing failed flags.readFromStream(s) at 159
08-20 23:43:00.390   477   577 W skia    : AGTM parsing failed flags.readFromStream(s) at 159
08-20 23:43:00.390   477   577 W skia    : AGTM parsing failed flags.readFromStream(s) at 159
08-20 23:43:00.390   477   577 W skia    : AGTM parsing failed flags.readFromStream(s) at 159
08-20 23:43:00.390   477   577 W skia    : AGTM parsing failed flags.readFromStream(s) at 159
08-20 23:43:00.391  1043  1043 D SsBaseTemplateCard: Passed-in item info is null
08-20 23:43:00.391  1043  1043 D SsBaseTemplateCard: Passed-in item info is null
08-20 23:43:00.391  1043  1043 D SsBaseTemplateCard: Passed-in item info is null
08-20 23:43:00.391  1043  1043 D SsBaseTemplateCard: Passed-in item info is null
08-20 23:43:00.391  1043  1043 I SsBaseTemplateCard: Secondary card pane is null
08-20 23:43:00.407   477   577 W skia    : AGTM parsing failed flags.readFromStream(s) at 159
08-20 23:43:00.407   477   577 W skia    : AGTM parsing failed flags.readFromStream(s) at 159
08-20 23:43:00.407   477   577 W skia    : AGTM parsing failed flags.readFromStream(s) at 159
08-20 23:43:00.407   477   577 W skia    : AGTM parsing failed flags.readFromStream(s) at 159
08-20 23:43:00.407   477   577 W skia    : AGTM parsing failed flags.readFromStream(s) at 159
08-20 23:43:00.407   477   577 W skia    : AGTM parsing failed flags.readFromStream(s) at 159
08-20 23:43:00.407   477   577 W skia    : AGTM parsing failed flags.readFromStream(s) at 159
08-20 23:43:00.480   477   577 W skia    : AGTM parsing failed flags.readFromStream(s) at 159
08-20 23:43:00.480   477   577 W skia    : AGTM parsing failed flags.readFromStream(s) at 159
08-20 23:43:00.480   477   577 W skia    : AGTM parsing failed flags.readFromStream(s) at 159
08-20 23:43:01.288   642   669 D ActivityManager: sync unfroze 5838 com.google.android.googlequicksearchbox:search for 3
08-20 23:43:01.290   642   669 D ActivityManager: sync unfroze 5388 com.google.android.gms for 3
08-20 23:43:01.296  5388  5388 D BoundBrokerSvc: onUnbind: Intent { act=com.google.android.mobstore.service.START xflg=0x4 pkg=com.google.android.gms }
08-20 23:43:01.297  5388  5388 D BoundBrokerSvc: onUnbind: Intent { act=com.google.android.gms.onboardingconsent.api.ConsentManagerApiService.START dat=chimera-action:/... xflg=0x4 cmp=com.google.android.gms/.chimera.GmsApiService }
08-20 23:43:01.297  5838  5871 D WM-WorkConstraintsTrack: NetworkRequestConstraintController onCapabilitiesChanged callback
08-20 23:43:01.298  5388  5388 D BoundBrokerSvc: onUnbind: Intent { act=com.google.android.gms.audit.service.START xflg=0x4 pkg=com.google.android.gms }
08-20 23:43:01.303  5838  5871 D WM-WorkConstraintsTrack: NetworkRequestConstraintController onCapabilitiesChanged callback
08-20 23:43:01.303  5838  5871 D WM-WorkConstraintsTrack: NetworkRequestConstraintController onCapabilitiesChanged callback
08-20 23:43:01.303  5838  5871 D WM-WorkConstraintsTrack: NetworkRequestConstraintController onCapabilitiesChanged callback
08-20 23:43:01.303  5838  5871 D WM-WorkConstraintsTrack: NetworkRequestConstraintController onCapabilitiesChanged callback
08-20 23:43:01.303  5838  5871 D WM-WorkConstraintsTrack: NetworkRequestConstraintController onCapabilitiesChanged callback
08-20 23:43:01.303  5838  5871 D WM-WorkConstraintsTrack: NetworkRequestConstraintController onCapabilitiesChanged callback
08-20 23:43:01.304  5838  5871 D WM-WorkConstraintsTrack: NetworkRequestConstraintController onCapabilitiesChanged callback
08-20 23:43:01.304  5838  5871 D WM-WorkConstraintsTrack: NetworkRequestConstraintController onCapabilitiesChanged callback
08-20 23:43:01.304  5838  5871 D WM-WorkConstraintsTrack: NetworkRequestConstraintController onCapabilitiesChanged callback
08-20 23:43:01.304  5838  5871 D WM-WorkConstraintsTrack: NetworkRequestConstraintController onCapabilitiesChanged callback
08-20 23:43:01.304  5838  5871 D WM-WorkConstraintsTrack: NetworkRequestConstraintController onCapabilitiesChanged callback
08-20 23:43:01.304  5838  5871 D WM-WorkConstraintsTrack: NetworkRequestConstraintController onCapabilitiesChanged callback
08-20 23:43:01.304  5838  5871 D WM-WorkConstraintsTrack: NetworkRequestConstraintController onCapabilitiesChanged callback
08-20 23:43:01.335  5838  5838 I czhy    : (REDACTED) #onReceive: %s
08-20 23:43:01.363   894   894 W View    : couldn't find view with id 16909415
08-20 23:43:01.365  1618  1797 W MediaProvider: isAppCloneUserPair for user 0: false
08-20 23:43:01.370 13147 13147 I AccessibilityNodeInfoDumper: Skipping invisible child: android.view.accessibility.AccessibilityNodeInfo@190a90; boundsInParent: Rect(0, 0 - 144, 0); boundsInScreen: Rect(48, 735 - 192, 735); boundsInWindow: Rect(48, 735 - 192, 735); packageName: com.android.systemui; className: android.widget.Button; text: null; error: null; maxTextLength: -1; stateDescription: null; contentDescription: null; tooltipText: null; containerTitle: null; viewIdResName: com.android.systemui:id/veto; uniqueId: null; checkable: false; checked: false; focusable: true; focused: false; selected: false; clickable: true; longClickable: false; contextClickable: false; enabled: true; password: false; scrollable: false; granularScrollingSupported: false; importantForAccessibility: true; visible: false; actions: [AccessibilityAction: ACTION_FOCUS - null, AccessibilityAction: ACTION_SELECT - null, AccessibilityAction: ACTION_CLEAR_SELECTION - null, AccessibilityAction: ACTION_CLICK - null, AccessibilityAction: ACTION_ACCESSIBILITY_FOCUS - null, AccessibilityAction: ACTION_SHOW_ON_SCREEN - null]; isTextSelectable: false
08-20 23:43:01.370  5388  5388 D BoundBrokerSvc: onBind: Intent { act=com.google.android.gms.onboardingconsent.api.ConsentManagerApiService.START dat=chimera-action:/... xflg=0x4 cmp=com.google.android.gms/.chimera.GmsApiService }
08-20 23:43:01.370  5388  5388 D BoundBrokerSvc: Loading bound service for intent: Intent { act=com.google.android.gms.onboardingconsent.api.ConsentManagerApiService.START dat=chimera-action:/... xflg=0x4 cmp=com.google.android.gms/.chimera.GmsApiService }
08-20 23:43:01.373  5388  5388 D BoundBrokerSvc: onBind: Intent { act=com.google.android.gms.audit.service.START xflg=0x4 pkg=com.google.android.gms }
08-20 23:43:01.373  5388  5388 D BoundBrokerSvc: Loading bound service for intent: Intent { act=com.google.android.gms.audit.service.START xflg=0x4 pkg=com.google.android.gms }
08-20 23:43:01.375  5388  5533 I ConsentManagerApiServic: (REDACTED) ConsentManagerApiService onGetService success %s
08-20 23:43:01.380 13147 13147 I AccessibilityNodeInfoDumper: Skipping invisible child: android.view.accessibility.AccessibilityNodeInfo@19f93; boundsInParent: Rect(0, 0 - 0, 72); boundsInScreen: Rect(186, 40 - 186, 112); boundsInWindow: Rect(186, 40 - 186, 112); packageName: com.android.systemui; className: android.widget.TextView; text: null; error: null; maxTextLength: -1; stateDescription: null; contentDescription: null; tooltipText: null; containerTitle: null; viewIdResName: com.android.systemui:id/date; uniqueId: null; checkable: false; checked: false; focusable: false; focused: false; selected: false; clickable: false; longClickable: false; contextClickable: false; enabled: true; password: false; scrollable: false; granularScrollingSupported: false; importantForAccessibility: true; visible: false; actions: [AccessibilityAction: ACTION_SELECT - null, AccessibilityAction: ACTION_CLEAR_SELECTION - null, AccessibilityAction: ACTION_ACCESSIBILITY_FOCUS - null, AccessibilityAction: ACTION_SHOW_ON_SCREEN - null]; isTextSelectable: false
08-20 23:43:01.381 13147 13147 I AccessibilityNodeInfoDumper: Skipping invisible child: android.view.accessibility.AccessibilityNodeInfo@1a354; boundsInParent: Rect(0, 0 - 406, 156); boundsInScreen: Rect(890, 0 - 1296, 156); boundsInWindow: Rect(890, 0 - 1296, 156); packageName: com.android.systemui; className: android.widget.LinearLayout; text: null; error: null; maxTextLength: -1; stateDescription: null; contentDescription: null; tooltipText: null; containerTitle: null; viewIdResName: com.android.systemui:id/carrier_group; uniqueId: null; checkable: false; checked: false; focusable: false; focused: false; selected: false; clickable: false; longClickable: false; contextClickable: false; enabled: true; password: false; scrollable: false; granularScrollingSupported: false; importantForAccessibility: true; visible: false; actions: [AccessibilityAction: ACTION_SELECT - null, AccessibilityAction: ACTION_CLEAR_SELECTION - null, AccessibilityAction: ACTION_ACCESSIBILITY_FOCUS - null, AccessibilityAction: ACTION_SHOW_ON_SCREEN - null]; isTextSelectable: false
08-20 23:43:01.381  1285 10804 I NetworkScheduler.Stats: (REDACTED) Task %s/%s started execution. cause:%s exec_start_elapsed_seconds: %s
08-20 23:43:01.382 13147 13147 I AccessibilityNodeInfoDumper: Skipping invisible child: android.view.accessibility.AccessibilityNodeInfo@d2da7; boundsInParent: Rect(0, 0 - 0, 0); boundsInScreen: Rect(1036, 78 - 1036, 78); boundsInWindow: Rect(1036, 78 - 1036, 78); packageName: com.android.systemui; className: android.widget.FrameLayout; text: null; error: null; maxTextLength: -1; stateDescription: null; contentDescription: null; tooltipText: null; containerTitle: null; viewIdResName: null; uniqueId: null; checkable: false; checked: false; focusable: false; focused: false; selected: false; clickable: false; longClickable: false; contextClickable: false; enabled: true; password: false; scrollable: false; granularScrollingSupported: false; importantForAccessibility: false; visible: false; actions: [AccessibilityAction: ACTION_SELECT - null, AccessibilityAction: ACTION_CLEAR_SELECTION - null, AccessibilityAction: ACTION_ACCESSIBILITY_FOCUS - null, AccessibilityAction: ACTION_SHOW_ON_SCREEN - null]; isTextSelectable: false
08-20 23:43:01.382 13147 13147 I AccessibilityNodeInfoDumper: Skipping invisible child: android.view.accessibility.AccessibilityNodeInfo@d1ea3; boundsInParent: Rect(0, 0 - 0, 0); boundsInScreen: Rect(1036, 78 - 1036, 78); boundsInWindow: Rect(1036, 78 - 1036, 78); packageName: com.android.systemui; className: android.widget.FrameLayout; text: null; error: null; maxTextLength: -1; stateDescription: null; contentDescription: null; tooltipText: null; containerTitle: null; viewIdResName: null; uniqueId: null; checkable: false; checked: false; focusable: false; focused: false; selected: false; clickable: false; longClickable: false; contextClickable: false; enabled: true; password: false; scrollable: false; granularScrollingSupported: false; importantForAccessibility: false; visible: false; actions: [AccessibilityAction: ACTION_SELECT - null, AccessibilityAction: ACTION_CLEAR_SELECTION - null, AccessibilityAction: ACTION_ACCESSIBILITY_FOCUS - null, AccessibilityAction: ACTION_SHOW_ON_SCREEN - null]; isTextSelectable: false
08-20 23:43:01.382 13147 13147 I AccessibilityNodeInfoDumper: Skipping invisible child: android.view.accessibility.AccessibilityNodeInfo@29755; boundsInParent: Rect(0, 0 - 0, 156); boundsInScreen: Rect(1260, 0 - 1260, 156); boundsInWindow: Rect(1260, 0 - 1260, 156); packageName: com.android.systemui; className: android.widget.FrameLayout; text: null; error: null; maxTextLength: -1; stateDescription: null; contentDescription: null; tooltipText: null; containerTitle: null; viewIdResName: com.android.systemui:id/privacy_container; uniqueId: null; checkable: false; checked: false; focusable: false; focused: false; selected: false; clickable: false; longClickable: false; contextClickable: false; enabled: true; password: false; scrollable: false; granularScrollingSupported: false; importantForAccessibility: false; visible: false; actions: [AccessibilityAction: ACTION_SELECT - null, AccessibilityAction: ACTION_CLEAR_SELECTION - null, AccessibilityAction: ACTION_ACCESSIBILITY_FOCUS - null, AccessibilityAction: ACTION_SHOW_ON_SCREEN - null]; isTextSelectable: false
08-20 23:43:01.383 13147 13147 W AccessibilityNodeInfoDumper: Fetch time: 19ms
08-20 23:43:01.383  1285 13161 I NetworkScheduler.Stats: (REDACTED) Task %s/%s finished executing. cause:%s result: %s elapsed_millis: %s uptime_millis: %s exec_start_elapsed_seconds: %s
08-20 23:43:01.384   642  1778 V AccessibilityManagerService: onUserStateChangedLocked for userId: 0, forceUpdate: false
08-20 23:43:01.384   642  1778 V AccessibilityUserState: updateShortcutTargets: type:accessibility_shortcut_target_service, current:{}, new:{}
08-20 23:43:01.384   642  1778 V AccessibilityUserState: updateShortcutTargets: type:accessibility_button_targets, current:{}, new:{}
08-20 23:43:01.384   642  1778 V AccessibilityUserState: updateShortcutTargets: type:accessibility_gesture_targets, current:{}, new:{}
08-20 23:43:01.384   642  1778 V AccessibilityUserState: updateShortcutTargets: type:accessibility_qs_targets, current:{}, new:{}
08-20 23:43:01.384   642  1778 V AccessibilityUserState: updateShortcutTargets: type:accessibility_key_gesture_targets, current:{}, new:{}
08-20 23:43:01.384   642  1778 V AccessibilityUserState: updateShortcutTargets: type:accessibility_top_row_key_targets, current:{}, new:{}
08-20 23:43:01.384   642  1778 V AccessibilityUserState: updateShortcutTargets: type:accessibility_quick_access_targets, current:{}, new:{}
08-20 23:43:01.384   642  1778 W MagnificationConnectionManager: requestConnection duplicated request: connect=false, mConnectionState=DISCONNECTED
08-20 23:43:01.384   642  1778 D AccessibilityManagerService: restoreCurrentUserForTestAutomationIfNeededLocked(): ignoring because device doesn't support visible background users
08-20 23:43:01.384   642   642 W libbinder.IPCThreadState: Sending oneway calls to frozen process.
08-20 23:43:01.384   642   642 W libbinder.IPCThreadState: Sending oneway calls to frozen process.
08-20 23:43:01.384   642   642 W libbinder.IPCThreadState: Sending oneway calls to frozen process.
08-20 23:43:01.384   642   642 W libbinder.IPCThreadState: Sending oneway calls to frozen process.
08-20 23:43:01.384 13147 13147 D AndroidRuntime: Shutting down VM
08-20 23:43:01.385 13147 13156 W libbinder.IPCThreadState: call to talkWithDriver in joinThreadPool returned error: -9 (Bad file descriptor), FD: -1
08-20 23:43:01.385 13147 13162 W libbinder.IPCThreadState: call to talkWithDriver in joinThreadPool returned error: -9 (Bad file descriptor), FD: -1
08-20 23:43:01.385   642   642 W libbinder.IPCThreadState: Sending oneway calls to frozen process.
08-20 23:43:01.385 13147 13155 W libbinder.IPCThreadState: call to talkWithDriver in joinThreadPool returned error: -9 (Bad file descriptor), FD: -1
08-20 23:43:01.385   642   642 W libbinder.IPCThreadState: Sending oneway calls to frozen process.
08-20 23:43:01.385   642   642 W libbinder.IPCThreadState: Sending oneway calls to frozen process.
08-20 23:43:01.385   642   642 W libbinder.IPCThreadState: Sending oneway calls to frozen process.
08-20 23:43:01.385   642   642 W libbinder.IPCThreadState: Sending oneway calls to frozen process.
08-20 23:43:01.385   642   642 W libbinder.IPCThreadState: Sending oneway calls to frozen process.
08-20 23:43:01.385   642   642 W libbinder.IPCThreadState: Sending oneway calls to frozen process.
08-20 23:43:01.385   642   642 W libbinder.IPCThreadState: Sending oneway calls to frozen process.
08-20 23:43:01.385   642   642 W libbinder.IPCThreadState: Sending oneway calls to frozen process.
08-20 23:43:01.385   642   642 W libbinder.IPCThreadState: Sending oneway calls to frozen process.
08-20 23:43:01.385   642   642 W libbinder.IPCThreadState: Sending oneway calls to frozen process.
08-20 23:43:01.385   642   642 W libbinder.IPCThreadState: Sending oneway calls to frozen process.
08-20 23:43:01.385   642   642 W libbinder.IPCThreadState: Sending oneway calls to frozen process.
08-20 23:43:01.385   642   642 W libbinder.IPCThreadState: Sending oneway calls to frozen process.
08-20 23:43:01.385   642   642 D BatterySaverPolicy: accessibility changed to false, updating policy.
08-20 23:43:01.386  1655  1957 I AiAiEcho: Settings changed for uri: content://settings/secure/accessibility_enabled
08-20 23:43:01.386  1655  1820 I AiAiEcho: Predicting[0]:  [CONTEXT sampling_count=5 ]
08-20 23:43:01.386  1655  1820 I AiAiEcho: EchoTargets: 
08-20 23:43:01.386  1655  1820 I AiAiEcho: Filtered by AiAi flag check: 
08-20 23:43:01.386  1655  1820 I AiAiEcho: [CONTEXT ratelimit_period="10 SECONDS" ]
08-20 23:43:01.386  1655  1820 I AiAiEcho: #remoteViewsTwiddler: feature disabled.
08-20 23:43:01.386  1655  1820 I AiAiEcho: Predicting[0]:  [CONTEXT sampling_count=5 ]
08-20 23:43:01.386  1655  1820 I AiAiEcho: EchoTargets: 
08-20 23:43:01.386  1655  1820 I AiAiEcho: Filtered by AiAi flag check: 
08-20 23:43:01.386  1655  1820 I AiAiEcho: [CONTEXT ratelimit_period="10 SECONDS" ]
08-20 23:43:01.387  1655  1820 I AiAiEcho: #remoteViewsTwiddler: feature disabled.
08-20 23:43:01.387  1655  1820 I AiAiEcho: Predicting[0]:  [CONTEXT sampling_count=5 ]
08-20 23:43:01.387  1655  1820 I AiAiEcho: EchoTargets: 
08-20 23:43:01.387  1655  1820 I AiAiEcho: Filtered by AiAi flag check: 
08-20 23:43:01.387  1655  1820 I AiAiEcho: [CONTEXT ratelimit_period="10 SECONDS" ]
08-20 23:43:01.387  1655  1820 I AiAiEcho: #remoteViewsTwiddler: feature disabled.
08-20 23:43:01.387  1655  1820 I AiAiEcho: #postPredictionTargets: Sending updates to UISurface lockscreen with targets# 0 (types=[])
08-20 23:43:01.387  1655  1820 I AiAiEcho: #postPredictionTargets: Sending updates to UISurface ambientcue with targets# 0 (types=[])
08-20 23:43:01.387  1655  1820 I AiAiEcho: #postPredictionTargets: Sending updates to UISurface home with targets# 0 (types=[])
08-20 23:43:01.387   894  1154 I AmbientCueRepository: Receiving SmartSpace targets # 0
08-20 23:43:01.389   477   577 W skia    : AGTM parsing failed flags.readFromStream(s) at 159
08-20 23:43:01.389   477   577 W skia    : AGTM parsing failed flags.readFromStream(s) at 159
08-20 23:43:01.389   477   577 W skia    : AGTM parsing failed flags.readFromStream(s) at 159
08-20 23:43:01.389   477   577 W skia    : AGTM parsing failed flags.readFromStream(s) at 159
08-20 23:43:01.389   477   577 W skia    : AGTM parsing failed flags.readFromStream(s) at 159
08-20 23:43:01.389   477   577 W skia    : AGTM parsing failed flags.readFromStream(s) at 159
08-20 23:43:01.389   477   577 W skia    : AGTM parsing failed flags.readFromStream(s) at 159
08-20 23:43:01.389  1043  1043 D SsBaseTemplateCard: Passed-in item info is null
08-20 23:43:01.389  1043  1043 D SsBaseTemplateCard: Passed-in item info is null
08-20 23:43:01.389  1043  1043 D SsBaseTemplateCard: Passed-in item info is null
08-20 23:43:01.389  1043  1043 D SsBaseTemplateCard: Passed-in item info is null
08-20 23:43:01.389  1043  1043 I SsBaseTemplateCard: Secondary card pane is null
08-20 23:43:01.391   477   577 W skia    : AGTM parsing failed flags.readFromStream(s) at 159
08-20 23:43:01.391   477   577 W skia    : AGTM parsing failed flags.readFromStream(s) at 159
08-20 23:43:01.391   477   577 W skia    : AGTM parsing failed flags.readFromStream(s) at 159
08-20 23:43:01.391  5388  5430 I Icing   : IndexChimeraService.getServiceInterface callingPackage=com.google.android.googlequicksearchbox componentName=AMBIENT_ASSISTANT serviceId=32
08-20 23:43:01.399  5838  5868 I dach    : #entry Received background refresh worker run
08-20 23:43:01.400  5838  5869 I czpl    : #entry Starting PCP background refresh worker...
08-20 23:43:01.403  5388  5388 D BoundBrokerSvc: onBind: Intent { act=com.google.android.gms.feedback.internal.IFeedbackService dat=chimera-action:/... xflg=0x4 cmp=com.google.android.gms/.chimera.GmsBoundBrokerService }
08-20 23:43:01.403  5388  5388 D BoundBrokerSvc: Loading bound service for intent: Intent { act=com.google.android.gms.feedback.internal.IFeedbackService dat=chimera-action:/... xflg=0x4 cmp=com.google.android.gms/.chimera.GmsBoundBrokerService }
08-20 23:43:01.406   477   577 W skia    : AGTM parsing failed flags.readFromStream(s) at 159
08-20 23:43:01.406   477   577 W skia    : AGTM parsing failed flags.readFromStream(s) at 159
08-20 23:43:01.406   477   577 W skia    : AGTM parsing failed flags.readFromStream(s) at 159
08-20 23:43:01.406   477   577 W skia    : AGTM parsing failed flags.readFromStream(s) at 159
08-20 23:43:01.406   477   577 W skia    : AGTM parsing failed flags.readFromStream(s) at 159
08-20 23:43:01.406   477   577 W skia    : AGTM parsing failed flags.readFromStream(s) at 159
08-20 23:43:01.406   477   577 W skia    : AGTM parsing failed flags.readFromStream(s) at 159
08-20 23:43:01.408  5388  5424 I Icing   : IndexChimeraService.getServiceInterface callingPackage=com.google.android.gms componentName=null serviceId=30
08-20 23:43:01.413  5838  5868 I czit    : (REDACTED) remove request for trigger key: %s, isClientInitiated: %s
08-20 23:43:01.415  5838  5868 I czkt    : (REDACTED) #remove: subTriggerId=%s
08-20 23:43:01.416  5838  5856 I edfm    : Building Device Properties.
08-20 23:43:01.418  5838  5864 W eivu    : Couldn't calculate ClientInstanceId, no account name
08-20 23:43:01.421  5838  5856 D AudioSystem: onNewService: media.audio_policy service obtained 0xb40070fd260e0ec0
08-20 23:43:01.421  5838  5856 D AudioSystem: getService: IAudioPolicyService retrieved: 0xb40070fd260e0ec0  cached: 0xb40070fd260e0ec0
08-20 23:43:01.422  5388  7432 I Icing   : Usage reports ok 2, Failed Usage reports 0, indexed 0, rejected 0
08-20 23:43:01.422   477   577 W skia    : AGTM parsing failed flags.readFromStream(s) at 159
08-20 23:43:01.422   477   577 W skia    : AGTM parsing failed flags.readFromStream(s) at 159
08-20 23:43:01.422   477   577 W skia    : AGTM parsing failed flags.readFromStream(s) at 159
08-20 23:43:01.422   477   577 W skia    : AGTM parsing failed flags.readFromStream(s) at 159
08-20 23:43:01.422   477   577 W skia    : AGTM parsing failed flags.readFromStream(s) at 159
08-20 23:43:01.422   477   577 W skia    : AGTM parsing failed flags.readFromStream(s) at 159
08-20 23:43:01.422   477   577 W skia    : AGTM parsing failed flags.readFromStream(s) at 159
08-20 23:43:01.426   473  2856 W APM::HwModule: getDeviceDescriptor: could not find HW module for device  (AUDIO_DEVICE_OUT_WIRED_HEADSET, 00000004) address 
08-20 23:43:01.426   473  1130 W APM::HwModule: getDeviceDescriptor: could not find HW module for device  (AUDIO_DEVICE_OUT_WIRED_HEADPHONE, 00000008) address 
08-20 23:43:01.426   473  1130 W APM::HwModule: getDeviceDescriptor: could not find HW module for device  (AUDIO_DEVICE_OUT_USB_HEADSET, 04000000) address 
08-20 23:43:01.428  5838  5868 I eqvx    : (REDACTED) GLVM. isRobinUser: %b
08-20 23:43:01.428  5838  5868 I abuc    : (REDACTED) #shouldMigrate(): allowMobileLocaleSettingsDataMigration = %b,
08-20 23:43:01.430  5388  7432 I Icing   : Usage reports ok 0, Failed Usage reports 0, indexed 0, rejected 0
08-20 23:43:01.432  5838  5868 I eqqg    : #getHotwordModelConfig
08-20 23:43:01.433  5838  5868 I daym    : (REDACTED) MDD.getFileGroup(%s)
08-20 23:43:01.438   642  1776 W ActivityManager: Skipping manifest association check for null package. SourceUid: 10227, SourcePkg: null, TargetUid: 10227, TargetPkg: com.google.android.gms
08-20 23:43:01.445  5838  5856 I daym    : (REDACTED) Loading %s from MDD with name=%s version=%d BuildId= %d
08-20 23:43:01.447  5838  5868 I daym    : (REDACTED) [SRM] [Hotword] get hotword model config success, %d locales.
08-20 23:43:01.447  5838  5868 I daym    : (REDACTED) MDD.EmbeddedAssetManifestPopulator.refreshFileGroups(%s)
08-20 23:43:01.447  5838  5869 I daym    : (REDACTED) MDD.getFileGroup(%s)
08-20 23:43:01.448  5838  5866 I daym    : (REDACTED) Loading %s from MDD with name=%s version=%d BuildId= %d
08-20 23:43:01.448  5838  5869 I daym    : (REDACTED) [SRM] [Hotword] get hotword model config success, %d locales.
08-20 23:43:01.448  5838  5869 W eqqg    : (REDACTED) Embedded config %d is more recent than server config %d, return embedded one.
08-20 23:43:01.448  5838  5869 I eqqg    : (REDACTED) Returning hotword config from Mobserve with build %d and keys: %s
08-20 23:43:01.448  5838 13166 W eqxl    : GLVM. Hotword. Hotword settings PDS is not populated - defaulting to DECLINED.
08-20 23:43:01.457   642  2068 D ConnectivityService: requestNetwork for uid/pid:10158/5838 activeRequest: null callbackRequest: 502 [NetworkRequest [ REQUEST id=503, [ Capabilities: INTERNET&NOT_RESTRICTED&TRUSTED&NOT_VCN_MANAGED&NOT_BANDWIDTH_CONSTRAINED Uid: 10158 RequestorUid: 10158 RequestorPkg: com.google.android.googlequicksearchbox UnderlyingNetworks: Null] ]] callback flags: 0 order: 2147483647 isUidTracked: false declaredMethods: AVAIL|LOSING|LOST|UNAVAIL|NC|LP|BLK
08-20 23:43:01.457  5838  5871 I arhf    : #onAvailable()
08-20 23:43:01.458   642   799 D ConnectivityService: NetReassign [503 : null → 108] [c 0] [a 0] [i 0]
08-20 23:43:01.458   642   793 D WifiNetworkFactory: got request NetworkRequest [ REQUEST id=503, [ Capabilities: INTERNET&NOT_RESTRICTED&TRUSTED&NOT_VCN_MANAGED&NOT_BANDWIDTH_CONSTRAINED Uid: 10158 RequestorUid: 10158 RequestorPkg: com.google.android.googlequicksearchbox UnderlyingNetworks: Null] ]
08-20 23:43:01.458   642   793 D UntrustedWifiNetworkFactory: got request NetworkRequest [ REQUEST id=503, [ Capabilities: INTERNET&NOT_RESTRICTED&TRUSTED&NOT_VCN_MANAGED&NOT_BANDWIDTH_CONSTRAINED Uid: 10158 RequestorUid: 10158 RequestorPkg: com.google.android.googlequicksearchbox UnderlyingNetworks: Null] ]
08-20 23:43:01.458   642   793 D OemPaidWifiNetworkFactory: got request NetworkRequest [ REQUEST id=503, [ Capabilities: INTERNET&NOT_RESTRICTED&TRUSTED&NOT_VCN_MANAGED&NOT_BANDWIDTH_CONSTRAINED Uid: 10158 RequestorUid: 10158 RequestorPkg: com.google.android.googlequicksearchbox UnderlyingNetworks: Null] ]
08-20 23:43:01.458   642   793 D MultiInternetWifiNetworkFactory: got request NetworkRequest [ REQUEST id=503, [ Capabilities: INTERNET&NOT_RESTRICTED&TRUSTED&NOT_VCN_MANAGED&NOT_BANDWIDTH_CONSTRAINED Uid: 10158 RequestorUid: 10158 RequestorPkg: com.google.android.googlequicksearchbox UnderlyingNetworks: Null] ]
08-20 23:43:01.461  5838  5868 I bcjb    : Live eligibility: Not available yet.
08-20 23:43:01.467  5838  5869 I asyb    : OptInSetting is UNKNOWN or UNRECOGNIZED [CONTEXT ratelimit_period="10 SECONDS" ]
08-20 23:43:01.467  5838  5869 I anii    : Device not matched [CONTEXT ratelimit_period="10 SECONDS" ]
08-20 23:43:01.468  5838  5868 I aosj    : Robin eligibility : Account is Pseudonymous type.
08-20 23:43:01.468  5838  5868 I aosj    : User became ineligible due to one of checks failed on client
08-20 23:43:01.468   642   710 W ApplicationInfo: Large ApplicationInfo parcel: size=19888 package=com.google.android.googlequicksearchbox splits=2 sharedLibs=3 resDirs=2 overlayPaths=2
08-20 23:43:01.469   642  1778 W ApplicationInfo: Large ApplicationInfo parcel: size=19888 package=com.google.android.googlequicksearchbox splits=2 sharedLibs=3 resDirs=2 overlayPaths=2
08-20 23:43:01.469   642  1778 W ApplicationInfo: Large ApplicationInfo parcel: size=19888 package=com.google.android.googlequicksearchbox splits=2 sharedLibs=3 resDirs=2 overlayPaths=2
08-20 23:43:01.470   642  1778 W ApplicationInfo: Large ApplicationInfo parcel: size=19888 package=com.google.android.googlequicksearchbox splits=2 sharedLibs=3 resDirs=2 overlayPaths=2
08-20 23:43:01.470  5838  5869 I aqpk    : Returning COHORT_NOT_DETERMINED for signed out user.
08-20 23:43:01.470  5838  5869 I aqpk    : Returning COHORT_NOT_DETERMINED for signed out user.
08-20 23:43:01.470   642  1778 W ApplicationInfo: Large ApplicationInfo parcel: size=19888 package=com.google.android.googlequicksearchbox splits=2 sharedLibs=3 resDirs=2 overlayPaths=2
08-20 23:43:01.470   642   710 W ApplicationInfo: Large ApplicationInfo parcel: size=19888 package=com.google.android.googlequicksearchbox splits=2 sharedLibs=3 resDirs=2 overlayPaths=2
08-20 23:43:01.471  5838  5869 I aodd    : Fast track disabled
08-20 23:43:01.471   642  1778 W ApplicationInfo: Large ApplicationInfo parcel: size=19888 package=com.google.android.googlequicksearchbox splits=2 sharedLibs=3 resDirs=2 overlayPaths=2
08-20 23:43:01.471  5838  5869 I aqfk    : Samsung fast track experience disabled (not Samsung device).
08-20 23:43:01.471  5838  5869 I aodd    : Samsung fast track enrollment disabled, not enrolling
08-20 23:43:01.472  5838  5869 I aqff    : Gemini Default Device banner disabled (cache is empty).
08-20 23:43:01.472  5838  5869 I aodd    : Gemini default device banner disabled, not enrolling
08-20 23:43:01.472  5838  5869 I aodo    : (REDACTED) Writing %s cross-process flag values: %s
08-20 23:43:01.474  5838  5869 I bpeb    : (REDACTED) getInitialSimplifiedOobeViaDeeplinkUser: %b
08-20 23:43:01.474  5838  5869 I asyb    : (REDACTED) isDeeplinkEnabled %s, isInitialSimplifiedOobeViaDeeplinkUser %s
08-20 23:43:01.474  5838  5869 I asyb    : #getOobeStatus: BeforeOobe [CONTEXT ratelimit_period="10 SECONDS" ]
08-20 23:43:01.474  5838  5868 I bpeb    : (REDACTED) getInitialSimplifiedOobeViaDeeplinkUser: %b
08-20 23:43:01.474  5838  5868 I asyb    : (REDACTED) isDeeplinkEnabled %s, isInitialSimplifiedOobeViaDeeplinkUser %s
08-20 23:43:01.474  5838  5868 I ajgx    : (REDACTED) FCF System FeatureName to check: %s
08-20 23:43:01.474  5838  5869 I bpeb    : (REDACTED) getInitialSimplifiedOobeViaDeeplinkUser: %b
08-20 23:43:01.474  5838  5869 I asyb    : (REDACTED) isDeeplinkEnabled %s, isInitialSimplifiedOobeViaDeeplinkUser %s
08-20 23:43:01.474  5838  5868 I ajgx    : (REDACTED) FCF: Device model check status : %s
08-20 23:43:01.474  5838  5868 I ajoh    : #isGeminiDefaultSystemFeatureEnabled: false
08-20 23:43:01.474  5838  5868 I aosj    : (REDACTED) Robin eligibility : Robin is ineligible failure reasons: %s
08-20 23:43:01.475  5838  5868 W bcjb    : Live eligibility: Not eligible for Robin
08-20 23:43:01.475   642  1778 W ApplicationInfo: Large ApplicationInfo parcel: size=19888 package=com.google.android.googlequicksearchbox splits=2 sharedLibs=3 resDirs=2 overlayPaths=2
08-20 23:43:01.476  5838  5869 I dxdl    : (REDACTED) isAppDefaultAssistant setting: %s
08-20 23:43:01.476  5838  5869 I dxdl    : (REDACTED) isAppDefaultAssistant defaultComponentName: %s
08-20 23:43:01.477  5838  5869 I daas    : Using default weather temperature preference
08-20 23:43:01.484  1285  1285 D BoundBrokerSvc: onRebind: Intent { act=com.google.android.gms.clearcut.sampler.service.START dat=chimera-action:/... xflg=0x4 cmp=com.google.android.gms/.chimera.PersistentDirectBootAwareApiService }
08-20 23:43:01.491   477   577 W skia    : AGTM parsing failed flags.readFromStream(s) at 159
08-20 23:43:01.491   477   577 W skia    : AGTM parsing failed flags.readFromStream(s) at 159
08-20 23:43:01.491   477   577 W skia    : AGTM parsing failed flags.readFromStream(s) at 159
08-20 23:43:01.497   642   710 W ApplicationInfo: Large ApplicationInfo parcel: size=19888 package=com.google.android.googlequicksearchbox splits=2 sharedLibs=3 resDirs=2 overlayPaths=2
08-20 23:43:01.498  5838 13163 I cn_HttpFlagsLoader: HTTP flags log line (API): Using live production flag values from Google
08-20 23:43:01.500   642   710 W ApplicationInfo: Large ApplicationInfo parcel: size=19888 package=com.google.android.googlequicksearchbox splits=2 sharedLibs=3 resDirs=2 overlayPaths=2
08-20 23:43:01.501  5838 13163 I cn_HttpEngBuilderWrap: NetworkQualityEstimator is unsupported when HttpEngineNativeProvider is used
08-20 23:43:01.503  5838 13167 D HttpFlagsLoader: Found application exporting HTTP flags: com.google.android.gms
08-20 23:43:01.503  5838 13167 D HttpFlagsLoader: HTTP flags file path: /data/user_de/0/com.google.android.gms/app_httpflags/flags.binarypb
08-20 23:43:01.504  5838 13167 I HttpFlagsLoader: HTTP flags log line (Impl): Using live production flag values from Google
08-20 23:43:01.506   642   710 D ConnectivityService: requestNetwork for uid/pid:10158/5838 activeRequest: null callbackRequest: 504 [NetworkRequest [ REQUEST id=505, [ Capabilities: INTERNET&NOT_RESTRICTED&TRUSTED&NOT_VCN_MANAGED&NOT_BANDWIDTH_CONSTRAINED Uid: 10158 RequestorUid: 10158 RequestorPkg: com.google.android.googlequicksearchbox UnderlyingNetworks: Null] ]] callback flags: 0 order: 2147483647 isUidTracked: false declaredMethods: AVAIL|LOST|NC|LP
08-20 23:43:01.506   642   799 D ConnectivityService: NetReassign [505 : null → 108] [c 1] [a 0] [i 0]
08-20 23:43:01.506   642   793 D WifiNetworkFactory: got request NetworkRequest [ REQUEST id=505, [ Capabilities: INTERNET&NOT_RESTRICTED&TRUSTED&NOT_VCN_MANAGED&NOT_BANDWIDTH_CONSTRAINED Uid: 10158 RequestorUid: 10158 RequestorPkg: com.google.android.googlequicksearchbox UnderlyingNetworks: Null] ]
08-20 23:43:01.506   642   793 D UntrustedWifiNetworkFactory: got request NetworkRequest [ REQUEST id=505, [ Capabilities: INTERNET&NOT_RESTRICTED&TRUSTED&NOT_VCN_MANAGED&NOT_BANDWIDTH_CONSTRAINED Uid: 10158 RequestorUid: 10158 RequestorPkg: com.google.android.googlequicksearchbox UnderlyingNetworks: Null] ]
08-20 23:43:01.506   642   793 D OemPaidWifiNetworkFactory: got request NetworkRequest [ REQUEST id=505, [ Capabilities: INTERNET&NOT_RESTRICTED&TRUSTED&NOT_VCN_MANAGED&NOT_BANDWIDTH_CONSTRAINED Uid: 10158 RequestorUid: 10158 RequestorPkg: com.google.android.googlequicksearchbox UnderlyingNetworks: Null] ]
08-20 23:43:01.506   642   793 D MultiInternetWifiNetworkFactory: got request NetworkRequest [ REQUEST id=505, [ Capabilities: INTERNET&NOT_RESTRICTED&TRUSTED&NOT_VCN_MANAGED&NOT_BANDWIDTH_CONSTRAINED Uid: 10158 RequestorUid: 10158 RequestorPkg: com.google.android.googlequicksearchbox UnderlyingNetworks: Null] ]
08-20 23:43:01.506   642   710 D CompatChangeReporter: Compat change id reported: 349487600; UID 10158; state: ENABLED
08-20 23:43:01.507   642   799 D ConnectivityService: NetReassign [no changes] [c 0] [a 1] [i 0]
08-20 23:43:01.509  5838 13169 D DesktopExperienceFlags: Toggle override initialized to: false
08-20 23:43:01.509  5838 13163 I cn_CronetLibraryLoader: Cronet version: 147.0.7727.45, arch: aarch64
08-20 23:43:02.224   479   479 I adbd    : adbd service requested 'shell,v2,TERM=xterm-256color,raw:cat /sdcard/notif_dump3.xml'
08-20 23:43:02.235  1028  1186 D SatelliteController: isInCarrierRoamingNbIotNtn: satellite is disabled
08-20 23:43:02.235  1028  1186 D SatelliteController: getCarrierRoamingNtnConnectType: Checking connect type from PLMN config for subId: 1
08-20 23:43:02.235  1028  1186 D TelephonyConfigUpdateInstallReceiver: getConfigParser: domain=satellite
08-20 23:43:02.235  1028  1186 V SatelliteController: satelliteConfigParser is not ready
08-20 23:43:02.235  1028  1186 D SatelliteController: isSatelliteAttachSupportedViaConfigupdater: return null (satelliteConfig is null)
08-20 23:43:02.236   642   710 W libbinder.IPCThreadState: Sending oneway calls to frozen process.
08-20 23:43:02.236  1028  1186 D SatelliteController: getSatellitePerPlmnConfiguration: invalid subId or not supported via carrier.
08-20 23:43:02.236  1028  1186 D SatelliteController: getCarrierRoamingNtnConnectType: config: null
08-20 23:43:02.236  1028  1186 D TelephonyConfigUpdateInstallReceiver: getConfigParser: domain=satellite
08-20 23:43:02.236  1028  1186 V SatelliteController: satelliteConfigParser is not ready
08-20 23:43:02.236  1028  1186 D SatelliteController: getCarrierRoamingNtnConnectTypeViaConfigUpdater: return null (satelliteConfig is null)
08-20 23:43:02.236  1028  1186 D SatelliteController: getCarrierRoamingNtnConnectType: Falling back to global carrier config connect type: 0
08-20 23:43:02.236  1028  1186 D TelephonyConfigUpdateInstallReceiver: getConfigParser: domain=satellite
08-20 23:43:02.236  1028  1186 V SatelliteController: satelliteConfigParser is not ready
08-20 23:43:02.236  1028  1186 D SatelliteController: isSatelliteAttachSupportedViaConfigupdater: return null (satelliteConfig is null)
08-20 23:43:02.236  1028  1186 D SatelliteController: getCarrierRoamingNtnConnectType: Checking connect type from PLMN config for subId: 1
08-20 23:43:02.236  1028  1186 D TelephonyConfigUpdateInstallReceiver: getConfigParser: domain=satellite
08-20 23:43:02.236  1028  1186 V SatelliteController: satelliteConfigParser is not ready
08-20 23:43:02.236  1028  1186 D SatelliteController: isSatelliteAttachSupportedViaConfigupdater: return null (satelliteConfig is null)
08-20 23:43:02.236  1028  1186 D SatelliteController: getSatellitePerPlmnConfiguration: invalid subId or not supported via carrier.
08-20 23:43:02.236  1028  1186 D SatelliteController: getCarrierRoamingNtnConnectType: config: null
08-20 23:43:02.236  1028  1186 D TelephonyConfigUpdateInstallReceiver: getConfigParser: domain=satellite
08-20 23:43:02.236  1028  1186 V SatelliteController: satelliteConfigParser is not ready
08-20 23:43:02.236  1028  1186 D SatelliteController: getCarrierRoamingNtnConnectTypeViaConfigUpdater: return null (satelliteConfig is null)
08-20 23:43:02.236  1028  1186 D SatelliteController: getCarrierRoamingNtnConnectType: Falling back to global carrier config connect type: 0
08-20 23:43:02.236  1028  1186 D TelephonyConfigUpdateInstallReceiver: getConfigParser: domain=satellite
08-20 23:43:02.236  1028  1186 V SatelliteController: satelliteConfigParser is not ready
08-20 23:43:02.236  1028  1186 D SatelliteController: isSatelliteAttachSupportedViaConfigupdater: return null (satelliteConfig is null)
08-20 23:43:02.261   477   577 W skia    : AGTM parsing failed flags.readFromStream(s) at 159
08-20 23:43:02.261   477   577 W skia    : AGTM parsing failed flags.readFromStream(s) at 159
08-20 23:43:02.261   477   577 W skia    : AGTM parsing failed flags.readFromStream(s) at 159
08-20 23:43:02.261   477   577 W skia    : AGTM parsing failed flags.readFromStream(s) at 159
08-20 23:43:02.261   477   577 W skia    : AGTM parsing failed flags.readFromStream(s) at 159
08-20 23:43:02.261   477   577 W skia    : AGTM parsing failed flags.readFromStream(s) at 159
08-20 23:43:02.261   477   577 W skia    : AGTM parsing failed flags.readFromStream(s) at 159
08-20 23:43:02.263   477   577 W skia    : AGTM parsing failed flags.readFromStream(s) at 159
08-20 23:43:02.263   477   577 W skia    : AGTM parsing failed flags.readFromStream(s) at 159
08-20 23:43:02.263   477   577 W skia    : AGTM parsing failed flags.readFromStream(s) at 159
08-20 23:43:02.564  5838 13171 I cn_CronetUrlRequestContext: destroyNativeStreamLocked android.net.http.internal.org.chromium.net.impl.CronetBidirectionalStream@760566f
08-20 23:43:02.581  5838  5869 I czit    : (REDACTED) remove request for trigger key: %s, isClientInitiated: %s
08-20 23:43:02.586  5838  5869 I czkt    : (REDACTED) #maybeCreateTimeTrigger: time trigger= %s with start time=%d, stop time=%d in seconds.
08-20 23:43:02.590  5838  5869 I czit    : (REDACTED) remove request for trigger key: %s, isClientInitiated: %s
08-20 23:43:02.591  5838  5869 I czkt    : (REDACTED) #remove: subTriggerId=%s
08-20 23:43:02.593  5838  5869 I czkt    : (REDACTED) #maybeCreateTimeTrigger: time trigger= %s with start time=%d, stop time=%d in seconds.
08-20 23:43:03.183   642   822 I AdbWifiNetworkMonitor: Wi-Fi network available
08-20 23:43:03.183   642   822 I AdbWifiNetworkMonitor: Received the same Wi-Fi SSID. Ignoring.
08-20 23:43:03.191   642   793 I HalDevMgr: bestIfaceCreationProposal is null, requestIface=STA, existingIface=[name=wlan0 type=STA]
08-20 23:43:03.191  1285  1727 I NullBinder: NullBinder for android.net.action.RECOMMEND_NETWORKS triggering remote TransactionTooLargeException due to Service without Chimera impl, calling uid: 1000, calling pid: 0
08-20 23:43:03.191  1285  1727 W libbinder.Binder: Large reply transaction of 1056768 bytes, interface descriptor , function: UNKNOWN_FUNCTION_NAME, code: 1, flags: 17
08-20 23:43:03.192   642   799 W libbinder.IPCThreadState: Sending oneway calls to frozen process.
08-20 23:43:03.192   642   799 W libbinder.IPCThreadState: Sending oneway calls to frozen process.
08-20 23:43:03.192   642   799 W libbinder.IPCThreadState: Sending oneway calls to frozen process.
08-20 23:43:03.192   642   799 W libbinder.IPCThreadState: Sending oneway calls to frozen process.
08-20 23:43:03.192   642   799 W libbinder.IPCThreadState: Sending oneway calls to frozen process.
08-20 23:43:03.192   642   799 W libbinder.IPCThreadState: Sending oneway calls to frozen process.
08-20 23:43:03.193  1687  2272 I BugleRcsEngine: handleMessage processing message:[NOTIFY_UPTIME_IGNORE_STATE_CHANGED] with [non-null]:RcsEngineImpl reference [CONTEXT log_prefix="RcsEngineImpl[DUAL_REG]:[9818720b-389c]>Handler" thread_id=60 ]
08-20 23:43:03.193  5838  5871 D WM-WorkConstraintsTrack: NetworkRequestConstraintController onCapabilitiesChanged callback
08-20 23:43:03.193  1687  2135 I BugleRcsEngine: Connected state: [1], networkType: [WIFI] [CONTEXT thread_id=55 ]
08-20 23:43:03.195   999  1120 D IpClient/wlan0: interfaceLinkStateChanged: ifindex 16 up
08-20 23:43:03.197   642   799 D ConnectivityService: NetReassign [no changes] [c 1] [a 1] [i 1]
08-20 23:43:03.197   642   710 D ActivityManager: sync unfroze 2258 com.google.android.apps.messaging for 7
08-20 23:43:03.200  2258  2673 D WM-WorkConstraintsTrack: NetworkRequestConstraintController onCapabilitiesChanged callback
08-20 23:43:03.200  1285 12680 I NearbyMediums: Wifi changed new SSID: "AndroidWifi"
08-20 23:43:03.200  1285 12680 I NearbyMediums: WifiLanConnectivityInfo is not changed, skip notify.
08-20 23:43:03.202   999  1120 D IpClient/wlan0: interfaceLinkStateChanged: ifindex 16 up
08-20 23:43:03.206  1687  2272 I BugleRcsEngine: No RCS Configuration was found in Bugle for simID: redacted-pii:sim_id[chars:20,last3:897] [CONTEXT log_prefix="ProvisioningEngineDataRetriever" thread_id=60 ]
08-20 23:43:03.241   477   577 W skia    : AGTM parsing failed flags.readFromStream(s) at 159
08-20 23:43:03.241   477   577 W skia    : AGTM parsing failed flags.readFromStream(s) at 159
08-20 23:43:03.241   477   577 W skia    : AGTM parsing failed flags.readFromStream(s) at 159
08-20 23:43:03.241   477   577 W skia    : AGTM parsing failed flags.readFromStream(s) at 159
08-20 23:43:03.241   477   577 W skia    : AGTM parsing failed flags.readFromStream(s) at 159
08-20 23:43:03.241   477   577 W skia    : AGTM parsing failed flags.readFromStream(s) at 159
08-20 23:43:03.241   477   577 W skia    : AGTM parsing failed flags.readFromStream(s) at 159
08-20 23:43:03.244   477   577 W skia    : AGTM parsing failed flags.readFromStream(s) at 159
08-20 23:43:03.244   477   577 W skia    : AGTM parsing failed flags.readFromStream(s) at 159
08-20 23:43:03.244   477   577 W skia    : AGTM parsing failed flags.readFromStream(s) at 159
08-20 23:43:03.257   477   577 W skia    : AGTM parsing failed flags.readFromStream(s) at 159
08-20 23:43:03.257   477   577 W skia    : AGTM parsing failed flags.readFromStream(s) at 159
08-20 23:43:03.257   477   577 W skia    : AGTM parsing failed flags.readFromStream(s) at 159
08-20 23:43:03.257   477   577 W skia    : AGTM parsing failed flags.readFromStream(s) at 159
08-20 23:43:03.257   477   577 W skia    : AGTM parsing failed flags.readFromStream(s) at 159
08-20 23:43:03.257   477   577 W skia    : AGTM parsing failed flags.readFromStream(s) at 159
08-20 23:43:03.257   477   577 W skia    : AGTM parsing failed flags.readFromStream(s) at 159
08-20 23:43:03.345   477   577 W skia    : AGTM parsing failed flags.readFromStream(s) at 159
08-20 23:43:03.345   477   577 W skia    : AGTM parsing failed flags.readFromStream(s) at 159
08-20 23:43:03.345   477   577 W skia    : AGTM parsing failed flags.readFromStream(s) at 159
08-20 23:43:03.700  1285 12680 I NearbySharing: Network state changed: NetworkState(isRestricted=false, isOnline=true, isCongested=false, isMetered=false, isWifiConnected=true)
08-20 23:43:04.783   479   479 I adbd    : adbd service requested 'shell,v2,TERM=xterm-256color,raw:input tap 756 877'
08-20 23:43:04.808   894   894 I LegacyActivityStarterInternalImpl: shouldAnimateLaunch: isActivityIntent=true, showOverLockscreen=false, ignoreOcclusion=false, isInDesktopModeOnCurrentShadeDisplay=false, isDisplayDesktopFirst=false, isKeyguardShowing=false
08-20 23:43:04.808   894   894 I LegacyActivityStarterInternalImpl: Invoking dismissKeyguardThenExecute, afterKeyguardGone: false
08-20 23:43:04.808   642   980 W AS.PlaybackActivityMon: No piid assigned for invalid/internal port id 15
08-20 23:43:04.837   642  1778 W AS.PlaybackActivityMon: No piid assigned for invalid/internal port id 15
08-20 23:43:04.838   642   923 V GrammaticalInflectionUtils: AttributionSource: android.content.AttributionSource@e8567d59 does not have READ_SYSTEM_GRAMMATICAL_GENDER permission.
08-20 23:43:04.839   477   577 W skia    : AGTM parsing failed flags.readFromStream(s) at 159
08-20 23:43:04.839   477   577 W skia    : AGTM parsing failed flags.readFromStream(s) at 159
08-20 23:43:04.839   477   577 W skia    : AGTM parsing failed flags.readFromStream(s) at 159
08-20 23:43:04.839   477   577 W skia    : AGTM parsing failed flags.readFromStream(s) at 159
08-20 23:43:04.839   477   577 W skia    : AGTM parsing failed flags.readFromStream(s) at 159
08-20 23:43:04.839   477   577 W skia    : AGTM parsing failed flags.readFromStream(s) at 159
08-20 23:43:04.839   477   577 W skia    : AGTM parsing failed flags.readFromStream(s) at 159
08-20 23:43:04.840   894  1032 V RecentTasksController: Notify recent tasks changed
08-20 23:43:04.840  1043  1043 D RecentTasksList: invalidateLoadedTasks - previous requestLoadId: -1
08-20 23:43:04.840   642   923 V ActivityTaskManager: TaskLaunchParamsModifier: phase=3 task=Task{9dbbd1d #582 type=standard A=10252:com.izzes.nears} activity=ActivityRecord{207916586 u0 com.izzes.nears/.MainActivity t-1} display-from-task=0 display-id=0 task-display-area-windowing-mode=1 suggested-display-area=DefaultTaskDisplayArea@96464962 inherit-from-task=fullscreen non-freeform-task-display-area display-area=DefaultTaskDisplayArea@96464962 skip-bounds-fullscreen
08-20 23:43:04.840   642   923 I ActivityTaskManager: START u0 {act=android.intent.action.MAIN cat=[android.intent.category.LAUNCHER] flg=0x14000000 xflg=0x4 pkg=com.izzes.nears cmp=com.izzes.nears/.MainActivity (has extras)} with LAUNCH_SINGLE_TOP from uid 10252 (com.izzes.nears) (realCallingUid=10195) (BAL_ALLOW_NON_APP_VISIBLE_WINDOW [realCaller]) result code=2
08-20 23:43:04.840  1043  1043 D BaseActivity: Launcher flags updated: [state_started|state_resumed|state_deferred_resumed|state_user_active] -[]
08-20 23:43:04.840  1043  1043 D BaseActivity: Launcher flags updated: [state_started|state_resumed|state_deferred_resumed] -[state_user_active]
08-20 23:43:04.840  1043  1043 D BaseActivity: Launcher flags updated: [state_started] -[state_resumed|state_deferred_resumed]
08-20 23:43:04.840   642   663 V GrammaticalInflectionUtils: AttributionSource: android.content.AttributionSource@e8567d59 does not have READ_SYSTEM_GRAMMATICAL_GENDER permission.
08-20 23:43:04.840  1043  1043 W SplitSelectStateCtor: Missing session instanceIds
08-20 23:43:04.840  1043  1043 D StatsLog: LAUNCHER_SPLIT_SELECTION_EXIT_INTERRUPTED
08-20 23:43:04.840   894  1032 V WindowManagerShell: Transition requested (#47): android.os.BinderProxy@1f30cba TransitionRequestInfo { type = OPEN, triggerTask = TaskInfo{userId=0 taskId=582 effectiveUid=10252 displayId=0 isRunning=true baseIntent=Intent { act=android.intent.action.MAIN cat=[android.intent.category.LAUNCHER] flg=0x30000000 cmp=com.izzes.nears/.MainActivity } baseActivity=ComponentInfo{com.izzes.nears/com.izzes.nears.MainActivity} topActivity=ComponentInfo{com.izzes.nears/com.izzes.nears.MainActivity} origActivity=null realActivity=ComponentInfo{com.izzes.nears/com.izzes.nears.MainActivity} realActivityIsAppLockEnabled=false numActivities=1 lastActiveTime=9383255 supportsMultiWindow=true supportsMultiWindowWithoutConstraints=true resizeMode=1 isResizeable=true minWidth=-1 minHeight=-1 defaultMinSize=220 token=WCT{android.os.BinderProxy@e3df88c} topActivityType=1 pictureInPictureParams=null shouldDockBigOverlays=false launchIntoPipHostTaskId=-1 lastParentTaskIdBeforePip=-1 displayCutoutSafeInsets=Rect(0, 159 - 0, 0) topActivityInfo=ActivityInfo{439476b com.izzes.nears.MainActivity} launchCookies=[] positionInParent=Point(0, 0) parentTaskId=-1 isFocused=false isInteractive=false isVisible=false isVisibleRequested=false isTopActivityNoDisplay=false isSleeping=false locusId=null displayAreaFeatureId=1 isTopActivityTransparent=false isActivityStackTransparent=false lastNonFullscreenBounds=null leafTaskBoundsFromOptions= false capturedLink=null capturedLinkTimestamp=0 requestedVisibleTypes=503 topActivityRequestOpenInBrowserEducationTimestamp=0 appCompatTaskInfo=AppCompatTaskInfo { topActivityInSizeCompat=false isLeafTask= true eligibleForLetterboxEducation= false isLetterboxEducationEnabled= true isLetterboxDoubleTapEnabled= false eligibleForUserAspectRatioButton= false topActivityBoundsLetterboxed= false isFromLetterboxDoubleTap= false topActivityLetterboxVerticalPosition= -1 topActivityLetterboxHorizontalPosition= -1 topActivityLetterboxWidth=-1 topActivityLetterboxHeight=-1 topActivityAppBounds=Rect(0, 0 - 1344, 2992) isUserFullscreenOverrideEnabled=false isSystemFullscreenOverrideEnabled=false hasMinAspectRatioOverride=false topActivityLetterboxBounds=null topNonResizableActivityAspectRatio=-1.0} topActivityMainWindowFrame=null isAppBubble=false}, pipChange = null, remoteTransitionInfo = RemoteTransitionInfo { remoteTransition = com.android.systemui.animation.RemoteAnimationRunnerCompat$1@7e832c8, debugName = SysUILaunch, filter = null }, displayChanges = null, requestedLocation = null, userChange = null, windowingLayerChange = null, fullscreenRequestChange = null, flags = 0, debugId = 47 }
08-20 23:43:04.840   894  1032 W DisconnectHandler: No disconnect change found in the transition, not handling request.
08-20 23:43:04.840   894  1032 W DisconnectHandler: No disconnect change found in the transition, not handling request.
08-20 23:43:04.840   894  1032 V ShellDesktopMode: DesktopTasksController: skipping handleRequest reason=triggerTask's display doesn't support desktop mode
08-20 23:43:04.840   894  1032 D ShellSplitScreen: logExit: no-op, mLoggerSessionId is null
08-20 23:43:04.841   894  1032 V WindowManagerShell: RemoteTransition directly requested for (#47) android.os.BinderProxy@1f30cba: RemoteTransition { remoteTransition = com.android.systemui.animation.RemoteAnimationRunnerCompat$1@7e832c8, appThread = null, debugName = SysUILaunch, filter = null }
08-20 23:43:04.841   894  1032 V WindowManagerShell: Transition (#47): request handled by DefaultMixedHandler
08-20 23:43:04.842   642  1778 V WindowManager: Defer transition id=47 for TaskFragmentTransaction=android.os.Binder@d058391
08-20 23:43:04.842   894  1032 D WindowManagerShell: setLauncherKeepClearAreaHeight: visible=false, height=567
08-20 23:43:04.842   894  1032 D WindowManagerShell: onActivityRestartAttempt: topActivity=ComponentInfo{com.izzes.nears/com.izzes.nears.MainActivity}, wasVisible=false, displayId=0, pipDisplayLayoutState#displayId=0
08-20 23:43:04.842   642   923 V WindowManager: Continue transition id=47 for TaskFragmentTransaction=android.os.Binder@d058391
08-20 23:43:04.842   894   894 I ActivityTransitionAnimator: launchResult=2 willAnimate=true hideKeyguardWithAnimation=false
08-20 23:43:04.843   477   577 W skia    : AGTM parsing failed flags.readFromStream(s) at 159
08-20 23:43:04.843   477   577 W skia    : AGTM parsing failed flags.readFromStream(s) at 159
08-20 23:43:04.843   477   577 W skia    : AGTM parsing failed flags.readFromStream(s) at 159
08-20 23:43:04.844   477   562 I libbinder.BpBinder: onLastStrongRef automatically unlinking death recipients for binder (0xb400721bb2050eb0) with descriptor: '(not cached)'
08-20 23:43:04.845   642   676 W ProcessStats: Tracking association SourceState{a511bc4 com.google.android.apps.messaging:rcs/10154 BFgs #6744} whose proc state 4 is better than process ProcessState{f114aab com.google.android.apps.messaging/10154 pkg=com.google.android.apps.messaging} proc state 14 (4 skipped)
08-20 23:43:04.845   642   655 W InputChannel-JNI: Channel already disposed.
08-20 23:43:04.845   429   429 D Zygote  : Forked child process 13191
08-20 23:43:04.847   642   670 I ActivityManager: Start proc 13191:com.izzes.nears/u0a252 for next-top-activity {com.izzes.nears/com.izzes.nears.MainActivity}
08-20 23:43:04.854 13191 13191 I libprocessgroup: Created cgroup /sys/fs/cgroup/apps/uid_10252/pid_13191
08-20 23:43:04.855   477   577 W skia    : AGTM parsing failed flags.readFromStream(s) at 159
08-20 23:43:04.856   477   577 W skia    : AGTM parsing failed flags.readFromStream(s) at 159
08-20 23:43:04.856   477   577 W skia    : AGTM parsing failed flags.readFromStream(s) at 159
08-20 23:43:04.856   477   577 W skia    : AGTM parsing failed flags.readFromStream(s) at 159
08-20 23:43:04.856   477   577 W skia    : AGTM parsing failed flags.readFromStream(s) at 159
08-20 23:43:04.856   477   577 W skia    : AGTM parsing failed flags.readFromStream(s) at 159
08-20 23:43:04.856   477   577 W skia    : AGTM parsing failed flags.readFromStream(s) at 159
08-20 23:43:04.856 13191 13191 I Zygote  : Process 13191 created for com.izzes.nears
08-20 23:43:04.856 13191 13191 I com.izzes.nears: Late-enabling -Xcheck:jni
08-20 23:43:04.858   642  2068 D WindowManager: setClientSurface Surface(name=VRI-Splash Screen com.izzes.nears#620)/@0xe2cb882 for 646f7 Splash Screen com.izzes.nears
08-20 23:43:04.859   894  1127 I Surface : Creating surface for consumer unnamed-894-24 with slotExpansion=1 for 64 slots
08-20 23:43:04.859   894  1127 I Surface : Creating surface for consumer VRI[nears]#17(BLAST Consumer)17 with slotExpansion=1 for 64 slots
08-20 23:43:04.861 13191 13191 I com.izzes.nears: Using generational CollectorTypeCMC GC.
08-20 23:43:04.863   479   540 I adbd    : jdwp connection from 13191
08-20 23:43:04.866 13191 13191 D nativeloader: Load libframework-connectivity-tiramisu-jni.so using APEX ns com_android_tethering for caller /apex/com.android.tethering/javalib/framework-connectivity-t.jar: ok
08-20 23:43:04.872   477   577 W skia    : AGTM parsing failed flags.readFromStream(s) at 159
08-20 23:43:04.872   477   577 W skia    : AGTM parsing failed flags.readFromStream(s) at 159
08-20 23:43:04.872   477   577 W skia    : AGTM parsing failed flags.readFromStream(s) at 159
08-20 23:43:04.872   477   577 W skia    : AGTM parsing failed flags.readFromStream(s) at 159
08-20 23:43:04.872   477   577 W skia    : AGTM parsing failed flags.readFromStream(s) at 159
08-20 23:43:04.872   477   577 W skia    : AGTM parsing failed flags.readFromStream(s) at 159
08-20 23:43:04.872   477   577 W skia    : AGTM parsing failed flags.readFromStream(s) at 159
08-20 23:43:04.873   642   660 V WindowManager: Sent Transition (#47) createdAt=08-20 23:43:04.838 via request=TransitionRequestInfo { type = OPEN, triggerTask = TaskInfo{userId=0 taskId=582 effectiveUid=10252 displayId=0 isRunning=true baseIntent=Intent { act=android.intent.action.MAIN cat=[android.intent.category.LAUNCHER] flg=0x30000000 cmp=com.izzes.nears/.MainActivity } baseActivity=ComponentInfo{com.izzes.nears/com.izzes.nears.MainActivity} topActivity=ComponentInfo{com.izzes.nears/com.izzes.nears.MainActivity} origActivity=null realActivity=ComponentInfo{com.izzes.nears/com.izzes.nears.MainActivity} realActivityIsAppLockEnabled=false numActivities=1 lastActiveTime=9383255 supportsMultiWindow=true supportsMultiWindowWithoutConstraints=true resizeMode=1 isResizeable=true minWidth=-1 minHeight=-1 defaultMinSize=220 token=WCT{RemoteToken{eec818f Task{9dbbd1d #582 type=standard A=10252:com.izzes.nears}}} topActivityType=1 pictureInPictureParams=null shouldDockBigOverlays=false launchIntoPipHostTaskId=-1 lastParentTaskIdBeforePip=-1 displayCutoutSafeInsets=Rect(0, 159 - 0, 0) topActivityInfo=ActivityInfo{dc6ec1c com.izzes.nears.MainActivity} launchCookies=[] positionInParent=Point(0, 0) parentTaskId=-1 isFocused=false isInteractive=false isVisible=false isVisibleRequested=false isTopActivityNoDisplay=false isSleeping=false locusId=null displayAreaFeatureId=1 isTopActivityTransparent=false isActivityStackTransparent=false lastNonFullscreenBounds=null leafTaskBoundsFromOptions= false capturedLink=null capturedLinkTimestamp=0 requestedVisibleTypes=503 topActivityRequestOpenInBrowserEducationTimestamp=0 appCompatTaskInfo=AppCompatTaskInfo { topActivityInSizeCompat=false isLeafTask= true eligibleForLetterboxEducation= false isLetterboxEducationEnabled= true isLetterboxDoubleTapEnabled= false eligibleForUserAspectRatioButton= false topActivityBoundsLetterboxed= false isFromLetterboxDoubleTap= false topActivityLetterboxVerticalPosition= -1 topActivityLetterboxHorizontalPosition= -1 topActivityLetterboxWidth=-1 topActivityLetterboxHeight=-1 topActivityAppBounds=Rect(0, 0 - 1344, 2992) isUserFullscreenOverrideEnabled=false isSystemFullscreenOverrideEnabled=false hasMinAspectRatioOverride=false topActivityLetterboxBounds=null topNonResizableActivityAspectRatio=-1.0} topActivityMainWindowFrame=null isAppBubble=false}, pipChange = null, remoteTransitionInfo = RemoteTransitionInfo { remoteTransition = android.window.IRemoteTransition$Stub$Proxy@1f91def, debugName = SysUILaunch, filter = null }, displayChanges = null, requestedLocation = null, userChange = null, windowingLayerChange = null, fullscreenRequestChange = null, flags = 0, debugId = 47 }
08-20 23:43:04.873   642   660 V WindowManager:     startWCT=WindowContainerTransaction { changes= {} hops= [] flags= 0 errorCallbackToken=null taskFragmentOrganizer=null }
08-20 23:43:04.873   642   660 V WindowManager:     info={id=47 t=OPEN f=0x0 trk=0 r=[0@Point(0, 0)] c=[
08-20 23:43:04.873   642   660 V WindowManager:         {WCT{RemoteToken{eec818f Task{9dbbd1d #582 type=standard A=10252:com.izzes.nears}}} m=OPEN f=MOVE_TO_TOP|FLAG_CHANGED_INTERACTIVE leash=Surface(name=Task=582#503)/@0xe423ba8 sb=Rect(0, 0 - 1344, 2992) eb=Rect(0, 0 - 1344, 2992) epz=Point(1344, 2992) d=0 taskParent=-1 winMode=1 userId=0},
08-20 23:43:04.873   642   660 V WindowManager:         {WCT{RemoteToken{286712d Task{cafc982 #1 type=home}}} m=TO_BACK f=SHOW_WALLPAPER|FLAG_CHANGED_INTERACTIVE leash=Surface(name=Task=1#35)/@0xe762e98 sb=Rect(0, 0 - 1344, 2992) eb=Rect(0, 0 - 1344, 2992) epz=Point(1344, 2992) d=0 taskParent=-1 winMode=1 userId=0},
08-20 23:43:04.873   642   660 V WindowManager:         {m=TO_BACK f=IS_WALLPAPER leash=Surface(name=WallpaperWindowToken{86c8005}#54)/@0x9b5907b sb=Rect(0, 0 - 1344, 2992) eb=Rect(0, 0 - 1344, 2992) epz=Point(1344, 2992) d=0}
08-20 23:43:04.873   642   660 V WindowManager:     ]}
08-20 23:43:04.875 13191 13191 D ApplicationLoaders: Returning zygote-cached class loader: /system/framework/org.apache.http.legacy.jar
08-20 23:43:04.875 13191 13191 D ApplicationLoaders: Returning zygote-cached class loader: /system_ext/framework/androidx.window.extensions.jar
08-20 23:43:04.875 13191 13191 D ApplicationLoaders: Returning zygote-cached class loader: /system_ext/framework/androidx.window.sidecar.jar
08-20 23:43:04.878   894  1168 V WindowManagerShell: onTransitionReady(transaction=2757369013348)
08-20 23:43:04.878   894  1032 V WindowManagerShell: onTransitionReady (#47) android.os.BinderProxy@1f30cba: {id=47 t=OPEN f=0x0 trk=0 r=[0@Point(0, 0)] c=[
08-20 23:43:04.878   894  1032 V WindowManagerShell:         {m=OPEN f=MOVE_TO_TOP|FLAG_CHANGED_INTERACTIVE leash=Surface(name=Task=582#503)/@0xb71ddf8 sb=Rect(0, 0 - 1344, 2992) eb=Rect(0, 0 - 1344, 2992) epz=Point(1344, 2992) d=0 taskParent=-1 winMode=1 userId=0},
08-20 23:43:04.878   894  1032 V WindowManagerShell:         {m=TO_BACK f=SHOW_WALLPAPER|FLAG_CHANGED_INTERACTIVE leash=Surface(name=Task=1#35)/@0x6ed42d1 sb=Rect(0, 0 - 1344, 2992) eb=Rect(0, 0 - 1344, 2992) epz=Point(1344, 2992) d=0 taskParent=-1 winMode=1 userId=0},
08-20 23:43:04.878   894  1032 V WindowManagerShell:         {m=TO_BACK f=IS_WALLPAPER leash=Surface(name=WallpaperWindowToken{86c8005}#54)/@0xc075136 sb=Rect(0, 0 - 1344, 2992) eb=Rect(0, 0 - 1344, 2992) epz=Point(1344, 2992) d=0}
08-20 23:43:04.878   894  1032 V WindowManagerShell:     ]}
08-20 23:43:04.879   894  1032 V WindowManagerShell: Playing animation for (#47) android.os.BinderProxy@1f30cba@0
08-20 23:43:04.879   894  1032 V WindowManagerShell:  try firstHandler com.android.wm.shell.transition.DefaultMixedHandler@cafce2f
08-20 23:43:04.879   894  1032 V WindowManagerShell: Mixed transition for opening an intent with a remote transition and PIP or Desktop #47
08-20 23:43:04.879   894  1032 V WindowManagerShell: tryAnimateOpenIntentWithRemoteAndPipOrDesktop
08-20 23:43:04.879   894  1032 V WindowManagerShell:  Delegate animation for (#47) to RemoteTransition { remoteTransition = com.android.systemui.animation.RemoteAnimationRunnerCompat$1@7e832c8, appThread = null, debugName = SysUILaunch, filter = null }
08-20 23:43:04.881   642   710 W ActivityTaskManager: setRunningRemoteTransition: no process for null
08-20 23:43:04.881   894  1032 V WindowManagerShell:  animated by firstHandler
08-20 23:43:04.889   477   577 W skia    : AGTM parsing failed flags.readFromStream(s) at 159
08-20 23:43:04.889   477   577 W skia    : AGTM parsing failed flags.readFromStream(s) at 159
08-20 23:43:04.889   477   577 W skia    : AGTM parsing failed flags.readFromStream(s) at 159
08-20 23:43:04.889   477   577 W skia    : AGTM parsing failed flags.readFromStream(s) at 159
08-20 23:43:04.889   477   577 W skia    : AGTM parsing failed flags.readFromStream(s) at 159
08-20 23:43:04.889   477   577 W skia    : AGTM parsing failed flags.readFromStream(s) at 159
08-20 23:43:04.889   477   577 W skia    : AGTM parsing failed flags.readFromStream(s) at 159
08-20 23:43:04.906   477   577 W skia    : AGTM parsing failed flags.readFromStream(s) at 159
08-20 23:43:04.906   477   577 W skia    : AGTM parsing failed flags.readFromStream(s) at 159
08-20 23:43:04.906   477   577 W skia    : AGTM parsing failed flags.readFromStream(s) at 159
08-20 23:43:04.906   477   577 W skia    : AGTM parsing failed flags.readFromStream(s) at 159
08-20 23:43:04.906   477   577 W skia    : AGTM parsing failed flags.readFromStream(s) at 159
08-20 23:43:04.906   477   577 W skia    : AGTM parsing failed flags.readFromStream(s) at 159
08-20 23:43:04.906   477   577 W skia    : AGTM parsing failed flags.readFromStream(s) at 159
08-20 23:43:04.922   477   577 W skia    : AGTM parsing failed flags.readFromStream(s) at 159
08-20 23:43:04.923   477   577 W skia    : AGTM parsing failed flags.readFromStream(s) at 159
08-20 23:43:04.923   477   577 W skia    : AGTM parsing failed flags.readFromStream(s) at 159
08-20 23:43:04.923   477   577 W skia    : AGTM parsing failed flags.readFromStream(s) at 159
08-20 23:43:04.923   477   577 W skia    : AGTM parsing failed flags.readFromStream(s) at 159
08-20 23:43:04.923   477   577 W skia    : AGTM parsing failed flags.readFromStream(s) at 159
08-20 23:43:04.923   477   577 W skia    : AGTM parsing failed flags.readFromStream(s) at 159
08-20 23:43:04.939   477   577 W skia    : AGTM parsing failed flags.readFromStream(s) at 159
08-20 23:43:04.939   477   577 W skia    : AGTM parsing failed flags.readFromStream(s) at 159
08-20 23:43:04.939   477   577 W skia    : AGTM parsing failed flags.readFromStream(s) at 159
08-20 23:43:04.939   477   577 W skia    : AGTM parsing failed flags.readFromStream(s) at 159
08-20 23:43:04.939   477   577 W skia    : AGTM parsing failed flags.readFromStream(s) at 159
08-20 23:43:04.939   477   577 W skia    : AGTM parsing failed flags.readFromStream(s) at 159
08-20 23:43:04.939   477   577 W skia    : AGTM parsing failed flags.readFromStream(s) at 159
08-20 23:43:04.942   894  1032 V RecentTasksController: Notify recent tasks changed
08-20 23:43:04.943   894  1032 V RecentTasksController: generateList(getRecentTasks)
08-20 23:43:04.943   894  1032 V RecentTasksController: initializeDesksMap - allDeskIds: []
08-20 23:43:04.943   894  1032 V RecentTasksController: Task 582 is not an active desktop task
08-20 23:43:04.943   894  1032 V RecentTasksController: Added fullscreen task: 582
08-20 23:43:04.943   894  1032 V RecentTasksController: Task 507 is not an active desktop task
08-20 23:43:04.943   894  1032 V RecentTasksController: Added fullscreen task: 507
08-20 23:43:04.943   894  1032 V RecentTasksController: generateList - complete
08-20 23:43:04.943   477   577 W skia    : AGTM parsing failed flags.readFromStream(s) at 159
08-20 23:43:04.943   477   577 W skia    : AGTM parsing failed flags.readFromStream(s) at 159
08-20 23:43:04.943   477   577 W skia    : AGTM parsing failed flags.readFromStream(s) at 159
08-20 23:43:04.946  1043  1097 D PreloadThumbnailUseCase: Preloading thumbnails for task ids: [[id=507 windowingMode=0 user=0 lastActiveTime=7773] null, [id=582 windowingMode=1 user=0 lastActiveTime=9383255] null]
08-20 23:43:04.946  1043  1043 D RecentTasksList: invalidateLoadedTasks - previous requestLoadId: -1
08-20 23:43:04.949   642  4833 I GFXSTREAM: [eglDisplay.cpp(297)] Opening libGLESv1_CM_emulation.so
08-20 23:43:04.950   642  4833 I GFXSTREAM: [eglDisplay.cpp(297)] Opening libGLESv2_emulation.so
08-20 23:43:04.950   642  4833 W libc    : Access denied finding property "vendor.mesa.virtgpu.kumquat"
08-20 23:43:04.947   642   642 W GrallocUploadTh: type=1400 audit(0.0:133): avc:  denied  { read } for  name="u:object_r:vendor_default_prop:s0" dev="tmpfs" ino=395 scontext=u:r:system_server:s0 tcontext=u:object_r:vendor_default_prop:s0 tclass=file permissive=0
08-20 23:43:04.951   642  4833 W HWUI    : Failed to choose config with EGL_SWAP_BEHAVIOR_PRESERVED, retrying without...
08-20 23:43:04.951   642  4833 W HWUI    : Failed to initialize 101010-2 format, error = EGL_SUCCESS
08-20 23:43:04.947   642   642 W binder:642_4: type=1400 audit(0.0:134): avc:  denied  { read } for  name="u:object_r:vendor_default_prop:s0" dev="tmpfs" ino=395 scontext=u:r:system_server:s0 tcontext=u:object_r:vendor_default_prop:s0 tclass=file permissive=0
08-20 23:43:04.953   642   710 W libc    : Access denied finding property "vendor.mesa.virtgpu.kumquat"
08-20 23:43:04.956   477   577 W skia    : AGTM parsing failed flags.readFromStream(s) at 159
08-20 23:43:04.956   477   577 W skia    : AGTM parsing failed flags.readFromStream(s) at 159
08-20 23:43:04.956   477   577 W skia    : AGTM parsing failed flags.readFromStream(s) at 159
08-20 23:43:04.956   477   577 W skia    : AGTM parsing failed flags.readFromStream(s) at 159
08-20 23:43:04.956   477   577 W skia    : AGTM parsing failed flags.readFromStream(s) at 159
08-20 23:43:04.956   477   577 W skia    : AGTM parsing failed flags.readFromStream(s) at 159
08-20 23:43:04.956   477   577 W skia    : AGTM parsing failed flags.readFromStream(s) at 159
08-20 23:43:04.972   477   577 W skia    : AGTM parsing failed flags.readFromStream(s) at 159
08-20 23:43:04.972   477   577 W skia    : AGTM parsing failed flags.readFromStream(s) at 159
08-20 23:43:04.972   477   577 W skia    : AGTM parsing failed flags.readFromStream(s) at 159
08-20 23:43:04.972   477   577 W skia    : AGTM parsing failed flags.readFromStream(s) at 159
08-20 23:43:04.972   477   577 W skia    : AGTM parsing failed flags.readFromStream(s) at 159
08-20 23:43:04.972   477   577 W skia    : AGTM parsing failed flags.readFromStream(s) at 159
08-20 23:43:04.972   477   577 W skia    : AGTM parsing failed flags.readFromStream(s) at 159
08-20 23:43:04.974   894  1179 D ShadeStatusBarComponentsInteractor#disableFlagsInteractor: newValue: DisableFlagsModel(disable1=0, disable2=0, animate=true)
08-20 23:43:04.989   477   577 W skia    : AGTM parsing failed flags.readFromStream(s) at 159
08-20 23:43:04.989   477   577 W skia    : AGTM parsing failed flags.readFromStream(s) at 159
08-20 23:43:04.989   477   577 W skia    : AGTM parsing failed flags.readFromStream(s) at 159
08-20 23:43:04.989   477   577 W skia    : AGTM parsing failed flags.readFromStream(s) at 159
08-20 23:43:04.989   477   577 W skia    : AGTM parsing failed flags.readFromStream(s) at 159
08-20 23:43:04.989   477   577 W skia    : AGTM parsing failed flags.readFromStream(s) at 159
08-20 23:43:04.989   477   577 W skia    : AGTM parsing failed flags.readFromStream(s) at 159
08-20 23:43:05.000   473   573 I APM_AudioPolicyManager: getNewOutputDevices io 13 recent device override {AUDIO_DEVICE_OUT_SPEAKER, @:}
08-20 23:43:05.007   477   577 W skia    : AGTM parsing failed flags.readFromStream(s) at 159
08-20 23:43:05.007   477   577 W skia    : AGTM parsing failed flags.readFromStream(s) at 159
08-20 23:43:05.007   477   577 W skia    : AGTM parsing failed flags.readFromStream(s) at 159
08-20 23:43:05.007   477   577 W skia    : AGTM parsing failed flags.readFromStream(s) at 159
08-20 23:43:05.007   477   577 W skia    : AGTM parsing failed flags.readFromStream(s) at 159
08-20 23:43:05.007   477   577 W skia    : AGTM parsing failed flags.readFromStream(s) at 159
08-20 23:43:05.007   477   577 W skia    : AGTM parsing failed flags.readFromStream(s) at 159
08-20 23:43:05.022   477   577 W skia    : AGTM parsing failed flags.readFromStream(s) at 159
08-20 23:43:05.022   477   577 W skia    : AGTM parsing failed flags.readFromStream(s) at 159
08-20 23:43:05.023   477   577 W skia    : AGTM parsing failed flags.readFromStream(s) at 159
08-20 23:43:05.023   477   577 W skia    : AGTM parsing failed flags.readFromStream(s) at 159
08-20 23:43:05.023   477   577 W skia    : AGTM parsing failed flags.readFromStream(s) at 159
08-20 23:43:05.023   477   577 W skia    : AGTM parsing failed flags.readFromStream(s) at 159
08-20 23:43:05.023   477   577 W skia    : AGTM parsing failed flags.readFromStream(s) at 159
08-20 23:43:05.039   477   577 W skia    : AGTM parsing failed flags.readFromStream(s) at 159
08-20 23:43:05.039   477   577 W skia    : AGTM parsing failed flags.readFromStream(s) at 159
08-20 23:43:05.039   477   577 W skia    : AGTM parsing failed flags.readFromStream(s) at 159
08-20 23:43:05.039   477   577 W skia    : AGTM parsing failed flags.readFromStream(s) at 159
08-20 23:43:05.039   477   577 W skia    : AGTM parsing failed flags.readFromStream(s) at 159
08-20 23:43:05.039   477   577 W skia    : AGTM parsing failed flags.readFromStream(s) at 159
08-20 23:43:05.039   477   577 W skia    : AGTM parsing failed flags.readFromStream(s) at 159
08-20 23:43:05.044   477   577 W skia    : AGTM parsing failed flags.readFromStream(s) at 159
08-20 23:43:05.044   477   577 W skia    : AGTM parsing failed flags.readFromStream(s) at 159
08-20 23:43:05.044   477   577 W skia    : AGTM parsing failed flags.readFromStream(s) at 159
08-20 23:43:05.057   477   577 W skia    : AGTM parsing failed flags.readFromStream(s) at 159
08-20 23:43:05.057   477   577 W skia    : AGTM parsing failed flags.readFromStream(s) at 159
08-20 23:43:05.057   477   577 W skia    : AGTM parsing failed flags.readFromStream(s) at 159
08-20 23:43:05.057   477   577 W skia    : AGTM parsing failed flags.readFromStream(s) at 159
08-20 23:43:05.057   477   577 W skia    : AGTM parsing failed flags.readFromStream(s) at 159
08-20 23:43:05.057   477   577 W skia    : AGTM parsing failed flags.readFromStream(s) at 159
08-20 23:43:05.057   477   577 W skia    : AGTM parsing failed flags.readFromStream(s) at 159
08-20 23:43:05.073   477   577 W skia    : AGTM parsing failed flags.readFromStream(s) at 159
08-20 23:43:05.073   477   577 W skia    : AGTM parsing failed flags.readFromStream(s) at 159
08-20 23:43:05.073   477   577 W skia    : AGTM parsing failed flags.readFromStream(s) at 159
08-20 23:43:05.073   477   577 W skia    : AGTM parsing failed flags.readFromStream(s) at 159
08-20 23:43:05.073   477   577 W skia    : AGTM parsing failed flags.readFromStream(s) at 159
08-20 23:43:05.073   477   577 W skia    : AGTM parsing failed flags.readFromStream(s) at 159
08-20 23:43:05.073   477   577 W skia    : AGTM parsing failed flags.readFromStream(s) at 159
08-20 23:43:05.073   477   577 W skia    : AGTM parsing failed flags.readFromStream(s) at 159
08-20 23:43:05.089   477   577 W skia    : AGTM parsing failed flags.readFromStream(s) at 159
08-20 23:43:05.089   477   577 W skia    : AGTM parsing failed flags.readFromStream(s) at 159
08-20 23:43:05.089   477   577 W skia    : AGTM parsing failed flags.readFromStream(s) at 159
08-20 23:43:05.089   477   577 W skia    : AGTM parsing failed flags.readFromStream(s) at 159
08-20 23:43:05.089   477   577 W skia    : AGTM parsing failed flags.readFromStream(s) at 159
08-20 23:43:05.089   477   577 W skia    : AGTM parsing failed flags.readFromStream(s) at 159
08-20 23:43:05.089   477   577 W skia    : AGTM parsing failed flags.readFromStream(s) at 159
08-20 23:43:05.089   477   577 W skia    : AGTM parsing failed flags.readFromStream(s) at 159
08-20 23:43:05.106   477   577 W skia    : AGTM parsing failed flags.readFromStream(s) at 159
08-20 23:43:05.106   477   577 W skia    : AGTM parsing failed flags.readFromStream(s) at 159
08-20 23:43:05.106   477   577 W skia    : AGTM parsing failed flags.readFromStream(s) at 159
08-20 23:43:05.106   477   577 W skia    : AGTM parsing failed flags.readFromStream(s) at 159
08-20 23:43:05.106   477   577 W skia    : AGTM parsing failed flags.readFromStream(s) at 159
08-20 23:43:05.106   477   577 W skia    : AGTM parsing failed flags.readFromStream(s) at 159
08-20 23:43:05.106   477   577 W skia    : AGTM parsing failed flags.readFromStream(s) at 159
08-20 23:43:05.106   477   577 W skia    : AGTM parsing failed flags.readFromStream(s) at 159
08-20 23:43:05.122   477   577 W skia    : AGTM parsing failed flags.readFromStream(s) at 159
08-20 23:43:05.122   477   577 W skia    : AGTM parsing failed flags.readFromStream(s) at 159
08-20 23:43:05.122   477   577 W skia    : AGTM parsing failed flags.readFromStream(s) at 159
08-20 23:43:05.122   477   577 W skia    : AGTM parsing failed flags.readFromStream(s) at 159
08-20 23:43:05.122   477   577 W skia    : AGTM parsing failed flags.readFromStream(s) at 159
08-20 23:43:05.122   477   577 W skia    : AGTM parsing failed flags.readFromStream(s) at 159
08-20 23:43:05.122   477   577 W skia    : AGTM parsing failed flags.readFromStream(s) at 159
08-20 23:43:05.122   477   577 W skia    : AGTM parsing failed flags.readFromStream(s) at 159
08-20 23:43:05.131 13191 13191 D nativeloader: Configuring clns-9 for other apk /data/app/~~Hyctd9N84K84AyUDoiF43Q==/com.izzes.nears-tWnyVgtaRDVqf71B5FpfIQ==/base.apk. target_sdk_version=36, uses_libraries=, library_path=/data/app/~~Hyctd9N84K84AyUDoiF43Q==/com.izzes.nears-tWnyVgtaRDVqf71B5FpfIQ==/lib/arm64:/data/app/~~Hyctd9N84K84AyUDoiF43Q==/com.izzes.nears-tWnyVgtaRDVqf71B5FpfIQ==/base.apk!/lib/arm64-v8a, permitted_path=/data:/mnt/expand:/data/user/0/com.izzes.nears
08-20 23:43:05.136 13191 13191 V GraphicsEnvironment: Currently set values for:
08-20 23:43:05.136 13191 13191 V GraphicsEnvironment:   angle_gl_driver_selection_pkgs=[]
08-20 23:43:05.136 13191 13191 V GraphicsEnvironment:   angle_gl_driver_selection_values=[]
08-20 23:43:05.136 13191 13191 V GraphicsEnvironment: com.izzes.nears is not listed in per-application setting
08-20 23:43:05.136 13191 13191 V GraphicsEnvironment: No special selections for ANGLE, returning default driver choice
08-20 23:43:05.136 13191 13191 V GraphicsEnvironment: Neither updatable production driver nor prerelease driver is supported.
08-20 23:43:05.139   477   577 W skia    : AGTM parsing failed flags.readFromStream(s) at 159
08-20 23:43:05.139   477   577 W skia    : AGTM parsing failed flags.readFromStream(s) at 159
08-20 23:43:05.139   477   577 W skia    : AGTM parsing failed flags.readFromStream(s) at 159
08-20 23:43:05.139   477   577 W skia    : AGTM parsing failed flags.readFromStream(s) at 159
08-20 23:43:05.139   477   577 W skia    : AGTM parsing failed flags.readFromStream(s) at 159
08-20 23:43:05.139   477   577 W skia    : AGTM parsing failed flags.readFromStream(s) at 159
08-20 23:43:05.139   477   577 W skia    : AGTM parsing failed flags.readFromStream(s) at 159
08-20 23:43:05.139   477   577 W skia    : AGTM parsing failed flags.readFromStream(s) at 159
08-20 23:43:05.140 13191 13191 W FirebaseApp: Default FirebaseApp failed to initialize because no default options were found. This usually means that com.google.gms:google-services was not applied to your gradle project.
08-20 23:43:05.141 13191 13191 I FirebaseInitProvider: FirebaseApp initialization unsuccessful
08-20 23:43:05.141 13191 13191 D FLTFireContextHolder: received application context.
08-20 23:43:05.144   477   577 W skia    : AGTM parsing failed flags.readFromStream(s) at 159
08-20 23:43:05.144   477   577 W skia    : AGTM parsing failed flags.readFromStream(s) at 159
08-20 23:43:05.144   477   577 W skia    : AGTM parsing failed flags.readFromStream(s) at 159
08-20 23:43:05.156   477   577 W skia    : AGTM parsing failed flags.readFromStream(s) at 159
08-20 23:43:05.156   477   577 W skia    : AGTM parsing failed flags.readFromStream(s) at 159
08-20 23:43:05.156   477   577 W skia    : AGTM parsing failed flags.readFromStream(s) at 159
08-20 23:43:05.156   477   577 W skia    : AGTM parsing failed flags.readFromStream(s) at 159
08-20 23:43:05.156   477   577 W skia    : AGTM parsing failed flags.readFromStream(s) at 159
08-20 23:43:05.157   477   577 W skia    : AGTM parsing failed flags.readFromStream(s) at 159
08-20 23:43:05.157   477   577 W skia    : AGTM parsing failed flags.readFromStream(s) at 159
08-20 23:43:05.157   477   577 W skia    : AGTM parsing failed flags.readFromStream(s) at 159
08-20 23:43:05.168 13191 13191 W com.facebook.UserSettingsManager: You haven't set a value for AdvertiserIDCollectionEnabled. Set the flag to TRUE if you want to collect Advertiser ID for better advertising and analytics results. To request user consent before collecting data, set the flag value to FALSE, then change to TRUE once user consent is received. Learn more: https://developers.facebook.com/docs/app-events/getting-started-app-events-android#disable-auto-events.
08-20 23:43:05.172   477   577 W skia    : AGTM parsing failed flags.readFromStream(s) at 159
08-20 23:43:05.172   477   577 W skia    : AGTM parsing failed flags.readFromStream(s) at 159
08-20 23:43:05.172   477   577 W skia    : AGTM parsing failed flags.readFromStream(s) at 159
08-20 23:43:05.172   477   577 W skia    : AGTM parsing failed flags.readFromStream(s) at 159
08-20 23:43:05.172   477   577 W skia    : AGTM parsing failed flags.readFromStream(s) at 159
08-20 23:43:05.172   477   577 W skia    : AGTM parsing failed flags.readFromStream(s) at 159
08-20 23:43:05.172   477   577 W skia    : AGTM parsing failed flags.readFromStream(s) at 159
08-20 23:43:05.172   477   577 W skia    : AGTM parsing failed flags.readFromStream(s) at 159
08-20 23:43:05.180 13191 13209 W com.facebook.internal.NativeProtocol: Apps that target Android API 30+ (Android 11+) cannot call Facebook native apps unless the package visibility needs are declared. Please follow https://developers.facebook.com/docs/android/troubleshooting/#faq_267321845055988 to make the declaration.
08-20 23:43:05.185 13191 13213 I DisplayManager: Choreographer implicitly registered for the refresh rate.
08-20 23:43:05.189   477   577 W skia    : AGTM parsing failed flags.readFromStream(s) at 159
08-20 23:43:05.189   477   577 W skia    : AGTM parsing failed flags.readFromStream(s) at 159
08-20 23:43:05.189   477   577 W skia    : AGTM parsing failed flags.readFromStream(s) at 159
08-20 23:43:05.189   477   577 W skia    : AGTM parsing failed flags.readFromStream(s) at 159
08-20 23:43:05.189   477   577 W skia    : AGTM parsing failed flags.readFromStream(s) at 159
08-20 23:43:05.189   477   577 W skia    : AGTM parsing failed flags.readFromStream(s) at 159
08-20 23:43:05.189   477   577 W skia    : AGTM parsing failed flags.readFromStream(s) at 159
08-20 23:43:05.189   477   577 W skia    : AGTM parsing failed flags.readFromStream(s) at 159
08-20 23:43:05.206   477   577 W skia    : AGTM parsing failed flags.readFromStream(s) at 159
08-20 23:43:05.206   477   577 W skia    : AGTM parsing failed flags.readFromStream(s) at 159
08-20 23:43:05.206   477   577 W skia    : AGTM parsing failed flags.readFromStream(s) at 159
08-20 23:43:05.206   477   577 W skia    : AGTM parsing failed flags.readFromStream(s) at 159
08-20 23:43:05.206   477   577 W skia    : AGTM parsing failed flags.readFromStream(s) at 159
08-20 23:43:05.206   477   577 W skia    : AGTM parsing failed flags.readFromStream(s) at 159
08-20 23:43:05.206   477   577 W skia    : AGTM parsing failed flags.readFromStream(s) at 159
08-20 23:43:05.206   477   577 W skia    : AGTM parsing failed flags.readFromStream(s) at 159
08-20 23:43:05.212 13191 13227 I ResourceExtractor: Found extracted resources res_timestamp-3-1787254361878
08-20 23:43:05.212 13191 13213 I GFXSTREAM: [eglDisplay.cpp(297)] Opening libGLESv1_CM_emulation.so
08-20 23:43:05.212 13191 13213 I GFXSTREAM: [eglDisplay.cpp(297)] Opening libGLESv2_emulation.so
08-20 23:43:05.212 13191 13226 D FlutterJNI: Beginning load of flutter...
08-20 23:43:05.212 13191 13213 W libc    : Access denied finding property "vendor.mesa.virtgpu.kumquat"
08-20 23:43:05.214 13191 13213 W HWUI    : Failed to choose config with EGL_SWAP_BEHAVIOR_PRESERVED, retrying without...
08-20 23:43:05.214 13191 13213 W HWUI    : Failed to initialize 101010-2 format, error = EGL_SUCCESS
08-20 23:43:05.215 13191 13226 D nativeloader: Load /data/app/~~Hyctd9N84K84AyUDoiF43Q==/com.izzes.nears-tWnyVgtaRDVqf71B5FpfIQ==/lib/arm64/libflutter.so using class loader ns clns-9 (caller=/data/app/~~Hyctd9N84K84AyUDoiF43Q==/com.izzes.nears-tWnyVgtaRDVqf71B5FpfIQ==/base.apk!classes22.dex): ok
08-20 23:43:05.216 13191 13226 D FlutterJNI: flutter (null) was loaded normally!
08-20 23:43:05.217   642  2068 D FileUtils: Rounded bytes from 3155017728 to 4000000000
08-20 23:43:05.222   477   577 W skia    : AGTM parsing failed flags.readFromStream(s) at 159
08-20 23:43:05.223   477   577 W skia    : AGTM parsing failed flags.readFromStream(s) at 159
08-20 23:43:05.223   477   577 W skia    : AGTM parsing failed flags.readFromStream(s) at 159
08-20 23:43:05.223   477   577 W skia    : AGTM parsing failed flags.readFromStream(s) at 159
08-20 23:43:05.223   477   577 W skia    : AGTM parsing failed flags.readFromStream(s) at 159
08-20 23:43:05.223   477   577 W skia    : AGTM parsing failed flags.readFromStream(s) at 159
08-20 23:43:05.223   477   577 W skia    : AGTM parsing failed flags.readFromStream(s) at 159
08-20 23:43:05.223   477   577 W skia    : AGTM parsing failed flags.readFromStream(s) at 159
08-20 23:43:05.227 13191 13191 W com.izzes.nears: type=1400 audit(0.0:135): avc:  denied  { read } for  name="max_map_count" dev="proc" ino=26028 scontext=u:r:untrusted_app_34:s0:c252,c256,c512,c768 tcontext=u:object_r:proc_max_map_count:s0 tclass=file permissive=0 app=com.izzes.nears
08-20 23:43:05.236 13191 13229 W libc    : Access denied finding property "vendor.mesa.virtgpu.kumquat"
08-20 23:43:05.239   477   577 W skia    : AGTM parsing failed flags.readFromStream(s) at 159
08-20 23:43:05.239   477   577 W skia    : AGTM parsing failed flags.readFromStream(s) at 159
08-20 23:43:05.239   477   577 W skia    : AGTM parsing failed flags.readFromStream(s) at 159
08-20 23:43:05.239   477   577 W skia    : AGTM parsing failed flags.readFromStream(s) at 159
08-20 23:43:05.239   477   577 W skia    : AGTM parsing failed flags.readFromStream(s) at 159
08-20 23:43:05.239   477   577 W skia    : AGTM parsing failed flags.readFromStream(s) at 159
08-20 23:43:05.239   477   577 W skia    : AGTM parsing failed flags.readFromStream(s) at 159
08-20 23:43:05.239   477   577 W skia    : AGTM parsing failed flags.readFromStream(s) at 159
08-20 23:43:05.244   477   577 W skia    : AGTM parsing failed flags.readFromStream(s) at 159
08-20 23:43:05.244   477   577 W skia    : AGTM parsing failed flags.readFromStream(s) at 159
08-20 23:43:05.244   477   577 W skia    : AGTM parsing failed flags.readFromStream(s) at 159
08-20 23:43:05.244   477   577 W skia    : AGTM parsing failed flags.readFromStream(s) at 159
08-20 23:43:05.246 13191 13229 I flutter : [IMPORTANT:flutter/shell/platform/android/android_context_gl_impeller.cc(104)] Using the Impeller rendering backend (OpenGLES).
08-20 23:43:05.247 13191 13230 W libc    : Access denied finding property "vendor.mesa.virtgpu.kumquat"
08-20 23:43:05.256   477   577 W skia    : AGTM parsing failed flags.readFromStream(s) at 159
08-20 23:43:05.256   477   577 W skia    : AGTM parsing failed flags.readFromStream(s) at 159
08-20 23:43:05.256   477   577 W skia    : AGTM parsing failed flags.readFromStream(s) at 159
08-20 23:43:05.256   477   577 W skia    : AGTM parsing failed flags.readFromStream(s) at 159
08-20 23:43:05.256   477   577 W skia    : AGTM parsing failed flags.readFromStream(s) at 159
08-20 23:43:05.256   477   577 W skia    : AGTM parsing failed flags.readFromStream(s) at 159
08-20 23:43:05.256   477   577 W skia    : AGTM parsing failed flags.readFromStream(s) at 159
08-20 23:43:05.256   477   577 W skia    : AGTM parsing failed flags.readFromStream(s) at 159
08-20 23:43:05.272   477   577 W skia    : AGTM parsing failed flags.readFromStream(s) at 159
08-20 23:43:05.272   477   577 W skia    : AGTM parsing failed flags.readFromStream(s) at 159
08-20 23:43:05.272   477   577 W skia    : AGTM parsing failed flags.readFromStream(s) at 159
08-20 23:43:05.272   477   577 W skia    : AGTM parsing failed flags.readFromStream(s) at 159
08-20 23:43:05.272   477   577 W skia    : AGTM parsing failed flags.readFromStream(s) at 159
08-20 23:43:05.272   477   577 W skia    : AGTM parsing failed flags.readFromStream(s) at 159
08-20 23:43:05.272   477   577 W skia    : AGTM parsing failed flags.readFromStream(s) at 159
08-20 23:43:05.272   477   577 W skia    : AGTM parsing failed flags.readFromStream(s) at 159
08-20 23:43:05.289   477   577 W skia    : AGTM parsing failed flags.readFromStream(s) at 159
08-20 23:43:05.289   477   577 W skia    : AGTM parsing failed flags.readFromStream(s) at 159
08-20 23:43:05.289   477   577 W skia    : AGTM parsing failed flags.readFromStream(s) at 159
08-20 23:43:05.289   477   577 W skia    : AGTM parsing failed flags.readFromStream(s) at 159
08-20 23:43:05.289   477   577 W skia    : AGTM parsing failed flags.readFromStream(s) at 159
08-20 23:43:05.289   477   577 W skia    : AGTM parsing failed flags.readFromStream(s) at 159
08-20 23:43:05.289   477   577 W skia    : AGTM parsing failed flags.readFromStream(s) at 159
08-20 23:43:05.289   477   577 W skia    : AGTM parsing failed flags.readFromStream(s) at 159
08-20 23:43:05.306   477   577 W skia    : AGTM parsing failed flags.readFromStream(s) at 159
08-20 23:43:05.306   477   577 W skia    : AGTM parsing failed flags.readFromStream(s) at 159
08-20 23:43:05.306   477   577 W skia    : AGTM parsing failed flags.readFromStream(s) at 159
08-20 23:43:05.306   477   577 W skia    : AGTM parsing failed flags.readFromStream(s) at 159
08-20 23:43:05.306   477   577 W skia    : AGTM parsing failed flags.readFromStream(s) at 159
08-20 23:43:05.306   477   577 W skia    : AGTM parsing failed flags.readFromStream(s) at 159
08-20 23:43:05.306   477   577 W skia    : AGTM parsing failed flags.readFromStream(s) at 159
08-20 23:43:05.306   477   577 W skia    : AGTM parsing failed flags.readFromStream(s) at 159
08-20 23:43:05.322   477   577 W skia    : AGTM parsing failed flags.readFromStream(s) at 159
08-20 23:43:05.322   477   577 W skia    : AGTM parsing failed flags.readFromStream(s) at 159
08-20 23:43:05.322   477   577 W skia    : AGTM parsing failed flags.readFromStream(s) at 159
08-20 23:43:05.323   477   577 W skia    : AGTM parsing failed flags.readFromStream(s) at 159
08-20 23:43:05.323   477   577 W skia    : AGTM parsing failed flags.readFromStream(s) at 159
08-20 23:43:05.323   477   577 W skia    : AGTM parsing failed flags.readFromStream(s) at 159
08-20 23:43:05.323   477   577 W skia    : AGTM parsing failed flags.readFromStream(s) at 159
08-20 23:43:05.323   477   577 W skia    : AGTM parsing failed flags.readFromStream(s) at 159
08-20 23:43:05.329 13191 13238 I flutter : The Dart VM service is listening on http://127.0.0.1:34907/_ZxGxV_TUak=/
08-20 23:43:05.339   477   577 W skia    : AGTM parsing failed flags.readFromStream(s) at 159
08-20 23:43:05.339   477   577 W skia    : AGTM parsing failed flags.readFromStream(s) at 159
08-20 23:43:05.339   477   577 W skia    : AGTM parsing failed flags.readFromStream(s) at 159
08-20 23:43:05.339   477   577 W skia    : AGTM parsing failed flags.readFromStream(s) at 159
08-20 23:43:05.339   477   577 W skia    : AGTM parsing failed flags.readFromStream(s) at 159
08-20 23:43:05.339   477   577 W skia    : AGTM parsing failed flags.readFromStream(s) at 159
08-20 23:43:05.339   477   577 W skia    : AGTM parsing failed flags.readFromStream(s) at 159
08-20 23:43:05.339   477   577 W skia    : AGTM parsing failed flags.readFromStream(s) at 159
08-20 23:43:05.345   477   577 W skia    : AGTM parsing failed flags.readFromStream(s) at 159
08-20 23:43:05.345   477   577 W skia    : AGTM parsing failed flags.readFromStream(s) at 159
08-20 23:43:05.345   477   577 W skia    : AGTM parsing failed flags.readFromStream(s) at 159
08-20 23:43:05.345   477   577 W skia    : AGTM parsing failed flags.readFromStream(s) at 159
08-20 23:43:05.356   477   577 W skia    : AGTM parsing failed flags.readFromStream(s) at 159
08-20 23:43:05.356   477   577 W skia    : AGTM parsing failed flags.readFromStream(s) at 159
08-20 23:43:05.356   477   577 W skia    : AGTM parsing failed flags.readFromStream(s) at 159
08-20 23:43:05.356   477   577 W skia    : AGTM parsing failed flags.readFromStream(s) at 159
08-20 23:43:05.356   477   577 W skia    : AGTM parsing failed flags.readFromStream(s) at 159
08-20 23:43:05.356   477   577 W skia    : AGTM parsing failed flags.readFromStream(s) at 159
08-20 23:43:05.356   477   577 W skia    : AGTM parsing failed flags.readFromStream(s) at 159
08-20 23:43:05.356   477   577 W skia    : AGTM parsing failed flags.readFromStream(s) at 159
08-20 23:43:05.372   477   577 W skia    : AGTM parsing failed flags.readFromStream(s) at 159
08-20 23:43:05.372   477   577 W skia    : AGTM parsing failed flags.readFromStream(s) at 159
08-20 23:43:05.372   477   577 W skia    : AGTM parsing failed flags.readFromStream(s) at 159
08-20 23:43:05.372   477   577 W skia    : AGTM parsing failed flags.readFromStream(s) at 159
08-20 23:43:05.372   477   577 W skia    : AGTM parsing failed flags.readFromStream(s) at 159
08-20 23:43:05.372   477   577 W skia    : AGTM parsing failed flags.readFromStream(s) at 159
08-20 23:43:05.372   477   577 W skia    : AGTM parsing failed flags.readFromStream(s) at 159
08-20 23:43:05.372   477   577 W skia    : AGTM parsing failed flags.readFromStream(s) at 159
08-20 23:43:05.389   477   577 W skia    : AGTM parsing failed flags.readFromStream(s) at 159
08-20 23:43:05.389   477   577 W skia    : AGTM parsing failed flags.readFromStream(s) at 159
08-20 23:43:05.389   477   577 W skia    : AGTM parsing failed flags.readFromStream(s) at 159
08-20 23:43:05.389   477   577 W skia    : AGTM parsing failed flags.readFromStream(s) at 159
08-20 23:43:05.389   477   577 W skia    : AGTM parsing failed flags.readFromStream(s) at 159
08-20 23:43:05.389   477   577 W skia    : AGTM parsing failed flags.readFromStream(s) at 159
08-20 23:43:05.389   477   577 W skia    : AGTM parsing failed flags.readFromStream(s) at 159
08-20 23:43:05.389   477   577 W skia    : AGTM parsing failed flags.readFromStream(s) at 159
08-20 23:43:05.391   894   894 W BlurChoreographer: Multiple blur values emitted in the same frame
08-20 23:43:05.405   477   577 W skia    : AGTM parsing failed flags.readFromStream(s) at 159
08-20 23:43:05.405   477   577 W skia    : AGTM parsing failed flags.readFromStream(s) at 159
08-20 23:43:05.405   477   577 W skia    : AGTM parsing failed flags.readFromStream(s) at 159
08-20 23:43:05.405   477   577 W skia    : AGTM parsing failed flags.readFromStream(s) at 159
08-20 23:43:05.405   477   577 W skia    : AGTM parsing failed flags.readFromStream(s) at 159
08-20 23:43:05.405   477   577 W skia    : AGTM parsing failed flags.readFromStream(s) at 159
08-20 23:43:05.405   477   577 W skia    : AGTM parsing failed flags.readFromStream(s) at 159
08-20 23:43:05.405   477   577 W skia    : AGTM parsing failed flags.readFromStream(s) at 159
08-20 23:43:05.407   894  1179 D StatusBar##isHomeStatusBarAllowed: newValue: true
08-20 23:43:05.407   894   894 E NotifRow: Magnetic state changed from IDLE to IDLE on a null swiped listener, or the logging key of the listener is null
08-20 23:43:05.407   894  1179 D StatusBar##canShowOngoingActivityChips: newValue: true
08-20 23:43:05.407   894  1179 D StatusBar##chips: newValue: Chips[allowed=true numChips=0]
08-20 23:43:05.407   894  1177 D ShadeStatusBarComponentsInteractor#disableFlagsInteractor: newValue: DisableFlagsModel(disable1=0, disable2=0, animate=false)
08-20 23:43:05.408   894   894 D DepthController: appLaunchTransitionIsInProgress is now false from shade expansion event
08-20 23:43:05.408   894   894 V WindowManagerShell: Received remote transition finished callback for (#47)
08-20 23:43:05.408   894  1032 V WindowManagerShell: Transition animation finished (aborted=false), notifying core (#47) android.os.BinderProxy@1f30cba@0
08-20 23:43:05.409   642   660 V WindowManager: Finish Transition (#47): created at 08-20 23:43:04.838 collect-started=0.009ms request-sent=1.595ms started=3.72ms ready=31.471ms sent=33.105ms commit=17.534ms finished=570.714ms
08-20 23:43:05.410  1043  1043 D VRI[NexusLauncherActivity]: visibilityChanged oldVisibility=true newVisibility=false
08-20 23:43:05.410   894  1249 D WallpaperService: onVisibilityChanged(false): com.android.systemui.wallpapers.ImageWallpaper$CanvasEngine@fc428c8
08-20 23:43:05.410   894  1032 V WindowManagerShell: Track 0 became idle
08-20 23:43:05.410   894  1032 V WindowManagerShell: All active transition animations finished
08-20 23:43:05.415   894   894 D DLObserver: remove listener: com.android.systemui.dock.DockManagerExtensionsKt$retrieveIsDocked$1$callback$1@4abcaf8
08-20 23:43:05.415   894   894 D DLObserver: remove listener: com.android.systemui.dock.DockManagerExtensionsKt$retrieveIsDocked$1$callback$1@8cd2bd1
08-20 23:43:05.415   894   894 D DLObserver: remove listener: com.android.systemui.dock.DockManagerExtensionsKt$retrieveIsDocked$1$callback$1@e011a0c
08-20 23:43:05.415   894   894 D DLObserver: remove listener: com.android.systemui.dock.DockManagerExtensionsKt$retrieveIsDocked$1$callback$1@f92fd6a
08-20 23:43:05.416   894   894 D DLObserver: remove listener: com.android.systemui.dock.DockManagerExtensionsKt$retrieveIsDocked$1$callback$1@dafef55
08-20 23:43:05.416   894   894 D DLObserver: remove listener: com.android.systemui.dock.DockManagerExtensionsKt$retrieveIsDocked$1$callback$1@4c8625b
08-20 23:43:05.417   894  1154 D ControlsListingControllerImpl: Unsubscribing callback
08-20 23:43:05.417   894  1154 D ControlsListingControllerImpl: Unsubscribing callback
08-20 23:43:05.417   894  1154 D ControlsListingControllerImpl: Unsubscribing callback
08-20 23:43:05.423  1043  1043 D SmartspaceInteractor: notifySmartspaceEvent: SmartspaceTargetEvent{mSmartspaceTarget=null, mSmartspaceActionId='null', mEventType=7}
08-20 23:43:05.424  1655  1820 I AiAiEcho: AmbientDataPredictorImpl No tracked ambient data found for ID: null; for event type: 7, skipping event processing.
08-20 23:43:05.430   894   894 D WindowOnBackDispatcher: setTopOnBackInvokedCallback (unwrapped): null
08-20 23:43:05.431   642  2068 D CoreBackPreview: Window{f5ef045 u0 NotificationShade}: Setting back callback null
08-20 23:43:05.445   477   577 W skia    : AGTM parsing failed flags.readFromStream(s) at 159
08-20 23:43:05.467   894   894 W FrameTracker: Missed SF frame:jankTypeLegacy: JANK_COMPOSER, jankTypeExperimental: JANK_NONE, vsyncId: 359598, totalDuration: 9697942, CUJ=J<NOTIFICATION_APP_START>
08-20 23:43:05.526 13191 13191 D com.llfbandit.app_links: Intent { act=android.intent.action.MAIN cat=[android.intent.category.LAUNCHER] flg=0x30000000 xflg=0x4 cmp=com.izzes.nears/.MainActivity (has extras) }
08-20 23:43:05.538 13191 13241 I DynamiteModule: Considering local module com.google.android.gms.measurement.dynamite:185 and remote module com.google.android.gms.measurement.dynamite:202
08-20 23:43:05.539 13191 13241 I DynamiteModule: Selected remote version of com.google.android.gms.measurement.dynamite, version >= 202
08-20 23:43:05.539 13191 13241 V DynamiteModule: Dynamite loader version >= 2, using loadModule2NoCrashUtils
08-20 23:43:05.543 13191 13241 W System  : ClassLoader referenced unknown path: 
08-20 23:43:05.543 13191 13241 D nativeloader: Configuring clns-10 for other apk . target_sdk_version=37, uses_libraries=, library_path=/data/app/~~2fXQ6-xyEWEbual6_5Wrig==/com.google.android.gms-_SBUxIWyP-163dk_5Uqnhw==/lib/arm64:/data/app/~~2fXQ6-xyEWEbual6_5Wrig==/com.google.android.gms-_SBUxIWyP-163dk_5Uqnhw==/base.apk!/lib/arm64-v8a, permitted_path=/data:/mnt/expand:/data/user/0/com.google.android.gms
08-20 23:43:05.546   477   577 W skia    : AGTM parsing failed flags.readFromStream(s) at 159
08-20 23:43:05.554 13191 13241 D DesktopExperienceFlags: Toggle override initialized to: false
08-20 23:43:05.565 13191 13245 I com.izzes.nears: hiddenapi: Accessing hidden method Ldalvik/system/VMStack;->getStackClass2()Ljava/lang/Class; (runtime_flags=0, domain=core-platform, api=unsupported) from Lm7/aqg; (domain=app, TargetSdkVersion=36) using reflection: allowed
08-20 23:43:05.569  1285 12680 I PhenotypeResourceReader: unable to find any Phenotype resource metadata for com.izzes.nears
08-20 23:43:05.572 13191 13244 E com.izzes.nears: No package ID 6a found for resource ID 0x6a0b0013.
08-20 23:43:05.572 13191 13244 I FA      : App measurement initialized, version: 178008
08-20 23:43:05.572 13191 13244 I FA      : To enable debug logging run: adb shell setprop log.tag.FA VERBOSE
08-20 23:43:05.572 13191 13244 I FA      : To enable faster debug mode event logging run:
08-20 23:43:05.572 13191 13244 I FA      :   adb shell setprop debug.firebase.analytics.app com.izzes.nears
08-20 23:43:05.573 13191 13244 E FA      : Missing google_app_id. Firebase Analytics disabled. See https://goo.gl/NAOOOI
08-20 23:43:05.573 13191 13244 E FA      : Uploading is not possible. App measurement disabled
08-20 23:43:05.578 13191 13191 D FLTFireContextHolder: received application context.
08-20 23:43:05.587 13191 13191 D CompatChangeReporter: Compat change id reported: 377864165; UID 10252; state: ENABLED
08-20 23:43:05.595 13191 13191 D FlutterGeolocator: Attaching Geolocator to activity
08-20 23:43:05.601 13191 13191 D nativeloader: Load /data/app/~~Hyctd9N84K84AyUDoiF43Q==/com.izzes.nears-tWnyVgtaRDVqf71B5FpfIQ==/lib/arm64/libdartjni.so using class loader ns clns-9 (caller=/data/app/~~Hyctd9N84K84AyUDoiF43Q==/com.izzes.nears-tWnyVgtaRDVqf71B5FpfIQ==/base.apk!classes12.dex): ok
08-20 23:43:05.623 13191 13191 I com.izzes.nears: hiddenapi: Accessing hidden method Landroid/view/accessibility/AccessibilityNodeInfo;->getSourceNodeId()J (runtime_flags=0, domain=platform, api=unsupported,test-api) from Lio/flutter/view/AccessibilityViewEmbedder$ReflectionAccessors; (domain=app, TargetSdkVersion=36) using reflection: allowed
08-20 23:43:05.623 13191 13191 I com.izzes.nears: hiddenapi: Accessing hidden method Landroid/view/accessibility/AccessibilityRecord;->getSourceNodeId()J (runtime_flags=0, domain=platform, api=unsupported) from Lio/flutter/view/AccessibilityViewEmbedder$ReflectionAccessors; (domain=app, TargetSdkVersion=36) using reflection: allowed
08-20 23:43:05.623 13191 13191 I com.izzes.nears: hiddenapi: Accessing hidden field Landroid/view/accessibility/AccessibilityNodeInfo;->mChildNodeIds:Landroid/util/LongArray; (runtime_flags=0, domain=platform, api=unsupported) from Lio/flutter/view/AccessibilityViewEmbedder$ReflectionAccessors; (domain=app, TargetSdkVersion=36) using reflection: allowed
08-20 23:43:05.623 13191 13191 I com.izzes.nears: hiddenapi: Accessing hidden method Landroid/util/LongArray;->get(I)J (runtime_flags=0, domain=platform, api=unsupported) from Lio/flutter/view/AccessibilityViewEmbedder$ReflectionAccessors; (domain=app, TargetSdkVersion=36) using reflection: allowed
08-20 23:43:05.629 13191 13191 D FlutterRenderer: Width is zero. 0,0
08-20 23:43:05.631 13191 13191 D com.llfbandit.app_links: Intent { act=android.intent.action.MAIN cat=[android.intent.category.LAUNCHER] flg=0x14400000 xflg=0x4 pkg=com.izzes.nears cmp=com.izzes.nears/.MainActivity (has extras) }
08-20 23:43:05.636 13191 13244 I FA      : Tag Manager is not found and thus will not be used
08-20 23:43:05.637  5388  5388 D BoundBrokerSvc: onBind: Intent { act=com.google.android.gms.measurement.START xflg=0x4 pkg=com.google.android.gms }
08-20 23:43:05.637  5388  5388 D BoundBrokerSvc: Loading bound service for intent: Intent { act=com.google.android.gms.measurement.START xflg=0x4 pkg=com.google.android.gms }
08-20 23:43:05.638 13191 13191 W HWUI    : Unknown dataspace 0
08-20 23:43:05.640 13191 13250 W libc    : Access denied finding property "vendor.mesa.virtgpu.kumquat"
08-20 23:43:05.641   642   710 W InputChannel-JNI: Channel already disposed.
08-20 23:43:05.658   477   577 W skia    : AGTM parsing failed flags.readFromStream(s) at 159
08-20 23:43:05.723 13191 13191 D FlutterGeolocator: Creating service.
08-20 23:43:05.723 13191 13191 D FlutterGeolocator: Binding to location service.
08-20 23:43:05.723 13191 13191 D FlutterLocationService: Creating service.
08-20 23:43:05.725 13191 13191 D FlutterLocationService: Binding to location service.
08-20 23:43:05.726 13191 13191 D WindowOnBackDispatcher: setTopOnBackInvokedCallback (unwrapped): android.app.Activity$$ExternalSyntheticLambda0@1139cd2
08-20 23:43:05.726   642  2068 D CoreBackPreview: Window{f61f5b6 u0 com.izzes.nears/com.izzes.nears.MainActivity}: Setting back callback OnBackInvokedCallbackInfo{mCallback=android.window.IOnBackInvokedCallback$Stub$Proxy@196898d, mPriority=-1, mIsAnimationCallback=false, mOverrideBehavior=0}
08-20 23:43:05.729 13191 13191 I WindowExtensionsImpl: Initializing Window Extensions, vendor API level=10, activity embedding enabled=true
08-20 23:43:05.731 13191 13191 W UiContextUtils: Requested context is a non-UI Context. Creating a UI-Context with display: 0. Context: Context=android.app.Application@6416cb8, of which baseContext=android.app.ContextImpl@dcdbba6
08-20 23:43:05.741 13191 13191 D VRI[MainActivity]: WindowInsets changed: 1344x2992 statusBars:[0,159,0,0] navigationBars:[0,0,0,72] mandatorySystemGestures:[0,195,0,96] 
08-20 23:43:05.741 13191 13191 D FlutterRenderer: Width is zero. 0,0
08-20 23:43:05.742   642  1269 D WindowManager: setClientSurface Surface(name=VRI-com.izzes.nears/com.izzes.nears.MainActivity#629)/@0x5e6058e for f61f5b6 com.izzes.nears/com.izzes.nears.MainActivity
08-20 23:43:05.743 13191 13191 I Surface : Creating surface for consumer unnamed-13191-0 with slotExpansion=1 for 64 slots
08-20 23:43:05.743 13191 13191 I Surface : Creating surface for consumer VRI[MainActivity]#0(BLAST Consumer)0 with slotExpansion=1 for 64 slots
08-20 23:43:05.744 13191 13191 D FlutterJNI: Sending viewport metrics to the engine.
08-20 23:43:05.746 13191 13191 I Surface : Creating surface for consumer unnamed-13191-1 with slotExpansion=1 for 64 slots
08-20 23:43:05.747 13191 13191 I Surface : Creating surface for consumer ea80b00 SurfaceView[com.izzes.nears/com.izzes.nears.MainActivity]#1(BLAST Consumer)1 with slotExpansion=1 for 64 slots
08-20 23:43:05.747 13191 13195 I com.izzes.nears: Compiler allocated 5317KB to compile void android.view.ViewRootImpl.performTraversals(long)
08-20 23:43:05.759   477   577 W skia    : AGTM parsing failed flags.readFromStream(s) at 159
08-20 23:43:05.860   477   577 W skia    : AGTM parsing failed flags.readFromStream(s) at 159
08-20 23:43:05.961   477   577 W skia    : AGTM parsing failed flags.readFromStream(s) at 159
08-20 23:43:06.011 13191 13191 D FlutterGeolocator: Geolocator foreground service connected
08-20 23:43:06.011 13191 13191 D FlutterGeolocator: Initializing Geolocator services
08-20 23:43:06.011 13191 13191 D FlutterGeolocator: Flutter engine connected. Connected engine count 1
08-20 23:43:06.011 13191 13191 D LocationPlugin: Service connected: ComponentInfo{com.izzes.nears/com.lyokone.location.FlutterLocationService}
08-20 23:43:06.021 13191 13191 D WindowLayoutComponentImpl: Register WindowLayoutInfoListener on Context=com.izzes.nears.MainActivity@dfeb4d6, of which baseContext=android.app.ContextImpl@b484d73
08-20 23:43:06.023 13191 13191 D FlutterJNI: Sending viewport metrics to the engine.
08-20 23:43:06.026 13191 13253 D FirebaseSessions: Dependency to CRASHLYTICS added.
08-20 23:43:06.027 13191 13253 I FirebaseApp: Device unlocked: initializing all Firebase APIs for app [DEFAULT]
08-20 23:43:06.029 13191 13253 I FirebaseCrashlytics: Initializing Firebase Crashlytics 20.0.6 for com.izzes.nears
08-20 23:43:06.035 13191 13253 D FirebaseSessions: Subscriber CRASHLYTICS registered.
08-20 23:43:06.057   642  2068 D FileUtils: Rounded bytes from 3155017728 to 4000000000
08-20 23:43:06.061 13191 13253 D nativeloader: Load /data/app/~~Hyctd9N84K84AyUDoiF43Q==/com.izzes.nears-tWnyVgtaRDVqf71B5FpfIQ==/lib/arm64/libdatastore_shared_counter.so using class loader ns clns-9 (caller=/data/app/~~Hyctd9N84K84AyUDoiF43Q==/com.izzes.nears-tWnyVgtaRDVqf71B5FpfIQ==/base.apk!classes23.dex): ok
08-20 23:43:06.061   477   577 W skia    : AGTM parsing failed flags.readFromStream(s) at 159
08-20 23:43:06.063 13191 13264 I FirebaseCrashlytics: No version control information found
08-20 23:43:06.067 13191 13253 D FirebaseSessions: Initializing Firebase Sessions 3.0.6.
08-20 23:43:06.068 13191 13262 D FirebaseSessions: No Sessions subscribers. Not listening to lifecycle events.
08-20 23:43:06.075 13191 13265 D FirebaseSessions: Notified CRASHLYTICS of new session ef5d5818d6694251b884cae4fde327d5
08-20 23:43:06.124   642  2068 D FileUtils: Rounded bytes from 3155017728 to 4000000000
08-20 23:43:06.139  1285  1293 I FontLog : (REDACTED) Received query %s, URI %s
08-20 23:43:06.139  1285  1293 I FontLog : (REDACTED) Query [%s] resolved to %s
08-20 23:43:06.139  1285  1293 I FontLog : (REDACTED) Fetch %s end status %s
08-20 23:43:06.140  1285  1293 I FontLog : (REDACTED) Pulling font file for id = %d, cache size = %d
08-20 23:43:06.141 13191 13282 I HWUI    : Using FreeType backend (prop=Auto)
08-20 23:43:06.143  1285  1293 I FontLog : (REDACTED) Pulling font file for id = %d, cache size = %d
08-20 23:43:06.194   642   822 I AdbWifiNetworkMonitor: Wi-Fi network available
08-20 23:43:06.194   642   822 I AdbWifiNetworkMonitor: Received the same Wi-Fi SSID. Ignoring.
08-20 23:43:06.195   642   793 I HalDevMgr: bestIfaceCreationProposal is null, requestIface=STA, existingIface=[name=wlan0 type=STA]
08-20 23:43:06.195   642   799 W libbinder.IPCThreadState: Sending oneway calls to frozen process.
08-20 23:43:06.195   642   799 W libbinder.IPCThreadState: Sending oneway calls to frozen process.
08-20 23:43:06.195   642   799 W libbinder.IPCThreadState: Sending oneway calls to frozen process.
08-20 23:43:06.195  2258  2673 D WM-WorkConstraintsTrack: NetworkRequestConstraintController onCapabilitiesChanged callback
08-20 23:43:06.196  1687  2272 I BugleRcsEngine: handleMessage processing message:[NOTIFY_UPTIME_IGNORE_STATE_CHANGED] with [non-null]:RcsEngineImpl reference [CONTEXT log_prefix="RcsEngineImpl[DUAL_REG]:[9818720b-389c]>Handler" thread_id=60 ]
08-20 23:43:06.196  1687  2135 I BugleRcsEngine: Connected state: [1], networkType: [WIFI] [CONTEXT thread_id=55 ]
08-20 23:43:06.196  1687  2272 I BugleRcsEngine: No RCS Configuration was found in Bugle for simID: redacted-pii:sim_id[chars:20,last3:897] [CONTEXT log_prefix="ProvisioningEngineDataRetriever" thread_id=60 ]
08-20 23:43:06.197  1285  8038 I NearbyMediums: Wifi changed new SSID: "AndroidWifi"
08-20 23:43:06.197  1285  8038 I NearbyMediums: WifiLanConnectivityInfo is not changed, skip notify.
08-20 23:43:06.197  5838  5871 D WM-WorkConstraintsTrack: NetworkRequestConstraintController onCapabilitiesChanged callback
08-20 23:43:06.197   642   799 D ConnectivityService: NetReassign [no changes] [c 0] [a 0] [i 1]
08-20 23:43:06.198  1285  1293 I NullBinder: NullBinder for android.net.action.RECOMMEND_NETWORKS triggering remote TransactionTooLargeException due to Service without Chimera impl, calling uid: 1000, calling pid: 0
08-20 23:43:06.198  1285  1293 W libbinder.Binder: Large reply transaction of 1056768 bytes, interface descriptor , function: UNKNOWN_FUNCTION_NAME, code: 1, flags: 17
08-20 23:43:06.237 13191 13191 I flutter : 📊 analytics: app_open {}
08-20 23:43:06.280 13191 13191 I flutter : [INFO] msg="route: building splash route, hasData=true"
08-20 23:43:06.306  5838  5848 I libbinder.IPCThreadState: oneway function results for code 2 on binder at 0xb40070fc36070a20 will be dropped but finished with status UNKNOWN_TRANSACTION
08-20 23:43:06.423 13191 13191 I flutter : [INFO] msg="route: navigating to splash screen"
08-20 23:43:06.428 13191 13191 I flutter : [INFO] msg="splash: location prefetch initiated"
08-20 23:43:06.455 13191 13191 I flutter : [NET] GET endpoint=/api/v1/customer/cart/list
08-20 23:43:06.507   477   577 W skia    : AGTM parsing failed flags.readFromStream(s) at 159
08-20 23:43:06.595   642   660 I ActivityTaskManager: Displayed com.izzes.nears/.MainActivity for user 0: +1s785ms
08-20 23:43:06.595   642   660 I ActivityTaskManager: Fully drawn com.izzes.nears/.MainActivity: +1s785ms
08-20 23:43:06.607   477   577 W skia    : AGTM parsing failed flags.readFromStream(s) at 159
08-20 23:43:06.644 13191 13244 E FA      : Missing google_app_id. Firebase Analytics disabled. See https://goo.gl/NAOOOI
08-20 23:43:06.654   642   923 D ConnectivityService: requestNetwork for uid/pid:10252/13191 activeRequest: null callbackRequest: 509 [NetworkRequest [ REQUEST id=510, [ Capabilities: INTERNET&NOT_RESTRICTED&TRUSTED&NOT_VCN_MANAGED&NOT_BANDWIDTH_CONSTRAINED Uid: 10252 RequestorUid: 10252 RequestorPkg: com.izzes.nears UnderlyingNetworks: Null] ]] callback flags: 0 order: 2147483647 isUidTracked: false declaredMethods: AVAIL|LOST|NC
08-20 23:43:06.655   642   799 D ConnectivityService: NetReassign [510 : null → 108] [c 0] [a 0] [i 1]
08-20 23:43:06.655   642   793 D WifiNetworkFactory: got request NetworkRequest [ REQUEST id=510, [ Capabilities: INTERNET&NOT_RESTRICTED&TRUSTED&NOT_VCN_MANAGED&NOT_BANDWIDTH_CONSTRAINED Uid: 10252 RequestorUid: 10252 RequestorPkg: com.izzes.nears UnderlyingNetworks: Null] ]
08-20 23:43:06.655   642   793 D UntrustedWifiNetworkFactory: got request NetworkRequest [ REQUEST id=510, [ Capabilities: INTERNET&NOT_RESTRICTED&TRUSTED&NOT_VCN_MANAGED&NOT_BANDWIDTH_CONSTRAINED Uid: 10252 RequestorUid: 10252 RequestorPkg: com.izzes.nears UnderlyingNetworks: Null] ]
08-20 23:43:06.655   642   793 D OemPaidWifiNetworkFactory: got request NetworkRequest [ REQUEST id=510, [ Capabilities: INTERNET&NOT_RESTRICTED&TRUSTED&NOT_VCN_MANAGED&NOT_BANDWIDTH_CONSTRAINED Uid: 10252 RequestorUid: 10252 RequestorPkg: com.izzes.nears UnderlyingNetworks: Null] ]
08-20 23:43:06.655   642   793 D MultiInternetWifiNetworkFactory: got request NetworkRequest [ REQUEST id=510, [ Capabilities: INTERNET&NOT_RESTRICTED&TRUSTED&NOT_VCN_MANAGED&NOT_BANDWIDTH_CONSTRAINED Uid: 10252 RequestorUid: 10252 RequestorPkg: com.izzes.nears UnderlyingNetworks: Null] ]
08-20 23:43:06.671   642   760 I ImeTracker: com.izzes.nears:dfa33f3f: onRequestHide at ORIGIN_SERVER reason HIDE_UNSPECIFIED_WINDOW fromUser false userId 0 displayId 0
08-20 23:43:06.675  1542  1542 I SubtypeOperator: SubtypeOperator$1.onUnbindInput():43 
08-20 23:43:06.676   642  1269 D InputMethodManagerService: Attach new input but force hide
08-20 23:43:06.676   642  1269 I ImeTracker: com.izzes.nears:ebe9c55b: onRequestHide at ORIGIN_SERVER reason HIDE_SOFT_INPUT fromUser false userId 0 displayId 0
08-20 23:43:06.676   642  1269 I ImeTracker: com.izzes.nears:ebe9c55b: onCancelled at PHASE_SERVER_SHOULD_HIDE
08-20 23:43:06.676   642  1269 W InputChannel-JNI: Channel already disposed.
08-20 23:43:06.676  1542  1542 I SubtypeOperator: SubtypeOperator$1.onBindInput():33 
08-20 23:43:06.676   642  1269 I ImeTracker: system_server:cc71155e: onRequestHide at ORIGIN_SERVER reason IME_REQUESTED_CHANGED_LISTENER fromUser false displayId 0
08-20 23:43:06.676   642   663 I ImeTracker: system_server:cc71155e: onCancelled at PHASE_SERVER_SHOULD_HIDE
08-20 23:43:06.676  1542  1542 I GoogleInputMethodService: GoogleInputMethodService.onFinishInput():2361 
08-20 23:43:06.677  1542  1542 I GoogleInputMethodService: GoogleInputMethodService.onStartInput():1532 onStartInput(EditorInfo{EditorInfo{packageName=com.izzes.nears, inputType=0, inputTypeString=NULL, enableLearning=false, autoCorrection=false, autoComplete=false, imeOptions=0, privateImeOptions=null, actionName=UNSPECIFIED, actionLabel=null, initialSelStart=-1, initialSelEnd=-1, initialCapsMode=0, label=null, fieldId=0, fieldName=null, extras=null, hintText=null, hintLocales=[]}}, false)
08-20 23:43:06.677  1542  1542 I LatinIMEBase: LatinIMEBase.updateInputViewCoverNavigation():316 Update input view padding, isNavbarOverInputWindow=true, bottom inset=144
08-20 23:43:06.678  1542 12396 I Module  : DeviceLockedStatusModuleProvider$Module.updateDeviceLockedStatusInternal():119 repeatCheckTimes = 0, locked = false
08-20 23:43:06.678  1542 12396 I Module  : DeviceLockedStatusModuleProvider$Module.updateDeviceLockedStatusInternal():119 repeatCheckTimes = 1, locked = false
08-20 23:43:06.678   642  1269 W PackageConfigPersister: App-specific configuration not found for packageName: com.izzes.nears and userId: 0
08-20 23:43:06.696  1285  8038 I NearbySharing: Network state changed: NetworkState(isRestricted=false, isOnline=true, isCongested=false, isMetered=false, isWifiConnected=true)
08-20 23:43:06.707   477   577 W skia    : AGTM parsing failed flags.readFromStream(s) at 159
08-20 23:43:06.707   477   577 W skia    : AGTM parsing failed flags.readFromStream(s) at 159
08-20 23:43:06.708   477   577 W skia    : AGTM parsing failed flags.readFromStream(s) at 159
08-20 23:43:06.708 13191 13191 I flutter : [INFO] msg="splash: deeplink resolved canRoute=true"
08-20 23:43:06.709 13191 13191 I flutter : [INFO] msg="splash: routing"
08-20 23:43:06.734 13191 13191 I flutter : [NET] GET endpoint=/api/v1/config
08-20 23:43:06.760 13191 13191 I FLTFireBGExecutor: Creating background FlutterEngine instance, with args: []
08-20 23:43:06.761 13191 13297 W libc    : Access denied finding property "vendor.mesa.virtgpu.kumquat"
08-20 23:43:06.764 13191 13191 D FLTFireContextHolder: received application context.
08-20 23:43:06.765 13191 13297 I flutter : [IMPORTANT:flutter/shell/platform/android/android_context_gl_impeller.cc(104)] Using the Impeller rendering backend (OpenGLES).
08-20 23:43:06.766 13191 13298 W libc    : Access denied finding property "vendor.mesa.virtgpu.kumquat"
08-20 23:43:06.808   477   577 W skia    : AGTM parsing failed flags.readFromStream(s) at 159
08-20 23:43:06.808   477   577 W skia    : AGTM parsing failed flags.readFromStream(s) at 159
08-20 23:43:06.808   477   577 W skia    : AGTM parsing failed flags.readFromStream(s) at 159
08-20 23:43:06.856 13191 13206 E com.facebook.GraphResponse: {HttpStatus: 400, errorCode: 190, subErrorCode: -1, errorType: OAuthException, errorMessage: Error validating application. Application has been deleted.}
08-20 23:43:06.858 13191 13208 E com.facebook.GraphResponse: {HttpStatus: 400, errorCode: 190, subErrorCode: -1, errorType: OAuthException, errorMessage: Error validating application. Application has been deleted.}
08-20 23:43:06.862 13191 13207 E com.facebook.GraphResponse: {HttpStatus: 400, errorCode: 190, subErrorCode: -1, errorType: OAuthException, errorMessage: Error validating application. Application has been deleted.}
08-20 23:43:06.875   880   880 I wpa_supplicant: wlan0: CTRL-EVENT-BEACON-LOSS 
08-20 23:43:06.892   519   519 W libbinder.IPCThreadState: Sending oneway calls to frozen process.
08-20 23:43:06.895  1043  1043 D BaseActivity: Launcher flags updated: [] -[state_started]
08-20 23:43:06.895  1043  1043 D BaseDepthController: setSurface:
08-20 23:43:06.895  1043  1043 D BaseDepthController: 	mWaitingOnSurfaceValidity: false
08-20 23:43:06.895  1043  1043 D BaseDepthController: 	mBaseSurface: null
08-20 23:43:06.895  1043  1043 D BaseDepthController: mSurface is null and mCurrentBlur is: 0
08-20 23:43:06.896  1043  1043 D LauncherStateManager: StateManager.goToState: fromState: Normal, toState: Normal, partial trace:
08-20 23:43:06.896  1043  1043 D LauncherStateManager: 	at com.android.launcher3.statemanager.StateManager.moveToRestState(go/retraceme 4b96215a9d9b4c1494121442fbf9d6e89857c91e1d76ddcc689701971259418a:26)
08-20 23:43:06.896  1043  1043 D LauncherStateManager: 	at com.android.launcher3.statemanager.StateManager.moveToRestState(go/retraceme 4b96215a9d9b4c1494121442fbf9d6e89857c91e1d76ddcc689701971259418a:35)
08-20 23:43:06.896  1043  1043 D LauncherStateManager: 	at com.android.launcher3.statemanager.StatefulActivity.onStop(go/retraceme 4b96215a9d9b4c1494121442fbf9d6e89857c91e1d76ddcc689701971259418a:31)
08-20 23:43:06.896  1043  1043 D LauncherStateManager: StateManager.onRepeatStateSetAborted: state: Normal
08-20 23:43:06.896  1043  1043 D KeyboardStateManager: hideKeyboard
08-20 23:43:06.896  1043  1043 D KeyboardStateManager: isImeShown: false
08-20 23:43:06.896  1043  1043 D StatsLog: LAUNCHER_ONSTOP
08-20 23:43:06.896  1043  1043 D StatsLog: LAUNCHER_GOOGLE_SEARCH_RESTORE_LIST_SIZE_AFTER_ACTIVITY_RESTART
08-20 23:43:06.908   477   577 W skia    : AGTM parsing failed flags.readFromStream(s) at 159
08-20 23:43:06.908   477   577 W skia    : AGTM parsing failed flags.readFromStream(s) at 159
08-20 23:43:06.908   477   577 W skia    : AGTM parsing failed flags.readFromStream(s) at 159
08-20 23:43:06.917  1043  1052 W System  : A resource failed to call release. 
08-20 23:43:06.917  1043  1052 W System  : A resource failed to call release. 
08-20 23:43:06.917  1043  1052 W System  : A resource failed to call release. 
08-20 23:43:06.940   894   902 W System  : A resource failed to call release. 
08-20 23:43:06.940   894   902 W System  : A resource failed to call release. 
08-20 23:43:06.940   894   902 W System  : A resource failed to call release. 
08-20 23:43:06.940   894   902 W System  : A resource failed to call release. 
08-20 23:43:06.940   894   902 W System  : A resource failed to call release. 
08-20 23:43:06.940   894   902 W System  : A resource failed to call release. 
08-20 23:43:06.988 13191 13191 I flutter : [NET] GET endpoint=/api/v1/customer/info
08-20 23:43:06.989 13191 13191 I flutter : [NET] GET endpoint=/api/v1/customer/wallet/bonuses
08-20 23:43:06.990 13191 13191 I flutter : [NET] GET endpoint=/api/v1/customer/wallet/transactions
08-20 23:43:07.010   477   577 W skia    : AGTM parsing failed flags.readFromStream(s) at 159
08-20 23:43:07.011   477   577 W skia    : AGTM parsing failed flags.readFromStream(s) at 159
08-20 23:43:07.011   477   577 W skia    : AGTM parsing failed flags.readFromStream(s) at 159
08-20 23:43:07.029 13191 13208 E com.facebook.GraphResponse: {HttpStatus: 400, errorCode: 190, subErrorCode: -1, errorType: OAuthException, errorMessage: Error validating application. Application has been deleted.}
08-20 23:43:07.081 13191 13191 D InsetsController: hide(ime())
08-20 23:43:07.081 13191 13191 I ImeTracker: com.izzes.nears:dfa33f3f: onCancelled at PHASE_CLIENT_ALREADY_HIDDEN
08-20 23:43:07.110   477   577 W skia    : AGTM parsing failed flags.readFromStream(s) at 159
08-20 23:43:07.111   477   577 W skia    : AGTM parsing failed flags.readFromStream(s) at 159
08-20 23:43:07.126 13191 13191 D FlutterGeolocator: Geolocator foreground service connected
08-20 23:43:07.126 13191 13191 D FlutterGeolocator: Initializing Geolocator services
08-20 23:43:07.126 13191 13191 D FlutterGeolocator: Flutter engine connected. Connected engine count 2
08-20 23:43:07.128 13191 13191 I FLTFireMsgService: FlutterFirebaseMessagingBackgroundService started!
08-20 23:43:07.147 13191 13191 D WindowOnBackDispatcher: setTopOnBackInvokedCallback (unwrapped): io.flutter.embedding.android.FlutterActivity$1@199de6d
08-20 23:43:07.147   642  1269 D CoreBackPreview: Window{f61f5b6 u0 com.izzes.nears/com.izzes.nears.MainActivity}: Setting back callback OnBackInvokedCallbackInfo{mCallback=android.window.IOnBackInvokedCallback$Stub$Proxy@58abffa, mPriority=0, mIsAnimationCallback=true, mOverrideBehavior=0}
08-20 23:43:07.150 13191 13191 I flutter : [NET] endpoint=/api/v1/customer/cart/list http_status=200
08-20 23:43:07.163  1285  8038 I FusedLocation: stationary throttling disengaged [CONTEXT service_id=6 ]
08-20 23:43:07.164  1285 12680 I FusedOrientationManager: Registering orientation client. [CONTEXT service_id=6 ]
08-20 23:43:07.169  1285  2023 W Looper  : Looper already prepared for this thread with a different value for the LOOPER_PREPARE_ALLOW_NON_CALLBACKS option.
08-20 23:43:07.203 13191 13207 E com.facebook.GraphResponse: {HttpStatus: 400, errorCode: 190, subErrorCode: -1, errorType: OAuthException, errorMessage: Error validating application. Application has been deleted.}
08-20 23:43:07.211   477   577 W skia    : AGTM parsing failed flags.readFromStream(s) at 159
08-20 23:43:07.211   477   577 W skia    : AGTM parsing failed flags.readFromStream(s) at 159
08-20 23:43:07.311   477   577 W skia    : AGTM parsing failed flags.readFromStream(s) at 159
08-20 23:43:07.311   477   577 W skia    : AGTM parsing failed flags.readFromStream(s) at 159
08-20 23:43:07.331 13191 13206 E com.facebook.GraphResponse: {HttpStatus: 400, errorCode: 190, subErrorCode: -1, errorType: OAuthException, errorMessage: Error validating application. Application has been deleted.}
08-20 23:43:07.333 13191 13191 I flutter : [NET] endpoint=/api/v1/customer/wallet/transactions http_status=200
08-20 23:43:07.371 13191 13207 E com.facebook.GraphResponse: {HttpStatus: 400, errorCode: 190, subErrorCode: -1, errorType: OAuthException, errorMessage: Error validating application. Application has been deleted.}
08-20 23:43:07.395 13191 13191 I flutter : [NET] endpoint=/api/v1/config http_status=200
08-20 23:43:07.412   477   577 W skia    : AGTM parsing failed flags.readFromStream(s) at 159
08-20 23:43:07.412   477   577 W skia    : AGTM parsing failed flags.readFromStream(s) at 159
08-20 23:43:07.432 13191 13191 I flutter : [INFO] msg="splash: deeplink resolved canRoute=true"
08-20 23:43:07.432 13191 13191 I flutter : [INFO] msg="splash: routing"
08-20 23:43:07.437 13191 13191 I flutter : [NET] GET endpoint=/api/v1/config/get-zone-id
08-20 23:43:07.438 13191 13191 I flutter : [NET] GET endpoint=/api/v1/module
08-20 23:43:07.452 13191 13191 I flutter : [INFO] msg="FCM registration id obtained"
08-20 23:43:07.454 13191 13191 I flutter : [NET] POST endpoint=/api/v1/customer/cm-firebase-token
08-20 23:43:07.484 13191 13191 I flutter : [NET] endpoint=/api/v1/customer/info http_status=200
08-20 23:43:07.499  1285  1285 D BoundBrokerSvc: onUnbind: Intent { act=com.google.android.gms.libs.gmscorelogger.service.START dat=chimera-action:/... xflg=0x4 cmp=com.google.android.gms/.chimera.PersistentDirectBootAwareApiService }
08-20 23:43:07.512   477   577 W skia    : AGTM parsing failed flags.readFromStream(s) at 159
08-20 23:43:07.512   477   577 W skia    : AGTM parsing failed flags.readFromStream(s) at 159
08-20 23:43:07.592 13191 13191 I flutter : [NET] endpoint=/api/v1/customer/wallet/bonuses http_status=200
08-20 23:43:07.613   477   577 W skia    : AGTM parsing failed flags.readFromStream(s) at 159
08-20 23:43:07.613   477   577 W skia    : AGTM parsing failed flags.readFromStream(s) at 159
08-20 23:43:07.639 13191 13191 I flutter : [NET] endpoint=/api/v1/config/get-zone-id http_status=200
08-20 23:43:07.639 13191 13191 I flutter : [INFO] msg="location: inZone=true"
08-20 23:43:07.713   477   577 W skia    : AGTM parsing failed flags.readFromStream(s) at 159
08-20 23:43:07.713   477   577 W skia    : AGTM parsing failed flags.readFromStream(s) at 159
08-20 23:43:07.730 13191 13191 I flutter : [NET] endpoint=/api/v1/module http_status=200
08-20 23:43:07.733 13191 13191 I flutter : 📊 analytics: sectors_shown {sectors_count: 3, zone_id: 1}
08-20 23:43:07.735 13191 13244 E FA      : Missing google_app_id. Firebase Analytics disabled. See https://goo.gl/NAOOOI
08-20 23:43:07.741 13191 13191 I flutter : [INFO] msg="route: initial route module=grocery-food"
08-20 23:43:07.741 13191 13191 I flutter : [INFO] msg="route: waiting for module=grocery-food"
08-20 23:43:07.742 13191 13191 I flutter : [INFO] msg="route: checkModuleId configNull=false hasAddress=true fromDeeplink=false"
08-20 23:43:07.742 13191 13191 I flutter : [INFO] msg="route: not from deeplink, skipping module fetch"
08-20 23:43:07.743 13191 13191 I flutter : [INFO] msg="route: module future state=ConnectionState.waiting hasData=false hasError=false"
08-20 23:43:07.757 13191 13191 I flutter : [INFO] msg="route: module future state=ConnectionState.done hasData=false hasError=false"
08-20 23:43:07.760 13191 13191 I flutter : [NET] GET endpoint=/api/v1/customer/order/running-orders
08-20 23:43:07.761 13191 13191 I flutter : [NET] GET endpoint=/api/v1/customer/order/payment-failed
08-20 23:43:07.788 13191 13191 I flutter : [INFO] msg="home load started"
08-20 23:43:07.814   477   577 W skia    : AGTM parsing failed flags.readFromStream(s) at 159
08-20 23:43:07.814   477   577 W skia    : AGTM parsing failed flags.readFromStream(s) at 159
08-20 23:43:07.833 13191 13191 I flutter : [NET] GET endpoint=/api/v1/config/get-zone-id
08-20 23:43:07.835 13191 13191 I flutter : [NET] endpoint=/api/v1/customer/cm-firebase-token http_status=200
08-20 23:43:07.841   642  1779 E TaskPersister: File error accessing recents directory (directory doesn't exist?).
08-20 23:43:07.876   432  5048 D android.hardware.audio@7.1-impl.ranchu: threadLoop: entering standby, frames: 6295168
08-20 23:43:07.876   432  5048 D android.hardware.audio@7.1-impl.ranchu: ~TinyalsaSink: joining consumeThread
08-20 23:43:07.876   432 13190 D android.hardware.audio@7.1-impl.ranchu: consumeThread: exiting
08-20 23:43:07.876   432  5048 D android.hardware.audio@7.1-impl.ranchu: ~TinyalsaSink: stopping PCM stream
08-20 23:43:07.927   477   577 W skia    : AGTM parsing failed flags.readFromStream(s) at 159
08-20 23:43:07.927   477   577 W skia    : AGTM parsing failed flags.readFromStream(s) at 159
08-20 23:43:08.028   477   577 W skia    : AGTM parsing failed flags.readFromStream(s) at 159
08-20 23:43:08.028   477   577 W skia    : AGTM parsing failed flags.readFromStream(s) at 159
08-20 23:43:08.036 13191 13191 I flutter : [NET] endpoint=/api/v1/config/get-zone-id http_status=200
08-20 23:43:08.036 13191 13191 I flutter : [INFO] msg="location: inZone=true"
08-20 23:43:08.040 13191 13191 I flutter : [NET] GET endpoint=/api/v1/customer/info
08-20 23:43:08.129   477   577 W skia    : AGTM parsing failed flags.readFromStream(s) at 159
08-20 23:43:08.129   477   577 W skia    : AGTM parsing failed flags.readFromStream(s) at 159
08-20 23:43:08.231   477   577 W skia    : AGTM parsing failed flags.readFromStream(s) at 159
08-20 23:43:08.231   477   577 W skia    : AGTM parsing failed flags.readFromStream(s) at 159
08-20 23:43:08.261 13191 13191 I flutter : [NET] endpoint=/api/v1/customer/order/running-orders http_status=200
08-20 23:43:08.332   477   577 W skia    : AGTM parsing failed flags.readFromStream(s) at 159
08-20 23:43:08.332   477   577 W skia    : AGTM parsing failed flags.readFromStream(s) at 159
08-20 23:43:08.357 13191 13191 I flutter : [NET] endpoint=/api/v1/customer/order/payment-failed http_status=200
08-20 23:43:08.433   477   577 W skia    : AGTM parsing failed flags.readFromStream(s) at 159
08-20 23:43:08.433   477   577 W skia    : AGTM parsing failed flags.readFromStream(s) at 159
08-20 23:43:08.441 13191 13191 I flutter : [NET] endpoint=/api/v1/customer/info http_status=200
08-20 23:43:08.442 13191 13191 I flutter : [NET] GET endpoint=/api/v1/customer/notifications
08-20 23:43:08.442 13191 13191 I flutter : [NET] GET endpoint=/api/v1/coupon/list
08-20 23:43:08.444 13191 13191 I flutter : [NET] GET endpoint=/api/v1/banners
08-20 23:43:08.445 13191 13191 I flutter : [NET] GET endpoint=/api/v1/customer/address/list
08-20 23:43:08.454 13191 13191 I flutter : [NET] GET endpoint=/api/v1/module
08-20 23:43:08.455 13191 13191 I flutter : [NET] GET endpoint=/api/v1/stores/get-stores/all
08-20 23:43:08.533   477   577 W skia    : AGTM parsing failed flags.readFromStream(s) at 159
08-20 23:43:08.533   477   577 W skia    : AGTM parsing failed flags.readFromStream(s) at 159
08-20 23:43:08.633   477   577 W skia    : AGTM parsing failed flags.readFromStream(s) at 159
08-20 23:43:08.633   477   577 W skia    : AGTM parsing failed flags.readFromStream(s) at 159
08-20 23:43:08.734   477   577 W skia    : AGTM parsing failed flags.readFromStream(s) at 159
08-20 23:43:08.734   477   577 W skia    : AGTM parsing failed flags.readFromStream(s) at 159
08-20 23:43:08.836   477   577 W skia    : AGTM parsing failed flags.readFromStream(s) at 159
08-20 23:43:08.836   477   577 W skia    : AGTM parsing failed flags.readFromStream(s) at 159
08-20 23:43:08.943   477   577 W skia    : AGTM parsing failed flags.readFromStream(s) at 159
08-20 23:43:08.943   477   577 W skia    : AGTM parsing failed flags.readFromStream(s) at 159
08-20 23:43:09.042   477   577 W skia    : AGTM parsing failed flags.readFromStream(s) at 159
08-20 23:43:09.042   477   577 W skia    : AGTM parsing failed flags.readFromStream(s) at 159
08-20 23:43:09.125 13191 13191 I flutter : [NET] endpoint=/api/v1/coupon/list http_status=200
08-20 23:43:09.128 13191 13191 I flutter : [NET] endpoint=/api/v1/customer/notifications http_status=200
08-20 23:43:09.139 13191 13191 I flutter : [NET] endpoint=/api/v1/stores/get-stores/all http_status=200
08-20 23:43:09.143   477   577 W skia    : AGTM parsing failed flags.readFromStream(s) at 159
08-20 23:43:09.143   477   577 W skia    : AGTM parsing failed flags.readFromStream(s) at 159
08-20 23:43:09.198   642   793 I HalDevMgr: bestIfaceCreationProposal is null, requestIface=STA, existingIface=[name=wlan0 type=STA]
08-20 23:43:09.200   999  1120 D IpClient/wlan0: interfaceLinkStateChanged: ifindex 16 up
08-20 23:43:09.203   999  1120 D IpClient/wlan0: interfaceLinkStateChanged: ifindex 16 up
08-20 23:43:09.215 13191 13191 I flutter : [NET] endpoint=/api/v1/banners http_status=200
08-20 23:43:09.243   477   577 W skia    : AGTM parsing failed flags.readFromStream(s) at 159
08-20 23:43:09.243   477   577 W skia    : AGTM parsing failed flags.readFromStream(s) at 159
08-20 23:43:09.310 13191 13191 I flutter : [NET] endpoint=/api/v1/customer/address/list http_status=200
08-20 23:43:09.344   477   577 W skia    : AGTM parsing failed flags.readFromStream(s) at 159
08-20 23:43:09.344   477   577 W skia    : AGTM parsing failed flags.readFromStream(s) at 159
08-20 23:43:09.409 13191 13191 I flutter : [NET] endpoint=/api/v1/module http_status=200
08-20 23:43:09.444   477   577 W skia    : AGTM parsing failed flags.readFromStream(s) at 159
08-20 23:43:09.444   477   577 W skia    : AGTM parsing failed flags.readFromStream(s) at 159
08-20 23:43:09.545   477   577 W skia    : AGTM parsing failed flags.readFromStream(s) at 159
08-20 23:43:09.545   477   577 W skia    : AGTM parsing failed flags.readFromStream(s) at 159
08-20 23:43:09.646   477   577 W skia    : AGTM parsing failed flags.readFromStream(s) at 159
08-20 23:43:09.646   477   577 W skia    : AGTM parsing failed flags.readFromStream(s) at 159
08-20 23:43:09.747   477   577 W skia    : AGTM parsing failed flags.readFromStream(s) at 159
08-20 23:43:09.747   477   577 W skia    : AGTM parsing failed flags.readFromStream(s) at 159
08-20 23:43:09.847   477   577 W skia    : AGTM parsing failed flags.readFromStream(s) at 159
08-20 23:43:09.847   477   577 W skia    : AGTM parsing failed flags.readFromStream(s) at 159
08-20 23:43:09.947   477   577 W skia    : AGTM parsing failed flags.readFromStream(s) at 159
08-20 23:43:09.947   477   577 W skia    : AGTM parsing failed flags.readFromStream(s) at 159
08-20 23:43:10.050   477   577 W skia    : AGTM parsing failed flags.readFromStream(s) at 159
08-20 23:43:10.050   477   577 W skia    : AGTM parsing failed flags.readFromStream(s) at 159
08-20 23:43:10.151   477   577 W skia    : AGTM parsing failed flags.readFromStream(s) at 159
08-20 23:43:10.151   477   577 W skia    : AGTM parsing failed flags.readFromStream(s) at 159
08-20 23:43:10.252   477   577 W skia    : AGTM parsing failed flags.readFromStream(s) at 159
08-20 23:43:10.252   477   577 W skia    : AGTM parsing failed flags.readFromStream(s) at 159
08-20 23:43:10.358   477   577 W skia    : AGTM parsing failed flags.readFromStream(s) at 159
08-20 23:43:10.358   477   577 W skia    : AGTM parsing failed flags.readFromStream(s) at 159
08-20 23:43:10.361   642   668 W libbinder.IPCThreadState: Sending oneway calls to frozen process.
08-20 23:43:10.361   642   668 W libbinder.IPCThreadState: Sending oneway calls to frozen process.
08-20 23:43:10.459   477   577 W skia    : AGTM parsing failed flags.readFromStream(s) at 159
08-20 23:43:10.459   477   577 W skia    : AGTM parsing failed flags.readFromStream(s) at 159
08-20 23:43:10.560   477   577 W skia    : AGTM parsing failed flags.readFromStream(s) at 159
08-20 23:43:10.560   477   577 W skia    : AGTM parsing failed flags.readFromStream(s) at 159
08-20 23:43:10.660   477   577 W skia    : AGTM parsing failed flags.readFromStream(s) at 159
08-20 23:43:10.660   477   577 W skia    : AGTM parsing failed flags.readFromStream(s) at 159
08-20 23:43:10.760   477   577 W skia    : AGTM parsing failed flags.readFromStream(s) at 159
08-20 23:43:10.760   477   577 W skia    : AGTM parsing failed flags.readFromStream(s) at 159
08-20 23:43:10.860   477   577 W skia    : AGTM parsing failed flags.readFromStream(s) at 159
08-20 23:43:10.860   477   577 W skia    : AGTM parsing failed flags.readFromStream(s) at 159
08-20 23:43:10.930  1285  2023 I FusedLocation: (REDACTED) location delivery to %s blocked - too close
08-20 23:43:10.930  1285  2023 I FusedLocation: (REDACTED) location delivery to %s blocked - too close
08-20 23:43:10.930  1285  2023 I FusedLocation: (REDACTED) location delivery to %s blocked - too close
08-20 23:43:10.935  1285 13300 I FusedLocation: (REDACTED) stationary throttling engaged @%s
08-20 23:43:10.936  1285 13300 I FusedOrientationManager: Unregistering orientation client. [CONTEXT service_id=6 ]
08-20 23:43:10.936 13191 13191 I flutter : [INFO] msg="location: within 1km of selected address: true"
08-20 23:43:10.936 13191 13191 I flutter : [INFO] msg="splash: location prefetch completed"
08-20 23:43:10.938   642   660 W AlarmManager: Unrecognized alarm listener com.android.server.location.gnss.GnssLocationProvider$$ExternalSyntheticLambda14@1f94afb
08-20 23:43:10.938   642   660 W AlarmManager: Unrecognized alarm listener com.android.server.location.gnss.GnssLocationProvider$$ExternalSyntheticLambda13@51f9718
08-20 23:43:10.962   477   577 W skia    : AGTM parsing failed flags.readFromStream(s) at 159
08-20 23:43:10.962   477   577 W skia    : AGTM parsing failed flags.readFromStream(s) at 159
08-20 23:43:11.064   477   577 W skia    : AGTM parsing failed flags.readFromStream(s) at 159
08-20 23:43:11.064   477   577 W skia    : AGTM parsing failed flags.readFromStream(s) at 159
08-20 23:43:11.109 13191 13310 D ProfileInstaller: Installing profile for com.izzes.nears
08-20 23:43:11.166   477   577 W skia    : AGTM parsing failed flags.readFromStream(s) at 159
08-20 23:43:11.166   477   577 W skia    : AGTM parsing failed flags.readFromStream(s) at 159
08-20 23:43:11.266   477   577 W skia    : AGTM parsing failed flags.readFromStream(s) at 159
08-20 23:43:11.266   477   577 W skia    : AGTM parsing failed flags.readFromStream(s) at 159
08-20 23:43:11.347  5838  5868 E fgpt    : (REDACTED) Trace %s timed out after %d ms. Complete trace: %s
08-20 23:43:11.347  5838  5868 E fgpt    : fgrd: 
08-20 23:43:11.347  5838  5868 E fgpt    : 	at tk_trace.Write TimeTriggerStore(Started After:0)
08-20 23:43:11.347  5838  5868 E fgpt    : 	at tk_trace.Update TimeTriggerStore(Started After:0)
08-20 23:43:11.347  5838  5868 E fgpt    : 	at tk_trace.Synclet: PCPv2.DailySynclet 1(Started After:0)
08-20 23:43:11.347  5838  5868 E fgpt    : 	at tk_trace.NoAccountWorkerFactory startWork()(Started After:0)
08-20 23:43:11.347  5838  5868 E fgpt    : 	at tk_trace.com.google.apps.tiktok.sync.impl.workmanager.SyncPeriodicWorker startWork()(Started After:0)
08-20 23:43:11.347  5838  5868 E fgpt    : 	at tk_trace.com.google.apps.tiktok.sync.impl.workmanager.SyncPeriodicWorker startWork()(Started After:0)
08-20 23:43:11.347  5838  5868 E fgpt    : 	at tk_trace.WorkManager:TikTokListenableWorker startWork(Started After:0)
08-20 23:43:11.367   477   577 W skia    : AGTM parsing failed flags.readFromStream(s) at 159
08-20 23:43:11.367   477   577 W skia    : AGTM parsing failed flags.readFromStream(s) at 159
08-20 23:43:11.380   642   729 D ActivityManager: sync unfroze 5623 com.google.android.apps.photos for 6
08-20 23:43:11.392   642   668 W libbinder.IPCThreadState: Sending oneway calls to frozen process.
08-20 23:43:11.413   642  2068 W JobScheduler: Job didn't exist in JobStore: b4c28b3 #u0a171/1034 com.google.android.apps.photos/com.google.android.libraries.social.mediamonitor.MediaMonitorJobSchedulerService
08-20 23:43:11.415   642  2068 W UriGrantsManagerService: No permission grants found for com.google.android.apps.photos
08-20 23:43:11.416   642  2068 W UriGrantsManagerService: No permission grants found for com.google.android.apps.photos
08-20 23:43:11.426   642  2068 W UriGrantsManagerService: No permission grants found for com.google.android.apps.photos
08-20 23:43:11.426   642  2068 W UriGrantsManagerService: No permission grants found for com.google.android.apps.photos
08-20 23:43:11.429   642  2068 W UriGrantsManagerService: No permission grants found for com.google.android.apps.photos
08-20 23:43:11.429   642  2068 W UriGrantsManagerService: No permission grants found for com.google.android.apps.photos
08-20 23:43:11.468   477   577 W skia    : AGTM parsing failed flags.readFromStream(s) at 159
08-20 23:43:11.468   477   577 W skia    : AGTM parsing failed flags.readFromStream(s) at 159
08-20 23:43:11.574   477   577 W skia    : AGTM parsing failed flags.readFromStream(s) at 159
08-20 23:43:11.574   477   577 W skia    : AGTM parsing failed flags.readFromStream(s) at 159
08-20 23:43:11.676   477   577 W skia    : AGTM parsing failed flags.readFromStream(s) at 159
08-20 23:43:11.676   477   577 W skia    : AGTM parsing failed flags.readFromStream(s) at 159
08-20 23:43:11.776   477   577 W skia    : AGTM parsing failed flags.readFromStream(s) at 159
08-20 23:43:11.776   477   577 W skia    : AGTM parsing failed flags.readFromStream(s) at 159
08-20 23:43:11.876   477   577 W skia    : AGTM parsing failed flags.readFromStream(s) at 159
08-20 23:43:11.876   477   577 W skia    : AGTM parsing failed flags.readFromStream(s) at 159
08-20 23:43:11.948   998  1205 I bluetooth: system/gd/hci/le_address_manager.cc:557 GetNextPrivateAddressIntervalRange: client=LeAddressManager, nonwake=8m55s, wake=13m5s
08-20 23:43:11.950   998  1205 I bluetooth: system/gd/hci/le_address_manager.cc:758 OnCommandComplete: Received command complete with op_code LE_SET_RANDOM_ADDRESS(0x2005)
08-20 23:43:11.950   998  1205 I bluetooth: system/gd/hci/le_address_manager.cc:778 OnCommandComplete: update random address : xx:xx:xx:xx:a5:b7
08-20 23:43:11.950   998  1205 I bluetooth: system/gd/hci/le_address_manager.cc:382 resume_registered_clients: Resuming registered clients
08-20 23:43:11.950   998  1205 I bluetooth: system/gd/hci/le_scanning_manager_impl.cc:774 stop_scan: Scanning already stopped, return. caller=configure_scan
08-20 23:43:11.976   477   577 W skia    : AGTM parsing failed flags.readFromStream(s) at 159
08-20 23:43:11.976   477   577 W skia    : AGTM parsing failed flags.readFromStream(s) at 159
08-20 23:43:12.077   477   577 W skia    : AGTM parsing failed flags.readFromStream(s) at 159
08-20 23:43:12.077   477   577 W skia    : AGTM parsing failed flags.readFromStream(s) at 159
08-20 23:43:12.118   479   479 I adbd    : adbd service requested 'shell,v2,TERM=xterm-256color,raw:uiautomator dump /sdcard/uinav-3460e5ca54884b3d83de900a5eb2910f.xml'
08-20 23:43:12.146 13313 13313 D AndroidRuntime: >>>>>> START com.android.internal.os.RuntimeInit uid 2000 <<<<<<
08-20 23:43:12.148 13313 13313 I AndroidRuntime: Using default boot image
08-20 23:43:12.148 13313 13313 I AndroidRuntime: Leaving lock profiling enabled
08-20 23:43:12.148 13313 13313 I app_process: Core platform API enforcement enabled from the hiddenapi_platform_enforcement flag and the device API level
08-20 23:43:12.148 13313 13313 I app_process: Using generational CollectorTypeCMC GC.
08-20 23:43:12.165 13313 13313 D nativeloader: InitDefaultPublicLibraries for_preload=1: libandroid.so:libaaudio.so:libamidi.so:libbinder_ndk.so:libc.so:libcamera2ndk.so:libdl.so:libEGL.so:libGLESv1_CM.so:libGLESv2.so:libGLESv3.so:libicu.so:libicui18n.so:libicuuc.so:libjnigraphics.so:liblog.so:libmediandk.so:libm.so:libnativehelper.so:libnativewindow.so:libOpenMAXAL.so:libOpenSLES.so:libRS.so:libstdc++.so:libsync.so:libvulkan.so:libwebviewchromium_plat_support.so:libz.so
08-20 23:43:12.168 13313 13313 D nativeloader: Load libicu_jni.so using APEX ns com_android_art for caller /apex/com.android.art/javalib/core-oj.jar: ok
08-20 23:43:12.168 13313 13313 D app_process: u_setTimeZoneFilesDirectory("/apex/com.android.tzdata/etc/tz/versioned/10/icu") succeeded. 
08-20 23:43:12.168 13313 13313 D app_process: I18n APEX ICU file found: /apex/com.android.i18n/etc/icu/icudt78l.dat
08-20 23:43:12.168 13313 13313 D nativeloader: Load libjavacore.so using APEX ns com_android_art for caller /apex/com.android.art/javalib/core-oj.jar: ok
08-20 23:43:12.168 13313 13313 D nativeloader: Load libopenjdk.so using APEX ns com_android_art for caller /apex/com.android.art/javalib/core-oj.jar: ok
08-20 23:43:12.169 13313 13313 I app_process: Priority-to-niceness mapping: 19, 16, 13, 10, 0, -2, -4, -5, -6, -8
08-20 23:43:12.169 13313 13313 W app_process: ClassLoaderContext shared library size mismatch. Expected=2, found=0 (PCL[]{PCL[/system/framework/android.test.base.jar*736588042]#PCL[/system/framework/android.test.mock.jar*4008448454]} | PCL[])
08-20 23:43:12.169 13313 13313 W app_process: ClassLoaderContext classpath size mismatch. expected=0, found=1 (PCL[]{PCL[/system/framework/android.test.runner.jar*805256125]{PCL[/system/framework/android.test.base.jar*736588042]#PCL[/system/framework/android.test.mock.jar*4008448454]}#PCL[/system/framework/android.test.base.jar*736588042]} | PCL[/system/framework/android.test.runner.jar*805256125])
08-20 23:43:12.176 13313 13313 D nativeloader: Load libframework-connectivity-tiramisu-jni.so using APEX ns com_android_tethering for caller /apex/com.android.tethering/javalib/framework-connectivity-t.jar: ok
08-20 23:43:12.176 13313 13313 D AndroidRuntime: Calling main entry com.android.commands.uiautomator.Launcher
08-20 23:43:12.177   477   577 W skia    : AGTM parsing failed flags.readFromStream(s) at 159
08-20 23:43:12.177   477   577 W skia    : AGTM parsing failed flags.readFromStream(s) at 159
08-20 23:43:12.178 13313 13313 I AconfigPackage: android.media.swcodec.flags is mapped to com.android.media.swcodec
08-20 23:43:12.178 13313 13313 I AconfigPackage: com.android.permission.flags is mapped to com.android.permission
08-20 23:43:12.178 13313 13313 I AconfigPackage: com.android.permissioncontroller.flags is mapped to com.android.permission
08-20 23:43:12.178 13313 13313 I AconfigPackage: com.google.android.widevine.flags is mapped to com.google.android.widevine
08-20 23:43:12.178 13313 13313 I AconfigPackage: com.android.icu is mapped to com.android.i18n
08-20 23:43:12.178 13313 13313 I AconfigPackage: com.android.appsearch.flags is mapped to com.android.appsearch
08-20 23:43:12.178 13313 13313 I AconfigPackage: com.android.uprobestats.flags is mapped to com.android.uprobestats
08-20 23:43:12.178 13313 13313 I AconfigPackage: android.uprobestats.mainline.flags is mapped to com.android.uprobestats
08-20 23:43:12.178 13313 13313 I AconfigPackage: com.android.crashrecovery.flags is mapped to com.android.crashrecovery
08-20 23:43:12.178 13313 13313 I AconfigPackage: android.provider.flags is mapped to com.android.configinfrastructure
08-20 23:43:12.178 13313 13313 I AconfigPackage: com.android.server.deviceconfig is mapped to com.android.configinfrastructure
08-20 23:43:12.178 13313 13313 I AconfigPackage: com.android.art.flags is mapped to com.android.art
08-20 23:43:12.178 13313 13313 I AconfigPackage: com.android.art.rw.flags is mapped to com.android.art
08-20 23:43:12.178 13313 13313 I AconfigPackage: com.android.libcore is mapped to com.android.art
08-20 23:43:12.178 13313 13313 I AconfigPackage: android.telecom.flags is mapped to com.android.telephonycore
08-20 23:43:12.178 13313 13313 I AconfigPackage: com.android.internal.telecom.flags is mapped to com.android.telephonycore
08-20 23:43:12.178 13313 13313 I AconfigPackage: com.android.telephony.flags is mapped to com.android.telephonycore
08-20 23:43:12.178 13313 13313 I AconfigPackage: com.android.media.extractor.flags is mapped to com.android.media
08-20 23:43:12.178 13313 13313 I AconfigPackage: com.android.media.metrics.flags is mapped to com.android.media
08-20 23:43:12.178 13313 13313 I AconfigPackage: com.android.media.mainline.flags is mapped to com.android.media
08-20 23:43:12.178 13313 13313 I AconfigPackage: com.android.wifi.flags is mapped to com.android.wifi
08-20 23:43:12.178 13313 13313 I AconfigPackage: com.android.org.conscrypt.flags is mapped to com.android.conscrypt
08-20 23:43:12.178 13313 13313 I AconfigPackage: com.android.org.conscrypt.net.flags is mapped to com.android.conscrypt
08-20 23:43:12.178 13313 13313 I AconfigPackage: com.android.healthfitness.flags is mapped to com.android.healthfitness
08-20 23:43:12.178 13313 13313 I AconfigPackage: com.android.ipsec.flags is mapped to com.android.ipsec
08-20 23:43:12.178 13313 13313 I AconfigPackage: com.android.nfc.module.flags is mapped to com.android.nfcservices
08-20 23:43:12.178 13313 13313 I AconfigPackage: com.android.nfc.module.nonexported.flags is mapped to com.android.nfcservices
08-20 23:43:12.178 13313 13313 I AconfigPackage: com.android.adservices.ondevicepersonalization.flags is mapped to com.android.ondevicepersonalization
08-20 23:43:12.178 13313 13313 I AconfigPackage: com.android.adbd.flags is mapped to com.android.adbd
08-20 23:43:12.178 13313 13313 I AconfigPackage: com.android.bluetooth.beta.flags is mapped to com.android.bt
08-20 23:43:12.178 13313 13313 I AconfigPackage: com.android.bluetooth.flags is mapped to com.android.bt
08-20 23:43:12.178 13313 13313 I AconfigPackage: com.android.devicelock.flags is mapped to com.android.devicelock
08-20 23:43:12.178 13313 13313 I AconfigPackage: android.os.profiling is mapped to com.android.profiling
08-20 23:43:12.178 13313 13313 I AconfigPackage: android.os.profiling.anomaly.flags is mapped to com.android.profiling
08-20 23:43:12.178 13313 13313 I AconfigPackage: com.android.os.statsd.flags is mapped to com.android.os.statsd
08-20 23:43:12.178 13313 13313 I AconfigPackage: com.android.webapp.flags is mapped to com.android.webapp
08-20 23:43:12.178 13313 13313 I AconfigPackage: com.android.rkpd.flags is mapped to com.android.rkpd
08-20 23:43:12.178 13313 13313 I AconfigPackage: com.android.cellbroadcastreceiver.flags is mapped to com.android.cellbroadcast
08-20 23:43:12.178 13313 13313 I AconfigPackage: com.android.adservices.flags is mapped to com.android.adservices
08-20 23:43:12.178 13313 13313 I AconfigPackage: com.android.sdksandbox.flags is mapped to com.android.adservices
08-20 23:43:12.178 13313 13313 I AconfigPackage: android.app.sdksandbox.flags is mapped to com.android.adservices
08-20 23:43:12.179 13313 13313 I AconfigPackage: com.android.uwb.flags is mapped to com.android.uwb
08-20 23:43:12.179 13313 13313 I AconfigPackage: com.android.ranging.flags is mapped to com.android.uwb
08-20 23:43:12.179 13313 13313 I AconfigPackage: com.android.npumanager is mapped to com.android.npumanager
08-20 23:43:12.179 13313 13313 I AconfigPackage: android.graphics.pdf.flags is mapped to com.android.mediaprovider
08-20 23:43:12.179 13313 13313 I AconfigPackage: com.android.providers.media.flags is mapped to com.android.mediaprovider
08-20 23:43:12.179 13313 13313 I AconfigPackage: android.graphics.pdf.flags.readonly is mapped to com.android.mediaprovider
08-20 23:43:12.179 13313 13313 I AconfigPackage: com.android.tethering.mainline.beta is mapped to com.android.tethering
08-20 23:43:12.179 13313 13313 I AconfigPackage: android.net.http is mapped to com.android.tethering
08-20 23:43:12.179 13313 13313 I AconfigPackage: com.android.tethering.readonly.flags is mapped to com.android.tethering
08-20 23:43:12.179 13313 13313 I AconfigPackage: android.net.vcn is mapped to com.android.tethering
08-20 23:43:12.179 13313 13313 I AconfigPackage: com.android.net.flags is mapped to com.android.tethering
08-20 23:43:12.179 13313 13313 I AconfigPackage: com.android.tethering.flags is mapped to com.android.tethering
08-20 23:43:12.179 13313 13313 I AconfigPackage: com.android.tethering.beta.test is mapped to com.android.tethering
08-20 23:43:12.179 13313 13313 I AconfigPackage: com.android.nearby.flags is mapped to com.android.tethering
08-20 23:43:12.179 13313 13313 I AconfigPackage: com.android.net.thread.flags is mapped to com.android.tethering
08-20 23:43:12.179 13313 13313 I AconfigPackage: com.android.net.ct.flags is mapped to com.android.tethering
08-20 23:43:12.179 13313 13313 I AconfigPackage: com.android.system.virtualmachine.flags is mapped to com.android.virt
08-20 23:43:12.179 13313 13313 E FeatureFlagsImplExport: android.os.flagging.AconfigStorageReadException: ERROR_PACKAGE_NOT_FOUND: package android.xr cannot be found on the device
08-20 23:43:12.179 13313 13313 D UiAutomationConnection: Created on user UserHandle{0}
08-20 23:43:12.179 13313 13313 I UiAutomation: Initialized for user 0 on display 0
08-20 23:43:12.179 13313 13313 W UiAutomation: Created with deprecatead constructor, assumes DEFAULT_DISPLAY
08-20 23:43:12.180   642  2068 D AccessibilityManagerService: changeCurrentUserForTestAutomationIfNeededLocked(0): ignoring because device doesn't support visible background users
08-20 23:43:12.180   642  2068 I UiAutomationManager: Registering UiTestAutomationService (id=com.android.server.accessibility/UiAutomation, flags=0x0) when called by user 0
08-20 23:43:12.180   642  2068 V AccessibilityManagerService: onUserStateChangedLocked for userId: 0, forceUpdate: false
08-20 23:43:12.180   642  2068 V AccessibilityUserState: updateShortcutTargets: type:accessibility_shortcut_target_service, current:{}, new:{}
08-20 23:43:12.180   642  2068 V AccessibilityUserState: updateShortcutTargets: type:accessibility_button_targets, current:{}, new:{}
08-20 23:43:12.180   642  2068 V AccessibilityUserState: updateShortcutTargets: type:accessibility_gesture_targets, current:{}, new:{}
08-20 23:43:12.180   642  2068 V AccessibilityUserState: updateShortcutTargets: type:accessibility_qs_targets, current:{}, new:{}
08-20 23:43:12.180   642  2068 V AccessibilityUserState: updateShortcutTargets: type:accessibility_key_gesture_targets, current:{}, new:{}
08-20 23:43:12.180   642  2068 V AccessibilityUserState: updateShortcutTargets: type:accessibility_top_row_key_targets, current:{}, new:{}
08-20 23:43:12.180   642  2068 V AccessibilityUserState: updateShortcutTargets: type:accessibility_quick_access_targets, current:{}, new:{}
08-20 23:43:12.180   642  2068 W MagnificationConnectionManager: requestConnection duplicated request: connect=false, mConnectionState=DISCONNECTED
08-20 23:43:12.180  1655  1957 I AiAiEcho: Settings changed for uri: content://settings/secure/accessibility_enabled
08-20 23:43:12.181   642   642 W libbinder.IPCThreadState: Sending oneway calls to frozen process.
08-20 23:43:12.181   642   642 W libbinder.IPCThreadState: Sending oneway calls to frozen process.
08-20 23:43:12.181   642   642 W libbinder.IPCThreadState: Sending oneway calls to frozen process.
08-20 23:43:12.181   642   642 W libbinder.IPCThreadState: Sending oneway calls to frozen process.
08-20 23:43:12.181   642   642 W libbinder.IPCThreadState: Sending oneway calls to frozen process.
08-20 23:43:12.181   642   642 W libbinder.IPCThreadState: Sending oneway calls to frozen process.
08-20 23:43:12.181   642   642 W libbinder.IPCThreadState: Sending oneway calls to frozen process.
08-20 23:43:12.181   642   642 W libbinder.IPCThreadState: Sending oneway calls to frozen process.
08-20 23:43:12.181   642   642 W libbinder.IPCThreadState: Sending oneway calls to frozen process.
08-20 23:43:12.181   642   642 W libbinder.IPCThreadState: Sending oneway calls to frozen process.
08-20 23:43:12.181   642   642 W libbinder.IPCThreadState: Sending oneway calls to frozen process.
08-20 23:43:12.181   642   642 W libbinder.IPCThreadState: Sending oneway calls to frozen process.
08-20 23:43:12.181   642   642 D BatterySaverPolicy: accessibility changed to true, updating policy.
08-20 23:43:12.182  1655  1820 I AiAiEcho: Predicting[0]:  [CONTEXT sampling_count=5 ]
08-20 23:43:12.182  1655  1820 I AiAiEcho: EchoTargets: 
08-20 23:43:12.182  1655  1820 I AiAiEcho: Filtered by AiAi flag check: 
08-20 23:43:12.182  1655  1820 I AiAiEcho: [CONTEXT ratelimit_period="10 SECONDS" ]
08-20 23:43:12.182   642   655 V AccessibilityManagerService: onUserStateChangedLocked for userId: 0, forceUpdate: false
08-20 23:43:12.182  1655  1820 I AiAiEcho: #remoteViewsTwiddler: feature disabled.
08-20 23:43:12.182  1655  1820 I AiAiEcho: Predicting[0]:  [CONTEXT sampling_count=5 ]
08-20 23:43:12.182  1655  1820 I AiAiEcho: EchoTargets: 
08-20 23:43:12.182  1655  1820 I AiAiEcho: Filtered by AiAi flag check: 
08-20 23:43:12.182  1655  1820 I AiAiEcho: [CONTEXT ratelimit_period="10 SECONDS" ]
08-20 23:43:12.182  1655  1820 I AiAiEcho: #remoteViewsTwiddler: feature disabled.
08-20 23:43:12.182  1655  1820 I AiAiEcho: Predicting[0]:  [CONTEXT sampling_count=5 ]
08-20 23:43:12.182  1655  1820 I AiAiEcho: EchoTargets: 
08-20 23:43:12.182  1655  1820 I AiAiEcho: Filtered by AiAi flag check: 
08-20 23:43:12.182  1655  1820 I AiAiEcho: [CONTEXT ratelimit_period="10 SECONDS" ]
08-20 23:43:12.182  1655  1820 I AiAiEcho: #remoteViewsTwiddler: feature disabled.
08-20 23:43:12.182  1655  1820 I AiAiEcho: #postPredictionTargets: Sending updates to UISurface lockscreen with targets# 0 (types=[])
08-20 23:43:12.182   642   655 V AccessibilityUserState: updateShortcutTargets: type:accessibility_shortcut_target_service, current:{}, new:{}
08-20 23:43:12.182   642   655 V AccessibilityUserState: updateShortcutTargets: type:accessibility_button_targets, current:{}, new:{}
08-20 23:43:12.182   642   655 V AccessibilityUserState: updateShortcutTargets: type:accessibility_gesture_targets, current:{}, new:{}
08-20 23:43:12.182   642   655 V AccessibilityUserState: updateShortcutTargets: type:accessibility_qs_targets, current:{}, new:{}
08-20 23:43:12.182   642   655 V AccessibilityUserState: updateShortcutTargets: type:accessibility_key_gesture_targets, current:{}, new:{}
08-20 23:43:12.182   642   655 V AccessibilityUserState: updateShortcutTargets: type:accessibility_top_row_key_targets, current:{}, new:{}
08-20 23:43:12.182   642   655 V AccessibilityUserState: updateShortcutTargets: type:accessibility_quick_access_targets, current:{}, new:{}
08-20 23:43:12.182  1655  1820 I AiAiEcho: #postPredictionTargets: Sending updates to UISurface ambientcue with targets# 0 (types=[])
08-20 23:43:12.182   642   655 W MagnificationConnectionManager: requestConnection duplicated request: connect=false, mConnectionState=DISCONNECTED
08-20 23:43:12.182  1655  1820 I AiAiEcho: #postPredictionTargets: Sending updates to UISurface home with targets# 0 (types=[])
08-20 23:43:12.182  1655  1957 I AiAiEcho: Settings changed for uri: content://settings/secure/accessibility_enabled
08-20 23:43:12.182  1655  1820 I AiAiEcho: Predicting[0]:  [CONTEXT sampling_count=5 ]
08-20 23:43:12.182  1655  1820 I AiAiEcho: EchoTargets: 
08-20 23:43:12.182  1655  1820 I AiAiEcho: Filtered by AiAi flag check: 
08-20 23:43:12.182  1655  1820 I AiAiEcho: [CONTEXT ratelimit_period="10 SECONDS" ]
08-20 23:43:12.183   642   642 W libbinder.IPCThreadState: Sending oneway calls to frozen process.
08-20 23:43:12.183   642   642 W libbinder.IPCThreadState: Sending oneway calls to frozen process.
08-20 23:43:12.183   642   642 W libbinder.IPCThreadState: Sending oneway calls to frozen process.
08-20 23:43:12.183   642   642 W libbinder.IPCThreadState: Sending oneway calls to frozen process.
08-20 23:43:12.183  1655  1820 I AiAiEcho: #remoteViewsTwiddler: feature disabled.
08-20 23:43:12.183  1655  1820 I AiAiEcho: Predicting[0]:  [CONTEXT sampling_count=5 ]
08-20 23:43:12.183  1655  1820 I AiAiEcho: EchoTargets: 
08-20 23:43:12.183  1655  1820 I AiAiEcho: Filtered by AiAi flag check: 
08-20 23:43:12.183  1655  1820 I AiAiEcho: [CONTEXT ratelimit_period="10 SECONDS" ]
08-20 23:43:12.183  1655  1820 I AiAiEcho: #remoteViewsTwiddler: feature disabled.
08-20 23:43:12.183  1655  1820 I AiAiEcho: Predicting[0]:  [CONTEXT sampling_count=5 ]
08-20 23:43:12.183  1655  1820 I AiAiEcho: EchoTargets: 
08-20 23:43:12.183  1655  1820 I AiAiEcho: Filtered by AiAi flag check: 
08-20 23:43:12.183  1655  1820 I AiAiEcho: [CONTEXT ratelimit_period="10 SECONDS" ]
08-20 23:43:12.183  1655  1820 I AiAiEcho: #remoteViewsTwiddler: feature disabled.
08-20 23:43:12.183  1655  1820 I AiAiEcho: #postPredictionTargets: Sending updates to UISurface lockscreen with targets# 0 (types=[])
08-20 23:43:12.184   642   642 W libbinder.IPCThreadState: Sending oneway calls to frozen process.
08-20 23:43:12.184   642   642 W libbinder.IPCThreadState: Sending oneway calls to frozen process.
08-20 23:43:12.184   642   642 W libbinder.IPCThreadState: Sending oneway calls to frozen process.
08-20 23:43:12.184   894  1154 I AmbientCueRepository: Receiving SmartSpace targets # 0
08-20 23:43:12.184  1655  1820 I AiAiEcho: #postPredictionTargets: Sending updates to UISurface ambientcue with targets# 0 (types=[])
08-20 23:43:12.184   642   642 W libbinder.IPCThreadState: Sending oneway calls to frozen process.
08-20 23:43:12.184  1655  1820 I AiAiEcho: #postPredictionTargets: Sending updates to UISurface home with targets# 0 (types=[])
08-20 23:43:12.185   642   923 D AccessibilityManagerService: .getAccessibilityShortcutTargets {shortcutType=32, userId=0}
08-20 23:43:12.185   894  1154 I AmbientCueRepository: Receiving SmartSpace targets # 0
08-20 23:43:12.201   642   793 I HalDevMgr: bestIfaceCreationProposal is null, requestIface=STA, existingIface=[name=wlan0 type=STA]
08-20 23:43:12.244  1028  1186 D SatelliteController: isInCarrierRoamingNbIotNtn: satellite is disabled
08-20 23:43:12.244  1028  1186 D SatelliteController: getCarrierRoamingNtnConnectType: Checking connect type from PLMN config for subId: 1
08-20 23:43:12.244  1028  1186 D TelephonyConfigUpdateInstallReceiver: getConfigParser: domain=satellite
08-20 23:43:12.244  1028  1186 V SatelliteController: satelliteConfigParser is not ready
08-20 23:43:12.244  1028  1186 D SatelliteController: isSatelliteAttachSupportedViaConfigupdater: return null (satelliteConfig is null)
08-20 23:43:12.245  1028  1186 D SatelliteController: getSatellitePerPlmnConfiguration: invalid subId or not supported via carrier.
08-20 23:43:12.245  1028  1186 D SatelliteController: getCarrierRoamingNtnConnectType: config: null
08-20 23:43:12.245  1028  1186 D TelephonyConfigUpdateInstallReceiver: getConfigParser: domain=satellite
08-20 23:43:12.245  1028  1186 V SatelliteController: satelliteConfigParser is not ready
08-20 23:43:12.245  1028  1186 D SatelliteController: getCarrierRoamingNtnConnectTypeViaConfigUpdater: return null (satelliteConfig is null)
08-20 23:43:12.245  1028  1186 D SatelliteController: getCarrierRoamingNtnConnectType: Falling back to global carrier config connect type: 0
08-20 23:43:12.245  1028  1186 D TelephonyConfigUpdateInstallReceiver: getConfigParser: domain=satellite
08-20 23:43:12.245  1028  1186 V SatelliteController: satelliteConfigParser is not ready
08-20 23:43:12.245  1028  1186 D SatelliteController: isSatelliteAttachSupportedViaConfigupdater: return null (satelliteConfig is null)
08-20 23:43:12.245  1028  1186 D SatelliteController: getCarrierRoamingNtnConnectType: Checking connect type from PLMN config for subId: 1
08-20 23:43:12.245  1028  1186 D TelephonyConfigUpdateInstallReceiver: getConfigParser: domain=satellite
08-20 23:43:12.245  1028  1186 V SatelliteController: satelliteConfigParser is not ready
08-20 23:43:12.245  1028  1186 D SatelliteController: isSatelliteAttachSupportedViaConfigupdater: return null (satelliteConfig is null)
08-20 23:43:12.245  1028  1186 D SatelliteController: getSatellitePerPlmnConfiguration: invalid subId or not supported via carrier.
08-20 23:43:12.245  1028  1186 D SatelliteController: getCarrierRoamingNtnConnectType: config: null
08-20 23:43:12.245  1028  1186 D TelephonyConfigUpdateInstallReceiver: getConfigParser: domain=satellite
08-20 23:43:12.245  1028  1186 V SatelliteController: satelliteConfigParser is not ready
08-20 23:43:12.245  1028  1186 D SatelliteController: getCarrierRoamingNtnConnectTypeViaConfigUpdater: return null (satelliteConfig is null)
08-20 23:43:12.245  1028  1186 D SatelliteController: getCarrierRoamingNtnConnectType: Falling back to global carrier config connect type: 0
08-20 23:43:12.245  1028  1186 D TelephonyConfigUpdateInstallReceiver: getConfigParser: domain=satellite
08-20 23:43:12.245  1028  1186 V SatelliteController: satelliteConfigParser is not ready
08-20 23:43:12.245  1028  1186 D SatelliteController: isSatelliteAttachSupportedViaConfigupdater: return null (satelliteConfig is null)
08-20 23:43:12.278   477   577 W skia    : AGTM parsing failed flags.readFromStream(s) at 159
08-20 23:43:12.278   477   577 W skia    : AGTM parsing failed flags.readFromStream(s) at 159
08-20 23:43:12.379   477   577 W skia    : AGTM parsing failed flags.readFromStream(s) at 159
08-20 23:43:12.379   477   577 W skia    : AGTM parsing failed flags.readFromStream(s) at 159
08-20 23:43:12.482   477   577 W skia    : AGTM parsing failed flags.readFromStream(s) at 159
08-20 23:43:12.482   477   577 W skia    : AGTM parsing failed flags.readFromStream(s) at 159
08-20 23:43:12.582   477   577 W skia    : AGTM parsing failed flags.readFromStream(s) at 159
08-20 23:43:12.582   477   577 W skia    : AGTM parsing failed flags.readFromStream(s) at 159
08-20 23:43:12.683   477   577 W skia    : AGTM parsing failed flags.readFromStream(s) at 159
08-20 23:43:12.683   477   577 W skia    : AGTM parsing failed flags.readFromStream(s) at 159
08-20 23:43:12.783   477   577 W skia    : AGTM parsing failed flags.readFromStream(s) at 159
08-20 23:43:12.783   477   577 W skia    : AGTM parsing failed flags.readFromStream(s) at 159
08-20 23:43:12.883   477   577 W skia    : AGTM parsing failed flags.readFromStream(s) at 159
08-20 23:43:12.883   477   577 W skia    : AGTM parsing failed flags.readFromStream(s) at 159
08-20 23:43:12.984   477   577 W skia    : AGTM parsing failed flags.readFromStream(s) at 159
08-20 23:43:12.984   477   577 W skia    : AGTM parsing failed flags.readFromStream(s) at 159
08-20 23:43:13.084   477   577 W skia    : AGTM parsing failed flags.readFromStream(s) at 159
08-20 23:43:13.084   477   577 W skia    : AGTM parsing failed flags.readFromStream(s) at 159
08-20 23:43:13.185   477   577 W skia    : AGTM parsing failed flags.readFromStream(s) at 159
08-20 23:43:13.185   477   577 W skia    : AGTM parsing failed flags.readFromStream(s) at 159
08-20 23:43:13.224  1618  2453 W MediaProvider: isAppCloneUserPair for user 0: false
08-20 23:43:13.227 13313 13313 W AccessibilityNodeInfoDumper: Fetch time: 5ms
08-20 23:43:13.227   642   869 V AccessibilityManagerService: onUserStateChangedLocked for userId: 0, forceUpdate: false
08-20 23:43:13.228   642   869 V AccessibilityUserState: updateShortcutTargets: type:accessibility_shortcut_target_service, current:{}, new:{}
08-20 23:43:13.228   642   869 V AccessibilityUserState: updateShortcutTargets: type:accessibility_button_targets, current:{}, new:{}
08-20 23:43:13.228   642   869 V AccessibilityUserState: updateShortcutTargets: type:accessibility_gesture_targets, current:{}, new:{}
08-20 23:43:13.228   642   869 V AccessibilityUserState: updateShortcutTargets: type:accessibility_qs_targets, current:{}, new:{}
08-20 23:43:13.228   642   869 V AccessibilityUserState: updateShortcutTargets: type:accessibility_key_gesture_targets, current:{}, new:{}
08-20 23:43:13.228   642   869 V AccessibilityUserState: updateShortcutTargets: type:accessibility_top_row_key_targets, current:{}, new:{}
08-20 23:43:13.228   642   869 V AccessibilityUserState: updateShortcutTargets: type:accessibility_quick_access_targets, current:{}, new:{}
08-20 23:43:13.228   642   869 W MagnificationConnectionManager: requestConnection duplicated request: connect=false, mConnectionState=DISCONNECTED
08-20 23:43:13.228   642   869 D AccessibilityManagerService: restoreCurrentUserForTestAutomationIfNeededLocked(): ignoring because device doesn't support visible background users
08-20 23:43:13.228  1655  1957 I AiAiEcho: Settings changed for uri: content://settings/secure/accessibility_enabled
08-20 23:43:13.228   642   642 W libbinder.IPCThreadState: Sending oneway calls to frozen process.
08-20 23:43:13.228   642   642 W libbinder.IPCThreadState: Sending oneway calls to frozen process.
08-20 23:43:13.228   642   642 W libbinder.IPCThreadState: Sending oneway calls to frozen process.
08-20 23:43:13.228   642   642 W libbinder.IPCThreadState: Sending oneway calls to frozen process.
08-20 23:43:13.228   642   642 W libbinder.IPCThreadState: Sending oneway calls to frozen process.
08-20 23:43:13.228   642   642 W libbinder.IPCThreadState: Sending oneway calls to frozen process.
08-20 23:43:13.228   642   642 W libbinder.IPCThreadState: Sending oneway calls to frozen process.
08-20 23:43:13.228   642   642 W libbinder.IPCThreadState: Sending oneway calls to frozen process.
08-20 23:43:13.228   642   642 W libbinder.IPCThreadState: Sending oneway calls to frozen process.
08-20 23:43:13.228   642   642 W libbinder.IPCThreadState: Sending oneway calls to frozen process.
08-20 23:43:13.228   642   642 W libbinder.IPCThreadState: Sending oneway calls to frozen process.
08-20 23:43:13.228  1655  1820 I AiAiEcho: Predicting[0]:  [CONTEXT sampling_count=5 ]
08-20 23:43:13.228  1655  1820 I AiAiEcho: EchoTargets: 
08-20 23:43:13.228  1655  1820 I AiAiEcho: Filtered by AiAi flag check: 
08-20 23:43:13.228  1655  1820 I AiAiEcho: [CONTEXT ratelimit_period="10 SECONDS" ]
08-20 23:43:13.228   642   642 W libbinder.IPCThreadState: Sending oneway calls to frozen process.
08-20 23:43:13.228  1655  1820 I AiAiEcho: #remoteViewsTwiddler: feature disabled.
08-20 23:43:13.228   642   642 D BatterySaverPolicy: accessibility changed to false, updating policy.
08-20 23:43:13.228  1655  1820 I AiAiEcho: Predicting[0]:  [CONTEXT sampling_count=5 ]
08-20 23:43:13.228  1655  1820 I AiAiEcho: EchoTargets: 
08-20 23:43:13.228  1655  1820 I AiAiEcho: Filtered by AiAi flag check: 
08-20 23:43:13.228  1655  1820 I AiAiEcho: [CONTEXT ratelimit_period="10 SECONDS" ]
08-20 23:43:13.228  1655  1820 I AiAiEcho: #remoteViewsTwiddler: feature disabled.
08-20 23:43:13.228  1655  1820 I AiAiEcho: Predicting[0]:  [CONTEXT sampling_count=5 ]
08-20 23:43:13.228  1655  1820 I AiAiEcho: EchoTargets: 
08-20 23:43:13.228  1655  1820 I AiAiEcho: Filtered by AiAi flag check: 
08-20 23:43:13.228  1655  1820 I AiAiEcho: [CONTEXT ratelimit_period="10 SECONDS" ]
08-20 23:43:13.228  1655  1820 I AiAiEcho: #remoteViewsTwiddler: feature disabled.
08-20 23:43:13.229  1655  1820 I AiAiEcho: #postPredictionTargets: Sending updates to UISurface lockscreen with targets# 0 (types=[])
08-20 23:43:13.229  1655  1820 I AiAiEcho: #postPredictionTargets: Sending updates to UISurface ambientcue with targets# 0 (types=[])
08-20 23:43:13.229  1655  1820 I AiAiEcho: #postPredictionTargets: Sending updates to UISurface home with targets# 0 (types=[])
08-20 23:43:13.229   894  1154 I AmbientCueRepository: Receiving SmartSpace targets # 0
08-20 23:43:13.229 13313 13313 D AndroidRuntime: Shutting down VM
08-20 23:43:13.230 13313 13322 W libbinder.IPCThreadState: call to talkWithDriver in joinThreadPool returned error: -9 (Bad file descriptor), FD: -1
08-20 23:43:13.230 13313 13326 W libbinder.IPCThreadState: call to talkWithDriver in joinThreadPool returned error: -9 (Bad file descriptor), FD: -1
08-20 23:43:13.230 13313 13323 W libbinder.IPCThreadState: call to talkWithDriver in joinThreadPool returned error: -9 (Bad file descriptor), FD: -1
08-20 23:43:13.285   477   577 W skia    : AGTM parsing failed flags.readFromStream(s) at 159
08-20 23:43:13.285   477   577 W skia    : AGTM parsing failed flags.readFromStream(s) at 159
08-20 23:43:13.392   477   577 W skia    : AGTM parsing failed flags.readFromStream(s) at 159
08-20 23:43:13.392   477   577 W skia    : AGTM parsing failed flags.readFromStream(s) at 159
08-20 23:43:13.492   477   577 W skia    : AGTM parsing failed flags.readFromStream(s) at 159
08-20 23:43:13.492   477   577 W skia    : AGTM parsing failed flags.readFromStream(s) at 159
08-20 23:43:13.593   477   577 W skia    : AGTM parsing failed flags.readFromStream(s) at 159
08-20 23:43:13.593   477   577 W skia    : AGTM parsing failed flags.readFromStream(s) at 159
08-20 23:43:13.693   477   577 W skia    : AGTM parsing failed flags.readFromStream(s) at 159
08-20 23:43:13.693   477   577 W skia    : AGTM parsing failed flags.readFromStream(s) at 159
08-20 23:43:13.795   477   577 W skia    : AGTM parsing failed flags.readFromStream(s) at 159
08-20 23:43:13.795   477   577 W skia    : AGTM parsing failed flags.readFromStream(s) at 159
08-20 23:43:13.895   477   577 W skia    : AGTM parsing failed flags.readFromStream(s) at 159
08-20 23:43:13.895   477   577 W skia    : AGTM parsing failed flags.readFromStream(s) at 159
08-20 23:43:13.996   477   577 W skia    : AGTM parsing failed flags.readFromStream(s) at 159
08-20 23:43:13.996   477   577 W skia    : AGTM parsing failed flags.readFromStream(s) at 159
08-20 23:43:14.051   479   479 I adbd    : adbd service requested 'exec:cat '/sdcard/uinav-3460e5ca54884b3d83de900a5eb2910f.xml''
08-20 23:43:14.070   479   479 I adbd    : adbd service requested 'shell,v2,TERM=xterm-256color,raw:rm -f /sdcard/uinav-3460e5ca54884b3d83de900a5eb2910f.xml'
08-20 23:43:14.077  1618  1802 I MediaProvider: Deleted 0 0 0 0 0 0 1 items on external_primary due to com.android.shell
08-20 23:43:14.097   477   577 W skia    : AGTM parsing failed flags.readFromStream(s) at 159
08-20 23:43:14.097   477   577 W skia    : AGTM parsing failed flags.readFromStream(s) at 159
08-20 23:43:14.198   477   577 W skia    : AGTM parsing failed flags.readFromStream(s) at 159
08-20 23:43:14.198   477   577 W skia    : AGTM parsing failed flags.readFromStream(s) at 159
08-20 23:43:14.299   477   577 W skia    : AGTM parsing failed flags.readFromStream(s) at 159
08-20 23:43:14.299   477   577 W skia    : AGTM parsing failed flags.readFromStream(s) at 159
08-20 23:43:14.400   477   577 W skia    : AGTM parsing failed flags.readFromStream(s) at 159
08-20 23:43:14.400   477   577 W skia    : AGTM parsing failed flags.readFromStream(s) at 159
08-20 23:43:14.501   477   577 W skia    : AGTM parsing failed flags.readFromStream(s) at 159
08-20 23:43:14.501   477   577 W skia    : AGTM parsing failed flags.readFromStream(s) at 159
08-20 23:43:14.601   477   577 W skia    : AGTM parsing failed flags.readFromStream(s) at 159
08-20 23:43:14.601   477   577 W skia    : AGTM parsing failed flags.readFromStream(s) at 159
08-20 23:43:14.710   477   577 W skia    : AGTM parsing failed flags.readFromStream(s) at 159
08-20 23:43:14.710   477   577 W skia    : AGTM parsing failed flags.readFromStream(s) at 159
08-20 23:43:14.812   477   577 W skia    : AGTM parsing failed flags.readFromStream(s) at 159
08-20 23:43:14.812   477   577 W skia    : AGTM parsing failed flags.readFromStream(s) at 159
08-20 23:43:14.913   477   577 W skia    : AGTM parsing failed flags.readFromStream(s) at 159
08-20 23:43:14.913   477   577 W skia    : AGTM parsing failed flags.readFromStream(s) at 159
08-20 23:43:15.014   477   577 W skia    : AGTM parsing failed flags.readFromStream(s) at 159
08-20 23:43:15.014   477   577 W skia    : AGTM parsing failed flags.readFromStream(s) at 159
08-20 23:43:15.067   880   880 I wpa_supplicant: wlan0: CTRL-EVENT-BEACON-LOSS 
08-20 23:43:15.115   477   577 W skia    : AGTM parsing failed flags.readFromStream(s) at 159
08-20 23:43:15.115   477   577 W skia    : AGTM parsing failed flags.readFromStream(s) at 159
08-20 23:43:15.204   642   793 I HalDevMgr: bestIfaceCreationProposal is null, requestIface=STA, existingIface=[name=wlan0 type=STA]
08-20 23:43:15.205   999  1120 D IpClient/wlan0: interfaceLinkStateChanged: ifindex 16 up
08-20 23:43:15.208   999  1120 D IpClient/wlan0: interfaceLinkStateChanged: ifindex 16 up
08-20 23:43:15.215   477   577 W skia    : AGTM parsing failed flags.readFromStream(s) at 159
08-20 23:43:15.215   477   577 W skia    : AGTM parsing failed flags.readFromStream(s) at 159
08-20 23:43:15.316   477   577 W skia    : AGTM parsing failed flags.readFromStream(s) at 159
08-20 23:43:15.316   477   577 W skia    : AGTM parsing failed flags.readFromStream(s) at 159
08-20 23:43:15.417   477   577 W skia    : AGTM parsing failed flags.readFromStream(s) at 159
08-20 23:43:15.417   477   577 W skia    : AGTM parsing failed flags.readFromStream(s) at 159
08-20 23:43:15.517   477   577 W skia    : AGTM parsing failed flags.readFromStream(s) at 159
08-20 23:43:15.517   477   577 W skia    : AGTM parsing failed flags.readFromStream(s) at 159
08-20 23:43:15.624   477   577 W skia    : AGTM parsing failed flags.readFromStream(s) at 159
08-20 23:43:15.624   477   577 W skia    : AGTM parsing failed flags.readFromStream(s) at 159
08-20 23:43:15.726   477   577 W skia    : AGTM parsing failed flags.readFromStream(s) at 159
08-20 23:43:15.726   477   577 W skia    : AGTM parsing failed flags.readFromStream(s) at 159
08-20 23:43:15.826   477   577 W skia    : AGTM parsing failed flags.readFromStream(s) at 159
08-20 23:43:15.826   477   577 W skia    : AGTM parsing failed flags.readFromStream(s) at 159
08-20 23:43:15.927   477   577 W skia    : AGTM parsing failed flags.readFromStream(s) at 159
08-20 23:43:15.927   477   577 W skia    : AGTM parsing failed flags.readFromStream(s) at 159
08-20 23:43:16.027   477   577 W skia    : AGTM parsing failed flags.readFromStream(s) at 159
08-20 23:43:16.027   477   577 W skia    : AGTM parsing failed flags.readFromStream(s) at 159
08-20 23:43:16.128   477   577 W skia    : AGTM parsing failed flags.readFromStream(s) at 159
08-20 23:43:16.128   477   577 W skia    : AGTM parsing failed flags.readFromStream(s) at 159
08-20 23:43:16.228   477   577 W skia    : AGTM parsing failed flags.readFromStream(s) at 159
08-20 23:43:16.228   477   577 W skia    : AGTM parsing failed flags.readFromStream(s) at 159
08-20 23:43:16.328   477   577 W skia    : AGTM parsing failed flags.readFromStream(s) at 159
08-20 23:43:16.328   477   577 W skia    : AGTM parsing failed flags.readFromStream(s) at 159
08-20 23:43:16.384  5388  5388 D BoundBrokerSvc: onUnbind: Intent { act=com.google.android.gms.onboardingconsent.api.ConsentManagerApiService.START dat=chimera-action:/... xflg=0x4 cmp=com.google.android.gms/.chimera.GmsApiService }
08-20 23:43:16.384  5388  5388 D BoundBrokerSvc: onUnbind: Intent { act=com.google.android.gms.audit.service.START xflg=0x4 pkg=com.google.android.gms }
08-20 23:43:16.420   642   799 D InetDiagMessage: Destroyed 0 sockets, proto=IPPROTO_TCP, family=AF_INET, states=14
08-20 23:43:16.420   642   799 D InetDiagMessage: Destroyed 0 sockets, proto=IPPROTO_TCP, family=AF_INET6, states=14
08-20 23:43:16.420   642   799 D InetDiagMessage: Destroyed live tcp sockets for uids={10171} in 0ms
08-20 23:43:16.421   642   799 D InetDiagMessage: Destroyed 0 sockets, proto=IPPROTO_TCP, family=AF_INET, states=14
08-20 23:43:16.421   642   799 D InetDiagMessage: Destroyed 0 sockets, proto=IPPROTO_TCP, family=AF_INET6, states=14
08-20 23:43:16.421   642   799 D InetDiagMessage: Destroyed live tcp sockets for uids={20171} in 0ms
08-20 23:43:16.428   477   577 W skia    : AGTM parsing failed flags.readFromStream(s) at 159
08-20 23:43:16.428   477   577 W skia    : AGTM parsing failed flags.readFromStream(s) at 159
08-20 23:43:16.449  5388  5388 D BoundBrokerSvc: onUnbind: Intent { act=com.google.android.gms.feedback.internal.IFeedbackService dat=chimera-action:/... xflg=0x4 cmp=com.google.android.gms/.chimera.GmsBoundBrokerService }
08-20 23:43:16.488  1285  1285 D BoundBrokerSvc: onUnbind: Intent { act=com.google.android.gms.clearcut.sampler.service.START dat=chimera-action:/... xflg=0x4 cmp=com.google.android.gms/.chimera.PersistentDirectBootAwareApiService }
08-20 23:43:16.529   477   577 W skia    : AGTM parsing failed flags.readFromStream(s) at 159
08-20 23:43:16.529   477   577 W skia    : AGTM parsing failed flags.readFromStream(s) at 159
08-20 23:43:16.629   477   577 W skia    : AGTM parsing failed flags.readFromStream(s) at 159
08-20 23:43:16.629   477   577 W skia    : AGTM parsing failed flags.readFromStream(s) at 159
08-20 23:43:16.703   311 13281 I keystore2: system/security/keystore2/watchdog/src/lib.rs:371 - Watchdog thread idle -> terminating. Have a great day.
08-20 23:43:16.729   477   577 W skia    : AGTM parsing failed flags.readFromStream(s) at 159
08-20 23:43:16.729   477   577 W skia    : AGTM parsing failed flags.readFromStream(s) at 159
08-20 23:43:16.830   477   577 W skia    : AGTM parsing failed flags.readFromStream(s) at 159
08-20 23:43:16.830   477   577 W skia    : AGTM parsing failed flags.readFromStream(s) at 159
08-20 23:43:16.931   477   577 W skia    : AGTM parsing failed flags.readFromStream(s) at 159
08-20 23:43:16.931   477   577 W skia    : AGTM parsing failed flags.readFromStream(s) at 159
08-20 23:43:17.032   477   577 W skia    : AGTM parsing failed flags.readFromStream(s) at 159
08-20 23:43:17.032   477   577 W skia    : AGTM parsing failed flags.readFromStream(s) at 159
08-20 23:43:17.132   477   577 W skia    : AGTM parsing failed flags.readFromStream(s) at 159
08-20 23:43:17.132   477   577 W skia    : AGTM parsing failed flags.readFromStream(s) at 159
08-20 23:43:17.234   477   577 W skia    : AGTM parsing failed flags.readFromStream(s) at 159
08-20 23:43:17.234   477   577 W skia    : AGTM parsing failed flags.readFromStream(s) at 159
08-20 23:43:17.334   477   577 W skia    : AGTM parsing failed flags.readFromStream(s) at 159
08-20 23:43:17.334   477   577 W skia    : AGTM parsing failed flags.readFromStream(s) at 159
08-20 23:43:17.435   477   577 W skia    : AGTM parsing failed flags.readFromStream(s) at 159
08-20 23:43:17.435   477   577 W skia    : AGTM parsing failed flags.readFromStream(s) at 159
08-20 23:43:17.541   477   577 W skia    : AGTM parsing failed flags.readFromStream(s) at 159
08-20 23:43:17.541   477   577 W skia    : AGTM parsing failed flags.readFromStream(s) at 159
08-20 23:43:17.642   477   577 W skia    : AGTM parsing failed flags.readFromStream(s) at 159
08-20 23:43:17.642   477   577 W skia    : AGTM parsing failed flags.readFromStream(s) at 159
08-20 23:43:17.742   477   577 W skia    : AGTM parsing failed flags.readFromStream(s) at 159
08-20 23:43:17.742   477   577 W skia    : AGTM parsing failed flags.readFromStream(s) at 159
08-20 23:43:17.763  5388  5388 D BoundBrokerSvc: onUnbind: Intent { act=com.google.android.gms.measurement.START xflg=0x4 pkg=com.google.android.gms }
08-20 23:43:17.843   477   577 W skia    : AGTM parsing failed flags.readFromStream(s) at 159
08-20 23:43:17.843   477   577 W skia    : AGTM parsing failed flags.readFromStream(s) at 159
08-20 23:43:17.944   477   577 W skia    : AGTM parsing failed flags.readFromStream(s) at 159
08-20 23:43:17.944   477   577 W skia    : AGTM parsing failed flags.readFromStream(s) at 159
08-20 23:43:18.045   477   577 W skia    : AGTM parsing failed flags.readFromStream(s) at 159
08-20 23:43:18.045   477   577 W skia    : AGTM parsing failed flags.readFromStream(s) at 159
08-20 23:43:18.146   477   577 W skia    : AGTM parsing failed flags.readFromStream(s) at 159
08-20 23:43:18.146   477   577 W skia    : AGTM parsing failed flags.readFromStream(s) at 159
08-20 23:43:18.209   642   793 I HalDevMgr: bestIfaceCreationProposal is null, requestIface=STA, existingIface=[name=wlan0 type=STA]
08-20 23:43:18.248   477   577 W skia    : AGTM parsing failed flags.readFromStream(s) at 159
08-20 23:43:18.248   477   577 W skia    : AGTM parsing failed flags.readFromStream(s) at 159
08-20 23:43:18.348   477   577 W skia    : AGTM parsing failed flags.readFromStream(s) at 159
08-20 23:43:18.348   477   577 W skia    : AGTM parsing failed flags.readFromStream(s) at 159
08-20 23:43:18.448   477   577 W skia    : AGTM parsing failed flags.readFromStream(s) at 159
08-20 23:43:18.448   477   577 W skia    : AGTM parsing failed flags.readFromStream(s) at 159
08-20 23:43:18.534   479   479 I adbd    : adbd service requested 'shell,v2,TERM=xterm-256color:export ANDROID_LOG_TAGS=''; exec logcat '-d' '-v' 'threadtime''
