--------- beginning of main
09-13 04:59:03.205 D/SatelliteController( 1026): isInCarrierRoamingNbIotNtn: satellite is disabled
09-13 04:59:03.205 D/SatelliteController( 1026): getCarrierRoamingNtnConnectType: Checking connect type from PLMN config for subId: 1
09-13 04:59:03.205 D/TelephonyConfigUpdateInstallReceiver( 1026): getConfigParser: domain=satellite
09-13 04:59:03.205 V/SatelliteController( 1026): satelliteConfigParser is not ready
09-13 04:59:03.205 D/SatelliteController( 1026): isSatelliteAttachSupportedViaConfigupdater: return null (satelliteConfig is null)
09-13 04:59:03.205 D/SatelliteController( 1026): getSatellitePerPlmnConfiguration: invalid subId or not supported via carrier.
09-13 04:59:03.205 D/SatelliteController( 1026): getCarrierRoamingNtnConnectType: config: null
09-13 04:59:03.205 D/TelephonyConfigUpdateInstallReceiver( 1026): getConfigParser: domain=satellite
09-13 04:59:03.205 V/SatelliteController( 1026): satelliteConfigParser is not ready
09-13 04:59:03.205 D/SatelliteController( 1026): getCarrierRoamingNtnConnectTypeViaConfigUpdater: return null (satelliteConfig is null)
09-13 04:59:03.205 D/SatelliteController( 1026): getCarrierRoamingNtnConnectType: Falling back to global carrier config connect type: 0
09-13 04:59:03.205 D/TelephonyConfigUpdateInstallReceiver( 1026): getConfigParser: domain=satellite
09-13 04:59:03.205 V/SatelliteController( 1026): satelliteConfigParser is not ready
09-13 04:59:03.205 D/SatelliteController( 1026): isSatelliteAttachSupportedViaConfigupdater: return null (satelliteConfig is null)
09-13 04:59:03.205 D/SatelliteController( 1026): getCarrierRoamingNtnConnectType: Checking connect type from PLMN config for subId: 1
09-13 04:59:03.205 D/TelephonyConfigUpdateInstallReceiver( 1026): getConfigParser: domain=satellite
09-13 04:59:03.205 V/SatelliteController( 1026): satelliteConfigParser is not ready
09-13 04:59:03.205 D/SatelliteController( 1026): isSatelliteAttachSupportedViaConfigupdater: return null (satelliteConfig is null)
09-13 04:59:03.205 D/SatelliteController( 1026): getSatellitePerPlmnConfiguration: invalid subId or not supported via carrier.
09-13 04:59:03.205 D/SatelliteController( 1026): getCarrierRoamingNtnConnectType: config: null
09-13 04:59:03.205 D/TelephonyConfigUpdateInstallReceiver( 1026): getConfigParser: domain=satellite
09-13 04:59:03.205 V/SatelliteController( 1026): satelliteConfigParser is not ready
09-13 04:59:03.205 D/SatelliteController( 1026): getCarrierRoamingNtnConnectTypeViaConfigUpdater: return null (satelliteConfig is null)
09-13 04:59:03.205 D/SatelliteController( 1026): getCarrierRoamingNtnConnectType: Falling back to global carrier config connect type: 0
09-13 04:59:03.205 D/TelephonyConfigUpdateInstallReceiver( 1026): getConfigParser: domain=satellite
09-13 04:59:03.205 V/SatelliteController( 1026): satelliteConfigParser is not ready
09-13 04:59:03.205 D/SatelliteController( 1026): isSatelliteAttachSupportedViaConfigupdater: return null (satelliteConfig is null)
09-13 04:59:05.595 I/HalDevMgr(  647): bestIfaceCreationProposal is null, requestIface=STA, existingIface=[name=wlan0 type=STA]
09-13 04:59:06.053 I/adbd    (  487): adbd service requested 'shell,v2,TERM=xterm-256color:export ANDROID_LOG_TAGS=''; exec logcat '-v' 'time''
09-13 04:59:07.829 I/adbd    (  487): adbd service requested 'shell,v2,TERM=xterm-256color,raw:dumpsys package com.google.android.gms'
09-13 04:59:07.853 I/wpa_supplicant(25902): wlan0: CTRL-EVENT-BEACON-LOSS 
09-13 04:59:07.865 I/artd    ( 3771): GetBestInfo: odex next to the dex file (/data/app/~~lv0q5pv-ROGo4oWbcO66Yg==/com.google.android.gms-c0up8V4kI87sxgeZJUDS8Q==/oat/arm64/base.odex) is kOatUpToDate with filter 'speed-profile' executable 'false'
09-13 04:59:07.865 I/artd    ( 3771): GetBestInfo: dm (/data/app/~~lv0q5pv-ROGo4oWbcO66Yg==/com.google.android.gms-c0up8V4kI87sxgeZJUDS8Q==/split_AdsDynamite_installtime.dm) is kOatUpToDate with filter 'verify' executable 'false'
09-13 04:59:07.866 I/artd    ( 3771): GetBestInfo: odex next to the dex file (/data/app/~~lv0q5pv-ROGo4oWbcO66Yg==/com.google.android.gms-c0up8V4kI87sxgeZJUDS8Q==/oat/arm64/split_CronetDynamite_installtime.odex) is kOatUpToDate with filter 'speed-profile' executable 'false'
09-13 04:59:07.867 I/artd    ( 3771): GetBestInfo: dm (/data/app/~~lv0q5pv-ROGo4oWbcO66Yg==/com.google.android.gms-c0up8V4kI87sxgeZJUDS8Q==/split_DynamiteLoader_installtime.dm) is kOatUpToDate with filter 'verify' executable 'false'
09-13 04:59:07.867 I/artd    ( 3771): GetBestInfo: dm (/data/app/~~lv0q5pv-ROGo4oWbcO66Yg==/com.google.android.gms-c0up8V4kI87sxgeZJUDS8Q==/split_DynamiteModulesA_installtime.dm) is kOatUpToDate with filter 'verify' executable 'false'
09-13 04:59:07.868 I/artd    ( 3771): GetBestInfo: dm (/data/app/~~lv0q5pv-ROGo4oWbcO66Yg==/com.google.android.gms-c0up8V4kI87sxgeZJUDS8Q==/split_DynamiteModulesC_installtime.dm) is kOatUpToDate with filter 'verify' executable 'false'
09-13 04:59:07.868 I/artd    ( 3771): GetBestInfo: dm (/data/app/~~lv0q5pv-ROGo4oWbcO66Yg==/com.google.android.gms-c0up8V4kI87sxgeZJUDS8Q==/split_GoogleCertificates_installtime.dm) is kOatUpToDate with filter 'verify' executable 'false'
09-13 04:59:07.869 I/artd    ( 3771): GetBestInfo: dm (/data/app/~~lv0q5pv-ROGo4oWbcO66Yg==/com.google.android.gms-c0up8V4kI87sxgeZJUDS8Q==/split_MapsDynamite_installtime.dm) is kOatUpToDate with filter 'verify' executable 'false'
09-13 04:59:07.870 I/artd    ( 3771): GetBestInfo: dm (/data/app/~~lv0q5pv-ROGo4oWbcO66Yg==/com.google.android.gms-c0up8V4kI87sxgeZJUDS8Q==/split_MeasurementDynamite_installtime.dm) is kOatUpToDate with filter 'verify' executable 'false'
09-13 04:59:07.870 I/artd    ( 3771): GetBestInfo: /data/user_de/0/com.google.android.gms/app_chimera/m/00000001/CronetDynamite.apk has no usable artifacts
09-13 04:59:07.870 I/artd    ( 3771): GetBestInfo: /data/user_de/0/com.google.android.gms/app_chimera/m/00000002/DynamiteLoader.apk has no usable artifacts
09-13 04:59:07.870 I/artd    ( 3771): GetBestInfo: /data/user_de/0/com.google.android.gms/app_chimera/m/00000006/MapsDynamite.apk has no usable artifacts
09-13 04:59:07.872 I/artd    ( 3771): GetBestInfo: vdex next to the dex file (/data/user/0/com.google.android.gms/app_dg_cache/AEB5BC832EBF3852F39BA4BE495DD40566104436/oat/arm64/the.vdex) is kOatUpToDate with filter 'verify' executable 'false'
09-13 04:59:07.872 I/artd    ( 3771): GetBestInfo: /data/user_de/0/com.google.android.gms/app_chimera/m/00000005/GoogleCertificates.apk has no usable artifacts
09-13 04:59:07.872 I/artd    ( 3771): GetBestInfo: /data/user_de/0/com.google.android.gms/app_chimera/m/00000014/dl-TfliteDynamiteDynamite.integ_260580502100400.apk has no usable artifacts
09-13 04:59:07.873 I/artd    ( 3771): GetBestInfo: /data/user_de/0/com.google.android.gms/app_chimera/m/00000011/dl-MlkitBarcodeUi.optional_263234100400.apk has no usable artifacts
09-13 04:59:07.873 I/artd    ( 3771): GetBestInfo: /data/user_de/0/com.google.android.gms/app_chimera/m/0000000c/dl-VisionOcr.optional_261136100000.apk has no usable artifacts
09-13 04:59:07.874 I/artd    ( 3771): GetBestInfo: /data/user_de/0/com.google.android.gms/app_chimera/m/00000009/dl-TfliteDynamiteDynamite.integ_262730502100400.apk has no usable artifacts
09-13 04:59:07.875 I/artd    ( 3771): GetBestInfo: /data/user_de/0/com.google.android.gms/app_chimera/m/0000000f/dl-PlayCloudSearch.optional_261136100000.apk has no usable artifacts
09-13 04:59:07.875 I/artd    ( 3771): GetBestInfo: /data/user_de/0/com.google.android.gms/app_chimera/m/0000000b/dl-MlkitOcrCommon.optional_261136100400.apk has no usable artifacts
09-13 04:59:07.876 I/artd    ( 3771): GetBestInfo: /data/user_de/0/com.google.android.gms/app_chimera/m/00000018/dl-MapsCoreDynamite.integ_260830204100400.apk has no usable artifacts
09-13 04:59:07.876 I/artd    ( 3771): GetBestInfo: /data/user_de/0/com.google.android.gms/app_chimera/m/00000015/dl-PlayCloudSearch.optional_263234100000.apk has no usable artifacts
09-13 04:59:07.877 I/artd    ( 3771): GetBestInfo: /data/user_de/0/com.google.android.gms/app_chimera/m/00000016/dl-VisionOcr.optional_263234100000.apk has no usable artifacts
09-13 04:59:07.878 I/artd    ( 3771): GetBestInfo: /data/user_de/0/com.google.android.gms/app_chimera/m/00000012/dl-MlkitOcrCommon.optional_263234100400.apk has no usable artifacts
09-13 04:59:07.878 I/artd    ( 3771): GetBestInfo: /data/user_de/0/com.google.android.gms/app_chimera/m/0000000d/dl-IdentityCredentialsPlatform.optional_261136100400.apk has no usable artifacts
09-13 04:59:07.879 I/artd    ( 3771): GetBestInfo: /data/user_de/0/com.google.android.gms/app_chimera/m/00000013/dl-Appsearch.optional_263234100400.apk has no usable artifacts
09-13 04:59:07.880 I/artd    ( 3771): GetBestInfo: vdex next to the dex file (/data/user/0/com.google.android.gms/app_dg_cache/6EF5C2E3C39D601B699E493E3C02879B45CBDB40/oat/arm64/the.vdex) is kOatUpToDate with filter 'verify' executable 'false'
09-13 04:59:07.880 I/artd    ( 3771): GetBestInfo: /data/user_de/0/com.google.android.gms/app_chimera/m/00000007/MeasurementDynamite.apk has no usable artifacts
09-13 04:59:07.880 I/artd    ( 3771): GetBestInfo: /data/user_de/0/com.google.android.gms/app_chimera/m/00000017/dl-IdentityCredentialsPlatform.optional_263234100400.apk has no usable artifacts
09-13 04:59:07.881 I/artd    ( 3771): GetBestInfo: /data/user_de/0/com.google.android.gms/app_chimera/m/0000000a/dl-MlkitBarcodeUi.optional_261136100400.apk has no usable artifacts
09-13 04:59:08.600 I/HalDevMgr(  647): bestIfaceCreationProposal is null, requestIface=STA, existingIface=[name=wlan0 type=STA]
09-13 04:59:11.377 I/adbd    (  487): adbd service requested 'shell,v2,TERM=xterm-256color,raw:getprop'
09-13 04:59:11.605 I/HalDevMgr(  647): bestIfaceCreationProposal is null, requestIface=STA, existingIface=[name=wlan0 type=STA]
09-13 04:59:12.955 I/adbd    (  487): adbd service requested 'shell:logcat -v time -t 1'
09-13 04:59:12.973 I/adbd    (  487): adbd service requested 'shell:logcat -v time -T '09-13 04:59:12.955''
09-13 04:59:13.208 D/SatelliteController( 1026): isInCarrierRoamingNbIotNtn: satellite is disabled
09-13 04:59:13.208 D/SatelliteController( 1026): getCarrierRoamingNtnConnectType: Checking connect type from PLMN config for subId: 1
09-13 04:59:13.208 D/TelephonyConfigUpdateInstallReceiver( 1026): getConfigParser: domain=satellite
09-13 04:59:13.208 V/SatelliteController( 1026): satelliteConfigParser is not ready
09-13 04:59:13.208 D/SatelliteController( 1026): isSatelliteAttachSupportedViaConfigupdater: return null (satelliteConfig is null)
09-13 04:59:13.208 D/SatelliteController( 1026): getSatellitePerPlmnConfiguration: invalid subId or not supported via carrier.
09-13 04:59:13.208 D/SatelliteController( 1026): getCarrierRoamingNtnConnectType: config: null
09-13 04:59:13.208 D/TelephonyConfigUpdateInstallReceiver( 1026): getConfigParser: domain=satellite
09-13 04:59:13.208 V/SatelliteController( 1026): satelliteConfigParser is not ready
09-13 04:59:13.208 D/SatelliteController( 1026): getCarrierRoamingNtnConnectTypeViaConfigUpdater: return null (satelliteConfig is null)
09-13 04:59:13.208 D/SatelliteController( 1026): getCarrierRoamingNtnConnectType: Falling back to global carrier config connect type: 0
09-13 04:59:13.208 D/TelephonyConfigUpdateInstallReceiver( 1026): getConfigParser: domain=satellite
09-13 04:59:13.208 V/SatelliteController( 1026): satelliteConfigParser is not ready
09-13 04:59:13.208 D/SatelliteController( 1026): isSatelliteAttachSupportedViaConfigupdater: return null (satelliteConfig is null)
09-13 04:59:13.208 D/SatelliteController( 1026): getCarrierRoamingNtnConnectType: Checking connect type from PLMN config for subId: 1
09-13 04:59:13.208 D/TelephonyConfigUpdateInstallReceiver( 1026): getConfigParser: domain=satellite
09-13 04:59:13.208 V/SatelliteController( 1026): satelliteConfigParser is not ready
09-13 04:59:13.208 D/SatelliteController( 1026): isSatelliteAttachSupportedViaConfigupdater: return null (satelliteConfig is null)
09-13 04:59:13.208 D/SatelliteController( 1026): getSatellitePerPlmnConfiguration: invalid subId or not supported via carrier.
09-13 04:59:13.208 D/SatelliteController( 1026): getCarrierRoamingNtnConnectType: config: null
09-13 04:59:13.208 D/TelephonyConfigUpdateInstallReceiver( 1026): getConfigParser: domain=satellite
09-13 04:59:13.208 V/SatelliteController( 1026): satelliteConfigParser is not ready
09-13 04:59:13.208 D/SatelliteController( 1026): getCarrierRoamingNtnConnectTypeViaConfigUpdater: return null (satelliteConfig is null)
09-13 04:59:13.208 D/SatelliteController( 1026): getCarrierRoamingNtnConnectType: Falling back to global carrier config connect type: 0
09-13 04:59:13.208 D/TelephonyConfigUpdateInstallReceiver( 1026): getConfigParser: domain=satellite
09-13 04:59:13.208 V/SatelliteController( 1026): satelliteConfigParser is not ready
09-13 04:59:13.208 D/SatelliteController( 1026): isSatelliteAttachSupportedViaConfigupdater: return null (satelliteConfig is null)
09-13 04:59:13.238 W/skia    (  481): AGTM parsing failed flags.readFromStream(s) at 159
09-13 04:59:13.238 W/skia    (  481): AGTM parsing failed flags.readFromStream(s) at 159
09-13 04:59:14.613 I/HalDevMgr(  647): bestIfaceCreationProposal is null, requestIface=STA, existingIface=[name=wlan0 type=STA]
09-13 04:59:15.789 I/wpa_supplicant(25902): wlan0: CTRL-EVENT-BEACON-LOSS 
09-13 04:59:17.620 I/HalDevMgr(  647): bestIfaceCreationProposal is null, requestIface=STA, existingIface=[name=wlan0 type=STA]
09-13 04:59:17.821 I/adbd    (  487): adbd service requested 'shell,v2,TERM=xterm-256color,raw:dumpsys package com.google.android.gms'
09-13 04:59:17.850 I/artd    ( 3771): GetBestInfo: odex next to the dex file (/data/app/~~lv0q5pv-ROGo4oWbcO66Yg==/com.google.android.gms-c0up8V4kI87sxgeZJUDS8Q==/oat/arm64/base.odex) is kOatUpToDate with filter 'speed-profile' executable 'false'
09-13 04:59:17.851 I/artd    ( 3771): GetBestInfo: dm (/data/app/~~lv0q5pv-ROGo4oWbcO66Yg==/com.google.android.gms-c0up8V4kI87sxgeZJUDS8Q==/split_AdsDynamite_installtime.dm) is kOatUpToDate with filter 'verify' executable 'false'
09-13 04:59:17.852 I/artd    ( 3771): GetBestInfo: odex next to the dex file (/data/app/~~lv0q5pv-ROGo4oWbcO66Yg==/com.google.android.gms-c0up8V4kI87sxgeZJUDS8Q==/oat/arm64/split_CronetDynamite_installtime.odex) is kOatUpToDate with filter 'speed-profile' executable 'false'
09-13 04:59:17.853 I/artd    ( 3771): GetBestInfo: dm (/data/app/~~lv0q5pv-ROGo4oWbcO66Yg==/com.google.android.gms-c0up8V4kI87sxgeZJUDS8Q==/split_DynamiteLoader_installtime.dm) is kOatUpToDate with filter 'verify' executable 'false'
09-13 04:59:17.853 I/artd    ( 3771): GetBestInfo: dm (/data/app/~~lv0q5pv-ROGo4oWbcO66Yg==/com.google.android.gms-c0up8V4kI87sxgeZJUDS8Q==/split_DynamiteModulesA_installtime.dm) is kOatUpToDate with filter 'verify' executable 'false'
09-13 04:59:17.854 I/artd    ( 3771): GetBestInfo: dm (/data/app/~~lv0q5pv-ROGo4oWbcO66Yg==/com.google.android.gms-c0up8V4kI87sxgeZJUDS8Q==/split_DynamiteModulesC_installtime.dm) is kOatUpToDate with filter 'verify' executable 'false'
09-13 04:59:17.855 I/artd    ( 3771): GetBestInfo: dm (/data/app/~~lv0q5pv-ROGo4oWbcO66Yg==/com.google.android.gms-c0up8V4kI87sxgeZJUDS8Q==/split_GoogleCertificates_installtime.dm) is kOatUpToDate with filter 'verify' executable 'false'
09-13 04:59:17.856 I/artd    ( 3771): GetBestInfo: dm (/data/app/~~lv0q5pv-ROGo4oWbcO66Yg==/com.google.android.gms-c0up8V4kI87sxgeZJUDS8Q==/split_MapsDynamite_installtime.dm) is kOatUpToDate with filter 'verify' executable 'false'
09-13 04:59:17.857 I/artd    ( 3771): GetBestInfo: dm (/data/app/~~lv0q5pv-ROGo4oWbcO66Yg==/com.google.android.gms-c0up8V4kI87sxgeZJUDS8Q==/split_MeasurementDynamite_installtime.dm) is kOatUpToDate with filter 'verify' executable 'false'
09-13 04:59:17.858 I/artd    ( 3771): GetBestInfo: /data/user_de/0/com.google.android.gms/app_chimera/m/00000001/CronetDynamite.apk has no usable artifacts
09-13 04:59:17.858 I/artd    ( 3771): GetBestInfo: /data/user_de/0/com.google.android.gms/app_chimera/m/00000002/DynamiteLoader.apk has no usable artifacts
09-13 04:59:17.858 I/artd    ( 3771): GetBestInfo: /data/user_de/0/com.google.android.gms/app_chimera/m/00000006/MapsDynamite.apk has no usable artifacts
09-13 04:59:17.859 I/artd    ( 3771): GetBestInfo: vdex next to the dex file (/data/user/0/com.google.android.gms/app_dg_cache/AEB5BC832EBF3852F39BA4BE495DD40566104436/oat/arm64/the.vdex) is kOatUpToDate with filter 'verify' executable 'false'
09-13 04:59:17.859 I/artd    ( 3771): GetBestInfo: /data/user_de/0/com.google.android.gms/app_chimera/m/00000005/GoogleCertificates.apk has no usable artifacts
09-13 04:59:17.860 I/artd    ( 3771): GetBestInfo: /data/user_de/0/com.google.android.gms/app_chimera/m/00000014/dl-TfliteDynamiteDynamite.integ_260580502100400.apk has no usable artifacts
09-13 04:59:17.860 I/artd    ( 3771): GetBestInfo: /data/user_de/0/com.google.android.gms/app_chimera/m/00000011/dl-MlkitBarcodeUi.optional_263234100400.apk has no usable artifacts
09-13 04:59:17.861 I/artd    ( 3771): GetBestInfo: /data/user_de/0/com.google.android.gms/app_chimera/m/0000000c/dl-VisionOcr.optional_261136100000.apk has no usable artifacts
09-13 04:59:17.861 I/artd    ( 3771): GetBestInfo: /data/user_de/0/com.google.android.gms/app_chimera/m/00000009/dl-TfliteDynamiteDynamite.integ_262730502100400.apk has no usable artifacts
09-13 04:59:17.862 I/artd    ( 3771): GetBestInfo: /data/user_de/0/com.google.android.gms/app_chimera/m/0000000f/dl-PlayCloudSearch.optional_261136100000.apk has no usable artifacts
09-13 04:59:17.863 I/artd    ( 3771): GetBestInfo: /data/user_de/0/com.google.android.gms/app_chimera/m/0000000b/dl-MlkitOcrCommon.optional_261136100400.apk has no usable artifacts
09-13 04:59:17.863 I/artd    ( 3771): GetBestInfo: /data/user_de/0/com.google.android.gms/app_chimera/m/00000018/dl-MapsCoreDynamite.integ_260830204100400.apk has no usable artifacts
09-13 04:59:17.864 I/artd    ( 3771): GetBestInfo: /data/user_de/0/com.google.android.gms/app_chimera/m/00000015/dl-PlayCloudSearch.optional_263234100000.apk has no usable artifacts
09-13 04:59:17.864 I/artd    ( 3771): GetBestInfo: /data/user_de/0/com.google.android.gms/app_chimera/m/00000016/dl-VisionOcr.optional_263234100000.apk has no usable artifacts
09-13 04:59:17.865 I/artd    ( 3771): GetBestInfo: /data/user_de/0/com.google.android.gms/app_chimera/m/00000012/dl-MlkitOcrCommon.optional_263234100400.apk has no usable artifacts
09-13 04:59:17.866 I/artd    ( 3771): GetBestInfo: /data/user_de/0/com.google.android.gms/app_chimera/m/0000000d/dl-IdentityCredentialsPlatform.optional_261136100400.apk has no usable artifacts
09-13 04:59:17.866 I/artd    ( 3771): GetBestInfo: /data/user_de/0/com.google.android.gms/app_chimera/m/00000013/dl-Appsearch.optional_263234100400.apk has no usable artifacts
09-13 04:59:17.867 I/artd    ( 3771): GetBestInfo: vdex next to the dex file (/data/user/0/com.google.android.gms/app_dg_cache/6EF5C2E3C39D601B699E493E3C02879B45CBDB40/oat/arm64/the.vdex) is kOatUpToDate with filter 'verify' executable 'false'
09-13 04:59:17.867 I/artd    ( 3771): GetBestInfo: /data/user_de/0/com.google.android.gms/app_chimera/m/00000007/MeasurementDynamite.apk has no usable artifacts
09-13 04:59:17.868 I/artd    ( 3771): GetBestInfo: /data/user_de/0/com.google.android.gms/app_chimera/m/00000017/dl-IdentityCredentialsPlatform.optional_263234100400.apk has no usable artifacts
09-13 04:59:17.869 I/artd    ( 3771): GetBestInfo: /data/user_de/0/com.google.android.gms/app_chimera/m/0000000a/dl-MlkitBarcodeUi.optional_261136100400.apk has no usable artifacts
09-13 04:59:20.629 I/HalDevMgr(  647): bestIfaceCreationProposal is null, requestIface=STA, existingIface=[name=wlan0 type=STA]
09-13 04:59:23.218 D/SatelliteController( 1026): isInCarrierRoamingNbIotNtn: satellite is disabled
09-13 04:59:23.218 D/SatelliteController( 1026): getCarrierRoamingNtnConnectType: Checking connect type from PLMN config for subId: 1
09-13 04:59:23.218 D/TelephonyConfigUpdateInstallReceiver( 1026): getConfigParser: domain=satellite
09-13 04:59:23.218 V/SatelliteController( 1026): satelliteConfigParser is not ready
09-13 04:59:23.218 D/SatelliteController( 1026): isSatelliteAttachSupportedViaConfigupdater: return null (satelliteConfig is null)
09-13 04:59:23.218 D/SatelliteController( 1026): getSatellitePerPlmnConfiguration: invalid subId or not supported via carrier.
09-13 04:59:23.219 D/SatelliteController( 1026): getCarrierRoamingNtnConnectType: config: null
09-13 04:59:23.219 D/TelephonyConfigUpdateInstallReceiver( 1026): getConfigParser: domain=satellite
09-13 04:59:23.219 V/SatelliteController( 1026): satelliteConfigParser is not ready
09-13 04:59:23.219 D/SatelliteController( 1026): getCarrierRoamingNtnConnectTypeViaConfigUpdater: return null (satelliteConfig is null)
09-13 04:59:23.219 D/SatelliteController( 1026): getCarrierRoamingNtnConnectType: Falling back to global carrier config connect type: 0
09-13 04:59:23.219 D/TelephonyConfigUpdateInstallReceiver( 1026): getConfigParser: domain=satellite
09-13 04:59:23.219 V/SatelliteController( 1026): satelliteConfigParser is not ready
09-13 04:59:23.219 D/SatelliteController( 1026): isSatelliteAttachSupportedViaConfigupdater: return null (satelliteConfig is null)
09-13 04:59:23.219 D/SatelliteController( 1026): getCarrierRoamingNtnConnectType: Checking connect type from PLMN config for subId: 1
09-13 04:59:23.219 D/TelephonyConfigUpdateInstallReceiver( 1026): getConfigParser: domain=satellite
09-13 04:59:23.219 V/SatelliteController( 1026): satelliteConfigParser is not ready
09-13 04:59:23.219 D/SatelliteController( 1026): isSatelliteAttachSupportedViaConfigupdater: return null (satelliteConfig is null)
09-13 04:59:23.219 D/SatelliteController( 1026): getSatellitePerPlmnConfiguration: invalid subId or not supported via carrier.
09-13 04:59:23.219 D/SatelliteController( 1026): getCarrierRoamingNtnConnectType: config: null
09-13 04:59:23.219 D/TelephonyConfigUpdateInstallReceiver( 1026): getConfigParser: domain=satellite
09-13 04:59:23.219 V/SatelliteController( 1026): satelliteConfigParser is not ready
09-13 04:59:23.219 D/SatelliteController( 1026): getCarrierRoamingNtnConnectTypeViaConfigUpdater: return null (satelliteConfig is null)
09-13 04:59:23.219 D/SatelliteController( 1026): getCarrierRoamingNtnConnectType: Falling back to global carrier config connect type: 0
09-13 04:59:23.219 D/TelephonyConfigUpdateInstallReceiver( 1026): getConfigParser: domain=satellite
09-13 04:59:23.219 V/SatelliteController( 1026): satelliteConfigParser is not ready
09-13 04:59:23.219 D/SatelliteController( 1026): isSatelliteAttachSupportedViaConfigupdater: return null (satelliteConfig is null)
09-13 04:59:23.635 I/HalDevMgr(  647): bestIfaceCreationProposal is null, requestIface=STA, existingIface=[name=wlan0 type=STA]
09-13 04:59:23.981 I/wpa_supplicant(25902): wlan0: CTRL-EVENT-BEACON-LOSS 
09-13 04:59:24.456 I/FusedLocation( 1226): (REDACTED) location delivery to %s blocked - too close
09-13 04:59:24.460 W/PersonalSafety( 1226): Reject: No sufficient displacement. [CONTEXT service_id=310 ]
09-13 04:59:24.461 I/FusedLocation( 1226): (REDACTED) location delivery to %s blocked - too close
09-13 04:59:24.467 D/BoundBrokerSvc( 1226): onRebind: Intent { act=com.google.android.gms.common.telemetry.service.START dat=chimera-action:/... xflg=0x4 cmp=com.google.android.gms/.chimera.PersistentApiService }
--------- beginning of system
09-13 04:59:24.491 D/ActivityManager(  647): sync unfroze 28160 com.google.android.gms for 6
09-13 04:59:24.497 D/ActivityManager(  647): sync unfroze 6882 com.google.android.adservices.api for 6
09-13 04:59:24.502 W/ProcessStats(  647): Tracking association SourceState{6457314 com.google.android.gms.persistent/10221 BFgs #12916} whose proc state 4 is better than process ProcessState{2e80eb4 com.google.android.gms/10221 pkg=com.google.android.gms} proc state 14 (23 skipped)
09-13 04:59:24.504 D/BoundBrokerSvc(28160): onBind: Intent { act=com.google.android.gms.auth.service.START xflg=0x4 pkg=com.google.android.gms }
09-13 04:59:24.504 D/BoundBrokerSvc(28160): Loading bound service for intent: Intent { act=com.google.android.gms.auth.service.START xflg=0x4 pkg=com.google.android.gms }
09-13 04:59:24.511 D/BoundBrokerSvc(28160): onBind: Intent { act=com.google.android.gms.onboardingconsent.api.ConsentManagerApiService.START dat=chimera-action:/... xflg=0x4 cmp=com.google.android.gms/.chimera.GmsApiService }
09-13 04:59:24.511 D/BoundBrokerSvc(28160): Loading bound service for intent: Intent { act=com.google.android.gms.onboardingconsent.api.ConsentManagerApiService.START dat=chimera-action:/... xflg=0x4 cmp=com.google.android.gms/.chimera.GmsApiService }
09-13 04:59:24.517 W/GLSUser ( 1226): [DeviceKeyStore] Cannot load key: Device key file not found.
09-13 04:59:24.520 I/ConsentManagerApiServic(28160): (REDACTED) ConsentManagerApiService onGetService success %s
09-13 04:59:24.531 D/ActivityManager(  647): sync unfroze 19217 com.google.android.gms.unstable for 6
09-13 04:59:24.565 W/libc    (19217): Access denied finding property "persist.adb.tls_server.enable"
09-13 04:59:24.565 W/libc    (19217): Access denied finding property "service.adb.tls.port"
09-13 04:59:24.573 D/FileUtils(  647): Rounded bytes from 3155017728 to 4000000000
09-13 04:59:24.579 W/GmsUrlRequestImpl( 1226): [https://android.googleapis.com/auth/devicekey] Content-Type header is overwritten.
09-13 04:59:24.587 I/GmsCoreXrpcWrapper( 1226): (REDACTED) Creating a custom channel provider with trafficStatsTag=%d trafficStatsUid=%d
09-13 04:59:24.589 I/LocationReportUplIntOp( 1226): Uploading owner sightings. [CONTEXT service_id=284 ratelimit_period="5 MINUTES" ]
09-13 04:59:24.589 I/GmsCoreXrpcWrapper( 1226): (REDACTED) Returning a channel provider with trafficStatsTag=%d trafficStatsUid=%d
09-13 04:59:24.594 E/jumw    ( 1226): *~*~*~ Previous channel {0} was garbage collected without being shut down! ~*~*~*
09-13 04:59:24.594 E/jumw    ( 1226):     Make sure to call shutdown()/shutdownNow()
09-13 04:59:24.594 E/jumw    ( 1226): java.lang.RuntimeException: ManagedChannel allocation site
09-13 04:59:24.594 E/jumw    ( 1226): 	at jumv.<init>(:com.google.android.gms@263234035@26.32.34 (260400-968093310):21)
09-13 04:59:24.594 E/jumw    ( 1226): 	at jumw.<init>(:com.google.android.gms@263234035@26.32.34 (260400-968093310):10)
09-13 04:59:24.594 E/jumw    ( 1226): 	at jumu.a(:com.google.android.gms@263234035@26.32.34 (260400-968093310):300)
09-13 04:59:24.594 E/jumw    ( 1226): 	at jtul.a(:com.google.android.gms@263234035@26.32.34 (260400-968093310):5)
09-13 04:59:24.594 E/jumw    ( 1226): 	at dixu.f(:com.google.android.gms@263234035@26.32.34 (260400-968093310):144)
09-13 04:59:24.594 E/jumw    ( 1226): 	at iarc.a(:com.google.android.gms@263234035@26.32.34 (260400-968093310):177)
09-13 04:59:24.594 E/jumw    ( 1226): 	at hnyt.a(:com.google.android.gms@263234035@26.32.34 (260400-968093310):17)
09-13 04:59:24.594 E/jumw    ( 1226): 	at hwyb.a(:com.google.android.gms@263234035@26.32.34 (260400-968093310):3)
09-13 04:59:24.594 E/jumw    ( 1226): 	at hwxc.run(:com.google.android.gms@263234035@26.32.34 (260400-968093310):19)
09-13 04:59:24.594 E/jumw    ( 1226): 	at hwyd.run(:com.google.android.gms@263234035@26.32.34 (260400-968093310):5)
09-13 04:59:24.594 E/jumw    ( 1226): 	at bnli.d(:com.google.android.gms@263234035@26.32.34 (260400-968093310):50)
09-13 04:59:24.594 E/jumw    ( 1226): 	at bnli.c(:com.google.android.gms@263234035@26.32.34 (260400-968093310):6)
09-13 04:59:24.594 E/jumw    ( 1226): 	at bnli.run(:com.google.android.gms@263234035@26.32.34 (260400-968093310):33)
09-13 04:59:24.594 E/jumw    ( 1226): 	at java.util.concurrent.ThreadPoolExecutor.runWorker(ThreadPoolExecutor.java:1100)
09-13 04:59:24.594 E/jumw    ( 1226): 	at java.util.concurrent.ThreadPoolExecutor$Worker.run(ThreadPoolExecutor.java:624)
09-13 04:59:24.594 E/jumw    ( 1226): 	at bnri.run(:com.google.android.gms@263234035@26.32.34 (260400-968093310):8)
09-13 04:59:24.594 E/jumw    ( 1226): 	at java.lang.Thread.run(Thread.java:1572)
09-13 04:59:25.347 W/GLSUser ( 1226): [AppCertManager] Exception while requesting key: 
09-13 04:59:25.347 W/GLSUser ( 1226): java.util.concurrent.ExecutionException: dhmk: Parsing Exception
09-13 04:59:25.347 W/GLSUser ( 1226): 	at hwtn.j(:com.google.android.gms@263234035@26.32.34 (260400-968093310):21)
09-13 04:59:25.347 W/GLSUser ( 1226): 	at hwtw.t(:com.google.android.gms@263234035@26.32.34 (260400-968093310):73)
09-13 04:59:25.347 W/GLSUser ( 1226): 	at aojo.b(:com.google.android.gms@263234035@26.32.34 (260400-968093310):374)
09-13 04:59:25.347 W/GLSUser ( 1226): 	at aojm.a(:com.google.android.gms@263234035@26.32.34 (260400-968093310):67)
09-13 04:59:25.347 W/GLSUser ( 1226): 	at aojm.dispatchTransaction(:com.google.android.gms@263234035@26.32.34 (260400-968093310):16)
09-13 04:59:25.347 W/GLSUser ( 1226): 	at cgzj.a(:com.google.android.gms@263234035@26.32.34 (260400-968093310):64)
09-13 04:59:25.347 W/GLSUser ( 1226): 	at aasq.onTransact(:com.google.android.gms@263234035@26.32.34 (260400-968093310):23)
09-13 04:59:25.347 W/GLSUser ( 1226): 	at android.os.Binder.transact(Binder.java:1230)
09-13 04:59:25.347 W/GLSUser ( 1226): 	at cwpx.onTransact(:com.google.android.gms@263234035@26.32.34 (260400-968093310):12)
09-13 04:59:25.347 W/GLSUser ( 1226): 	at android.os.Binder.transact(Binder.java:1230)
09-13 04:59:25.347 W/GLSUser ( 1226): 	at cgzy.onTransact(:com.google.android.gms@263234035@26.32.34 (260400-968093310):169)
09-13 04:59:25.347 W/GLSUser ( 1226): 	at android.os.Binder.execTransactInternal(Binder.java:1364)
09-13 04:59:25.347 W/GLSUser ( 1226): 	at android.os.Binder.execTransact(Binder.java:1323)
09-13 04:59:25.347 W/GLSUser ( 1226): Caused by: dhmk: Parsing Exception
09-13 04:59:25.347 W/GLSUser ( 1226): 	at dhnl.jb(:com.google.android.gms@263234035@26.32.34 (260400-968093310):15)
09-13 04:59:25.347 W/GLSUser ( 1226): 	at hwwj.run(:com.google.android.gms@263234035@26.32.34 (260400-968093310):56)
09-13 04:59:25.347 W/GLSUser ( 1226): 	at bnli.d(:com.google.android.gms@263234035@26.32.34 (260400-968093310):50)
09-13 04:59:25.347 W/GLSUser ( 1226): 	at bnli.c(:com.google.android.gms@263234035@26.32.34 (260400-968093310):6)
09-13 04:59:25.347 W/GLSUser ( 1226): 	at bnli.run(:com.google.android.gms@263234035@26.32.34 (260400-968093310):33)
09-13 04:59:25.347 W/GLSUser ( 1226): 	at java.util.concurrent.ThreadPoolExecutor.runWorker(ThreadPoolExecutor.java:1100)
09-13 04:59:25.347 W/GLSUser ( 1226): 	at java.util.concurrent.ThreadPoolExecutor$Worker.run(ThreadPoolExecutor.java:624)
09-13 04:59:25.347 W/GLSUser ( 1226): 	at bnri.run(:com.google.android.gms@263234035@26.32.34 (260400-968093310):8)
09-13 04:59:25.347 W/GLSUser ( 1226): 	at java.lang.Thread.run(Thread.java:1572)
09-13 04:59:25.347 W/GLSUser ( 1226): Caused by: iwqz: Protocol message end-group tag did not match expected tag.
09-13 04:59:25.347 W/GLSUser ( 1226): 	at iwsq.a(:com.google.android.gms@263234035@26.32.34 (260400-968093310):57)
09-13 04:59:25.347 W/GLSUser ( 1226): 	at iwrp.i(:com.google.android.gms@263234035@26.32.34 (260400-968093310):61)
09-13 04:59:25.347 W/GLSUser ( 1226): 	at iwqa.P(:com.google.android.gms@263234035@26.32.34 (260400-968093310):22)
09-13 04:59:25.347 W/GLSUser ( 1226): 	at iwpv.q(:com.google.android.gms@263234035@26.32.34 (260400-968093310):3)
09-13 04:59:25.347 W/GLSUser ( 1226): 	at iwnu.e(:com.google.android.gms@263234035@26.32.34 (260400-968093310):7)
09-13 04:59:25.347 W/GLSUser ( 1226): 	at iwnu.b(:com.google.android.gms@263234035@26.32.34 (260400-968093310):1)
09-13 04:59:25.347 W/GLSUser ( 1226): 	at iwnu.m(:com.google.android.gms@263234035@26.32.34 (260400-968093310):1)
09-13 04:59:25.347 W/GLSUser ( 1226): 	at dhnk.a(:com.google.android.gms@263234035@26.32.34 (260400-968093310):11)
09-13 04:59:25.347 W/GLSUser ( 1226): 	at dhnp.call(:com.google.android.gms@263234035@26.32.34 (260400-968093310):8)
09-13 04:59:25.347 W/GLSUser ( 1226): 	at java.util.concurrent.FutureTask.run(FutureTask.java:328)
09-13 04:59:25.347 W/GLSUser ( 1226): 	... 7 more
09-13 04:59:25.348 W/GLSUser ( 1226): [DeviceKeyStore] Cannot load key: Device key file not found.
09-13 04:59:25.700 I/cn_CronetUrlRequestContext( 1226): destroyNativeStreamLocked org.chromium.net.impl.CronetBidirectionalStream@58370a1
09-13 04:59:25.848 I/cn_CronetUrlRequestContext( 1226): destroyNativeStreamLocked org.chromium.net.impl.CronetBidirectionalStream@2ce32c6
09-13 04:59:25.848 W/GmsWeatherProviderContr( 1226): Failed to fetch weather tile
09-13 04:59:25.848 W/GmsWeatherProviderContr( 1226): jtze: INVALID_ARGUMENT: Application credential header not valid. Please fix the client to pass a valid application credential header.
09-13 04:59:25.848 W/GmsWeatherProviderContr( 1226): 	at hdrc.a(:com.google.android.gms@263234035@26.32.34 (260400-968093310):44)
09-13 04:59:25.848 W/GmsWeatherProviderContr( 1226): 	at hetr.g(:com.google.android.gms@263234035@26.32.34 (260400-968093310):15)
09-13 04:59:25.848 W/GmsWeatherProviderContr( 1226): 	at hetp.run(:com.google.android.gms@263234035@26.32.34 (260400-968093310):48)
09-13 04:59:25.848 W/GmsWeatherProviderContr( 1226): 	at bnli.d(:com.google.android.gms@263234035@26.32.34 (260400-968093310):50)
09-13 04:59:25.848 W/GmsWeatherProviderContr( 1226): 	at bnli.c(:com.google.android.gms@263234035@26.32.34 (260400-968093310):6)
09-13 04:59:25.848 W/GmsWeatherProviderContr( 1226): 	at bnli.run(:com.google.android.gms@263234035@26.32.34 (260400-968093310):33)
09-13 04:59:25.848 W/GmsWeatherProviderContr( 1226): 	at java.util.concurrent.ThreadPoolExecutor.runWorker(ThreadPoolExecutor.java:1100)
09-13 04:59:25.848 W/GmsWeatherProviderContr( 1226): 	at java.util.concurrent.ThreadPoolExecutor$Worker.run(ThreadPoolExecutor.java:624)
09-13 04:59:25.848 W/GmsWeatherProviderContr( 1226): 	at bnri.run(:com.google.android.gms@263234035@26.32.34 (260400-968093310):8)
09-13 04:59:25.848 W/GmsWeatherProviderContr( 1226): 	at java.lang.Thread.run(Thread.java:1572)
09-13 04:59:26.638 I/AdbWifiNetworkMonitor(  647): Wi-Fi network available
09-13 04:59:26.639 I/AdbWifiNetworkMonitor(  647): Received the same Wi-Fi SSID. Ignoring.
09-13 04:59:26.639 I/HalDevMgr(  647): bestIfaceCreationProposal is null, requestIface=STA, existingIface=[name=wlan0 type=STA]
09-13 04:59:26.642 I/NullBinder( 1226): NullBinder for android.net.action.RECOMMEND_NETWORKS triggering remote TransactionTooLargeException due to Service without Chimera impl, calling uid: 1000, calling pid: 0
09-13 04:59:26.642 I/NearbyMediums( 1226): Wifi changed new SSID: "AndroidWifi"
09-13 04:59:26.642 W/libbinder.Binder( 1226): Large reply transaction of 1056768 bytes, interface descriptor , function: UNKNOWN_FUNCTION_NAME, code: 1, flags: 17
09-13 04:59:26.642 I/NearbyMediums( 1226): WifiLanConnectivityInfo is not changed, skip notify.
09-13 04:59:26.642 D/ConnectivityService(  647): NetReassign [no changes] [c 0] [a 0] [i 0]
09-13 04:59:27.146 I/NearbySharing( 1226): Network state changed: NetworkState(isRestricted=false, isOnline=true, isCongested=false, isMetered=false, isWifiConnected=true)
09-13 04:59:27.822 I/adbd    (  487): adbd service requested 'shell,v2,TERM=xterm-256color,raw:dumpsys package com.google.android.gms'
09-13 04:59:27.866 I/artd    ( 3771): GetBestInfo: odex next to the dex file (/data/app/~~lv0q5pv-ROGo4oWbcO66Yg==/com.google.android.gms-c0up8V4kI87sxgeZJUDS8Q==/oat/arm64/base.odex) is kOatUpToDate with filter 'speed-profile' executable 'false'
09-13 04:59:27.867 I/artd    ( 3771): GetBestInfo: dm (/data/app/~~lv0q5pv-ROGo4oWbcO66Yg==/com.google.android.gms-c0up8V4kI87sxgeZJUDS8Q==/split_AdsDynamite_installtime.dm) is kOatUpToDate with filter 'verify' executable 'false'
09-13 04:59:27.871 I/artd    ( 3771): GetBestInfo: odex next to the dex file (/data/app/~~lv0q5pv-ROGo4oWbcO66Yg==/com.google.android.gms-c0up8V4kI87sxgeZJUDS8Q==/oat/arm64/split_CronetDynamite_installtime.odex) is kOatUpToDate with filter 'speed-profile' executable 'false'
09-13 04:59:27.872 I/artd    ( 3771): GetBestInfo: dm (/data/app/~~lv0q5pv-ROGo4oWbcO66Yg==/com.google.android.gms-c0up8V4kI87sxgeZJUDS8Q==/split_DynamiteLoader_installtime.dm) is kOatUpToDate with filter 'verify' executable 'false'
09-13 04:59:27.873 I/artd    ( 3771): GetBestInfo: dm (/data/app/~~lv0q5pv-ROGo4oWbcO66Yg==/com.google.android.gms-c0up8V4kI87sxgeZJUDS8Q==/split_DynamiteModulesA_installtime.dm) is kOatUpToDate with filter 'verify' executable 'false'
09-13 04:59:27.874 I/artd    ( 3771): GetBestInfo: dm (/data/app/~~lv0q5pv-ROGo4oWbcO66Yg==/com.google.android.gms-c0up8V4kI87sxgeZJUDS8Q==/split_DynamiteModulesC_installtime.dm) is kOatUpToDate with filter 'verify' executable 'false'
09-13 04:59:27.875 I/artd    ( 3771): GetBestInfo: dm (/data/app/~~lv0q5pv-ROGo4oWbcO66Yg==/com.google.android.gms-c0up8V4kI87sxgeZJUDS8Q==/split_GoogleCertificates_installtime.dm) is kOatUpToDate with filter 'verify' executable 'false'
09-13 04:59:27.875 I/artd    ( 3771): GetBestInfo: dm (/data/app/~~lv0q5pv-ROGo4oWbcO66Yg==/com.google.android.gms-c0up8V4kI87sxgeZJUDS8Q==/split_MapsDynamite_installtime.dm) is kOatUpToDate with filter 'verify' executable 'false'
09-13 04:59:27.876 I/artd    ( 3771): GetBestInfo: dm (/data/app/~~lv0q5pv-ROGo4oWbcO66Yg==/com.google.android.gms-c0up8V4kI87sxgeZJUDS8Q==/split_MeasurementDynamite_installtime.dm) is kOatUpToDate with filter 'verify' executable 'false'
09-13 04:59:27.876 I/artd    ( 3771): GetBestInfo: /data/user_de/0/com.google.android.gms/app_chimera/m/00000001/CronetDynamite.apk has no usable artifacts
09-13 04:59:27.876 I/artd    ( 3771): GetBestInfo: /data/user_de/0/com.google.android.gms/app_chimera/m/00000002/DynamiteLoader.apk has no usable artifacts
09-13 04:59:27.877 I/artd    ( 3771): GetBestInfo: /data/user_de/0/com.google.android.gms/app_chimera/m/00000006/MapsDynamite.apk has no usable artifacts
09-13 04:59:27.877 I/artd    ( 3771): GetBestInfo: vdex next to the dex file (/data/user/0/com.google.android.gms/app_dg_cache/AEB5BC832EBF3852F39BA4BE495DD40566104436/oat/arm64/the.vdex) is kOatUpToDate with filter 'verify' executable 'false'
09-13 04:59:27.878 I/artd    ( 3771): GetBestInfo: /data/user_de/0/com.google.android.gms/app_chimera/m/00000005/GoogleCertificates.apk has no usable artifacts
09-13 04:59:27.878 I/artd    ( 3771): GetBestInfo: /data/user_de/0/com.google.android.gms/app_chimera/m/00000014/dl-TfliteDynamiteDynamite.integ_260580502100400.apk has no usable artifacts
09-13 04:59:27.879 I/artd    ( 3771): GetBestInfo: /data/user_de/0/com.google.android.gms/app_chimera/m/00000011/dl-MlkitBarcodeUi.optional_263234100400.apk has no usable artifacts
09-13 04:59:27.880 I/artd    ( 3771): GetBestInfo: /data/user_de/0/com.google.android.gms/app_chimera/m/0000000c/dl-VisionOcr.optional_261136100000.apk has no usable artifacts
09-13 04:59:27.880 I/artd    ( 3771): GetBestInfo: /data/user_de/0/com.google.android.gms/app_chimera/m/00000009/dl-TfliteDynamiteDynamite.integ_262730502100400.apk has no usable artifacts
09-13 04:59:27.881 I/artd    ( 3771): GetBestInfo: /data/user_de/0/com.google.android.gms/app_chimera/m/0000000f/dl-PlayCloudSearch.optional_261136100000.apk has no usable artifacts
09-13 04:59:27.882 I/artd    ( 3771): GetBestInfo: /data/user_de/0/com.google.android.gms/app_chimera/m/0000000b/dl-MlkitOcrCommon.optional_261136100400.apk has no usable artifacts
09-13 04:59:27.882 I/artd    ( 3771): GetBestInfo: /data/user_de/0/com.google.android.gms/app_chimera/m/00000018/dl-MapsCoreDynamite.integ_260830204100400.apk has no usable artifacts
09-13 04:59:27.882 I/artd    ( 3771): GetBestInfo: /data/user_de/0/com.google.android.gms/app_chimera/m/00000015/dl-PlayCloudSearch.optional_263234100000.apk has no usable artifacts
09-13 04:59:27.883 I/artd    ( 3771): GetBestInfo: /data/user_de/0/com.google.android.gms/app_chimera/m/00000016/dl-VisionOcr.optional_263234100000.apk has no usable artifacts
09-13 04:59:27.883 I/artd    ( 3771): GetBestInfo: /data/user_de/0/com.google.android.gms/app_chimera/m/00000012/dl-MlkitOcrCommon.optional_263234100400.apk has no usable artifacts
09-13 04:59:27.884 I/artd    ( 3771): GetBestInfo: /data/user_de/0/com.google.android.gms/app_chimera/m/0000000d/dl-IdentityCredentialsPlatform.optional_261136100400.apk has no usable artifacts
09-13 04:59:27.884 I/artd    ( 3771): GetBestInfo: /data/user_de/0/com.google.android.gms/app_chimera/m/00000013/dl-Appsearch.optional_263234100400.apk has no usable artifacts
09-13 04:59:27.885 I/artd    ( 3771): GetBestInfo: vdex next to the dex file (/data/user/0/com.google.android.gms/app_dg_cache/6EF5C2E3C39D601B699E493E3C02879B45CBDB40/oat/arm64/the.vdex) is kOatUpToDate with filter 'verify' executable 'false'
09-13 04:59:27.885 I/artd    ( 3771): GetBestInfo: /data/user_de/0/com.google.android.gms/app_chimera/m/00000007/MeasurementDynamite.apk has no usable artifacts
09-13 04:59:27.886 I/artd    ( 3771): GetBestInfo: /data/user_de/0/com.google.android.gms/app_chimera/m/00000017/dl-IdentityCredentialsPlatform.optional_263234100400.apk has no usable artifacts
09-13 04:59:27.886 I/artd    ( 3771): GetBestInfo: /data/user_de/0/com.google.android.gms/app_chimera/m/0000000a/dl-MlkitBarcodeUi.optional_261136100400.apk has no usable artifacts
09-13 04:59:29.517 D/BoundBrokerSvc( 1226): onUnbind: Intent { act=com.google.android.gms.common.telemetry.service.START dat=chimera-action:/... xflg=0x4 cmp=com.google.android.gms/.chimera.PersistentApiService }
09-13 04:59:29.648 I/AdbWifiNetworkMonitor(  647): Wi-Fi network available
09-13 04:59:29.648 I/AdbWifiNetworkMonitor(  647): Received the same Wi-Fi SSID. Ignoring.
09-13 04:59:29.649 I/HalDevMgr(  647): bestIfaceCreationProposal is null, requestIface=STA, existingIface=[name=wlan0 type=STA]
09-13 04:59:29.650 I/NullBinder( 1226): NullBinder for android.net.action.RECOMMEND_NETWORKS triggering remote TransactionTooLargeException due to Service without Chimera impl, calling uid: 1000, calling pid: 0
09-13 04:59:29.650 W/libbinder.Binder( 1226): Large reply transaction of 1056768 bytes, interface descriptor , function: UNKNOWN_FUNCTION_NAME, code: 1, flags: 17
09-13 04:59:29.652 D/ConnectivityService(  647): NetReassign [no changes] [c 0] [a 0] [i 0]
09-13 04:59:29.652 I/NearbyMediums( 1226): Wifi changed new SSID: "AndroidWifi"
09-13 04:59:29.652 I/NearbyMediums( 1226): WifiLanConnectivityInfo is not changed, skip notify.
09-13 04:59:30.152 I/NearbySharing( 1226): Network state changed: NetworkState(isRestricted=false, isOnline=true, isCongested=false, isMetered=false, isWifiConnected=true)
09-13 04:59:30.821 I/adbd    (  487): adbd service requested 'shell,v2,TERM=xterm-256color,raw:am force-stop com.izzes.nears.nears_nears_3544_firebase_splash_hang'
09-13 04:59:30.829 W/ActivityManager(  647): Invalid packageName: com.izzes.nears.nears_nears_3544_firebase_splash_hang
09-13 04:59:30.843 I/adbd    (  487): adbd service requested 'abb_exec:settings
09-13 04:59:30.843 I/abb     ( 3995): StartCommandInProcess(73657474696e67730067657400676c6f settings.get.glo [truncated])
09-13 04:59:30.842 W/binder:647_17(  647): type=1400 audit(0.0:196): avc:  denied  { getopt } for  scontext=u:r:system_server:s0 tcontext=u:r:shell:s0 tclass=unix_stream_socket permissive=0
09-13 04:59:30.842 W/binder:647_17(  647): type=1400 audit(0.0:197): avc:  denied  { getopt } for  scontext=u:r:system_server:s0 tcontext=u:r:shell:s0 tclass=unix_stream_socket permissive=0
09-13 04:59:30.842 W/binder:647_17(  647): type=1400 audit(0.0:198): avc:  denied  { getopt } for  scontext=u:r:system_server:s0 tcontext=u:r:shell:s0 tclass=unix_stream_socket permissive=0
09-13 04:59:30.846 I/adbd    (  487): adbd service requested 'abb_exec:package
09-13 04:59:30.846 I/abb     ( 3995): StartCommandInProcess(7061636b61676500696e7374616c6c00 package.install. [truncated])
09-13 04:59:30.974 W/binder:647_17(  647): type=1400 audit(0.0:199): avc:  denied  { getopt } for  scontext=u:r:system_server:s0 tcontext=u:r:shell:s0 tclass=unix_stream_socket permissive=0
09-13 04:59:30.979 E/SystemServiceRegistry(  647): No service published for: persistent_data_block
09-13 04:59:30.979 E/SystemServiceRegistry(  647): android.os.ServiceManager$ServiceNotFoundException: No service published for: persistent_data_block
09-13 04:59:30.979 E/SystemServiceRegistry(  647): 	at android.os.ServiceManager.getServiceOrThrow(ServiceManager.java:176)
09-13 04:59:30.979 E/SystemServiceRegistry(  647): 	at android.app.SystemServiceRegistry$91.createService(SystemServiceRegistry.java:1299)
09-13 04:59:30.979 E/SystemServiceRegistry(  647): 	at android.app.SystemServiceRegistry$91.createService(SystemServiceRegistry.java:1296)
09-13 04:59:30.979 E/SystemServiceRegistry(  647): 	at android.app.SystemServiceRegistry$StaticServiceFetcher.getService(SystemServiceRegistry.java:2863)
09-13 04:59:30.979 E/SystemServiceRegistry(  647): 	at android.app.SystemServiceRegistry.getSystemService(SystemServiceRegistry.java:2297)
09-13 04:59:30.979 E/SystemServiceRegistry(  647): 	at android.app.ContextImpl.getSystemService(ContextImpl.java:2450)
09-13 04:59:30.979 E/SystemServiceRegistry(  647): 	at android.content.Context.getSystemService(Context.java:4916)
09-13 04:59:30.979 E/SystemServiceRegistry(  647): 	at com.android.server.pm.PackageInstallerSession.markAsSealed(PackageInstallerSession.java:2651)
09-13 04:59:30.979 E/SystemServiceRegistry(  647): 	at com.android.server.pm.PackageInstallerSession.commit(PackageInstallerSession.java:2401)
09-13 04:59:30.979 E/SystemServiceRegistry(  647): 	at android.content.pm.PackageInstaller$Session.commit(PackageInstaller.java:2345)
09-13 04:59:30.979 E/SystemServiceRegistry(  647): 	at com.android.server.pm.PackageManagerShellCommand.doCommitSession(PackageManagerShellCommand.java:4459)
09-13 04:59:30.979 E/SystemServiceRegistry(  647): 	at com.android.server.pm.PackageManagerShellCommand.doRunInstall(PackageManagerShellCommand.java:1656)
09-13 04:59:30.979 E/SystemServiceRegistry(  647): 	at com.android.server.pm.PackageManagerShellCommand.runInstall(PackageManagerShellCommand.java:1577)
09-13 04:59:30.979 E/SystemServiceRegistry(  647): 	at com.android.server.pm.PackageManagerShellCommand.onCommand(PackageManagerShellCommand.java:249)
09-13 04:59:30.979 E/SystemServiceRegistry(  647): 	at com.android.modules.utils.BasicShellCommandHandler.exec(BasicShellCommandHandler.java:97)
09-13 04:59:30.979 E/SystemServiceRegistry(  647): 	at android.os.ShellCommand.exec(ShellCommand.java:39)
09-13 04:59:30.979 E/SystemServiceRegistry(  647): 	at com.android.server.pm.PackageManagerService$IPackageManagerImpl.onShellCommand(PackageManagerService.java:7069)
09-13 04:59:30.979 E/SystemServiceRegistry(  647): 	at android.os.Binder.shellCommand(Binder.java:1088)
09-13 04:59:30.979 E/SystemServiceRegistry(  647): 	at android.os.Binder.onTransact(Binder.java:946)
09-13 04:59:30.979 E/SystemServiceRegistry(  647): 	at android.content.pm.IPackageManager$Stub.onTransact(IPackageManager.java:4786)
09-13 04:59:30.979 E/SystemServiceRegistry(  647): 	at com.android.server.pm.PackageManagerService$IPackageManagerImpl.onTransact(PackageManagerService.java:7053)
09-13 04:59:30.979 E/SystemServiceRegistry(  647): 	at android.os.Binder.execTransactInternal(Binder.java:1369)
09-13 04:59:30.979 E/SystemServiceRegistry(  647): 	at android.os.Binder.execTransact(Binder.java:1323)
09-13 04:59:30.979 E/SystemServiceRegistry(  647): Manager wrapper not available: persistent_data_block
09-13 04:59:31.018 D/NativeLibraryHelper(  647): Punching extracted elf file libdatastore_shared_counter.so on fs:61267
09-13 04:59:31.018 D/FileSystemUtils(  647): Total number of LOAD segments 3
09-13 04:59:31.018 D/FileSystemUtils(  647): Size before punching holes st_blocks: 24, st_blksize: 4096, st_size: 7112
09-13 04:59:31.018 D/FileSystemUtils(  647): Size after punching holes st_blocks: 24, st_blksize: 4096, st_size: 7112
09-13 04:59:31.138 D/NativeLibraryHelper(  647): Punching extracted elf file libflutter.so on fs:61267
09-13 04:59:31.138 D/FileSystemUtils(  647): Total number of LOAD segments 3
09-13 04:59:31.138 D/FileSystemUtils(  647): Size before punching holes st_blocks: 72608, st_blksize: 4096, st_size: 37163648
09-13 04:59:31.138 D/FileSystemUtils(  647): Size after punching holes st_blocks: 72608, st_blksize: 4096, st_size: 37163648
09-13 04:59:31.146 D/NativeLibraryHelper(  647): Punching extracted elf file libsqlite3.so on fs:61267
09-13 04:59:31.146 D/FileSystemUtils(  647): Total number of LOAD segments 3
09-13 04:59:31.146 D/FileSystemUtils(  647): Size before punching holes st_blocks: 2992, st_blksize: 4096, st_size: 1526536
09-13 04:59:31.146 D/FileSystemUtils(  647): Size after punching holes st_blocks: 2992, st_blksize: 4096, st_size: 1526536
09-13 04:59:31.185 D/NativeLibraryHelper(  647): Punching extracted elf file libVkLayer_khronos_validation.so on fs:61267
09-13 04:59:31.185 D/FileSystemUtils(  647): Total number of LOAD segments 3
09-13 04:59:31.185 D/FileSystemUtils(  647): Size before punching holes st_blocks: 29808, st_blksize: 4096, st_size: 15254624
09-13 04:59:31.185 D/FileSystemUtils(  647): Size after punching holes st_blocks: 29808, st_blksize: 4096, st_size: 15254624
09-13 04:59:31.187 D/NativeLibraryHelper(  647): Punching extracted elf file libdartjni.so on fs:61267
09-13 04:59:31.187 D/FileSystemUtils(  647): Total number of LOAD segments 3
09-13 04:59:31.187 D/FileSystemUtils(  647): Size before punching holes st_blocks: 200, st_blksize: 4096, st_size: 97112
09-13 04:59:31.187 D/FileSystemUtils(  647): Size after punching holes st_blocks: 200, st_blksize: 4096, st_size: 97112
09-13 04:59:31.196 I/NativeLibraryHelper(  647): extractNativeLibs specified, checking for extracted lib libdatastore_shared_counter.so
09-13 04:59:31.196 I/NativeLibraryHelper(  647): extractNativeLibs specified, checking for extracted lib libflutter.so
09-13 04:59:31.196 I/NativeLibraryHelper(  647): extractNativeLibs specified, checking for extracted lib libsqlite3.so
09-13 04:59:31.196 I/NativeLibraryHelper(  647): extractNativeLibs specified, checking for extracted lib libVkLayer_khronos_validation.so
09-13 04:59:31.196 I/NativeLibraryHelper(  647): extractNativeLibs specified, checking for extracted lib libdartjni.so
09-13 04:59:31.199 D/installd(  532): Applied hard quotas for 10265
09-13 04:59:31.208 D/PermissionMonitor(  647): setUidsPermissionBits in PermissionBpfMap took 189 microseconds.
09-13 04:59:31.225 D/BackupManagerService(  647): [UserID:0] restoreAtInstall pkg=com.izzes.nears.nears_nears_3544_firebase_splash_hang token=e restoreSet=0
09-13 04:59:31.225 D/BackupManagerService(  647): [UserID:0] Finishing install immediately
09-13 04:59:31.227 I/PackageManager(  647): installation completed for package:com.izzes.nears.nears_nears_3544_firebase_splash_hang. Final code path: /data/app/~~NVk0PEj2HueNV1Yf1gtWnw==/com.izzes.nears.nears_nears_3544_firebase_splash_hang--907EK2vWUPjpqfnZYvahw==
09-13 04:59:31.227 I/AppsFilter(  647): interaction: PackageSetting{b91ebef com.izzes.nears/10261} -> PackageSetting{f3cb7e5 com.izzes.nears.nears_nears_3544_firebase_splash_hang/10265} BLOCKED
09-13 04:59:31.227 I/AppsFilter(  647): interaction: PackageSetting{f114799 com.izzes.nearsvendor/10259} -> PackageSetting{f3cb7e5 com.izzes.nears.nears_nears_3544_firebase_splash_hang/10265} BLOCKED
09-13 04:59:31.228 D/PackageInstallerSession(  647): Marking session 205851583 as applied
09-13 04:59:31.222 W/binder:647_17(  647): type=1400 audit(0.0:200): avc:  denied  { getopt } for  scontext=u:r:system_server:s0 tcontext=u:r:shell:s0 tclass=unix_stream_socket permissive=0
09-13 04:59:31.222 W/binder:647_17(  647): type=1400 audit(0.0:201): avc:  denied  { getopt } for  scontext=u:r:system_server:s0 tcontext=u:r:shell:s0 tclass=unix_stream_socket permissive=0
09-13 04:59:31.222 W/binder:647_17(  647): type=1400 audit(0.0:202): avc:  denied  { getopt } for  scontext=u:r:system_server:s0 tcontext=u:r:shell:s0 tclass=unix_stream_socket permissive=0
09-13 04:59:31.231 I/SdkSandboxManager(  647): No SDKs used. Skipping SDK data reconcilation for CallingInfo{mUid=10265, mPackageName='com.izzes.nears.nears_nears_3544_firebase_splash_hang, mAppProcessToken='null'}
09-13 04:59:31.231 W/System  (  647): A resource failed to call close. 
09-13 04:59:31.231 D/ShortcutService(  647): received package broadcast intent: Intent { act=android.intent.action.PACKAGE_ADDED dat=package: flg=0x4000010 (has extras) }
09-13 04:59:31.231 W/System  (  647): A resource failed to call close. 
09-13 04:59:31.232 D/SessionCommitReceiver( 1040): Removing unneeded PromiseIcon for package: com.izzes.nears.nears_nears_3544_firebase_splash_hang, install reason: 0, alreadyAddedPromiseIcon: false
09-13 04:59:31.233 E/AppOps  (  647): attributionTag VCN not declared in manifest of android
09-13 04:59:31.235 D/AS.AudioService(  647): received android.intent.action.PACKAGE_ADDED replacing: false archival: false for package com.izzes.nears.nears_nears_3544_firebase_splash_hang with uid 10265
09-13 04:59:31.236 D/ShortcutService(  647): adding package: com.izzes.nears.nears_nears_3544_firebase_splash_hang userId=0
09-13 04:59:31.236 I/RoleService(  647): Granting default roles...
09-13 04:59:31.237 I/SatelliteAppTracker( 1026): onPackageAdded : com.izzes.nears.nears_nears_3544_firebase_splash_hang
09-13 04:59:31.237 D/CarrierSvcBindHelper( 1026): onPackageAdded: com.izzes.nears.nears_nears_3544_firebase_splash_hang
09-13 04:59:31.238 E/AtomicFile(  647): Failed to rename /data/system/install_sessions.xml.new to /data/system/install_sessions.xml
09-13 04:59:31.239 I/IntentFilterVerRcvr(28160): S+ domain verification enabled [CONTEXT service_id=244 ]
09-13 04:59:31.239 D/SatelliteAppTracker( 1026): packageName: com.izzes.nears.nears_nears_3544_firebase_splash_hang, value: null
09-13 04:59:31.239 E/AppOps  (  647): attributionTag VCN not declared in manifest of android
09-13 04:59:31.240 D/CarrierSvcBindHelper( 1026): No carrier app for: 0
09-13 04:59:31.242 D/NativePermissionController(  477): updatePackagesForUid, UidPackageState{uid: 10265, packageStates: [PackageState{packageName: com.izzes.nears.nears_nears_3544_firebase_splash_hang, targetSdk: 36, isPlaybackCaptureAllowed: true, pccId: -1}]}
09-13 04:59:31.244 D/ControlsListingControllerImpl(  901): ServiceConfig reloaded, count: 0
09-13 04:59:31.244 V/MessagingReadRestrictionAllowlistMonitor( 1026): onBroadcastReceived: No AppOp changes for package: com.izzes.nears.nears_nears_3544_firebase_splash_hang
09-13 04:59:31.247 I/adbd    (  487): adbd service requested 'shell,v2,TERM=xterm-256color,raw:echo -n d925f6d1f3c77f5d1d20b218998d937f3e0eed13 > /data/local/tmp/sky.com.izzes.nears.nears_nears_3544_firebase_splash_hang.sha1'
09-13 04:59:31.249 D/ImsResolver( 1026): maybeAddedImsService, packageName: com.izzes.nears.nears_nears_3544_firebase_splash_hang
09-13 04:59:31.249 V/ImsResolver( 1026): searchForImsServices: package=com.izzes.nears.nears_nears_3544_firebase_splash_hang, users=[UserHandle{0}]
09-13 04:59:31.249 W/ApplicationInfo(  647): Large ApplicationInfo parcel: size=19860 package=com.google.android.googlequicksearchbox splits=2 sharedLibs=3 resDirs=2 overlayPaths=2
09-13 04:59:31.250 I/PackageManager(  647): getInstalledPackages: callingUid=1000 flags=134217856 updatedFlags=135004288 userId=0
09-13 04:59:31.251 V/ImsResolver( 1026): searchForImsServices: package=com.izzes.nears.nears_nears_3544_firebase_splash_hang, users=[UserHandle{0}]
09-13 04:59:31.252 D/TransparencyService(  647): Not an update. Skipping...
09-13 04:59:31.252 I/PackageManager(  647): getInstalledPackages: callingUid=1000 flags=134217728 updatedFlags=135004160 userId=0
09-13 04:59:31.253 I/BackupManagerService(  647): No delayed restore requests for the given dependency: com.izzes.nears.nears_nears_3544_firebase_splash_hang
09-13 04:59:31.254 W/SignedPackage(  647): Package doesn't have required signing certificate: com.google.android.retaildemo
09-13 04:59:31.255 W/VvmPkgInstalledRcvr( 1026): carrierVvmPkgAdded: carrier vvm packages doesn't contain com.izzes.nears.nears_nears_3544_firebase_splash_hang
09-13 04:59:31.255 E/RoleControllerServiceImpl(  647): Default/fallback role holder package doesn't qualify for the role, package: com.google.android.gms.supervision, role: android.app.role.SYSTEM_SUPERVISION, user: 0
09-13 04:59:31.256 I/Role    (  647): com.google.android.gms not qualified for android.app.role.SYSTEM_CALL_STREAMING due to missing RequiredComponent{mFlags='0', mIntentFilterData=IntentFilterData{mAction='android.telecom.CallStreamingService', mCategories='[]', mDataScheme='null', mDataType='null'}, mMetaData=[], mPermission='android.permission.BIND_CALL_STREAMING_SERVICE', mQueryFlags=0} Requirement{mFeatureFlag=null, mMinTargetSdkVersion=1}
09-13 04:59:31.256 E/RoleControllerServiceImpl(  647): Default/fallback role holder package doesn't qualify for the role, package: com.google.android.gms, role: android.app.role.SYSTEM_CALL_STREAMING, user: 0
09-13 04:59:31.258 I/DevicePolicyManager(  647): Found incompatible accounts on any user, not allowing bypassing
09-13 04:59:31.258 W/SignedPackage(  647): Package doesn't have required signing certificate: com.google.android.apps.work.clouddpc
09-13 04:59:31.260 D/ActivityManager(  647): sync unfroze 1315 com.google.android.permissioncontroller for 6
09-13 04:59:31.265 D/ActivityManager(  647): sync unfroze 1572 com.google.android.apps.wellbeing for 7
09-13 04:59:31.268 I/adbd    (  487): adbd service requested 'shell:logcat -v time -t 1'
09-13 04:59:31.270 I/Role    (  647): com.google.android.gms not qualified for android.app.role.SYSTEM_DEPENDENCY_INSTALLER due to missing RequiredComponent{mFlags='0', mIntentFilterData=IntentFilterData{mAction='android.content.pm.action.INSTALL_DEPENDENCY', mCategories='[]', mDataScheme='null', mDataType='null'}, mMetaData=[], mPermission='android.permission.BIND_DEPENDENCY_INSTALLER', mQueryFlags=0} Requirement{mFeatureFlag=null, mMinTargetSdkVersion=1}
09-13 04:59:31.270 E/RoleControllerServiceImpl(  647): Default/fallback role holder package doesn't qualify for the role, package: com.google.android.gms, role: android.app.role.SYSTEM_DEPENDENCY_INSTALLER, user: 0
09-13 04:59:31.273 D/ActivityManager(  647): sync unfroze 3310 com.google.android.packageinstaller for 3
09-13 04:59:31.275 I/AppsFilter(  647): interaction: PackageSetting{568556d com.izzes.nears/10261} -> PackageSetting{6c1c5a2 com.izzes.nears.nears_nears_3544_firebase_splash_hang/10265} BLOCKED
09-13 04:59:31.275 I/AppsFilter(  647): interaction: PackageSetting{804b233 com.izzes.nearsvendor/10259} -> PackageSetting{6c1c5a2 com.izzes.nears.nears_nears_3544_firebase_splash_hang/10265} BLOCKED
09-13 04:59:31.276 I/AppLinksIntentOperation(28160): Verifying requested domains [CONTEXT service_id=244 ]
09-13 04:59:31.279 D/CarrierSvcBindHelper( 1026): onPackageModified: com.izzes.nears.nears_nears_3544_firebase_splash_hang
09-13 04:59:31.279 D/CarrierSvcBindHelper( 1026): No carrier app for: 0
09-13 04:59:31.280 E/RoleControllerServiceImpl(  647): Default/fallback role holder package doesn't qualify for the role, package: com.google.android.gms, role: android.app.role.WALLET, user: 0
09-13 04:59:31.281 V/MessagingReadRestrictionAllowlistMonitor( 1026): onBroadcastReceived: No AppOp changes for package: com.izzes.nears.nears_nears_3544_firebase_splash_hang
09-13 04:59:31.282 I/AppLinksRequestHandler(28160): (REDACTED) Processing %d input requests
09-13 04:59:31.283 W/SignedPackage(  647): Cannot get ApplicationInfo for package: com.google.android.devicelockcontroller
09-13 04:59:31.283 W/ApplicationInfo(  647): Large ApplicationInfo parcel: size=19860 package=com.google.android.googlequicksearchbox splits=2 sharedLibs=3 resDirs=2 overlayPaths=2
09-13 04:59:31.284 I/SatelliteAppTracker( 1026): onPackageModified : com.izzes.nears.nears_nears_3544_firebase_splash_hang
09-13 04:59:31.284 D/SatelliteAppTracker( 1026): packageName: com.izzes.nears.nears_nears_3544_firebase_splash_hang, value: null
09-13 04:59:31.284 W/libbinder.IPCThreadState(  647): Sending oneway calls to frozen process.
09-13 04:59:31.284 W/libbinder.IPCThreadState(  647): Sending oneway calls to frozen process.
09-13 04:59:31.285 V/AccessibilityUserState(  647): updateShortcutTargets: type:accessibility_shortcut_target_service, current:{}, new:{}
09-13 04:59:31.285 V/AccessibilityUserState(  647): updateShortcutTargets: type:accessibility_qs_targets, current:{}, new:{}
09-13 04:59:31.285 V/AccessibilityUserState(  647): updateShortcutTargets: type:accessibility_button_targets, current:{}, new:{}
09-13 04:59:31.285 V/AccessibilityUserState(  647): updateShortcutTargets: type:accessibility_gesture_targets, current:{}, new:{}
09-13 04:59:31.285 V/AccessibilityUserState(  647): updateShortcutTargets: type:accessibility_key_gesture_targets, current:{}, new:{}
09-13 04:59:31.285 V/AccessibilityUserState(  647): updateShortcutTargets: type:accessibility_top_row_key_targets, current:{}, new:{}
09-13 04:59:31.285 V/AccessibilityUserState(  647): updateShortcutTargets: type:accessibility_quick_access_targets, current:{}, new:{}
09-13 04:59:31.285 V/AccessibilityManagerService(  647): onUserStateChangedLocked for userId: 0, forceUpdate: false
09-13 04:59:31.285 V/AccessibilityUserState(  647): updateShortcutTargets: type:accessibility_shortcut_target_service, current:{}, new:{}
09-13 04:59:31.286 V/AccessibilityUserState(  647): updateShortcutTargets: type:accessibility_button_targets, current:{}, new:{}
09-13 04:59:31.286 V/AccessibilityUserState(  647): updateShortcutTargets: type:accessibility_gesture_targets, current:{}, new:{}
09-13 04:59:31.286 V/AccessibilityUserState(  647): updateShortcutTargets: type:accessibility_qs_targets, current:{}, new:{}
09-13 04:59:31.286 V/AccessibilityUserState(  647): updateShortcutTargets: type:accessibility_key_gesture_targets, current:{}, new:{}
09-13 04:59:31.286 V/AccessibilityUserState(  647): updateShortcutTargets: type:accessibility_top_row_key_targets, current:{}, new:{}
09-13 04:59:31.286 V/AccessibilityUserState(  647): updateShortcutTargets: type:accessibility_quick_access_targets, current:{}, new:{}
09-13 04:59:31.286 W/MagnificationConnectionManager(  647): requestConnection duplicated request: connect=false, mConnectionState=DISCONNECTED
09-13 04:59:31.286 V/AccessibilityUserState(  647): updateShortcutTargets: type:accessibility_shortcut_target_service, current:{}, new:{}
09-13 04:59:31.286 V/AccessibilityUserState(  647): updateShortcutTargets: type:accessibility_qs_targets, current:{}, new:{}
09-13 04:59:31.286 V/AccessibilityUserState(  647): updateShortcutTargets: type:accessibility_button_targets, current:{}, new:{}
09-13 04:59:31.286 V/AccessibilityUserState(  647): updateShortcutTargets: type:accessibility_gesture_targets, current:{}, new:{}
09-13 04:59:31.286 V/AccessibilityUserState(  647): updateShortcutTargets: type:accessibility_key_gesture_targets, current:{}, new:{}
09-13 04:59:31.286 V/AccessibilityUserState(  647): updateShortcutTargets: type:accessibility_top_row_key_targets, current:{}, new:{}
09-13 04:59:31.286 V/AccessibilityUserState(  647): updateShortcutTargets: type:accessibility_quick_access_targets, current:{}, new:{}
09-13 04:59:31.286 V/AccessibilityManagerService(  647): onUserStateChangedLocked for userId: 0, forceUpdate: false
09-13 04:59:31.286 V/AccessibilityUserState(  647): updateShortcutTargets: type:accessibility_shortcut_target_service, current:{}, new:{}
09-13 04:59:31.286 V/AccessibilityUserState(  647): updateShortcutTargets: type:accessibility_button_targets, current:{}, new:{}
09-13 04:59:31.286 V/AccessibilityUserState(  647): updateShortcutTargets: type:accessibility_gesture_targets, current:{}, new:{}
09-13 04:59:31.286 V/AccessibilityUserState(  647): updateShortcutTargets: type:accessibility_qs_targets, current:{}, new:{}
09-13 04:59:31.286 V/AccessibilityUserState(  647): updateShortcutTargets: type:accessibility_key_gesture_targets, current:{}, new:{}
09-13 04:59:31.286 V/AccessibilityUserState(  647): updateShortcutTargets: type:accessibility_top_row_key_targets, current:{}, new:{}
09-13 04:59:31.286 V/AccessibilityUserState(  647): updateShortcutTargets: type:accessibility_quick_access_targets, current:{}, new:{}
09-13 04:59:31.286 W/MagnificationConnectionManager(  647): requestConnection duplicated request: connect=false, mConnectionState=DISCONNECTED
09-13 04:59:31.287 V/AccessibilityManagerService(  647): onUserStateChangedLocked for userId: 0, forceUpdate: false
09-13 04:59:31.291 D/ControlsListingControllerImpl(  901): ServiceConfig reloaded, count: 0
09-13 04:59:31.292 I/adbd    (  487): adbd service requested 'shell:logcat -v time -T '09-13 04:59:31.275''
09-13 04:59:31.293 V/AccessibilityUserState(  647): updateShortcutTargets: type:accessibility_shortcut_target_service, current:{}, new:{}
09-13 04:59:31.293 V/AccessibilityUserState(  647): updateShortcutTargets: type:accessibility_button_targets, current:{}, new:{}
09-13 04:59:31.293 V/AccessibilityUserState(  647): updateShortcutTargets: type:accessibility_gesture_targets, current:{}, new:{}
09-13 04:59:31.293 V/AccessibilityUserState(  647): updateShortcutTargets: type:accessibility_qs_targets, current:{}, new:{}
09-13 04:59:31.293 V/AccessibilityUserState(  647): updateShortcutTargets: type:accessibility_key_gesture_targets, current:{}, new:{}
09-13 04:59:31.293 V/AccessibilityUserState(  647): updateShortcutTargets: type:accessibility_top_row_key_targets, current:{}, new:{}
09-13 04:59:31.293 V/AccessibilityUserState(  647): updateShortcutTargets: type:accessibility_quick_access_targets, current:{}, new:{}
09-13 04:59:31.293 W/MagnificationConnectionManager(  647): requestConnection duplicated request: connect=false, mConnectionState=DISCONNECTED
09-13 04:59:31.295 W/libbinder.IPCThreadState(  647): Sending oneway calls to frozen process.
09-13 04:59:31.296 I/adbd    (  487): adbd service requested 'shell,v2,TERM=xterm-256color,raw:am start -a android.intent.action.MAIN -c android.intent.category.LAUNCHER -f 0x20000000 --ez enable-dart-profiling true --ez enable-checked-mode true --ez verify-entry-points true com.izzes.nears.nears_nears_3544_firebase_splash_hang/com.izzes.nears.MainActivity'
09-13 04:59:31.298 I/Finsky  ( 2753): [54] AIM: AppInfoManager-Perf > Destroying AppInfoManager ...
09-13 04:59:31.299 I/AppLinksUtilsV1(28160): Legacy cross-profile verification enabled [CONTEXT service_id=244 ]
09-13 04:59:31.299 I/Finsky  ( 2753): [41] Stats for Executor: LightweightExecutor xwn@152ac88[Running, pool size = 3, active threads = 0, queued tasks = 0, completed tasks = 1158]
09-13 04:59:31.299 I/Finsky  ( 2753): [41] Stats for Executor: BlockingExecutor xwn@10b24d2[Running, pool size = 2, active threads = 0, queued tasks = 0, completed tasks = 221]
09-13 04:59:31.299 I/Finsky  ( 2753): [41] Stats for Executor: bgExecutor xwn@e9f8985[Running, pool size = 4, active threads = 2, queued tasks = 0, completed tasks = 3337]
09-13 04:59:31.299 I/Finsky  ( 2753): [41] Stats for Executor: GrpcBackgroundExecutor xwn@e13978b[Running, pool size = 4, active threads = 0, queued tasks = 0, completed tasks = 14]
09-13 04:59:31.303 W/libbinder.IPCThreadState(  647): Sending oneway calls to frozen process.
09-13 04:59:31.304 D/ShortcutService(  647): received package broadcast intent: Intent { act=android.intent.action.PACKAGE_CHANGED dat=package: flg=0x5000010 (has extras) }
09-13 04:59:31.304 D/ShortcutService(  647): changing package: com.izzes.nears.nears_nears_3544_firebase_splash_hang userId=0
09-13 04:59:31.305 W/libbinder.IPCThreadState(  647): Sending oneway calls to frozen process.
09-13 04:59:31.306 V/AccessibilityManagerService(  647): onUserStateChangedLocked for userId: 0, forceUpdate: false
09-13 04:59:31.307 V/AccessibilityUserState(  647): updateShortcutTargets: type:accessibility_shortcut_target_service, current:{}, new:{}
09-13 04:59:31.307 D/ImsResolver( 1026): maybeAddedImsService, packageName: com.izzes.nears.nears_nears_3544_firebase_splash_hang
09-13 04:59:31.308 V/AccessibilityUserState(  647): updateShortcutTargets: type:accessibility_button_targets, current:{}, new:{}
09-13 04:59:31.308 V/AccessibilityUserState(  647): updateShortcutTargets: type:accessibility_gesture_targets, current:{}, new:{}
09-13 04:59:31.308 V/AccessibilityUserState(  647): updateShortcutTargets: type:accessibility_qs_targets, current:{}, new:{}
09-13 04:59:31.308 V/AccessibilityUserState(  647): updateShortcutTargets: type:accessibility_key_gesture_targets, current:{}, new:{}
09-13 04:59:31.308 V/AccessibilityUserState(  647): updateShortcutTargets: type:accessibility_top_row_key_targets, current:{}, new:{}
09-13 04:59:31.308 V/AccessibilityUserState(  647): updateShortcutTargets: type:accessibility_quick_access_targets, current:{}, new:{}
09-13 04:59:31.308 W/MagnificationConnectionManager(  647): requestConnection duplicated request: connect=false, mConnectionState=DISCONNECTED
09-13 04:59:31.308 V/ImsResolver( 1026): searchForImsServices: package=com.izzes.nears.nears_nears_3544_firebase_splash_hang, users=[UserHandle{0}]
09-13 04:59:31.309 W/libbinder.IPCThreadState(  647): Sending oneway calls to frozen process.
09-13 04:59:31.310 V/ImsResolver( 1026): searchForImsServices: package=com.izzes.nears.nears_nears_3544_firebase_splash_hang, users=[UserHandle{0}]
09-13 04:59:31.310 W/ActivityTaskManager(  647): callingPackage for (uid=2000, pid=13822) has no WPC
09-13 04:59:31.312 V/GrammaticalInflectionUtils(  647): AttributionSource: android.content.AttributionSource@5f61412f does not have READ_SYSTEM_GRAMMATICAL_GENDER permission.
09-13 04:59:31.312 W/libbinder.IPCThreadState(  647): Sending oneway calls to frozen process.
09-13 04:59:31.315 D/ActivityManager(  647): sync unfroze 2753 com.android.vending for 3
09-13 04:59:31.315 W/libbinder.IPCThreadState(  647): Sending oneway calls to frozen process.
09-13 04:59:31.317 D/BaseActivity( 1040): Launcher flags updated: [state_started|state_resumed|state_deferred_resumed|state_window_focused|state_user_active] -[]
09-13 04:59:31.317 W/libbinder.IPCThreadState(  647): Sending oneway calls to frozen process.
09-13 04:59:31.318 V/ActivityTaskManager(  647): TaskLaunchParamsModifier: phase=3 task=Task{6095e3 #60 type=standard A=10265:com.izzes.nears.nears_nears_3544_firebase_splash_hang} activity=ActivityRecord{120924690 u0 com.izzes.nears.nears_nears_3544_firebase_splash_hang/com.izzes.nears.MainActivity t-1} display-from-task=0 display-id=0 task-display-area-windowing-mode=1 suggested-display-area=DefaultTaskDisplayArea@206077742 inherit-from-task=fullscreen non-freeform-task-display-area display-area=DefaultTaskDisplayArea@206077742 skip-bounds-fullscreen
09-13 04:59:31.318 I/ActivityTaskManager(  647): START u0 {act=android.intent.action.MAIN cat=[android.intent.category.LAUNCHER] flg=0x30000000 xflg=0x4 cmp=com.izzes.nears.nears_nears_3544_firebase_splash_hang/com.izzes.nears.MainActivity (has extras)} with LAUNCH_SINGLE_TOP from uid 2000 (com.android.shell) (BAL_ALLOW_PERMISSION) result code=0
09-13 04:59:31.318 V/WindowManagerShell(  901): Transition requested (#68): android.os.BinderProxy@8dd8e70 TransitionRequestInfo { type = OPEN, triggerTask = TaskInfo{userId=0 taskId=60 effectiveUid=10265 displayId=0 isRunning=true baseIntent=Intent { act=android.intent.action.MAIN cat=[android.intent.category.LAUNCHER] flg=0x30000000 cmp=com.izzes.nears.nears_nears_3544_firebase_splash_hang/com.izzes.nears.MainActivity } baseActivity=ComponentInfo{com.izzes.nears.nears_nears_3544_firebase_splash_hang/com.izzes.nears.MainActivity} topActivity=ComponentInfo{com.izzes.nears.nears_nears_3544_firebase_splash_hang/com.izzes.nears.MainActivity} origActivity=null realActivity=ComponentInfo{com.izzes.nears.nears_nears_3544_firebase_splash_hang/com.izzes.nears.MainActivity} realActivityIsAppLockEnabled=false numActivities=1 lastActiveTime=27264387 supportsMultiWindow=true supportsMultiWindowWithoutConstraints=true resizeMode=1 isResizeable=true minWidth=-1 minHeight=-1 defaultMinSize=220 token=WCT{android.os.BinderProxy@25bf5e9} topActivityType=1 pictureInPictureParams=null shouldDockBigOverlays=false launchIntoPipHostTaskId=-1 lastParentTaskIdBeforePip=-1 displayCutoutSafeInsets=Rect(0, 159 - 0, 0) topActivityInfo=ActivityInfo{14ae26e com.izzes.nears.MainActivity} launchCookies=[] positionInParent=Point(0, 0) parentTaskId=-1 isFocused=false isInteractive=false isVisible=false isVisibleRequested=false isTopActivityNoDisplay=false isSleeping=false locusId=null displayAreaFeatureId=1 isTopActivityTransparent=false isActivityStackTransparent=false lastNonFullscreenBounds=null leafTaskBoundsFromOptions= false capturedLink=null capturedLinkTimestamp=0 requestedVisibleTypes=503 topActivityRequestOpenInBrowserEducationTimestamp=0 appCompatTaskInfo=AppCompatTaskInfo { topActivityInSizeCompat=false isLeafTask= true eligibleForLetterboxEducation= false isLetterboxEducationEnabled= true isLetterboxDoubleTapEnabled= false eligibleForUserAspectRatioButton= false topActivityBoundsLetterboxed= false isFromLetterboxDoubleTap= false topActivityLetterboxVerticalPosition= -1 topActivityLetterboxHorizontalPosition= -1 topActivityLetterboxWidth=-1 topActivityLetterboxHeight=-1 topActivityAppBounds=Rect(0, 0 - 1344, 2992) isUserFullscreenOverrideEnabled=false isSystemFullscreenOverrideEnabled=false hasMinAspectRatioOverride=false topActivityLetterboxBounds=null topNonResizableActivityAspectRatio=-1.0} topActivityMainWindowFrame=null isAppBubble=false}, pipChange = null, remoteTransitionInfo = null, displayChanges = null, requestedLocation = null, userChange = null, windowingLayerChange = null, fullscreenRequestChange = null, flags = 0, debugId = 68 }
09-13 04:59:31.318 W/DisconnectHandler(  901): No disconnect change found in the transition, not handling request.
09-13 04:59:31.318 V/ShellDesktopMode(  901): DesktopTasksController: skipping handleRequest reason=triggerTask's display doesn't support desktop mode
09-13 04:59:31.318 D/ShellSplitScreen(  901): logExit: no-op, mLoggerSessionId is null
09-13 04:59:31.318 W/libbinder.IPCThreadState(  647): Sending oneway calls to frozen process.
09-13 04:59:31.319 W/libbinder.IPCThreadState(  647): Sending oneway calls to frozen process.
09-13 04:59:31.319 W/libbinder.IPCThreadState(  647): Sending oneway calls to frozen process.
09-13 04:59:31.319 W/libbinder.IPCThreadState(  647): Sending oneway calls to frozen process.
09-13 04:59:31.319 W/libbinder.IPCThreadState(  647): Sending oneway calls to frozen process.
09-13 04:59:31.319 D/CompatChangeReporter(  647): Compat change id reported: 377864165; UID 10265; state: ENABLED
09-13 04:59:31.325 D/BaseActivity( 1040): Launcher flags updated: [state_started|state_resumed|state_deferred_resumed|state_window_focused] -[state_user_active]
09-13 04:59:31.331 V/GrammaticalInflectionUtils(  647): AttributionSource: android.content.AttributionSource@5f61412f does not have READ_SYSTEM_GRAMMATICAL_GENDER permission.
09-13 04:59:31.336 D/CompatChangeReporter(  647): Compat change id reported: 463899193; UID 10265; state: ENABLED
09-13 04:59:31.339 V/RecentTasksController(  901): Notify recent tasks changed
09-13 04:59:31.341 W/InputChannel-JNI(  647): Channel already disposed.
09-13 04:59:31.352 D/WindowManagerShell(  901): setLauncherKeepClearAreaHeight: visible=false, height=567
09-13 04:59:31.354 I/Surface (  901): Creating surface for consumer unnamed-901-39 with slotExpansion=1 for 64 slots
09-13 04:59:31.361 D/BaseActivity( 1040): Launcher flags updated: [state_started|state_window_focused] -[state_resumed|state_deferred_resumed]
09-13 04:59:31.364 I/Finsky  ( 2753): [2] Memory trim requested to level 40
09-13 04:59:31.367 I/Finsky  ( 2753): [2] Flushing in-memory image cache
09-13 04:59:31.369 I/Finsky  ( 2753): [2] Memory trim requested to level 40
09-13 04:59:31.369 I/Finsky  ( 2753): [2] Flushing in-memory image cache
09-13 04:59:31.371 W/SplitSelectStateCtor( 1040): Missing session instanceIds
09-13 04:59:31.371 D/StatsLog( 1040): LAUNCHER_SPLIT_SELECTION_EXIT_INTERRUPTED
09-13 04:59:31.374 I/Finsky  ( 2753): [2] amna - Received: android.intent.action.PACKAGE_ADDED, [lfVA22eHC30mMXAmgFMzLCyTTUPFqfghQFLfBgIAYJQ]
09-13 04:59:31.379 I/AppsFilter(  647): interaction: PackageSetting{568556d com.izzes.nears/10261} -> PackageSetting{7c5811a com.izzes.nears.nears_nears_3544_firebase_splash_hang/10265} BLOCKED
09-13 04:59:31.379 I/AppsFilter(  647): interaction: PackageSetting{804b233 com.izzes.nearsvendor/10259} -> PackageSetting{7c5811a com.izzes.nears.nears_nears_3544_firebase_splash_hang/10265} BLOCKED
09-13 04:59:31.392 V/WindowManager(  647): Defer transition id=68 for TaskFragmentTransaction=android.os.Binder@9fbae28
09-13 04:59:31.393 D/RecentsView( 1040): onTaskDisplayChanged: 60, new displayId = 0
09-13 04:59:31.393 D/RecentTasksList( 1040): invalidateLoadedTasks - previous requestLoadId: -1
09-13 04:59:31.394 I/libbinder.BpBinder(  481): onLastStrongRef automatically unlinking death recipients for binder (0xb40074ce22030ea0) with descriptor: '(not cached)'
09-13 04:59:31.399 V/WindowManager(  647): Continue transition id=68 for TaskFragmentTransaction=android.os.Binder@9fbae28
09-13 04:59:31.413 I/AiAiEcho( 1659): Settings changed for uri: content://settings/secure/accessibility_enabled
09-13 04:59:31.418 D/SatelliteController( 1026): packageStateChanged: package:com.izzes.nears.nears_nears_3544_firebase_splash_hang defaultSmsPackageName: com.google.android.apps.messaging satelliteGatewayServicePackageName: 
09-13 04:59:31.430 E/ConsumerBase(  901): [ImageReader-480x480f1u2816m2-901-17] abandonLocked: ConsumerBase is abandoned!
09-13 04:59:31.435 E/jumw    (28160): *~*~*~ Previous channel {0} was garbage collected without being shut down! ~*~*~*
09-13 04:59:31.435 E/jumw    (28160):     Make sure to call shutdown()/shutdownNow()
09-13 04:59:31.435 E/jumw    (28160): java.lang.RuntimeException: ManagedChannel allocation site
09-13 04:59:31.435 E/jumw    (28160): 	at jumv.<init>(:com.google.android.gms@263234035@26.32.34 (260400-968093310):21)
09-13 04:59:31.435 E/jumw    (28160): 	at jumw.<init>(:com.google.android.gms@263234035@26.32.34 (260400-968093310):10)
09-13 04:59:31.435 E/jumw    (28160): 	at jumu.a(:com.google.android.gms@263234035@26.32.34 (260400-968093310):300)
09-13 04:59:31.435 E/jumw    (28160): 	at jtul.a(:com.google.android.gms@263234035@26.32.34 (260400-968093310):5)
09-13 04:59:31.435 E/jumw    (28160): 	at dixu.f(:com.google.android.gms@263234035@26.32.34 (260400-968093310):144)
09-13 04:59:31.435 E/jumw    (28160): 	at iarc.a(:com.google.android.gms@263234035@26.32.34 (260400-968093310):177)
09-13 04:59:31.435 E/jumw    (28160): 	at hnyt.a(:com.google.android.gms@263234035@26.32.34 (260400-968093310):17)
09-13 04:59:31.435 E/jumw    (28160): 	at hwyb.a(:com.google.android.gms@263234035@26.32.34 (260400-968093310):3)
09-13 04:59:31.435 E/jumw    (28160): 	at hwxc.run(:com.google.android.gms@263234035@26.32.34 (260400-968093310):19)
09-13 04:59:31.435 E/jumw    (28160): 	at hwyd.run(:com.google.android.gms@263234035@26.32.34 (260400-968093310):5)
09-13 04:59:31.435 E/jumw    (28160): 	at bnli.d(:com.google.android.gms@263234035@26.32.34 (260400-968093310):50)
09-13 04:59:31.435 E/jumw    (28160): 	at bnli.c(:com.google.android.gms@263234035@26.32.34 (260400-968093310):6)
09-13 04:59:31.435 E/jumw    (28160): 	at bnli.run(:com.google.android.gms@263234035@26.32.34 (260400-968093310):33)
09-13 04:59:31.435 E/jumw    (28160): 	at java.util.concurrent.ThreadPoolExecutor.runWorker(ThreadPoolExecutor.java:1100)
09-13 04:59:31.435 E/jumw    (28160): 	at java.util.concurrent.ThreadPoolExecutor$Worker.run(ThreadPoolExecutor.java:624)
09-13 04:59:31.435 E/jumw    (28160): 	at bnri.run(:com.google.android.gms@263234035@26.32.34 (260400-968093310):8)
09-13 04:59:31.435 E/jumw    (28160): 	at java.lang.Thread.run(Thread.java:1572)
09-13 04:59:31.436 D/BaseActivity( 1040): Launcher flags updated: [state_started] -[state_window_focused]
09-13 04:59:31.438 E/jumw    (28160): *~*~*~ Previous channel {0} was garbage collected without being shut down! ~*~*~*
09-13 04:59:31.438 E/jumw    (28160):     Make sure to call shutdown()/shutdownNow()
09-13 04:59:31.438 E/jumw    (28160): java.lang.RuntimeException: ManagedChannel allocation site
09-13 04:59:31.438 E/jumw    (28160): 	at jumv.<init>(:com.google.android.gms@263234035@26.32.34 (260400-968093310):21)
09-13 04:59:31.438 E/jumw    (28160): 	at jumw.<init>(:com.google.android.gms@263234035@26.32.34 (260400-968093310):10)
09-13 04:59:31.438 E/jumw    (28160): 	at jumu.a(:com.google.android.gms@263234035@26.32.34 (260400-968093310):300)
09-13 04:59:31.438 E/jumw    (28160): 	at jtul.a(:com.google.android.gms@263234035@26.32.34 (260400-968093310):5)
09-13 04:59:31.438 E/jumw    (28160): 	at jual.a(:com.google.android.gms@263234035@26.32.34 (260400-968093310):18)
09-13 04:59:31.438 E/jumw    (28160): 	at aykd.c(:com.google.android.gms@263234035@26.32.34 (260400-968093310):65)
09-13 04:59:31.438 E/jumw    (28160): 	at aykd.<init>(:com.google.android.gms@263234035@26.32.34 (260400-968093310):41)
09-13 04:59:31.438 E/jumw    (28160): 	at bhbr.e(:com.google.android.gms@263234035@26.32.34 (260400-968093310):7)
09-13 04:59:31.438 E/jumw    (28160): 	at bhbz.a(:com.google.android.gms@263234035@26.32.34 (260400-968093310):7)
09-13 04:59:31.438 E/jumw    (28160): 	at com.google.android.gms.backup.settings.notifications.Pommel_BackupNotificationsTask.onCreate(:com.google.android.gms@263234035@26.32.34 (260400-968093310):17)
09-13 04:59:31.438 E/jumw    (28160): 	at acew.onCreate(:com.google.android.gms@263234035@26.32.34 (260400-968093310):8)
09-13 04:59:31.438 E/jumw    (28160): 	at bget.onCreate(:com.google.android.gms@263234035@26.32.34 (260400-968093310):27)
09-13 04:59:31.438 E/jumw    (28160): 	at acev.onCreate(:com.google.android.gms@263234035@26.32.34 (260400-968093310):5)
09-13 04:59:31.438 E/jumw    (28160): 	at acel.b(:com.google.android.gms@263234035@26.32.34 (260400-968093310):40)
09-13 04:59:31.438 E/jumw    (28160): 	at acej.onBind(:com.google.android.gms@263234035@26.32.34 (260400-968093310):67)
09-13 04:59:31.438 E/jumw    (28160): 	at bfzm.onBind(:com.google.android.gms@263234035@26.32.34 (260400-968093310):44)
09-13 04:59:31.438 E/jumw    (28160): 	at android.app.ActivityThread.handleBindService(ActivityThread.java:5673)
09-13 04:59:31.438 E/jumw    (28160): 	at android.app.ActivityThread.-$$Nest$mhandleBindService(ActivityThread.java:0)
09-13 04:59:31.438 E/jumw    (28160): 	at android.app.ActivityThread$H.handleMessage(ActivityThread.java:2825)
09-13 04:59:31.438 E/jumw    (28160): 	at android.os.Handler.dispatchMessageImpl(Handler.java:142)
09-13 04:59:31.438 E/jumw    (28160): 	at android.os.Handler.dispatchMessage(Handler.java:125)
09-13 04:59:31.438 E/jumw    (28160): 	at android.os.Looper.loopOnce(Looper.java:296)
09-13 04:59:31.438 E/jumw    (28160): 	at android.os.Looper.loop(Looper.java:397)
09-13 04:59:31.438 E/jumw    (28160): 	at android.app.ActivityThread.main(ActivityThread.java:9523)
09-13 04:59:31.438 E/jumw    (28160): 	at java.lang.reflect.Method.invoke(Native Method)
09-13 04:59:31.438 E/jumw    (28160): 	at com.android.internal.os.RuntimeInit$MethodAndArgsCaller.run(RuntimeInit.java:575)
09-13 04:59:31.438 E/jumw    (28160): 	at com.android.internal.os.ZygoteInit.main(ZygoteInit.java:939)
09-13 04:59:31.438 E/jumw    (28160): *~*~*~ Previous channel {0} was garbage collected without being shut down! ~*~*~*
09-13 04:59:31.438 E/jumw    (28160):     Make sure to call shutdown()/shutdownNow()
09-13 04:59:31.438 E/jumw    (28160): java.lang.RuntimeException: ManagedChannel allocation site
09-13 04:59:31.438 E/jumw    (28160): 	at jumv.<init>(:com.google.android.gms@263234035@26.32.34 (260400-968093310):21)
09-13 04:59:31.438 E/jumw    (28160): 	at jumw.<init>(:com.google.android.gms@263234035@26.32.34 (260400-968093310):10)
09-13 04:59:31.438 E/jumw    (28160): 	at jumu.a(:com.google.android.gms@263234035@26.32.34 (260400-968093310):300)
09-13 04:59:31.438 E/jumw    (28160): 	at jtul.a(:com.google.android.gms@263234035@26.32.34 (260400-968093310):5)
09-13 04:59:31.438 E/jumw    (28160): 	at dixu.f(:com.google.android.gms@263234035@26.32.34 (260400-968093310):144)
09-13 04:59:31.438 E/jumw    (28160): 	at iarc.a(:com.google.android.gms@263234035@26.32.34 (260400-968093310):177)
09-13 04:59:31.438 E/jumw    (28160): 	at hnyt.a(:com.google.android.gms@263234035@26.32.34 (260400-968093310):17)
09-13 04:59:31.438 E/jumw    (28160): 	at hwyb.a(:com.google.android.gms@263234035@26.32.34 (260400-968093310):3)
09-13 04:59:31.438 E/jumw    (28160): 	at hwxc.run(:com.google.android.gms@263234035@26.32.34 (260400-968093310):19)
09-13 04:59:31.438 E/jumw    (28160): 	at hwyd.run(:com.google.android.gms@263234035@26.32.34 (260400-968093310):5)
09-13 04:59:31.438 E/jumw    (28160): 	at bnli.d(:com.google.android.gms@263234035@26.32.34 (260400-968093310):50)
09-13 04:59:31.438 E/jumw    (28160): 	at bnli.c(:com.google.android.gms@263234035@26.32.34 (260400-968093310):6)
09-13 04:59:31.438 E/jumw    (28160): 	at bnli.run(:com.google.android.gms@263234035@26.32.34 (260400-968093310):33)
09-13 04:59:31.438 E/jumw    (28160): 	at java.util.concurrent.ThreadPoolExecutor.runWorker(ThreadPoolExecutor.java:1100)
09-13 04:59:31.438 E/jumw    (28160): 	at java.util.concurrent.ThreadPoolExecutor$Worker.run(ThreadPoolExecutor.java:624)
09-13 04:59:31.438 E/jumw    (28160): 	at bnri.run(:com.google.android.gms@263234035@26.32.34 (260400-968093310):8)
09-13 04:59:31.438 E/jumw    (28160): 	at java.lang.Thread.run(Thread.java:1572)
09-13 04:59:31.438 E/jumw    (28160): *~*~*~ Previous channel {0} was garbage collected without being shut down! ~*~*~*
09-13 04:59:31.438 E/jumw    (28160):     Make sure to call shutdown()/shutdownNow()
09-13 04:59:31.438 E/jumw    (28160): java.lang.RuntimeException: ManagedChannel allocation site
09-13 04:59:31.438 E/jumw    (28160): 	at jumv.<init>(:com.google.android.gms@263234035@26.32.34 (260400-968093310):21)
09-13 04:59:31.438 E/jumw    (28160): 	at jumw.<init>(:com.google.android.gms@263234035@26.32.34 (260400-968093310):10)
09-13 04:59:31.438 E/jumw    (28160): 	at jumu.a(:com.google.android.gms@263234035@26.32.34 (260400-968093310):300)
09-13 04:59:31.438 E/jumw    (28160): 	at jtul.a(:com.google.android.gms@263234035@26.32.34 (260400-968093310):5)
09-13 04:59:31.438 E/jumw    (28160): 	at jual.a(:com.google.android.gms@263234035@26.32.34 (260400-968093310):18)
09-13 04:59:31.438 E/jumw    (28160): 	at aykd.c(:com.google.android.gms@263234035@26.32.34 (260400-968093310):65)
09-13 04:59:31.438 E/jumw    (28160): 	at aykd.<init>(:com.google.android.gms@263234035@26.32.34 (260400-968093310):60)
09-13 04:59:31.438 E/jumw    (28160): 	at bhbr.e(:com.google.android.gms@263234035@26.32.34 (260400-968093310):7)
09-13 04:59:31.438 E/jumw    (28160): 	at bhbz.a(:com.google.android.gms@263234035@26.32.34 (260400-968093310):7)
09-13 04:59:31.438 E/jumw    (28160): 	at com.google.android.gms.backup.settings.notifications.Pommel_BackupNotificationsTask.onCreate(:com.google.android.gms@263234035@26.32.34 (260400-968093310):17)
09-13 04:59:31.438 E/jumw    (28160): 	at acew.onCreate(:com.google.android.gms@263234035@26.32.34 (260400-968093310):8)
09-13 04:59:31.438 E/jumw    (28160): 	at bget.onCreate(:com.google.android.gms@263234035@26.32.34 (260400-968093310):27)
09-13 04:59:31.438 E/jumw    (28160): 	at acev.onCreate(:com.google.android.gms@263234035@26.32.34 (260400-968093310):5)
09-13 04:59:31.438 E/jumw    (28160): 	at acel.b(:com.google.android.gms@263234035@26.32.34 (260400-968093310):40)
09-13 04:59:31.438 E/jumw    (28160): 	at acej.onBind(:com.google.android.gms@263234035@26.32.34 (260400-968093310):67)
09-13 04:59:31.438 E/jumw    (28160): 	at bfzm.onBind(:com.google.android.gms@263234035@26.32.34 (260400-968093310):44)
09-13 04:59:31.438 E/jumw    (28160): 	at android.app.ActivityThread.handleBindService(ActivityThread.java:5673)
09-13 04:59:31.438 E/jumw    (28160): 	at android.app.ActivityThread.-$$Nest$mhandleBindService(ActivityThread.java:0)
09-13 04:59:31.438 E/jumw    (28160): 	at android.app.ActivityThread$H.handleMessage(ActivityThread.java:2825)
09-13 04:59:31.438 E/jumw    (28160): 	at android.os.Handler.dispatchMessageImpl(Handler.java:142)
09-13 04:59:31.438 E/jumw    (28160): 	at android.os.Handler.dispatchMessage(Handler.java:125)
09-13 04:59:31.438 E/jumw    (28160): 	at android.os.Looper.loopOnce(Looper.java:296)
09-13 04:59:31.438 E/jumw    (28160): 	at android.os.Looper.loop(Looper.java:397)
09-13 04:59:31.438 E/jumw    (28160): 	at android.app.ActivityThread.main(ActivityThread.java:9523)
09-13 04:59:31.438 E/jumw    (28160): 	at java.lang.reflect.Method.invoke(Native Method)
09-13 04:59:31.438 E/jumw    (28160): 	at com.android.internal.os.RuntimeInit$MethodAndArgsCaller.run(RuntimeInit.java:575)
09-13 04:59:31.438 E/jumw    (28160): 	at com.android.internal.os.ZygoteInit.main(ZygoteInit.java:939)
09-13 04:59:31.438 D/WindowManager(  647): setClientSurface Surface(name=VRI-Splash Screen com.izzes.nears.nears_nears_3544_firebase_splash_hang#1351)/@0xe8af158 for 5b82a3c Splash Screen com.izzes.nears.nears_nears_3544_firebase_splash_hang
09-13 04:59:31.439 E/jumw    (28160): *~*~*~ Previous channel {0} was garbage collected without being shut down! ~*~*~*
09-13 04:59:31.439 E/jumw    (28160):     Make sure to call shutdown()/shutdownNow()
09-13 04:59:31.439 E/jumw    (28160): java.lang.RuntimeException: ManagedChannel allocation site
09-13 04:59:31.439 E/jumw    (28160): 	at jumv.<init>(:com.google.android.gms@263234035@26.32.34 (260400-968093310):21)
09-13 04:59:31.439 E/jumw    (28160): 	at jumw.<init>(:com.google.android.gms@263234035@26.32.34 (260400-968093310):10)
09-13 04:59:31.439 E/jumw    (28160): 	at jumu.a(:com.google.android.gms@263234035@26.32.34 (260400-968093310):300)
09-13 04:59:31.439 E/jumw    (28160): 	at jtul.a(:com.google.android.gms@263234035@26.32.34 (260400-968093310):5)
09-13 04:59:31.439 E/jumw    (28160): 	at jual.a(:com.google.android.gms@263234035@26.32.34 (260400-968093310):18)
09-13 04:59:31.439 E/jumw    (28160): 	at aykd.c(:com.google.android.gms@263234035@26.32.34 (260400-968093310):65)
09-13 04:59:31.439 E/jumw    (28160): 	at aykd.<init>(:com.google.android.gms@263234035@26.32.34 (260400-968093310):20)
09-13 04:59:31.439 E/jumw    (28160): 	at bhbr.e(:com.google.android.gms@263234035@26.32.34 (260400-968093310):7)
09-13 04:59:31.439 E/jumw    (28160): 	at bhbz.a(:com.google.android.gms@263234035@26.32.34 (260400-968093310):7)
09-13 04:59:31.439 E/jumw    (28160): 	at com.google.android.gms.backup.settings.notifications.Pommel_BackupNotificationsTask.onCreate(:com.google.android.gms@263234035@26.32.34 (260400-968093310):17)
09-13 04:59:31.439 E/jumw    (28160): 	at acew.onCreate(:com.google.android.gms@263234035@26.32.34 (260400-968093310):8)
09-13 04:59:31.439 E/jumw    (28160): 	at bget.onCreate(:com.google.android.gms@263234035@26.32.34 (260400-968093310):27)
09-13 04:59:31.439 E/jumw    (28160): 	at acev.onCreate(:com.google.android.gms@263234035@26.32.34 (260400-968093310):5)
09-13 04:59:31.439 E/jumw    (28160): 	at acel.b(:com.google.android.gms@263234035@26.32.34 (260400-968093310):40)
09-13 04:59:31.439 E/jumw    (28160): 	at acej.onBind(:com.google.android.gms@263234035@26.32.34 (260400-968093310):67)
09-13 04:59:31.439 E/jumw    (28160): 	at bfzm.onBind(:com.google.android.gms@263234035@26.32.34 (260400-968093310):44)
09-13 04:59:31.439 E/jumw    (28160): 	at android.app.ActivityThread.handleBindService(ActivityThread.java:5673)
09-13 04:59:31.439 E/jumw    (28160): 	at android.app.ActivityThread.-$$Nest$mhandleBindService(ActivityThread.java:0)
09-13 04:59:31.439 E/jumw    (28160): 	at android.app.ActivityThread$H.handleMessage(ActivityThread.java:2825)
09-13 04:59:31.439 E/jumw    (28160): 	at android.os.Handler.dispatchMessageImpl(Handler.java:142)
09-13 04:59:31.439 E/jumw    (28160): 	at android.os.Handler.dispatchMessage(Handler.java:125)
09-13 04:59:31.439 E/jumw    (28160): 	at android.os.Looper.loopOnce(Looper.java:296)
09-13 04:59:31.439 E/jumw    (28160): 	at android.os.Looper.loop(Looper.java:397)
09-13 04:59:31.439 E/jumw    (28160): 	at android.app.ActivityThread.main(ActivityThread.java:9523)
09-13 04:59:31.439 E/jumw    (28160): 	at java.lang.reflect.Method.invoke(Native Method)
09-13 04:59:31.439 E/jumw    (28160): 	at com.android.internal.os.RuntimeInit$MethodAndArgsCaller.run(RuntimeInit.java:575)
09-13 04:59:31.439 E/jumw    (28160): 	at com.android.internal.os.ZygoteInit.main(ZygoteInit.java:939)
09-13 04:59:31.439 E/jumw    (28160): *~*~*~ Previous channel {0} was garbage collected without being shut down! ~*~*~*
09-13 04:59:31.439 E/jumw    (28160):     Make sure to call shutdown()/shutdownNow()
09-13 04:59:31.439 E/jumw    (28160): java.lang.RuntimeException: ManagedChannel allocation site
09-13 04:59:31.439 E/jumw    (28160): 	at jumv.<init>(:com.google.android.gms@263234035@26.32.34 (260400-968093310):21)
09-13 04:59:31.439 E/jumw    (28160): 	at jumw.<init>(:com.google.android.gms@263234035@26.32.34 (260400-968093310):10)
09-13 04:59:31.439 E/jumw    (28160): 	at jumu.a(:com.google.android.gms@263234035@26.32.34 (260400-968093310):300)
09-13 04:59:31.439 E/jumw    (28160): 	at jtul.a(:com.google.android.gms@263234035@26.32.34 (260400-968093310):5)
09-13 04:59:31.439 E/jumw    (28160): 	at dixu.f(:com.google.android.gms@263234035@26.32.34 (260400-968093310):144)
09-13 04:59:31.439 E/jumw    (28160): 	at iarc.a(:com.google.android.gms@263234035@26.32.34 (260400-968093310):177)
09-13 04:59:31.439 E/jumw    (28160): 	at hnyt.a(:com.google.android.gms@263234035@26.32.34 (260400-968093310):17)
09-13 04:59:31.439 E/jumw    (28160): 	at hwyb.a(:com.google.android.gms@263234035@26.32.34 (260400-968093310):3)
09-13 04:59:31.439 E/jumw    (28160): 	at hwxc.run(:com.google.android.gms@263234035@26.32.34 (260400-968093310):19)
09-13 04:59:31.439 E/jumw    (28160): 	at hwyd.run(:com.google.android.gms@263234035@26.32.34 (260400-968093310):5)
09-13 04:59:31.439 E/jumw    (28160): 	at bnli.d(:com.google.android.gms@263234035@26.32.34 (260400-968093310):50)
09-13 04:59:31.439 E/jumw    (28160): 	at bnli.c(:com.google.android.gms@263234035@26.32.34 (260400-968093310):6)
09-13 04:59:31.439 E/jumw    (28160): 	at bnli.run(:com.google.android.gms@263234035@26.32.34 (260400-968093310):33)
09-13 04:59:31.439 E/jumw    (28160): 	at java.util.concurrent.ThreadPoolExecutor.runWorker(ThreadPoolExecutor.java:1100)
09-13 04:59:31.439 E/jumw    (28160): 	at java.util.concurrent.ThreadPoolExecutor$Worker.run(ThreadPoolExecutor.java:624)
09-13 04:59:31.439 E/jumw    (28160): 	at bnri.run(:com.google.android.gms@263234035@26.32.34 (260400-968093310):8)
09-13 04:59:31.439 E/jumw    (28160): 	at java.lang.Thread.run(Thread.java:1572)
09-13 04:59:31.442 I/Surface (  901): Creating surface for consumer unnamed-901-40 with slotExpansion=1 for 64 slots
09-13 04:59:31.443 E/jumw    (28160): *~*~*~ Previous channel {0} was garbage collected without being shut down! ~*~*~*
09-13 04:59:31.443 E/jumw    (28160):     Make sure to call shutdown()/shutdownNow()
09-13 04:59:31.443 E/jumw    (28160): java.lang.RuntimeException: ManagedChannel allocation site
09-13 04:59:31.443 E/jumw    (28160): 	at jumv.<init>(:com.google.android.gms@263234035@26.32.34 (260400-968093310):21)
09-13 04:59:31.443 E/jumw    (28160): 	at jumw.<init>(:com.google.android.gms@263234035@26.32.34 (260400-968093310):10)
09-13 04:59:31.443 E/jumw    (28160): 	at jumu.a(:com.google.android.gms@263234035@26.32.34 (260400-968093310):300)
09-13 04:59:31.443 E/jumw    (28160): 	at jtul.a(:com.google.android.gms@263234035@26.32.34 (260400-968093310):5)
09-13 04:59:31.443 E/jumw    (28160): 	at bnfa.b(:com.google.android.gms@263234035@26.32.34 (260400-968093310):53)
09-13 04:59:31.443 E/jumw    (28160): 	at bner.t(:com.google.android.gms@263234035@26.32.34 (260400-968093310):51)
09-13 04:59:31.443 E/jumw    (28160): 	at bner.f(:com.google.android.gms@263234035@26.32.34 (260400-968093310):5)
09-13 04:59:31.443 E/jumw    (28160): 	at fsok.c(:com.google.android.gms@263234035@26.32.34 (260400-968093310):47)
09-13 04:59:31.443 E/jumw    (28160): 	at com.google.android.gms.semanticlocationhistory.db.OdlhPppCleanupJob.j(:com.google.android.gms@263234035@26.32.34 (260400-968093310):151)
09-13 04:59:31.443 E/jumw    (28160): 	at com.google.android.gms.semanticlocationhistory.db.OdlhPppCleanupJob.e(:com.google.android.gms@263234035@26.32.34 (260400-968093310):2545)
09-13 04:59:31.443 E/jumw    (28160): 	at dhui.b(:com.google.android.gms@263234035@26.32.34 (260400-968093310):3)
09-13 04:59:31.443 E/jumw    (28160): 	at dhuh.a(:com.google.android.gms@263234035@26.32.34 (260400-968093310):14)
09-13 04:59:31.443 E/jumw    (28160): 	at hwyb.a(:com.google.android.gms@263234035@26.32.34 (260400-968093310):3)
09-13 04:59:31.443 E/jumw    (28160): 	at hwxc.run(:com.google.android.gms@263234035@26.32.34 (260400-968093310):19)
09-13 04:59:31.443 E/jumw    (28160): 	at hwyd.run(:com.google.android.gms@263234035@26.32.34 (260400-968093310):5)
09-13 04:59:31.443 E/jumw    (28160): 	at bnli.d(:com.google.android.gms@263234035@26.32.34 (260400-968093310):50)
09-13 04:59:31.443 E/jumw    (28160): 	at bnli.c(:com.google.android.gms@263234035@26.32.34 (260400-968093310):6)
09-13 04:59:31.443 E/jumw    (28160): 	at bnli.run(:com.google.android.gms@263234035@26.32.34 (260400-968093310):33)
09-13 04:59:31.443 E/jumw    (28160): 	at java.util.concurrent.ThreadPoolExecutor.runWorker(ThreadPoolExecutor.java:1100)
09-13 04:59:31.443 E/jumw    (28160): 	at java.util.concurrent.ThreadPoolExecutor$Worker.run(ThreadPoolExecutor.java:624)
09-13 04:59:31.443 E/jumw    (28160): 	at bnri.run(:com.google.android.gms@263234035@26.32.34 (260400-968093310):8)
09-13 04:59:31.443 E/jumw    (28160): 	at java.lang.Thread.run(Thread.java:1572)
09-13 04:59:31.444 I/Surface (  901): Creating surface for consumer VRI[nears_nears_3544_firebase_splash_hang]#22(BLAST Consumer)22 with slotExpansion=1 for 64 slots
09-13 04:59:31.450 D/SatelliteAccessController( 1026): Current default SMS app:ComponentInfo{com.google.android.apps.messaging/com.google.android.apps.messaging.shared.receiver.SmsDeliverReceiver}
09-13 04:59:31.450 D/SatelliteController( 1026): getSelectedSatelliteSubId: subId=-1
09-13 04:59:31.452 D/SatelliteAccessController( 1026): supportedMsgApps:com.google.android.apps.messaging
09-13 04:59:31.459 D/LauncherAppsService(  647): onPackageAdded: user=UserHandle{0}, packageName=com.izzes.nears.nears_nears_3544_firebase_splash_hang
09-13 04:59:31.459 D/LauncherAppsService(  647): onPackageAdded: triggering onPackageAdded for user=UserHandle{0}, packageName=com.izzes.nears.nears_nears_3544_firebase_splash_hang
09-13 04:59:31.459 D/LauncherAppsService(  647): onPackageAdded: triggering onPackageAdded for user=UserHandle{0}, packageName=com.izzes.nears.nears_nears_3544_firebase_splash_hang
09-13 04:59:31.459 D/LauncherAppsService(  647): onPackageAdded: triggering onPackageAdded for user=UserHandle{0}, packageName=com.izzes.nears.nears_nears_3544_firebase_splash_hang
09-13 04:59:31.460 D/LauncherApps( 1040): onPackageAdded 0,com.izzes.nears.nears_nears_3544_firebase_splash_hang
09-13 04:59:31.460 D/LauncherAppsService(  647): onPackageAdded: Skipping - package filtered for user=UserHandle{0}, packageName=com.izzes.nears.nears_nears_3544_firebase_splash_hang
09-13 04:59:31.461 W/PackageManager(  647): Failed registering loading progress callback. Package is fully loaded.
09-13 04:59:31.463 I/AppBindingService(  647): [Supervision app] feature disabled
09-13 04:59:31.464 D/LauncherApps(  901): onPackageAdded 0,com.izzes.nears.nears_nears_3544_firebase_splash_hang
09-13 04:59:31.466 D/LauncherAppsCallbackImpl( 1040): onPackageAdded triggered for packageName=com.izzes.nears.nears_nears_3544_firebase_splash_hang, user=UserHandle{0}
09-13 04:59:31.469 D/LauncherApps( 1659): onPackageAdded 0,com.izzes.nears.nears_nears_3544_firebase_splash_hang
09-13 04:59:31.471 I/AiAiEcho( 1659): Predicting[0]:  [CONTEXT sampling_count=5 ]
09-13 04:59:31.471 I/AiAiEcho( 1659): EchoTargets: 
09-13 04:59:31.471 I/AiAiEcho( 1659): Filtered by AiAi flag check: 
09-13 04:59:31.471 I/AiAiEcho( 1659): [CONTEXT ratelimit_period="10 SECONDS" ]
09-13 04:59:31.471 I/AiAiEcho( 1659): #remoteViewsTwiddler: feature disabled.
09-13 04:59:31.471 I/AiAiEcho( 1659): Predicting[0]:  [CONTEXT sampling_count=5 ]
09-13 04:59:31.471 I/AiAiEcho( 1659): EchoTargets: 
09-13 04:59:31.471 I/AiAiEcho( 1659): Filtered by AiAi flag check: 
09-13 04:59:31.471 I/AiAiEcho( 1659): [CONTEXT ratelimit_period="10 SECONDS" ]
09-13 04:59:31.471 I/AiAiEcho( 1659): #remoteViewsTwiddler: feature disabled.
09-13 04:59:31.471 I/AiAiEcho( 1659): Predicting[0]:  [CONTEXT sampling_count=5 ]
09-13 04:59:31.471 I/AiAiEcho( 1659): EchoTargets: 
09-13 04:59:31.471 I/AiAiEcho( 1659): Filtered by AiAi flag check: 
09-13 04:59:31.471 I/AiAiEcho( 1659): [CONTEXT ratelimit_period="10 SECONDS" ]
09-13 04:59:31.471 I/AiAiEcho( 1659): #remoteViewsTwiddler: feature disabled.
09-13 04:59:31.472 D/ActivityManager(  647): sync unfroze 3431 com.android.vending:background for 3
09-13 04:59:31.472 W/TimedProcessReaper( 1572): Current importance is: 100
09-13 04:59:31.474 W/libbinder.IPCThreadState(  529): Sending oneway calls to frozen process.
09-13 04:59:31.475 V/WindowManagerShell(  901): onTransitionReady(transaction=2778843864518)
09-13 04:59:31.475 V/WindowManagerShell(  901): onTransitionReady (#68) android.os.BinderProxy@8dd8e70: {id=68 t=OPEN f=0x0 trk=0 r=[0@Point(0, 0)] c=[
09-13 04:59:31.475 V/WindowManagerShell(  901):         {m=OPEN f=MOVE_TO_TOP|FLAG_CHANGED_INTERACTIVE leash=Surface(name=Task=60#1348)/@0x8e33c85 sb=Rect(0, 0 - 1344, 2992) eb=Rect(0, 0 - 1344, 2992) epz=Point(1344, 2992) d=0 taskParent=-1 winMode=1 userId=0},
09-13 04:59:31.475 V/WindowManagerShell(  901):         {m=TO_BACK f=SHOW_WALLPAPER|FLAG_CHANGED_INTERACTIVE leash=Surface(name=Task=1#35)/@0x90f7ada sb=Rect(0, 0 - 1344, 2992) eb=Rect(0, 0 - 1344, 2992) epz=Point(1344, 2992) d=0 taskParent=-1 winMode=1 userId=0},
09-13 04:59:31.475 V/WindowManagerShell(  901):         {m=TO_BACK f=IS_WALLPAPER leash=Surface(name=WallpaperWindowToken{725b1e7}#54)/@0x1a1eb0b sb=Rect(0, 0 - 1344, 2992) eb=Rect(0, 0 - 1344, 2992) epz=Point(1344, 2992) d=0}
09-13 04:59:31.475 V/WindowManagerShell(  901):     ]}
09-13 04:59:31.475 D/AccessibilitySourceService( 1315): enabled a11y services count 0
09-13 04:59:31.475 I/Finsky:background( 3431): [2] Memory trim requested to level 40
09-13 04:59:31.475 D/AccessibilitySourceService( 1315): a11y source sending 0 issue to sc
09-13 04:59:31.476 D/SafetySourceDataValidat(  647): No cert check requested for package com.google.android.permissioncontroller
09-13 04:59:31.476 V/WindowManagerShell(  901): Playing animation for (#68) android.os.BinderProxy@8dd8e70@0
09-13 04:59:31.476 D/ShellSplitScreen(  901): startAnimation: transition=68 isSplitActive=false
09-13 04:59:31.476 V/ShellRecents(  901): RecentsTransitionHandler.startAnimation: no controller found
09-13 04:59:31.476 V/ShellDesktopMode(  901): DesktopMixedTransitionHandler: No pending desktop transition
09-13 04:59:31.476 V/WindowManagerShell(  901): Transition doesn't have explicit remote, search filters for match for {id=68 t=OPEN f=0x0 trk=0 r=[0@Point(0, 0)] c=[{m=OPEN f=MOVE_TO_TOP|FLAG_CHANGED_INTERACTIVE leash=Surface(name=Task=60#1348)/@0x8e33c85 sb=Rect(0, 0 - 1344, 2992) eb=Rect(0, 0 - 1344, 2992) epz=Point(1344, 2992) d=0 taskParent=-1 winMode=1 userId=0},{m=TO_BACK f=SHOW_WALLPAPER|FLAG_CHANGED_INTERACTIVE leash=Surface(name=Task=1#35)/@0x90f7ada sb=Rect(0, 0 - 1344, 2992) eb=Rect(0, 0 - 1344, 2992) epz=Point(1344, 2992) d=0 taskParent=-1 winMode=1 userId=0},{m=TO_BACK f=IS_WALLPAPER leash=Surface(name=WallpaperWindowToken{725b1e7}#54)/@0x1a1eb0b sb=Rect(0, 0 - 1344, 2992) eb=Rect(0, 0 - 1344, 2992) epz=Point(1344, 2992) d=0}]}
09-13 04:59:31.476 V/WindowManagerShell(  901):  Checking filter Pair{{types=[] flags=0x0 notFlags=0x0 checks=[{atype=undefined independent=true modes=[CLOSE,TO_BACK] flags=IN_TASK_WITH_EMBEDDED_ACTIVITY mustBeTask=false order=ANY topActivity=null launchCookie=null taskFragmentToken=android.os.BinderProxy@3dd4463 windowingMode=undefined isCrossDisplayMove=false}]} RemoteTransition { remoteTransition = android.window.IRemoteTransition$Stub$Proxy@79e7860, appThread = android.app.IApplicationThread$Stub$Proxy@166b119, debugName = overlayBackTransition, filter = {types=[] flags=0x0 notFlags=0x0 checks=[{atype=undefined independent=true modes=[CLOSE,TO_BACK] flags=IN_TASK_WITH_EMBEDDED_ACTIVITY mustBeTask=false order=ANY topActivity=null launchCookie=null taskFragmentToken=android.os.BinderProxy@3dd4463 windowingMode=undefined isCrossDisplayMove=false}]} }}
09-13 04:59:31.476 I/AiAiEcho( 1659): #postPredictionTargets: Sending updates to UISurface ambientcue with targets# 0 (types=[])
09-13 04:59:31.476 V/WindowManagerShell(  901):  Checking filter Pair{{types=[] flags=0x0 notFlags=0x0 checks=[{atype=dream independent=true modes=[OPEN,TO_FRONT] flags=NONE mustBeTask=false order=ANY topActivity=null launchCookie=null windowingMode=undefined isCrossDisplayMove=false},{atype=home independent=true modes=[CLOSE,TO_BACK] flags=NONE mustBeTask=false order=ANY topActivity=null launchCookie=null windowingMode=undefined isCrossDisplayMove=false}]} RemoteTransition { remoteTransition = android.window.IRemoteTransition$Stub$Proxy@50535de, appThread = android.app.IApplicationThread$Stub$Proxy@155c3bf, debugName = LauncherToDream, filter = {types=[] flags=0x0 notFlags=0x0 checks=[{atype=dream independent=true modes=[OPEN,TO_FRONT] flags=NONE mustBeTask=false order=ANY topActivity=null launchCookie=null windowingMode=undefined isCrossDisplayMove=false},{atype=home independent=true modes=[CLOSE,TO_BACK] flags=NONE mustBeTask=false order=ANY topActivity=null launchCookie=null windowingMode=undefined isCrossDisplayMove=false}]} }}
09-13 04:59:31.476 V/WindowManagerShell(  901):  Checking filter Pair{{types=[] flags=0x0 notFlags=0x0 checks=[{atype=standard independent=false modes=[CHANGE] flags=NONE mustBeTask=true order=ANY topActivity=null launchCookie=null windowingMode=undefined isCrossDisplayMove=true}]} RemoteTransition { remoteTransition = android.window.IRemoteTransition$Stub$Proxy@7e2ba8c, appThread = android.app.IApplicationThread$Stub$Proxy@4a845d5, debugName = QuickstepDisplayMove, filter = {types=[] flags=0x0 notFlags=0x0 checks=[{atype=standard independent=false modes=[CHANGE] flags=NONE mustBeTask=true order=ANY topActivity=null launchCookie=null windowingMode=undefined isCrossDisplayMove=true}]} }}
09-13 04:59:31.477 V/WindowManagerShell(  901):  Checking filter Pair{{types=[] flags=0x0 notFlags=0x100 checks=[{atype=home independent=true modes=[OPEN,TO_FRONT] flags=NONE mustBeTask=false order=ANY topActivity=ComponentInfo{com.google.android.apps.nexuslauncher/com.google.android.apps.nexuslauncher.NexusLauncherActivity} launchCookie=null windowingMode=undefined isCrossDisplayMove=false},{atype=standard independent=true modes=[CLOSE,TO_BACK] flags=NONE mustBeTask=false order=ANY topActivity=null launchCookie=null windowingMode=undefined isCrossDisplayMove=false},{NOT atype=undefined independent=true modes=[] flags=NONE mustBeTask=true order=ANY topActivity=null launchCookie=null customAnim=true windowingMode=undefined isCrossDisplayMove=false}]} RemoteTransition { remoteTransition = android.window.IRemoteTransition$Stub$Proxy@8aad1ea, appThread = android.app.IApplicationThread$Stub$Proxy@1acdcdb, debugName = QuickstepLaunchHome, filter = {types=[] flags=0x0 notFlags=0x100 checks=[{atype=home independent=true modes=[OPEN,TO_FRONT] flags=NONE mustBeTask=false order=ANY topActivity=ComponentInfo{com.google.android.apps.nexuslauncher/com.google.android.apps.nexuslauncher.NexusLauncherActivity} launchCookie=null windowingMode=undefined isCrossDisplayMove=false},{atype=standard independent=true modes=[CLOSE,TO_BACK] flags=NONE mustBeTask=false order=ANY topActivity=null launchCookie=null windowingMode=undefined isCrossDisplayMove=false},{NOT atype=undefined independent=true modes=[] flags=NONE mustBeTask=true order=ANY topActivity=null launchCookie=null customAnim=true windowingMode=undefined isCrossDisplayMove=false}]} }}
09-13 04:59:31.477 V/WindowManagerShell(  901):  Checking filter Pair{{types=[OPEN,TO_FRONT] flags=0x0 notFlags=0x0 checks=[{atype=standard independent=true modes=[OPEN,TO_FRONT] flags=NONE mustBeTask=true order=ANY topActivity=null launchCookie=null windowingMode=freeform isCrossDisplayMove=false}]} RemoteTransition { remoteTransition = android.window.IRemoteTransition$Stub$Proxy@65f42e3, appThread = null, debugName = DesktopWindowLimitUnminimize, filter = {types=[OPEN,TO_FRONT] flags=0x0 notFlags=0x0 checks=[{atype=standard independent=true modes=[OPEN,TO_FRONT] flags=NONE mustBeTask=true order=ANY topActivity=null launchCookie=null windowingMode=freeform isCrossDisplayMove=false}]} }}
09-13 04:59:31.477 V/WindowManagerShell(  901):  Delegate animation for (#68) to null
09-13 04:59:31.477 V/WindowManagerShell(  901): start default transition animation, info = {id=68 t=OPEN f=0x0 trk=0 r=[0@Point(0, 0)] c=[{m=OPEN f=MOVE_TO_TOP|FLAG_CHANGED_INTERACTIVE leash=Surface(name=Task=60#1348)/@0x8e33c85 sb=Rect(0, 0 - 1344, 2992) eb=Rect(0, 0 - 1344, 2992) epz=Point(1344, 2992) d=0 taskParent=-1 winMode=1 userId=0},{m=TO_BACK f=SHOW_WALLPAPER|FLAG_CHANGED_INTERACTIVE leash=Surface(name=Task=1#35)/@0x90f7ada sb=Rect(0, 0 - 1344, 2992) eb=Rect(0, 0 - 1344, 2992) epz=Point(1344, 2992) d=0 taskParent=-1 winMode=1 userId=0},{m=TO_BACK f=IS_WALLPAPER leash=Surface(name=WallpaperWindowToken{725b1e7}#54)/@0x1a1eb0b sb=Rect(0, 0 - 1344, 2992) eb=Rect(0, 0 - 1344, 2992) epz=Point(1344, 2992) d=0}]}
09-13 04:59:31.477 V/WindowManagerShell(  901): loadAnimation: anim=android.view.animation.AnimationSet@9a01c01 animAttr=0x13 type=OPEN isEntrance=false
09-13 04:59:31.477 I/AiAiEcho( 1659): AppFetcherImplV2 updateApps package:[com.izzes.nears.nears_nears_3544_firebase_splash_hang], userId:[0], reason:[package is added.].
09-13 04:59:31.477 V/WindowManagerShell(  901): loadAnimation: anim=android.view.animation.AnimationSet@b7a6aa6 animAttr=0x12 type=OPEN isEntrance=true
09-13 04:59:31.479 D/AccessibilitySourceService( 1315): enabled a11y services count 0
09-13 04:59:31.479 D/AccessibilitySourceService( 1315): a11y source sending 0 issue to sc
09-13 04:59:31.480 D/SafetySourceDataValidat(  647): No cert check requested for package com.google.android.permissioncontroller
09-13 04:59:31.480 V/WindowManagerShell(  901):  animated by com.android.wm.shell.transition.DefaultTransitionHandler@47a0400
09-13 04:59:31.480 V/ShellTaskOrganizer(  901): Task appeared taskId=60 listener=FullscreenTaskListener
09-13 04:59:31.480 V/ShellTaskOrganizer(  901): Fullscreen Task Appeared: #60
09-13 04:59:31.481 V/RecentTasksController(  901): Notify recent tasks changed
09-13 04:59:31.482 V/WindowManager(  647): Sent Transition (#68) createdAt=09-13 04:59:31.312 via request=TransitionRequestInfo { type = OPEN, triggerTask = TaskInfo{userId=0 taskId=60 effectiveUid=10265 displayId=0 isRunning=true baseIntent=Intent { act=android.intent.action.MAIN cat=[android.intent.category.LAUNCHER] flg=0x30000000 cmp=com.izzes.nears.nears_nears_3544_firebase_splash_hang/com.izzes.nears.MainActivity } baseActivity=ComponentInfo{com.izzes.nears.nears_nears_3544_firebase_splash_hang/com.izzes.nears.MainActivity} topActivity=ComponentInfo{com.izzes.nears.nears_nears_3544_firebase_splash_hang/com.izzes.nears.MainActivity} origActivity=null realActivity=ComponentInfo{com.izzes.nears.nears_nears_3544_firebase_splash_hang/com.izzes.nears.MainActivity} realActivityIsAppLockEnabled=false numActivities=1 lastActiveTime=27264387 supportsMultiWindow=true supportsMultiWindowWithoutConstraints=true resizeMode=1 isResizeable=true minWidth=-1 minHeight=-1 defaultMinSize=220 token=WCT{RemoteToken{9f89265 Task{6095e3 #60 type=standard A=10265:com.izzes.nears.nears_nears_3544_firebase_splash_hang}}} topActivityType=1 pictureInPictureParams=null shouldDockBigOverlays=false launchIntoPipHostTaskId=-1 lastParentTaskIdBeforePip=-1 displayCutoutSafeInsets=Rect(0, 159 - 0, 0) topActivityInfo=ActivityInfo{a8f4b3a com.izzes.nears.MainActivity} launchCookies=[] positionInParent=Point(0, 0) parentTaskId=-1 isFocused=false isInteractive=false isVisible=false isVisibleRequested=false isTopActivityNoDisplay=false isSleeping=false locusId=null displayAreaFeatureId=1 isTopActivityTransparent=false isActivityStackTransparent=false lastNonFullscreenBounds=null leafTaskBoundsFromOptions= false capturedLink=null capturedLinkTimestamp=0 requestedVisibleTypes=503 topActivityRequestOpenInBrowserEducationTimestamp=0 appCompatTaskInfo=AppCompatTaskInfo { topActivityInSizeCompat=false isLeafTask= true eligibleForLetterboxEducation= false isLetterboxEducationEnabled= true isLetterboxDoubleTapEnabled= false eligibleForUserAspectRatioButton= false topActivityBoundsLetterboxed= false isFromLetterboxDoubleTap= false topActivityLetterboxVerticalPosition= -1 topActivityLetterboxHorizontalPosition= -1 topActivityLetterboxWidth=-1 topActivityLetterboxHeight=-1 topActivityAppBounds=Rect(0, 0 - 1344, 2992) isUserFullscreenOverrideEnabled=false isSystemFullscreenOverrideEnabled=false hasMinAspectRatioOverride=false topActivityLetterboxBounds=null topNonResizableActivityAspectRatio=-1.0} topActivityMainWindowFrame=null isAppBubble=false}, pipChange = null, remoteTransitionInfo = null, displayChanges = null, requestedLocation = null, userChange = null, windowingLayerChange = null, fullscreenRequestChange = null, flags = 0, debugId = 68 }
09-13 04:59:31.482 V/WindowManager(  647):     startWCT=WindowContainerTransaction { changes= {} hops= [] flags= 0 errorCallbackToken=null taskFragmentOrganizer=null }
09-13 04:59:31.482 I/AiAiEcho( 1659): #postPredictionTargets: Sending updates to UISurface home with targets# 0 (types=[])
09-13 04:59:31.482 V/WindowManager(  647):     info={id=68 t=OPEN f=0x0 trk=0 r=[0@Point(0, 0)] c=[
09-13 04:59:31.482 V/WindowManager(  647):         {WCT{RemoteToken{9f89265 Task{6095e3 #60 type=standard A=10265:com.izzes.nears.nears_nears_3544_firebase_splash_hang}}} m=OPEN f=MOVE_TO_TOP|FLAG_CHANGED_INTERACTIVE leash=Surface(name=Task=60#1348)/@0xe4af57e sb=Rect(0, 0 - 1344, 2992) eb=Rect(0, 0 - 1344, 2992) epz=Point(1344, 2992) d=0 taskParent=-1 winMode=1 userId=0},
09-13 04:59:31.482 V/WindowManager(  647):         {WCT{RemoteToken{17fcf3a Task{18e7580 #1 type=home}}} m=TO_BACK f=SHOW_WALLPAPER|FLAG_CHANGED_INTERACTIVE leash=Surface(name=Task=1#35)/@0x816d73 sb=Rect(0, 0 - 1344, 2992) eb=Rect(0, 0 - 1344, 2992) epz=Point(1344, 2992) d=0 taskParent=-1 winMode=1 userId=0},
09-13 04:59:31.482 V/WindowManager(  647):         {m=TO_BACK f=IS_WALLPAPER leash=Surface(name=WallpaperWindowToken{725b1e7}#54)/@0x11b65e2 sb=Rect(0, 0 - 1344, 2992) eb=Rect(0, 0 - 1344, 2992) epz=Point(1344, 2992) d=0}
09-13 04:59:31.482 V/WindowManager(  647):     ]}
09-13 04:59:31.482 I/AiAiEcho( 1659): #postPredictionTargets: Sending updates to UISurface lockscreen with targets# 0 (types=[])
09-13 04:59:31.482 D/AccessibilitySourceService( 1315): enabled a11y services count 0
09-13 04:59:31.482 D/AccessibilitySourceService( 1315): a11y source sending 0 issue to sc
09-13 04:59:31.482 D/SafetySourceDataValidat(  647): No cert check requested for package com.google.android.permissioncontroller
09-13 04:59:31.483 I/Finsky  ( 2753): [500] SCH: Received scheduling request: Id: 12-1, Constraints: [{ L: 15000, D: 86400000, C: CHARGING_NONE, I: IDLE_NONE, N: NET_ANY, B: BATTERY_ANY }]
09-13 04:59:31.483 D/AccessibilitySourceService( 1315): enabled a11y services count 0
09-13 04:59:31.483 D/AccessibilitySourceService( 1315): a11y source sending 0 issue to sc
09-13 04:59:31.486 I/Finsky:background( 3431): [41] Stats for Executor: bgExecutor xwn@67884a0[Running, pool size = 4, active threads = 1, queued tasks = 0, completed tasks = 268]
09-13 04:59:31.486 I/Finsky:background( 3431): [41] Stats for Executor: LightweightExecutor xwn@3356dcd[Running, pool size = 3, active threads = 0, queued tasks = 0, completed tasks = 139]
09-13 04:59:31.486 I/Finsky:background( 3431): [41] Stats for Executor: BlockingExecutor xwn@ee17da7[Running, pool size = 0, active threads = 0, queued tasks = 0, completed tasks = 189]
09-13 04:59:31.487 D/SafetySourceDataValidat(  647): No cert check requested for package com.google.android.permissioncontroller
09-13 04:59:31.487 V/RecentTasksController(  901): Notify recent tasks changed
09-13 04:59:31.488 I/Finsky:background( 3431): [2] Memory trim requested to level 40
09-13 04:59:31.489 I/AiAiEcho( 1659): AppIndexer Package:[com.izzes.nears.nears_nears_3544_firebase_splash_hang] UserProfile:[0] Enabled:[true].
09-13 04:59:31.489 I/AiAiEcho( 1659): AppFetcherImplV2 updateApps package:[com.izzes.nears.nears_nears_3544_firebase_splash_hang], userId:[0], reason:[package is updated.].
09-13 04:59:31.509 I/Finsky:background( 3431): [2] ammo - Received: android.intent.action.PACKAGE_ADDED, [lfVA22eHC30mMXAmgFMzLCyTTUPFqfghQFLfBgIAYJQ]
09-13 04:59:31.512 D/AccessibilitySourceService( 1315): enabled a11y services count 0
09-13 04:59:31.512 D/AccessibilitySourceService( 1315): a11y source sending 0 issue to sc
09-13 04:59:31.512 D/SafetySourceDataValidat(  647): No cert check requested for package com.google.android.permissioncontroller
09-13 04:59:31.514 D/AccessibilitySourceService( 1315): enabled a11y services count 0
09-13 04:59:31.514 D/AccessibilitySourceService( 1315): a11y source sending 0 issue to sc
09-13 04:59:31.514 D/SafetySourceDataValidat(  647): No cert check requested for package com.google.android.permissioncontroller
09-13 04:59:31.519 I/Fitness ( 1226): (REDACTED) OnPackageChangedOperation got intent: %s
09-13 04:59:31.522 D/AccessibilitySourceService( 1315): enabled a11y services count 0
09-13 04:59:31.522 D/AccessibilitySourceService( 1315): a11y source sending 0 issue to sc
09-13 04:59:31.522 D/RecentTasksList( 1040): invalidateLoadedTasks - previous requestLoadId: -1
09-13 04:59:31.522 D/RecentTasksList( 1040): invalidateLoadedTasks - previous requestLoadId: -1
09-13 04:59:31.522 D/SafetySourceDataValidat(  647): No cert check requested for package com.google.android.permissioncontroller
09-13 04:59:31.527 V/RecentTasksController(  901): generateList(getRecentTasks)
09-13 04:59:31.527 V/RecentTasksController(  901): initializeDesksMap - allDeskIds: []
09-13 04:59:31.529 D/AccessibilitySourceService( 1315): enabled a11y services count 0
09-13 04:59:31.529 D/AccessibilitySourceService( 1315): a11y source sending 0 issue to sc
09-13 04:59:31.529 D/SafetySourceDataValidat(  647): No cert check requested for package com.google.android.permissioncontroller
09-13 04:59:31.532 I/ProximityAuth( 1226): [RecentAppsMediator] Package added: (user=UserHandle{0}) com.izzes.nears.nears_nears_3544_firebase_splash_hang
09-13 04:59:31.536 D/Zygote  (  433): Forked child process 13848
09-13 04:59:31.537 W/ActivityManager(  647): Slow operation: 206ms so far, now at startProcess: returned from zygote!
09-13 04:59:31.537 W/ActivityManager(  647): Slow operation: 206ms so far, now at startProcess: done updating battery stats
09-13 04:59:31.537 W/ActivityManager(  647): Slow operation: 206ms so far, now at startProcess: building log message
09-13 04:59:31.537 I/ActivityManager(  647): Start proc 13848:com.izzes.nears.nears_nears_3544_firebase_splash_hang/u0a265 for next-top-activity {com.izzes.nears.nears_nears_3544_firebase_splash_hang/com.izzes.nears.MainActivity}
09-13 04:59:31.537 W/ActivityManager(  647): Slow operation: 206ms so far, now at startProcess: starting to update pids map
09-13 04:59:31.537 W/ActivityManager(  647): Slow operation: 206ms so far, now at startProcess: done updating pids map
09-13 04:59:31.538 I/Fitness ( 1226): (REDACTED) FitCleanupIntentOperation received Intent %s
09-13 04:59:31.540 D/AccessibilitySourceService( 1315): enabled a11y services count 0
09-13 04:59:31.540 D/AccessibilitySourceService( 1315): a11y source sending 0 issue to sc
09-13 04:59:31.540 D/SafetySourceDataValidat(  647): No cert check requested for package com.google.android.permissioncontroller
09-13 04:59:31.542 I/PackageManager(  647): getInstalledPackages: callingUid=10221 flags=0 updatedFlags=786432 userId=0
09-13 04:59:31.543 I/Finsky  ( 2753): [2] Do not start WearSupportService due to Wear service optimization
09-13 04:59:31.543 W/GCM     ( 1226): Unexpected forwarded intent: Intent { act=android.intent.action.PACKAGE_ADDED dat=package: flg=0x4000010 pkg=com.google.android.gms cmp=com.google.android.gms/.chimera.PersistentIntentOperationService (has extras) }
09-13 04:59:31.546 I/libprocessgroup(13848): Created cgroup /sys/fs/cgroup/apps/uid_10265
09-13 04:59:31.547 I/libprocessgroup(13848): Created cgroup /sys/fs/cgroup/apps/uid_10265/pid_13848
09-13 04:59:31.547 I/Finsky  ( 2753): [2] Clearing split related stale data.
09-13 04:59:31.548 W/NetworkScheduler( 1226): Unexpected forwarded intent: Intent { act=android.intent.action.PACKAGE_ADDED dat=package: flg=0x4000010 pkg=com.google.android.gms cmp=com.google.android.gms/.chimera.PersistentIntentOperationService (has extras) }
09-13 04:59:31.550 I/Finsky  ( 2753): [2] DTU: Received onPackageAdded, replacing: false
09-13 04:59:31.551 D/SsBaseTemplateCard( 1040): Passed-in item info is null
09-13 04:59:31.551 D/SsBaseTemplateCard( 1040): Passed-in item info is null
09-13 04:59:31.551 D/SsBaseTemplateCard( 1040): Passed-in item info is null
09-13 04:59:31.551 D/SsBaseTemplateCard( 1040): Passed-in item info is null
09-13 04:59:31.551 I/SsBaseTemplateCard( 1040): Secondary card pane is null
09-13 04:59:31.551 D/AccessibilitySourceService( 1315): enabled a11y services count 0
09-13 04:59:31.551 D/AccessibilitySourceService( 1315): a11y source sending 0 issue to sc
09-13 04:59:31.552 D/SafetySourceDataValidat(  647): No cert check requested for package com.google.android.permissioncontroller
09-13 04:59:31.556 W/ogle.android.as( 1659): Reducing the number of considered missed Gc histogram windows from 209 to 100
09-13 04:59:31.557 I/AmbientCueRepository(  901): Receiving SmartSpace targets # 0
09-13 04:59:31.557 I/Fitness ( 1226): (REDACTED) OnPackageChangedOperation got intent: %s
09-13 04:59:31.558 D/AccessibilitySourceService( 1315): enabled a11y services count 0
09-13 04:59:31.558 D/AccessibilitySourceService( 1315): a11y source sending 0 issue to sc
09-13 04:59:31.558 D/SafetySourceDataValidat(  647): No cert check requested for package com.google.android.permissioncontroller
09-13 04:59:31.560 I/Finsky  ( 2753): [2] AIM: AppInfoCacheUpdater -> invalidating apps: [com.izzes.nears.nears_nears_3544_firebase_splash_hang]
09-13 04:59:31.560 V/RecentTasksController(  901): Task 60 is not an active desktop task
09-13 04:59:31.560 V/RecentTasksController(  901): Added fullscreen task: 60
09-13 04:59:31.560 V/RecentTasksController(  901): Task 59 is not an active desktop task
09-13 04:59:31.560 V/RecentTasksController(  901): Added fullscreen task: 59
09-13 04:59:31.560 V/RecentTasksController(  901): Task 52 is not an active desktop task
09-13 04:59:31.560 V/RecentTasksController(  901): Added fullscreen task: 52
09-13 04:59:31.560 V/RecentTasksController(  901): generateList - complete
09-13 04:59:31.561 I/PermissionControllerServiceImpl( 1315): Updating user sensitive for uid 10265
09-13 04:59:31.562 I/PermissionControllerServiceImpl( 1315): Updating user sensitive for uid 10265
09-13 04:59:31.564 I/SafetyLabelChangedBroadcastReceiver( 1315): received broadcast packageName: com.izzes.nears.nears_nears_3544_firebase_splash_hang, current user: UserHandle{0}, packageChangeEvent: NEW_INSTALL, intent user: UserHandle{0}
09-13 04:59:31.567 I/Finsky  ( 2753): [2] AIM: AppInfoManager-Perf > getApps > called for 1 apps
09-13 04:59:31.570 W/droid.bluetooth( 1003): Reducing the number of considered missed Gc histogram windows from 728 to 100
09-13 04:59:31.579 D/AccessibilitySourceService( 1315): enabled a11y services count 0
09-13 04:59:31.579 D/AccessibilitySourceService( 1315): a11y source sending 0 issue to sc
09-13 04:59:31.579 D/SafetySourceDataValidat(  647): No cert check requested for package com.google.android.permissioncontroller
09-13 04:59:31.580 I/Auth    (28160): (REDACTED) [SupervisedAccountIntentOperation] onHandleIntent: %s
09-13 04:59:31.581 I/Fitness ( 1226): (REDACTED) FitCleanupIntentOperation received Intent %s
09-13 04:59:31.582 I/Dck     (28160): (REDACTED) disableDckSupport: %s
09-13 04:59:31.583 I/Blockstore(28160): (REDACTED) [DataStoreImpl] Clearing Blockstore Data for package %s
09-13 04:59:31.584 D/AccessibilitySourceService( 1315): enabled a11y services count 0
09-13 04:59:31.584 D/AccessibilitySourceService( 1315): a11y source sending 0 issue to sc
09-13 04:59:31.584 D/SafetySourceDataValidat(  647): No cert check requested for package com.google.android.permissioncontroller
09-13 04:59:31.585 I/Blockstore(28160): [DataStoreImpl] Keyless data not found or its IsLastInstallationData = false. [CONTEXT service_id=258 ]
09-13 04:59:31.586 E/Dck     (28160): Could not get ProviderInfo when resolving the content provider authority. [CONTEXT service_id=289 ]
09-13 04:59:31.586 I/Dck     (28160): Samsung Content Provider failed app verification [CONTEXT service_id=289 ]
09-13 04:59:31.587 I/Dck     (28160): [WirelessCapabilitiesFeatures] wccSysProp: 0 [CONTEXT service_id=289 ]
09-13 04:59:31.587 I/Dck     (28160): [WirelessCapabilitiesFeatures] wccOverride: not set [CONTEXT service_id=289 ]
09-13 04:59:31.590 D/AccessibilitySourceService( 1315): enabled a11y services count 0
09-13 04:59:31.590 D/AccessibilitySourceService( 1315): a11y source sending 0 issue to sc
09-13 04:59:31.590 D/SafetySourceDataValidat(  647): No cert check requested for package com.google.android.permissioncontroller
09-13 04:59:31.592 I/Zygote  (13848): Process 13848 created for com.izzes.nears.nears_nears_3544_firebase_splash_hang
09-13 04:59:31.592 W/AppInstallOperation(28160): FDL Migration::InstallIntentOperation by FDL Module [CONTEXT service_id=77 ]
09-13 04:59:31.592 I/ase_splash_hang(13848): Late-enabling -Xcheck:jni
09-13 04:59:31.594 I/Dck     (28160): (REDACTED) [WirelessCapabilitiesFeatures] returned wcc: %s
09-13 04:59:31.594 I/Dck     (28160): Dck module condition - hasWccSupport: false [CONTEXT service_id=289 ]
09-13 04:59:31.594 I/Dck     (28160): Dck module condition - downloadAllowed: false [CONTEXT service_id=289 ]
09-13 04:59:31.594 I/Dck     (28160): Dck module not eligible for asynchronous downloading [CONTEXT service_id=289 ]
09-13 04:59:31.598 D/AccessibilitySourceService( 1315): enabled a11y services count 0
09-13 04:59:31.599 D/AccessibilitySourceService( 1315): a11y source sending 0 issue to sc
09-13 04:59:31.599 I/PackageManager(  647): getInstalledPackages: callingUid=10221 flags=0 updatedFlags=786432 userId=0
09-13 04:59:31.599 D/SafetySourceDataValidat(  647): No cert check requested for package com.google.android.permissioncontroller
09-13 04:59:31.603 I/Finsky  ( 2753): [53] AIM: AppInfoManager-Perf > OnDeviceAppInfo > cacheHitCount=0, cacheMissCount=1. Missed  in cache (limit 10) : [com.izzes.nears.nears_nears_3544_firebase_splash_hang]
09-13 04:59:31.604 W/libc    ( 1040): Access denied finding property "vendor.mesa.virtgpu.kumquat"
09-13 04:59:31.605 I/Finsky  ( 2753): [53] AIM: Got app ownership map. App counts: . Unique apps: 0
09-13 04:59:31.605 E/Finsky  ( 2753): [53] [Counters] attempted to use a non-positive increment for: 4752
09-13 04:59:31.606 E/Finsky  ( 2753): [55] [Counters] attempted to use a non-positive increment for: 4753
09-13 04:59:31.607 W/HWUI    ( 1040): Failed to choose config with EGL_SWAP_BEHAVIOR_PRESERVED, retrying without...
09-13 04:59:31.608 W/HWUI    ( 1040): Failed to initialize 101010-2 format, error = EGL_SUCCESS
09-13 04:59:31.609 D/AccessibilitySourceService( 1315): enabled a11y services count 0
09-13 04:59:31.609 D/AccessibilitySourceService( 1315): a11y source sending 0 issue to sc
09-13 04:59:31.610 D/SafetySourceDataValidat(  647): No cert check requested for package com.google.android.permissioncontroller
09-13 04:59:31.610 I/FraudProtectUtils(28160): Not in testing population, skipping local test bank apps. [CONTEXT service_id=469 ]
09-13 04:59:31.610 I/FraudProtectUtils(28160): (REDACTED) Latest bank app list size: %d, %s isBankApp: false
09-13 04:59:31.610 I/PackageInstallIntentOp(28160): (REDACTED) Package %s is not a bank app. Skipping updates.
09-13 04:59:31.612 D/BoundBrokerSvc(28160): onBind: Intent { act=com.google.android.gms.common.BIND_SHARED_PREFS xflg=0x4 pkg=com.google.android.gms }
09-13 04:59:31.613 D/AccessibilitySourceService( 1315): enabled a11y services count 0
09-13 04:59:31.613 D/AccessibilitySourceService( 1315): a11y source sending 0 issue to sc
09-13 04:59:31.615 D/BoundBrokerSvc(28160): Loading bound service for intent: Intent { act=com.google.android.gms.common.BIND_SHARED_PREFS xflg=0x4 pkg=com.google.android.gms }
09-13 04:59:31.616 D/SafetySourceDataValidat(  647): No cert check requested for package com.google.android.permissioncontroller
09-13 04:59:31.616 I/ase_splash_hang(13848): Using generational CollectorTypeCMC GC.
09-13 04:59:31.616 D/AccessibilitySourceService( 1315): enabled a11y services count 0
09-13 04:59:31.616 D/AccessibilitySourceService( 1315): a11y source sending 0 issue to sc
09-13 04:59:31.617 D/SafetySourceDataValidat(  647): No cert check requested for package com.google.android.permissioncontroller
09-13 04:59:31.620 D/PreloadThumbnailUseCase( 1040): Preloading thumbnails for task ids: [[id=52 windowingMode=1 user=0 lastActiveTime=11893757] null, [id=59 windowingMode=1 user=0 lastActiveTime=25095708] null, [id=60 windowingMode=1 user=0 lastActiveTime=27264387] null]
09-13 04:59:31.621 D/AccessibilitySourceService( 1315): enabled a11y services count 0
09-13 04:59:31.621 D/AccessibilitySourceService( 1315): a11y source sending 0 issue to sc
09-13 04:59:31.622 D/SafetySourceDataValidat(  647): No cert check requested for package com.google.android.permissioncontroller
09-13 04:59:31.624 I/system_server(  647): Background young concurrent mark compact GC freed 13MB AllocSpace bytes, 9(464KB) LOS objects, 17% free, 53MB/64MB, paused 2.349ms,1.488ms total 123.334ms
09-13 04:59:31.624 I/Finsky  ( 2753): [57] AIM: AppInfoManager-Perf > ItemModel > CacheSize=39, cacheHitCount=0, cacheMissCount=0, total appsWithNoServerDataCount=3. Missed  in cache (limit 10) : []
09-13 04:59:31.624 D/AccessibilitySourceService( 1315): enabled a11y services count 0
09-13 04:59:31.625 I/NearbyDiscovery(28160): (REDACTED) processGrantSlicePermission: %s
09-13 04:59:31.626 I/adbd    (  487): jdwp connection from 13848
09-13 04:59:31.628 D/AccessibilitySourceService( 1315): a11y source sending 0 issue to sc
09-13 04:59:31.629 D/SafetySourceDataValidat(  647): No cert check requested for package com.google.android.permissioncontroller
09-13 04:59:31.630 I/Finsky:background( 3431): [2] ammo - Received: android.intent.action.PACKAGE_CHANGED, [lfVA22eHC30mMXAmgFMzLCyTTUPFqfghQFLfBgIAYJQ]
09-13 04:59:31.635 D/AccessibilitySourceService( 1315): enabled a11y services count 0
09-13 04:59:31.635 D/AccessibilitySourceService( 1315): a11y source sending 0 issue to sc
09-13 04:59:31.635 D/SafetySourceDataValidat(  647): No cert check requested for package com.google.android.permissioncontroller
09-13 04:59:31.637 D/nativeloader(13848): Load libframework-connectivity-tiramisu-jni.so using APEX ns com_android_tethering for caller /apex/com.android.tethering/javalib/framework-connectivity-t.jar: ok
09-13 04:59:31.637 I/GmsDebugLogger(28160): [101] +photopicker_activity:0
09-13 04:59:31.638 I/PackageManager(  647): getInstalledPackages: callingUid=1000 flags=134217856 updatedFlags=135004288 userId=0
09-13 04:59:31.639 D/AccessibilitySourceService( 1315): enabled a11y services count 0
09-13 04:59:31.639 D/AccessibilitySourceService( 1315): a11y source sending 0 issue to sc
09-13 04:59:31.639 D/SafetySourceDataValidat(  647): No cert check requested for package com.google.android.permissioncontroller
09-13 04:59:31.643 D/AccessibilitySourceService( 1315): enabled a11y services count 0
09-13 04:59:31.643 D/AccessibilitySourceService( 1315): a11y source sending 0 issue to sc
09-13 04:59:31.643 D/SafetySourceDataValidat(  647): No cert check requested for package com.google.android.permissioncontroller
09-13 04:59:31.644 W/ApplicationInfo(  647): Large ApplicationInfo parcel: size=19860 package=com.google.android.googlequicksearchbox splits=2 sharedLibs=3 resDirs=2 overlayPaths=2
09-13 04:59:31.644 W/ParceledListSlice(  647): Element #27 is 21028 bytes.
09-13 04:59:31.644 W/ApplicationInfo(  647): Large ApplicationInfo parcel: size=19860 package=com.google.android.googlequicksearchbox splits=2 sharedLibs=3 resDirs=2 overlayPaths=2
09-13 04:59:31.644 W/ParceledListSlice(  647): Element #28 is 20656 bytes.
09-13 04:59:31.645 W/ApplicationInfo(  647): Large ApplicationInfo parcel: size=19860 package=com.google.android.googlequicksearchbox splits=2 sharedLibs=3 resDirs=2 overlayPaths=2
09-13 04:59:31.645 W/ParceledListSlice(  647): Element #29 is 21208 bytes.
09-13 04:59:31.645 W/ApplicationInfo(  647): Large ApplicationInfo parcel: size=19860 package=com.google.android.googlequicksearchbox splits=2 sharedLibs=3 resDirs=2 overlayPaths=2
09-13 04:59:31.645 D/AccessibilitySourceService( 1315): enabled a11y services count 0
09-13 04:59:31.645 D/AccessibilitySourceService( 1315): a11y source sending 0 issue to sc
09-13 04:59:31.645 D/SafetySourceDataValidat(  647): No cert check requested for package com.google.android.permissioncontroller
09-13 04:59:31.645 W/ParceledListSlice(  647): Element #30 is 21420 bytes.
09-13 04:59:31.645 W/ApplicationInfo(  647): Large ApplicationInfo parcel: size=19860 package=com.google.android.googlequicksearchbox splits=2 sharedLibs=3 resDirs=2 overlayPaths=2
09-13 04:59:31.645 W/ParceledListSlice(  647): Element #31 is 20932 bytes.
09-13 04:59:31.645 D/AccessibilitySourceService( 1315): enabled a11y services count 0
09-13 04:59:31.645 D/AccessibilitySourceService( 1315): a11y source sending 0 issue to sc
09-13 04:59:31.646 D/SafetySourceDataValidat(  647): No cert check requested for package com.google.android.permissioncontroller
09-13 04:59:31.648 D/AccessibilitySourceService( 1315): enabled a11y services count 0
09-13 04:59:31.648 D/AccessibilitySourceService( 1315): a11y source sending 0 issue to sc
09-13 04:59:31.648 D/SafetySourceDataValidat(  647): No cert check requested for package com.google.android.permissioncontroller
09-13 04:59:31.652 D/AccessibilitySourceService( 1315): enabled a11y services count 0
09-13 04:59:31.652 D/AccessibilitySourceService( 1315): a11y source sending 0 issue to sc
09-13 04:59:31.652 D/SafetySourceDataValidat(  647): No cert check requested for package com.google.android.permissioncontroller
09-13 04:59:31.654 D/AccessibilitySourceService( 1315): enabled a11y services count 0
09-13 04:59:31.655 D/AccessibilitySourceService( 1315): a11y source sending 0 issue to sc
09-13 04:59:31.655 D/SafetySourceDataValidat(  647): No cert check requested for package com.google.android.permissioncontroller
09-13 04:59:31.656 I/Finsky:background( 3431): [184] Wrote row to frosting DB: 2216
09-13 04:59:31.657 D/AccessibilitySourceService( 1315): enabled a11y services count 0
09-13 04:59:31.657 D/AccessibilitySourceService( 1315): a11y source sending 0 issue to sc
09-13 04:59:31.658 D/SafetySourceDataValidat(  647): No cert check requested for package com.google.android.permissioncontroller
09-13 04:59:31.660 I/Finsky:background( 3431): [184] Wrote row to frosting DB: 2217
09-13 04:59:31.661 D/AccessibilitySourceService( 1315): enabled a11y services count 0
09-13 04:59:31.663 D/AccessibilitySourceService( 1315): a11y source sending 0 issue to sc
09-13 04:59:31.664 D/SafetySourceDataValidat(  647): No cert check requested for package com.google.android.permissioncontroller
09-13 04:59:31.665 I/Finsky:background( 3431): [184] Wrote row to frosting DB: 2218
09-13 04:59:31.667 I/Finsky:background( 3431): [60] RECEIVER_PACKAGE_MONITOR_BACKGROUND#logWorkEndAndFinishGoAsync: SUCCESS
09-13 04:59:31.672 I/Finsky  ( 2753): [2] amna - Received: android.intent.action.PACKAGE_CHANGED, [lfVA22eHC30mMXAmgFMzLCyTTUPFqfghQFLfBgIAYJQ]
09-13 04:59:31.674 I/Finsky  ( 2753): [43] SCH: Received scheduling request: Id: 37-332, Constraints: [{ L: 0, D: 0, C: CHARGING_NONE, I: IDLE_NONE, N: NET_NONE, B: BATTERY_ANY }]
09-13 04:59:31.677 D/AlphabeticIndexCompat( 1040): computeSectionName: cs: Nears sectionName: N
09-13 04:59:31.677 D/AllAppsStore( 1040): setApps: apps.length=24
09-13 04:59:31.677 D/AllAppsStore( 1040): notifyUpdate: notifying listeners
09-13 04:59:31.677 D/AllAppsStore( 1040): setApps: apps.length=24
09-13 04:59:31.677 D/AllAppsStore( 1040): notifyUpdate: notifying listeners
09-13 04:59:31.677 D/ActivityAllAppsContainerView( 1040): onAppsUpdated; number of apps: 24
09-13 04:59:31.677 D/ActivityAllAppsContainerView( 1040): rebindAdapters: force: false
09-13 04:59:31.677 D/ActivityAllAppsContainerView( 1040): rebindAdapters: Not needed.
09-13 04:59:31.677 D/StatsLog( 1040): LAUNCHER_ALLAPPS_COUNT
09-13 04:59:31.677 D/AlphabeticalAppsList( 1040): Clearing FastScrollerSections.
09-13 04:59:31.677 D/AlphabeticalAppsList( 1040): Adding apps with sections. HasPrivateApps: false
09-13 04:59:31.677 D/AlphabeticalAppsList( 1040): addAppsWithSections: adding sectionName: C with appInfoTitle: Calendar
09-13 04:59:31.677 D/AlphabeticalAppsList( 1040): addAppsWithSections: adding sectionName: D with appInfoTitle: Drive
09-13 04:59:31.677 D/AlphabeticalAppsList( 1040): addAppsWithSections: adding sectionName: F with appInfoTitle: Files
09-13 04:59:31.677 D/AlphabeticalAppsList( 1040): addAppsWithSections: adding sectionName: G with appInfoTitle: Glasses
09-13 04:59:31.677 D/AlphabeticalAppsList( 1040): addAppsWithSections: adding sectionName: M with appInfoTitle: Maps
09-13 04:59:31.677 D/AlphabeticalAppsList( 1040): addAppsWithSections: adding sectionName: N with appInfoTitle: Nears
09-13 04:59:31.677 D/AlphabeticalAppsList( 1040): addAppsWithSections: adding sectionName: P with appInfoTitle: Phone
09-13 04:59:31.677 D/AlphabeticalAppsList( 1040): addAppsWithSections: adding sectionName: S with appInfoTitle: Safety
09-13 04:59:31.677 D/AlphabeticalAppsList( 1040): addAppsWithSections: adding sectionName: T with appInfoTitle: TMoble
09-13 04:59:31.677 D/AlphabeticalAppsList( 1040): addAppsWithSections: adding sectionName: V with appInfoTitle: Voice Access
09-13 04:59:31.677 D/AlphabeticalAppsList( 1040): addAppsWithSections: adding sectionName: Y with appInfoTitle: YouTube
09-13 04:59:31.677 D/AlphabeticalAppsList( 1040): Adding FastScrollSection duplicate to scroll to the bottom.
09-13 04:59:31.677 D/AlphabeticalAppsList( 1040): Clearing FastScrollerSections.
09-13 04:59:31.677 D/AlphabeticalAppsList( 1040): Adding apps with sections. HasPrivateApps: false
09-13 04:59:31.677 D/AlphabeticalAppsList( 1040): addAppsWithSections: adding sectionName: C with appInfoTitle: Calendar
09-13 04:59:31.677 D/AlphabeticalAppsList( 1040): addAppsWithSections: adding sectionName: D with appInfoTitle: Drive
09-13 04:59:31.677 D/AlphabeticalAppsList( 1040): addAppsWithSections: adding sectionName: F with appInfoTitle: Files
09-13 04:59:31.677 D/AlphabeticalAppsList( 1040): addAppsWithSections: adding sectionName: G with appInfoTitle: Glasses
09-13 04:59:31.677 D/AlphabeticalAppsList( 1040): addAppsWithSections: adding sectionName: M with appInfoTitle: Maps
09-13 04:59:31.677 D/AlphabeticalAppsList( 1040): addAppsWithSections: adding sectionName: N with appInfoTitle: Nears
09-13 04:59:31.677 D/AlphabeticalAppsList( 1040): addAppsWithSections: adding sectionName: P with appInfoTitle: Phone
09-13 04:59:31.677 D/AlphabeticalAppsList( 1040): addAppsWithSections: adding sectionName: S with appInfoTitle: Safety
09-13 04:59:31.677 D/AlphabeticalAppsList( 1040): addAppsWithSections: adding sectionName: T with appInfoTitle: TMoble
09-13 04:59:31.677 D/AlphabeticalAppsList( 1040): addAppsWithSections: adding sectionName: V with appInfoTitle: Voice Access
09-13 04:59:31.677 D/AlphabeticalAppsList( 1040): addAppsWithSections: adding sectionName: Y with appInfoTitle: YouTube
09-13 04:59:31.677 D/AlphabeticalAppsList( 1040): Adding FastScrollSection duplicate to scroll to the bottom.
09-13 04:59:31.678 I/GFXSTREAM(  647): [eglDisplay.cpp(297)] Opening libGLESv1_CM_emulation.so
09-13 04:59:31.679 I/Finsky:background( 3431): [50] RECEIVER_ENGAGE_PACKAGE_CHANGED#logWorkEndAndFinishGoAsync: SKIPPED_PRECONDITIONS_UNMET
09-13 04:59:31.681 I/Finsky  ( 2753): [53] AIM: AppInfoManager-Perf > OnDeviceAppInfo > cacheHitCount=1, cacheMissCount=0. Missed  in cache (limit 10) : []
09-13 04:59:31.684 I/Finsky  ( 2753): [2] AIM: AppInfoCacheUpdater -> invalidating apps: [com.izzes.nears.nears_nears_3544_firebase_splash_hang]
09-13 04:59:31.684 I/Finsky  ( 2753): [2] AIM: AppInfoManager-Perf > getApps > called for 1 apps
09-13 04:59:31.692 I/PackageManager(  647): getInstalledPackages: callingUid=10221 flags=0 updatedFlags=786432 userId=0
09-13 04:59:31.693 I/Finsky  ( 2753): [53] AIM: Got app ownership map. App counts: . Unique apps: 0
09-13 04:59:31.693 E/Finsky  ( 2753): [53] [Counters] attempted to use a non-positive increment for: 4752
09-13 04:59:31.693 I/Finsky  ( 2753): [53] AIM: AppInfoManager-Perf > OnDeviceAppInfo > cacheHitCount=0, cacheMissCount=1. Missed  in cache (limit 10) : [com.izzes.nears.nears_nears_3544_firebase_splash_hang]
09-13 04:59:31.693 I/GFXSTREAM(  647): [eglDisplay.cpp(297)] Opening libGLESv2_emulation.so
09-13 04:59:31.693 W/ding:background( 3431): Reducing the number of considered missed Gc histogram windows from 217 to 100
09-13 04:59:31.694 W/ActivityManager(  647): Skipping manifest association check for null package. SourceUid: 10221, SourcePkg: null, TargetUid: 10221, TargetPkg: com.google.android.gms
09-13 04:59:31.694 I/Finsky:background( 3431): [2] Memory trim requested to level 40
09-13 04:59:31.697 I/Finsky  ( 2753): [44] RECEIVER_PACKAGE_MONITOR#logWorkEndAndFinishGoAsync: SUCCESS
09-13 04:59:31.698 W/libc    (  647): Access denied finding property "vendor.mesa.virtgpu.kumquat"
09-13 04:59:31.694 W/GrallocUploadTh(  647): type=1400 audit(0.0:203): avc:  denied  { read } for  name="u:object_r:vendor_default_prop:s0" dev="tmpfs" ino=395 scontext=u:r:system_server:s0 tcontext=u:object_r:vendor_default_prop:s0 tclass=file permissive=0
09-13 04:59:31.699 W/HWUI    (  647): Failed to choose config with EGL_SWAP_BEHAVIOR_PRESERVED, retrying without...
09-13 04:59:31.699 W/HWUI    (  647): Failed to initialize 101010-2 format, error = EGL_SUCCESS
09-13 04:59:31.703 I/Finsky  ( 2753): [2] Memory trim requested to level 40
09-13 04:59:31.703 I/Finsky  ( 2753): [2] Flushing in-memory image cache
09-13 04:59:31.704 E/Finsky  ( 2753): [55] [Counters] attempted to use a non-positive increment for: 4753
09-13 04:59:31.704 I/Finsky  ( 2753): [55] AIM: Got app ownership map. App counts: . Unique apps: 0
09-13 04:59:31.704 E/Finsky  ( 2753): [55] [Counters] attempted to use a non-positive increment for: 4752
09-13 04:59:31.705 V/SafetySourceDataValidat(  647): Package: com.android.vending has expected signature
09-13 04:59:31.707 E/Finsky  ( 2753): [53] [Counters] attempted to use a non-positive increment for: 4753
09-13 04:59:31.707 I/Finsky  ( 2753): [53] AIM: AppInfoManager-Perf > getApps > data collection finished
09-13 04:59:31.707 I/Finsky  ( 2753): [53] AIM: AppInfoManager-Perf > maybeDestroyAppInfoManager is called. actives = 1
09-13 04:59:31.708 I/Finsky  ( 2753): [53] AIM: AppInfoManager-Perf > ItemModel > CacheSize=39, cacheHitCount=0, cacheMissCount=0, total appsWithNoServerDataCount=3. Missed  in cache (limit 10) : []
09-13 04:59:31.711 I/Finsky:background( 3431): [184] Wrote row to frosting DB: 2219
09-13 04:59:31.715 W/libc    (  647): Access denied finding property "vendor.mesa.virtgpu.kumquat"
09-13 04:59:31.719 D/ApplicationLoaders(13848): Returning zygote-cached class loader: /system/framework/org.apache.http.legacy.jar
09-13 04:59:31.719 D/ApplicationLoaders(13848): Returning zygote-cached class loader: /system_ext/framework/androidx.window.extensions.jar
09-13 04:59:31.719 D/ApplicationLoaders(13848): Returning zygote-cached class loader: /system_ext/framework/androidx.window.sidecar.jar
09-13 04:59:31.720 I/Finsky  ( 2753): [55] AIM: AppInfoManager-Perf > ItemModel > CacheSize=39, cacheHitCount=0, cacheMissCount=0, total appsWithNoServerDataCount=3. Missed  in cache (limit 10) : []
09-13 04:59:31.721 I/Finsky  ( 2753): [53] AIM: AppInfoManager-Perf > getApps > data collection finished
09-13 04:59:31.721 I/Finsky  ( 2753): [53] AIM: AppInfoManager-Perf > maybeDestroyAppInfoManager is called. actives = 0
09-13 04:59:31.728 W/skia    (  481): AGTM parsing failed flags.readFromStream(s) at 159
09-13 04:59:31.728 W/skia    (  481): AGTM parsing failed flags.readFromStream(s) at 159
09-13 04:59:31.732 D/AlphabeticIndexCompat( 1040): computeSectionName: cs: Settings sectionName: S
09-13 04:59:31.732 D/AlphabeticIndexCompat( 1040): computeSectionName: cs: Battery sectionName: B
09-13 04:59:31.732 D/AlphabeticIndexCompat( 1040): computeSectionName: cs: Chrome sectionName: C
09-13 04:59:31.732 D/AlphabeticIndexCompat( 1040): computeSectionName: cs: Gmail sectionName: G
09-13 04:59:31.732 D/AlphabeticIndexCompat( 1040): computeSectionName: cs: Drive sectionName: D
09-13 04:59:31.732 D/AlphabeticIndexCompat( 1040): computeSectionName: cs: Clock sectionName: C
09-13 04:59:31.733 W/android.vending( 2753): Reducing the number of considered missed Gc histogram windows from 214 to 100
09-13 04:59:31.733 D/AlphabeticIndexCompat( 1040): computeSectionName: cs: Contacts sectionName: C
09-13 04:59:31.733 D/AlphabeticIndexCompat( 1040): computeSectionName: cs: Calendar sectionName: C
09-13 04:59:31.733 D/AlphabeticIndexCompat( 1040): computeSectionName: cs: Maps sectionName: M
09-13 04:59:31.733 D/AlphabeticIndexCompat( 1040): computeSectionName: cs: YouTube Music sectionName: Y
09-13 04:59:31.733 D/AlphabeticIndexCompat( 1040): computeSectionName: cs: Google Play Store sectionName: G
09-13 04:59:31.733 D/AlphabeticIndexCompat( 1040): computeSectionName: cs: YouTube sectionName: Y
09-13 04:59:31.733 D/AlphabeticIndexCompat( 1040): computeSectionName: cs: Google sectionName: G
09-13 04:59:31.735 D/AlphabeticIndexCompat( 1040): computeSectionName: cs: Android System Intelligence sectionName: A
09-13 04:59:31.736 D/AlphabeticIndexCompat( 1040): computeSectionName: cs: Digital Wellbeing sectionName: D
09-13 04:59:31.739 D/AlphabeticIndexCompat( 1040): computeSectionName: cs: Conversations sectionName: C
09-13 04:59:31.745 D/BoundBrokerSvc(28160): onBind: Intent { act=com.google.android.gms.feedback.internal.IFeedbackService dat=chimera-action:/... xflg=0x4 cmp=com.google.android.gms/.chimera.GmsBoundBrokerService }
09-13 04:59:31.745 D/BoundBrokerSvc(28160): Loading bound service for intent: Intent { act=com.google.android.gms.feedback.internal.IFeedbackService dat=chimera-action:/... xflg=0x4 cmp=com.google.android.gms/.chimera.GmsBoundBrokerService }
09-13 04:59:31.747 W/ActivityManager(  647): Skipping manifest association check for null package. SourceUid: 10221, SourcePkg: null, TargetUid: 10221, TargetPkg: com.google.android.gms
09-13 04:59:31.754 I/efcq    ( 1625): (REDACTED) maybeUpdateCacheDataForAddedPackage %s
09-13 04:59:31.759 I/AiAiEcho( 1659): EchoSearch: WidgetFetcherImpl is initialized with [35] widgets [reason=package added for userId: 0]
09-13 04:59:31.770 I/Finsky  ( 2753): [57] Installer package name of package com.android.camera2 is 
09-13 04:59:31.770 I/Finsky  ( 2753): [57] Installer package name of package com.android.settings is 
09-13 04:59:31.771 I/Finsky  ( 2753): [57] Installer package name of package com.google.android.apps.photos is 
09-13 04:59:31.771 I/Finsky  ( 2753): [57] Installer package name of package com.android.stk is 
09-13 04:59:31.771 I/Finsky  ( 2753): [57] Installer package name of package com.google.android.documentsui is 
09-13 04:59:31.771 I/Finsky  ( 2753): [57] Installer package name of package com.google.android.glasses.companion is 
09-13 04:59:31.772 I/Finsky  ( 2753): [57] Installer package name of package com.izzes.nears is 
09-13 04:59:31.772 I/Finsky  ( 2753): [57] Installer package name of package com.izzes.nears.nears_nears_3544_firebase_splash_hang is 
09-13 04:59:31.772 I/Finsky  ( 2753): [57] Installer package name of package com.izzes.nearsvendor is 
09-13 04:59:31.782 W/.apps.wellbeing( 1572): Reducing the number of considered missed Gc histogram windows from 217 to 100
09-13 04:59:31.786 D/AlphabeticIndexCompat( 1040): computeSectionName: cs: Nears sectionName: N
09-13 04:59:31.786 D/AllAppsStore( 1040): setApps: apps.length=24
09-13 04:59:31.786 D/AllAppsStore( 1040): notifyUpdate: notifying listeners
09-13 04:59:31.786 D/AllAppsStore( 1040): setApps: apps.length=24
09-13 04:59:31.786 D/AllAppsStore( 1040): notifyUpdate: notifying listeners
09-13 04:59:31.786 D/ActivityAllAppsContainerView( 1040): onAppsUpdated; number of apps: 24
09-13 04:59:31.786 D/ActivityAllAppsContainerView( 1040): rebindAdapters: force: false
09-13 04:59:31.786 D/ActivityAllAppsContainerView( 1040): rebindAdapters: Not needed.
09-13 04:59:31.786 D/StatsLog( 1040): LAUNCHER_ALLAPPS_COUNT
09-13 04:59:31.786 D/AlphabeticalAppsList( 1040): Clearing FastScrollerSections.
09-13 04:59:31.786 D/AlphabeticalAppsList( 1040): Adding apps with sections. HasPrivateApps: false
09-13 04:59:31.786 D/AlphabeticalAppsList( 1040): addAppsWithSections: adding sectionName: C with appInfoTitle: Calendar
09-13 04:59:31.786 D/AlphabeticalAppsList( 1040): addAppsWithSections: adding sectionName: D with appInfoTitle: Drive
09-13 04:59:31.786 D/AlphabeticalAppsList( 1040): addAppsWithSections: adding sectionName: F with appInfoTitle: Files
09-13 04:59:31.786 D/AlphabeticalAppsList( 1040): addAppsWithSections: adding sectionName: G with appInfoTitle: Glasses
09-13 04:59:31.786 D/AlphabeticalAppsList( 1040): addAppsWithSections: adding sectionName: M with appInfoTitle: Maps
09-13 04:59:31.786 D/AlphabeticalAppsList( 1040): addAppsWithSections: adding sectionName: N with appInfoTitle: Nears
09-13 04:59:31.786 D/AlphabeticalAppsList( 1040): addAppsWithSections: adding sectionName: P with appInfoTitle: Phone
09-13 04:59:31.786 D/AlphabeticalAppsList( 1040): addAppsWithSections: adding sectionName: S with appInfoTitle: Safety
09-13 04:59:31.786 D/AlphabeticalAppsList( 1040): addAppsWithSections: adding sectionName: T with appInfoTitle: TMoble
09-13 04:59:31.786 D/AlphabeticalAppsList( 1040): addAppsWithSections: adding sectionName: V with appInfoTitle: Voice Access
09-13 04:59:31.786 D/AlphabeticalAppsList( 1040): addAppsWithSections: adding sectionName: Y with appInfoTitle: YouTube
09-13 04:59:31.786 D/AlphabeticalAppsList( 1040): Adding FastScrollSection duplicate to scroll to the bottom.
09-13 04:59:31.786 D/AlphabeticalAppsList( 1040): Clearing FastScrollerSections.
09-13 04:59:31.786 D/AlphabeticalAppsList( 1040): Adding apps with sections. HasPrivateApps: false
09-13 04:59:31.786 D/AlphabeticalAppsList( 1040): addAppsWithSections: adding sectionName: C with appInfoTitle: Calendar
09-13 04:59:31.786 D/AlphabeticalAppsList( 1040): addAppsWithSections: adding sectionName: D with appInfoTitle: Drive
09-13 04:59:31.786 D/AlphabeticalAppsList( 1040): addAppsWithSections: adding sectionName: F with appInfoTitle: Files
09-13 04:59:31.786 D/AlphabeticalAppsList( 1040): addAppsWithSections: adding sectionName: G with appInfoTitle: Glasses
09-13 04:59:31.786 D/AlphabeticalAppsList( 1040): addAppsWithSections: adding sectionName: M with appInfoTitle: Maps
09-13 04:59:31.786 D/AlphabeticalAppsList( 1040): addAppsWithSections: adding sectionName: N with appInfoTitle: Nears
09-13 04:59:31.786 D/AlphabeticalAppsList( 1040): addAppsWithSections: adding sectionName: P with appInfoTitle: Phone
09-13 04:59:31.786 D/AlphabeticalAppsList( 1040): addAppsWithSections: adding sectionName: S with appInfoTitle: Safety
09-13 04:59:31.786 D/AlphabeticalAppsList( 1040): addAppsWithSections: adding sectionName: T with appInfoTitle: TMoble
09-13 04:59:31.786 D/AlphabeticalAppsList( 1040): addAppsWithSections: adding sectionName: V with appInfoTitle: Voice Access
09-13 04:59:31.786 D/AlphabeticalAppsList( 1040): addAppsWithSections: adding sectionName: Y with appInfoTitle: YouTube
09-13 04:59:31.786 D/AlphabeticalAppsList( 1040): Adding FastScrollSection duplicate to scroll to the bottom.
09-13 04:59:31.801 W/AiAiBesties( 1659): providePipelineSetup: Error fetching APK Info for [com.google.android.apps.pixel.relationships].
09-13 04:59:31.801 W/AiAiBesties( 1659): android.content.pm.PackageManager$NameNotFoundException: com.google.android.apps.pixel.relationships
09-13 04:59:31.801 W/AiAiBesties( 1659): 	at android.app.ApplicationPackageManager.getPackageInfoAsUser(ApplicationPackageManager.java:293)
09-13 04:59:31.801 W/AiAiBesties( 1659): 	at android.app.ApplicationPackageManager.getPackageInfo(ApplicationPackageManager.java:253)
09-13 04:59:31.801 W/AiAiBesties( 1659): 	at android.app.ApplicationPackageManager.getPackageInfo(ApplicationPackageManager.java:247)
09-13 04:59:31.801 W/AiAiBesties( 1659): 	at jls.a(PG:36)
09-13 04:59:31.801 W/AiAiBesties( 1659): 	at web.a(PG:98)
09-13 04:59:31.801 W/AiAiBesties( 1659): 	at wei.p(PG:80)
09-13 04:59:31.801 W/AiAiBesties( 1659): 	at wei.e(PG:7)
09-13 04:59:31.801 W/AiAiBesties( 1659): 	at wdh.run(PG:5)
09-13 04:59:31.801 W/AiAiBesties( 1659): 	at java.util.concurrent.Executors$RunnableAdapter.call(Executors.java:520)
09-13 04:59:31.801 W/AiAiBesties( 1659): 	at adyv.a(PG:3)
09-13 04:59:31.801 W/AiAiBesties( 1659): 	at adxy.run(PG:19)
09-13 04:59:31.801 W/AiAiBesties( 1659): 	at adyw.run(PG:5)
09-13 04:59:31.801 W/AiAiBesties( 1659): 	at java.util.concurrent.Executors$RunnableAdapter.call(Executors.java:520)
09-13 04:59:31.801 W/AiAiBesties( 1659): 	at java.util.concurrent.FutureTask.run(FutureTask.java:328)
09-13 04:59:31.801 W/AiAiBesties( 1659): 	at java.util.concurrent.ScheduledThreadPoolExecutor$ScheduledFutureTask.run(ScheduledThreadPoolExecutor.java:323)
09-13 04:59:31.801 W/AiAiBesties( 1659): 	at java.util.concurrent.ThreadPoolExecutor.runWorker(ThreadPoolExecutor.java:1100)
09-13 04:59:31.801 W/AiAiBesties( 1659): 	at java.util.concurrent.ThreadPoolExecutor$Worker.run(ThreadPoolExecutor.java:624)
09-13 04:59:31.801 W/AiAiBesties( 1659): 	at mtj.run(PG:221)
09-13 04:59:31.801 W/AiAiBesties( 1659): 	at java.lang.Thread.run(Thread.java:1572)
09-13 04:59:31.802 W/gle.android.gms(28160): Reducing the number of considered missed Gc histogram windows from 121 to 100
09-13 04:59:31.803 D/b/387844520( 1040): getOutlineOffsetX: measured width = 198, mNormalizedIconSize = 182, last updated width = 198
09-13 04:59:31.803 I/AiAiVC  ( 1659): Centralized allowlist: requested package com.google.android.googlequicksearchbox is in the allowlist
09-13 04:59:31.803 I/AiAiVC  ( 1659): Centralized allowlist: requested package com.google.android.apps.search.assistant.verticals.ambient.standalone is in the allowlist
09-13 04:59:31.803 I/AiAiVC  ( 1659): Centralized allowlist: requested package com.google.android.gms is in the allowlist
09-13 04:59:31.803 I/AiAiVC  ( 1659): Centralized allowlist: requested package com.google.android.deskclock is in the allowlist
09-13 04:59:31.803 I/AiAiVC  ( 1659): Centralized allowlist: requested package com.google.android.apps.wellbeing is in the allowlist
09-13 04:59:31.803 I/AiAiVC  ( 1659): Centralized allowlist: requested package com.google.android.apps.messaging is in the allowlist
09-13 04:59:31.803 I/AiAiVC  ( 1659): Centralized allowlist: requested package com.google.android.apps.maps is in the allowlist
09-13 04:59:31.803 I/AiAiVC  ( 1659): Centralized allowlist: requested package com.google.android.dialer is in the allowlist
09-13 04:59:31.803 I/AiAiVC  ( 1659): Centralized allowlist: requested package com.google.android.apps.recorder is in the allowlist
09-13 04:59:31.803 I/AiAiVC  ( 1659): Centralized allowlist: requested package com.google.android.inputmethod.latin is in the allowlist
09-13 04:59:31.803 I/AiAiVC  ( 1659): Centralized allowlist: requested package com.google.android.inputmethod.latin.dev is in the allowlist
09-13 04:59:31.803 I/AiAiVC  ( 1659): Centralized allowlist: requested package com.google.android.inputmethod.latin.canary is in the allowlist
09-13 04:59:31.803 I/AiAiVC  ( 1659): Centralized allowlist: requested package com.whatsapp is in the allowlist
09-13 04:59:31.803 I/AiAiVC  ( 1659): Centralized allowlist: requested package jp.naver.line.android is in the allowlist
09-13 04:59:31.803 I/AiAiVC  ( 1659): Centralized allowlist: requested package org.thoughtcrime.securesms is in the allowlist
09-13 04:59:31.803 I/AiAiVC  ( 1659): Centralized allowlist: requested package com.google.android.apps.miphone.aiai.autofill.testapps.autofillapp is in the allowlist
09-13 04:59:31.803 I/AiAiVC  ( 1659): Centralized allowlist: requested package com.google.android.apps.miphone.aiai.translate.testapps.chatapp is in the allowlist
09-13 04:59:31.803 I/AiAiVC  ( 1659): Centralized allowlist: requested component com.google.android.gm/com.google.android.gm.ConversationListActivityGmail is in the allowlist
09-13 04:59:31.803 I/AiAiVC  ( 1659): Centralized allowlist: requested component com.google.android.gm/com.google.android.gm.ComposeActivityGmail is in the allowlist
09-13 04:59:31.803 I/AiAiVC  ( 1659): Centralized allowlist: requested component com.android.chrome/com.google.android.apps.chrome.Main is in the allowlist
09-13 04:59:31.803 I/AiAiVC  ( 1659): Centralized allowlist: requested component com.google.android.apps.youtube.music/com.google.android.apps.youtube.music.activities.MusicActivity is in the allowlist
09-13 04:59:31.803 I/AiAiVC  ( 1659): Centralized allowlist: requested component com.google.android.youtube/com.google.android.apps.youtube.app.watchwhile.WatchWhileActivity is in the allowlist
09-13 04:59:31.803 W/AiAiBesties( 1659): providePipelineSetup: Error fetching APK Info for [com.google.android.apps.pixel.relationships].
09-13 04:59:31.803 W/AiAiBesties( 1659): android.content.pm.PackageManager$NameNotFoundException: com.google.android.apps.pixel.relationships
09-13 04:59:31.803 W/AiAiBesties( 1659): 	at android.app.ApplicationPackageManager.getPackageInfoAsUser(ApplicationPackageManager.java:293)
09-13 04:59:31.803 W/AiAiBesties( 1659): 	at android.app.ApplicationPackageManager.getPackageInfo(ApplicationPackageManager.java:253)
09-13 04:59:31.803 W/AiAiBesties( 1659): 	at android.app.ApplicationPackageManager.getPackageInfo(ApplicationPackageManager.java:247)
09-13 04:59:31.803 W/AiAiBesties( 1659): 	at jls.a(PG:36)
09-13 04:59:31.803 W/AiAiBesties( 1659): 	at web.a(PG:98)
09-13 04:59:31.803 W/AiAiBesties( 1659): 	at wei.p(PG:80)
09-13 04:59:31.803 W/AiAiBesties( 1659): 	at wei.e(PG:7)
09-13 04:59:31.803 W/AiAiBesties( 1659): 	at wdh.run(PG:5)
09-13 04:59:31.803 W/AiAiBesties( 1659): 	at java.util.concurrent.Executors$RunnableAdapter.call(Executors.java:520)
09-13 04:59:31.803 W/AiAiBesties( 1659): 	at adyv.a(PG:3)
09-13 04:59:31.803 W/AiAiBesties( 1659): 	at adxy.run(PG:19)
09-13 04:59:31.803 W/AiAiBesties( 1659): 	at adyw.run(PG:5)
09-13 04:59:31.803 W/AiAiBesties( 1659): 	at java.util.concurrent.Executors$RunnableAdapter.call(Executors.java:520)
09-13 04:59:31.803 W/AiAiBesties( 1659): 	at java.util.concurrent.FutureTask.run(FutureTask.java:328)
09-13 04:59:31.803 W/AiAiBesties( 1659): 	at java.util.concurrent.ScheduledThreadPoolExecutor$ScheduledFutureTask.run(ScheduledThreadPoolExecutor.java:323)
09-13 04:59:31.803 W/AiAiBesties( 1659): 	at java.util.concurrent.ThreadPoolExecutor.runWorker(ThreadPoolExecutor.java:1100)
09-13 04:59:31.803 W/AiAiBesties( 1659): 	at java.util.concurrent.ThreadPoolExecutor$Worker.run(ThreadPoolExecutor.java:624)
09-13 04:59:31.803 W/AiAiBesties( 1659): 	at mtj.run(PG:221)
09-13 04:59:31.803 W/AiAiBesties( 1659): 	at java.lang.Thread.run(Thread.java:1572)
09-13 04:59:31.804 I/AiAiVC  ( 1659): Centralized allowlist: requested package com.google.android.googlequicksearchbox is in the allowlist
09-13 04:59:31.804 I/AiAiVC  ( 1659): Centralized allowlist: requested package com.google.android.apps.search.assistant.verticals.ambient.standalone is in the allowlist
09-13 04:59:31.804 I/AiAiVC  ( 1659): Centralized allowlist: requested package com.google.android.gms is in the allowlist
09-13 04:59:31.804 I/AiAiVC  ( 1659): Centralized allowlist: requested package com.google.android.deskclock is in the allowlist
09-13 04:59:31.804 I/AiAiVC  ( 1659): Centralized allowlist: requested package com.google.android.apps.wellbeing is in the allowlist
09-13 04:59:31.804 I/AiAiVC  ( 1659): Centralized allowlist: requested package com.google.android.apps.messaging is in the allowlist
09-13 04:59:31.804 I/AiAiVC  ( 1659): Centralized allowlist: requested package com.google.android.apps.maps is in the allowlist
09-13 04:59:31.804 I/AiAiVC  ( 1659): Centralized allowlist: requested package com.google.android.dialer is in the allowlist
09-13 04:59:31.804 I/AiAiVC  ( 1659): Centralized allowlist: requested package com.google.android.apps.recorder is in the allowlist
09-13 04:59:31.804 I/AiAiVC  ( 1659): Centralized allowlist: requested package com.google.android.inputmethod.latin is in the allowlist
09-13 04:59:31.804 I/AiAiVC  ( 1659): Centralized allowlist: requested package com.google.android.inputmethod.latin.dev is in the allowlist
09-13 04:59:31.804 I/AiAiVC  ( 1659): Centralized allowlist: requested package com.google.android.inputmethod.latin.canary is in the allowlist
09-13 04:59:31.804 I/AiAiVC  ( 1659): Centralized allowlist: requested package com.whatsapp is in the allowlist
09-13 04:59:31.804 I/AiAiVC  ( 1659): Centralized allowlist: requested package jp.naver.line.android is in the allowlist
09-13 04:59:31.804 I/AiAiVC  ( 1659): Centralized allowlist: requested package org.thoughtcrime.securesms is in the allowlist
09-13 04:59:31.804 I/AiAiVC  ( 1659): Centralized allowlist: requested package com.google.android.apps.miphone.aiai.autofill.testapps.autofillapp is in the allowlist
09-13 04:59:31.804 I/AiAiVC  ( 1659): Centralized allowlist: requested package com.google.android.apps.miphone.aiai.translate.testapps.chatapp is in the allowlist
09-13 04:59:31.804 I/AiAiVC  ( 1659): Centralized allowlist: requested component com.google.android.gm/com.google.android.gm.ConversationListActivityGmail is in the allowlist
09-13 04:59:31.804 I/AiAiVC  ( 1659): Centralized allowlist: requested component com.google.android.gm/com.google.android.gm.ComposeActivityGmail is in the allowlist
09-13 04:59:31.804 I/AiAiVC  ( 1659): Centralized allowlist: requested component com.android.chrome/com.google.android.apps.chrome.Main is in the allowlist
09-13 04:59:31.804 I/AiAiVC  ( 1659): Centralized allowlist: requested component com.google.android.apps.youtube.music/com.google.android.apps.youtube.music.activities.MusicActivity is in the allowlist
09-13 04:59:31.804 I/AiAiVC  ( 1659): Centralized allowlist: requested component com.google.android.youtube/com.google.android.apps.youtube.app.watchwhile.WatchWhileActivity is in the allowlist
09-13 04:59:31.804 W/AiAiBesties( 1659): providePipelineSetup: Error fetching APK Info for [com.google.android.apps.pixel.relationships].
09-13 04:59:31.804 W/AiAiBesties( 1659): android.content.pm.PackageManager$NameNotFoundException: com.google.android.apps.pixel.relationships
09-13 04:59:31.804 W/AiAiBesties( 1659): 	at android.app.ApplicationPackageManager.getPackageInfoAsUser(ApplicationPackageManager.java:293)
09-13 04:59:31.804 W/AiAiBesties( 1659): 	at android.app.ApplicationPackageManager.getPackageInfo(ApplicationPackageManager.java:253)
09-13 04:59:31.804 W/AiAiBesties( 1659): 	at android.app.ApplicationPackageManager.getPackageInfo(ApplicationPackageManager.java:247)
09-13 04:59:31.804 W/AiAiBesties( 1659): 	at jls.a(PG:36)
09-13 04:59:31.804 W/AiAiBesties( 1659): 	at web.a(PG:98)
09-13 04:59:31.804 W/AiAiBesties( 1659): 	at wei.p(PG:80)
09-13 04:59:31.804 W/AiAiBesties( 1659): 	at wei.e(PG:7)
09-13 04:59:31.804 W/AiAiBesties( 1659): 	at wdh.run(PG:5)
09-13 04:59:31.804 W/AiAiBesties( 1659): 	at java.util.concurrent.Executors$RunnableAdapter.call(Executors.java:520)
09-13 04:59:31.804 W/AiAiBesties( 1659): 	at adyv.a(PG:3)
09-13 04:59:31.804 W/AiAiBesties( 1659): 	at adxy.run(PG:19)
09-13 04:59:31.804 W/AiAiBesties( 1659): 	at adyw.run(PG:5)
09-13 04:59:31.804 W/AiAiBesties( 1659): 	at java.util.concurrent.Executors$RunnableAdapter.call(Executors.java:520)
09-13 04:59:31.804 W/AiAiBesties( 1659): 	at java.util.concurrent.FutureTask.run(FutureTask.java:328)
09-13 04:59:31.804 W/AiAiBesties( 1659): 	at java.util.concurrent.ScheduledThreadPoolExecutor$ScheduledFutureTask.run(ScheduledThreadPoolExecutor.java:323)
09-13 04:59:31.804 W/AiAiBesties( 1659): 	at java.util.concurrent.ThreadPoolExecutor.runWorker(ThreadPoolExecutor.java:1100)
09-13 04:59:31.804 W/AiAiBesties( 1659): 	at java.util.concurrent.ThreadPoolExecutor$Worker.run(ThreadPoolExecutor.java:624)
09-13 04:59:31.804 W/AiAiBesties( 1659): 	at mtj.run(PG:221)
09-13 04:59:31.804 W/AiAiBesties( 1659): 	at java.lang.Thread.run(Thread.java:1572)
09-13 04:59:31.804 I/AiAiVC  ( 1659): Centralized allowlist: requested package com.google.android.googlequicksearchbox is in the allowlist
09-13 04:59:31.804 I/AiAiVC  ( 1659): Centralized allowlist: requested package com.google.android.apps.search.assistant.verticals.ambient.standalone is in the allowlist
09-13 04:59:31.804 I/AiAiVC  ( 1659): Centralized allowlist: requested package com.google.android.gms is in the allowlist
09-13 04:59:31.804 I/AiAiVC  ( 1659): Centralized allowlist: requested package com.google.android.deskclock is in the allowlist
09-13 04:59:31.804 I/AiAiVC  ( 1659): Centralized allowlist: requested package com.google.android.apps.wellbeing is in the allowlist
09-13 04:59:31.804 I/AiAiVC  ( 1659): Centralized allowlist: requested package com.google.android.apps.messaging is in the allowlist
09-13 04:59:31.804 I/AiAiVC  ( 1659): Centralized allowlist: requested package com.google.android.apps.maps is in the allowlist
09-13 04:59:31.804 I/AiAiVC  ( 1659): Centralized allowlist: requested package com.google.android.dialer is in the allowlist
09-13 04:59:31.804 I/AiAiVC  ( 1659): Centralized allowlist: requested package com.google.android.apps.recorder is in the allowlist
09-13 04:59:31.804 I/AiAiVC  ( 1659): Centralized allowlist: requested package com.google.android.inputmethod.latin is in the allowlist
09-13 04:59:31.804 I/AiAiVC  ( 1659): Centralized allowlist: requested package com.google.android.inputmethod.latin.dev is in the allowlist
09-13 04:59:31.804 I/AiAiVC  ( 1659): Centralized allowlist: requested package com.google.android.inputmethod.latin.canary is in the allowlist
09-13 04:59:31.804 I/AiAiVC  ( 1659): Centralized allowlist: requested package com.whatsapp is in the allowlist
09-13 04:59:31.804 I/AiAiVC  ( 1659): Centralized allowlist: requested package jp.naver.line.android is in the allowlist
09-13 04:59:31.804 I/AiAiVC  ( 1659): Centralized allowlist: requested package org.thoughtcrime.securesms is in the allowlist
09-13 04:59:31.804 I/AiAiVC  ( 1659): Centralized allowlist: requested package com.google.android.apps.miphone.aiai.autofill.testapps.autofillapp is in the allowlist
09-13 04:59:31.804 I/AiAiVC  ( 1659): Centralized allowlist: requested package com.google.android.apps.miphone.aiai.translate.testapps.chatapp is in the allowlist
09-13 04:59:31.804 I/AiAiVC  ( 1659): Centralized allowlist: requested component com.google.android.gm/com.google.android.gm.ConversationListActivityGmail is in the allowlist
09-13 04:59:31.804 I/AiAiVC  ( 1659): Centralized allowlist: requested component com.google.android.gm/com.google.android.gm.ComposeActivityGmail is in the allowlist
09-13 04:59:31.804 I/AiAiVC  ( 1659): Centralized allowlist: requested component com.android.chrome/com.google.android.apps.chrome.Main is in the allowlist
09-13 04:59:31.804 I/AiAiVC  ( 1659): Centralized allowlist: requested component com.google.android.apps.youtube.music/com.google.android.apps.youtube.music.activities.MusicActivity is in the allowlist
09-13 04:59:31.804 I/AiAiVC  ( 1659): Centralized allowlist: requested component com.google.android.youtube/com.google.android.apps.youtube.app.watchwhile.WatchWhileActivity is in the allowlist
09-13 04:59:31.825 W/ActivityManager(  647): Skipping manifest association check for null package. SourceUid: 10221, SourcePkg: null, TargetUid: 10221, TargetPkg: com.google.android.gms
09-13 04:59:31.828 W/skia    (  481): AGTM parsing failed flags.readFromStream(s) at 159
09-13 04:59:31.828 W/skia    (  481): AGTM parsing failed flags.readFromStream(s) at 159
09-13 04:59:31.828 W/skia    (  481): AGTM parsing failed flags.readFromStream(s) at 159
09-13 04:59:31.836 V/WindowManagerShell(  901): Transition animation finished (aborted=false), notifying core (#68) android.os.BinderProxy@8dd8e70@0
09-13 04:59:31.837 V/WindowManager(  647): Finish Transition (#68): created at 09-13 04:59:31.312 collect-started=0.021ms request-sent=4.599ms started=16.846ms ready=159.798ms sent=161.488ms commit=12.568ms finished=524.584ms
09-13 04:59:31.837 D/VRI[NexusLauncherActivity]( 1040): visibilityChanged oldVisibility=true newVisibility=false
09-13 04:59:31.837 D/WallpaperService(  901): onVisibilityChanged(false): com.android.systemui.wallpapers.ImageWallpaper$CanvasEngine@249476e
09-13 04:59:31.837 V/WindowManagerShell(  901): Track 0 became idle
09-13 04:59:31.837 V/WindowManagerShell(  901): All active transition animations finished
09-13 04:59:31.851 D/SmartspaceInteractor( 1040): notifySmartspaceEvent: SmartspaceTargetEvent{mSmartspaceTarget=null, mSmartspaceActionId='null', mEventType=7}
09-13 04:59:31.851 I/AiAiEcho( 1659): AmbientDataPredictorImpl No tracked ambient data found for ID: null; for event type: 7, skipping event processing.
09-13 04:59:31.862 I/PackageManager(  647): getInstalledPackages: callingUid=10159 flags=0 updatedFlags=786432 userId=0
09-13 04:59:31.917 I/wpa_supplicant(25902): wlan0: CTRL-EVENT-BEACON-LOSS 
09-13 04:59:31.928 W/skia    (  481): AGTM parsing failed flags.readFromStream(s) at 159
09-13 04:59:32.014 D/nativeloader(13848): Configuring clns-9 for other apk /data/app/~~NVk0PEj2HueNV1Yf1gtWnw==/com.izzes.nears.nears_nears_3544_firebase_splash_hang--907EK2vWUPjpqfnZYvahw==/base.apk. target_sdk_version=36, uses_libraries=, library_path=/data/app/~~NVk0PEj2HueNV1Yf1gtWnw==/com.izzes.nears.nears_nears_3544_firebase_splash_hang--907EK2vWUPjpqfnZYvahw==/lib/arm64:/data/app/~~NVk0PEj2HueNV1Yf1gtWnw==/com.izzes.nears.nears_nears_3544_firebase_splash_hang--907EK2vWUPjpqfnZYvahw==/base.apk!/lib/arm64-v8a, permitted_path=/data:/mnt/expand:/data/user/0/com.izzes.nears.nears_nears_3544_firebase_splash_hang
09-13 04:59:32.018 V/GraphicsEnvironment(13848): Currently set values for:
09-13 04:59:32.018 V/GraphicsEnvironment(13848):   angle_gl_driver_selection_pkgs=[]
09-13 04:59:32.018 V/GraphicsEnvironment(13848):   angle_gl_driver_selection_values=[]
09-13 04:59:32.019 V/GraphicsEnvironment(13848): com.izzes.nears.nears_nears_3544_firebase_splash_hang is not listed in per-application setting
09-13 04:59:32.019 V/GraphicsEnvironment(13848): No special selections for ANGLE, returning default driver choice
09-13 04:59:32.020 V/GraphicsEnvironment(13848): Neither updatable production driver nor prerelease driver is supported.
09-13 04:59:32.028 W/FirebaseApp(13848): Default FirebaseApp failed to initialize because no default options were found. This usually means that com.google.gms:google-services was not applied to your gradle project.
09-13 04:59:32.028 I/FirebaseInitProvider(13848): FirebaseApp initialization unsuccessful
09-13 04:59:32.028 W/skia    (  481): AGTM parsing failed flags.readFromStream(s) at 159
09-13 04:59:32.029 D/FLTFireContextHolder(13848): received application context.
09-13 04:59:32.056 W/com.facebook.UserSettingsManager(13848): You haven't set a value for AdvertiserIDCollectionEnabled. Set the flag to TRUE if you want to collect Advertiser ID for better advertising and analytics results. To request user consent before collecting data, set the flag value to FALSE, then change to TRUE once user consent is received. Learn more: https://developers.facebook.com/docs/app-events/getting-started-app-events-android#disable-auto-events.
09-13 04:59:32.070 W/com.facebook.internal.NativeProtocol(13848): Apps that target Android API 30+ (Android 11+) cannot call Facebook native apps unless the package visibility needs are declared. Please follow https://developers.facebook.com/docs/android/troubleshooting/#faq_267321845055988 to make the declaration.
09-13 04:59:32.075 D/IntervalStats(  647): Unable to parse usage stats packages: [275, 286, 345, 400, 402, 403]
09-13 04:59:32.075 D/IntervalStats(  647): Unable to parse event packages: [275, 286, 345]
09-13 04:59:32.075 D/IntervalStats(  647): Unable to parse usage stats packages: [275, 286, 345, 406, 475, 476]
09-13 04:59:32.075 D/IntervalStats(  647): Unable to parse event packages: [275, 286, 345]
09-13 04:59:32.076 D/IntervalStats(  647): Unable to parse usage stats packages: [345]
09-13 04:59:32.076 D/IntervalStats(  647): Unable to parse event packages: [345]
09-13 04:59:32.076 D/IntervalStats(  647): Unable to parse usage stats packages: [286, 345, 479, 480, 482, 484]
09-13 04:59:32.076 D/IntervalStats(  647): Unable to parse event packages: [286, 479]
09-13 04:59:32.077 D/IntervalStats(  647): Unable to parse usage stats packages: [286, 479, 557, 559, 560]
09-13 04:59:32.077 D/IntervalStats(  647): Unable to parse event packages: [286, 479]
09-13 04:59:32.077 I/DisplayManager(13848): Choreographer implicitly registered for the refresh rate.
09-13 04:59:32.077 D/IntervalStats(  647): Unable to parse usage stats packages: [286, 479]
09-13 04:59:32.077 D/IntervalStats(  647): Unable to parse event packages: [479]
09-13 04:59:32.078 D/IntervalStats(  647): Unable to parse usage stats packages: [275, 479, 564, 565, 567, 569, 570, 573, 574, 579]
09-13 04:59:32.078 D/IntervalStats(  647): Unable to parse event packages: [579]
09-13 04:59:32.092 D/FlutterJNI(13848): Beginning load of flutter...
09-13 04:59:32.092 I/ResourceExtractor(13848): Resource version mismatch res_timestamp-3-1789261171196
09-13 04:59:32.101 D/nativeloader(13848): Load /data/app/~~NVk0PEj2HueNV1Yf1gtWnw==/com.izzes.nears.nears_nears_3544_firebase_splash_hang--907EK2vWUPjpqfnZYvahw==/lib/arm64/libflutter.so using class loader ns clns-9 (caller=/data/app/~~NVk0PEj2HueNV1Yf1gtWnw==/com.izzes.nears.nears_nears_3544_firebase_splash_hang--907EK2vWUPjpqfnZYvahw==/base.apk!classes22.dex): ok
09-13 04:59:32.102 D/FlutterJNI(13848): flutter (null) was loaded normally!
09-13 04:59:32.114 I/GFXSTREAM(13848): [eglDisplay.cpp(297)] Opening libGLESv1_CM_emulation.so
09-13 04:59:32.115 I/GFXSTREAM(13848): [eglDisplay.cpp(297)] Opening libGLESv2_emulation.so
09-13 04:59:32.115 W/libc    (13848): Access denied finding property "vendor.mesa.virtgpu.kumquat"
09-13 04:59:32.122 W/HWUI    (13848): Failed to choose config with EGL_SWAP_BEHAVIOR_PRESERVED, retrying without...
09-13 04:59:32.123 W/HWUI    (13848): Failed to initialize 101010-2 format, error = EGL_SUCCESS
09-13 04:59:32.534 I/ResourceExtractor(13848): Extracted baseline resource assets/flutter_assets/kernel_blob.bin
09-13 04:59:32.534 I/ResourceExtractor(13848): Extracted baseline resource assets/flutter_assets/vm_snapshot_data
09-13 04:59:32.567 I/Finsky  ( 2753): [48] WM::SCH: Logging work initialize for 12-1
09-13 04:59:32.571 I/Finsky  ( 2753): [54] SCH: Scheduling phonesky job Id: 12-1, CT: 1789261171484, Constraints: [{ L: 15000, D: 86400000, C: CHARGING_NONE, I: IDLE_NONE, N: NET_ANY, B: BATTERY_ANY }]
09-13 04:59:32.572 I/Finsky  ( 2753): [55] SCH: Scheduling 1 system job(s)
09-13 04:59:32.572 I/Finsky  ( 2753): [55] SCH: Scheduling system job Id: 9518, L: 13912, D: 56513258, C: false, I: false, N: 1
09-13 04:59:32.575 I/Finsky  ( 2753): [46] [ContentSync] finished, scheduled=true
09-13 04:59:32.582 I/ResourceExtractor(13848): Extracted baseline resource assets/flutter_assets/isolate_snapshot_data
09-13 04:59:32.583 D/FileUtils(  647): Rounded bytes from 3155017728 to 4000000000
09-13 04:59:32.587 I/cn_CronetUrlRequestContext( 2753): destroyNativeStreamLocked android.net.http.internal.org.chromium.net.impl.CronetBidirectionalStream@95ae954
09-13 04:59:32.590 E/Finsky  ( 2753): [2] Failed to load an Item com.android.vending, no data available.
09-13 04:59:32.590 I/Finsky  ( 2753): [48] WM::SCH: Logging work initialize for 37-332
09-13 04:59:32.591 E/Finsky  ( 2753): [2] Required items [com.android.vending]
09-13 04:59:32.591 E/Finsky  ( 2753): [2] Requested items [[com.android.vending]]
09-13 04:59:32.591 E/Finsky  ( 2753): [2] Retrieved items []
09-13 04:59:32.590 W/ase_splash_hang(13848): type=1400 audit(0.0:205): avc:  denied  { read } for  name="max_map_count" dev="proc" ino=66466 scontext=u:r:untrusted_app_34:s0:c9,c257,c512,c768 tcontext=u:object_r:proc_max_map_count:s0 tclass=file permissive=0 app=com.izzes.nears.nears_nears_3544_firebase_splash_hang
09-13 04:59:32.595 I/Finsky  ( 2753): [57] SCH: Scheduling phonesky job Id: 37-332, CT: 1789261171674, Constraints: [{ L: 0, D: 0, C: CHARGING_NONE, I: IDLE_NONE, N: NET_NONE, B: BATTERY_ANY }, { L: 0, D: 0, C: CHARGING_NONE, I: IDLE_NONE, N: NET_NONE, B: BATTERY_ANY }]
09-13 04:59:32.597 I/Finsky  ( 2753): [53] SCH: Scheduling 1 system job(s)
09-13 04:59:32.597 I/Finsky  ( 2753): [53] SCH: Scheduling expedited system job 9511
09-13 04:59:32.599 I/Finsky  ( 2753): [2] SCH: job service start with id 9511.
09-13 04:59:32.603 I/Finsky  ( 2753): [500] SCH: Satisfied jobs for 9511 are: 37-332
09-13 04:59:32.603 I/Finsky  ( 2753): [513] SCH: Job 37-332 starting
09-13 04:59:32.604 I/Finsky  ( 2753): [2] WM::SCH: Logging work start for 37-332
09-13 04:59:32.604 I/Finsky  ( 2753): [2] Received an install/uninstall event for package com.izzes.nears.nears_nears_3544_firebase_splash_hang
09-13 04:59:32.604 I/Finsky  ( 2753): [2] SCH: jobFinished: 37-332. TimeElapsed: 0ms.
09-13 04:59:32.604 I/Finsky  ( 2753): [2] WM::SCH: Logging work end for 37-332
09-13 04:59:32.606 W/libc    (13848): Access denied finding property "vendor.mesa.virtgpu.kumquat"
09-13 04:59:32.607 I/Finsky  ( 2753): [54] Not an active Cubes user. Ignoring package install/uninstall event.
09-13 04:59:32.612 I/cn_CronetUrlRequestContext(28160): destroyNativeStreamLocked org.chromium.net.impl.CronetBidirectionalStream@a04aa65
09-13 04:59:32.612 I/AppLinksAsyncVerifierV2(28160): (REDACTED) Verification result: checking for a statement with source %s, relation delegate_permission/common.handle_all_urls, and target %s --> %b.
09-13 04:59:32.613 I/AppLinksHostsVerifierV2(28160): (REDACTED) Adding relation extensions for host: %s
09-13 04:59:32.613 I/AppLinksHostsVerifierV2(28160): (REDACTED) Verification %s complete. Successful hosts: %s. Failed hosts: %s. Error hosts: %s.
09-13 04:59:32.615 I/AppLinksRequestHandler(28160): (REDACTED) Updating url filtering rules for %s: %s
09-13 04:59:32.615 I/WebApkHostsVerifierV2(28160): (REDACTED) Processing %d input requests
09-13 04:59:32.615 I/AppLinksUtilsV1(28160): Legacy cross-profile verification enabled [CONTEXT service_id=244 ]
09-13 04:59:32.616 I/WebApkHostsVerifierV2(28160): (REDACTED) Returning %d non-WebAPK requests
09-13 04:59:32.619 I/Finsky  ( 2753): [55] SCH: Scheduling phonesky job Id: 26-1414141414, CT: 1789238655021, Constraints: [{ L: 43200000, D: 44100000, C: CHARGING_NONE, I: IDLE_NONE, N: NET_NONE, B: BATTERY_ANY }]
09-13 04:59:32.621 I/Finsky  ( 2753): [54] SCH: Scheduling 1 system job(s)
09-13 04:59:32.621 W/JobInfo ( 2753): Job 'com.android.vending/com.google.android.finsky.scheduler.process.mainimpl.PhoneskyJobServiceMain#9525' has a deadline with no functional constraints. The deadline won't improve job execution latency. Consider removing the deadline.
09-13 04:59:32.621 I/Finsky  ( 2753): [54] SCH: Scheduling system job Id: 9525, L: 20682400, D: 21582400, C: false, I: false, N: 0
09-13 04:59:32.622 W/JobInfo (  647): Job 'com.android.vending/com.google.android.finsky.scheduler.process.mainimpl.PhoneskyJobServiceMain#9525' has a deadline with no functional constraints. The deadline won't improve job execution latency. Consider removing the deadline.
09-13 04:59:32.624 I/Finsky  ( 2753): [513] SCH: job service finished with id 9511.
09-13 04:59:32.625 I/Finsky  ( 2753): [2] Memory trim requested to level 40
09-13 04:59:32.625 I/Finsky  ( 2753): [2] Flushing in-memory image cache
09-13 04:59:32.634 I/flutter (13848): [IMPORTANT:flutter/shell/platform/android/android_context_gl_impeller.cc(104)] Using the Impeller rendering backend (OpenGLES).
09-13 04:59:32.635 W/libc    (13848): Access denied finding property "vendor.mesa.virtgpu.kumquat"
09-13 04:59:32.651 I/flutter (13848): The Dart VM service is listening on http://127.0.0.1:41481/1KJB4ey_RbQ=/
09-13 04:59:32.651 I/HalDevMgr(  647): bestIfaceCreationProposal is null, requestIface=STA, existingIface=[name=wlan0 type=STA]
09-13 04:59:32.704 E/com.facebook.GraphResponse(13848): {HttpStatus: 400, errorCode: 190, subErrorCode: -1, errorType: OAuthException, errorMessage: Error validating application. Application has been deleted.}
09-13 04:59:32.714 E/com.facebook.GraphResponse(13848): {HttpStatus: 400, errorCode: 190, subErrorCode: -1, errorType: OAuthException, errorMessage: Error validating application. Application has been deleted.}
09-13 04:59:32.715 E/com.facebook.GraphResponse(13848): {HttpStatus: 400, errorCode: 190, subErrorCode: -1, errorType: OAuthException, errorMessage: Error validating application. Application has been deleted.}
09-13 04:59:32.840 D/com.llfbandit.app_links(13848): Intent { act=android.intent.action.MAIN cat=[android.intent.category.LAUNCHER] flg=0x30000000 xflg=0x4 cmp=com.izzes.nears.nears_nears_3544_firebase_splash_hang/com.izzes.nears.MainActivity (has extras) }
09-13 04:59:32.851 I/DynamiteModule(13848): Considering local module com.google.android.gms.measurement.dynamite:185 and remote module com.google.android.gms.measurement.dynamite:205
09-13 04:59:32.851 I/DynamiteModule(13848): Selected remote version of com.google.android.gms.measurement.dynamite, version >= 205
09-13 04:59:32.851 V/DynamiteModule(13848): Dynamite loader version >= 2, using loadModule2NoCrashUtils
09-13 04:59:32.855 W/System  (13848): ClassLoader referenced unknown path: 
09-13 04:59:32.855 D/nativeloader(13848): Configuring clns-10 for other apk . target_sdk_version=37, uses_libraries=, library_path=/data/app/~~lv0q5pv-ROGo4oWbcO66Yg==/com.google.android.gms-c0up8V4kI87sxgeZJUDS8Q==/lib/arm64:/data/app/~~lv0q5pv-ROGo4oWbcO66Yg==/com.google.android.gms-c0up8V4kI87sxgeZJUDS8Q==/base.apk!/lib/arm64-v8a, permitted_path=/data:/mnt/expand:/data/user/0/com.google.android.gms
09-13 04:59:32.861 D/DesktopExperienceFlags(13848): Toggle override initialized to: false
09-13 04:59:32.870 D/FLTFireContextHolder(13848): received application context.
09-13 04:59:32.882 D/CompatChangeReporter(13848): Compat change id reported: 377864165; UID 10265; state: ENABLED
09-13 04:59:32.890 D/FlutterGeolocator(13848): Attaching Geolocator to activity
09-13 04:59:32.894 I/ase_splash_hang(13848): hiddenapi: Accessing hidden method Ldalvik/system/VMStack;->getStackClass2()Ljava/lang/Class; (runtime_flags=0, domain=core-platform, api=unsupported) from Lm7/aon; (domain=app, TargetSdkVersion=36) using reflection: allowed
09-13 04:59:32.896 I/PhenotypeResourceReader( 1226): unable to find any Phenotype resource metadata for com.izzes.nears.nears_nears_3544_firebase_splash_hang
09-13 04:59:32.899 V/FA      (13848): sdkVersion bundled with app, dynamiteVersion: 161000, 205
09-13 04:59:32.899 D/nativeloader(13848): Load /data/app/~~NVk0PEj2HueNV1Yf1gtWnw==/com.izzes.nears.nears_nears_3544_firebase_splash_hang--907EK2vWUPjpqfnZYvahw==/lib/arm64/libdartjni.so using class loader ns clns-9 (caller=/data/app/~~NVk0PEj2HueNV1Yf1gtWnw==/com.izzes.nears.nears_nears_3544_firebase_splash_hang--907EK2vWUPjpqfnZYvahw==/base.apk!classes12.dex): ok
09-13 04:59:32.899 I/PhClient(13848): Unable to retrieve flag snapshot for com.google.android.gms.measurement#com.izzes.nears.nears_nears_3544_firebase_splash_hang, using defaults.
09-13 04:59:32.901 I/GetConfigSnapshotOp( 1226): (REDACTED) Succeeded but not registered: %s
09-13 04:59:32.905 V/FA      (13848): App measurement collection enabled
09-13 04:59:32.906 E/ase_splash_hang(13848): No package ID 6a found for resource ID 0x6a0b0013.
09-13 04:59:32.906 V/FA      (13848): App measurement enabled for app package, google app id: com.izzes.nears.nears_nears_3544_firebase_splash_hang
09-13 04:59:32.906 I/FA      (13848): App measurement initialized, version: 181006
09-13 04:59:32.906 I/FA      (13848): To enable debug logging run: adb shell setprop log.tag.FA VERBOSE
09-13 04:59:32.906 I/FA      (13848): To enable faster debug mode event logging run:
09-13 04:59:32.906 I/FA      (13848):   adb shell setprop debug.firebase.analytics.app com.izzes.nears.nears_nears_3544_firebase_splash_hang
09-13 04:59:32.906 D/FA      (13848): Debug-level message logging enabled
09-13 04:59:32.906 D/FA      (13848): TCF client enabled.
09-13 04:59:32.908 D/FA      (13848): Register tcfPrefChangeListener.
09-13 04:59:32.908 V/FA      (13848): Default prefs file: com.izzes.nears.nears_nears_3544_firebase_splash_hang_preferences
09-13 04:59:32.908 D/FA      (13848): Handle tcf update.
09-13 04:59:32.909 W/FlagStore(13848): Failed to commit to updated flags for com.google.android.gms.measurement#com.izzes.nears.nears_nears_3544_firebase_splash_hang
09-13 04:59:32.909 W/FlagStore(13848): java.lang.SecurityException: GoogleCertificatesRslt: not allowed: pkg=com.izzes.nears.nears_nears_3544_firebase_splash_hang, sha256=[9248c7c19399db2a66c258fdee11aefbbd22748f101050904772ca4ae255a193], atk=true, ver=263234035.true (go/gsrlt)
09-13 04:59:32.909 W/FlagStore(13848): 	at android.os.Parcel.createExceptionOrNull(Parcel.java:3392)
09-13 04:59:32.909 W/FlagStore(13848): 	at android.os.Parcel.createException(Parcel.java:3376)
09-13 04:59:32.909 W/FlagStore(13848): 	at android.os.Parcel.readException(Parcel.java:3359)
09-13 04:59:32.909 W/FlagStore(13848): 	at android.os.Parcel.readException(Parcel.java:3301)
09-13 04:59:32.909 W/FlagStore(13848): 	at m7.ag.c(:com.google.android.gms.dynamite_measurementdynamite@263234035@26.32.34 (260400-0):11)
09-13 04:59:32.909 W/FlagStore(13848): 	at m7.wz.a(:com.google.android.gms.dynamite_measurementdynamite@263234035@26.32.34 (260400-0):31)
09-13 04:59:32.909 W/FlagStore(13848): 	at m7.cn.g(:com.google.android.gms.dynamite_measurementdynamite@263234035@26.32.34 (260400-0):11)
09-13 04:59:32.909 W/FlagStore(13848): 	at m7.di.v(:com.google.android.gms.dynamite_measurementdynamite@263234035@26.32.34 (260400-0):10)
09-13 04:59:32.909 W/FlagStore(13848): 	at m7.di.w(:com.google.android.gms.dynamite_measurementdynamite@263234035@26.32.34 (260400-0):25)
09-13 04:59:32.909 W/FlagStore(13848): 	at m7.di.e(:com.google.android.gms.dynamite_measurementdynamite@263234035@26.32.34 (260400-0):19)
09-13 04:59:32.909 W/FlagStore(13848): 	at m7.dn.handleMessage(:com.google.android.gms.dynamite_measurementdynamite@263234035@26.32.34 (260400-0):748)
09-13 04:59:32.909 W/FlagStore(13848): 	at android.os.Handler.dispatchMessageImpl(Handler.java:138)
09-13 04:59:32.909 W/FlagStore(13848): 	at android.os.Handler.dispatchMessage(Handler.java:125)
09-13 04:59:32.909 W/FlagStore(13848): 	at android.os.Looper.loopOnce(Looper.java:296)
09-13 04:59:32.909 W/FlagStore(13848): 	at android.os.Looper.loop(Looper.java:397)
09-13 04:59:32.909 W/FlagStore(13848): 	at android.os.HandlerThread.run(HandlerThread.java:139)
09-13 04:59:32.910 V/FA      (13848): Tcf preferences read
09-13 04:59:32.910 V/FA      (13848): Persisting first open: 1789261172842
09-13 04:59:32.910 E/FA      (13848): Missing google_app_id. Firebase Analytics disabled. See https://goo.gl/NAOOOI
09-13 04:59:32.910 E/FA      (13848): Uploading is not possible. App measurement disabled
09-13 04:59:32.925 E/com.facebook.GraphResponse(13848): {HttpStatus: 400, errorCode: 190, subErrorCode: -1, errorType: OAuthException, errorMessage: Error validating application. Application has been deleted.}
09-13 04:59:32.927 I/ase_splash_hang(13848): hiddenapi: Accessing hidden method Landroid/view/accessibility/AccessibilityNodeInfo;->getSourceNodeId()J (runtime_flags=0, domain=platform, api=unsupported,test-api) from Lio/flutter/view/AccessibilityViewEmbedder$ReflectionAccessors; (domain=app, TargetSdkVersion=36) using reflection: allowed
09-13 04:59:32.927 I/ase_splash_hang(13848): hiddenapi: Accessing hidden method Landroid/view/accessibility/AccessibilityRecord;->getSourceNodeId()J (runtime_flags=0, domain=platform, api=unsupported) from Lio/flutter/view/AccessibilityViewEmbedder$ReflectionAccessors; (domain=app, TargetSdkVersion=36) using reflection: allowed
09-13 04:59:32.927 I/ase_splash_hang(13848): hiddenapi: Accessing hidden field Landroid/view/accessibility/AccessibilityNodeInfo;->mChildNodeIds:Landroid/util/LongArray; (runtime_flags=0, domain=platform, api=unsupported) from Lio/flutter/view/AccessibilityViewEmbedder$ReflectionAccessors; (domain=app, TargetSdkVersion=36) using reflection: allowed
09-13 04:59:32.927 I/ase_splash_hang(13848): hiddenapi: Accessing hidden method Landroid/util/LongArray;->get(I)J (runtime_flags=0, domain=platform, api=unsupported) from Lio/flutter/view/AccessibilityViewEmbedder$ReflectionAccessors; (domain=app, TargetSdkVersion=36) using reflection: allowed
09-13 04:59:32.927 E/com.facebook.GraphResponse(13848): {HttpStatus: 400, errorCode: 190, subErrorCode: -1, errorType: OAuthException, errorMessage: Error validating application. Application has been deleted.}
09-13 04:59:32.932 D/FlutterRenderer(13848): Width is zero. 0,0
09-13 04:59:32.935 V/FA      (13848): Activity resumed, time: 27266006
09-13 04:59:32.936 D/FA      (13848): Resetting session stitching token to not null
09-13 04:59:32.936 V/FA      (13848): Session started, time: 27266007
09-13 04:59:32.937 I/FA      (13848): Tag Manager is not found and thus will not be used
09-13 04:59:32.937 V/FA      (13848): Checking service availability
09-13 04:59:32.937 V/FA      (13848): Service available
09-13 04:59:32.937 V/FA      (13848): Connecting to remote service
09-13 04:59:32.939 W/HWUI    (13848): Unknown dataspace 0
09-13 04:59:32.939 D/BoundBrokerSvc(28160): onBind: Intent { act=com.google.android.gms.measurement.START xflg=0x4 pkg=com.google.android.gms }
09-13 04:59:32.939 D/BoundBrokerSvc(28160): Loading bound service for intent: Intent { act=com.google.android.gms.measurement.START xflg=0x4 pkg=com.google.android.gms }
09-13 04:59:32.942 W/InputChannel-JNI(  647): Channel already disposed.
09-13 04:59:32.943 W/libc    (13848): Access denied finding property "vendor.mesa.virtgpu.kumquat"
09-13 04:59:32.952 W/skia    (  481): AGTM parsing failed flags.readFromStream(s) at 159
09-13 04:59:33.039 D/FlutterGeolocator(13848): Creating service.
09-13 04:59:33.039 D/FlutterGeolocator(13848): Binding to location service.
09-13 04:59:33.040 D/FlutterLocationService(13848): Creating service.
09-13 04:59:33.042 D/FlutterLocationService(13848): Binding to location service.
09-13 04:59:33.044 D/WindowOnBackDispatcher(13848): setTopOnBackInvokedCallback (unwrapped): android.app.Activity$$ExternalSyntheticLambda0@9febad9
09-13 04:59:33.044 D/CoreBackPreview(  647): Window{e0f9f63 u0 com.izzes.nears.nears_nears_3544_firebase_splash_hang/com.izzes.nears.MainActivity}: Setting back callback OnBackInvokedCallbackInfo{mCallback=android.window.IOnBackInvokedCallback$Stub$Proxy@55e59b6, mPriority=-1, mIsAnimationCallback=false, mOverrideBehavior=0}
09-13 04:59:33.048 I/WindowExtensionsImpl(13848): Initializing Window Extensions, vendor API level=10, activity embedding enabled=true
09-13 04:59:33.051 W/UiContextUtils(13848): Requested context is a non-UI Context. Creating a UI-Context with display: 0. Context: Context=android.app.Application@493578a, of which baseContext=android.app.ContextImpl@ff401fe
09-13 04:59:33.052 W/skia    (  481): AGTM parsing failed flags.readFromStream(s) at 159
09-13 04:59:33.063 D/VRI[MainActivity](13848): WindowInsets changed: 1344x2992 statusBars:[0,159,0,0] navigationBars:[0,0,0,72] mandatorySystemGestures:[0,195,0,96] 
09-13 04:59:33.063 D/FlutterRenderer(13848): Width is zero. 0,0
09-13 04:59:33.065 W/libbinder.ServiceManagerCppClient(  481): Permission failure: android.permission.ACCESS_SURFACE_FLINGER from uid=10265 pid=13848
09-13 04:59:33.065 D/libbinder.PermissionCache(  481): checking android.permission.ACCESS_SURFACE_FLINGER for uid=10265 => denied (115 us)
09-13 04:59:33.065 W/libbinder.ServiceManagerCppClient(  481): Permission failure: android.permission.ROTATE_SURFACE_FLINGER from uid=10265 pid=13848
09-13 04:59:33.065 D/libbinder.PermissionCache(  481): checking android.permission.ROTATE_SURFACE_FLINGER for uid=10265 => denied (133 us)
09-13 04:59:33.065 W/libbinder.ServiceManagerCppClient(  481): Permission failure: android.permission.INTERNAL_SYSTEM_WINDOW from uid=10265 pid=13848
09-13 04:59:33.065 D/libbinder.PermissionCache(  481): checking android.permission.INTERNAL_SYSTEM_WINDOW for uid=10265 => denied (270 us)
09-13 04:59:33.065 W/libbinder.ServiceManagerCppClient(  481): Permission failure: android.permission.READ_FRAME_BUFFER from uid=10265 pid=13848
09-13 04:59:33.065 D/libbinder.PermissionCache(  481): checking android.permission.READ_FRAME_BUFFER for uid=10265 => denied (201 us)
09-13 04:59:33.066 D/WindowManager(  647): setClientSurface Surface(name=VRI-com.izzes.nears.nears_nears_3544_firebase_splash_hang/com.izzes.nears.MainActivity#1357)/@0x222e5af for e0f9f63 com.izzes.nears.nears_nears_3544_firebase_splash_hang/com.izzes.nears.MainActivity
09-13 04:59:33.067 I/Surface (13848): Creating surface for consumer unnamed-13848-0 with slotExpansion=1 for 64 slots
09-13 04:59:33.068 I/Surface (13848): Creating surface for consumer VRI[MainActivity]#0(BLAST Consumer)0 with slotExpansion=1 for 64 slots
09-13 04:59:33.070 D/FlutterJNI(13848): Sending viewport metrics to the engine.
09-13 04:59:33.072 I/Surface (13848): Creating surface for consumer unnamed-13848-1 with slotExpansion=1 for 64 slots
09-13 04:59:33.072 I/Surface (13848): Creating surface for consumer 39452d6 SurfaceView[com.izzes.nears.nears_nears_3544_firebase_splash_hang/com.izzes.nears.MainActivity]#1(BLAST Consumer)1 with slotExpansion=1 for 64 slots
09-13 04:59:33.073 I/ase_splash_hang(13848): Compiler allocated 5317KB to compile void android.view.ViewRootImpl.performTraversals(long)
09-13 04:59:33.139 E/com.facebook.GraphResponse(13848): {HttpStatus: 400, errorCode: 190, subErrorCode: -1, errorType: OAuthException, errorMessage: Error validating application. Application has been deleted.}
09-13 04:59:33.153 W/skia    (  481): AGTM parsing failed flags.readFromStream(s) at 159
09-13 04:59:33.227 D/SatelliteController( 1026): isInCarrierRoamingNbIotNtn: satellite is disabled
09-13 04:59:33.227 D/SatelliteController( 1026): getCarrierRoamingNtnConnectType: Checking connect type from PLMN config for subId: 1
09-13 04:59:33.227 D/TelephonyConfigUpdateInstallReceiver( 1026): getConfigParser: domain=satellite
09-13 04:59:33.227 V/SatelliteController( 1026): satelliteConfigParser is not ready
09-13 04:59:33.227 D/SatelliteController( 1026): isSatelliteAttachSupportedViaConfigupdater: return null (satelliteConfig is null)
09-13 04:59:33.229 D/SatelliteController( 1026): getSatellitePerPlmnConfiguration: invalid subId or not supported via carrier.
09-13 04:59:33.229 D/SatelliteController( 1026): getCarrierRoamingNtnConnectType: config: null
09-13 04:59:33.229 D/TelephonyConfigUpdateInstallReceiver( 1026): getConfigParser: domain=satellite
09-13 04:59:33.229 V/SatelliteController( 1026): satelliteConfigParser is not ready
09-13 04:59:33.229 D/SatelliteController( 1026): getCarrierRoamingNtnConnectTypeViaConfigUpdater: return null (satelliteConfig is null)
09-13 04:59:33.229 D/SatelliteController( 1026): getCarrierRoamingNtnConnectType: Falling back to global carrier config connect type: 0
09-13 04:59:33.229 D/TelephonyConfigUpdateInstallReceiver( 1026): getConfigParser: domain=satellite
09-13 04:59:33.229 V/SatelliteController( 1026): satelliteConfigParser is not ready
09-13 04:59:33.229 D/SatelliteController( 1026): isSatelliteAttachSupportedViaConfigupdater: return null (satelliteConfig is null)
09-13 04:59:33.230 D/SatelliteController( 1026): getCarrierRoamingNtnConnectType: Checking connect type from PLMN config for subId: 1
09-13 04:59:33.230 D/TelephonyConfigUpdateInstallReceiver( 1026): getConfigParser: domain=satellite
09-13 04:59:33.230 V/SatelliteController( 1026): satelliteConfigParser is not ready
09-13 04:59:33.230 D/SatelliteController( 1026): isSatelliteAttachSupportedViaConfigupdater: return null (satelliteConfig is null)
09-13 04:59:33.230 D/SatelliteController( 1026): getSatellitePerPlmnConfiguration: invalid subId or not supported via carrier.
09-13 04:59:33.230 D/SatelliteController( 1026): getCarrierRoamingNtnConnectType: config: null
09-13 04:59:33.230 D/TelephonyConfigUpdateInstallReceiver( 1026): getConfigParser: domain=satellite
09-13 04:59:33.230 V/SatelliteController( 1026): satelliteConfigParser is not ready
09-13 04:59:33.230 D/SatelliteController( 1026): getCarrierRoamingNtnConnectTypeViaConfigUpdater: return null (satelliteConfig is null)
09-13 04:59:33.232 D/SatelliteController( 1026): getCarrierRoamingNtnConnectType: Falling back to global carrier config connect type: 0
09-13 04:59:33.232 D/TelephonyConfigUpdateInstallReceiver( 1026): getConfigParser: domain=satellite
09-13 04:59:33.232 V/SatelliteController( 1026): satelliteConfigParser is not ready
09-13 04:59:33.232 D/SatelliteController( 1026): isSatelliteAttachSupportedViaConfigupdater: return null (satelliteConfig is null)
09-13 04:59:33.287 E/com.facebook.GraphResponse(13848): {HttpStatus: 400, errorCode: 190, subErrorCode: -1, errorType: OAuthException, errorMessage: Error validating application. Application has been deleted.}
09-13 04:59:33.304 E/com.facebook.GraphResponse(13848): {HttpStatus: 400, errorCode: 190, subErrorCode: -1, errorType: OAuthException, errorMessage: Error validating application. Application has been deleted.}
09-13 04:59:33.376 D/FlutterGeolocator(13848): Geolocator foreground service connected
09-13 04:59:33.376 D/FlutterGeolocator(13848): Initializing Geolocator services
09-13 04:59:33.376 D/FlutterGeolocator(13848): Flutter engine connected. Connected engine count 1
09-13 04:59:33.376 D/LocationPlugin(13848): Service connected: ComponentInfo{com.izzes.nears.nears_nears_3544_firebase_splash_hang/com.lyokone.location.FlutterLocationService}
09-13 04:59:33.388 I/Finsky  ( 2753): [2] Memory trim requested to level 40
09-13 04:59:33.388 I/Finsky  ( 2753): [2] Flushing in-memory image cache
09-13 04:59:33.391 D/FA      (13848): Connected to remote service
09-13 04:59:33.391 V/FA      (13848): Processing queued up service tasks: 1
09-13 04:59:33.391 D/WindowLayoutComponentImpl(13848): Register WindowLayoutInfoListener on Context=com.izzes.nears.MainActivity@2d71eda, of which baseContext=android.app.ContextImpl@543ce74
09-13 04:59:33.401 D/FlutterJNI(13848): Sending viewport metrics to the engine.
09-13 04:59:33.403 W/skia    (  481): AGTM parsing failed flags.readFromStream(s) at 159
09-13 04:59:33.441 I/FontLog ( 1226): (REDACTED) Received query %s, URI %s
09-13 04:59:33.442 I/FontLog ( 1226): (REDACTED) Query [%s] resolved to %s
09-13 04:59:33.445 I/FontLog ( 1226): (REDACTED) Fetch %s end status %s
09-13 04:59:33.447 I/FontLog ( 1226): (REDACTED) Pulling font file for id = %d, cache size = %d
09-13 04:59:33.448 I/HWUI    (13848): Using FreeType backend (prop=Auto)
09-13 04:59:33.454 I/FontLog ( 1226): (REDACTED) Pulling font file for id = %d, cache size = %d
09-13 04:59:33.479 D/SoftKeymaster(  318): system/keymaster/km_openssl/certificate_utils.cpp, Line 148: Using TAG_CERTIFICATE_NOT_BEFORE: 1789261173416
09-13 04:59:33.479 D/SoftKeymaster(  318): system/keymaster/km_openssl/certificate_utils.cpp, Line 154: Using TAG_CERTIFICATE_NOT_AFTER: 2578179573416
09-13 04:59:33.479 D/SoftKeymaster(  318): system/keymaster/km_openssl/certificate_utils.cpp, Line 159: Got certificate date params:  NotBefore = 1789261173416, NotAfter = 2578179573416
09-13 04:59:33.479 D/SoftKeymaster(  318): system/keymaster/km_openssl/certificate_utils.cpp, Line 273: Setting notBefore to 1789261173
09-13 04:59:33.479 D/SoftKeymaster(  318): system/keymaster/km_openssl/certificate_utils.cpp, Line 282: Setting notAfter to 2578179573
09-13 04:59:33.518 E/com.facebook.GraphResponse(13848): {HttpStatus: 400, errorCode: 190, subErrorCode: -1, errorType: OAuthException, errorMessage: Error validating application. Application has been deleted.}
09-13 04:59:33.684 I/flutter (13848): 📊 analytics: app_open {}
09-13 04:59:33.684 W/adbd    (  487): timeout expired while reading data after flushing socket, closing
09-13 04:59:33.685 I/flutter (13848): [FAIL] endpoint=null http_status=null type=KilledLaunchNotificationFailure msg="killed-launch getInitialMessage failed (FirebaseException)"
09-13 04:59:33.707 I/flutter (13848): [INFO] msg="route: building splash route, hasData=false"
09-13 04:59:33.746 E/com.facebook.GraphResponse(13848): {HttpStatus: 400, errorCode: 190, subErrorCode: -1, errorType: OAuthException, errorMessage: Error validating application. Application has been deleted.}
09-13 04:59:33.904 I/flutter (13848): [INFO] msg="route: navigating to splash screen"
09-13 04:59:33.912 I/flutter (13848): [INFO] msg="splash: location prefetch initiated"
09-13 04:59:33.996 I/flutter (13848): [NET] GET endpoint=/api/v1/config
09-13 04:59:34.019 W/skia    (  481): AGTM parsing failed flags.readFromStream(s) at 159
09-13 04:59:34.079 D/ConnectivityService(  647): requestNetwork for uid/pid:10265/13848 activeRequest: null callbackRequest: 2289 [NetworkRequest [ REQUEST id=2290, [ Capabilities: INTERNET&NOT_RESTRICTED&TRUSTED&NOT_VCN_MANAGED&NOT_BANDWIDTH_CONSTRAINED Uid: 10265 RequestorUid: 10265 RequestorPkg: com.izzes.nears.nears_nears_3544_firebase_splash_hang UnderlyingNetworks: Null] ]] callback flags: 0 order: 2147483647 isUidTracked: false declaredMethods: AVAIL|LOST|NC
09-13 04:59:34.080 D/WifiNetworkFactory(  647): got request NetworkRequest [ REQUEST id=2290, [ Capabilities: INTERNET&NOT_RESTRICTED&TRUSTED&NOT_VCN_MANAGED&NOT_BANDWIDTH_CONSTRAINED Uid: 10265 RequestorUid: 10265 RequestorPkg: com.izzes.nears.nears_nears_3544_firebase_splash_hang UnderlyingNetworks: Null] ]
09-13 04:59:34.080 D/ConnectivityService(  647): NetReassign [2290 : null → 103] [c 1] [a 0] [i 0]
09-13 04:59:34.080 D/UntrustedWifiNetworkFactory(  647): got request NetworkRequest [ REQUEST id=2290, [ Capabilities: INTERNET&NOT_RESTRICTED&TRUSTED&NOT_VCN_MANAGED&NOT_BANDWIDTH_CONSTRAINED Uid: 10265 RequestorUid: 10265 RequestorPkg: com.izzes.nears.nears_nears_3544_firebase_splash_hang UnderlyingNetworks: Null] ]
09-13 04:59:34.080 D/OemPaidWifiNetworkFactory(  647): got request NetworkRequest [ REQUEST id=2290, [ Capabilities: INTERNET&NOT_RESTRICTED&TRUSTED&NOT_VCN_MANAGED&NOT_BANDWIDTH_CONSTRAINED Uid: 10265 RequestorUid: 10265 RequestorPkg: com.izzes.nears.nears_nears_3544_firebase_splash_hang UnderlyingNetworks: Null] ]
09-13 04:59:34.080 D/MultiInternetWifiNetworkFactory(  647): got request NetworkRequest [ REQUEST id=2290, [ Capabilities: INTERNET&NOT_RESTRICTED&TRUSTED&NOT_VCN_MANAGED&NOT_BANDWIDTH_CONSTRAINED Uid: 10265 RequestorUid: 10265 RequestorPkg: com.izzes.nears.nears_nears_3544_firebase_splash_hang UnderlyingNetworks: Null] ]
09-13 04:59:34.122 W/libbinder.ServiceManagerCppClient(  647): Permission failure: android.permission.ACCESS_SURFACE_FLINGER from uid=10265 pid=0
09-13 04:59:34.122 D/libbinder.PermissionCache(  647): checking android.permission.ACCESS_SURFACE_FLINGER for uid=10265 => denied (67 us)
09-13 04:59:34.122 W/libbinder.ServiceManagerCppClient(  647): Permission failure: android.permission.ROTATE_SURFACE_FLINGER from uid=10265 pid=0
09-13 04:59:34.122 D/libbinder.PermissionCache(  647): checking android.permission.ROTATE_SURFACE_FLINGER for uid=10265 => denied (7 us)
09-13 04:59:34.122 W/libbinder.ServiceManagerCppClient(  647): Permission failure: android.permission.INTERNAL_SYSTEM_WINDOW from uid=10265 pid=0
09-13 04:59:34.122 D/libbinder.PermissionCache(  647): checking android.permission.INTERNAL_SYSTEM_WINDOW for uid=10265 => denied (3 us)
09-13 04:59:34.122 W/libbinder.ServiceManagerCppClient(  647): Permission failure: android.permission.READ_FRAME_BUFFER from uid=10265 pid=0
09-13 04:59:34.122 D/libbinder.PermissionCache(  647): checking android.permission.READ_FRAME_BUFFER for uid=10265 => denied (3 us)
09-13 04:59:34.124 I/ActivityTaskManager(  647): Displayed com.izzes.nears.nears_nears_3544_firebase_splash_hang/com.izzes.nears.MainActivity for user 0: +2s813ms
09-13 04:59:34.124 I/ActivityTaskManager(  647): Fully drawn com.izzes.nears.nears_nears_3544_firebase_splash_hang/com.izzes.nears.MainActivity: +2s813ms
09-13 04:59:34.136 W/skia    (  481): AGTM parsing failed flags.readFromStream(s) at 159
09-13 04:59:34.151 I/flutter (13848): [INFO] msg="splash: location prefetch skipped (permission not granted)"
09-13 04:59:34.160 D/BaseActivity( 1040): Launcher flags updated: [] -[state_started]
09-13 04:59:34.160 D/BaseDepthController( 1040): setSurface:
09-13 04:59:34.160 D/BaseDepthController( 1040): 	mWaitingOnSurfaceValidity: false
09-13 04:59:34.160 D/BaseDepthController( 1040): 	mBaseSurface: null
09-13 04:59:34.161 D/BaseDepthController( 1040): mSurface is null and mCurrentBlur is: 0
09-13 04:59:34.162 D/LauncherStateManager( 1040): StateManager.goToState: fromState: Normal, toState: Normal, partial trace:
09-13 04:59:34.162 D/LauncherStateManager( 1040): 	at com.android.launcher3.statemanager.StateManager.moveToRestState(go/retraceme 4b96215a9d9b4c1494121442fbf9d6e89857c91e1d76ddcc689701971259418a:26)
09-13 04:59:34.162 D/LauncherStateManager( 1040): 	at com.android.launcher3.statemanager.StateManager.moveToRestState(go/retraceme 4b96215a9d9b4c1494121442fbf9d6e89857c91e1d76ddcc689701971259418a:35)
09-13 04:59:34.162 D/LauncherStateManager( 1040): 	at com.android.launcher3.statemanager.StatefulActivity.onStop(go/retraceme 4b96215a9d9b4c1494121442fbf9d6e89857c91e1d76ddcc689701971259418a:31)
09-13 04:59:34.162 D/LauncherStateManager( 1040): StateManager.onRepeatStateSetAborted: state: Normal
09-13 04:59:34.162 I/ImeTracker(  647): com.izzes.nears.nears_nears_3544_firebase_splash_hang:d8bc0af4: onRequestHide at ORIGIN_SERVER reason HIDE_UNSPECIFIED_WINDOW fromUser false userId 0 displayId 0
09-13 04:59:34.162 D/KeyboardStateManager( 1040): hideKeyboard
09-13 04:59:34.162 D/KeyboardStateManager( 1040): isImeShown: false
09-13 04:59:34.163 D/StatsLog( 1040): LAUNCHER_ONSTOP
09-13 04:59:34.164 D/StatsLog( 1040): LAUNCHER_GOOGLE_SEARCH_RESTORE_LIST_SIZE_AFTER_ACTIVITY_RESTART
09-13 04:59:34.165 I/SubtypeOperator( 1556): SubtypeOperator$1.onUnbindInput():43 
09-13 04:59:34.172 W/InputChannel-JNI(  647): Channel already disposed.
09-13 04:59:34.173 I/SubtypeOperator( 1556): SubtypeOperator$1.onBindInput():33 
09-13 04:59:34.173 D/InsetsController(13848): hide(ime())
09-13 04:59:34.173 I/ImeTracker(13848): com.izzes.nears.nears_nears_3544_firebase_splash_hang:d8bc0af4: onCancelled at PHASE_CLIENT_ALREADY_HIDDEN
09-13 04:59:34.173 I/GoogleInputMethodService( 1556): GoogleInputMethodService.onFinishInput():2361 
09-13 04:59:34.173 I/ImeTracker(  647): system_server:92ab14e8: onRequestHide at ORIGIN_SERVER reason IME_REQUESTED_CHANGED_LISTENER fromUser false displayId 0
09-13 04:59:34.174 I/ImeTracker(  647): system_server:92ab14e8: onCancelled at PHASE_SERVER_SHOULD_HIDE
09-13 04:59:34.174 I/GoogleInputMethodService( 1556): GoogleInputMethodService.onStartInput():1532 onStartInput(EditorInfo{EditorInfo{packageName=com.izzes.nears.nears_nears_3544_firebase_splash_hang, inputType=0, inputTypeString=NULL, enableLearning=false, autoCorrection=false, autoComplete=false, imeOptions=0, privateImeOptions=null, actionName=UNSPECIFIED, actionLabel=null, initialSelStart=-1, initialSelEnd=-1, initialCapsMode=0, label=null, fieldId=0, fieldName=null, extras=null, hintText=null, hintLocales=[]}}, false)
09-13 04:59:34.175 I/Module  ( 1556): DeviceLockedStatusModuleProvider$Module.updateDeviceLockedStatusInternal():119 repeatCheckTimes = 0, locked = false
09-13 04:59:34.175 I/LatinIMEBase( 1556): LatinIMEBase.updateInputViewCoverNavigation():316 Update input view padding, isNavbarOverInputWindow=true, bottom inset=144
09-13 04:59:34.177 I/Module  ( 1556): DeviceLockedStatusModuleProvider$Module.updateDeviceLockedStatusInternal():119 repeatCheckTimes = 1, locked = false
09-13 04:59:34.178 W/PackageConfigPersister(  647): App-specific configuration not found for packageName: com.izzes.nears.nears_nears_3544_firebase_splash_hang and userId: 0
09-13 04:59:34.182 W/s.nexuslauncher( 1040): Reducing the number of considered missed Gc histogram windows from 217 to 100
09-13 04:59:34.183 W/System  ( 1040): A resource failed to call release. 
09-13 04:59:34.183 W/System  ( 1040): A resource failed to call release. 
09-13 04:59:34.183 W/System  ( 1040): A resource failed to call release. 
09-13 04:59:34.237 W/skia    (  481): AGTM parsing failed flags.readFromStream(s) at 159
09-13 04:59:34.237 W/skia    (  481): AGTM parsing failed flags.readFromStream(s) at 159
09-13 04:59:34.237 W/skia    (  481): AGTM parsing failed flags.readFromStream(s) at 159
09-13 04:59:34.320 E/TaskPersister(  647): File error accessing recents directory (directory doesn't exist?).
09-13 04:59:34.337 W/skia    (  481): AGTM parsing failed flags.readFromStream(s) at 159
09-13 04:59:34.337 W/skia    (  481): AGTM parsing failed flags.readFromStream(s) at 159
09-13 04:59:34.337 W/skia    (  481): AGTM parsing failed flags.readFromStream(s) at 159
09-13 04:59:34.378 D/NetworkStatsObservers(  647): Registering observer for RequestInfo from pid/uid:647/1000(android) for DataUsageRequest [ requestId=21, networkTemplate=NetworkTemplate: matchRule=MOBILE, matchSubscriberIds=[310260...], matchWifiNetworkKeys=[], metered=YES, defaultNetwork=NO, thresholdInBytes=6688000 ] accessLevel:3
09-13 04:59:34.378 D/NetworkStatsObservers(  647): Unregistering RequestInfo from pid/uid:647/1000(android) for DataUsageRequest [ requestId=20, networkTemplate=NetworkTemplate: matchRule=MOBILE, matchSubscriberIds=[310260...], matchWifiNetworkKeys=[], metered=YES, defaultNetwork=NO, thresholdInBytes=6688722 ] accessLevel:3
09-13 04:59:34.438 W/skia    (  481): AGTM parsing failed flags.readFromStream(s) at 159
09-13 04:59:34.438 W/skia    (  481): AGTM parsing failed flags.readFromStream(s) at 159
09-13 04:59:34.438 W/skia    (  481): AGTM parsing failed flags.readFromStream(s) at 159
09-13 04:59:34.503 W/ProcessStats(  647): Tracking association SourceState{daff1d9 com.google.android.apps.nexuslauncher/10192 BFgs #13049} whose proc state 4 is better than process ProcessState{184959e com.google.android.apps.wellbeing/10159 pkg=com.google.android.apps.wellbeing} proc state 14 (85 skipped)
09-13 04:59:34.505 W/libbinder.IPCThreadState(  529): Sending oneway calls to frozen process.
09-13 04:59:34.538 W/skia    (  481): AGTM parsing failed flags.readFromStream(s) at 159
09-13 04:59:34.538 W/skia    (  481): AGTM parsing failed flags.readFromStream(s) at 159
09-13 04:59:34.538 W/skia    (  481): AGTM parsing failed flags.readFromStream(s) at 159
09-13 04:59:34.555 W/System  (  901): A resource failed to call release. 
09-13 04:59:34.556 W/System  (  901): A resource failed to call release. 
09-13 04:59:34.556 W/System  (  901): A resource failed to call release. 
09-13 04:59:34.556 W/System  (  901): A resource failed to call release. 
09-13 04:59:34.564 W/FrameTracker(  901): Missed SF frame:jankTypeLegacy: JANK_COMPOSER, jankTypeExperimental: JANK_NONE, vsyncId: 1165693, totalDuration: 3142874, CUJ=J<SPLASHSCREEN_EXIT_ANIM>
09-13 04:59:34.639 W/skia    (  481): AGTM parsing failed flags.readFromStream(s) at 159
09-13 04:59:34.639 W/skia    (  481): AGTM parsing failed flags.readFromStream(s) at 159
09-13 04:59:34.639 W/skia    (  481): AGTM parsing failed flags.readFromStream(s) at 159
09-13 04:59:34.740 W/skia    (  481): AGTM parsing failed flags.readFromStream(s) at 159
09-13 04:59:34.740 W/skia    (  481): AGTM parsing failed flags.readFromStream(s) at 159
09-13 04:59:34.761 I/flutter (13848): [NET] endpoint=/api/v1/config http_status=200
09-13 04:59:34.774 I/flutter (13848): [INFO] msg="splash: deeplink resolved canRoute=true"
09-13 04:59:34.774 I/flutter (13848): [INFO] msg="splash: routing"
09-13 04:59:34.840 W/skia    (  481): AGTM parsing failed flags.readFromStream(s) at 159
09-13 04:59:34.840 W/skia    (  481): AGTM parsing failed flags.readFromStream(s) at 159
09-13 04:59:34.927 D/WindowOnBackDispatcher(13848): setTopOnBackInvokedCallback (unwrapped): io.flutter.embedding.android.FlutterActivity$1@8306fe7
09-13 04:59:34.928 D/CoreBackPreview(  647): Window{e0f9f63 u0 com.izzes.nears.nears_nears_3544_firebase_splash_hang/com.izzes.nears.MainActivity}: Setting back callback OnBackInvokedCallbackInfo{mCallback=android.window.IOnBackInvokedCallback$Stub$Proxy@9153faa, mPriority=0, mIsAnimationCallback=true, mOverrideBehavior=0}
09-13 04:59:34.941 W/skia    (  481): AGTM parsing failed flags.readFromStream(s) at 159
09-13 04:59:34.941 W/skia    (  481): AGTM parsing failed flags.readFromStream(s) at 159
09-13 04:59:35.088 W/skia    (  481): AGTM parsing failed flags.readFromStream(s) at 159
09-13 04:59:35.088 W/skia    (  481): AGTM parsing failed flags.readFromStream(s) at 159
09-13 04:59:35.189 W/skia    (  481): AGTM parsing failed flags.readFromStream(s) at 159
09-13 04:59:35.189 W/skia    (  481): AGTM parsing failed flags.readFromStream(s) at 159
09-13 04:59:35.289 W/skia    (  481): AGTM parsing failed flags.readFromStream(s) at 159
09-13 04:59:35.289 W/skia    (  481): AGTM parsing failed flags.readFromStream(s) at 159
09-13 04:59:35.390 W/skia    (  481): AGTM parsing failed flags.readFromStream(s) at 159
09-13 04:59:35.390 W/skia    (  481): AGTM parsing failed flags.readFromStream(s) at 159
09-13 04:59:35.483 D/WindowOnBackDispatcher(13848): setTopOnBackInvokedCallback (unwrapped): android.app.Activity$$ExternalSyntheticLambda0@9febad9
09-13 04:59:35.484 D/CoreBackPreview(  647): Window{e0f9f63 u0 com.izzes.nears.nears_nears_3544_firebase_splash_hang/com.izzes.nears.MainActivity}: Setting back callback OnBackInvokedCallbackInfo{mCallback=android.window.IOnBackInvokedCallback$Stub$Proxy@eee179b, mPriority=-1, mIsAnimationCallback=false, mOverrideBehavior=0}
09-13 04:59:35.492 W/skia    (  481): AGTM parsing failed flags.readFromStream(s) at 159
09-13 04:59:35.492 W/skia    (  481): AGTM parsing failed flags.readFromStream(s) at 159
09-13 04:59:35.594 W/skia    (  481): AGTM parsing failed flags.readFromStream(s) at 159
09-13 04:59:35.594 W/skia    (  481): AGTM parsing failed flags.readFromStream(s) at 159
09-13 04:59:35.654 I/AdbWifiNetworkMonitor(  647): Wi-Fi network available
09-13 04:59:35.654 I/AdbWifiNetworkMonitor(  647): Received the same Wi-Fi SSID. Ignoring.
09-13 04:59:35.655 I/HalDevMgr(  647): bestIfaceCreationProposal is null, requestIface=STA, existingIface=[name=wlan0 type=STA]
09-13 04:59:35.657 I/NullBinder( 1226): NullBinder for android.net.action.RECOMMEND_NETWORKS triggering remote TransactionTooLargeException due to Service without Chimera impl, calling uid: 1000, calling pid: 0
09-13 04:59:35.657 W/libbinder.Binder( 1226): Large reply transaction of 1056768 bytes, interface descriptor , function: UNKNOWN_FUNCTION_NAME, code: 1, flags: 17
09-13 04:59:35.658 D/IpClient/wlan0( 1004): interfaceLinkStateChanged: ifindex 16 up
09-13 04:59:35.660 D/ConnectivityService(  647): NetReassign [no changes] [c 0] [a 1] [i 0]
09-13 04:59:35.660 I/NearbyMediums( 1226): Wifi changed new SSID: "AndroidWifi"
09-13 04:59:35.660 I/NearbyMediums( 1226): WifiLanConnectivityInfo is not changed, skip notify.
09-13 04:59:35.663 D/IpClient/wlan0( 1004): interfaceLinkStateChanged: ifindex 16 up
09-13 04:59:36.162 I/NearbySharing( 1226): Network state changed: NetworkState(isRestricted=false, isOnline=true, isCongested=false, isMetered=false, isWifiConnected=true)
09-13 04:59:37.211 D/ProfileInstaller(13848): Installing profile for com.izzes.nears.nears_nears_3544_firebase_splash_hang
09-13 04:59:37.834 I/adbd    (  487): adbd service requested 'shell,v2,TERM=xterm-256color,raw:dumpsys package com.google.android.gms'
09-13 04:59:37.872 I/artd    ( 3771): GetBestInfo: odex next to the dex file (/data/app/~~lv0q5pv-ROGo4oWbcO66Yg==/com.google.android.gms-c0up8V4kI87sxgeZJUDS8Q==/oat/arm64/base.odex) is kOatUpToDate with filter 'speed-profile' executable 'false'
09-13 04:59:37.873 I/artd    ( 3771): GetBestInfo: dm (/data/app/~~lv0q5pv-ROGo4oWbcO66Yg==/com.google.android.gms-c0up8V4kI87sxgeZJUDS8Q==/split_AdsDynamite_installtime.dm) is kOatUpToDate with filter 'verify' executable 'false'
09-13 04:59:37.874 I/artd    ( 3771): GetBestInfo: odex next to the dex file (/data/app/~~lv0q5pv-ROGo4oWbcO66Yg==/com.google.android.gms-c0up8V4kI87sxgeZJUDS8Q==/oat/arm64/split_CronetDynamite_installtime.odex) is kOatUpToDate with filter 'speed-profile' executable 'false'
09-13 04:59:37.875 I/artd    ( 3771): GetBestInfo: dm (/data/app/~~lv0q5pv-ROGo4oWbcO66Yg==/com.google.android.gms-c0up8V4kI87sxgeZJUDS8Q==/split_DynamiteLoader_installtime.dm) is kOatUpToDate with filter 'verify' executable 'false'
09-13 04:59:37.875 I/artd    ( 3771): GetBestInfo: dm (/data/app/~~lv0q5pv-ROGo4oWbcO66Yg==/com.google.android.gms-c0up8V4kI87sxgeZJUDS8Q==/split_DynamiteModulesA_installtime.dm) is kOatUpToDate with filter 'verify' executable 'false'
09-13 04:59:37.876 I/artd    ( 3771): GetBestInfo: dm (/data/app/~~lv0q5pv-ROGo4oWbcO66Yg==/com.google.android.gms-c0up8V4kI87sxgeZJUDS8Q==/split_DynamiteModulesC_installtime.dm) is kOatUpToDate with filter 'verify' executable 'false'
09-13 04:59:37.876 I/artd    ( 3771): GetBestInfo: dm (/data/app/~~lv0q5pv-ROGo4oWbcO66Yg==/com.google.android.gms-c0up8V4kI87sxgeZJUDS8Q==/split_GoogleCertificates_installtime.dm) is kOatUpToDate with filter 'verify' executable 'false'
09-13 04:59:37.877 I/artd    ( 3771): GetBestInfo: dm (/data/app/~~lv0q5pv-ROGo4oWbcO66Yg==/com.google.android.gms-c0up8V4kI87sxgeZJUDS8Q==/split_MapsDynamite_installtime.dm) is kOatUpToDate with filter 'verify' executable 'false'
09-13 04:59:37.878 I/artd    ( 3771): GetBestInfo: dm (/data/app/~~lv0q5pv-ROGo4oWbcO66Yg==/com.google.android.gms-c0up8V4kI87sxgeZJUDS8Q==/split_MeasurementDynamite_installtime.dm) is kOatUpToDate with filter 'verify' executable 'false'
09-13 04:59:37.878 I/artd    ( 3771): GetBestInfo: /data/user_de/0/com.google.android.gms/app_chimera/m/00000001/CronetDynamite.apk has no usable artifacts
09-13 04:59:37.878 I/artd    ( 3771): GetBestInfo: /data/user_de/0/com.google.android.gms/app_chimera/m/00000002/DynamiteLoader.apk has no usable artifacts
09-13 04:59:37.878 I/artd    ( 3771): GetBestInfo: /data/user_de/0/com.google.android.gms/app_chimera/m/00000006/MapsDynamite.apk has no usable artifacts
09-13 04:59:37.880 I/artd    ( 3771): GetBestInfo: vdex next to the dex file (/data/user/0/com.google.android.gms/app_dg_cache/AEB5BC832EBF3852F39BA4BE495DD40566104436/oat/arm64/the.vdex) is kOatUpToDate with filter 'verify' executable 'false'
09-13 04:59:37.880 I/artd    ( 3771): GetBestInfo: /data/user_de/0/com.google.android.gms/app_chimera/m/00000005/GoogleCertificates.apk has no usable artifacts
09-13 04:59:37.881 I/artd    ( 3771): GetBestInfo: /data/user_de/0/com.google.android.gms/app_chimera/m/00000014/dl-TfliteDynamiteDynamite.integ_260580502100400.apk has no usable artifacts
09-13 04:59:37.881 I/artd    ( 3771): GetBestInfo: /data/user_de/0/com.google.android.gms/app_chimera/m/00000011/dl-MlkitBarcodeUi.optional_263234100400.apk has no usable artifacts
09-13 04:59:37.882 I/artd    ( 3771): GetBestInfo: /data/user_de/0/com.google.android.gms/app_chimera/m/0000000c/dl-VisionOcr.optional_261136100000.apk has no usable artifacts
09-13 04:59:37.883 I/artd    ( 3771): GetBestInfo: /data/user_de/0/com.google.android.gms/app_chimera/m/00000009/dl-TfliteDynamiteDynamite.integ_262730502100400.apk has no usable artifacts
09-13 04:59:37.884 I/artd    ( 3771): GetBestInfo: /data/user_de/0/com.google.android.gms/app_chimera/m/0000000f/dl-PlayCloudSearch.optional_261136100000.apk has no usable artifacts
09-13 04:59:37.884 I/artd    ( 3771): GetBestInfo: /data/user_de/0/com.google.android.gms/app_chimera/m/0000000b/dl-MlkitOcrCommon.optional_261136100400.apk has no usable artifacts
09-13 04:59:37.885 I/artd    ( 3771): GetBestInfo: /data/user_de/0/com.google.android.gms/app_chimera/m/00000018/dl-MapsCoreDynamite.integ_260830204100400.apk has no usable artifacts
09-13 04:59:37.885 I/artd    ( 3771): GetBestInfo: /data/user_de/0/com.google.android.gms/app_chimera/m/00000015/dl-PlayCloudSearch.optional_263234100000.apk has no usable artifacts
09-13 04:59:37.886 I/artd    ( 3771): GetBestInfo: /data/user_de/0/com.google.android.gms/app_chimera/m/00000016/dl-VisionOcr.optional_263234100000.apk has no usable artifacts
09-13 04:59:37.887 I/artd    ( 3771): GetBestInfo: /data/user_de/0/com.google.android.gms/app_chimera/m/00000012/dl-MlkitOcrCommon.optional_263234100400.apk has no usable artifacts
09-13 04:59:37.887 I/artd    ( 3771): GetBestInfo: /data/user_de/0/com.google.android.gms/app_chimera/m/0000000d/dl-IdentityCredentialsPlatform.optional_261136100400.apk has no usable artifacts
09-13 04:59:37.888 I/artd    ( 3771): GetBestInfo: /data/user_de/0/com.google.android.gms/app_chimera/m/00000013/dl-Appsearch.optional_263234100400.apk has no usable artifacts
09-13 04:59:37.889 I/artd    ( 3771): GetBestInfo: vdex next to the dex file (/data/user/0/com.google.android.gms/app_dg_cache/6EF5C2E3C39D601B699E493E3C02879B45CBDB40/oat/arm64/the.vdex) is kOatUpToDate with filter 'verify' executable 'false'
09-13 04:59:37.889 I/artd    ( 3771): GetBestInfo: /data/user_de/0/com.google.android.gms/app_chimera/m/00000007/MeasurementDynamite.apk has no usable artifacts
09-13 04:59:37.890 I/artd    ( 3771): GetBestInfo: /data/user_de/0/com.google.android.gms/app_chimera/m/00000017/dl-IdentityCredentialsPlatform.optional_263234100400.apk has no usable artifacts
09-13 04:59:37.890 I/artd    ( 3771): GetBestInfo: /data/user_de/0/com.google.android.gms/app_chimera/m/0000000a/dl-MlkitBarcodeUi.optional_261136100400.apk has no usable artifacts
09-13 04:59:38.395 V/FA      (13848): Inactivity, disconnecting from the service
09-13 04:59:38.659 I/AdbWifiNetworkMonitor(  647): Wi-Fi network available
09-13 04:59:38.659 I/AdbWifiNetworkMonitor(  647): Received the same Wi-Fi SSID. Ignoring.
09-13 04:59:38.659 I/HalDevMgr(  647): bestIfaceCreationProposal is null, requestIface=STA, existingIface=[name=wlan0 type=STA]
09-13 04:59:38.664 I/NullBinder( 1226): NullBinder for android.net.action.RECOMMEND_NETWORKS triggering remote TransactionTooLargeException due to Service without Chimera impl, calling uid: 1000, calling pid: 0
09-13 04:59:38.664 W/libbinder.Binder( 1226): Large reply transaction of 1056768 bytes, interface descriptor , function: UNKNOWN_FUNCTION_NAME, code: 1, flags: 17
09-13 04:59:38.664 D/ConnectivityService(  647): NetReassign [no changes] [c 0] [a 0] [i 0]
09-13 04:59:38.665 I/NearbyMediums( 1226): Wifi changed new SSID: "AndroidWifi"
09-13 04:59:38.665 I/NearbyMediums( 1226): WifiLanConnectivityInfo is not changed, skip notify.
09-13 04:59:39.166 I/NearbySharing( 1226): Network state changed: NetworkState(isRestricted=false, isOnline=true, isCongested=false, isMetered=false, isWifiConnected=true)
09-13 04:59:39.556 D/BoundBrokerSvc(28160): onUnbind: Intent { act=com.google.android.gms.auth.service.START xflg=0x4 pkg=com.google.android.gms }
09-13 04:59:39.557 D/BoundBrokerSvc(28160): onUnbind: Intent { act=com.google.android.gms.onboardingconsent.api.ConsentManagerApiService.START dat=chimera-action:/... xflg=0x4 cmp=com.google.android.gms/.chimera.GmsApiService }
09-13 04:59:39.854 I/wpa_supplicant(25902): wlan0: CTRL-EVENT-BEACON-LOSS 
09-13 04:59:41.318 W/libbinder.IPCThreadState(  647): Sending oneway calls to frozen process.
09-13 04:59:41.339 D/ActivityManager(  647): freezing 3310 com.google.android.packageinstaller
09-13 04:59:41.340 D/InetDiagMessage(  647): Destroyed 0 sockets, proto=IPPROTO_TCP, family=AF_INET, states=14
09-13 04:59:41.341 D/InetDiagMessage(  647): Destroyed 0 sockets, proto=IPPROTO_TCP, family=AF_INET6, states=14
09-13 04:59:41.341 D/InetDiagMessage(  647): Destroyed live tcp sockets for uids={10113} in 1ms
09-13 04:59:41.663 I/AdbWifiNetworkMonitor(  647): Wi-Fi network available
09-13 04:59:41.663 I/AdbWifiNetworkMonitor(  647): Received the same Wi-Fi SSID. Ignoring.
09-13 04:59:41.664 I/HalDevMgr(  647): bestIfaceCreationProposal is null, requestIface=STA, existingIface=[name=wlan0 type=STA]
09-13 04:59:41.666 I/NullBinder( 1226): NullBinder for android.net.action.RECOMMEND_NETWORKS triggering remote TransactionTooLargeException due to Service without Chimera impl, calling uid: 1000, calling pid: 0
09-13 04:59:41.666 W/libbinder.Binder( 1226): Large reply transaction of 1056768 bytes, interface descriptor , function: UNKNOWN_FUNCTION_NAME, code: 1, flags: 17
09-13 04:59:41.671 D/ConnectivityService(  647): NetReassign [no changes] [c 0] [a 1] [i 0]
09-13 04:59:41.695 D/ActivityManager(  647): freezing 3431 com.android.vending:background
09-13 04:59:41.723 D/IpClient/wlan0( 1004): interfaceLinkStateChanged: ifindex 16 up
09-13 04:59:41.728 I/NearbyMediums( 1226): Wifi changed new SSID: "AndroidWifi"
09-13 04:59:41.730 I/NearbyMediums( 1226): WifiLanConnectivityInfo is not changed, skip notify.
09-13 04:59:41.732 D/IpClient/wlan0( 1004): interfaceLinkStateChanged: ifindex 16 up
09-13 04:59:41.865 E/TraceManagerImpl( 1572): Trace Broadcast to com.google.android.apps.wellbeing.common.receiver.coalescedreceivers.PackageFullyRemovedCoalescedBroadcast_Receiver android.intent.action.PACKAGE_FULLY_REMOVED timed out after 5954828 ms. Complete trace: # rfp@a8a3fa1e
09-13 04:59:41.865 E/TraceManagerImpl( 1572): rfu: 
09-13 04:59:41.865 E/TraceManagerImpl( 1572): 	at tk_trace.execSQL: REPLACE INTO auxiliary_app_data(package_id,storage_id,data) VALUES (?, ?, ?)(Started After:0)
09-13 04:59:41.865 E/TraceManagerImpl( 1572): 	at tk_trace.Transaction(Started After:0)
09-13 04:59:41.865 E/TraceManagerImpl( 1572): 	at tk_trace.Processing on the broadcast queue workerId PACKAGE_FULLY_REMOVED_COALESCED_BROADCAST_WORKER_ID(Started After:0)
09-13 04:59:41.865 E/TraceManagerImpl( 1572): 	at tk_trace.handleBroadcast(Started After:0)
09-13 04:59:41.865 E/TraceManagerImpl( 1572): 	at tk_trace.Broadcast to com.google.android.apps.wellbeing.common.receiver.coalescedreceivers.PackageFullyRemovedCoalescedBroadcast_Receiver android.intent.action.PACKAGE_FULLY_REMOVED(Started After:0)
09-13 04:59:42.168 I/NearbySharing( 1226): Network state changed: NetworkState(isRestricted=false, isOnline=true, isCongested=false, isMetered=false, isWifiConnected=true)
09-13 04:59:42.895 D/InetDiagMessage(  647): Destroyed 0 sockets, proto=IPPROTO_TCP, family=AF_INET, states=14
09-13 04:59:42.895 D/InetDiagMessage(  647): Destroyed 0 sockets, proto=IPPROTO_TCP, family=AF_INET6, states=14
09-13 04:59:42.895 D/InetDiagMessage(  647): Destroyed live tcp sockets for uids={10159} in 0ms
09-13 04:59:42.895 D/InetDiagMessage(  647): Destroyed 0 sockets, proto=IPPROTO_TCP, family=AF_INET, states=14
09-13 04:59:42.895 D/InetDiagMessage(  647): Destroyed 0 sockets, proto=IPPROTO_TCP, family=AF_INET6, states=14
09-13 04:59:42.895 D/InetDiagMessage(  647): Destroyed live tcp sockets for uids={20159} in 0ms
09-13 04:59:43.231 D/SatelliteController( 1026): isInCarrierRoamingNbIotNtn: satellite is disabled
09-13 04:59:43.232 D/SatelliteController( 1026): getCarrierRoamingNtnConnectType: Checking connect type from PLMN config for subId: 1
09-13 04:59:43.232 D/TelephonyConfigUpdateInstallReceiver( 1026): getConfigParser: domain=satellite
09-13 04:59:43.232 V/SatelliteController( 1026): satelliteConfigParser is not ready
09-13 04:59:43.232 D/SatelliteController( 1026): isSatelliteAttachSupportedViaConfigupdater: return null (satelliteConfig is null)
09-13 04:59:43.233 D/SatelliteController( 1026): getSatellitePerPlmnConfiguration: invalid subId or not supported via carrier.
09-13 04:59:43.233 D/SatelliteController( 1026): getCarrierRoamingNtnConnectType: config: null
09-13 04:59:43.233 D/TelephonyConfigUpdateInstallReceiver( 1026): getConfigParser: domain=satellite
09-13 04:59:43.233 V/SatelliteController( 1026): satelliteConfigParser is not ready
09-13 04:59:43.233 D/SatelliteController( 1026): getCarrierRoamingNtnConnectTypeViaConfigUpdater: return null (satelliteConfig is null)
09-13 04:59:43.234 D/SatelliteController( 1026): getCarrierRoamingNtnConnectType: Falling back to global carrier config connect type: 0
09-13 04:59:43.234 D/TelephonyConfigUpdateInstallReceiver( 1026): getConfigParser: domain=satellite
09-13 04:59:43.234 V/SatelliteController( 1026): satelliteConfigParser is not ready
09-13 04:59:43.234 D/SatelliteController( 1026): isSatelliteAttachSupportedViaConfigupdater: return null (satelliteConfig is null)
09-13 04:59:43.234 D/SatelliteController( 1026): getCarrierRoamingNtnConnectType: Checking connect type from PLMN config for subId: 1
09-13 04:59:43.235 D/TelephonyConfigUpdateInstallReceiver( 1026): getConfigParser: domain=satellite
09-13 04:59:43.235 V/SatelliteController( 1026): satelliteConfigParser is not ready
09-13 04:59:43.235 D/SatelliteController( 1026): isSatelliteAttachSupportedViaConfigupdater: return null (satelliteConfig is null)
09-13 04:59:43.235 D/SatelliteController( 1026): getSatellitePerPlmnConfiguration: invalid subId or not supported via carrier.
09-13 04:59:43.235 D/SatelliteController( 1026): getCarrierRoamingNtnConnectType: config: null
09-13 04:59:43.235 D/TelephonyConfigUpdateInstallReceiver( 1026): getConfigParser: domain=satellite
09-13 04:59:43.235 V/SatelliteController( 1026): satelliteConfigParser is not ready
09-13 04:59:43.235 D/SatelliteController( 1026): getCarrierRoamingNtnConnectTypeViaConfigUpdater: return null (satelliteConfig is null)
09-13 04:59:43.235 D/SatelliteController( 1026): getCarrierRoamingNtnConnectType: Falling back to global carrier config connect type: 0
09-13 04:59:43.235 D/TelephonyConfigUpdateInstallReceiver( 1026): getConfigParser: domain=satellite
09-13 04:59:43.235 V/SatelliteController( 1026): satelliteConfigParser is not ready
09-13 04:59:43.235 D/SatelliteController( 1026): isSatelliteAttachSupportedViaConfigupdater: return null (satelliteConfig is null)
09-13 04:59:43.394 D/ActivityManager(  647): freezing 2753 com.android.vending
09-13 04:59:43.396 D/InetDiagMessage(  647): Destroyed 0 sockets, proto=IPPROTO_TCP, family=AF_INET, states=14
09-13 04:59:43.396 D/InetDiagMessage(  647): Destroyed 2 sockets, proto=IPPROTO_TCP, family=AF_INET6, states=14
09-13 04:59:43.396 D/InetDiagMessage(  647): Destroyed live tcp sockets for uids={10153} in 0ms
09-13 04:59:43.398 D/BoundBrokerSvc(28160): onUnbind: Intent { act=com.google.android.gms.measurement.START xflg=0x4 pkg=com.google.android.gms }
09-13 04:59:43.545 I/keystore2(  317): system/security/keystore2/watchdog/src/lib.rs:371 - Watchdog thread idle -> terminating. Have a great day.
09-13 04:59:44.668 I/AdbWifiNetworkMonitor(  647): Wi-Fi network available
09-13 04:59:44.668 I/AdbWifiNetworkMonitor(  647): Received the same Wi-Fi SSID. Ignoring.
09-13 04:59:44.669 I/HalDevMgr(  647): bestIfaceCreationProposal is null, requestIface=STA, existingIface=[name=wlan0 type=STA]
09-13 04:59:44.673 D/ConnectivityService(  647): NetReassign [no changes] [c 0] [a 0] [i 0]
09-13 04:59:44.673 I/NullBinder( 1226): NullBinder for android.net.action.RECOMMEND_NETWORKS triggering remote TransactionTooLargeException due to Service without Chimera impl, calling uid: 1000, calling pid: 0
09-13 04:59:44.673 W/libbinder.Binder( 1226): Large reply transaction of 1056768 bytes, interface descriptor , function: UNKNOWN_FUNCTION_NAME, code: 1, flags: 17
09-13 04:59:44.673 I/NearbyMediums( 1226): Wifi changed new SSID: "AndroidWifi"
09-13 04:59:44.673 I/NearbyMediums( 1226): WifiLanConnectivityInfo is not changed, skip notify.
09-13 04:59:45.175 I/NearbySharing( 1226): Network state changed: NetworkState(isRestricted=false, isOnline=true, isCongested=false, isMetered=false, isWifiConnected=true)
09-13 04:59:46.331 I/adbd    (  487): adbd service requested 'shell,v2,TERM=xterm-256color,raw:uiautomator dump /sdcard/uinav-410c0803e21f4e1aaa80d8a3acee33ab.xml'
09-13 04:59:46.414 D/AndroidRuntime(13979): >>>>>> START com.android.internal.os.RuntimeInit uid 2000 <<<<<<
09-13 04:59:46.419 I/AndroidRuntime(13979): Using default boot image
09-13 04:59:46.419 I/AndroidRuntime(13979): Leaving lock profiling enabled
09-13 04:59:46.420 I/app_process(13979): Core platform API enforcement enabled from the hiddenapi_platform_enforcement flag and the device API level
09-13 04:59:46.420 I/app_process(13979): Using generational CollectorTypeCMC GC.
09-13 04:59:46.448 D/nativeloader(13979): InitDefaultPublicLibraries for_preload=1: libandroid.so:libaaudio.so:libamidi.so:libbinder_ndk.so:libc.so:libcamera2ndk.so:libdl.so:libEGL.so:libGLESv1_CM.so:libGLESv2.so:libGLESv3.so:libicu.so:libicui18n.so:libicuuc.so:libjnigraphics.so:liblog.so:libmediandk.so:libm.so:libnativehelper.so:libnativewindow.so:libOpenMAXAL.so:libOpenSLES.so:libRS.so:libstdc++.so:libsync.so:libvulkan.so:libwebviewchromium_plat_support.so:libz.so
09-13 04:59:46.459 D/nativeloader(13979): Load libicu_jni.so using APEX ns com_android_art for caller /apex/com.android.art/javalib/core-oj.jar: ok
09-13 04:59:46.459 D/app_process(13979): u_setTimeZoneFilesDirectory("/apex/com.android.tzdata/etc/tz/versioned/10/icu") succeeded. 
09-13 04:59:46.459 D/app_process(13979): I18n APEX ICU file found: /apex/com.android.i18n/etc/icu/icudt78l.dat
09-13 04:59:46.460 D/nativeloader(13979): Load libjavacore.so using APEX ns com_android_art for caller /apex/com.android.art/javalib/core-oj.jar: ok
09-13 04:59:46.461 D/nativeloader(13979): Load libopenjdk.so using APEX ns com_android_art for caller /apex/com.android.art/javalib/core-oj.jar: ok
09-13 04:59:46.461 I/app_process(13979): Priority-to-niceness mapping: 19, 16, 13, 10, 0, -2, -4, -5, -6, -8
09-13 04:59:46.463 W/app_process(13979): ClassLoaderContext shared library size mismatch. Expected=2, found=0 (PCL[]{PCL[/system/framework/android.test.base.jar*736588042]#PCL[/system/framework/android.test.mock.jar*4008448454]} | PCL[])
09-13 04:59:46.464 W/app_process(13979): ClassLoaderContext classpath size mismatch. expected=0, found=1 (PCL[]{PCL[/system/framework/android.test.runner.jar*805256125]{PCL[/system/framework/android.test.base.jar*736588042]#PCL[/system/framework/android.test.mock.jar*4008448454]}#PCL[/system/framework/android.test.base.jar*736588042]} | PCL[/system/framework/android.test.runner.jar*805256125])
09-13 04:59:46.473 D/nativeloader(13979): Load libframework-connectivity-tiramisu-jni.so using APEX ns com_android_tethering for caller /apex/com.android.tethering/javalib/framework-connectivity-t.jar: ok
09-13 04:59:46.473 D/AndroidRuntime(13979): Calling main entry com.android.commands.uiautomator.Launcher
09-13 04:59:46.476 I/AconfigPackage(13979): android.media.swcodec.flags is mapped to com.android.media.swcodec
09-13 04:59:46.476 I/AconfigPackage(13979): com.android.permission.flags is mapped to com.android.permission
09-13 04:59:46.476 I/AconfigPackage(13979): com.android.permissioncontroller.flags is mapped to com.android.permission
09-13 04:59:46.476 I/AconfigPackage(13979): com.google.android.widevine.flags is mapped to com.google.android.widevine
09-13 04:59:46.476 I/AconfigPackage(13979): com.android.icu is mapped to com.android.i18n
09-13 04:59:46.476 I/AconfigPackage(13979): com.android.appsearch.flags is mapped to com.android.appsearch
09-13 04:59:46.476 I/AconfigPackage(13979): com.android.uprobestats.flags is mapped to com.android.uprobestats
09-13 04:59:46.476 I/AconfigPackage(13979): android.uprobestats.mainline.flags is mapped to com.android.uprobestats
09-13 04:59:46.476 I/AconfigPackage(13979): com.android.crashrecovery.flags is mapped to com.android.crashrecovery
09-13 04:59:46.476 I/AconfigPackage(13979): android.provider.flags is mapped to com.android.configinfrastructure
09-13 04:59:46.476 I/AconfigPackage(13979): com.android.server.deviceconfig is mapped to com.android.configinfrastructure
09-13 04:59:46.476 I/AconfigPackage(13979): com.android.art.flags is mapped to com.android.art
09-13 04:59:46.476 I/AconfigPackage(13979): com.android.art.rw.flags is mapped to com.android.art
09-13 04:59:46.476 I/AconfigPackage(13979): com.android.libcore is mapped to com.android.art
09-13 04:59:46.476 I/AconfigPackage(13979): android.telecom.flags is mapped to com.android.telephonycore
09-13 04:59:46.476 I/AconfigPackage(13979): com.android.internal.telecom.flags is mapped to com.android.telephonycore
09-13 04:59:46.476 I/AconfigPackage(13979): com.android.telephony.flags is mapped to com.android.telephonycore
09-13 04:59:46.476 I/AconfigPackage(13979): com.android.media.extractor.flags is mapped to com.android.media
09-13 04:59:46.476 I/AconfigPackage(13979): com.android.media.metrics.flags is mapped to com.android.media
09-13 04:59:46.476 I/AconfigPackage(13979): com.android.media.mainline.flags is mapped to com.android.media
09-13 04:59:46.476 I/AconfigPackage(13979): com.android.wifi.flags is mapped to com.android.wifi
09-13 04:59:46.476 I/AconfigPackage(13979): com.android.org.conscrypt.flags is mapped to com.android.conscrypt
09-13 04:59:46.476 I/AconfigPackage(13979): com.android.org.conscrypt.net.flags is mapped to com.android.conscrypt
09-13 04:59:46.476 I/AconfigPackage(13979): com.android.healthfitness.flags is mapped to com.android.healthfitness
09-13 04:59:46.476 I/AconfigPackage(13979): com.android.ipsec.flags is mapped to com.android.ipsec
09-13 04:59:46.476 I/AconfigPackage(13979): com.android.nfc.module.flags is mapped to com.android.nfcservices
09-13 04:59:46.476 I/AconfigPackage(13979): com.android.nfc.module.nonexported.flags is mapped to com.android.nfcservices
09-13 04:59:46.476 I/AconfigPackage(13979): com.android.adservices.ondevicepersonalization.flags is mapped to com.android.ondevicepersonalization
09-13 04:59:46.476 I/AconfigPackage(13979): com.android.adbd.flags is mapped to com.android.adbd
09-13 04:59:46.477 I/AconfigPackage(13979): com.android.bluetooth.beta.flags is mapped to com.android.bt
09-13 04:59:46.477 I/AconfigPackage(13979): com.android.bluetooth.flags is mapped to com.android.bt
09-13 04:59:46.477 I/AconfigPackage(13979): com.android.devicelock.flags is mapped to com.android.devicelock
09-13 04:59:46.477 I/AconfigPackage(13979): android.os.profiling is mapped to com.android.profiling
09-13 04:59:46.477 I/AconfigPackage(13979): android.os.profiling.anomaly.flags is mapped to com.android.profiling
09-13 04:59:46.477 I/AconfigPackage(13979): com.android.os.statsd.flags is mapped to com.android.os.statsd
09-13 04:59:46.478 I/AconfigPackage(13979): com.android.webapp.flags is mapped to com.android.webapp
09-13 04:59:46.478 I/AconfigPackage(13979): com.android.rkpd.flags is mapped to com.android.rkpd
09-13 04:59:46.478 I/AconfigPackage(13979): com.android.cellbroadcastreceiver.flags is mapped to com.android.cellbroadcast
09-13 04:59:46.479 I/AconfigPackage(13979): com.android.adservices.flags is mapped to com.android.adservices
09-13 04:59:46.479 I/AconfigPackage(13979): com.android.sdksandbox.flags is mapped to com.android.adservices
09-13 04:59:46.479 I/AconfigPackage(13979): android.app.sdksandbox.flags is mapped to com.android.adservices
09-13 04:59:46.479 I/AconfigPackage(13979): com.android.uwb.flags is mapped to com.android.uwb
09-13 04:59:46.479 I/AconfigPackage(13979): com.android.ranging.flags is mapped to com.android.uwb
09-13 04:59:46.479 I/AconfigPackage(13979): com.android.npumanager is mapped to com.android.npumanager
09-13 04:59:46.480 I/AconfigPackage(13979): android.graphics.pdf.flags is mapped to com.android.mediaprovider
09-13 04:59:46.480 I/AconfigPackage(13979): com.android.providers.media.flags is mapped to com.android.mediaprovider
09-13 04:59:46.480 I/AconfigPackage(13979): android.graphics.pdf.flags.readonly is mapped to com.android.mediaprovider
09-13 04:59:46.480 I/AconfigPackage(13979): com.android.tethering.mainline.beta is mapped to com.android.tethering
09-13 04:59:46.480 I/AconfigPackage(13979): android.net.http is mapped to com.android.tethering
09-13 04:59:46.480 I/AconfigPackage(13979): com.android.tethering.readonly.flags is mapped to com.android.tethering
09-13 04:59:46.480 I/AconfigPackage(13979): android.net.vcn is mapped to com.android.tethering
09-13 04:59:46.480 I/AconfigPackage(13979): com.android.net.flags is mapped to com.android.tethering
09-13 04:59:46.480 I/AconfigPackage(13979): com.android.tethering.flags is mapped to com.android.tethering
09-13 04:59:46.480 I/AconfigPackage(13979): com.android.tethering.beta.test is mapped to com.android.tethering
09-13 04:59:46.480 I/AconfigPackage(13979): com.android.nearby.flags is mapped to com.android.tethering
09-13 04:59:46.480 I/AconfigPackage(13979): com.android.net.thread.flags is mapped to com.android.tethering
09-13 04:59:46.480 I/AconfigPackage(13979): com.android.net.ct.flags is mapped to com.android.tethering
09-13 04:59:46.480 I/AconfigPackage(13979): com.android.system.virtualmachine.flags is mapped to com.android.virt
09-13 04:59:46.480 E/FeatureFlagsImplExport(13979): android.os.flagging.AconfigStorageReadException: ERROR_PACKAGE_NOT_FOUND: package android.xr cannot be found on the device
09-13 04:59:46.481 D/UiAutomationConnection(13979): Created on user UserHandle{0}
09-13 04:59:46.481 I/UiAutomation(13979): Initialized for user 0 on display 0
09-13 04:59:46.481 W/UiAutomation(13979): Created with deprecatead constructor, assumes DEFAULT_DISPLAY
09-13 04:59:46.482 D/AccessibilityManagerService(  647): changeCurrentUserForTestAutomationIfNeededLocked(0): ignoring because device doesn't support visible background users
09-13 04:59:46.482 I/UiAutomationManager(  647): Registering UiTestAutomationService (id=com.android.server.accessibility/UiAutomation, flags=0x0) when called by user 0
09-13 04:59:46.482 V/AccessibilityManagerService(  647): onUserStateChangedLocked for userId: 0, forceUpdate: false
09-13 04:59:46.482 V/AccessibilityUserState(  647): updateShortcutTargets: type:accessibility_shortcut_target_service, current:{}, new:{}
09-13 04:59:46.482 V/AccessibilityUserState(  647): updateShortcutTargets: type:accessibility_button_targets, current:{}, new:{}
09-13 04:59:46.482 V/AccessibilityUserState(  647): updateShortcutTargets: type:accessibility_gesture_targets, current:{}, new:{}
09-13 04:59:46.482 V/AccessibilityUserState(  647): updateShortcutTargets: type:accessibility_qs_targets, current:{}, new:{}
09-13 04:59:46.482 V/AccessibilityUserState(  647): updateShortcutTargets: type:accessibility_key_gesture_targets, current:{}, new:{}
09-13 04:59:46.482 V/AccessibilityUserState(  647): updateShortcutTargets: type:accessibility_top_row_key_targets, current:{}, new:{}
09-13 04:59:46.482 V/AccessibilityUserState(  647): updateShortcutTargets: type:accessibility_quick_access_targets, current:{}, new:{}
09-13 04:59:46.482 W/MagnificationConnectionManager(  647): requestConnection duplicated request: connect=false, mConnectionState=DISCONNECTED
09-13 04:59:46.483 I/AiAiEcho( 1659): Settings changed for uri: content://settings/secure/accessibility_enabled
09-13 04:59:46.483 I/AiAiEcho( 1659): Predicting[0]:  [CONTEXT sampling_count=5 ]
09-13 04:59:46.483 I/AiAiEcho( 1659): EchoTargets: 
09-13 04:59:46.483 I/AiAiEcho( 1659): Filtered by AiAi flag check: 
09-13 04:59:46.483 I/AiAiEcho( 1659): [CONTEXT ratelimit_period="10 SECONDS" ]
09-13 04:59:46.483 I/AiAiEcho( 1659): #remoteViewsTwiddler: feature disabled.
09-13 04:59:46.483 I/AiAiEcho( 1659): Predicting[0]:  [CONTEXT sampling_count=5 ]
09-13 04:59:46.483 I/AiAiEcho( 1659): EchoTargets: 
09-13 04:59:46.483 I/AiAiEcho( 1659): Filtered by AiAi flag check: 
09-13 04:59:46.483 I/AiAiEcho( 1659): [CONTEXT ratelimit_period="10 SECONDS" ]
09-13 04:59:46.483 W/libbinder.IPCThreadState(  647): Sending oneway calls to frozen process.
09-13 04:59:46.483 I/AiAiEcho( 1659): #remoteViewsTwiddler: feature disabled.
09-13 04:59:46.483 I/AiAiEcho( 1659): Predicting[0]:  [CONTEXT sampling_count=5 ]
09-13 04:59:46.483 I/AiAiEcho( 1659): EchoTargets: 
09-13 04:59:46.483 I/AiAiEcho( 1659): Filtered by AiAi flag check: 
09-13 04:59:46.483 I/AiAiEcho( 1659): [CONTEXT ratelimit_period="10 SECONDS" ]
09-13 04:59:46.483 I/AiAiEcho( 1659): #remoteViewsTwiddler: feature disabled.
09-13 04:59:46.483 I/AiAiEcho( 1659): #postPredictionTargets: Sending updates to UISurface ambientcue with targets# 0 (types=[])
09-13 04:59:46.484 W/libbinder.IPCThreadState(  647): Sending oneway calls to frozen process.
09-13 04:59:46.484 I/AiAiEcho( 1659): #postPredictionTargets: Sending updates to UISurface home with targets# 0 (types=[])
09-13 04:59:46.484 W/libbinder.IPCThreadState(  647): Sending oneway calls to frozen process.
09-13 04:59:46.484 W/libbinder.IPCThreadState(  647): Sending oneway calls to frozen process.
09-13 04:59:46.484 I/AiAiEcho( 1659): #postPredictionTargets: Sending updates to UISurface lockscreen with targets# 0 (types=[])
09-13 04:59:46.484 V/AccessibilityManagerService(  647): onUserStateChangedLocked for userId: 0, forceUpdate: false
09-13 04:59:46.484 V/AccessibilityUserState(  647): updateShortcutTargets: type:accessibility_shortcut_target_service, current:{}, new:{}
09-13 04:59:46.484 V/AccessibilityUserState(  647): updateShortcutTargets: type:accessibility_button_targets, current:{}, new:{}
09-13 04:59:46.484 V/AccessibilityUserState(  647): updateShortcutTargets: type:accessibility_gesture_targets, current:{}, new:{}
09-13 04:59:46.484 V/AccessibilityUserState(  647): updateShortcutTargets: type:accessibility_qs_targets, current:{}, new:{}
09-13 04:59:46.484 V/AccessibilityUserState(  647): updateShortcutTargets: type:accessibility_key_gesture_targets, current:{}, new:{}
09-13 04:59:46.484 V/AccessibilityUserState(  647): updateShortcutTargets: type:accessibility_top_row_key_targets, current:{}, new:{}
09-13 04:59:46.484 V/AccessibilityUserState(  647): updateShortcutTargets: type:accessibility_quick_access_targets, current:{}, new:{}
09-13 04:59:46.484 W/MagnificationConnectionManager(  647): requestConnection duplicated request: connect=false, mConnectionState=DISCONNECTED
09-13 04:59:46.484 W/libbinder.IPCThreadState(  647): Sending oneway calls to frozen process.
09-13 04:59:46.484 W/libbinder.IPCThreadState(  647): Sending oneway calls to frozen process.
09-13 04:59:46.484 W/libbinder.IPCThreadState(  647): Sending oneway calls to frozen process.
09-13 04:59:46.485 W/libbinder.IPCThreadState(  647): Sending oneway calls to frozen process.
09-13 04:59:46.485 W/libbinder.IPCThreadState(  647): Sending oneway calls to frozen process.
09-13 04:59:46.485 I/AmbientCueRepository(  901): Receiving SmartSpace targets # 0
09-13 04:59:46.485 W/libbinder.IPCThreadState(  647): Sending oneway calls to frozen process.
09-13 04:59:46.485 W/libbinder.IPCThreadState(  647): Sending oneway calls to frozen process.
09-13 04:59:46.486 W/libbinder.IPCThreadState(  647): Sending oneway calls to frozen process.
09-13 04:59:46.486 W/libbinder.IPCThreadState(  647): Sending oneway calls to frozen process.
09-13 04:59:46.486 W/libbinder.IPCThreadState(  647): Sending oneway calls to frozen process.
09-13 04:59:46.486 W/libbinder.IPCThreadState(  647): Sending oneway calls to frozen process.
09-13 04:59:46.486 D/BatterySaverPolicy(  647): accessibility changed to true, updating policy.
09-13 04:59:46.486 D/AccessibilityManagerService(  647): .getAccessibilityShortcutTargets {shortcutType=32, userId=0}
09-13 04:59:46.486 D/AccessibilitySourceService( 1315): enabled a11y services count 0
09-13 04:59:46.486 D/AccessibilitySourceService( 1315): a11y source sending 0 issue to sc
09-13 04:59:46.486 D/SafetySourceDataValidat(  647): No cert check requested for package com.google.android.permissioncontroller
09-13 04:59:46.486 I/AiAiEcho( 1659): Settings changed for uri: content://settings/secure/accessibility_enabled
09-13 04:59:46.487 I/AiAiEcho( 1659): Predicting[0]:  [CONTEXT sampling_count=5 ]
09-13 04:59:46.487 I/AiAiEcho( 1659): EchoTargets: 
09-13 04:59:46.487 I/AiAiEcho( 1659): Filtered by AiAi flag check: 
09-13 04:59:46.487 I/AiAiEcho( 1659): [CONTEXT ratelimit_period="10 SECONDS" ]
09-13 04:59:46.487 I/AiAiEcho( 1659): #remoteViewsTwiddler: feature disabled.
09-13 04:59:46.487 I/AiAiEcho( 1659): Predicting[0]:  [CONTEXT sampling_count=5 ]
09-13 04:59:46.487 I/AiAiEcho( 1659): EchoTargets: 
09-13 04:59:46.487 I/AiAiEcho( 1659): Filtered by AiAi flag check: 
09-13 04:59:46.487 I/AiAiEcho( 1659): [CONTEXT ratelimit_period="10 SECONDS" ]
09-13 04:59:46.487 I/AiAiEcho( 1659): #remoteViewsTwiddler: feature disabled.
09-13 04:59:46.487 I/AiAiEcho( 1659): Predicting[0]:  [CONTEXT sampling_count=5 ]
09-13 04:59:46.487 I/AiAiEcho( 1659): EchoTargets: 
09-13 04:59:46.487 I/AiAiEcho( 1659): Filtered by AiAi flag check: 
09-13 04:59:46.487 I/AiAiEcho( 1659): [CONTEXT ratelimit_period="10 SECONDS" ]
09-13 04:59:46.487 I/AiAiEcho( 1659): #remoteViewsTwiddler: feature disabled.
09-13 04:59:46.487 I/AiAiEcho( 1659): #postPredictionTargets: Sending updates to UISurface ambientcue with targets# 0 (types=[])
09-13 04:59:46.487 I/AiAiEcho( 1659): #postPredictionTargets: Sending updates to UISurface home with targets# 0 (types=[])
09-13 04:59:46.487 I/AiAiEcho( 1659): #postPredictionTargets: Sending updates to UISurface lockscreen with targets# 0 (types=[])
09-13 04:59:46.487 I/AmbientCueRepository(  901): Receiving SmartSpace targets # 0
09-13 04:59:46.497 W/skia    (  481): AGTM parsing failed flags.readFromStream(s) at 159
09-13 04:59:46.497 W/skia    (  481): AGTM parsing failed flags.readFromStream(s) at 159
09-13 04:59:46.602 W/skia    (  481): AGTM parsing failed flags.readFromStream(s) at 159
09-13 04:59:46.602 W/skia    (  481): AGTM parsing failed flags.readFromStream(s) at 159
09-13 04:59:46.775 D/BoundBrokerSvc(28160): onUnbind: Intent { act=com.google.android.gms.feedback.internal.IFeedbackService dat=chimera-action:/... xflg=0x4 cmp=com.google.android.gms/.chimera.GmsBoundBrokerService }
09-13 04:59:47.538 W/MediaProvider( 1632): isAppCloneUserPair for user 0: false
09-13 04:59:47.545 W/AccessibilityNodeInfoDumper(13979): Fetch time: 12ms
09-13 04:59:47.546 V/AccessibilityManagerService(  647): onUserStateChangedLocked for userId: 0, forceUpdate: false
09-13 04:59:47.547 V/AccessibilityUserState(  647): updateShortcutTargets: type:accessibility_shortcut_target_service, current:{}, new:{}
09-13 04:59:47.547 V/AccessibilityUserState(  647): updateShortcutTargets: type:accessibility_button_targets, current:{}, new:{}
09-13 04:59:47.547 V/AccessibilityUserState(  647): updateShortcutTargets: type:accessibility_gesture_targets, current:{}, new:{}
09-13 04:59:47.547 V/AccessibilityUserState(  647): updateShortcutTargets: type:accessibility_qs_targets, current:{}, new:{}
09-13 04:59:47.547 V/AccessibilityUserState(  647): updateShortcutTargets: type:accessibility_key_gesture_targets, current:{}, new:{}
09-13 04:59:47.547 V/AccessibilityUserState(  647): updateShortcutTargets: type:accessibility_top_row_key_targets, current:{}, new:{}
09-13 04:59:47.547 V/AccessibilityUserState(  647): updateShortcutTargets: type:accessibility_quick_access_targets, current:{}, new:{}
09-13 04:59:47.547 W/MagnificationConnectionManager(  647): requestConnection duplicated request: connect=false, mConnectionState=DISCONNECTED
09-13 04:59:47.547 D/AccessibilityManagerService(  647): restoreCurrentUserForTestAutomationIfNeededLocked(): ignoring because device doesn't support visible background users
09-13 04:59:47.548 W/libbinder.IPCThreadState(  647): Sending oneway calls to frozen process.
09-13 04:59:47.548 I/AiAiEcho( 1659): Settings changed for uri: content://settings/secure/accessibility_enabled
09-13 04:59:47.548 I/AiAiEcho( 1659): Predicting[0]:  [CONTEXT sampling_count=5 ]
09-13 04:59:47.548 W/libbinder.IPCThreadState(  647): Sending oneway calls to frozen process.
09-13 04:59:47.548 I/AiAiEcho( 1659): EchoTargets: 
09-13 04:59:47.548 I/AiAiEcho( 1659): Filtered by AiAi flag check: 
09-13 04:59:47.548 I/AiAiEcho( 1659): [CONTEXT ratelimit_period="10 SECONDS" ]
09-13 04:59:47.548 W/libbinder.IPCThreadState(  647): Sending oneway calls to frozen process.
09-13 04:59:47.548 I/AiAiEcho( 1659): #remoteViewsTwiddler: feature disabled.
09-13 04:59:47.548 W/libbinder.IPCThreadState(  647): Sending oneway calls to frozen process.
09-13 04:59:47.549 I/AiAiEcho( 1659): Predicting[0]:  [CONTEXT sampling_count=5 ]
09-13 04:59:47.549 I/AiAiEcho( 1659): EchoTargets: 
09-13 04:59:47.549 I/AiAiEcho( 1659): Filtered by AiAi flag check: 
09-13 04:59:47.549 I/AiAiEcho( 1659): [CONTEXT ratelimit_period="10 SECONDS" ]
09-13 04:59:47.549 I/AiAiEcho( 1659): #remoteViewsTwiddler: feature disabled.
09-13 04:59:47.549 I/AiAiEcho( 1659): Predicting[0]:  [CONTEXT sampling_count=5 ]
09-13 04:59:47.549 I/AiAiEcho( 1659): EchoTargets: 
09-13 04:59:47.549 I/AiAiEcho( 1659): Filtered by AiAi flag check: 
09-13 04:59:47.549 I/AiAiEcho( 1659): [CONTEXT ratelimit_period="10 SECONDS" ]
09-13 04:59:47.549 I/AiAiEcho( 1659): #remoteViewsTwiddler: feature disabled.
09-13 04:59:47.549 I/AiAiEcho( 1659): #postPredictionTargets: Sending updates to UISurface ambientcue with targets# 0 (types=[])
09-13 04:59:47.549 I/AiAiEcho( 1659): #postPredictionTargets: Sending updates to UISurface home with targets# 0 (types=[])
09-13 04:59:47.549 I/AiAiEcho( 1659): #postPredictionTargets: Sending updates to UISurface lockscreen with targets# 0 (types=[])
09-13 04:59:47.550 I/AmbientCueRepository(  901): Receiving SmartSpace targets # 0
09-13 04:59:47.550 D/AndroidRuntime(13979): Shutting down VM
09-13 04:59:47.550 W/libbinder.IPCThreadState(13979): call to talkWithDriver in joinThreadPool returned error: -9 (Bad file descriptor), FD: -1
09-13 04:59:47.550 W/libbinder.IPCThreadState(13979): call to talkWithDriver in joinThreadPool returned error: -9 (Bad file descriptor), FD: -1
09-13 04:59:47.550 W/libbinder.IPCThreadState(  647): Sending oneway calls to frozen process.
09-13 04:59:47.550 W/libbinder.IPCThreadState(13979): call to talkWithDriver in joinThreadPool returned error: -9 (Bad file descriptor), FD: -1
09-13 04:59:47.551 W/libbinder.IPCThreadState(  647): Sending oneway calls to frozen process.
09-13 04:59:47.553 W/skia    (  481): AGTM parsing failed flags.readFromStream(s) at 159
09-13 04:59:47.553 W/skia    (  481): AGTM parsing failed flags.readFromStream(s) at 159
09-13 04:59:47.555 W/libbinder.IPCThreadState(  647): Sending oneway calls to frozen process.
09-13 04:59:47.555 W/libbinder.IPCThreadState(  647): Sending oneway calls to frozen process.
09-13 04:59:47.555 W/libbinder.IPCThreadState(  647): Sending oneway calls to frozen process.
09-13 04:59:47.555 D/BatterySaverPolicy(  647): accessibility changed to false, updating policy.
09-13 04:59:47.571 I/NetworkScheduler.Stats( 1226): (REDACTED) Task %s/%s started execution. cause:%s exec_start_elapsed_seconds: %s
09-13 04:59:47.572 I/NetworkScheduler.Stats( 1226): (REDACTED) Task %s/%s finished executing. cause:%s result: %s elapsed_millis: %s uptime_millis: %s exec_start_elapsed_seconds: %s
09-13 04:59:47.654 W/skia    (  481): AGTM parsing failed flags.readFromStream(s) at 159
09-13 04:59:47.654 W/skia    (  481): AGTM parsing failed flags.readFromStream(s) at 159
09-13 04:59:47.672 I/HalDevMgr(  647): bestIfaceCreationProposal is null, requestIface=STA, existingIface=[name=wlan0 type=STA]
09-13 04:59:47.674 D/IpClient/wlan0( 1004): interfaceLinkStateChanged: ifindex 16 up
09-13 04:59:47.679 D/IpClient/wlan0( 1004): interfaceLinkStateChanged: ifindex 16 up
09-13 04:59:47.789 I/wpa_supplicant(25902): wlan0: CTRL-EVENT-BEACON-LOSS 
09-13 04:59:47.825 I/adbd    (  487): adbd service requested 'shell,v2,TERM=xterm-256color,raw:dumpsys package com.google.android.gms'
09-13 04:59:47.854 I/artd    ( 3771): GetBestInfo: odex next to the dex file (/data/app/~~lv0q5pv-ROGo4oWbcO66Yg==/com.google.android.gms-c0up8V4kI87sxgeZJUDS8Q==/oat/arm64/base.odex) is kOatUpToDate with filter 'speed-profile' executable 'false'
09-13 04:59:47.855 I/artd    ( 3771): GetBestInfo: dm (/data/app/~~lv0q5pv-ROGo4oWbcO66Yg==/com.google.android.gms-c0up8V4kI87sxgeZJUDS8Q==/split_AdsDynamite_installtime.dm) is kOatUpToDate with filter 'verify' executable 'false'
09-13 04:59:47.855 I/artd    ( 3771): GetBestInfo: odex next to the dex file (/data/app/~~lv0q5pv-ROGo4oWbcO66Yg==/com.google.android.gms-c0up8V4kI87sxgeZJUDS8Q==/oat/arm64/split_CronetDynamite_installtime.odex) is kOatUpToDate with filter 'speed-profile' executable 'false'
09-13 04:59:47.856 I/artd    ( 3771): GetBestInfo: dm (/data/app/~~lv0q5pv-ROGo4oWbcO66Yg==/com.google.android.gms-c0up8V4kI87sxgeZJUDS8Q==/split_DynamiteLoader_installtime.dm) is kOatUpToDate with filter 'verify' executable 'false'
09-13 04:59:47.857 I/artd    ( 3771): GetBestInfo: dm (/data/app/~~lv0q5pv-ROGo4oWbcO66Yg==/com.google.android.gms-c0up8V4kI87sxgeZJUDS8Q==/split_DynamiteModulesA_installtime.dm) is kOatUpToDate with filter 'verify' executable 'false'
09-13 04:59:47.858 I/artd    ( 3771): GetBestInfo: dm (/data/app/~~lv0q5pv-ROGo4oWbcO66Yg==/com.google.android.gms-c0up8V4kI87sxgeZJUDS8Q==/split_DynamiteModulesC_installtime.dm) is kOatUpToDate with filter 'verify' executable 'false'
09-13 04:59:47.859 I/artd    ( 3771): GetBestInfo: dm (/data/app/~~lv0q5pv-ROGo4oWbcO66Yg==/com.google.android.gms-c0up8V4kI87sxgeZJUDS8Q==/split_GoogleCertificates_installtime.dm) is kOatUpToDate with filter 'verify' executable 'false'
09-13 04:59:47.859 I/artd    ( 3771): GetBestInfo: dm (/data/app/~~lv0q5pv-ROGo4oWbcO66Yg==/com.google.android.gms-c0up8V4kI87sxgeZJUDS8Q==/split_MapsDynamite_installtime.dm) is kOatUpToDate with filter 'verify' executable 'false'
09-13 04:59:47.860 I/artd    ( 3771): GetBestInfo: dm (/data/app/~~lv0q5pv-ROGo4oWbcO66Yg==/com.google.android.gms-c0up8V4kI87sxgeZJUDS8Q==/split_MeasurementDynamite_installtime.dm) is kOatUpToDate with filter 'verify' executable 'false'
09-13 04:59:47.860 I/artd    ( 3771): GetBestInfo: /data/user_de/0/com.google.android.gms/app_chimera/m/00000001/CronetDynamite.apk has no usable artifacts
09-13 04:59:47.860 I/artd    ( 3771): GetBestInfo: /data/user_de/0/com.google.android.gms/app_chimera/m/00000002/DynamiteLoader.apk has no usable artifacts
09-13 04:59:47.860 I/artd    ( 3771): GetBestInfo: /data/user_de/0/com.google.android.gms/app_chimera/m/00000006/MapsDynamite.apk has no usable artifacts
09-13 04:59:47.861 I/artd    ( 3771): GetBestInfo: vdex next to the dex file (/data/user/0/com.google.android.gms/app_dg_cache/AEB5BC832EBF3852F39BA4BE495DD40566104436/oat/arm64/the.vdex) is kOatUpToDate with filter 'verify' executable 'false'
09-13 04:59:47.861 I/artd    ( 3771): GetBestInfo: /data/user_de/0/com.google.android.gms/app_chimera/m/00000005/GoogleCertificates.apk has no usable artifacts
09-13 04:59:47.862 I/artd    ( 3771): GetBestInfo: /data/user_de/0/com.google.android.gms/app_chimera/m/00000014/dl-TfliteDynamiteDynamite.integ_260580502100400.apk has no usable artifacts
09-13 04:59:47.863 I/artd    ( 3771): GetBestInfo: /data/user_de/0/com.google.android.gms/app_chimera/m/00000011/dl-MlkitBarcodeUi.optional_263234100400.apk has no usable artifacts
09-13 04:59:47.864 I/artd    ( 3771): GetBestInfo: /data/user_de/0/com.google.android.gms/app_chimera/m/0000000c/dl-VisionOcr.optional_261136100000.apk has no usable artifacts
09-13 04:59:47.865 I/artd    ( 3771): GetBestInfo: /data/user_de/0/com.google.android.gms/app_chimera/m/00000009/dl-TfliteDynamiteDynamite.integ_262730502100400.apk has no usable artifacts
09-13 04:59:47.865 I/artd    ( 3771): GetBestInfo: /data/user_de/0/com.google.android.gms/app_chimera/m/0000000f/dl-PlayCloudSearch.optional_261136100000.apk has no usable artifacts
09-13 04:59:47.865 I/artd    ( 3771): GetBestInfo: /data/user_de/0/com.google.android.gms/app_chimera/m/0000000b/dl-MlkitOcrCommon.optional_261136100400.apk has no usable artifacts
09-13 04:59:47.865 I/artd    ( 3771): GetBestInfo: /data/user_de/0/com.google.android.gms/app_chimera/m/00000018/dl-MapsCoreDynamite.integ_260830204100400.apk has no usable artifacts
09-13 04:59:47.866 I/artd    ( 3771): GetBestInfo: /data/user_de/0/com.google.android.gms/app_chimera/m/00000015/dl-PlayCloudSearch.optional_263234100000.apk has no usable artifacts
09-13 04:59:47.866 I/artd    ( 3771): GetBestInfo: /data/user_de/0/com.google.android.gms/app_chimera/m/00000016/dl-VisionOcr.optional_263234100000.apk has no usable artifacts
09-13 04:59:47.867 I/artd    ( 3771): GetBestInfo: /data/user_de/0/com.google.android.gms/app_chimera/m/00000012/dl-MlkitOcrCommon.optional_263234100400.apk has no usable artifacts
09-13 04:59:47.867 I/artd    ( 3771): GetBestInfo: /data/user_de/0/com.google.android.gms/app_chimera/m/0000000d/dl-IdentityCredentialsPlatform.optional_261136100400.apk has no usable artifacts
09-13 04:59:47.868 I/artd    ( 3771): GetBestInfo: /data/user_de/0/com.google.android.gms/app_chimera/m/00000013/dl-Appsearch.optional_263234100400.apk has no usable artifacts
09-13 04:59:47.868 I/artd    ( 3771): GetBestInfo: vdex next to the dex file (/data/user/0/com.google.android.gms/app_dg_cache/6EF5C2E3C39D601B699E493E3C02879B45CBDB40/oat/arm64/the.vdex) is kOatUpToDate with filter 'verify' executable 'false'
09-13 04:59:47.869 I/artd    ( 3771): GetBestInfo: /data/user_de/0/com.google.android.gms/app_chimera/m/00000007/MeasurementDynamite.apk has no usable artifacts
09-13 04:59:47.870 I/artd    ( 3771): GetBestInfo: /data/user_de/0/com.google.android.gms/app_chimera/m/00000017/dl-IdentityCredentialsPlatform.optional_263234100400.apk has no usable artifacts
09-13 04:59:47.870 I/artd    ( 3771): GetBestInfo: /data/user_de/0/com.google.android.gms/app_chimera/m/0000000a/dl-MlkitBarcodeUi.optional_261136100400.apk has no usable artifacts
09-13 04:59:48.310 E/com.facebook.GraphResponse(13848): {HttpStatus: 400, errorCode: 190, subErrorCode: -1, errorType: OAuthException, errorMessage: Error validating application. Application has been deleted.}
09-13 04:59:48.324 E/com.facebook.GraphResponse(13848): {HttpStatus: 400, errorCode: 190, subErrorCode: -1, errorType: OAuthException, errorMessage: Error validating application. Application has been deleted.}
09-13 04:59:48.401 I/adbd    (  487): adbd service requested 'exec:cat '/sdcard/uinav-410c0803e21f4e1aaa80d8a3acee33ab.xml''
09-13 04:59:48.422 I/adbd    (  487): adbd service requested 'shell,v2,TERM=xterm-256color,raw:rm -f /sdcard/uinav-410c0803e21f4e1aaa80d8a3acee33ab.xml'
09-13 04:59:48.430 I/MediaProvider( 1632): Deleted 0 0 0 0 0 0 1 items on external_primary due to com.android.shell
09-13 04:59:48.535 E/com.facebook.GraphResponse(13848): {HttpStatus: 400, errorCode: 190, subErrorCode: -1, errorType: OAuthException, errorMessage: Error validating application. Application has been deleted.}
09-13 04:59:48.829 E/com.facebook.GraphResponse(13848): {HttpStatus: 400, errorCode: 190, subErrorCode: -1, errorType: OAuthException, errorMessage: Error validating application. Application has been deleted.}
09-13 04:59:49.050 E/com.facebook.GraphResponse(13848): {HttpStatus: 400, errorCode: 190, subErrorCode: -1, errorType: OAuthException, errorMessage: Error validating application. Application has been deleted.}
09-13 04:59:50.679 I/HalDevMgr(  647): bestIfaceCreationProposal is null, requestIface=STA, existingIface=[name=wlan0 type=STA]
09-13 04:59:51.657 D/ActivityManager(  647): freezing 1315 com.google.android.permissioncontroller
09-13 04:59:51.659 D/InetDiagMessage(  647): Destroyed 0 sockets, proto=IPPROTO_TCP, family=AF_INET, states=14
09-13 04:59:51.659 D/InetDiagMessage(  647): Destroyed 0 sockets, proto=IPPROTO_TCP, family=AF_INET6, states=14
09-13 04:59:51.659 D/InetDiagMessage(  647): Destroyed live tcp sockets for uids={10218} in 0ms
09-13 04:59:52.364 I/adbd    (  487): adbd service requested 'exec:screencap '-p''
09-13 04:59:52.392 W/libbinder.BackendUnifiedServiceManager(14009): Thread Pool max thread count is 0. Cannot cache binder as linkToDeath cannot be implemented. serviceName: SurfaceFlingerAIDL
09-13 04:59:52.392 W/libbinder.BpBinder(14009): Linking to death on android.gui.ISurfaceComposer but there are no threads (yet?) listening to incoming transactions. See ProcessState::startThreadPool and ProcessState::setThreadPoolMaxThreadCount. Generally you should setup the binder threadpool before other initialization steps.
09-13 04:59:52.392 W/libbinder.ProcessState(14009): Extra binder thread started, but 0 threads requested. Do not use *startThreadPool when zero threads are requested.
09-13 04:59:52.393 W/skia    (  481): AGTM parsing failed flags.readFromStream(s) at 159
09-13 04:59:52.393 W/skia    (  481): AGTM parsing failed flags.readFromStream(s) at 159
09-13 04:59:52.393 W/skia    (  481): AGTM parsing failed flags.readFromStream(s) at 159
09-13 04:59:52.393 W/skia    (  481): AGTM parsing failed flags.readFromStream(s) at 159
09-13 04:59:52.403 W/libc    (14009): Access denied finding property "vendor.mesa.virtgpu.kumquat"
09-13 04:59:53.238 D/SatelliteController( 1026): isInCarrierRoamingNbIotNtn: satellite is disabled
09-13 04:59:53.238 D/SatelliteController( 1026): getCarrierRoamingNtnConnectType: Checking connect type from PLMN config for subId: 1
09-13 04:59:53.238 D/TelephonyConfigUpdateInstallReceiver( 1026): getConfigParser: domain=satellite
09-13 04:59:53.238 V/SatelliteController( 1026): satelliteConfigParser is not ready
09-13 04:59:53.238 D/SatelliteController( 1026): isSatelliteAttachSupportedViaConfigupdater: return null (satelliteConfig is null)
09-13 04:59:53.239 D/SatelliteController( 1026): getSatellitePerPlmnConfiguration: invalid subId or not supported via carrier.
09-13 04:59:53.239 D/SatelliteController( 1026): getCarrierRoamingNtnConnectType: config: null
09-13 04:59:53.239 D/TelephonyConfigUpdateInstallReceiver( 1026): getConfigParser: domain=satellite
09-13 04:59:53.239 V/SatelliteController( 1026): satelliteConfigParser is not ready
09-13 04:59:53.239 D/SatelliteController( 1026): getCarrierRoamingNtnConnectTypeViaConfigUpdater: return null (satelliteConfig is null)
09-13 04:59:53.239 D/SatelliteController( 1026): getCarrierRoamingNtnConnectType: Falling back to global carrier config connect type: 0
09-13 04:59:53.239 D/TelephonyConfigUpdateInstallReceiver( 1026): getConfigParser: domain=satellite
09-13 04:59:53.239 V/SatelliteController( 1026): satelliteConfigParser is not ready
09-13 04:59:53.239 D/SatelliteController( 1026): isSatelliteAttachSupportedViaConfigupdater: return null (satelliteConfig is null)
09-13 04:59:53.239 D/SatelliteController( 1026): getCarrierRoamingNtnConnectType: Checking connect type from PLMN config for subId: 1
09-13 04:59:53.239 D/TelephonyConfigUpdateInstallReceiver( 1026): getConfigParser: domain=satellite
09-13 04:59:53.239 V/SatelliteController( 1026): satelliteConfigParser is not ready
09-13 04:59:53.239 D/SatelliteController( 1026): isSatelliteAttachSupportedViaConfigupdater: return null (satelliteConfig is null)
09-13 04:59:53.239 D/SatelliteController( 1026): getSatellitePerPlmnConfiguration: invalid subId or not supported via carrier.
09-13 04:59:53.239 D/SatelliteController( 1026): getCarrierRoamingNtnConnectType: config: null
09-13 04:59:53.239 D/TelephonyConfigUpdateInstallReceiver( 1026): getConfigParser: domain=satellite
09-13 04:59:53.239 V/SatelliteController( 1026): satelliteConfigParser is not ready
09-13 04:59:53.239 D/SatelliteController( 1026): getCarrierRoamingNtnConnectTypeViaConfigUpdater: return null (satelliteConfig is null)
09-13 04:59:53.240 D/SatelliteController( 1026): getCarrierRoamingNtnConnectType: Falling back to global carrier config connect type: 0
09-13 04:59:53.240 D/TelephonyConfigUpdateInstallReceiver( 1026): getConfigParser: domain=satellite
09-13 04:59:53.240 V/SatelliteController( 1026): satelliteConfigParser is not ready
09-13 04:59:53.240 D/SatelliteController( 1026): isSatelliteAttachSupportedViaConfigupdater: return null (satelliteConfig is null)
09-13 04:59:53.273 W/skia    (  481): AGTM parsing failed flags.readFromStream(s) at 159
09-13 04:59:53.273 W/skia    (  481): AGTM parsing failed flags.readFromStream(s) at 159
09-13 04:59:53.686 I/HalDevMgr(  647): bestIfaceCreationProposal is null, requestIface=STA, existingIface=[name=wlan0 type=STA]
09-13 04:59:53.689 D/IpClient/wlan0( 1004): interfaceLinkStateChanged: ifindex 16 up
09-13 04:59:53.692 D/IpClient/wlan0( 1004): interfaceLinkStateChanged: ifindex 16 up
09-13 04:59:55.981 I/wpa_supplicant(25902): wlan0: CTRL-EVENT-BEACON-LOSS 
09-13 04:59:56.523 W/libbinder.IPCThreadState(  647): Sending oneway calls to frozen process.
09-13 04:59:56.523 W/libbinder.IPCThreadState(  647): Sending oneway calls to frozen process.
09-13 04:59:56.691 I/AdbWifiNetworkMonitor(  647): Wi-Fi network available
09-13 04:59:56.691 I/AdbWifiNetworkMonitor(  647): Received the same Wi-Fi SSID. Ignoring.
09-13 04:59:56.691 I/HalDevMgr(  647): bestIfaceCreationProposal is null, requestIface=STA, existingIface=[name=wlan0 type=STA]
09-13 04:59:56.692 D/ConnectivityService(  647): NetReassign [no changes] [c 0] [a 0] [i 0]
09-13 04:59:56.692 I/NearbyMediums( 1226): Wifi changed new SSID: "AndroidWifi"
09-13 04:59:56.692 I/NearbyMediums( 1226): WifiLanConnectivityInfo is not changed, skip notify.
09-13 04:59:56.694 I/NullBinder( 1226): NullBinder for android.net.action.RECOMMEND_NETWORKS triggering remote TransactionTooLargeException due to Service without Chimera impl, calling uid: 1000, calling pid: 0
09-13 04:59:56.694 W/libbinder.Binder( 1226): Large reply transaction of 1056768 bytes, interface descriptor , function: UNKNOWN_FUNCTION_NAME, code: 1, flags: 17
09-13 04:59:56.922 W/libbinder.IPCThreadState(  647): Sending oneway calls to frozen process.
09-13 04:59:56.923 W/libbinder.IPCThreadState(  647): Sending oneway calls to frozen process.
09-13 04:59:56.947 D/ActivityManager(  647): sync unfroze 2753 com.android.vending for 6
09-13 04:59:56.962 W/ProcessStats(  647): Tracking association SourceState{19bd00e system/1000 ImpBg #13079} whose proc state 6 is better than process ProcessState{fc08a2b com.android.vending/10153 pkg=com.android.vending} proc state 14 (0 skipped)
09-13 04:59:56.962 I/Finsky  ( 2753): [2] SCH: job service start with id 9518.
09-13 04:59:56.973 I/Finsky  ( 2753): [500] SCH: Satisfied jobs for 9518 are: 12-1
09-13 04:59:56.976 I/Finsky  ( 2753): [513] SCH: Job 12-1 starting
09-13 04:59:56.977 I/Finsky  ( 2753): [2] WM::SCH: Logging work start for 12-1
09-13 04:59:56.978 I/Finsky  ( 2753): [2] [ContentSync] job started
09-13 04:59:56.991 I/PackageManager(  647): getInstalledPackages: callingUid=10153 flags=134217728 updatedFlags=135004160 userId=0
09-13 04:59:57.012 W/Finsky  ( 2753): [2] STU: Failed to get storage stats for package 'com.android.hardware.threadnetwork' (1601: Error getting stats: android.content.pm.PackageManager.NameNotFoundException)
09-13 04:59:57.015 W/Finsky  ( 2753): [2] STU: Failed to get storage stats for package 'com.google.android.uprobestats' (1601: Error getting stats: android.content.pm.PackageManager.NameNotFoundException)
09-13 04:59:57.021 W/Finsky  ( 2753): [2] STU: Failed to get storage stats for package 'com.android.hardware.vibrator' (1601: Error getting stats: android.content.pm.PackageManager.NameNotFoundException)
09-13 04:59:57.027 W/Finsky  ( 2753): [2] STU: Failed to get storage stats for package 'com.google.android.uwb' (1601: Error getting stats: android.content.pm.PackageManager.NameNotFoundException)
09-13 04:59:57.028 W/Finsky  ( 2753): [2] STU: Failed to get storage stats for package 'com.google.android.bt' (1601: Error getting stats: android.content.pm.PackageManager.NameNotFoundException)
09-13 04:59:57.029 W/Finsky  ( 2753): [2] STU: Failed to get storage stats for package 'com.google.android.widevine.nonupdatable' (1601: Error getting stats: android.content.pm.PackageManager.NameNotFoundException)
09-13 04:59:57.030 W/Finsky  ( 2753): [2] STU: Failed to get storage stats for package 'com.google.android.tzdata6' (1601: Error getting stats: android.content.pm.PackageManager.NameNotFoundException)
09-13 04:59:57.036 W/Finsky  ( 2753): [2] STU: Failed to get storage stats for package 'com.google.android.permission' (1601: Error getting stats: android.content.pm.PackageManager.NameNotFoundException)
09-13 04:59:57.042 W/Finsky  ( 2753): [2] STU: Failed to get storage stats for package 'com.google.android.gmssystem' (1601: Error getting stats: android.content.pm.PackageManager.NameNotFoundException)
09-13 04:59:57.049 W/Finsky  ( 2753): [2] STU: Failed to get storage stats for package 'com.google.android.wifi' (1601: Error getting stats: android.content.pm.PackageManager.NameNotFoundException)
09-13 04:59:57.051 W/Finsky  ( 2753): [2] STU: Failed to get storage stats for package 'com.android.hardware.contexthub' (1601: Error getting stats: android.content.pm.PackageManager.NameNotFoundException)
09-13 04:59:57.052 W/Finsky  ( 2753): [2] STU: Failed to get storage stats for package 'com.android.hardware.authsecret' (1601: Error getting stats: android.content.pm.PackageManager.NameNotFoundException)
09-13 04:59:57.055 W/Finsky  ( 2753): [2] STU: Failed to get storage stats for package 'com.android.apex.cts.shim' (1601: Error getting stats: android.content.pm.PackageManager.NameNotFoundException)
09-13 04:59:57.058 W/Finsky  ( 2753): [2] STU: Failed to get storage stats for package 'com.android.hardware.thermal' (1601: Error getting stats: android.content.pm.PackageManager.NameNotFoundException)
09-13 04:59:57.062 W/Finsky  ( 2753): [2] STU: Failed to get storage stats for package 'com.google.android.telephonycore' (1601: Error getting stats: android.content.pm.PackageManager.NameNotFoundException)
09-13 04:59:57.069 W/Finsky  ( 2753): [2] STU: Failed to get storage stats for package 'com.google.android.appsearch' (1601: Error getting stats: android.content.pm.PackageManager.NameNotFoundException)
09-13 04:59:57.069 W/Finsky  ( 2753): [2] STU: Failed to get storage stats for package 'com.google.android.media.swcodec' (1601: Error getting stats: android.content.pm.PackageManager.NameNotFoundException)
09-13 04:59:57.070 W/Finsky  ( 2753): [2] STU: Failed to get storage stats for package 'com.google.android.art' (1601: Error getting stats: android.content.pm.PackageManager.NameNotFoundException)
09-13 04:59:57.073 W/Finsky  ( 2753): [2] STU: Failed to get storage stats for package 'com.google.android.profiling' (1601: Error getting stats: android.content.pm.PackageManager.NameNotFoundException)
09-13 04:59:57.078 W/Finsky  ( 2753): [2] STU: Failed to get storage stats for package 'com.google.android.mediaprovider' (1601: Error getting stats: android.content.pm.PackageManager.NameNotFoundException)
09-13 04:59:57.082 W/Finsky  ( 2753): [2] STU: Failed to get storage stats for package 'com.android.hardware.uwb' (1601: Error getting stats: android.content.pm.PackageManager.NameNotFoundException)
09-13 04:59:57.084 W/Finsky  ( 2753): [2] STU: Failed to get storage stats for package 'com.android.virt' (1601: Error getting stats: android.content.pm.PackageManager.NameNotFoundException)
09-13 04:59:57.085 W/Finsky  ( 2753): [2] STU: Failed to get storage stats for package 'com.android.hardware.neuralnetworks' (1601: Error getting stats: android.content.pm.PackageManager.NameNotFoundException)
09-13 04:59:57.085 W/Finsky  ( 2753): [2] STU: Failed to get storage stats for package 'com.google.android.crashrecovery' (1601: Error getting stats: android.content.pm.PackageManager.NameNotFoundException)
09-13 04:59:57.086 W/Finsky  ( 2753): [2] STU: Failed to get storage stats for package 'com.google.android.adbd' (1601: Error getting stats: android.content.pm.PackageManager.NameNotFoundException)
09-13 04:59:57.087 W/Finsky  ( 2753): [2] STU: Failed to get storage stats for package 'com.google.android.resolv' (1601: Error getting stats: android.content.pm.PackageManager.NameNotFoundException)
09-13 04:59:57.092 W/Finsky  ( 2753): [2] STU: Failed to get storage stats for package 'com.android.i18n' (1601: Error getting stats: android.content.pm.PackageManager.NameNotFoundException)
09-13 04:59:57.094 W/Finsky  ( 2753): [2] STU: Failed to get storage stats for package 'com.android.hardware.dumpstate' (1601: Error getting stats: android.content.pm.PackageManager.NameNotFoundException)
09-13 04:59:57.094 W/Finsky  ( 2753): [2] STU: Failed to get storage stats for package 'com.google.android.configinfrastructure' (1601: Error getting stats: android.content.pm.PackageManager.NameNotFoundException)
09-13 04:59:57.094 W/Finsky  ( 2753): [2] STU: Failed to get storage stats for package 'com.google.android.media' (1601: Error getting stats: android.content.pm.PackageManager.NameNotFoundException)
09-13 04:59:57.095 W/Finsky  ( 2753): [2] STU: Failed to get storage stats for package 'com.google.android.conscrypt' (1601: Error getting stats: android.content.pm.PackageManager.NameNotFoundException)
09-13 04:59:57.098 W/Finsky  ( 2753): [2] STU: Failed to get storage stats for package 'com.android.hardware.cas' (1601: Error getting stats: android.content.pm.PackageManager.NameNotFoundException)
09-13 04:59:57.101 W/Finsky  ( 2753): [2] STU: Failed to get storage stats for package 'com.google.android.neuralnetworks' (1601: Error getting stats: android.content.pm.PackageManager.NameNotFoundException)
09-13 04:59:57.102 W/Finsky  ( 2753): [2] STU: Failed to get storage stats for package 'com.google.android.webapp' (1601: Error getting stats: android.content.pm.PackageManager.NameNotFoundException)
09-13 04:59:57.103 W/Finsky  ( 2753): [2] STU: Failed to get storage stats for package 'com.google.android.runtime' (1601: Error getting stats: android.content.pm.PackageManager.NameNotFoundException)
09-13 04:59:57.103 W/Finsky  ( 2753): [2] STU: Failed to get storage stats for package 'com.google.android.ipsec' (1601: Error getting stats: android.content.pm.PackageManager.NameNotFoundException)
09-13 04:59:57.104 W/Finsky  ( 2753): [2] STU: Failed to get storage stats for package 'com.android.devicelock' (1601: Error getting stats: android.content.pm.PackageManager.NameNotFoundException)
09-13 04:59:57.108 W/Finsky  ( 2753): [2] STU: Failed to get storage stats for package 'com.android.hardware.power' (1601: Error getting stats: android.content.pm.PackageManager.NameNotFoundException)
09-13 04:59:57.108 W/Finsky  ( 2753): [2] STU: Failed to get storage stats for package 'com.google.android.ondevicepersonalization' (1601: Error getting stats: android.content.pm.PackageManager.NameNotFoundException)
09-13 04:59:57.112 W/Finsky  ( 2753): [2] STU: Failed to get storage stats for package 'com.google.android.sdkext' (1601: Error getting stats: android.content.pm.PackageManager.NameNotFoundException)
09-13 04:59:57.112 W/Finsky  ( 2753): [2] STU: Failed to get storage stats for package 'com.google.android.healthfitness' (1601: Error getting stats: android.content.pm.PackageManager.NameNotFoundException)
09-13 04:59:57.118 W/Finsky  ( 2753): [2] STU: Failed to get storage stats for package 'com.android.hardware.biometrics.fingerprint.virtual' (1601: Error getting stats: android.content.pm.PackageManager.NameNotFoundException)
09-13 04:59:57.119 W/Finsky  ( 2753): [2] STU: Failed to get storage stats for package 'com.google.android.adservices' (1601: Error getting stats: android.content.pm.PackageManager.NameNotFoundException)
09-13 04:59:57.119 W/Finsky  ( 2753): [2] STU: Failed to get storage stats for package 'com.google.android.tethering' (1601: Error getting stats: android.content.pm.PackageManager.NameNotFoundException)
09-13 04:59:57.123 W/Finsky  ( 2753): [2] STU: Failed to get storage stats for package 'com.google.android.extservices' (1601: Error getting stats: android.content.pm.PackageManager.NameNotFoundException)
09-13 04:59:57.125 W/Finsky  ( 2753): [2] STU: Failed to get storage stats for package 'com.google.android.nfcservices' (1601: Error getting stats: android.content.pm.PackageManager.NameNotFoundException)
09-13 04:59:57.131 W/Finsky  ( 2753): [2] STU: Failed to get storage stats for package 'com.google.android.os.statsd' (1601: Error getting stats: android.content.pm.PackageManager.NameNotFoundException)
09-13 04:59:57.132 W/Finsky  ( 2753): [2] STU: Failed to get storage stats for package 'com.android.hardware.rebootescrow' (1601: Error getting stats: android.content.pm.PackageManager.NameNotFoundException)
09-13 04:59:57.133 W/Finsky  ( 2753): [2] STU: Failed to get storage stats for package 'com.google.android.cellbroadcast' (1601: Error getting stats: android.content.pm.PackageManager.NameNotFoundException)
09-13 04:59:57.135 W/Finsky  ( 2753): [2] STU: Failed to get storage stats for package 'com.android.npumanager' (1601: Error getting stats: android.content.pm.PackageManager.NameNotFoundException)
09-13 04:59:57.138 W/Finsky  ( 2753): [2] STU: Failed to get storage stats for package 'com.google.android.rkpd' (1601: Error getting stats: android.content.pm.PackageManager.NameNotFoundException)
09-13 04:59:57.147 W/Finsky  ( 2753): [2] STU: Failed to get storage stats for package 'com.google.android.scheduling' (1601: Error getting stats: android.content.pm.PackageManager.NameNotFoundException)
09-13 04:59:57.150 W/Finsky  ( 2753): [2] STU: Failed to get storage stats for package 'com.android.hardware.gatekeeper' (1601: Error getting stats: android.content.pm.PackageManager.NameNotFoundException)
09-13 04:59:57.152 I/Finsky  ( 2753): [2] App states replicator found 4 unowned apps
09-13 04:59:57.156 I/Finsky  ( 2753): [53] Completed 0 account content syncs with 0 successful.
09-13 04:59:57.156 I/Finsky  ( 2753): [2] [ContentSync] Installation state replication succeeded.
09-13 04:59:57.156 I/Finsky  ( 2753): [2] SCH: jobFinished: 12-1. TimeElapsed: 179ms.
09-13 04:59:57.157 I/Finsky  ( 2753): [2] WM::SCH: Logging work end for 12-1
09-13 04:59:57.163 I/Finsky  ( 2753): [53] SCH: Scheduling phonesky job Id: 1-1337, CT: 1789231317206, Constraints: [{ L: 43168624, D: 86368624, C: CHARGING_NONE, I: IDLE_NONE, N: NET_ANY, B: BATTERY_ANY }]
09-13 04:59:57.163 I/Finsky  ( 2753): [53] SCH: Scheduling phonesky job Id: 34-58, CT: 1789231318266, Constraints: [{ L: 604800000, D: 2464138253, C: CHARGING_NONE, I: IDLE_NONE, N: NET_ANY, B: BATTERY_ANY }]
09-13 04:59:57.163 I/Finsky  ( 2753): [53] SCH: Scheduling phonesky job Id: 34-62, CT: 1789231318266, Constraints: [{ L: 604800000, D: 2544769483, C: CHARGING_NONE, I: IDLE_NONE, N: NET_ANY, B: BATTERY_ANY }]
09-13 04:59:57.163 I/Finsky  ( 2753): [53] SCH: Scheduling phonesky job Id: 34-65, CT: 1789231318266, Constraints: [{ L: 31968371, D: 1327968371, C: CHARGING_NONE, I: IDLE_NONE, N: NET_ANY, B: BATTERY_ANY }]
09-13 04:59:57.165 I/Finsky  ( 2753): [57] SCH: Scheduling 1 system job(s)
09-13 04:59:57.165 I/Finsky  ( 2753): [57] SCH: Scheduling system job Id: 9526, L: 2089472, D: 56488665, C: false, I: false, N: 1
09-13 04:59:57.169 I/Finsky  ( 2753): [513] SCH: job service finished with id 9518.
09-13 04:59:57.170 I/Finsky  ( 2753): [2] Memory trim requested to level 40
09-13 04:59:57.171 I/Finsky  ( 2753): [2] Flushing in-memory image cache
09-13 04:59:57.193 I/NearbySharing( 1226): Network state changed: NetworkState(isRestricted=false, isOnline=true, isCongested=false, isMetered=false, isWifiConnected=true)
09-13 04:59:57.395 D/IntervalStats(  647): Unable to parse usage stats packages: [286, 345, 371, 374, 375, 377, 379, 380, 384, 386, 388, 389, 390, 395, 397]
09-13 04:59:57.396 D/IntervalStats(  647): Unable to parse usage stats packages: [275, 286]
09-13 04:59:57.397 D/IntervalStats(  647): Unable to parse usage stats packages: [275, 286, 345, 400, 402, 403]
09-13 04:59:57.398 D/IntervalStats(  647): Unable to parse usage stats packages: [275, 286, 345, 406, 475, 476]
09-13 04:59:57.399 D/IntervalStats(  647): Unable to parse usage stats packages: [345]
09-13 04:59:57.400 D/IntervalStats(  647): Unable to parse usage stats packages: [286, 345, 479, 480, 482, 484]
09-13 04:59:57.400 D/IntervalStats(  647): Unable to parse usage stats packages: [286, 479, 557, 559, 560]
09-13 04:59:57.401 D/IntervalStats(  647): Unable to parse usage stats packages: [286, 479]
09-13 04:59:57.401 D/IntervalStats(  647): Unable to parse usage stats packages: [275, 479, 564, 565, 567, 569, 570, 573, 574, 579]
09-13 04:59:57.408 W/id.ext.services( 1062): Reducing the number of considered missed Gc histogram windows from 220 to 100
09-13 04:59:57.554 W/libbinder.IPCThreadState(  647): Sending oneway calls to frozen process.
09-13 04:59:57.620 D/InetDiagMessage(  647): Destroyed 0 sockets, proto=IPPROTO_TCP, family=AF_INET, states=14
09-13 04:59:57.620 D/InetDiagMessage(  647): Destroyed 0 sockets, proto=IPPROTO_TCP, family=AF_INET6, states=14
09-13 04:59:57.620 D/InetDiagMessage(  647): Destroyed live tcp sockets for uids={10219} in 0ms
09-13 04:59:57.621 D/InetDiagMessage(  647): Destroyed 0 sockets, proto=IPPROTO_TCP, family=AF_INET, states=14
09-13 04:59:57.621 D/InetDiagMessage(  647): Destroyed 0 sockets, proto=IPPROTO_TCP, family=AF_INET6, states=14
09-13 04:59:57.621 D/InetDiagMessage(  647): Destroyed live tcp sockets for uids={20219} in 1ms
09-13 04:59:57.836 I/adbd    (  487): adbd service requested 'shell,v2,TERM=xterm-256color,raw:dumpsys package com.google.android.gms'
09-13 04:59:57.871 I/artd    ( 3771): GetBestInfo: odex next to the dex file (/data/app/~~lv0q5pv-ROGo4oWbcO66Yg==/com.google.android.gms-c0up8V4kI87sxgeZJUDS8Q==/oat/arm64/base.odex) is kOatUpToDate with filter 'speed-profile' executable 'false'
09-13 04:59:57.872 I/artd    ( 3771): GetBestInfo: dm (/data/app/~~lv0q5pv-ROGo4oWbcO66Yg==/com.google.android.gms-c0up8V4kI87sxgeZJUDS8Q==/split_AdsDynamite_installtime.dm) is kOatUpToDate with filter 'verify' executable 'false'
09-13 04:59:57.873 I/artd    ( 3771): GetBestInfo: odex next to the dex file (/data/app/~~lv0q5pv-ROGo4oWbcO66Yg==/com.google.android.gms-c0up8V4kI87sxgeZJUDS8Q==/oat/arm64/split_CronetDynamite_installtime.odex) is kOatUpToDate with filter 'speed-profile' executable 'false'
09-13 04:59:57.874 I/artd    ( 3771): GetBestInfo: dm (/data/app/~~lv0q5pv-ROGo4oWbcO66Yg==/com.google.android.gms-c0up8V4kI87sxgeZJUDS8Q==/split_DynamiteLoader_installtime.dm) is kOatUpToDate with filter 'verify' executable 'false'
09-13 04:59:57.875 I/artd    ( 3771): GetBestInfo: dm (/data/app/~~lv0q5pv-ROGo4oWbcO66Yg==/com.google.android.gms-c0up8V4kI87sxgeZJUDS8Q==/split_DynamiteModulesA_installtime.dm) is kOatUpToDate with filter 'verify' executable 'false'
09-13 04:59:57.876 I/artd    ( 3771): GetBestInfo: dm (/data/app/~~lv0q5pv-ROGo4oWbcO66Yg==/com.google.android.gms-c0up8V4kI87sxgeZJUDS8Q==/split_DynamiteModulesC_installtime.dm) is kOatUpToDate with filter 'verify' executable 'false'
09-13 04:59:57.877 I/artd    ( 3771): GetBestInfo: dm (/data/app/~~lv0q5pv-ROGo4oWbcO66Yg==/com.google.android.gms-c0up8V4kI87sxgeZJUDS8Q==/split_GoogleCertificates_installtime.dm) is kOatUpToDate with filter 'verify' executable 'false'
09-13 04:59:57.879 I/artd    ( 3771): GetBestInfo: dm (/data/app/~~lv0q5pv-ROGo4oWbcO66Yg==/com.google.android.gms-c0up8V4kI87sxgeZJUDS8Q==/split_MapsDynamite_installtime.dm) is kOatUpToDate with filter 'verify' executable 'false'
09-13 04:59:57.880 I/artd    ( 3771): GetBestInfo: dm (/data/app/~~lv0q5pv-ROGo4oWbcO66Yg==/com.google.android.gms-c0up8V4kI87sxgeZJUDS8Q==/split_MeasurementDynamite_installtime.dm) is kOatUpToDate with filter 'verify' executable 'false'
09-13 04:59:57.880 I/artd    ( 3771): GetBestInfo: /data/user_de/0/com.google.android.gms/app_chimera/m/00000001/CronetDynamite.apk has no usable artifacts
09-13 04:59:57.881 I/artd    ( 3771): GetBestInfo: /data/user_de/0/com.google.android.gms/app_chimera/m/00000002/DynamiteLoader.apk has no usable artifacts
09-13 04:59:57.881 I/artd    ( 3771): GetBestInfo: /data/user_de/0/com.google.android.gms/app_chimera/m/00000006/MapsDynamite.apk has no usable artifacts
09-13 04:59:57.882 I/artd    ( 3771): GetBestInfo: vdex next to the dex file (/data/user/0/com.google.android.gms/app_dg_cache/AEB5BC832EBF3852F39BA4BE495DD40566104436/oat/arm64/the.vdex) is kOatUpToDate with filter 'verify' executable 'false'
09-13 04:59:57.882 I/artd    ( 3771): GetBestInfo: /data/user_de/0/com.google.android.gms/app_chimera/m/00000005/GoogleCertificates.apk has no usable artifacts
09-13 04:59:57.883 I/artd    ( 3771): GetBestInfo: /data/user_de/0/com.google.android.gms/app_chimera/m/00000014/dl-TfliteDynamiteDynamite.integ_260580502100400.apk has no usable artifacts
09-13 04:59:57.888 I/artd    ( 3771): GetBestInfo: /data/user_de/0/com.google.android.gms/app_chimera/m/00000011/dl-MlkitBarcodeUi.optional_263234100400.apk has no usable artifacts
09-13 04:59:57.890 I/artd    ( 3771): GetBestInfo: /data/user_de/0/com.google.android.gms/app_chimera/m/0000000c/dl-VisionOcr.optional_261136100000.apk has no usable artifacts
09-13 04:59:57.891 I/artd    ( 3771): GetBestInfo: /data/user_de/0/com.google.android.gms/app_chimera/m/00000009/dl-TfliteDynamiteDynamite.integ_262730502100400.apk has no usable artifacts
09-13 04:59:57.892 I/artd    ( 3771): GetBestInfo: /data/user_de/0/com.google.android.gms/app_chimera/m/0000000f/dl-PlayCloudSearch.optional_261136100000.apk has no usable artifacts
09-13 04:59:57.894 I/artd    ( 3771): GetBestInfo: /data/user_de/0/com.google.android.gms/app_chimera/m/0000000b/dl-MlkitOcrCommon.optional_261136100400.apk has no usable artifacts
09-13 04:59:57.894 I/artd    ( 3771): GetBestInfo: /data/user_de/0/com.google.android.gms/app_chimera/m/00000018/dl-MapsCoreDynamite.integ_260830204100400.apk has no usable artifacts
09-13 04:59:57.895 I/artd    ( 3771): GetBestInfo: /data/user_de/0/com.google.android.gms/app_chimera/m/00000015/dl-PlayCloudSearch.optional_263234100000.apk has no usable artifacts
09-13 04:59:57.897 I/artd    ( 3771): GetBestInfo: /data/user_de/0/com.google.android.gms/app_chimera/m/00000016/dl-VisionOcr.optional_263234100000.apk has no usable artifacts
09-13 04:59:57.898 I/artd    ( 3771): GetBestInfo: /data/user_de/0/com.google.android.gms/app_chimera/m/00000012/dl-MlkitOcrCommon.optional_263234100400.apk has no usable artifacts
09-13 04:59:57.900 I/artd    ( 3771): GetBestInfo: /data/user_de/0/com.google.android.gms/app_chimera/m/0000000d/dl-IdentityCredentialsPlatform.optional_261136100400.apk has no usable artifacts
09-13 04:59:57.900 I/artd    ( 3771): GetBestInfo: /data/user_de/0/com.google.android.gms/app_chimera/m/00000013/dl-Appsearch.optional_263234100400.apk has no usable artifacts
09-13 04:59:57.901 I/artd    ( 3771): GetBestInfo: vdex next to the dex file (/data/user/0/com.google.android.gms/app_dg_cache/6EF5C2E3C39D601B699E493E3C02879B45CBDB40/oat/arm64/the.vdex) is kOatUpToDate with filter 'verify' executable 'false'
09-13 04:59:57.902 I/artd    ( 3771): GetBestInfo: /data/user_de/0/com.google.android.gms/app_chimera/m/00000007/MeasurementDynamite.apk has no usable artifacts
09-13 04:59:57.902 I/artd    ( 3771): GetBestInfo: /data/user_de/0/com.google.android.gms/app_chimera/m/00000017/dl-IdentityCredentialsPlatform.optional_263234100400.apk has no usable artifacts
09-13 04:59:57.903 I/artd    ( 3771): GetBestInfo: /data/user_de/0/com.google.android.gms/app_chimera/m/0000000a/dl-MlkitBarcodeUi.optional_261136100400.apk has no usable artifacts
09-13 04:59:58.240 D/ActivityManager(  647): freezing 19217 com.google.android.gms.unstable
09-13 04:59:58.434 W/libbinder.IPCThreadState(  647): Sending oneway calls to frozen process.
09-13 04:59:59.692 I/HalDevMgr(  647): bestIfaceCreationProposal is null, requestIface=STA, existingIface=[name=wlan0 type=STA]
09-13 04:59:59.692 I/AdbWifiNetworkMonitor(  647): Wi-Fi network available
09-13 04:59:59.692 I/AdbWifiNetworkMonitor(  647): Received the same Wi-Fi SSID. Ignoring.
09-13 04:59:59.694 W/libbinder.IPCThreadState(  647): Sending oneway calls to frozen process.
09-13 04:59:59.695 D/IpClient/wlan0( 1004): interfaceLinkStateChanged: ifindex 16 up
09-13 04:59:59.695 W/libbinder.IPCThreadState(  647): Sending oneway calls to frozen process.
09-13 04:59:59.696 I/NullBinder( 1226): NullBinder for android.net.action.RECOMMEND_NETWORKS triggering remote TransactionTooLargeException due to Service without Chimera impl, calling uid: 1000, calling pid: 0
09-13 04:59:59.696 W/libbinder.Binder( 1226): Large reply transaction of 1056768 bytes, interface descriptor , function: UNKNOWN_FUNCTION_NAME, code: 1, flags: 17
09-13 04:59:59.696 D/ConnectivityService(  647): NetReassign [no changes] [c 0] [a 1] [i 0]
09-13 04:59:59.696 I/NearbyMediums( 1226): Wifi changed new SSID: "AndroidWifi"
09-13 04:59:59.696 I/NearbyMediums( 1226): WifiLanConnectivityInfo is not changed, skip notify.
09-13 04:59:59.698 D/IpClient/wlan0( 1004): interfaceLinkStateChanged: ifindex 16 up
09-13 05:00:00.002 D/ActivityManager(  647): sync unfroze 1108 com.android.settings for 3
09-13 05:00:00.004 D/ActivityManager(  647): sync unfroze 4026 com.android.keychain for 10
09-13 05:00:00.010 D/ActivityManager(  647): sync unfroze 2816 com.android.localtransport for 10
09-13 05:00:00.010 D/ActivityManager(  647): sync unfroze 2443 com.android.dynsystem:dynsystem for 10
09-13 05:00:00.010 D/ActivityManager(  647): sync unfroze 2396 com.android.dynsystem for 10
09-13 05:00:00.018 D/BatteryUsageDataLoader( 1108): loadUsageDataSafely() in the AsyncTask
09-13 05:00:00.019 D/PeriodicJobReceiver( 1108): refresh periodic job from action=com.android.settings.battery.action.PERIODIC_JOB_UPDATE
09-13 05:00:00.027 D/PeriodicJobManager( 1108): schedule next alarm job at Sep 13, 2026, 06:00:00
09-13 05:00:00.028 D/TelephonyManager(  647): requestModemActivityInfo: Sending result to app: ModemActivityInfo{ mTimestamp=27293099 mSleepTimeMs=3108 mIdleTimeMs=1036 mActivityStatsTechSpecificInfo=[{mRat=UNKNOWN,mFrequencyRange=UNKNOWN,mTxTimeMs[]=[74, 222, 444, 592, 666],mRxTimeMs=666}]}
09-13 05:00:00.032 W/ndroid.settings( 1108): Reducing the number of considered missed Gc histogram windows from 360 to 100
09-13 05:00:00.042 W/skia    (  481): AGTM parsing failed flags.readFromStream(s) at 159
09-13 05:00:00.042 W/skia    (  481): AGTM parsing failed flags.readFromStream(s) at 159
09-13 05:00:00.068 I/BluetoothPowerStatsCollector(  647): BluetoothActivityEnergyInfo not supported.
09-13 05:00:00.075 D/TelephonyManager(  647): requestModemActivityInfo: Sending result to app: ModemActivityInfo{ mTimestamp=27293146 mSleepTimeMs=3150 mIdleTimeMs=1050 mActivityStatsTechSpecificInfo=[{mRat=UNKNOWN,mFrequencyRange=UNKNOWN,mTxTimeMs[]=[75, 225, 450, 600, 675],mRxTimeMs=675}]}
09-13 05:00:00.108 I/BluetoothPowerStatsCollector(  647): BluetoothActivityEnergyInfo not supported.
09-13 05:00:00.114 D/DataProcessor( 1108): getBatteryUsageStats() from BatteryStatsManager in 90/ms, maxStatsAgeMs=0
09-13 05:00:00.114 W/DataProcessor( 1108): shouldShowBatteryAttributionList(): 0.1
09-13 05:00:00.114 W/BatteryUsageDataLoader( 1108): getBatteryEntryList() returns null or empty content
09-13 05:00:00.114 D/BatteryUsageDataLoader( 1108): getBatteryUsageStats() in 95/ms
09-13 05:00:00.119 D/DatabaseUtils( 1108): insert() data into database with isFullChargeStart:false
09-13 05:00:00.120 D/DatabaseUtils( 1108): sendBatteryEntryData() size=1 in 6/ms
09-13 05:00:00.121 D/BatteryUsageContentProvider( 1108): getQueryUserId from uri: content://com.android.settings.battery.usage.provider/appUsageLatestTimestamp?userid=0
09-13 05:00:00.122 D/BatteryUsageContentProvider( 1108): getAppUsageLatestTimestampMs() for user 0 in 1/ms
09-13 05:00:00.125 D/DatabaseUtils( 1108): getAppUsageStartTimestampOfUser() userId=0 latestTimestamp=Sep 13, 2026, 04:00:00 in 4/ms
09-13 05:00:00.125 D/DataProcessor( 1108): getAppUsageEventsForUser(): 0 from 1789257600099 to 1789261200121 in 0/ms
09-13 05:00:00.125 D/DataProcessor( 1108): getAppUsageEvents() for all unlocked users in 4/ms
09-13 05:00:00.126 D/DataProcessor( 1108): Read 6 relevant events (6 total) from UsageStatsManager for user 0
09-13 05:00:00.126 W/DataProcessor( 1108): Read 6 relevant events (6 total) from UsageStatsManager for all users
09-13 05:00:00.126 D/DataProcessor( 1108): getCurrentAppOnTopEvents() from ActivityManager in 0/ms
09-13 05:00:00.126 D/DataProcessor( 1108): Read 1 current on top events from ActivityManager running app processes
09-13 05:00:00.126 D/BatteryUsageDataLoader( 1108): loadAppUsageData() size=7 in 5/ms
09-13 05:00:00.129 D/DatabaseUtils( 1108): insert() app usage events data into database
09-13 05:00:00.129 D/DatabaseUtils( 1108): sendAppUsageEventData() size=7 in 3/ms
09-13 05:00:00.129 D/BatteryUsageContentProvider( 1108): getLastFullChargeTimestampMs() in 0/ms
09-13 05:00:00.130 D/DatabaseUtils( 1108): getLastFullChargeTime() lastFullChargeTime=Jan 01, 1970, 04:00:00 in 1/ms
09-13 05:00:00.130 D/DatabaseUtils( 1108): getBatteryEvents for timestamp: 1788724800000
09-13 05:00:00.130 D/BatteryUsageContentProvider( 1108): getQueryBatteryEventTypes from uri: content://com.android.settings.battery.usage.provider/BatteryEvent?timestamp=1788724800000&batteryEventType=3%2C4
09-13 05:00:00.130 D/BatteryUsageContentProvider( 1108): getQueryTimestampMs from uri: content://com.android.settings.battery.usage.provider/BatteryEvent?timestamp=1788724800000&batteryEventType=3%2C4
09-13 05:00:00.130 W/BatteryUsageContentProvider( 1108): getBatteryEvents() in 0/ms
09-13 05:00:00.130 D/DatabaseUtils( 1108): getBatteryEvents size=80 in 0/ms
09-13 05:00:00.131 D/DataProcessManager( 1108): getPeriodBatteryLevelData() startTimestamp=Sep 13, 2026, 04:00:00
09-13 05:00:00.131 D/DataProcessManager( 1108): execute getBatteryLevelData in 2/ms, batteryLevelRecordEvents.size=80
09-13 05:00:00.131 D/BatteryUsageDataLoader( 1108): preprocessBatteryUsageSlots() no new battery usage data.
09-13 05:00:00.131 D/BatteryUsageDataLoader( 1108): loadUsageDataSafely() in 112/ms
09-13 05:00:00.196 I/NearbySharing( 1226): Network state changed: NetworkState(isRestricted=false, isOnline=true, isCongested=false, isMetered=false, isWifiConnected=true)
09-13 05:00:02.632 D/ActivityManager(  647): freezing 28160 com.google.android.gms
09-13 05:00:02.633 D/ActivityManager(  647): freezing 6882 com.google.android.adservices.api
09-13 05:00:02.682 D/InetDiagMessage(  647): Destroyed 0 sockets, proto=IPPROTO_TCP, family=AF_INET, states=14
09-13 05:00:02.682 D/InetDiagMessage(  647): Destroyed 0 sockets, proto=IPPROTO_TCP, family=AF_INET6, states=14
09-13 05:00:02.682 D/InetDiagMessage(  647): Destroyed live tcp sockets for uids={10219} in 0ms
09-13 05:00:02.697 I/HalDevMgr(  647): bestIfaceCreationProposal is null, requestIface=STA, existingIface=[name=wlan0 type=STA]
09-13 05:00:03.245 D/SatelliteController( 1026): isInCarrierRoamingNbIotNtn: satellite is disabled
09-13 05:00:03.245 D/SatelliteController( 1026): getCarrierRoamingNtnConnectType: Checking connect type from PLMN config for subId: 1
09-13 05:00:03.245 D/TelephonyConfigUpdateInstallReceiver( 1026): getConfigParser: domain=satellite
09-13 05:00:03.245 V/SatelliteController( 1026): satelliteConfigParser is not ready
09-13 05:00:03.245 D/SatelliteController( 1026): isSatelliteAttachSupportedViaConfigupdater: return null (satelliteConfig is null)
09-13 05:00:03.245 D/SatelliteController( 1026): getSatellitePerPlmnConfiguration: invalid subId or not supported via carrier.
09-13 05:00:03.245 D/SatelliteController( 1026): getCarrierRoamingNtnConnectType: config: null
09-13 05:00:03.245 D/TelephonyConfigUpdateInstallReceiver( 1026): getConfigParser: domain=satellite
09-13 05:00:03.245 V/SatelliteController( 1026): satelliteConfigParser is not ready
09-13 05:00:03.245 D/SatelliteController( 1026): getCarrierRoamingNtnConnectTypeViaConfigUpdater: return null (satelliteConfig is null)
09-13 05:00:03.245 D/SatelliteController( 1026): getCarrierRoamingNtnConnectType: Falling back to global carrier config connect type: 0
09-13 05:00:03.245 D/TelephonyConfigUpdateInstallReceiver( 1026): getConfigParser: domain=satellite
09-13 05:00:03.245 V/SatelliteController( 1026): satelliteConfigParser is not ready
09-13 05:00:03.245 D/SatelliteController( 1026): isSatelliteAttachSupportedViaConfigupdater: return null (satelliteConfig is null)
09-13 05:00:03.245 D/SatelliteController( 1026): getCarrierRoamingNtnConnectType: Checking connect type from PLMN config for subId: 1
09-13 05:00:03.245 D/TelephonyConfigUpdateInstallReceiver( 1026): getConfigParser: domain=satellite
09-13 05:00:03.245 V/SatelliteController( 1026): satelliteConfigParser is not ready
09-13 05:00:03.245 D/SatelliteController( 1026): isSatelliteAttachSupportedViaConfigupdater: return null (satelliteConfig is null)
09-13 05:00:03.246 D/SatelliteController( 1026): getSatellitePerPlmnConfiguration: invalid subId or not supported via carrier.
09-13 05:00:03.246 D/SatelliteController( 1026): getCarrierRoamingNtnConnectType: config: null
09-13 05:00:03.246 D/TelephonyConfigUpdateInstallReceiver( 1026): getConfigParser: domain=satellite
09-13 05:00:03.246 V/SatelliteController( 1026): satelliteConfigParser is not ready
09-13 05:00:03.246 D/SatelliteController( 1026): getCarrierRoamingNtnConnectTypeViaConfigUpdater: return null (satelliteConfig is null)
09-13 05:00:03.246 D/SatelliteController( 1026): getCarrierRoamingNtnConnectType: Falling back to global carrier config connect type: 0
09-13 05:00:03.246 D/TelephonyConfigUpdateInstallReceiver( 1026): getConfigParser: domain=satellite
09-13 05:00:03.246 V/SatelliteController( 1026): satelliteConfigParser is not ready
09-13 05:00:03.246 D/SatelliteController( 1026): isSatelliteAttachSupportedViaConfigupdater: return null (satelliteConfig is null)
09-13 05:00:03.918 I/wpa_supplicant(25902): wlan0: CTRL-EVENT-BEACON-LOSS 
09-13 05:00:05.702 I/HalDevMgr(  647): bestIfaceCreationProposal is null, requestIface=STA, existingIface=[name=wlan0 type=STA]
09-13 05:00:07.186 D/ActivityManager(  647): freezing 2753 com.android.vending
09-13 05:00:07.188 D/InetDiagMessage(  647): Destroyed 0 sockets, proto=IPPROTO_TCP, family=AF_INET, states=14
09-13 05:00:07.189 D/InetDiagMessage(  647): Destroyed 0 sockets, proto=IPPROTO_TCP, family=AF_INET6, states=14
09-13 05:00:07.189 D/InetDiagMessage(  647): Destroyed live tcp sockets for uids={10153} in 1ms
09-13 05:00:07.421 W/libbinder.IPCThreadState(  647): Sending oneway calls to frozen process.
09-13 05:00:07.558 D/ActivityManager(  647): sync unfroze 28160 com.google.android.gms for 6
09-13 05:00:07.559 D/ActivityManager(  647): sync unfroze 6882 com.google.android.adservices.api for 6
09-13 05:00:07.562 W/ProcessStats(  647): Tracking association SourceState{c44daab com.google.android.gms/10221 ImpBg #13089} whose proc state 6 is better than process ProcessState{82aec97 com.google.android.adservices.api/10219 pkg=com.google.android.adservices.api} proc state 14 (0 skipped)
09-13 05:00:07.563 I/NetworkScheduler.Stats( 1226): (REDACTED) Task %s/%s started execution. cause:%s exec_start_elapsed_seconds: %s
09-13 05:00:07.566 I/NetworkScheduler.Stats( 1226): (REDACTED) Task %s/%s finished executing. cause:%s result: %s elapsed_millis: %s uptime_millis: %s exec_start_elapsed_seconds: %s
09-13 05:00:07.829 I/adbd    (  487): adbd service requested 'shell,v2,TERM=xterm-256color,raw:dumpsys package com.google.android.gms'
09-13 05:00:07.868 I/artd    ( 3771): GetBestInfo: odex next to the dex file (/data/app/~~lv0q5pv-ROGo4oWbcO66Yg==/com.google.android.gms-c0up8V4kI87sxgeZJUDS8Q==/oat/arm64/base.odex) is kOatUpToDate with filter 'speed-profile' executable 'false'
09-13 05:00:07.869 I/artd    ( 3771): GetBestInfo: dm (/data/app/~~lv0q5pv-ROGo4oWbcO66Yg==/com.google.android.gms-c0up8V4kI87sxgeZJUDS8Q==/split_AdsDynamite_installtime.dm) is kOatUpToDate with filter 'verify' executable 'false'
09-13 05:00:07.870 I/artd    ( 3771): GetBestInfo: odex next to the dex file (/data/app/~~lv0q5pv-ROGo4oWbcO66Yg==/com.google.android.gms-c0up8V4kI87sxgeZJUDS8Q==/oat/arm64/split_CronetDynamite_installtime.odex) is kOatUpToDate with filter 'speed-profile' executable 'false'
09-13 05:00:07.871 I/artd    ( 3771): GetBestInfo: dm (/data/app/~~lv0q5pv-ROGo4oWbcO66Yg==/com.google.android.gms-c0up8V4kI87sxgeZJUDS8Q==/split_DynamiteLoader_installtime.dm) is kOatUpToDate with filter 'verify' executable 'false'
09-13 05:00:07.872 I/artd    ( 3771): GetBestInfo: dm (/data/app/~~lv0q5pv-ROGo4oWbcO66Yg==/com.google.android.gms-c0up8V4kI87sxgeZJUDS8Q==/split_DynamiteModulesA_installtime.dm) is kOatUpToDate with filter 'verify' executable 'false'
09-13 05:00:07.873 I/artd    ( 3771): GetBestInfo: dm (/data/app/~~lv0q5pv-ROGo4oWbcO66Yg==/com.google.android.gms-c0up8V4kI87sxgeZJUDS8Q==/split_DynamiteModulesC_installtime.dm) is kOatUpToDate with filter 'verify' executable 'false'
09-13 05:00:07.873 I/artd    ( 3771): GetBestInfo: dm (/data/app/~~lv0q5pv-ROGo4oWbcO66Yg==/com.google.android.gms-c0up8V4kI87sxgeZJUDS8Q==/split_GoogleCertificates_installtime.dm) is kOatUpToDate with filter 'verify' executable 'false'
09-13 05:00:07.874 I/artd    ( 3771): GetBestInfo: dm (/data/app/~~lv0q5pv-ROGo4oWbcO66Yg==/com.google.android.gms-c0up8V4kI87sxgeZJUDS8Q==/split_MapsDynamite_installtime.dm) is kOatUpToDate with filter 'verify' executable 'false'
09-13 05:00:07.875 I/artd    ( 3771): GetBestInfo: dm (/data/app/~~lv0q5pv-ROGo4oWbcO66Yg==/com.google.android.gms-c0up8V4kI87sxgeZJUDS8Q==/split_MeasurementDynamite_installtime.dm) is kOatUpToDate with filter 'verify' executable 'false'
09-13 05:00:07.875 I/artd    ( 3771): GetBestInfo: /data/user_de/0/com.google.android.gms/app_chimera/m/00000001/CronetDynamite.apk has no usable artifacts
09-13 05:00:07.876 I/artd    ( 3771): GetBestInfo: /data/user_de/0/com.google.android.gms/app_chimera/m/00000002/DynamiteLoader.apk has no usable artifacts
09-13 05:00:07.876 I/artd    ( 3771): GetBestInfo: /data/user_de/0/com.google.android.gms/app_chimera/m/00000006/MapsDynamite.apk has no usable artifacts
09-13 05:00:07.876 I/artd    ( 3771): GetBestInfo: vdex next to the dex file (/data/user/0/com.google.android.gms/app_dg_cache/AEB5BC832EBF3852F39BA4BE495DD40566104436/oat/arm64/the.vdex) is kOatUpToDate with filter 'verify' executable 'false'
09-13 05:00:07.876 I/artd    ( 3771): GetBestInfo: /data/user_de/0/com.google.android.gms/app_chimera/m/00000005/GoogleCertificates.apk has no usable artifacts
09-13 05:00:07.877 I/artd    ( 3771): GetBestInfo: /data/user_de/0/com.google.android.gms/app_chimera/m/00000014/dl-TfliteDynamiteDynamite.integ_260580502100400.apk has no usable artifacts
09-13 05:00:07.877 I/artd    ( 3771): GetBestInfo: /data/user_de/0/com.google.android.gms/app_chimera/m/00000011/dl-MlkitBarcodeUi.optional_263234100400.apk has no usable artifacts
09-13 05:00:07.878 I/artd    ( 3771): GetBestInfo: /data/user_de/0/com.google.android.gms/app_chimera/m/0000000c/dl-VisionOcr.optional_261136100000.apk has no usable artifacts
09-13 05:00:07.879 I/artd    ( 3771): GetBestInfo: /data/user_de/0/com.google.android.gms/app_chimera/m/00000009/dl-TfliteDynamiteDynamite.integ_262730502100400.apk has no usable artifacts
09-13 05:00:07.879 I/artd    ( 3771): GetBestInfo: /data/user_de/0/com.google.android.gms/app_chimera/m/0000000f/dl-PlayCloudSearch.optional_261136100000.apk has no usable artifacts
09-13 05:00:07.880 I/artd    ( 3771): GetBestInfo: /data/user_de/0/com.google.android.gms/app_chimera/m/0000000b/dl-MlkitOcrCommon.optional_261136100400.apk has no usable artifacts
09-13 05:00:07.880 I/artd    ( 3771): GetBestInfo: /data/user_de/0/com.google.android.gms/app_chimera/m/00000018/dl-MapsCoreDynamite.integ_260830204100400.apk has no usable artifacts
09-13 05:00:07.880 I/artd    ( 3771): GetBestInfo: /data/user_de/0/com.google.android.gms/app_chimera/m/00000015/dl-PlayCloudSearch.optional_263234100000.apk has no usable artifacts
09-13 05:00:07.881 I/artd    ( 3771): GetBestInfo: /data/user_de/0/com.google.android.gms/app_chimera/m/00000016/dl-VisionOcr.optional_263234100000.apk has no usable artifacts
09-13 05:00:07.881 I/artd    ( 3771): GetBestInfo: /data/user_de/0/com.google.android.gms/app_chimera/m/00000012/dl-MlkitOcrCommon.optional_263234100400.apk has no usable artifacts
09-13 05:00:07.882 I/artd    ( 3771): GetBestInfo: /data/user_de/0/com.google.android.gms/app_chimera/m/0000000d/dl-IdentityCredentialsPlatform.optional_261136100400.apk has no usable artifacts
09-13 05:00:07.882 I/artd    ( 3771): GetBestInfo: /data/user_de/0/com.google.android.gms/app_chimera/m/00000013/dl-Appsearch.optional_263234100400.apk has no usable artifacts
09-13 05:00:07.883 I/artd    ( 3771): GetBestInfo: vdex next to the dex file (/data/user/0/com.google.android.gms/app_dg_cache/6EF5C2E3C39D601B699E493E3C02879B45CBDB40/oat/arm64/the.vdex) is kOatUpToDate with filter 'verify' executable 'false'
09-13 05:00:07.883 I/artd    ( 3771): GetBestInfo: /data/user_de/0/com.google.android.gms/app_chimera/m/00000007/MeasurementDynamite.apk has no usable artifacts
09-13 05:00:07.884 I/artd    ( 3771): GetBestInfo: /data/user_de/0/com.google.android.gms/app_chimera/m/00000017/dl-IdentityCredentialsPlatform.optional_263234100400.apk has no usable artifacts
09-13 05:00:07.885 I/artd    ( 3771): GetBestInfo: /data/user_de/0/com.google.android.gms/app_chimera/m/0000000a/dl-MlkitBarcodeUi.optional_261136100400.apk has no usable artifacts
09-13 05:00:07.891 D/ActivityManager(  647): freezing 1572 com.google.android.apps.wellbeing
09-13 05:00:07.892 D/InetDiagMessage(  647): Destroyed 0 sockets, proto=IPPROTO_TCP, family=AF_INET, states=14
09-13 05:00:07.892 D/InetDiagMessage(  647): Destroyed 0 sockets, proto=IPPROTO_TCP, family=AF_INET6, states=14
09-13 05:00:07.892 D/InetDiagMessage(  647): Destroyed live tcp sockets for uids={10159} in 1ms
09-13 05:00:08.714 I/HalDevMgr(  647): bestIfaceCreationProposal is null, requestIface=STA, existingIface=[name=wlan0 type=STA]
09-13 05:00:11.718 I/HalDevMgr(  647): bestIfaceCreationProposal is null, requestIface=STA, existingIface=[name=wlan0 type=STA]
09-13 05:00:11.854 I/wpa_supplicant(25902): wlan0: CTRL-EVENT-BEACON-LOSS 
09-13 05:00:12.579 D/InetDiagMessage(  647): Destroyed 0 sockets, proto=IPPROTO_TCP, family=AF_INET, states=14
09-13 05:00:12.580 D/InetDiagMessage(  647): Destroyed 0 sockets, proto=IPPROTO_TCP, family=AF_INET6, states=14
09-13 05:00:12.580 D/InetDiagMessage(  647): Destroyed live tcp sockets for uids={10219} in 3ms
09-13 05:00:12.580 D/InetDiagMessage(  647): Destroyed 0 sockets, proto=IPPROTO_TCP, family=AF_INET, states=14
09-13 05:00:12.580 D/InetDiagMessage(  647): Destroyed 0 sockets, proto=IPPROTO_TCP, family=AF_INET6, states=14
09-13 05:00:12.580 D/InetDiagMessage(  647): Destroyed live tcp sockets for uids={20219} in 0ms
09-13 05:00:13.250 D/SatelliteController( 1026): isInCarrierRoamingNbIotNtn: satellite is disabled
09-13 05:00:13.250 D/SatelliteController( 1026): getCarrierRoamingNtnConnectType: Checking connect type from PLMN config for subId: 1
09-13 05:00:13.250 D/TelephonyConfigUpdateInstallReceiver( 1026): getConfigParser: domain=satellite
09-13 05:00:13.250 V/SatelliteController( 1026): satelliteConfigParser is not ready
09-13 05:00:13.250 D/SatelliteController( 1026): isSatelliteAttachSupportedViaConfigupdater: return null (satelliteConfig is null)
09-13 05:00:13.250 D/SatelliteController( 1026): getSatellitePerPlmnConfiguration: invalid subId or not supported via carrier.
09-13 05:00:13.250 D/SatelliteController( 1026): getCarrierRoamingNtnConnectType: config: null
09-13 05:00:13.251 D/TelephonyConfigUpdateInstallReceiver( 1026): getConfigParser: domain=satellite
09-13 05:00:13.251 V/SatelliteController( 1026): satelliteConfigParser is not ready
09-13 05:00:13.251 D/SatelliteController( 1026): getCarrierRoamingNtnConnectTypeViaConfigUpdater: return null (satelliteConfig is null)
09-13 05:00:13.251 D/SatelliteController( 1026): getCarrierRoamingNtnConnectType: Falling back to global carrier config connect type: 0
09-13 05:00:13.251 D/TelephonyConfigUpdateInstallReceiver( 1026): getConfigParser: domain=satellite
09-13 05:00:13.251 V/SatelliteController( 1026): satelliteConfigParser is not ready
09-13 05:00:13.251 D/SatelliteController( 1026): isSatelliteAttachSupportedViaConfigupdater: return null (satelliteConfig is null)
09-13 05:00:13.251 D/SatelliteController( 1026): getCarrierRoamingNtnConnectType: Checking connect type from PLMN config for subId: 1
09-13 05:00:13.251 D/TelephonyConfigUpdateInstallReceiver( 1026): getConfigParser: domain=satellite
09-13 05:00:13.251 V/SatelliteController( 1026): satelliteConfigParser is not ready
09-13 05:00:13.251 D/SatelliteController( 1026): isSatelliteAttachSupportedViaConfigupdater: return null (satelliteConfig is null)
09-13 05:00:13.251 D/SatelliteController( 1026): getSatellitePerPlmnConfiguration: invalid subId or not supported via carrier.
09-13 05:00:13.251 D/SatelliteController( 1026): getCarrierRoamingNtnConnectType: config: null
09-13 05:00:13.252 D/TelephonyConfigUpdateInstallReceiver( 1026): getConfigParser: domain=satellite
09-13 05:00:13.252 V/SatelliteController( 1026): satelliteConfigParser is not ready
09-13 05:00:13.252 D/SatelliteController( 1026): getCarrierRoamingNtnConnectTypeViaConfigUpdater: return null (satelliteConfig is null)
09-13 05:00:13.252 D/SatelliteController( 1026): getCarrierRoamingNtnConnectType: Falling back to global carrier config connect type: 0
09-13 05:00:13.252 D/TelephonyConfigUpdateInstallReceiver( 1026): getConfigParser: domain=satellite
09-13 05:00:13.252 V/SatelliteController( 1026): satelliteConfigParser is not ready
09-13 05:00:13.252 D/SatelliteController( 1026): isSatelliteAttachSupportedViaConfigupdater: return null (satelliteConfig is null)
09-13 05:00:14.726 I/HalDevMgr(  647): bestIfaceCreationProposal is null, requestIface=STA, existingIface=[name=wlan0 type=STA]
09-13 05:00:17.582 I/GmscoreIpa(28160): Starting mediastore instant index [CONTEXT service_id=255 ]
09-13 05:00:17.731 I/HalDevMgr(  647): bestIfaceCreationProposal is null, requestIface=STA, existingIface=[name=wlan0 type=STA]
09-13 05:00:17.828 I/adbd    (  487): adbd service requested 'shell,v2,TERM=xterm-256color,raw:dumpsys package com.google.android.gms'
09-13 05:00:17.867 I/artd    ( 3771): GetBestInfo: odex next to the dex file (/data/app/~~lv0q5pv-ROGo4oWbcO66Yg==/com.google.android.gms-c0up8V4kI87sxgeZJUDS8Q==/oat/arm64/base.odex) is kOatUpToDate with filter 'speed-profile' executable 'false'
09-13 05:00:17.868 I/artd    ( 3771): GetBestInfo: dm (/data/app/~~lv0q5pv-ROGo4oWbcO66Yg==/com.google.android.gms-c0up8V4kI87sxgeZJUDS8Q==/split_AdsDynamite_installtime.dm) is kOatUpToDate with filter 'verify' executable 'false'
09-13 05:00:17.869 I/artd    ( 3771): GetBestInfo: odex next to the dex file (/data/app/~~lv0q5pv-ROGo4oWbcO66Yg==/com.google.android.gms-c0up8V4kI87sxgeZJUDS8Q==/oat/arm64/split_CronetDynamite_installtime.odex) is kOatUpToDate with filter 'speed-profile' executable 'false'
09-13 05:00:17.870 I/artd    ( 3771): GetBestInfo: dm (/data/app/~~lv0q5pv-ROGo4oWbcO66Yg==/com.google.android.gms-c0up8V4kI87sxgeZJUDS8Q==/split_DynamiteLoader_installtime.dm) is kOatUpToDate with filter 'verify' executable 'false'
09-13 05:00:17.871 I/artd    ( 3771): GetBestInfo: dm (/data/app/~~lv0q5pv-ROGo4oWbcO66Yg==/com.google.android.gms-c0up8V4kI87sxgeZJUDS8Q==/split_DynamiteModulesA_installtime.dm) is kOatUpToDate with filter 'verify' executable 'false'
09-13 05:00:17.872 I/artd    ( 3771): GetBestInfo: dm (/data/app/~~lv0q5pv-ROGo4oWbcO66Yg==/com.google.android.gms-c0up8V4kI87sxgeZJUDS8Q==/split_DynamiteModulesC_installtime.dm) is kOatUpToDate with filter 'verify' executable 'false'
09-13 05:00:17.872 I/artd    ( 3771): GetBestInfo: dm (/data/app/~~lv0q5pv-ROGo4oWbcO66Yg==/com.google.android.gms-c0up8V4kI87sxgeZJUDS8Q==/split_GoogleCertificates_installtime.dm) is kOatUpToDate with filter 'verify' executable 'false'
09-13 05:00:17.873 I/artd    ( 3771): GetBestInfo: dm (/data/app/~~lv0q5pv-ROGo4oWbcO66Yg==/com.google.android.gms-c0up8V4kI87sxgeZJUDS8Q==/split_MapsDynamite_installtime.dm) is kOatUpToDate with filter 'verify' executable 'false'
09-13 05:00:17.874 I/artd    ( 3771): GetBestInfo: dm (/data/app/~~lv0q5pv-ROGo4oWbcO66Yg==/com.google.android.gms-c0up8V4kI87sxgeZJUDS8Q==/split_MeasurementDynamite_installtime.dm) is kOatUpToDate with filter 'verify' executable 'false'
09-13 05:00:17.874 I/artd    ( 3771): GetBestInfo: /data/user_de/0/com.google.android.gms/app_chimera/m/00000001/CronetDynamite.apk has no usable artifacts
09-13 05:00:17.874 I/artd    ( 3771): GetBestInfo: /data/user_de/0/com.google.android.gms/app_chimera/m/00000002/DynamiteLoader.apk has no usable artifacts
09-13 05:00:17.874 I/artd    ( 3771): GetBestInfo: /data/user_de/0/com.google.android.gms/app_chimera/m/00000006/MapsDynamite.apk has no usable artifacts
09-13 05:00:17.875 I/artd    ( 3771): GetBestInfo: vdex next to the dex file (/data/user/0/com.google.android.gms/app_dg_cache/AEB5BC832EBF3852F39BA4BE495DD40566104436/oat/arm64/the.vdex) is kOatUpToDate with filter 'verify' executable 'false'
09-13 05:00:17.875 I/artd    ( 3771): GetBestInfo: /data/user_de/0/com.google.android.gms/app_chimera/m/00000005/GoogleCertificates.apk has no usable artifacts
09-13 05:00:17.875 I/artd    ( 3771): GetBestInfo: /data/user_de/0/com.google.android.gms/app_chimera/m/00000014/dl-TfliteDynamiteDynamite.integ_260580502100400.apk has no usable artifacts
09-13 05:00:17.876 I/artd    ( 3771): GetBestInfo: /data/user_de/0/com.google.android.gms/app_chimera/m/00000011/dl-MlkitBarcodeUi.optional_263234100400.apk has no usable artifacts
09-13 05:00:17.877 I/artd    ( 3771): GetBestInfo: /data/user_de/0/com.google.android.gms/app_chimera/m/0000000c/dl-VisionOcr.optional_261136100000.apk has no usable artifacts
09-13 05:00:17.878 I/artd    ( 3771): GetBestInfo: /data/user_de/0/com.google.android.gms/app_chimera/m/00000009/dl-TfliteDynamiteDynamite.integ_262730502100400.apk has no usable artifacts
09-13 05:00:17.878 I/artd    ( 3771): GetBestInfo: /data/user_de/0/com.google.android.gms/app_chimera/m/0000000f/dl-PlayCloudSearch.optional_261136100000.apk has no usable artifacts
09-13 05:00:17.878 I/artd    ( 3771): GetBestInfo: /data/user_de/0/com.google.android.gms/app_chimera/m/0000000b/dl-MlkitOcrCommon.optional_261136100400.apk has no usable artifacts
09-13 05:00:17.878 I/artd    ( 3771): GetBestInfo: /data/user_de/0/com.google.android.gms/app_chimera/m/00000018/dl-MapsCoreDynamite.integ_260830204100400.apk has no usable artifacts
09-13 05:00:17.879 I/artd    ( 3771): GetBestInfo: /data/user_de/0/com.google.android.gms/app_chimera/m/00000015/dl-PlayCloudSearch.optional_263234100000.apk has no usable artifacts
09-13 05:00:17.880 I/artd    ( 3771): GetBestInfo: /data/user_de/0/com.google.android.gms/app_chimera/m/00000016/dl-VisionOcr.optional_263234100000.apk has no usable artifacts
09-13 05:00:17.881 I/artd    ( 3771): GetBestInfo: /data/user_de/0/com.google.android.gms/app_chimera/m/00000012/dl-MlkitOcrCommon.optional_263234100400.apk has no usable artifacts
09-13 05:00:17.881 I/artd    ( 3771): GetBestInfo: /data/user_de/0/com.google.android.gms/app_chimera/m/0000000d/dl-IdentityCredentialsPlatform.optional_261136100400.apk has no usable artifacts
09-13 05:00:17.882 I/artd    ( 3771): GetBestInfo: /data/user_de/0/com.google.android.gms/app_chimera/m/00000013/dl-Appsearch.optional_263234100400.apk has no usable artifacts
09-13 05:00:17.883 I/artd    ( 3771): GetBestInfo: vdex next to the dex file (/data/user/0/com.google.android.gms/app_dg_cache/6EF5C2E3C39D601B699E493E3C02879B45CBDB40/oat/arm64/the.vdex) is kOatUpToDate with filter 'verify' executable 'false'
09-13 05:00:17.883 I/artd    ( 3771): GetBestInfo: /data/user_de/0/com.google.android.gms/app_chimera/m/00000007/MeasurementDynamite.apk has no usable artifacts
09-13 05:00:17.884 I/artd    ( 3771): GetBestInfo: /data/user_de/0/com.google.android.gms/app_chimera/m/00000017/dl-IdentityCredentialsPlatform.optional_263234100400.apk has no usable artifacts
09-13 05:00:17.885 I/artd    ( 3771): GetBestInfo: /data/user_de/0/com.google.android.gms/app_chimera/m/0000000a/dl-MlkitBarcodeUi.optional_261136100400.apk has no usable artifacts
09-13 05:00:19.791 I/wpa_supplicant(25902): wlan0: CTRL-EVENT-BEACON-LOSS 
09-13 05:00:20.022 D/ActivityManager(  647): freezing 1108 com.android.settings
09-13 05:00:20.022 D/ActivityManager(  647): freezing 4026 com.android.keychain
09-13 05:00:20.022 D/ActivityManager(  647): freezing 2816 com.android.localtransport
09-13 05:00:20.023 D/ActivityManager(  647): freezing 2443 com.android.dynsystem:dynsystem
09-13 05:00:20.023 D/ActivityManager(  647): freezing 2396 com.android.dynsystem
09-13 05:00:20.735 I/HalDevMgr(  647): bestIfaceCreationProposal is null, requestIface=STA, existingIface=[name=wlan0 type=STA]
09-13 05:00:23.258 D/SatelliteController( 1026): isInCarrierRoamingNbIotNtn: satellite is disabled
09-13 05:00:23.258 D/SatelliteController( 1026): getCarrierRoamingNtnConnectType: Checking connect type from PLMN config for subId: 1
09-13 05:00:23.258 D/TelephonyConfigUpdateInstallReceiver( 1026): getConfigParser: domain=satellite
09-13 05:00:23.258 V/SatelliteController( 1026): satelliteConfigParser is not ready
09-13 05:00:23.258 D/SatelliteController( 1026): isSatelliteAttachSupportedViaConfigupdater: return null (satelliteConfig is null)
09-13 05:00:23.258 D/SatelliteController( 1026): getSatellitePerPlmnConfiguration: invalid subId or not supported via carrier.
09-13 05:00:23.258 D/SatelliteController( 1026): getCarrierRoamingNtnConnectType: config: null
09-13 05:00:23.258 D/TelephonyConfigUpdateInstallReceiver( 1026): getConfigParser: domain=satellite
09-13 05:00:23.258 V/SatelliteController( 1026): satelliteConfigParser is not ready
09-13 05:00:23.258 D/SatelliteController( 1026): getCarrierRoamingNtnConnectTypeViaConfigUpdater: return null (satelliteConfig is null)
09-13 05:00:23.258 D/SatelliteController( 1026): getCarrierRoamingNtnConnectType: Falling back to global carrier config connect type: 0
09-13 05:00:23.258 D/TelephonyConfigUpdateInstallReceiver( 1026): getConfigParser: domain=satellite
09-13 05:00:23.258 V/SatelliteController( 1026): satelliteConfigParser is not ready
09-13 05:00:23.258 D/SatelliteController( 1026): isSatelliteAttachSupportedViaConfigupdater: return null (satelliteConfig is null)
09-13 05:00:23.258 D/SatelliteController( 1026): getCarrierRoamingNtnConnectType: Checking connect type from PLMN config for subId: 1
09-13 05:00:23.258 D/TelephonyConfigUpdateInstallReceiver( 1026): getConfigParser: domain=satellite
09-13 05:00:23.258 V/SatelliteController( 1026): satelliteConfigParser is not ready
09-13 05:00:23.258 D/SatelliteController( 1026): isSatelliteAttachSupportedViaConfigupdater: return null (satelliteConfig is null)
09-13 05:00:23.259 D/SatelliteController( 1026): getSatellitePerPlmnConfiguration: invalid subId or not supported via carrier.
09-13 05:00:23.259 D/SatelliteController( 1026): getCarrierRoamingNtnConnectType: config: null
09-13 05:00:23.259 D/TelephonyConfigUpdateInstallReceiver( 1026): getConfigParser: domain=satellite
09-13 05:00:23.259 V/SatelliteController( 1026): satelliteConfigParser is not ready
09-13 05:00:23.259 D/SatelliteController( 1026): getCarrierRoamingNtnConnectTypeViaConfigUpdater: return null (satelliteConfig is null)
09-13 05:00:23.259 D/SatelliteController( 1026): getCarrierRoamingNtnConnectType: Falling back to global carrier config connect type: 0
09-13 05:00:23.259 D/TelephonyConfigUpdateInstallReceiver( 1026): getConfigParser: domain=satellite
09-13 05:00:23.259 V/SatelliteController( 1026): satelliteConfigParser is not ready
09-13 05:00:23.259 D/SatelliteController( 1026): isSatelliteAttachSupportedViaConfigupdater: return null (satelliteConfig is null)
09-13 05:00:23.745 I/HalDevMgr(  647): bestIfaceCreationProposal is null, requestIface=STA, existingIface=[name=wlan0 type=STA]
09-13 05:00:25.042 W/AppOps  (  647): Noting op not finished: uid 10221 pkg com.google.android.gms code 113 startTime of in progress event=1789233915985
09-13 05:00:25.047 W/AppOps  (  647): Noting op not finished: uid 10221 pkg com.google.android.gms code 79 startTime of in progress event=1789233919738
09-13 05:00:25.051 I/ActivityScheduler( 1226): nextTriggerTime: 27556222, in 238100ms, detectorType: 39, FULL_TYPE alarmWindowMillis: 80000
09-13 05:00:26.053 W/AppOps  (  647): Noting op not finished: uid 10221 pkg com.google.android.gms code 113 startTime of in progress event=1789233915985
09-13 05:00:26.759 I/HalDevMgr(  647): bestIfaceCreationProposal is null, requestIface=STA, existingIface=[name=wlan0 type=STA]
09-13 05:00:27.727 I/wpa_supplicant(25902): wlan0: CTRL-EVENT-BEACON-LOSS 
09-13 05:00:27.825 I/adbd    (  487): adbd service requested 'shell,v2,TERM=xterm-256color,raw:dumpsys package com.google.android.gms'
09-13 05:00:27.857 I/artd    ( 3771): GetBestInfo: odex next to the dex file (/data/app/~~lv0q5pv-ROGo4oWbcO66Yg==/com.google.android.gms-c0up8V4kI87sxgeZJUDS8Q==/oat/arm64/base.odex) is kOatUpToDate with filter 'speed-profile' executable 'false'
09-13 05:00:27.858 I/artd    ( 3771): GetBestInfo: dm (/data/app/~~lv0q5pv-ROGo4oWbcO66Yg==/com.google.android.gms-c0up8V4kI87sxgeZJUDS8Q==/split_AdsDynamite_installtime.dm) is kOatUpToDate with filter 'verify' executable 'false'
09-13 05:00:27.859 I/artd    ( 3771): GetBestInfo: odex next to the dex file (/data/app/~~lv0q5pv-ROGo4oWbcO66Yg==/com.google.android.gms-c0up8V4kI87sxgeZJUDS8Q==/oat/arm64/split_CronetDynamite_installtime.odex) is kOatUpToDate with filter 'speed-profile' executable 'false'
09-13 05:00:27.859 I/artd    ( 3771): GetBestInfo: dm (/data/app/~~lv0q5pv-ROGo4oWbcO66Yg==/com.google.android.gms-c0up8V4kI87sxgeZJUDS8Q==/split_DynamiteLoader_installtime.dm) is kOatUpToDate with filter 'verify' executable 'false'
09-13 05:00:27.861 I/artd    ( 3771): GetBestInfo: dm (/data/app/~~lv0q5pv-ROGo4oWbcO66Yg==/com.google.android.gms-c0up8V4kI87sxgeZJUDS8Q==/split_DynamiteModulesA_installtime.dm) is kOatUpToDate with filter 'verify' executable 'false'
09-13 05:00:27.862 I/artd    ( 3771): GetBestInfo: dm (/data/app/~~lv0q5pv-ROGo4oWbcO66Yg==/com.google.android.gms-c0up8V4kI87sxgeZJUDS8Q==/split_DynamiteModulesC_installtime.dm) is kOatUpToDate with filter 'verify' executable 'false'
09-13 05:00:27.862 I/artd    ( 3771): GetBestInfo: dm (/data/app/~~lv0q5pv-ROGo4oWbcO66Yg==/com.google.android.gms-c0up8V4kI87sxgeZJUDS8Q==/split_GoogleCertificates_installtime.dm) is kOatUpToDate with filter 'verify' executable 'false'
09-13 05:00:27.863 I/artd    ( 3771): GetBestInfo: dm (/data/app/~~lv0q5pv-ROGo4oWbcO66Yg==/com.google.android.gms-c0up8V4kI87sxgeZJUDS8Q==/split_MapsDynamite_installtime.dm) is kOatUpToDate with filter 'verify' executable 'false'
09-13 05:00:27.864 I/artd    ( 3771): GetBestInfo: dm (/data/app/~~lv0q5pv-ROGo4oWbcO66Yg==/com.google.android.gms-c0up8V4kI87sxgeZJUDS8Q==/split_MeasurementDynamite_installtime.dm) is kOatUpToDate with filter 'verify' executable 'false'
09-13 05:00:27.864 I/artd    ( 3771): GetBestInfo: /data/user_de/0/com.google.android.gms/app_chimera/m/00000001/CronetDynamite.apk has no usable artifacts
09-13 05:00:27.865 I/artd    ( 3771): GetBestInfo: /data/user_de/0/com.google.android.gms/app_chimera/m/00000002/DynamiteLoader.apk has no usable artifacts
09-13 05:00:27.865 I/artd    ( 3771): GetBestInfo: /data/user_de/0/com.google.android.gms/app_chimera/m/00000006/MapsDynamite.apk has no usable artifacts
09-13 05:00:27.866 I/artd    ( 3771): GetBestInfo: vdex next to the dex file (/data/user/0/com.google.android.gms/app_dg_cache/AEB5BC832EBF3852F39BA4BE495DD40566104436/oat/arm64/the.vdex) is kOatUpToDate with filter 'verify' executable 'false'
09-13 05:00:27.867 I/artd    ( 3771): GetBestInfo: /data/user_de/0/com.google.android.gms/app_chimera/m/00000005/GoogleCertificates.apk has no usable artifacts
09-13 05:00:27.868 I/artd    ( 3771): GetBestInfo: /data/user_de/0/com.google.android.gms/app_chimera/m/00000014/dl-TfliteDynamiteDynamite.integ_260580502100400.apk has no usable artifacts
09-13 05:00:27.868 I/artd    ( 3771): GetBestInfo: /data/user_de/0/com.google.android.gms/app_chimera/m/00000011/dl-MlkitBarcodeUi.optional_263234100400.apk has no usable artifacts
09-13 05:00:27.869 I/artd    ( 3771): GetBestInfo: /data/user_de/0/com.google.android.gms/app_chimera/m/0000000c/dl-VisionOcr.optional_261136100000.apk has no usable artifacts
09-13 05:00:27.870 I/artd    ( 3771): GetBestInfo: /data/user_de/0/com.google.android.gms/app_chimera/m/00000009/dl-TfliteDynamiteDynamite.integ_262730502100400.apk has no usable artifacts
09-13 05:00:27.871 I/artd    ( 3771): GetBestInfo: /data/user_de/0/com.google.android.gms/app_chimera/m/0000000f/dl-PlayCloudSearch.optional_261136100000.apk has no usable artifacts
09-13 05:00:27.871 I/artd    ( 3771): GetBestInfo: /data/user_de/0/com.google.android.gms/app_chimera/m/0000000b/dl-MlkitOcrCommon.optional_261136100400.apk has no usable artifacts
09-13 05:00:27.872 I/artd    ( 3771): GetBestInfo: /data/user_de/0/com.google.android.gms/app_chimera/m/00000018/dl-MapsCoreDynamite.integ_260830204100400.apk has no usable artifacts
09-13 05:00:27.872 I/artd    ( 3771): GetBestInfo: /data/user_de/0/com.google.android.gms/app_chimera/m/00000015/dl-PlayCloudSearch.optional_263234100000.apk has no usable artifacts
09-13 05:00:27.874 I/artd    ( 3771): GetBestInfo: /data/user_de/0/com.google.android.gms/app_chimera/m/00000016/dl-VisionOcr.optional_263234100000.apk has no usable artifacts
09-13 05:00:27.875 I/artd    ( 3771): GetBestInfo: /data/user_de/0/com.google.android.gms/app_chimera/m/00000012/dl-MlkitOcrCommon.optional_263234100400.apk has no usable artifacts
09-13 05:00:27.875 I/artd    ( 3771): GetBestInfo: /data/user_de/0/com.google.android.gms/app_chimera/m/0000000d/dl-IdentityCredentialsPlatform.optional_261136100400.apk has no usable artifacts
09-13 05:00:27.876 I/artd    ( 3771): GetBestInfo: /data/user_de/0/com.google.android.gms/app_chimera/m/00000013/dl-Appsearch.optional_263234100400.apk has no usable artifacts
09-13 05:00:27.878 I/artd    ( 3771): GetBestInfo: vdex next to the dex file (/data/user/0/com.google.android.gms/app_dg_cache/6EF5C2E3C39D601B699E493E3C02879B45CBDB40/oat/arm64/the.vdex) is kOatUpToDate with filter 'verify' executable 'false'
09-13 05:00:27.878 I/artd    ( 3771): GetBestInfo: /data/user_de/0/com.google.android.gms/app_chimera/m/00000007/MeasurementDynamite.apk has no usable artifacts
09-13 05:00:27.879 I/artd    ( 3771): GetBestInfo: /data/user_de/0/com.google.android.gms/app_chimera/m/00000017/dl-IdentityCredentialsPlatform.optional_263234100400.apk has no usable artifacts
09-13 05:00:27.880 I/artd    ( 3771): GetBestInfo: /data/user_de/0/com.google.android.gms/app_chimera/m/0000000a/dl-MlkitBarcodeUi.optional_261136100400.apk has no usable artifacts
09-13 05:00:29.600 D/InetDiagMessage(  647): Destroyed 0 sockets, proto=IPPROTO_TCP, family=AF_INET, states=14
09-13 05:00:29.600 D/InetDiagMessage(  647): Destroyed 0 sockets, proto=IPPROTO_TCP, family=AF_INET6, states=14
09-13 05:00:29.600 D/InetDiagMessage(  647): Destroyed live tcp sockets for uids={10219} in 0ms
09-13 05:00:29.600 D/InetDiagMessage(  647): Destroyed 0 sockets, proto=IPPROTO_TCP, family=AF_INET, states=14
09-13 05:00:29.600 D/InetDiagMessage(  647): Destroyed 0 sockets, proto=IPPROTO_TCP, family=AF_INET6, states=14
09-13 05:00:29.600 D/InetDiagMessage(  647): Destroyed live tcp sockets for uids={20219} in 0ms
09-13 05:00:29.773 I/HalDevMgr(  647): bestIfaceCreationProposal is null, requestIface=STA, existingIface=[name=wlan0 type=STA]
09-13 05:00:31.596 I/AppSearchIcing(  647): icing-search-engine.cc:2487: Persisting data to disk with mode 3
09-13 05:00:31.600 I/AppSearchIcing(  647): icing-search-engine.cc:2502: PersistToDisk completed.
09-13 05:00:31.631 D/BoundBrokerSvc(28160): onUnbind: Intent { act=com.google.android.gms.common.BIND_SHARED_PREFS xflg=0x4 pkg=com.google.android.gms }
09-13 05:00:32.777 I/HalDevMgr(  647): bestIfaceCreationProposal is null, requestIface=STA, existingIface=[name=wlan0 type=STA]
09-13 05:00:33.268 D/SatelliteController( 1026): isInCarrierRoamingNbIotNtn: satellite is disabled
09-13 05:00:33.268 D/SatelliteController( 1026): getCarrierRoamingNtnConnectType: Checking connect type from PLMN config for subId: 1
09-13 05:00:33.268 D/TelephonyConfigUpdateInstallReceiver( 1026): getConfigParser: domain=satellite
09-13 05:00:33.268 V/SatelliteController( 1026): satelliteConfigParser is not ready
09-13 05:00:33.268 D/SatelliteController( 1026): isSatelliteAttachSupportedViaConfigupdater: return null (satelliteConfig is null)
09-13 05:00:33.268 D/SatelliteController( 1026): getSatellitePerPlmnConfiguration: invalid subId or not supported via carrier.
09-13 05:00:33.268 D/SatelliteController( 1026): getCarrierRoamingNtnConnectType: config: null
09-13 05:00:33.268 D/TelephonyConfigUpdateInstallReceiver( 1026): getConfigParser: domain=satellite
09-13 05:00:33.268 V/SatelliteController( 1026): satelliteConfigParser is not ready
09-13 05:00:33.268 D/SatelliteController( 1026): getCarrierRoamingNtnConnectTypeViaConfigUpdater: return null (satelliteConfig is null)
09-13 05:00:33.268 D/SatelliteController( 1026): getCarrierRoamingNtnConnectType: Falling back to global carrier config connect type: 0
09-13 05:00:33.268 D/TelephonyConfigUpdateInstallReceiver( 1026): getConfigParser: domain=satellite
09-13 05:00:33.268 V/SatelliteController( 1026): satelliteConfigParser is not ready
09-13 05:00:33.268 D/SatelliteController( 1026): isSatelliteAttachSupportedViaConfigupdater: return null (satelliteConfig is null)
09-13 05:00:33.268 D/SatelliteController( 1026): getCarrierRoamingNtnConnectType: Checking connect type from PLMN config for subId: 1
09-13 05:00:33.268 D/TelephonyConfigUpdateInstallReceiver( 1026): getConfigParser: domain=satellite
09-13 05:00:33.268 V/SatelliteController( 1026): satelliteConfigParser is not ready
09-13 05:00:33.268 D/SatelliteController( 1026): isSatelliteAttachSupportedViaConfigupdater: return null (satelliteConfig is null)
09-13 05:00:33.268 D/SatelliteController( 1026): getSatellitePerPlmnConfiguration: invalid subId or not supported via carrier.
09-13 05:00:33.268 D/SatelliteController( 1026): getCarrierRoamingNtnConnectType: config: null
09-13 05:00:33.268 D/TelephonyConfigUpdateInstallReceiver( 1026): getConfigParser: domain=satellite
09-13 05:00:33.268 V/SatelliteController( 1026): satelliteConfigParser is not ready
09-13 05:00:33.268 D/SatelliteController( 1026): getCarrierRoamingNtnConnectTypeViaConfigUpdater: return null (satelliteConfig is null)
09-13 05:00:33.268 D/SatelliteController( 1026): getCarrierRoamingNtnConnectType: Falling back to global carrier config connect type: 0
09-13 05:00:33.268 D/TelephonyConfigUpdateInstallReceiver( 1026): getConfigParser: domain=satellite
09-13 05:00:33.268 V/SatelliteController( 1026): satelliteConfigParser is not ready
09-13 05:00:33.268 D/SatelliteController( 1026): isSatelliteAttachSupportedViaConfigupdater: return null (satelliteConfig is null)
09-13 05:00:33.324 W/skia    (  481): AGTM parsing failed flags.readFromStream(s) at 159
09-13 05:00:33.324 W/skia    (  481): AGTM parsing failed flags.readFromStream(s) at 159
09-13 05:00:35.785 I/HalDevMgr(  647): bestIfaceCreationProposal is null, requestIface=STA, existingIface=[name=wlan0 type=STA]
09-13 05:00:35.918 I/wpa_supplicant(25902): wlan0: CTRL-EVENT-BEACON-LOSS 
09-13 05:00:36.635 D/InetDiagMessage(  647): Destroyed 0 sockets, proto=IPPROTO_TCP, family=AF_INET, states=14
09-13 05:00:36.636 D/InetDiagMessage(  647): Destroyed 0 sockets, proto=IPPROTO_TCP, family=AF_INET6, states=14
09-13 05:00:36.636 D/InetDiagMessage(  647): Destroyed live tcp sockets for uids={10219} in 1ms
09-13 05:00:36.636 D/InetDiagMessage(  647): Destroyed 0 sockets, proto=IPPROTO_TCP, family=AF_INET, states=14
09-13 05:00:36.636 D/InetDiagMessage(  647): Destroyed 0 sockets, proto=IPPROTO_TCP, family=AF_INET6, states=14
09-13 05:00:36.636 D/InetDiagMessage(  647): Destroyed live tcp sockets for uids={20219} in 0ms
09-13 05:00:37.830 I/adbd    (  487): adbd service requested 'shell,v2,TERM=xterm-256color,raw:dumpsys package com.google.android.gms'
09-13 05:00:37.863 I/artd    ( 3771): GetBestInfo: odex next to the dex file (/data/app/~~lv0q5pv-ROGo4oWbcO66Yg==/com.google.android.gms-c0up8V4kI87sxgeZJUDS8Q==/oat/arm64/base.odex) is kOatUpToDate with filter 'speed-profile' executable 'false'
09-13 05:00:37.863 I/artd    ( 3771): GetBestInfo: dm (/data/app/~~lv0q5pv-ROGo4oWbcO66Yg==/com.google.android.gms-c0up8V4kI87sxgeZJUDS8Q==/split_AdsDynamite_installtime.dm) is kOatUpToDate with filter 'verify' executable 'false'
09-13 05:00:37.864 I/artd    ( 3771): GetBestInfo: odex next to the dex file (/data/app/~~lv0q5pv-ROGo4oWbcO66Yg==/com.google.android.gms-c0up8V4kI87sxgeZJUDS8Q==/oat/arm64/split_CronetDynamite_installtime.odex) is kOatUpToDate with filter 'speed-profile' executable 'false'
09-13 05:00:37.864 I/artd    ( 3771): GetBestInfo: dm (/data/app/~~lv0q5pv-ROGo4oWbcO66Yg==/com.google.android.gms-c0up8V4kI87sxgeZJUDS8Q==/split_DynamiteLoader_installtime.dm) is kOatUpToDate with filter 'verify' executable 'false'
09-13 05:00:37.865 I/artd    ( 3771): GetBestInfo: dm (/data/app/~~lv0q5pv-ROGo4oWbcO66Yg==/com.google.android.gms-c0up8V4kI87sxgeZJUDS8Q==/split_DynamiteModulesA_installtime.dm) is kOatUpToDate with filter 'verify' executable 'false'
09-13 05:00:37.865 I/artd    ( 3771): GetBestInfo: dm (/data/app/~~lv0q5pv-ROGo4oWbcO66Yg==/com.google.android.gms-c0up8V4kI87sxgeZJUDS8Q==/split_DynamiteModulesC_installtime.dm) is kOatUpToDate with filter 'verify' executable 'false'
09-13 05:00:37.866 I/artd    ( 3771): GetBestInfo: dm (/data/app/~~lv0q5pv-ROGo4oWbcO66Yg==/com.google.android.gms-c0up8V4kI87sxgeZJUDS8Q==/split_GoogleCertificates_installtime.dm) is kOatUpToDate with filter 'verify' executable 'false'
09-13 05:00:37.866 I/artd    ( 3771): GetBestInfo: dm (/data/app/~~lv0q5pv-ROGo4oWbcO66Yg==/com.google.android.gms-c0up8V4kI87sxgeZJUDS8Q==/split_MapsDynamite_installtime.dm) is kOatUpToDate with filter 'verify' executable 'false'
09-13 05:00:37.867 I/artd    ( 3771): GetBestInfo: dm (/data/app/~~lv0q5pv-ROGo4oWbcO66Yg==/com.google.android.gms-c0up8V4kI87sxgeZJUDS8Q==/split_MeasurementDynamite_installtime.dm) is kOatUpToDate with filter 'verify' executable 'false'
09-13 05:00:37.867 I/artd    ( 3771): GetBestInfo: /data/user_de/0/com.google.android.gms/app_chimera/m/00000001/CronetDynamite.apk has no usable artifacts
09-13 05:00:37.867 I/artd    ( 3771): GetBestInfo: /data/user_de/0/com.google.android.gms/app_chimera/m/00000002/DynamiteLoader.apk has no usable artifacts
09-13 05:00:37.867 I/artd    ( 3771): GetBestInfo: /data/user_de/0/com.google.android.gms/app_chimera/m/00000006/MapsDynamite.apk has no usable artifacts
09-13 05:00:37.868 I/artd    ( 3771): GetBestInfo: vdex next to the dex file (/data/user/0/com.google.android.gms/app_dg_cache/AEB5BC832EBF3852F39BA4BE495DD40566104436/oat/arm64/the.vdex) is kOatUpToDate with filter 'verify' executable 'false'
09-13 05:00:37.868 I/artd    ( 3771): GetBestInfo: /data/user_de/0/com.google.android.gms/app_chimera/m/00000005/GoogleCertificates.apk has no usable artifacts
09-13 05:00:37.868 I/artd    ( 3771): GetBestInfo: /data/user_de/0/com.google.android.gms/app_chimera/m/00000014/dl-TfliteDynamiteDynamite.integ_260580502100400.apk has no usable artifacts
09-13 05:00:37.868 I/artd    ( 3771): GetBestInfo: /data/user_de/0/com.google.android.gms/app_chimera/m/00000011/dl-MlkitBarcodeUi.optional_263234100400.apk has no usable artifacts
09-13 05:00:37.869 I/artd    ( 3771): GetBestInfo: /data/user_de/0/com.google.android.gms/app_chimera/m/0000000c/dl-VisionOcr.optional_261136100000.apk has no usable artifacts
09-13 05:00:37.870 I/artd    ( 3771): GetBestInfo: /data/user_de/0/com.google.android.gms/app_chimera/m/00000009/dl-TfliteDynamiteDynamite.integ_262730502100400.apk has no usable artifacts
09-13 05:00:37.870 I/artd    ( 3771): GetBestInfo: /data/user_de/0/com.google.android.gms/app_chimera/m/0000000f/dl-PlayCloudSearch.optional_261136100000.apk has no usable artifacts
09-13 05:00:37.871 I/artd    ( 3771): GetBestInfo: /data/user_de/0/com.google.android.gms/app_chimera/m/0000000b/dl-MlkitOcrCommon.optional_261136100400.apk has no usable artifacts
09-13 05:00:37.871 I/artd    ( 3771): GetBestInfo: /data/user_de/0/com.google.android.gms/app_chimera/m/00000018/dl-MapsCoreDynamite.integ_260830204100400.apk has no usable artifacts
09-13 05:00:37.872 I/artd    ( 3771): GetBestInfo: /data/user_de/0/com.google.android.gms/app_chimera/m/00000015/dl-PlayCloudSearch.optional_263234100000.apk has no usable artifacts
09-13 05:00:37.872 I/artd    ( 3771): GetBestInfo: /data/user_de/0/com.google.android.gms/app_chimera/m/00000016/dl-VisionOcr.optional_263234100000.apk has no usable artifacts
09-13 05:00:37.874 I/artd    ( 3771): GetBestInfo: /data/user_de/0/com.google.android.gms/app_chimera/m/00000012/dl-MlkitOcrCommon.optional_263234100400.apk has no usable artifacts
09-13 05:00:37.874 I/artd    ( 3771): GetBestInfo: /data/user_de/0/com.google.android.gms/app_chimera/m/0000000d/dl-IdentityCredentialsPlatform.optional_261136100400.apk has no usable artifacts
09-13 05:00:37.875 I/artd    ( 3771): GetBestInfo: /data/user_de/0/com.google.android.gms/app_chimera/m/00000013/dl-Appsearch.optional_263234100400.apk has no usable artifacts
09-13 05:00:37.876 I/artd    ( 3771): GetBestInfo: vdex next to the dex file (/data/user/0/com.google.android.gms/app_dg_cache/6EF5C2E3C39D601B699E493E3C02879B45CBDB40/oat/arm64/the.vdex) is kOatUpToDate with filter 'verify' executable 'false'
09-13 05:00:37.876 I/artd    ( 3771): GetBestInfo: /data/user_de/0/com.google.android.gms/app_chimera/m/00000007/MeasurementDynamite.apk has no usable artifacts
09-13 05:00:37.876 I/artd    ( 3771): GetBestInfo: /data/user_de/0/com.google.android.gms/app_chimera/m/00000017/dl-IdentityCredentialsPlatform.optional_263234100400.apk has no usable artifacts
09-13 05:00:37.877 I/artd    ( 3771): GetBestInfo: /data/user_de/0/com.google.android.gms/app_chimera/m/0000000a/dl-MlkitBarcodeUi.optional_261136100400.apk has no usable artifacts
09-13 05:00:38.792 I/AdbWifiNetworkMonitor(  647): Wi-Fi network available
09-13 05:00:38.792 I/AdbWifiNetworkMonitor(  647): Received the same Wi-Fi SSID. Ignoring.
09-13 05:00:38.794 I/HalDevMgr(  647): bestIfaceCreationProposal is null, requestIface=STA, existingIface=[name=wlan0 type=STA]
09-13 05:00:38.798 I/NullBinder( 1226): NullBinder for android.net.action.RECOMMEND_NETWORKS triggering remote TransactionTooLargeException due to Service without Chimera impl, calling uid: 1000, calling pid: 0
09-13 05:00:38.798 W/libbinder.Binder( 1226): Large reply transaction of 1056768 bytes, interface descriptor , function: UNKNOWN_FUNCTION_NAME, code: 1, flags: 17
09-13 05:00:38.798 D/ConnectivityService(  647): NetReassign [no changes] [c 0] [a 2] [i 0]
09-13 05:00:38.798 I/NearbyMediums( 1226): Wifi changed new SSID: "AndroidWifi"
09-13 05:00:38.798 I/NearbyMediums( 1226): WifiLanConnectivityInfo is not changed, skip notify.
09-13 05:00:39.301 I/NearbySharing( 1226): Network state changed: NetworkState(isRestricted=false, isOnline=true, isCongested=false, isMetered=false, isWifiConnected=true)
09-13 05:00:41.671 D/ActivityManager(  647): freezing 28160 com.google.android.gms
09-13 05:00:41.672 D/ActivityManager(  647): freezing 6882 com.google.android.adservices.api
09-13 05:00:41.699 D/InetDiagMessage(  647): Destroyed 0 sockets, proto=IPPROTO_TCP, family=AF_INET, states=14
09-13 05:00:41.700 D/InetDiagMessage(  647): Destroyed 0 sockets, proto=IPPROTO_TCP, family=AF_INET6, states=14
09-13 05:00:41.700 D/InetDiagMessage(  647): Destroyed live tcp sockets for uids={10219} in 1ms
09-13 05:00:41.802 I/HalDevMgr(  647): bestIfaceCreationProposal is null, requestIface=STA, existingIface=[name=wlan0 type=STA]
09-13 05:00:43.274 D/SatelliteController( 1026): isInCarrierRoamingNbIotNtn: satellite is disabled
09-13 05:00:43.274 D/SatelliteController( 1026): getCarrierRoamingNtnConnectType: Checking connect type from PLMN config for subId: 1
09-13 05:00:43.274 D/TelephonyConfigUpdateInstallReceiver( 1026): getConfigParser: domain=satellite
09-13 05:00:43.274 V/SatelliteController( 1026): satelliteConfigParser is not ready
09-13 05:00:43.274 D/SatelliteController( 1026): isSatelliteAttachSupportedViaConfigupdater: return null (satelliteConfig is null)
09-13 05:00:43.275 D/SatelliteController( 1026): getSatellitePerPlmnConfiguration: invalid subId or not supported via carrier.
09-13 05:00:43.275 D/SatelliteController( 1026): getCarrierRoamingNtnConnectType: config: null
09-13 05:00:43.275 D/TelephonyConfigUpdateInstallReceiver( 1026): getConfigParser: domain=satellite
09-13 05:00:43.275 V/SatelliteController( 1026): satelliteConfigParser is not ready
09-13 05:00:43.275 D/SatelliteController( 1026): getCarrierRoamingNtnConnectTypeViaConfigUpdater: return null (satelliteConfig is null)
09-13 05:00:43.275 D/SatelliteController( 1026): getCarrierRoamingNtnConnectType: Falling back to global carrier config connect type: 0
09-13 05:00:43.275 D/TelephonyConfigUpdateInstallReceiver( 1026): getConfigParser: domain=satellite
09-13 05:00:43.275 V/SatelliteController( 1026): satelliteConfigParser is not ready
09-13 05:00:43.275 D/SatelliteController( 1026): isSatelliteAttachSupportedViaConfigupdater: return null (satelliteConfig is null)
09-13 05:00:43.275 D/SatelliteController( 1026): getCarrierRoamingNtnConnectType: Checking connect type from PLMN config for subId: 1
09-13 05:00:43.275 D/TelephonyConfigUpdateInstallReceiver( 1026): getConfigParser: domain=satellite
09-13 05:00:43.275 V/SatelliteController( 1026): satelliteConfigParser is not ready
09-13 05:00:43.275 D/SatelliteController( 1026): isSatelliteAttachSupportedViaConfigupdater: return null (satelliteConfig is null)
09-13 05:00:43.275 D/SatelliteController( 1026): getSatellitePerPlmnConfiguration: invalid subId or not supported via carrier.
09-13 05:00:43.275 D/SatelliteController( 1026): getCarrierRoamingNtnConnectType: config: null
09-13 05:00:43.275 D/TelephonyConfigUpdateInstallReceiver( 1026): getConfigParser: domain=satellite
09-13 05:00:43.275 V/SatelliteController( 1026): satelliteConfigParser is not ready
09-13 05:00:43.275 D/SatelliteController( 1026): getCarrierRoamingNtnConnectTypeViaConfigUpdater: return null (satelliteConfig is null)
09-13 05:00:43.275 D/SatelliteController( 1026): getCarrierRoamingNtnConnectType: Falling back to global carrier config connect type: 0
09-13 05:00:43.275 D/TelephonyConfigUpdateInstallReceiver( 1026): getConfigParser: domain=satellite
09-13 05:00:43.275 V/SatelliteController( 1026): satelliteConfigParser is not ready
09-13 05:00:43.275 D/SatelliteController( 1026): isSatelliteAttachSupportedViaConfigupdater: return null (satelliteConfig is null)
09-13 05:00:43.854 I/wpa_supplicant(25902): wlan0: CTRL-EVENT-BEACON-LOSS 
09-13 05:00:44.806 I/AdbWifiNetworkMonitor(  647): Wi-Fi network available
09-13 05:00:44.807 I/HalDevMgr(  647): bestIfaceCreationProposal is null, requestIface=STA, existingIface=[name=wlan0 type=STA]
09-13 05:00:44.807 I/AdbWifiNetworkMonitor(  647): Received the same Wi-Fi SSID. Ignoring.
09-13 05:00:44.811 W/libbinder.IPCThreadState(  647): Sending oneway calls to frozen process.
09-13 05:00:44.811 W/libbinder.IPCThreadState(  647): Sending oneway calls to frozen process.
09-13 05:00:44.811 W/libbinder.IPCThreadState(  647): Sending oneway calls to frozen process.
09-13 05:00:44.812 I/NullBinder( 1226): NullBinder for android.net.action.RECOMMEND_NETWORKS triggering remote TransactionTooLargeException due to Service without Chimera impl, calling uid: 1000, calling pid: 0
09-13 05:00:44.812 W/libbinder.Binder( 1226): Large reply transaction of 1056768 bytes, interface descriptor , function: UNKNOWN_FUNCTION_NAME, code: 1, flags: 17
09-13 05:00:44.812 I/NearbyMediums( 1226): Wifi changed new SSID: "AndroidWifi"
09-13 05:00:44.812 I/NearbyMediums( 1226): WifiLanConnectivityInfo is not changed, skip notify.
09-13 05:00:44.813 D/ConnectivityService(  647): NetReassign [no changes] [c 0] [a 1] [i 1]
09-13 05:00:45.316 I/NearbySharing( 1226): Network state changed: NetworkState(isRestricted=false, isOnline=true, isCongested=false, isMetered=false, isWifiConnected=true)
09-13 05:00:47.814 I/HalDevMgr(  647): bestIfaceCreationProposal is null, requestIface=STA, existingIface=[name=wlan0 type=STA]
09-13 05:00:47.814 I/AdbWifiNetworkMonitor(  647): Wi-Fi network available
09-13 05:00:47.814 I/AdbWifiNetworkMonitor(  647): Received the same Wi-Fi SSID. Ignoring.
09-13 05:00:47.814 W/libbinder.IPCThreadState(  647): Sending oneway calls to frozen process.
09-13 05:00:47.814 W/libbinder.IPCThreadState(  647): Sending oneway calls to frozen process.
09-13 05:00:47.814 W/libbinder.IPCThreadState(  647): Sending oneway calls to frozen process.
09-13 05:00:47.815 I/NullBinder( 1226): NullBinder for android.net.action.RECOMMEND_NETWORKS triggering remote TransactionTooLargeException due to Service without Chimera impl, calling uid: 1000, calling pid: 0
09-13 05:00:47.816 W/libbinder.Binder( 1226): Large reply transaction of 1056768 bytes, interface descriptor , function: UNKNOWN_FUNCTION_NAME, code: 1, flags: 17
09-13 05:00:47.816 D/ConnectivityService(  647): NetReassign [no changes] [c 0] [a 0] [i 1]
09-13 05:00:47.816 I/NearbyMediums( 1226): Wifi changed new SSID: "AndroidWifi"
09-13 05:00:47.816 I/NearbyMediums( 1226): WifiLanConnectivityInfo is not changed, skip notify.
09-13 05:00:47.826 I/adbd    (  487): adbd service requested 'shell,v2,TERM=xterm-256color,raw:dumpsys package com.google.android.gms'
09-13 05:00:47.857 I/artd    ( 3771): GetBestInfo: odex next to the dex file (/data/app/~~lv0q5pv-ROGo4oWbcO66Yg==/com.google.android.gms-c0up8V4kI87sxgeZJUDS8Q==/oat/arm64/base.odex) is kOatUpToDate with filter 'speed-profile' executable 'false'
09-13 05:00:47.858 I/artd    ( 3771): GetBestInfo: dm (/data/app/~~lv0q5pv-ROGo4oWbcO66Yg==/com.google.android.gms-c0up8V4kI87sxgeZJUDS8Q==/split_AdsDynamite_installtime.dm) is kOatUpToDate with filter 'verify' executable 'false'
09-13 05:00:47.859 I/artd    ( 3771): GetBestInfo: odex next to the dex file (/data/app/~~lv0q5pv-ROGo4oWbcO66Yg==/com.google.android.gms-c0up8V4kI87sxgeZJUDS8Q==/oat/arm64/split_CronetDynamite_installtime.odex) is kOatUpToDate with filter 'speed-profile' executable 'false'
09-13 05:00:47.859 I/artd    ( 3771): GetBestInfo: dm (/data/app/~~lv0q5pv-ROGo4oWbcO66Yg==/com.google.android.gms-c0up8V4kI87sxgeZJUDS8Q==/split_DynamiteLoader_installtime.dm) is kOatUpToDate with filter 'verify' executable 'false'
09-13 05:00:47.860 I/artd    ( 3771): GetBestInfo: dm (/data/app/~~lv0q5pv-ROGo4oWbcO66Yg==/com.google.android.gms-c0up8V4kI87sxgeZJUDS8Q==/split_DynamiteModulesA_installtime.dm) is kOatUpToDate with filter 'verify' executable 'false'
09-13 05:00:47.860 I/artd    ( 3771): GetBestInfo: dm (/data/app/~~lv0q5pv-ROGo4oWbcO66Yg==/com.google.android.gms-c0up8V4kI87sxgeZJUDS8Q==/split_DynamiteModulesC_installtime.dm) is kOatUpToDate with filter 'verify' executable 'false'
09-13 05:00:47.860 I/artd    ( 3771): GetBestInfo: dm (/data/app/~~lv0q5pv-ROGo4oWbcO66Yg==/com.google.android.gms-c0up8V4kI87sxgeZJUDS8Q==/split_GoogleCertificates_installtime.dm) is kOatUpToDate with filter 'verify' executable 'false'
09-13 05:00:47.861 I/artd    ( 3771): GetBestInfo: dm (/data/app/~~lv0q5pv-ROGo4oWbcO66Yg==/com.google.android.gms-c0up8V4kI87sxgeZJUDS8Q==/split_MapsDynamite_installtime.dm) is kOatUpToDate with filter 'verify' executable 'false'
09-13 05:00:47.862 I/artd    ( 3771): GetBestInfo: dm (/data/app/~~lv0q5pv-ROGo4oWbcO66Yg==/com.google.android.gms-c0up8V4kI87sxgeZJUDS8Q==/split_MeasurementDynamite_installtime.dm) is kOatUpToDate with filter 'verify' executable 'false'
09-13 05:00:47.862 I/artd    ( 3771): GetBestInfo: /data/user_de/0/com.google.android.gms/app_chimera/m/00000001/CronetDynamite.apk has no usable artifacts
09-13 05:00:47.862 I/artd    ( 3771): GetBestInfo: /data/user_de/0/com.google.android.gms/app_chimera/m/00000002/DynamiteLoader.apk has no usable artifacts
09-13 05:00:47.862 I/artd    ( 3771): GetBestInfo: /data/user_de/0/com.google.android.gms/app_chimera/m/00000006/MapsDynamite.apk has no usable artifacts
09-13 05:00:47.863 I/artd    ( 3771): GetBestInfo: vdex next to the dex file (/data/user/0/com.google.android.gms/app_dg_cache/AEB5BC832EBF3852F39BA4BE495DD40566104436/oat/arm64/the.vdex) is kOatUpToDate with filter 'verify' executable 'false'
09-13 05:00:47.864 I/artd    ( 3771): GetBestInfo: /data/user_de/0/com.google.android.gms/app_chimera/m/00000005/GoogleCertificates.apk has no usable artifacts
09-13 05:00:47.864 I/artd    ( 3771): GetBestInfo: /data/user_de/0/com.google.android.gms/app_chimera/m/00000014/dl-TfliteDynamiteDynamite.integ_260580502100400.apk has no usable artifacts
09-13 05:00:47.864 I/artd    ( 3771): GetBestInfo: /data/user_de/0/com.google.android.gms/app_chimera/m/00000011/dl-MlkitBarcodeUi.optional_263234100400.apk has no usable artifacts
09-13 05:00:47.865 I/artd    ( 3771): GetBestInfo: /data/user_de/0/com.google.android.gms/app_chimera/m/0000000c/dl-VisionOcr.optional_261136100000.apk has no usable artifacts
09-13 05:00:47.866 I/artd    ( 3771): GetBestInfo: /data/user_de/0/com.google.android.gms/app_chimera/m/00000009/dl-TfliteDynamiteDynamite.integ_262730502100400.apk has no usable artifacts
09-13 05:00:47.866 I/artd    ( 3771): GetBestInfo: /data/user_de/0/com.google.android.gms/app_chimera/m/0000000f/dl-PlayCloudSearch.optional_261136100000.apk has no usable artifacts
09-13 05:00:47.866 I/artd    ( 3771): GetBestInfo: /data/user_de/0/com.google.android.gms/app_chimera/m/0000000b/dl-MlkitOcrCommon.optional_261136100400.apk has no usable artifacts
09-13 05:00:47.867 I/artd    ( 3771): GetBestInfo: /data/user_de/0/com.google.android.gms/app_chimera/m/00000018/dl-MapsCoreDynamite.integ_260830204100400.apk has no usable artifacts
09-13 05:00:47.867 I/artd    ( 3771): GetBestInfo: /data/user_de/0/com.google.android.gms/app_chimera/m/00000015/dl-PlayCloudSearch.optional_263234100000.apk has no usable artifacts
09-13 05:00:47.868 I/artd    ( 3771): GetBestInfo: /data/user_de/0/com.google.android.gms/app_chimera/m/00000016/dl-VisionOcr.optional_263234100000.apk has no usable artifacts
09-13 05:00:47.869 I/artd    ( 3771): GetBestInfo: /data/user_de/0/com.google.android.gms/app_chimera/m/00000012/dl-MlkitOcrCommon.optional_263234100400.apk has no usable artifacts
09-13 05:00:47.869 I/artd    ( 3771): GetBestInfo: /data/user_de/0/com.google.android.gms/app_chimera/m/0000000d/dl-IdentityCredentialsPlatform.optional_261136100400.apk has no usable artifacts
09-13 05:00:47.870 I/artd    ( 3771): GetBestInfo: /data/user_de/0/com.google.android.gms/app_chimera/m/00000013/dl-Appsearch.optional_263234100400.apk has no usable artifacts
09-13 05:00:47.871 I/artd    ( 3771): GetBestInfo: vdex next to the dex file (/data/user/0/com.google.android.gms/app_dg_cache/6EF5C2E3C39D601B699E493E3C02879B45CBDB40/oat/arm64/the.vdex) is kOatUpToDate with filter 'verify' executable 'false'
09-13 05:00:47.871 I/artd    ( 3771): GetBestInfo: /data/user_de/0/com.google.android.gms/app_chimera/m/00000007/MeasurementDynamite.apk has no usable artifacts
09-13 05:00:47.871 I/artd    ( 3771): GetBestInfo: /data/user_de/0/com.google.android.gms/app_chimera/m/00000017/dl-IdentityCredentialsPlatform.optional_263234100400.apk has no usable artifacts
09-13 05:00:47.872 I/artd    ( 3771): GetBestInfo: /data/user_de/0/com.google.android.gms/app_chimera/m/0000000a/dl-MlkitBarcodeUi.optional_261136100400.apk has no usable artifacts
09-13 05:00:48.325 I/NearbySharing( 1226): Network state changed: NetworkState(isRestricted=false, isOnline=true, isCongested=false, isMetered=false, isWifiConnected=true)
09-13 05:00:50.820 I/HalDevMgr(  647): bestIfaceCreationProposal is null, requestIface=STA, existingIface=[name=wlan0 type=STA]
09-13 05:00:51.789 I/wpa_supplicant(25902): wlan0: CTRL-EVENT-BEACON-LOSS 
09-13 05:00:53.276 D/SatelliteController( 1026): isInCarrierRoamingNbIotNtn: satellite is disabled
09-13 05:00:53.276 D/SatelliteController( 1026): getCarrierRoamingNtnConnectType: Checking connect type from PLMN config for subId: 1
09-13 05:00:53.276 D/TelephonyConfigUpdateInstallReceiver( 1026): getConfigParser: domain=satellite
09-13 05:00:53.276 V/SatelliteController( 1026): satelliteConfigParser is not ready
09-13 05:00:53.276 D/SatelliteController( 1026): isSatelliteAttachSupportedViaConfigupdater: return null (satelliteConfig is null)
09-13 05:00:53.277 D/SatelliteController( 1026): getSatellitePerPlmnConfiguration: invalid subId or not supported via carrier.
09-13 05:00:53.278 D/SatelliteController( 1026): getCarrierRoamingNtnConnectType: config: null
09-13 05:00:53.278 D/TelephonyConfigUpdateInstallReceiver( 1026): getConfigParser: domain=satellite
09-13 05:00:53.278 V/SatelliteController( 1026): satelliteConfigParser is not ready
09-13 05:00:53.278 D/SatelliteController( 1026): getCarrierRoamingNtnConnectTypeViaConfigUpdater: return null (satelliteConfig is null)
09-13 05:00:53.278 D/SatelliteController( 1026): getCarrierRoamingNtnConnectType: Falling back to global carrier config connect type: 0
09-13 05:00:53.278 D/TelephonyConfigUpdateInstallReceiver( 1026): getConfigParser: domain=satellite
09-13 05:00:53.278 V/SatelliteController( 1026): satelliteConfigParser is not ready
09-13 05:00:53.278 D/SatelliteController( 1026): isSatelliteAttachSupportedViaConfigupdater: return null (satelliteConfig is null)
09-13 05:00:53.278 D/SatelliteController( 1026): getCarrierRoamingNtnConnectType: Checking connect type from PLMN config for subId: 1
09-13 05:00:53.278 D/TelephonyConfigUpdateInstallReceiver( 1026): getConfigParser: domain=satellite
09-13 05:00:53.278 V/SatelliteController( 1026): satelliteConfigParser is not ready
09-13 05:00:53.278 D/SatelliteController( 1026): isSatelliteAttachSupportedViaConfigupdater: return null (satelliteConfig is null)
09-13 05:00:53.278 D/SatelliteController( 1026): getSatellitePerPlmnConfiguration: invalid subId or not supported via carrier.
09-13 05:00:53.278 D/SatelliteController( 1026): getCarrierRoamingNtnConnectType: config: null
09-13 05:00:53.278 D/TelephonyConfigUpdateInstallReceiver( 1026): getConfigParser: domain=satellite
09-13 05:00:53.278 V/SatelliteController( 1026): satelliteConfigParser is not ready
09-13 05:00:53.278 D/SatelliteController( 1026): getCarrierRoamingNtnConnectTypeViaConfigUpdater: return null (satelliteConfig is null)
09-13 05:00:53.279 D/SatelliteController( 1026): getCarrierRoamingNtnConnectType: Falling back to global carrier config connect type: 0
09-13 05:00:53.279 D/TelephonyConfigUpdateInstallReceiver( 1026): getConfigParser: domain=satellite
09-13 05:00:53.279 V/SatelliteController( 1026): satelliteConfigParser is not ready
09-13 05:00:53.279 D/SatelliteController( 1026): isSatelliteAttachSupportedViaConfigupdater: return null (satelliteConfig is null)
09-13 05:00:53.827 I/AdbWifiNetworkMonitor(  647): Wi-Fi network available
09-13 05:00:53.827 I/AdbWifiNetworkMonitor(  647): Received the same Wi-Fi SSID. Ignoring.
09-13 05:00:53.827 W/libbinder.IPCThreadState(  647): Sending oneway calls to frozen process.
09-13 05:00:53.827 W/libbinder.IPCThreadState(  647): Sending oneway calls to frozen process.
09-13 05:00:53.827 W/libbinder.IPCThreadState(  647): Sending oneway calls to frozen process.
09-13 05:00:53.827 I/HalDevMgr(  647): bestIfaceCreationProposal is null, requestIface=STA, existingIface=[name=wlan0 type=STA]
09-13 05:00:53.828 D/ConnectivityService(  647): NetReassign [no changes] [c 0] [a 0] [i 0]
09-13 05:00:53.828 I/NearbyMediums( 1226): Wifi changed new SSID: "AndroidWifi"
09-13 05:00:53.828 I/NearbyMediums( 1226): WifiLanConnectivityInfo is not changed, skip notify.
09-13 05:00:53.830 I/NullBinder( 1226): NullBinder for android.net.action.RECOMMEND_NETWORKS triggering remote TransactionTooLargeException due to Service without Chimera impl, calling uid: 1000, calling pid: 0
09-13 05:00:53.830 W/libbinder.Binder( 1226): Large reply transaction of 1056768 bytes, interface descriptor , function: UNKNOWN_FUNCTION_NAME, code: 1, flags: 17
09-13 05:00:54.329 I/NearbySharing( 1226): Network state changed: NetworkState(isRestricted=false, isOnline=true, isCongested=false, isMetered=false, isWifiConnected=true)
09-13 05:00:56.838 I/HalDevMgr(  647): bestIfaceCreationProposal is null, requestIface=STA, existingIface=[name=wlan0 type=STA]
09-13 05:00:57.833 I/adbd    (  487): adbd service requested 'shell,v2,TERM=xterm-256color,raw:dumpsys package com.google.android.gms'
09-13 05:00:57.873 I/artd    ( 3771): GetBestInfo: odex next to the dex file (/data/app/~~lv0q5pv-ROGo4oWbcO66Yg==/com.google.android.gms-c0up8V4kI87sxgeZJUDS8Q==/oat/arm64/base.odex) is kOatUpToDate with filter 'speed-profile' executable 'false'
09-13 05:00:57.874 I/artd    ( 3771): GetBestInfo: dm (/data/app/~~lv0q5pv-ROGo4oWbcO66Yg==/com.google.android.gms-c0up8V4kI87sxgeZJUDS8Q==/split_AdsDynamite_installtime.dm) is kOatUpToDate with filter 'verify' executable 'false'
09-13 05:00:57.875 I/artd    ( 3771): GetBestInfo: odex next to the dex file (/data/app/~~lv0q5pv-ROGo4oWbcO66Yg==/com.google.android.gms-c0up8V4kI87sxgeZJUDS8Q==/oat/arm64/split_CronetDynamite_installtime.odex) is kOatUpToDate with filter 'speed-profile' executable 'false'
09-13 05:00:57.876 I/artd    ( 3771): GetBestInfo: dm (/data/app/~~lv0q5pv-ROGo4oWbcO66Yg==/com.google.android.gms-c0up8V4kI87sxgeZJUDS8Q==/split_DynamiteLoader_installtime.dm) is kOatUpToDate with filter 'verify' executable 'false'
09-13 05:00:57.876 I/artd    ( 3771): GetBestInfo: dm (/data/app/~~lv0q5pv-ROGo4oWbcO66Yg==/com.google.android.gms-c0up8V4kI87sxgeZJUDS8Q==/split_DynamiteModulesA_installtime.dm) is kOatUpToDate with filter 'verify' executable 'false'
09-13 05:00:57.877 I/artd    ( 3771): GetBestInfo: dm (/data/app/~~lv0q5pv-ROGo4oWbcO66Yg==/com.google.android.gms-c0up8V4kI87sxgeZJUDS8Q==/split_DynamiteModulesC_installtime.dm) is kOatUpToDate with filter 'verify' executable 'false'
09-13 05:00:57.877 I/artd    ( 3771): GetBestInfo: dm (/data/app/~~lv0q5pv-ROGo4oWbcO66Yg==/com.google.android.gms-c0up8V4kI87sxgeZJUDS8Q==/split_GoogleCertificates_installtime.dm) is kOatUpToDate with filter 'verify' executable 'false'
09-13 05:00:57.878 I/artd    ( 3771): GetBestInfo: dm (/data/app/~~lv0q5pv-ROGo4oWbcO66Yg==/com.google.android.gms-c0up8V4kI87sxgeZJUDS8Q==/split_MapsDynamite_installtime.dm) is kOatUpToDate with filter 'verify' executable 'false'
09-13 05:00:57.879 I/artd    ( 3771): GetBestInfo: dm (/data/app/~~lv0q5pv-ROGo4oWbcO66Yg==/com.google.android.gms-c0up8V4kI87sxgeZJUDS8Q==/split_MeasurementDynamite_installtime.dm) is kOatUpToDate with filter 'verify' executable 'false'
09-13 05:00:57.879 I/artd    ( 3771): GetBestInfo: /data/user_de/0/com.google.android.gms/app_chimera/m/00000001/CronetDynamite.apk has no usable artifacts
09-13 05:00:57.880 I/artd    ( 3771): GetBestInfo: /data/user_de/0/com.google.android.gms/app_chimera/m/00000002/DynamiteLoader.apk has no usable artifacts
09-13 05:00:57.880 I/artd    ( 3771): GetBestInfo: /data/user_de/0/com.google.android.gms/app_chimera/m/00000006/MapsDynamite.apk has no usable artifacts
09-13 05:00:57.880 I/artd    ( 3771): GetBestInfo: vdex next to the dex file (/data/user/0/com.google.android.gms/app_dg_cache/AEB5BC832EBF3852F39BA4BE495DD40566104436/oat/arm64/the.vdex) is kOatUpToDate with filter 'verify' executable 'false'
09-13 05:00:57.881 I/artd    ( 3771): GetBestInfo: /data/user_de/0/com.google.android.gms/app_chimera/m/00000005/GoogleCertificates.apk has no usable artifacts
09-13 05:00:57.881 I/artd    ( 3771): GetBestInfo: /data/user_de/0/com.google.android.gms/app_chimera/m/00000014/dl-TfliteDynamiteDynamite.integ_260580502100400.apk has no usable artifacts
09-13 05:00:57.882 I/artd    ( 3771): GetBestInfo: /data/user_de/0/com.google.android.gms/app_chimera/m/00000011/dl-MlkitBarcodeUi.optional_263234100400.apk has no usable artifacts
09-13 05:00:57.883 I/artd    ( 3771): GetBestInfo: /data/user_de/0/com.google.android.gms/app_chimera/m/0000000c/dl-VisionOcr.optional_261136100000.apk has no usable artifacts
09-13 05:00:57.883 I/artd    ( 3771): GetBestInfo: /data/user_de/0/com.google.android.gms/app_chimera/m/00000009/dl-TfliteDynamiteDynamite.integ_262730502100400.apk has no usable artifacts
09-13 05:00:57.884 I/artd    ( 3771): GetBestInfo: /data/user_de/0/com.google.android.gms/app_chimera/m/0000000f/dl-PlayCloudSearch.optional_261136100000.apk has no usable artifacts
09-13 05:00:57.885 I/artd    ( 3771): GetBestInfo: /data/user_de/0/com.google.android.gms/app_chimera/m/0000000b/dl-MlkitOcrCommon.optional_261136100400.apk has no usable artifacts
09-13 05:00:57.885 I/artd    ( 3771): GetBestInfo: /data/user_de/0/com.google.android.gms/app_chimera/m/00000018/dl-MapsCoreDynamite.integ_260830204100400.apk has no usable artifacts
09-13 05:00:57.886 I/artd    ( 3771): GetBestInfo: /data/user_de/0/com.google.android.gms/app_chimera/m/00000015/dl-PlayCloudSearch.optional_263234100000.apk has no usable artifacts
09-13 05:00:57.886 I/artd    ( 3771): GetBestInfo: /data/user_de/0/com.google.android.gms/app_chimera/m/00000016/dl-VisionOcr.optional_263234100000.apk has no usable artifacts
09-13 05:00:57.887 I/artd    ( 3771): GetBestInfo: /data/user_de/0/com.google.android.gms/app_chimera/m/00000012/dl-MlkitOcrCommon.optional_263234100400.apk has no usable artifacts
09-13 05:00:57.888 I/artd    ( 3771): GetBestInfo: /data/user_de/0/com.google.android.gms/app_chimera/m/0000000d/dl-IdentityCredentialsPlatform.optional_261136100400.apk has no usable artifacts
09-13 05:00:57.888 I/artd    ( 3771): GetBestInfo: /data/user_de/0/com.google.android.gms/app_chimera/m/00000013/dl-Appsearch.optional_263234100400.apk has no usable artifacts
09-13 05:00:57.889 I/artd    ( 3771): GetBestInfo: vdex next to the dex file (/data/user/0/com.google.android.gms/app_dg_cache/6EF5C2E3C39D601B699E493E3C02879B45CBDB40/oat/arm64/the.vdex) is kOatUpToDate with filter 'verify' executable 'false'
09-13 05:00:57.889 I/artd    ( 3771): GetBestInfo: /data/user_de/0/com.google.android.gms/app_chimera/m/00000007/MeasurementDynamite.apk has no usable artifacts
09-13 05:00:57.890 I/artd    ( 3771): GetBestInfo: /data/user_de/0/com.google.android.gms/app_chimera/m/00000017/dl-IdentityCredentialsPlatform.optional_263234100400.apk has no usable artifacts
09-13 05:00:57.890 I/artd    ( 3771): GetBestInfo: /data/user_de/0/com.google.android.gms/app_chimera/m/0000000a/dl-MlkitBarcodeUi.optional_261136100400.apk has no usable artifacts
09-13 05:00:59.844 I/AdbWifiNetworkMonitor(  647): Wi-Fi network available
09-13 05:00:59.844 I/AdbWifiNetworkMonitor(  647): Received the same Wi-Fi SSID. Ignoring.
09-13 05:00:59.844 I/HalDevMgr(  647): bestIfaceCreationProposal is null, requestIface=STA, existingIface=[name=wlan0 type=STA]
09-13 05:00:59.846 W/libbinder.IPCThreadState(  647): Sending oneway calls to frozen process.
09-13 05:00:59.846 W/libbinder.IPCThreadState(  647): Sending oneway calls to frozen process.
09-13 05:00:59.846 W/libbinder.IPCThreadState(  647): Sending oneway calls to frozen process.
09-13 05:00:59.847 D/ConnectivityService(  647): NetReassign [no changes] [c 0] [a 0] [i 0]
09-13 05:00:59.847 I/NullBinder( 1226): NullBinder for android.net.action.RECOMMEND_NETWORKS triggering remote TransactionTooLargeException due to Service without Chimera impl, calling uid: 1000, calling pid: 0
09-13 05:00:59.847 W/libbinder.Binder( 1226): Large reply transaction of 1056768 bytes, interface descriptor , function: UNKNOWN_FUNCTION_NAME, code: 1, flags: 17
09-13 05:00:59.848 I/NearbyMediums( 1226): Wifi changed new SSID: "AndroidWifi"
09-13 05:00:59.848 I/NearbyMediums( 1226): WifiLanConnectivityInfo is not changed, skip notify.
09-13 05:00:59.981 I/wpa_supplicant(25902): wlan0: CTRL-EVENT-BEACON-LOSS 
09-13 05:01:00.012 I/bluetooth( 1003): system/gd/hci/le_address_manager.cc:557 GetNextPrivateAddressIntervalRange: client=LeAddressManager, nonwake=7m26s, wake=14m0s
09-13 05:01:00.013 I/bluetooth( 1003): system/gd/hci/le_address_manager.cc:758 OnCommandComplete: Received command complete with op_code LE_SET_RANDOM_ADDRESS(0x2005)
09-13 05:01:00.013 I/bluetooth( 1003): system/gd/hci/le_address_manager.cc:778 OnCommandComplete: update random address : xx:xx:xx:xx:55:1e
09-13 05:01:00.013 I/bluetooth( 1003): system/gd/hci/le_address_manager.cc:382 resume_registered_clients: Resuming registered clients
09-13 05:01:00.013 I/bluetooth( 1003): system/gd/hci/le_scanning_manager_impl.cc:774 stop_scan: Scanning already stopped, return. caller=configure_scan
09-13 05:01:00.038 W/skia    (  481): AGTM parsing failed flags.readFromStream(s) at 159
09-13 05:01:00.038 W/skia    (  481): AGTM parsing failed flags.readFromStream(s) at 159
09-13 05:01:00.356 I/NearbySharing( 1226): Network state changed: NetworkState(isRestricted=false, isOnline=true, isCongested=false, isMetered=false, isWifiConnected=true)
09-13 05:01:02.853 I/HalDevMgr(  647): bestIfaceCreationProposal is null, requestIface=STA, existingIface=[name=wlan0 type=STA]
09-13 05:01:03.282 D/SatelliteController( 1026): isInCarrierRoamingNbIotNtn: satellite is disabled
09-13 05:01:03.282 D/SatelliteController( 1026): getCarrierRoamingNtnConnectType: Checking connect type from PLMN config for subId: 1
09-13 05:01:03.282 D/TelephonyConfigUpdateInstallReceiver( 1026): getConfigParser: domain=satellite
09-13 05:01:03.282 V/SatelliteController( 1026): satelliteConfigParser is not ready
09-13 05:01:03.282 D/SatelliteController( 1026): isSatelliteAttachSupportedViaConfigupdater: return null (satelliteConfig is null)
09-13 05:01:03.282 D/SatelliteController( 1026): getSatellitePerPlmnConfiguration: invalid subId or not supported via carrier.
09-13 05:01:03.282 D/SatelliteController( 1026): getCarrierRoamingNtnConnectType: config: null
09-13 05:01:03.282 D/TelephonyConfigUpdateInstallReceiver( 1026): getConfigParser: domain=satellite
09-13 05:01:03.282 V/SatelliteController( 1026): satelliteConfigParser is not ready
09-13 05:01:03.282 D/SatelliteController( 1026): getCarrierRoamingNtnConnectTypeViaConfigUpdater: return null (satelliteConfig is null)
09-13 05:01:03.282 D/SatelliteController( 1026): getCarrierRoamingNtnConnectType: Falling back to global carrier config connect type: 0
09-13 05:01:03.282 D/TelephonyConfigUpdateInstallReceiver( 1026): getConfigParser: domain=satellite
09-13 05:01:03.282 V/SatelliteController( 1026): satelliteConfigParser is not ready
09-13 05:01:03.282 D/SatelliteController( 1026): isSatelliteAttachSupportedViaConfigupdater: return null (satelliteConfig is null)
09-13 05:01:03.282 D/SatelliteController( 1026): getCarrierRoamingNtnConnectType: Checking connect type from PLMN config for subId: 1
09-13 05:01:03.283 D/TelephonyConfigUpdateInstallReceiver( 1026): getConfigParser: domain=satellite
09-13 05:01:03.283 V/SatelliteController( 1026): satelliteConfigParser is not ready
09-13 05:01:03.283 D/SatelliteController( 1026): isSatelliteAttachSupportedViaConfigupdater: return null (satelliteConfig is null)
09-13 05:01:03.283 D/SatelliteController( 1026): getSatellitePerPlmnConfiguration: invalid subId or not supported via carrier.
09-13 05:01:03.283 D/SatelliteController( 1026): getCarrierRoamingNtnConnectType: config: null
09-13 05:01:03.283 D/TelephonyConfigUpdateInstallReceiver( 1026): getConfigParser: domain=satellite
09-13 05:01:03.283 V/SatelliteController( 1026): satelliteConfigParser is not ready
09-13 05:01:03.283 D/SatelliteController( 1026): getCarrierRoamingNtnConnectTypeViaConfigUpdater: return null (satelliteConfig is null)
09-13 05:01:03.283 D/SatelliteController( 1026): getCarrierRoamingNtnConnectType: Falling back to global carrier config connect type: 0
09-13 05:01:03.283 D/TelephonyConfigUpdateInstallReceiver( 1026): getConfigParser: domain=satellite
09-13 05:01:03.283 V/SatelliteController( 1026): satelliteConfigParser is not ready
09-13 05:01:03.283 D/SatelliteController( 1026): isSatelliteAttachSupportedViaConfigupdater: return null (satelliteConfig is null)
09-13 05:01:05.860 I/HalDevMgr(  647): bestIfaceCreationProposal is null, requestIface=STA, existingIface=[name=wlan0 type=STA]
09-13 05:01:07.577 I/BluetoothPowerStatsCollector(  647): BluetoothActivityEnergyInfo not supported.
09-13 05:01:07.825 I/adbd    (  487): adbd service requested 'shell,v2,TERM=xterm-256color,raw:dumpsys package com.google.android.gms'
09-13 05:01:07.862 I/artd    ( 3771): GetBestInfo: odex next to the dex file (/data/app/~~lv0q5pv-ROGo4oWbcO66Yg==/com.google.android.gms-c0up8V4kI87sxgeZJUDS8Q==/oat/arm64/base.odex) is kOatUpToDate with filter 'speed-profile' executable 'false'
09-13 05:01:07.863 I/artd    ( 3771): GetBestInfo: dm (/data/app/~~lv0q5pv-ROGo4oWbcO66Yg==/com.google.android.gms-c0up8V4kI87sxgeZJUDS8Q==/split_AdsDynamite_installtime.dm) is kOatUpToDate with filter 'verify' executable 'false'
09-13 05:01:07.863 I/artd    ( 3771): GetBestInfo: odex next to the dex file (/data/app/~~lv0q5pv-ROGo4oWbcO66Yg==/com.google.android.gms-c0up8V4kI87sxgeZJUDS8Q==/oat/arm64/split_CronetDynamite_installtime.odex) is kOatUpToDate with filter 'speed-profile' executable 'false'
09-13 05:01:07.863 I/artd    ( 3771): GetBestInfo: dm (/data/app/~~lv0q5pv-ROGo4oWbcO66Yg==/com.google.android.gms-c0up8V4kI87sxgeZJUDS8Q==/split_DynamiteLoader_installtime.dm) is kOatUpToDate with filter 'verify' executable 'false'
09-13 05:01:07.864 I/artd    ( 3771): GetBestInfo: dm (/data/app/~~lv0q5pv-ROGo4oWbcO66Yg==/com.google.android.gms-c0up8V4kI87sxgeZJUDS8Q==/split_DynamiteModulesA_installtime.dm) is kOatUpToDate with filter 'verify' executable 'false'
09-13 05:01:07.864 I/artd    ( 3771): GetBestInfo: dm (/data/app/~~lv0q5pv-ROGo4oWbcO66Yg==/com.google.android.gms-c0up8V4kI87sxgeZJUDS8Q==/split_DynamiteModulesC_installtime.dm) is kOatUpToDate with filter 'verify' executable 'false'
09-13 05:01:07.865 I/artd    ( 3771): GetBestInfo: dm (/data/app/~~lv0q5pv-ROGo4oWbcO66Yg==/com.google.android.gms-c0up8V4kI87sxgeZJUDS8Q==/split_GoogleCertificates_installtime.dm) is kOatUpToDate with filter 'verify' executable 'false'
09-13 05:01:07.866 I/artd    ( 3771): GetBestInfo: dm (/data/app/~~lv0q5pv-ROGo4oWbcO66Yg==/com.google.android.gms-c0up8V4kI87sxgeZJUDS8Q==/split_MapsDynamite_installtime.dm) is kOatUpToDate with filter 'verify' executable 'false'
09-13 05:01:07.867 I/artd    ( 3771): GetBestInfo: dm (/data/app/~~lv0q5pv-ROGo4oWbcO66Yg==/com.google.android.gms-c0up8V4kI87sxgeZJUDS8Q==/split_MeasurementDynamite_installtime.dm) is kOatUpToDate with filter 'verify' executable 'false'
09-13 05:01:07.867 I/artd    ( 3771): GetBestInfo: /data/user_de/0/com.google.android.gms/app_chimera/m/00000001/CronetDynamite.apk has no usable artifacts
09-13 05:01:07.868 I/artd    ( 3771): GetBestInfo: /data/user_de/0/com.google.android.gms/app_chimera/m/00000002/DynamiteLoader.apk has no usable artifacts
09-13 05:01:07.868 I/artd    ( 3771): GetBestInfo: /data/user_de/0/com.google.android.gms/app_chimera/m/00000006/MapsDynamite.apk has no usable artifacts
09-13 05:01:07.869 I/artd    ( 3771): GetBestInfo: vdex next to the dex file (/data/user/0/com.google.android.gms/app_dg_cache/AEB5BC832EBF3852F39BA4BE495DD40566104436/oat/arm64/the.vdex) is kOatUpToDate with filter 'verify' executable 'false'
09-13 05:01:07.869 I/artd    ( 3771): GetBestInfo: /data/user_de/0/com.google.android.gms/app_chimera/m/00000005/GoogleCertificates.apk has no usable artifacts
09-13 05:01:07.870 I/artd    ( 3771): GetBestInfo: /data/user_de/0/com.google.android.gms/app_chimera/m/00000014/dl-TfliteDynamiteDynamite.integ_260580502100400.apk has no usable artifacts
09-13 05:01:07.871 I/artd    ( 3771): GetBestInfo: /data/user_de/0/com.google.android.gms/app_chimera/m/00000011/dl-MlkitBarcodeUi.optional_263234100400.apk has no usable artifacts
09-13 05:01:07.871 I/artd    ( 3771): GetBestInfo: /data/user_de/0/com.google.android.gms/app_chimera/m/0000000c/dl-VisionOcr.optional_261136100000.apk has no usable artifacts
09-13 05:01:07.872 I/artd    ( 3771): GetBestInfo: /data/user_de/0/com.google.android.gms/app_chimera/m/00000009/dl-TfliteDynamiteDynamite.integ_262730502100400.apk has no usable artifacts
09-13 05:01:07.873 I/artd    ( 3771): GetBestInfo: /data/user_de/0/com.google.android.gms/app_chimera/m/0000000f/dl-PlayCloudSearch.optional_261136100000.apk has no usable artifacts
09-13 05:01:07.873 I/artd    ( 3771): GetBestInfo: /data/user_de/0/com.google.android.gms/app_chimera/m/0000000b/dl-MlkitOcrCommon.optional_261136100400.apk has no usable artifacts
09-13 05:01:07.873 I/artd    ( 3771): GetBestInfo: /data/user_de/0/com.google.android.gms/app_chimera/m/00000018/dl-MapsCoreDynamite.integ_260830204100400.apk has no usable artifacts
09-13 05:01:07.874 I/artd    ( 3771): GetBestInfo: /data/user_de/0/com.google.android.gms/app_chimera/m/00000015/dl-PlayCloudSearch.optional_263234100000.apk has no usable artifacts
09-13 05:01:07.874 I/artd    ( 3771): GetBestInfo: /data/user_de/0/com.google.android.gms/app_chimera/m/00000016/dl-VisionOcr.optional_263234100000.apk has no usable artifacts
09-13 05:01:07.875 I/artd    ( 3771): GetBestInfo: /data/user_de/0/com.google.android.gms/app_chimera/m/00000012/dl-MlkitOcrCommon.optional_263234100400.apk has no usable artifacts
09-13 05:01:07.875 I/artd    ( 3771): GetBestInfo: /data/user_de/0/com.google.android.gms/app_chimera/m/0000000d/dl-IdentityCredentialsPlatform.optional_261136100400.apk has no usable artifacts
09-13 05:01:07.876 I/artd    ( 3771): GetBestInfo: /data/user_de/0/com.google.android.gms/app_chimera/m/00000013/dl-Appsearch.optional_263234100400.apk has no usable artifacts
09-13 05:01:07.877 I/artd    ( 3771): GetBestInfo: vdex next to the dex file (/data/user/0/com.google.android.gms/app_dg_cache/6EF5C2E3C39D601B699E493E3C02879B45CBDB40/oat/arm64/the.vdex) is kOatUpToDate with filter 'verify' executable 'false'
09-13 05:01:07.877 I/artd    ( 3771): GetBestInfo: /data/user_de/0/com.google.android.gms/app_chimera/m/00000007/MeasurementDynamite.apk has no usable artifacts
09-13 05:01:07.878 I/artd    ( 3771): GetBestInfo: /data/user_de/0/com.google.android.gms/app_chimera/m/00000017/dl-IdentityCredentialsPlatform.optional_263234100400.apk has no usable artifacts
09-13 05:01:07.878 I/artd    ( 3771): GetBestInfo: /data/user_de/0/com.google.android.gms/app_chimera/m/0000000a/dl-MlkitBarcodeUi.optional_261136100400.apk has no usable artifacts
09-13 05:01:07.917 I/wpa_supplicant(25902): wlan0: CTRL-EVENT-BEACON-LOSS 
09-13 05:01:08.863 I/AdbWifiNetworkMonitor(  647): Wi-Fi network available
09-13 05:01:08.863 I/AdbWifiNetworkMonitor(  647): Received the same Wi-Fi SSID. Ignoring.
09-13 05:01:08.864 I/HalDevMgr(  647): bestIfaceCreationProposal is null, requestIface=STA, existingIface=[name=wlan0 type=STA]
09-13 05:01:08.865 W/libbinder.IPCThreadState(  647): Sending oneway calls to frozen process.
09-13 05:01:08.865 W/libbinder.IPCThreadState(  647): Sending oneway calls to frozen process.
09-13 05:01:08.865 W/libbinder.IPCThreadState(  647): Sending oneway calls to frozen process.
09-13 05:01:08.866 I/NullBinder( 1226): NullBinder for android.net.action.RECOMMEND_NETWORKS triggering remote TransactionTooLargeException due to Service without Chimera impl, calling uid: 1000, calling pid: 0
09-13 05:01:08.866 W/libbinder.Binder( 1226): Large reply transaction of 1056768 bytes, interface descriptor , function: UNKNOWN_FUNCTION_NAME, code: 1, flags: 17
09-13 05:01:08.867 D/ConnectivityService(  647): NetReassign [no changes] [c 0] [a 0] [i 1]
09-13 05:01:08.868 I/NearbyMediums( 1226): Wifi changed new SSID: "AndroidWifi"
09-13 05:01:08.868 I/NearbyMediums( 1226): WifiLanConnectivityInfo is not changed, skip notify.
09-13 05:01:09.375 I/NearbySharing( 1226): Network state changed: NetworkState(isRestricted=false, isOnline=true, isCongested=false, isMetered=false, isWifiConnected=true)
09-13 05:01:11.877 I/HalDevMgr(  647): bestIfaceCreationProposal is null, requestIface=STA, existingIface=[name=wlan0 type=STA]
09-13 05:01:13.291 D/SatelliteController( 1026): isInCarrierRoamingNbIotNtn: satellite is disabled
09-13 05:01:13.291 D/SatelliteController( 1026): getCarrierRoamingNtnConnectType: Checking connect type from PLMN config for subId: 1
09-13 05:01:13.291 D/TelephonyConfigUpdateInstallReceiver( 1026): getConfigParser: domain=satellite
09-13 05:01:13.291 V/SatelliteController( 1026): satelliteConfigParser is not ready
09-13 05:01:13.291 D/SatelliteController( 1026): isSatelliteAttachSupportedViaConfigupdater: return null (satelliteConfig is null)
09-13 05:01:13.291 D/SatelliteController( 1026): getSatellitePerPlmnConfiguration: invalid subId or not supported via carrier.
09-13 05:01:13.292 D/SatelliteController( 1026): getCarrierRoamingNtnConnectType: config: null
09-13 05:01:13.292 D/TelephonyConfigUpdateInstallReceiver( 1026): getConfigParser: domain=satellite
09-13 05:01:13.292 V/SatelliteController( 1026): satelliteConfigParser is not ready
09-13 05:01:13.292 D/SatelliteController( 1026): getCarrierRoamingNtnConnectTypeViaConfigUpdater: return null (satelliteConfig is null)
09-13 05:01:13.292 D/SatelliteController( 1026): getCarrierRoamingNtnConnectType: Falling back to global carrier config connect type: 0
09-13 05:01:13.292 D/TelephonyConfigUpdateInstallReceiver( 1026): getConfigParser: domain=satellite
09-13 05:01:13.292 V/SatelliteController( 1026): satelliteConfigParser is not ready
09-13 05:01:13.292 D/SatelliteController( 1026): isSatelliteAttachSupportedViaConfigupdater: return null (satelliteConfig is null)
09-13 05:01:13.292 D/SatelliteController( 1026): getCarrierRoamingNtnConnectType: Checking connect type from PLMN config for subId: 1
09-13 05:01:13.292 D/TelephonyConfigUpdateInstallReceiver( 1026): getConfigParser: domain=satellite
09-13 05:01:13.292 V/SatelliteController( 1026): satelliteConfigParser is not ready
09-13 05:01:13.292 D/SatelliteController( 1026): isSatelliteAttachSupportedViaConfigupdater: return null (satelliteConfig is null)
09-13 05:01:13.292 D/SatelliteController( 1026): getSatellitePerPlmnConfiguration: invalid subId or not supported via carrier.
09-13 05:01:13.292 D/SatelliteController( 1026): getCarrierRoamingNtnConnectType: config: null
09-13 05:01:13.292 D/TelephonyConfigUpdateInstallReceiver( 1026): getConfigParser: domain=satellite
09-13 05:01:13.292 V/SatelliteController( 1026): satelliteConfigParser is not ready
09-13 05:01:13.292 D/SatelliteController( 1026): getCarrierRoamingNtnConnectTypeViaConfigUpdater: return null (satelliteConfig is null)
09-13 05:01:13.292 D/SatelliteController( 1026): getCarrierRoamingNtnConnectType: Falling back to global carrier config connect type: 0
09-13 05:01:13.292 D/TelephonyConfigUpdateInstallReceiver( 1026): getConfigParser: domain=satellite
09-13 05:01:13.292 V/SatelliteController( 1026): satelliteConfigParser is not ready
09-13 05:01:13.292 D/SatelliteController( 1026): isSatelliteAttachSupportedViaConfigupdater: return null (satelliteConfig is null)
09-13 05:01:14.889 I/HalDevMgr(  647): bestIfaceCreationProposal is null, requestIface=STA, existingIface=[name=wlan0 type=STA]
09-13 05:01:15.853 I/wpa_supplicant(25902): wlan0: CTRL-EVENT-BEACON-LOSS 
09-13 05:01:17.827 I/adbd    (  487): adbd service requested 'shell,v2,TERM=xterm-256color,raw:dumpsys package com.google.android.gms'
09-13 05:01:17.862 I/artd    ( 3771): GetBestInfo: odex next to the dex file (/data/app/~~lv0q5pv-ROGo4oWbcO66Yg==/com.google.android.gms-c0up8V4kI87sxgeZJUDS8Q==/oat/arm64/base.odex) is kOatUpToDate with filter 'speed-profile' executable 'false'
09-13 05:01:17.863 I/artd    ( 3771): GetBestInfo: dm (/data/app/~~lv0q5pv-ROGo4oWbcO66Yg==/com.google.android.gms-c0up8V4kI87sxgeZJUDS8Q==/split_AdsDynamite_installtime.dm) is kOatUpToDate with filter 'verify' executable 'false'
09-13 05:01:17.864 I/artd    ( 3771): GetBestInfo: odex next to the dex file (/data/app/~~lv0q5pv-ROGo4oWbcO66Yg==/com.google.android.gms-c0up8V4kI87sxgeZJUDS8Q==/oat/arm64/split_CronetDynamite_installtime.odex) is kOatUpToDate with filter 'speed-profile' executable 'false'
09-13 05:01:17.864 I/artd    ( 3771): GetBestInfo: dm (/data/app/~~lv0q5pv-ROGo4oWbcO66Yg==/com.google.android.gms-c0up8V4kI87sxgeZJUDS8Q==/split_DynamiteLoader_installtime.dm) is kOatUpToDate with filter 'verify' executable 'false'
09-13 05:01:17.865 I/artd    ( 3771): GetBestInfo: dm (/data/app/~~lv0q5pv-ROGo4oWbcO66Yg==/com.google.android.gms-c0up8V4kI87sxgeZJUDS8Q==/split_DynamiteModulesA_installtime.dm) is kOatUpToDate with filter 'verify' executable 'false'
09-13 05:01:17.866 I/artd    ( 3771): GetBestInfo: dm (/data/app/~~lv0q5pv-ROGo4oWbcO66Yg==/com.google.android.gms-c0up8V4kI87sxgeZJUDS8Q==/split_DynamiteModulesC_installtime.dm) is kOatUpToDate with filter 'verify' executable 'false'
09-13 05:01:17.867 I/artd    ( 3771): GetBestInfo: dm (/data/app/~~lv0q5pv-ROGo4oWbcO66Yg==/com.google.android.gms-c0up8V4kI87sxgeZJUDS8Q==/split_GoogleCertificates_installtime.dm) is kOatUpToDate with filter 'verify' executable 'false'
09-13 05:01:17.867 I/artd    ( 3771): GetBestInfo: dm (/data/app/~~lv0q5pv-ROGo4oWbcO66Yg==/com.google.android.gms-c0up8V4kI87sxgeZJUDS8Q==/split_MapsDynamite_installtime.dm) is kOatUpToDate with filter 'verify' executable 'false'
09-13 05:01:17.868 I/artd    ( 3771): GetBestInfo: dm (/data/app/~~lv0q5pv-ROGo4oWbcO66Yg==/com.google.android.gms-c0up8V4kI87sxgeZJUDS8Q==/split_MeasurementDynamite_installtime.dm) is kOatUpToDate with filter 'verify' executable 'false'
09-13 05:01:17.868 I/artd    ( 3771): GetBestInfo: /data/user_de/0/com.google.android.gms/app_chimera/m/00000001/CronetDynamite.apk has no usable artifacts
09-13 05:01:17.868 I/artd    ( 3771): GetBestInfo: /data/user_de/0/com.google.android.gms/app_chimera/m/00000002/DynamiteLoader.apk has no usable artifacts
09-13 05:01:17.869 I/artd    ( 3771): GetBestInfo: /data/user_de/0/com.google.android.gms/app_chimera/m/00000006/MapsDynamite.apk has no usable artifacts
09-13 05:01:17.870 I/artd    ( 3771): GetBestInfo: vdex next to the dex file (/data/user/0/com.google.android.gms/app_dg_cache/AEB5BC832EBF3852F39BA4BE495DD40566104436/oat/arm64/the.vdex) is kOatUpToDate with filter 'verify' executable 'false'
09-13 05:01:17.870 I/artd    ( 3771): GetBestInfo: /data/user_de/0/com.google.android.gms/app_chimera/m/00000005/GoogleCertificates.apk has no usable artifacts
09-13 05:01:17.870 I/artd    ( 3771): GetBestInfo: /data/user_de/0/com.google.android.gms/app_chimera/m/00000014/dl-TfliteDynamiteDynamite.integ_260580502100400.apk has no usable artifacts
09-13 05:01:17.871 I/artd    ( 3771): GetBestInfo: /data/user_de/0/com.google.android.gms/app_chimera/m/00000011/dl-MlkitBarcodeUi.optional_263234100400.apk has no usable artifacts
09-13 05:01:17.871 I/artd    ( 3771): GetBestInfo: /data/user_de/0/com.google.android.gms/app_chimera/m/0000000c/dl-VisionOcr.optional_261136100000.apk has no usable artifacts
09-13 05:01:17.872 I/artd    ( 3771): GetBestInfo: /data/user_de/0/com.google.android.gms/app_chimera/m/00000009/dl-TfliteDynamiteDynamite.integ_262730502100400.apk has no usable artifacts
09-13 05:01:17.873 I/artd    ( 3771): GetBestInfo: /data/user_de/0/com.google.android.gms/app_chimera/m/0000000f/dl-PlayCloudSearch.optional_261136100000.apk has no usable artifacts
09-13 05:01:17.874 I/artd    ( 3771): GetBestInfo: /data/user_de/0/com.google.android.gms/app_chimera/m/0000000b/dl-MlkitOcrCommon.optional_261136100400.apk has no usable artifacts
09-13 05:01:17.874 I/artd    ( 3771): GetBestInfo: /data/user_de/0/com.google.android.gms/app_chimera/m/00000018/dl-MapsCoreDynamite.integ_260830204100400.apk has no usable artifacts
09-13 05:01:17.875 I/artd    ( 3771): GetBestInfo: /data/user_de/0/com.google.android.gms/app_chimera/m/00000015/dl-PlayCloudSearch.optional_263234100000.apk has no usable artifacts
09-13 05:01:17.875 I/artd    ( 3771): GetBestInfo: /data/user_de/0/com.google.android.gms/app_chimera/m/00000016/dl-VisionOcr.optional_263234100000.apk has no usable artifacts
09-13 05:01:17.876 I/artd    ( 3771): GetBestInfo: /data/user_de/0/com.google.android.gms/app_chimera/m/00000012/dl-MlkitOcrCommon.optional_263234100400.apk has no usable artifacts
09-13 05:01:17.877 I/artd    ( 3771): GetBestInfo: /data/user_de/0/com.google.android.gms/app_chimera/m/0000000d/dl-IdentityCredentialsPlatform.optional_261136100400.apk has no usable artifacts
09-13 05:01:17.877 I/artd    ( 3771): GetBestInfo: /data/user_de/0/com.google.android.gms/app_chimera/m/00000013/dl-Appsearch.optional_263234100400.apk has no usable artifacts
09-13 05:01:17.878 I/artd    ( 3771): GetBestInfo: vdex next to the dex file (/data/user/0/com.google.android.gms/app_dg_cache/6EF5C2E3C39D601B699E493E3C02879B45CBDB40/oat/arm64/the.vdex) is kOatUpToDate with filter 'verify' executable 'false'
09-13 05:01:17.878 I/artd    ( 3771): GetBestInfo: /data/user_de/0/com.google.android.gms/app_chimera/m/00000007/MeasurementDynamite.apk has no usable artifacts
09-13 05:01:17.879 I/artd    ( 3771): GetBestInfo: /data/user_de/0/com.google.android.gms/app_chimera/m/00000017/dl-IdentityCredentialsPlatform.optional_263234100400.apk has no usable artifacts
09-13 05:01:17.880 I/artd    ( 3771): GetBestInfo: /data/user_de/0/com.google.android.gms/app_chimera/m/0000000a/dl-MlkitBarcodeUi.optional_261136100400.apk has no usable artifacts
09-13 05:01:17.892 I/AdbWifiNetworkMonitor(  647): Wi-Fi network available
09-13 05:01:17.892 I/AdbWifiNetworkMonitor(  647): Received the same Wi-Fi SSID. Ignoring.
09-13 05:01:17.893 I/HalDevMgr(  647): bestIfaceCreationProposal is null, requestIface=STA, existingIface=[name=wlan0 type=STA]
09-13 05:01:17.894 I/NullBinder( 1226): NullBinder for android.net.action.RECOMMEND_NETWORKS triggering remote TransactionTooLargeException due to Service without Chimera impl, calling uid: 1000, calling pid: 0
09-13 05:01:17.894 W/libbinder.Binder( 1226): Large reply transaction of 1056768 bytes, interface descriptor , function: UNKNOWN_FUNCTION_NAME, code: 1, flags: 17
09-13 05:01:17.895 W/libbinder.IPCThreadState(  647): Sending oneway calls to frozen process.
09-13 05:01:17.895 W/libbinder.IPCThreadState(  647): Sending oneway calls to frozen process.
09-13 05:01:17.895 W/libbinder.IPCThreadState(  647): Sending oneway calls to frozen process.
09-13 05:01:17.896 D/ConnectivityService(  647): NetReassign [no changes] [c 0] [a 1] [i 0]
09-13 05:01:17.896 I/NearbyMediums( 1226): Wifi changed new SSID: "AndroidWifi"
09-13 05:01:17.896 I/NearbyMediums( 1226): WifiLanConnectivityInfo is not changed, skip notify.
09-13 05:01:18.395 I/NearbySharing( 1226): Network state changed: NetworkState(isRestricted=false, isOnline=true, isCongested=false, isMetered=false, isWifiConnected=true)
09-13 05:01:20.903 I/HalDevMgr(  647): bestIfaceCreationProposal is null, requestIface=STA, existingIface=[name=wlan0 type=STA]
09-13 05:01:23.301 D/SatelliteController( 1026): isInCarrierRoamingNbIotNtn: satellite is disabled
09-13 05:01:23.301 D/SatelliteController( 1026): getCarrierRoamingNtnConnectType: Checking connect type from PLMN config for subId: 1
09-13 05:01:23.301 D/TelephonyConfigUpdateInstallReceiver( 1026): getConfigParser: domain=satellite
09-13 05:01:23.301 V/SatelliteController( 1026): satelliteConfigParser is not ready
09-13 05:01:23.301 D/SatelliteController( 1026): isSatelliteAttachSupportedViaConfigupdater: return null (satelliteConfig is null)
09-13 05:01:23.301 D/SatelliteController( 1026): getSatellitePerPlmnConfiguration: invalid subId or not supported via carrier.
09-13 05:01:23.301 D/SatelliteController( 1026): getCarrierRoamingNtnConnectType: config: null
09-13 05:01:23.301 D/TelephonyConfigUpdateInstallReceiver( 1026): getConfigParser: domain=satellite
09-13 05:01:23.301 V/SatelliteController( 1026): satelliteConfigParser is not ready
09-13 05:01:23.301 D/SatelliteController( 1026): getCarrierRoamingNtnConnectTypeViaConfigUpdater: return null (satelliteConfig is null)
09-13 05:01:23.302 D/SatelliteController( 1026): getCarrierRoamingNtnConnectType: Falling back to global carrier config connect type: 0
09-13 05:01:23.302 D/TelephonyConfigUpdateInstallReceiver( 1026): getConfigParser: domain=satellite
09-13 05:01:23.302 V/SatelliteController( 1026): satelliteConfigParser is not ready
09-13 05:01:23.302 D/SatelliteController( 1026): isSatelliteAttachSupportedViaConfigupdater: return null (satelliteConfig is null)
09-13 05:01:23.303 D/SatelliteController( 1026): getCarrierRoamingNtnConnectType: Checking connect type from PLMN config for subId: 1
09-13 05:01:23.303 D/TelephonyConfigUpdateInstallReceiver( 1026): getConfigParser: domain=satellite
09-13 05:01:23.303 V/SatelliteController( 1026): satelliteConfigParser is not ready
09-13 05:01:23.303 D/SatelliteController( 1026): isSatelliteAttachSupportedViaConfigupdater: return null (satelliteConfig is null)
09-13 05:01:23.303 D/SatelliteController( 1026): getSatellitePerPlmnConfiguration: invalid subId or not supported via carrier.
09-13 05:01:23.303 D/SatelliteController( 1026): getCarrierRoamingNtnConnectType: config: null
09-13 05:01:23.303 D/TelephonyConfigUpdateInstallReceiver( 1026): getConfigParser: domain=satellite
09-13 05:01:23.303 V/SatelliteController( 1026): satelliteConfigParser is not ready
09-13 05:01:23.303 D/SatelliteController( 1026): getCarrierRoamingNtnConnectTypeViaConfigUpdater: return null (satelliteConfig is null)
09-13 05:01:23.303 D/SatelliteController( 1026): getCarrierRoamingNtnConnectType: Falling back to global carrier config connect type: 0
09-13 05:01:23.303 D/TelephonyConfigUpdateInstallReceiver( 1026): getConfigParser: domain=satellite
09-13 05:01:23.304 V/SatelliteController( 1026): satelliteConfigParser is not ready
09-13 05:01:23.304 D/SatelliteController( 1026): isSatelliteAttachSupportedViaConfigupdater: return null (satelliteConfig is null)
09-13 05:01:23.339 W/skia    (  481): AGTM parsing failed flags.readFromStream(s) at 159
09-13 05:01:23.339 W/skia    (  481): AGTM parsing failed flags.readFromStream(s) at 159
09-13 05:01:23.790 I/wpa_supplicant(25902): wlan0: CTRL-EVENT-BEACON-LOSS 
09-13 05:01:23.906 I/HalDevMgr(  647): bestIfaceCreationProposal is null, requestIface=STA, existingIface=[name=wlan0 type=STA]
09-13 05:01:26.913 I/HalDevMgr(  647): bestIfaceCreationProposal is null, requestIface=STA, existingIface=[name=wlan0 type=STA]
09-13 05:01:27.825 I/adbd    (  487): adbd service requested 'shell,v2,TERM=xterm-256color,raw:dumpsys package com.google.android.gms'
09-13 05:01:27.854 I/artd    ( 3771): GetBestInfo: odex next to the dex file (/data/app/~~lv0q5pv-ROGo4oWbcO66Yg==/com.google.android.gms-c0up8V4kI87sxgeZJUDS8Q==/oat/arm64/base.odex) is kOatUpToDate with filter 'speed-profile' executable 'false'
09-13 05:01:27.855 I/artd    ( 3771): GetBestInfo: dm (/data/app/~~lv0q5pv-ROGo4oWbcO66Yg==/com.google.android.gms-c0up8V4kI87sxgeZJUDS8Q==/split_AdsDynamite_installtime.dm) is kOatUpToDate with filter 'verify' executable 'false'
09-13 05:01:27.855 I/artd    ( 3771): GetBestInfo: odex next to the dex file (/data/app/~~lv0q5pv-ROGo4oWbcO66Yg==/com.google.android.gms-c0up8V4kI87sxgeZJUDS8Q==/oat/arm64/split_CronetDynamite_installtime.odex) is kOatUpToDate with filter 'speed-profile' executable 'false'
09-13 05:01:27.856 I/artd    ( 3771): GetBestInfo: dm (/data/app/~~lv0q5pv-ROGo4oWbcO66Yg==/com.google.android.gms-c0up8V4kI87sxgeZJUDS8Q==/split_DynamiteLoader_installtime.dm) is kOatUpToDate with filter 'verify' executable 'false'
09-13 05:01:27.856 I/artd    ( 3771): GetBestInfo: dm (/data/app/~~lv0q5pv-ROGo4oWbcO66Yg==/com.google.android.gms-c0up8V4kI87sxgeZJUDS8Q==/split_DynamiteModulesA_installtime.dm) is kOatUpToDate with filter 'verify' executable 'false'
09-13 05:01:27.856 I/artd    ( 3771): GetBestInfo: dm (/data/app/~~lv0q5pv-ROGo4oWbcO66Yg==/com.google.android.gms-c0up8V4kI87sxgeZJUDS8Q==/split_DynamiteModulesC_installtime.dm) is kOatUpToDate with filter 'verify' executable 'false'
09-13 05:01:27.857 I/artd    ( 3771): GetBestInfo: dm (/data/app/~~lv0q5pv-ROGo4oWbcO66Yg==/com.google.android.gms-c0up8V4kI87sxgeZJUDS8Q==/split_GoogleCertificates_installtime.dm) is kOatUpToDate with filter 'verify' executable 'false'
09-13 05:01:27.858 I/artd    ( 3771): GetBestInfo: dm (/data/app/~~lv0q5pv-ROGo4oWbcO66Yg==/com.google.android.gms-c0up8V4kI87sxgeZJUDS8Q==/split_MapsDynamite_installtime.dm) is kOatUpToDate with filter 'verify' executable 'false'
09-13 05:01:27.859 I/artd    ( 3771): GetBestInfo: dm (/data/app/~~lv0q5pv-ROGo4oWbcO66Yg==/com.google.android.gms-c0up8V4kI87sxgeZJUDS8Q==/split_MeasurementDynamite_installtime.dm) is kOatUpToDate with filter 'verify' executable 'false'
09-13 05:01:27.859 I/artd    ( 3771): GetBestInfo: /data/user_de/0/com.google.android.gms/app_chimera/m/00000001/CronetDynamite.apk has no usable artifacts
09-13 05:01:27.859 I/artd    ( 3771): GetBestInfo: /data/user_de/0/com.google.android.gms/app_chimera/m/00000002/DynamiteLoader.apk has no usable artifacts
09-13 05:01:27.859 I/artd    ( 3771): GetBestInfo: /data/user_de/0/com.google.android.gms/app_chimera/m/00000006/MapsDynamite.apk has no usable artifacts
09-13 05:01:27.859 I/artd    ( 3771): GetBestInfo: vdex next to the dex file (/data/user/0/com.google.android.gms/app_dg_cache/AEB5BC832EBF3852F39BA4BE495DD40566104436/oat/arm64/the.vdex) is kOatUpToDate with filter 'verify' executable 'false'
09-13 05:01:27.860 I/artd    ( 3771): GetBestInfo: /data/user_de/0/com.google.android.gms/app_chimera/m/00000005/GoogleCertificates.apk has no usable artifacts
09-13 05:01:27.860 I/artd    ( 3771): GetBestInfo: /data/user_de/0/com.google.android.gms/app_chimera/m/00000014/dl-TfliteDynamiteDynamite.integ_260580502100400.apk has no usable artifacts
09-13 05:01:27.861 I/artd    ( 3771): GetBestInfo: /data/user_de/0/com.google.android.gms/app_chimera/m/00000011/dl-MlkitBarcodeUi.optional_263234100400.apk has no usable artifacts
09-13 05:01:27.862 I/artd    ( 3771): GetBestInfo: /data/user_de/0/com.google.android.gms/app_chimera/m/0000000c/dl-VisionOcr.optional_261136100000.apk has no usable artifacts
09-13 05:01:27.863 I/artd    ( 3771): GetBestInfo: /data/user_de/0/com.google.android.gms/app_chimera/m/00000009/dl-TfliteDynamiteDynamite.integ_262730502100400.apk has no usable artifacts
09-13 05:01:27.864 I/artd    ( 3771): GetBestInfo: /data/user_de/0/com.google.android.gms/app_chimera/m/0000000f/dl-PlayCloudSearch.optional_261136100000.apk has no usable artifacts
09-13 05:01:27.865 I/artd    ( 3771): GetBestInfo: /data/user_de/0/com.google.android.gms/app_chimera/m/0000000b/dl-MlkitOcrCommon.optional_261136100400.apk has no usable artifacts
09-13 05:01:27.865 I/artd    ( 3771): GetBestInfo: /data/user_de/0/com.google.android.gms/app_chimera/m/00000018/dl-MapsCoreDynamite.integ_260830204100400.apk has no usable artifacts
09-13 05:01:27.866 I/artd    ( 3771): GetBestInfo: /data/user_de/0/com.google.android.gms/app_chimera/m/00000015/dl-PlayCloudSearch.optional_263234100000.apk has no usable artifacts
09-13 05:01:27.867 I/artd    ( 3771): GetBestInfo: /data/user_de/0/com.google.android.gms/app_chimera/m/00000016/dl-VisionOcr.optional_263234100000.apk has no usable artifacts
09-13 05:01:27.867 I/artd    ( 3771): GetBestInfo: /data/user_de/0/com.google.android.gms/app_chimera/m/00000012/dl-MlkitOcrCommon.optional_263234100400.apk has no usable artifacts
09-13 05:01:27.868 I/artd    ( 3771): GetBestInfo: /data/user_de/0/com.google.android.gms/app_chimera/m/0000000d/dl-IdentityCredentialsPlatform.optional_261136100400.apk has no usable artifacts
09-13 05:01:27.869 I/artd    ( 3771): GetBestInfo: /data/user_de/0/com.google.android.gms/app_chimera/m/00000013/dl-Appsearch.optional_263234100400.apk has no usable artifacts
09-13 05:01:27.870 I/artd    ( 3771): GetBestInfo: vdex next to the dex file (/data/user/0/com.google.android.gms/app_dg_cache/6EF5C2E3C39D601B699E493E3C02879B45CBDB40/oat/arm64/the.vdex) is kOatUpToDate with filter 'verify' executable 'false'
09-13 05:01:27.870 I/artd    ( 3771): GetBestInfo: /data/user_de/0/com.google.android.gms/app_chimera/m/00000007/MeasurementDynamite.apk has no usable artifacts
09-13 05:01:27.870 I/artd    ( 3771): GetBestInfo: /data/user_de/0/com.google.android.gms/app_chimera/m/00000017/dl-IdentityCredentialsPlatform.optional_263234100400.apk has no usable artifacts
09-13 05:01:27.871 I/artd    ( 3771): GetBestInfo: /data/user_de/0/com.google.android.gms/app_chimera/m/0000000a/dl-MlkitBarcodeUi.optional_261136100400.apk has no usable artifacts
09-13 05:01:29.919 I/HalDevMgr(  647): bestIfaceCreationProposal is null, requestIface=STA, existingIface=[name=wlan0 type=STA]
09-13 05:01:31.726 I/wpa_supplicant(25902): wlan0: CTRL-EVENT-BEACON-LOSS 
09-13 05:01:32.922 I/AdbWifiNetworkMonitor(  647): Wi-Fi network available
09-13 05:01:32.922 I/HalDevMgr(  647): bestIfaceCreationProposal is null, requestIface=STA, existingIface=[name=wlan0 type=STA]
09-13 05:01:32.922 I/AdbWifiNetworkMonitor(  647): Received the same Wi-Fi SSID. Ignoring.
09-13 05:01:32.924 W/libbinder.IPCThreadState(  647): Sending oneway calls to frozen process.
09-13 05:01:32.924 W/libbinder.IPCThreadState(  647): Sending oneway calls to frozen process.
09-13 05:01:32.924 W/libbinder.IPCThreadState(  647): Sending oneway calls to frozen process.
09-13 05:01:32.925 I/NullBinder( 1226): NullBinder for android.net.action.RECOMMEND_NETWORKS triggering remote TransactionTooLargeException due to Service without Chimera impl, calling uid: 1000, calling pid: 0
09-13 05:01:32.925 W/libbinder.Binder( 1226): Large reply transaction of 1056768 bytes, interface descriptor , function: UNKNOWN_FUNCTION_NAME, code: 1, flags: 17
09-13 05:01:32.925 D/ConnectivityService(  647): NetReassign [no changes] [c 0] [a 1] [i 0]
09-13 05:01:32.926 I/NearbyMediums( 1226): Wifi changed new SSID: "AndroidWifi"
09-13 05:01:32.926 I/NearbyMediums( 1226): WifiLanConnectivityInfo is not changed, skip notify.
09-13 05:01:33.309 D/SatelliteController( 1026): isInCarrierRoamingNbIotNtn: satellite is disabled
09-13 05:01:33.309 D/SatelliteController( 1026): getCarrierRoamingNtnConnectType: Checking connect type from PLMN config for subId: 1
09-13 05:01:33.309 D/TelephonyConfigUpdateInstallReceiver( 1026): getConfigParser: domain=satellite
09-13 05:01:33.309 V/SatelliteController( 1026): satelliteConfigParser is not ready
09-13 05:01:33.309 D/SatelliteController( 1026): isSatelliteAttachSupportedViaConfigupdater: return null (satelliteConfig is null)
09-13 05:01:33.309 D/SatelliteController( 1026): getSatellitePerPlmnConfiguration: invalid subId or not supported via carrier.
09-13 05:01:33.309 D/SatelliteController( 1026): getCarrierRoamingNtnConnectType: config: null
09-13 05:01:33.309 D/TelephonyConfigUpdateInstallReceiver( 1026): getConfigParser: domain=satellite
09-13 05:01:33.309 V/SatelliteController( 1026): satelliteConfigParser is not ready
09-13 05:01:33.309 D/SatelliteController( 1026): getCarrierRoamingNtnConnectTypeViaConfigUpdater: return null (satelliteConfig is null)
09-13 05:01:33.310 D/SatelliteController( 1026): getCarrierRoamingNtnConnectType: Falling back to global carrier config connect type: 0
09-13 05:01:33.310 D/TelephonyConfigUpdateInstallReceiver( 1026): getConfigParser: domain=satellite
09-13 05:01:33.310 V/SatelliteController( 1026): satelliteConfigParser is not ready
09-13 05:01:33.310 D/SatelliteController( 1026): isSatelliteAttachSupportedViaConfigupdater: return null (satelliteConfig is null)
09-13 05:01:33.311 D/SatelliteController( 1026): getCarrierRoamingNtnConnectType: Checking connect type from PLMN config for subId: 1
09-13 05:01:33.311 D/TelephonyConfigUpdateInstallReceiver( 1026): getConfigParser: domain=satellite
09-13 05:01:33.312 V/SatelliteController( 1026): satelliteConfigParser is not ready
09-13 05:01:33.312 D/SatelliteController( 1026): isSatelliteAttachSupportedViaConfigupdater: return null (satelliteConfig is null)
09-13 05:01:33.314 D/SatelliteController( 1026): getSatellitePerPlmnConfiguration: invalid subId or not supported via carrier.
09-13 05:01:33.314 D/SatelliteController( 1026): getCarrierRoamingNtnConnectType: config: null
09-13 05:01:33.314 D/TelephonyConfigUpdateInstallReceiver( 1026): getConfigParser: domain=satellite
09-13 05:01:33.314 V/SatelliteController( 1026): satelliteConfigParser is not ready
09-13 05:01:33.314 D/SatelliteController( 1026): getCarrierRoamingNtnConnectTypeViaConfigUpdater: return null (satelliteConfig is null)
09-13 05:01:33.315 D/SatelliteController( 1026): getCarrierRoamingNtnConnectType: Falling back to global carrier config connect type: 0
09-13 05:01:33.315 D/TelephonyConfigUpdateInstallReceiver( 1026): getConfigParser: domain=satellite
09-13 05:01:33.315 V/SatelliteController( 1026): satelliteConfigParser is not ready
09-13 05:01:33.315 D/SatelliteController( 1026): isSatelliteAttachSupportedViaConfigupdater: return null (satelliteConfig is null)
09-13 05:01:33.427 I/NearbySharing( 1226): Network state changed: NetworkState(isRestricted=false, isOnline=true, isCongested=false, isMetered=false, isWifiConnected=true)
09-13 05:01:35.929 I/HalDevMgr(  647): bestIfaceCreationProposal is null, requestIface=STA, existingIface=[name=wlan0 type=STA]
09-13 05:01:37.828 I/adbd    (  487): adbd service requested 'shell,v2,TERM=xterm-256color,raw:dumpsys package com.google.android.gms'
09-13 05:01:37.861 I/artd    ( 3771): GetBestInfo: odex next to the dex file (/data/app/~~lv0q5pv-ROGo4oWbcO66Yg==/com.google.android.gms-c0up8V4kI87sxgeZJUDS8Q==/oat/arm64/base.odex) is kOatUpToDate with filter 'speed-profile' executable 'false'
09-13 05:01:37.861 I/artd    ( 3771): GetBestInfo: dm (/data/app/~~lv0q5pv-ROGo4oWbcO66Yg==/com.google.android.gms-c0up8V4kI87sxgeZJUDS8Q==/split_AdsDynamite_installtime.dm) is kOatUpToDate with filter 'verify' executable 'false'
09-13 05:01:37.862 I/artd    ( 3771): GetBestInfo: odex next to the dex file (/data/app/~~lv0q5pv-ROGo4oWbcO66Yg==/com.google.android.gms-c0up8V4kI87sxgeZJUDS8Q==/oat/arm64/split_CronetDynamite_installtime.odex) is kOatUpToDate with filter 'speed-profile' executable 'false'
09-13 05:01:37.862 I/artd    ( 3771): GetBestInfo: dm (/data/app/~~lv0q5pv-ROGo4oWbcO66Yg==/com.google.android.gms-c0up8V4kI87sxgeZJUDS8Q==/split_DynamiteLoader_installtime.dm) is kOatUpToDate with filter 'verify' executable 'false'
09-13 05:01:37.863 I/artd    ( 3771): GetBestInfo: dm (/data/app/~~lv0q5pv-ROGo4oWbcO66Yg==/com.google.android.gms-c0up8V4kI87sxgeZJUDS8Q==/split_DynamiteModulesA_installtime.dm) is kOatUpToDate with filter 'verify' executable 'false'
09-13 05:01:37.863 I/artd    ( 3771): GetBestInfo: dm (/data/app/~~lv0q5pv-ROGo4oWbcO66Yg==/com.google.android.gms-c0up8V4kI87sxgeZJUDS8Q==/split_DynamiteModulesC_installtime.dm) is kOatUpToDate with filter 'verify' executable 'false'
09-13 05:01:37.864 I/artd    ( 3771): GetBestInfo: dm (/data/app/~~lv0q5pv-ROGo4oWbcO66Yg==/com.google.android.gms-c0up8V4kI87sxgeZJUDS8Q==/split_GoogleCertificates_installtime.dm) is kOatUpToDate with filter 'verify' executable 'false'
09-13 05:01:37.864 I/artd    ( 3771): GetBestInfo: dm (/data/app/~~lv0q5pv-ROGo4oWbcO66Yg==/com.google.android.gms-c0up8V4kI87sxgeZJUDS8Q==/split_MapsDynamite_installtime.dm) is kOatUpToDate with filter 'verify' executable 'false'
09-13 05:01:37.865 I/artd    ( 3771): GetBestInfo: dm (/data/app/~~lv0q5pv-ROGo4oWbcO66Yg==/com.google.android.gms-c0up8V4kI87sxgeZJUDS8Q==/split_MeasurementDynamite_installtime.dm) is kOatUpToDate with filter 'verify' executable 'false'
09-13 05:01:37.865 I/artd    ( 3771): GetBestInfo: /data/user_de/0/com.google.android.gms/app_chimera/m/00000001/CronetDynamite.apk has no usable artifacts
09-13 05:01:37.866 I/artd    ( 3771): GetBestInfo: /data/user_de/0/com.google.android.gms/app_chimera/m/00000002/DynamiteLoader.apk has no usable artifacts
09-13 05:01:37.866 I/artd    ( 3771): GetBestInfo: /data/user_de/0/com.google.android.gms/app_chimera/m/00000006/MapsDynamite.apk has no usable artifacts
09-13 05:01:37.867 I/artd    ( 3771): GetBestInfo: vdex next to the dex file (/data/user/0/com.google.android.gms/app_dg_cache/AEB5BC832EBF3852F39BA4BE495DD40566104436/oat/arm64/the.vdex) is kOatUpToDate with filter 'verify' executable 'false'
09-13 05:01:37.867 I/artd    ( 3771): GetBestInfo: /data/user_de/0/com.google.android.gms/app_chimera/m/00000005/GoogleCertificates.apk has no usable artifacts
09-13 05:01:37.867 I/artd    ( 3771): GetBestInfo: /data/user_de/0/com.google.android.gms/app_chimera/m/00000014/dl-TfliteDynamiteDynamite.integ_260580502100400.apk has no usable artifacts
09-13 05:01:37.868 I/artd    ( 3771): GetBestInfo: /data/user_de/0/com.google.android.gms/app_chimera/m/00000011/dl-MlkitBarcodeUi.optional_263234100400.apk has no usable artifacts
09-13 05:01:37.868 I/artd    ( 3771): GetBestInfo: /data/user_de/0/com.google.android.gms/app_chimera/m/0000000c/dl-VisionOcr.optional_261136100000.apk has no usable artifacts
09-13 05:01:37.870 I/artd    ( 3771): GetBestInfo: /data/user_de/0/com.google.android.gms/app_chimera/m/00000009/dl-TfliteDynamiteDynamite.integ_262730502100400.apk has no usable artifacts
09-13 05:01:37.870 I/artd    ( 3771): GetBestInfo: /data/user_de/0/com.google.android.gms/app_chimera/m/0000000f/dl-PlayCloudSearch.optional_261136100000.apk has no usable artifacts
09-13 05:01:37.871 I/artd    ( 3771): GetBestInfo: /data/user_de/0/com.google.android.gms/app_chimera/m/0000000b/dl-MlkitOcrCommon.optional_261136100400.apk has no usable artifacts
09-13 05:01:37.871 I/artd    ( 3771): GetBestInfo: /data/user_de/0/com.google.android.gms/app_chimera/m/00000018/dl-MapsCoreDynamite.integ_260830204100400.apk has no usable artifacts
09-13 05:01:37.872 I/artd    ( 3771): GetBestInfo: /data/user_de/0/com.google.android.gms/app_chimera/m/00000015/dl-PlayCloudSearch.optional_263234100000.apk has no usable artifacts
09-13 05:01:37.873 I/artd    ( 3771): GetBestInfo: /data/user_de/0/com.google.android.gms/app_chimera/m/00000016/dl-VisionOcr.optional_263234100000.apk has no usable artifacts
09-13 05:01:37.874 I/artd    ( 3771): GetBestInfo: /data/user_de/0/com.google.android.gms/app_chimera/m/00000012/dl-MlkitOcrCommon.optional_263234100400.apk has no usable artifacts
09-13 05:01:37.874 I/artd    ( 3771): GetBestInfo: /data/user_de/0/com.google.android.gms/app_chimera/m/0000000d/dl-IdentityCredentialsPlatform.optional_261136100400.apk has no usable artifacts
09-13 05:01:37.875 I/artd    ( 3771): GetBestInfo: /data/user_de/0/com.google.android.gms/app_chimera/m/00000013/dl-Appsearch.optional_263234100400.apk has no usable artifacts
09-13 05:01:37.875 I/artd    ( 3771): GetBestInfo: vdex next to the dex file (/data/user/0/com.google.android.gms/app_dg_cache/6EF5C2E3C39D601B699E493E3C02879B45CBDB40/oat/arm64/the.vdex) is kOatUpToDate with filter 'verify' executable 'false'
09-13 05:01:37.876 I/artd    ( 3771): GetBestInfo: /data/user_de/0/com.google.android.gms/app_chimera/m/00000007/MeasurementDynamite.apk has no usable artifacts
09-13 05:01:37.877 I/artd    ( 3771): GetBestInfo: /data/user_de/0/com.google.android.gms/app_chimera/m/00000017/dl-IdentityCredentialsPlatform.optional_263234100400.apk has no usable artifacts
09-13 05:01:37.878 I/artd    ( 3771): GetBestInfo: /data/user_de/0/com.google.android.gms/app_chimera/m/0000000a/dl-MlkitBarcodeUi.optional_261136100400.apk has no usable artifacts
09-13 05:01:38.937 I/HalDevMgr(  647): bestIfaceCreationProposal is null, requestIface=STA, existingIface=[name=wlan0 type=STA]
09-13 05:01:39.921 I/wpa_supplicant(25902): wlan0: CTRL-EVENT-BEACON-LOSS 
09-13 05:01:40.121 E/Nl80211Native(  647): getChannelsMhzForBand: Wiphy index not recorded for band 8
09-13 05:01:40.121 E/Nl80211Native(  647): getChannelsMhzForBand: Wiphy index not recorded for band 16
09-13 05:01:40.121 D/Nl80211Native(  647): Ignoring unsupported scan type 2
09-13 05:01:40.122 I/Nl80211Proxy(  647): Sending Nl80211 message: GenericNetlinkMsg{ nlHeader{StructNlMsgHdr{ nlmsg_len{56}, nlmsg_type{29()}, nlmsg_flags{5(NLM_F_REQUEST|NLM_F_ACK)}, nlmsg_seq{546}, nlmsg_pid{0} }}, genNlHeader{StructGenNlMsgHdr{ command{33}, version{1}, reserved{0} }}, attributes{[StructNlAttr{ nla_len{8}, nla_type{-32723}, nla_value{04000000}, }, StructNlAttr{ nla_len{8}, nla_type{3}, nla_value{10000000}, }, StructNlAttr{ nla_len{12}, nla_type{-32724}, nla_value{080000008F090000}, }, StructNlAttr{ nla_len{8}, nla_type{158}, nla_value{00000000}, }]} }
09-13 05:01:40.122 I/Nl80211Proxy(  647): Received NLMSG_ERROR with error 0 for message GenericNetlinkMsg{ nlHeader{StructNlMsgHdr{ nlmsg_len{56}, nlmsg_type{29()}, nlmsg_flags{5(NLM_F_REQUEST|NLM_F_ACK)}, nlmsg_seq{546}, nlmsg_pid{0} }}, genNlHeader{StructGenNlMsgHdr{ command{33}, version{1}, reserved{0} }}, attributes{[StructNlAttr{ nla_len{8}, nla_type{-32723}, nla_value{04000000}, }, StructNlAttr{ nla_len{8}, nla_type{3}, nla_value{10000000}, }, StructNlAttr{ nla_len{12}, nla_type{-32724}, nla_value{080000008F090000}, }, StructNlAttr{ nla_len{8}, nla_type{158}, nla_value{00000000}, }]} }
09-13 05:01:40.176 D/WifiNative(  647): Scan result ready event
09-13 05:01:40.176 I/Nl80211Proxy(  647): Sending Nl80211 message: GenericNetlinkMsg{ nlHeader{StructNlMsgHdr{ nlmsg_len{20}, nlmsg_type{29()}, nlmsg_flags{769(NLM_F_REQUEST|NLM_F_DUMP)}, nlmsg_seq{547}, nlmsg_pid{0} }}, genNlHeader{StructGenNlMsgHdr{ command{5}, version{1}, reserved{0} }}, attributes{[]} }
09-13 05:01:40.176 I/Nl80211Proxy(  647): Received NLMSG_DONE for message GenericNetlinkMsg{ nlHeader{StructNlMsgHdr{ nlmsg_len{20}, nlmsg_type{29()}, nlmsg_flags{769(NLM_F_REQUEST|NLM_F_DUMP)}, nlmsg_seq{547}, nlmsg_pid{0} }}, genNlHeader{StructGenNlMsgHdr{ command{5}, version{1}, reserved{0} }}, attributes{[]} }
09-13 05:01:40.176 W/Nl80211Utils(  647): Malformed NEW_INTERFACE response: missing attributes
09-13 05:01:40.176 I/Nl80211Proxy(  647): Sending Nl80211 message: GenericNetlinkMsg{ nlHeader{StructNlMsgHdr{ nlmsg_len{28}, nlmsg_type{29()}, nlmsg_flags{769(NLM_F_REQUEST|NLM_F_DUMP)}, nlmsg_seq{548}, nlmsg_pid{0} }}, genNlHeader{StructGenNlMsgHdr{ command{32}, version{1}, reserved{0} }}, attributes{[StructNlAttr{ nla_len{8}, nla_type{3}, nla_value{10000000}, }]} }
09-13 05:01:40.176 I/Nl80211Proxy(  647): Received NLMSG_DONE for message GenericNetlinkMsg{ nlHeader{StructNlMsgHdr{ nlmsg_len{28}, nlmsg_type{29()}, nlmsg_flags{769(NLM_F_REQUEST|NLM_F_DUMP)}, nlmsg_seq{548}, nlmsg_pid{0} }}, genNlHeader{StructGenNlMsgHdr{ command{32}, version{1}, reserved{0} }}, attributes{[StructNlAttr{ nla_len{8}, nla_type{3}, nla_value{10000000}, }]} }
09-13 05:01:40.177 I/WifiScanner( 1226): onFullResults
09-13 05:01:40.177 I/WifiScanner( 1226): onFullResults
09-13 05:01:40.180 I/HalDevMgr(  647): bestIfaceCreationProposal is null, requestIface=STA, existingIface=[name=wlan0 type=STA]
09-13 05:01:41.943 I/HalDevMgr(  647): bestIfaceCreationProposal is null, requestIface=STA, existingIface=[name=wlan0 type=STA]
09-13 05:01:43.312 D/SatelliteController( 1026): isInCarrierRoamingNbIotNtn: satellite is disabled
09-13 05:01:43.312 D/SatelliteController( 1026): getCarrierRoamingNtnConnectType: Checking connect type from PLMN config for subId: 1
09-13 05:01:43.312 D/TelephonyConfigUpdateInstallReceiver( 1026): getConfigParser: domain=satellite
09-13 05:01:43.312 V/SatelliteController( 1026): satelliteConfigParser is not ready
09-13 05:01:43.312 D/SatelliteController( 1026): isSatelliteAttachSupportedViaConfigupdater: return null (satelliteConfig is null)
09-13 05:01:43.313 D/SatelliteController( 1026): getSatellitePerPlmnConfiguration: invalid subId or not supported via carrier.
09-13 05:01:43.313 D/SatelliteController( 1026): getCarrierRoamingNtnConnectType: config: null
09-13 05:01:43.313 D/TelephonyConfigUpdateInstallReceiver( 1026): getConfigParser: domain=satellite
09-13 05:01:43.313 V/SatelliteController( 1026): satelliteConfigParser is not ready
09-13 05:01:43.313 D/SatelliteController( 1026): getCarrierRoamingNtnConnectTypeViaConfigUpdater: return null (satelliteConfig is null)
09-13 05:01:43.314 D/SatelliteController( 1026): getCarrierRoamingNtnConnectType: Falling back to global carrier config connect type: 0
09-13 05:01:43.314 D/TelephonyConfigUpdateInstallReceiver( 1026): getConfigParser: domain=satellite
09-13 05:01:43.314 V/SatelliteController( 1026): satelliteConfigParser is not ready
09-13 05:01:43.314 D/SatelliteController( 1026): isSatelliteAttachSupportedViaConfigupdater: return null (satelliteConfig is null)
09-13 05:01:43.314 D/SatelliteController( 1026): getCarrierRoamingNtnConnectType: Checking connect type from PLMN config for subId: 1
09-13 05:01:43.314 D/TelephonyConfigUpdateInstallReceiver( 1026): getConfigParser: domain=satellite
09-13 05:01:43.314 V/SatelliteController( 1026): satelliteConfigParser is not ready
09-13 05:01:43.314 D/SatelliteController( 1026): isSatelliteAttachSupportedViaConfigupdater: return null (satelliteConfig is null)
09-13 05:01:43.315 D/SatelliteController( 1026): getSatellitePerPlmnConfiguration: invalid subId or not supported via carrier.
09-13 05:01:43.315 D/SatelliteController( 1026): getCarrierRoamingNtnConnectType: config: null
09-13 05:01:43.315 D/TelephonyConfigUpdateInstallReceiver( 1026): getConfigParser: domain=satellite
09-13 05:01:43.315 V/SatelliteController( 1026): satelliteConfigParser is not ready
09-13 05:01:43.315 D/SatelliteController( 1026): getCarrierRoamingNtnConnectTypeViaConfigUpdater: return null (satelliteConfig is null)
09-13 05:01:43.315 D/SatelliteController( 1026): getCarrierRoamingNtnConnectType: Falling back to global carrier config connect type: 0
09-13 05:01:43.315 D/TelephonyConfigUpdateInstallReceiver( 1026): getConfigParser: domain=satellite
09-13 05:01:43.315 V/SatelliteController( 1026): satelliteConfigParser is not ready
09-13 05:01:43.315 D/SatelliteController( 1026): isSatelliteAttachSupportedViaConfigupdater: return null (satelliteConfig is null)
09-13 05:01:44.949 I/HalDevMgr(  647): bestIfaceCreationProposal is null, requestIface=STA, existingIface=[name=wlan0 type=STA]
09-13 05:01:47.837 I/adbd    (  487): adbd service requested 'shell,v2,TERM=xterm-256color,raw:dumpsys package com.google.android.gms'
09-13 05:01:47.857 I/wpa_supplicant(25902): wlan0: CTRL-EVENT-BEACON-LOSS 
09-13 05:01:47.872 I/artd    ( 3771): GetBestInfo: odex next to the dex file (/data/app/~~lv0q5pv-ROGo4oWbcO66Yg==/com.google.android.gms-c0up8V4kI87sxgeZJUDS8Q==/oat/arm64/base.odex) is kOatUpToDate with filter 'speed-profile' executable 'false'
09-13 05:01:47.873 I/artd    ( 3771): GetBestInfo: dm (/data/app/~~lv0q5pv-ROGo4oWbcO66Yg==/com.google.android.gms-c0up8V4kI87sxgeZJUDS8Q==/split_AdsDynamite_installtime.dm) is kOatUpToDate with filter 'verify' executable 'false'
09-13 05:01:47.874 I/artd    ( 3771): GetBestInfo: odex next to the dex file (/data/app/~~lv0q5pv-ROGo4oWbcO66Yg==/com.google.android.gms-c0up8V4kI87sxgeZJUDS8Q==/oat/arm64/split_CronetDynamite_installtime.odex) is kOatUpToDate with filter 'speed-profile' executable 'false'
09-13 05:01:47.875 I/artd    ( 3771): GetBestInfo: dm (/data/app/~~lv0q5pv-ROGo4oWbcO66Yg==/com.google.android.gms-c0up8V4kI87sxgeZJUDS8Q==/split_DynamiteLoader_installtime.dm) is kOatUpToDate with filter 'verify' executable 'false'
09-13 05:01:47.875 I/artd    ( 3771): GetBestInfo: dm (/data/app/~~lv0q5pv-ROGo4oWbcO66Yg==/com.google.android.gms-c0up8V4kI87sxgeZJUDS8Q==/split_DynamiteModulesA_installtime.dm) is kOatUpToDate with filter 'verify' executable 'false'
09-13 05:01:47.876 I/artd    ( 3771): GetBestInfo: dm (/data/app/~~lv0q5pv-ROGo4oWbcO66Yg==/com.google.android.gms-c0up8V4kI87sxgeZJUDS8Q==/split_DynamiteModulesC_installtime.dm) is kOatUpToDate with filter 'verify' executable 'false'
09-13 05:01:47.877 I/artd    ( 3771): GetBestInfo: dm (/data/app/~~lv0q5pv-ROGo4oWbcO66Yg==/com.google.android.gms-c0up8V4kI87sxgeZJUDS8Q==/split_GoogleCertificates_installtime.dm) is kOatUpToDate with filter 'verify' executable 'false'
09-13 05:01:47.878 I/artd    ( 3771): GetBestInfo: dm (/data/app/~~lv0q5pv-ROGo4oWbcO66Yg==/com.google.android.gms-c0up8V4kI87sxgeZJUDS8Q==/split_MapsDynamite_installtime.dm) is kOatUpToDate with filter 'verify' executable 'false'
09-13 05:01:47.878 I/artd    ( 3771): GetBestInfo: dm (/data/app/~~lv0q5pv-ROGo4oWbcO66Yg==/com.google.android.gms-c0up8V4kI87sxgeZJUDS8Q==/split_MeasurementDynamite_installtime.dm) is kOatUpToDate with filter 'verify' executable 'false'
09-13 05:01:47.878 I/artd    ( 3771): GetBestInfo: /data/user_de/0/com.google.android.gms/app_chimera/m/00000001/CronetDynamite.apk has no usable artifacts
09-13 05:01:47.879 I/artd    ( 3771): GetBestInfo: /data/user_de/0/com.google.android.gms/app_chimera/m/00000002/DynamiteLoader.apk has no usable artifacts
09-13 05:01:47.879 I/artd    ( 3771): GetBestInfo: /data/user_de/0/com.google.android.gms/app_chimera/m/00000006/MapsDynamite.apk has no usable artifacts
09-13 05:01:47.880 I/artd    ( 3771): GetBestInfo: vdex next to the dex file (/data/user/0/com.google.android.gms/app_dg_cache/AEB5BC832EBF3852F39BA4BE495DD40566104436/oat/arm64/the.vdex) is kOatUpToDate with filter 'verify' executable 'false'
09-13 05:01:47.880 I/artd    ( 3771): GetBestInfo: /data/user_de/0/com.google.android.gms/app_chimera/m/00000005/GoogleCertificates.apk has no usable artifacts
09-13 05:01:47.880 I/artd    ( 3771): GetBestInfo: /data/user_de/0/com.google.android.gms/app_chimera/m/00000014/dl-TfliteDynamiteDynamite.integ_260580502100400.apk has no usable artifacts
09-13 05:01:47.881 I/artd    ( 3771): GetBestInfo: /data/user_de/0/com.google.android.gms/app_chimera/m/00000011/dl-MlkitBarcodeUi.optional_263234100400.apk has no usable artifacts
09-13 05:01:47.882 I/artd    ( 3771): GetBestInfo: /data/user_de/0/com.google.android.gms/app_chimera/m/0000000c/dl-VisionOcr.optional_261136100000.apk has no usable artifacts
09-13 05:01:47.882 I/artd    ( 3771): GetBestInfo: /data/user_de/0/com.google.android.gms/app_chimera/m/00000009/dl-TfliteDynamiteDynamite.integ_262730502100400.apk has no usable artifacts
09-13 05:01:47.883 I/artd    ( 3771): GetBestInfo: /data/user_de/0/com.google.android.gms/app_chimera/m/0000000f/dl-PlayCloudSearch.optional_261136100000.apk has no usable artifacts
09-13 05:01:47.883 I/artd    ( 3771): GetBestInfo: /data/user_de/0/com.google.android.gms/app_chimera/m/0000000b/dl-MlkitOcrCommon.optional_261136100400.apk has no usable artifacts
09-13 05:01:47.883 I/artd    ( 3771): GetBestInfo: /data/user_de/0/com.google.android.gms/app_chimera/m/00000018/dl-MapsCoreDynamite.integ_260830204100400.apk has no usable artifacts
09-13 05:01:47.884 I/artd    ( 3771): GetBestInfo: /data/user_de/0/com.google.android.gms/app_chimera/m/00000015/dl-PlayCloudSearch.optional_263234100000.apk has no usable artifacts
09-13 05:01:47.885 I/artd    ( 3771): GetBestInfo: /data/user_de/0/com.google.android.gms/app_chimera/m/00000016/dl-VisionOcr.optional_263234100000.apk has no usable artifacts
09-13 05:01:47.885 I/artd    ( 3771): GetBestInfo: /data/user_de/0/com.google.android.gms/app_chimera/m/00000012/dl-MlkitOcrCommon.optional_263234100400.apk has no usable artifacts
09-13 05:01:47.886 I/artd    ( 3771): GetBestInfo: /data/user_de/0/com.google.android.gms/app_chimera/m/0000000d/dl-IdentityCredentialsPlatform.optional_261136100400.apk has no usable artifacts
09-13 05:01:47.887 I/artd    ( 3771): GetBestInfo: /data/user_de/0/com.google.android.gms/app_chimera/m/00000013/dl-Appsearch.optional_263234100400.apk has no usable artifacts
09-13 05:01:47.888 I/artd    ( 3771): GetBestInfo: vdex next to the dex file (/data/user/0/com.google.android.gms/app_dg_cache/6EF5C2E3C39D601B699E493E3C02879B45CBDB40/oat/arm64/the.vdex) is kOatUpToDate with filter 'verify' executable 'false'
09-13 05:01:47.888 I/artd    ( 3771): GetBestInfo: /data/user_de/0/com.google.android.gms/app_chimera/m/00000007/MeasurementDynamite.apk has no usable artifacts
09-13 05:01:47.890 I/artd    ( 3771): GetBestInfo: /data/user_de/0/com.google.android.gms/app_chimera/m/00000017/dl-IdentityCredentialsPlatform.optional_263234100400.apk has no usable artifacts
09-13 05:01:47.890 I/artd    ( 3771): GetBestInfo: /data/user_de/0/com.google.android.gms/app_chimera/m/0000000a/dl-MlkitBarcodeUi.optional_261136100400.apk has no usable artifacts
09-13 05:01:47.957 I/AdbWifiNetworkMonitor(  647): Wi-Fi network available
09-13 05:01:47.957 I/AdbWifiNetworkMonitor(  647): Received the same Wi-Fi SSID. Ignoring.
09-13 05:01:47.957 I/HalDevMgr(  647): bestIfaceCreationProposal is null, requestIface=STA, existingIface=[name=wlan0 type=STA]
09-13 05:01:47.958 W/libbinder.IPCThreadState(  647): Sending oneway calls to frozen process.
09-13 05:01:47.958 W/libbinder.IPCThreadState(  647): Sending oneway calls to frozen process.
09-13 05:01:47.959 W/libbinder.IPCThreadState(  647): Sending oneway calls to frozen process.
09-13 05:01:47.959 I/NullBinder( 1226): NullBinder for android.net.action.RECOMMEND_NETWORKS triggering remote TransactionTooLargeException due to Service without Chimera impl, calling uid: 1000, calling pid: 0
09-13 05:01:47.959 W/libbinder.Binder( 1226): Large reply transaction of 1056768 bytes, interface descriptor , function: UNKNOWN_FUNCTION_NAME, code: 1, flags: 17
09-13 05:01:47.960 D/ConnectivityService(  647): NetReassign [no changes] [c 0] [a 0] [i 1]
09-13 05:01:47.960 I/NearbyMediums( 1226): Wifi changed new SSID: "AndroidWifi"
09-13 05:01:47.960 I/NearbyMediums( 1226): WifiLanConnectivityInfo is not changed, skip notify.
09-13 05:01:48.461 I/NearbySharing( 1226): Network state changed: NetworkState(isRestricted=false, isOnline=true, isCongested=false, isMetered=false, isWifiConnected=true)
09-13 05:01:50.970 I/HalDevMgr(  647): bestIfaceCreationProposal is null, requestIface=STA, existingIface=[name=wlan0 type=STA]
09-13 05:01:53.320 D/SatelliteController( 1026): isInCarrierRoamingNbIotNtn: satellite is disabled
09-13 05:01:53.320 D/SatelliteController( 1026): getCarrierRoamingNtnConnectType: Checking connect type from PLMN config for subId: 1
09-13 05:01:53.320 D/TelephonyConfigUpdateInstallReceiver( 1026): getConfigParser: domain=satellite
09-13 05:01:53.320 V/SatelliteController( 1026): satelliteConfigParser is not ready
09-13 05:01:53.320 D/SatelliteController( 1026): isSatelliteAttachSupportedViaConfigupdater: return null (satelliteConfig is null)
09-13 05:01:53.321 D/SatelliteController( 1026): getSatellitePerPlmnConfiguration: invalid subId or not supported via carrier.
09-13 05:01:53.321 D/SatelliteController( 1026): getCarrierRoamingNtnConnectType: config: null
09-13 05:01:53.321 D/TelephonyConfigUpdateInstallReceiver( 1026): getConfigParser: domain=satellite
09-13 05:01:53.321 V/SatelliteController( 1026): satelliteConfigParser is not ready
09-13 05:01:53.321 D/SatelliteController( 1026): getCarrierRoamingNtnConnectTypeViaConfigUpdater: return null (satelliteConfig is null)
09-13 05:01:53.321 D/SatelliteController( 1026): getCarrierRoamingNtnConnectType: Falling back to global carrier config connect type: 0
09-13 05:01:53.321 D/TelephonyConfigUpdateInstallReceiver( 1026): getConfigParser: domain=satellite
09-13 05:01:53.321 V/SatelliteController( 1026): satelliteConfigParser is not ready
09-13 05:01:53.321 D/SatelliteController( 1026): isSatelliteAttachSupportedViaConfigupdater: return null (satelliteConfig is null)
09-13 05:01:53.321 D/SatelliteController( 1026): getCarrierRoamingNtnConnectType: Checking connect type from PLMN config for subId: 1
09-13 05:01:53.321 D/TelephonyConfigUpdateInstallReceiver( 1026): getConfigParser: domain=satellite
09-13 05:01:53.321 V/SatelliteController( 1026): satelliteConfigParser is not ready
09-13 05:01:53.321 D/SatelliteController( 1026): isSatelliteAttachSupportedViaConfigupdater: return null (satelliteConfig is null)
09-13 05:01:53.321 D/SatelliteController( 1026): getSatellitePerPlmnConfiguration: invalid subId or not supported via carrier.
09-13 05:01:53.321 D/SatelliteController( 1026): getCarrierRoamingNtnConnectType: config: null
09-13 05:01:53.321 D/TelephonyConfigUpdateInstallReceiver( 1026): getConfigParser: domain=satellite
09-13 05:01:53.321 V/SatelliteController( 1026): satelliteConfigParser is not ready
09-13 05:01:53.321 D/SatelliteController( 1026): getCarrierRoamingNtnConnectTypeViaConfigUpdater: return null (satelliteConfig is null)
09-13 05:01:53.321 D/SatelliteController( 1026): getCarrierRoamingNtnConnectType: Falling back to global carrier config connect type: 0
09-13 05:01:53.321 D/TelephonyConfigUpdateInstallReceiver( 1026): getConfigParser: domain=satellite
09-13 05:01:53.321 V/SatelliteController( 1026): satelliteConfigParser is not ready
09-13 05:01:53.321 D/SatelliteController( 1026): isSatelliteAttachSupportedViaConfigupdater: return null (satelliteConfig is null)
09-13 05:01:53.357 W/skia    (  481): AGTM parsing failed flags.readFromStream(s) at 159
09-13 05:01:53.357 W/skia    (  481): AGTM parsing failed flags.readFromStream(s) at 159
09-13 05:01:53.979 I/HalDevMgr(  647): bestIfaceCreationProposal is null, requestIface=STA, existingIface=[name=wlan0 type=STA]
09-13 05:01:55.791 I/wpa_supplicant(25902): wlan0: CTRL-EVENT-BEACON-LOSS 
09-13 05:01:56.986 I/HalDevMgr(  647): bestIfaceCreationProposal is null, requestIface=STA, existingIface=[name=wlan0 type=STA]
09-13 05:01:57.839 I/adbd    (  487): adbd service requested 'shell,v2,TERM=xterm-256color,raw:dumpsys package com.google.android.gms'
09-13 05:01:57.877 I/artd    ( 3771): GetBestInfo: odex next to the dex file (/data/app/~~lv0q5pv-ROGo4oWbcO66Yg==/com.google.android.gms-c0up8V4kI87sxgeZJUDS8Q==/oat/arm64/base.odex) is kOatUpToDate with filter 'speed-profile' executable 'false'
09-13 05:01:57.878 I/artd    ( 3771): GetBestInfo: dm (/data/app/~~lv0q5pv-ROGo4oWbcO66Yg==/com.google.android.gms-c0up8V4kI87sxgeZJUDS8Q==/split_AdsDynamite_installtime.dm) is kOatUpToDate with filter 'verify' executable 'false'
09-13 05:01:57.879 I/artd    ( 3771): GetBestInfo: odex next to the dex file (/data/app/~~lv0q5pv-ROGo4oWbcO66Yg==/com.google.android.gms-c0up8V4kI87sxgeZJUDS8Q==/oat/arm64/split_CronetDynamite_installtime.odex) is kOatUpToDate with filter 'speed-profile' executable 'false'
09-13 05:01:57.879 I/artd    ( 3771): GetBestInfo: dm (/data/app/~~lv0q5pv-ROGo4oWbcO66Yg==/com.google.android.gms-c0up8V4kI87sxgeZJUDS8Q==/split_DynamiteLoader_installtime.dm) is kOatUpToDate with filter 'verify' executable 'false'
09-13 05:01:57.879 I/artd    ( 3771): GetBestInfo: dm (/data/app/~~lv0q5pv-ROGo4oWbcO66Yg==/com.google.android.gms-c0up8V4kI87sxgeZJUDS8Q==/split_DynamiteModulesA_installtime.dm) is kOatUpToDate with filter 'verify' executable 'false'
09-13 05:01:57.880 I/artd    ( 3771): GetBestInfo: dm (/data/app/~~lv0q5pv-ROGo4oWbcO66Yg==/com.google.android.gms-c0up8V4kI87sxgeZJUDS8Q==/split_DynamiteModulesC_installtime.dm) is kOatUpToDate with filter 'verify' executable 'false'
09-13 05:01:57.881 I/artd    ( 3771): GetBestInfo: dm (/data/app/~~lv0q5pv-ROGo4oWbcO66Yg==/com.google.android.gms-c0up8V4kI87sxgeZJUDS8Q==/split_GoogleCertificates_installtime.dm) is kOatUpToDate with filter 'verify' executable 'false'
09-13 05:01:57.881 I/artd    ( 3771): GetBestInfo: dm (/data/app/~~lv0q5pv-ROGo4oWbcO66Yg==/com.google.android.gms-c0up8V4kI87sxgeZJUDS8Q==/split_MapsDynamite_installtime.dm) is kOatUpToDate with filter 'verify' executable 'false'
09-13 05:01:57.882 I/artd    ( 3771): GetBestInfo: dm (/data/app/~~lv0q5pv-ROGo4oWbcO66Yg==/com.google.android.gms-c0up8V4kI87sxgeZJUDS8Q==/split_MeasurementDynamite_installtime.dm) is kOatUpToDate with filter 'verify' executable 'false'
09-13 05:01:57.882 I/artd    ( 3771): GetBestInfo: /data/user_de/0/com.google.android.gms/app_chimera/m/00000001/CronetDynamite.apk has no usable artifacts
09-13 05:01:57.883 I/artd    ( 3771): GetBestInfo: /data/user_de/0/com.google.android.gms/app_chimera/m/00000002/DynamiteLoader.apk has no usable artifacts
09-13 05:01:57.883 I/artd    ( 3771): GetBestInfo: /data/user_de/0/com.google.android.gms/app_chimera/m/00000006/MapsDynamite.apk has no usable artifacts
09-13 05:01:57.883 I/artd    ( 3771): GetBestInfo: vdex next to the dex file (/data/user/0/com.google.android.gms/app_dg_cache/AEB5BC832EBF3852F39BA4BE495DD40566104436/oat/arm64/the.vdex) is kOatUpToDate with filter 'verify' executable 'false'
09-13 05:01:57.884 I/artd    ( 3771): GetBestInfo: /data/user_de/0/com.google.android.gms/app_chimera/m/00000005/GoogleCertificates.apk has no usable artifacts
09-13 05:01:57.884 I/artd    ( 3771): GetBestInfo: /data/user_de/0/com.google.android.gms/app_chimera/m/00000014/dl-TfliteDynamiteDynamite.integ_260580502100400.apk has no usable artifacts
09-13 05:01:57.885 I/artd    ( 3771): GetBestInfo: /data/user_de/0/com.google.android.gms/app_chimera/m/00000011/dl-MlkitBarcodeUi.optional_263234100400.apk has no usable artifacts
09-13 05:01:57.885 I/artd    ( 3771): GetBestInfo: /data/user_de/0/com.google.android.gms/app_chimera/m/0000000c/dl-VisionOcr.optional_261136100000.apk has no usable artifacts
09-13 05:01:57.886 I/artd    ( 3771): GetBestInfo: /data/user_de/0/com.google.android.gms/app_chimera/m/00000009/dl-TfliteDynamiteDynamite.integ_262730502100400.apk has no usable artifacts
09-13 05:01:57.886 I/artd    ( 3771): GetBestInfo: /data/user_de/0/com.google.android.gms/app_chimera/m/0000000f/dl-PlayCloudSearch.optional_261136100000.apk has no usable artifacts
09-13 05:01:57.887 I/artd    ( 3771): GetBestInfo: /data/user_de/0/com.google.android.gms/app_chimera/m/0000000b/dl-MlkitOcrCommon.optional_261136100400.apk has no usable artifacts
09-13 05:01:57.887 I/artd    ( 3771): GetBestInfo: /data/user_de/0/com.google.android.gms/app_chimera/m/00000018/dl-MapsCoreDynamite.integ_260830204100400.apk has no usable artifacts
09-13 05:01:57.888 I/artd    ( 3771): GetBestInfo: /data/user_de/0/com.google.android.gms/app_chimera/m/00000015/dl-PlayCloudSearch.optional_263234100000.apk has no usable artifacts
09-13 05:01:57.888 I/artd    ( 3771): GetBestInfo: /data/user_de/0/com.google.android.gms/app_chimera/m/00000016/dl-VisionOcr.optional_263234100000.apk has no usable artifacts
09-13 05:01:57.889 I/artd    ( 3771): GetBestInfo: /data/user_de/0/com.google.android.gms/app_chimera/m/00000012/dl-MlkitOcrCommon.optional_263234100400.apk has no usable artifacts
09-13 05:01:57.889 I/artd    ( 3771): GetBestInfo: /data/user_de/0/com.google.android.gms/app_chimera/m/0000000d/dl-IdentityCredentialsPlatform.optional_261136100400.apk has no usable artifacts
09-13 05:01:57.890 I/artd    ( 3771): GetBestInfo: /data/user_de/0/com.google.android.gms/app_chimera/m/00000013/dl-Appsearch.optional_263234100400.apk has no usable artifacts
09-13 05:01:57.891 I/artd    ( 3771): GetBestInfo: vdex next to the dex file (/data/user/0/com.google.android.gms/app_dg_cache/6EF5C2E3C39D601B699E493E3C02879B45CBDB40/oat/arm64/the.vdex) is kOatUpToDate with filter 'verify' executable 'false'
09-13 05:01:57.891 I/artd    ( 3771): GetBestInfo: /data/user_de/0/com.google.android.gms/app_chimera/m/00000007/MeasurementDynamite.apk has no usable artifacts
09-13 05:01:57.892 I/artd    ( 3771): GetBestInfo: /data/user_de/0/com.google.android.gms/app_chimera/m/00000017/dl-IdentityCredentialsPlatform.optional_263234100400.apk has no usable artifacts
09-13 05:01:57.892 I/artd    ( 3771): GetBestInfo: /data/user_de/0/com.google.android.gms/app_chimera/m/0000000a/dl-MlkitBarcodeUi.optional_261136100400.apk has no usable artifacts
09-13 05:01:59.998 I/HalDevMgr(  647): bestIfaceCreationProposal is null, requestIface=STA, existingIface=[name=wlan0 type=STA]
09-13 05:02:00.040 W/skia    (  481): AGTM parsing failed flags.readFromStream(s) at 159
09-13 05:02:00.040 W/skia    (  481): AGTM parsing failed flags.readFromStream(s) at 159
09-13 05:02:03.007 I/HalDevMgr(  647): bestIfaceCreationProposal is null, requestIface=STA, existingIface=[name=wlan0 type=STA]
09-13 05:02:03.323 D/SatelliteController( 1026): isInCarrierRoamingNbIotNtn: satellite is disabled
09-13 05:02:03.323 D/SatelliteController( 1026): getCarrierRoamingNtnConnectType: Checking connect type from PLMN config for subId: 1
09-13 05:02:03.323 D/TelephonyConfigUpdateInstallReceiver( 1026): getConfigParser: domain=satellite
09-13 05:02:03.323 V/SatelliteController( 1026): satelliteConfigParser is not ready
09-13 05:02:03.323 D/SatelliteController( 1026): isSatelliteAttachSupportedViaConfigupdater: return null (satelliteConfig is null)
09-13 05:02:03.323 D/SatelliteController( 1026): getSatellitePerPlmnConfiguration: invalid subId or not supported via carrier.
09-13 05:02:03.323 D/SatelliteController( 1026): getCarrierRoamingNtnConnectType: config: null
09-13 05:02:03.323 D/TelephonyConfigUpdateInstallReceiver( 1026): getConfigParser: domain=satellite
09-13 05:02:03.323 V/SatelliteController( 1026): satelliteConfigParser is not ready
09-13 05:02:03.323 D/SatelliteController( 1026): getCarrierRoamingNtnConnectTypeViaConfigUpdater: return null (satelliteConfig is null)
09-13 05:02:03.323 D/SatelliteController( 1026): getCarrierRoamingNtnConnectType: Falling back to global carrier config connect type: 0
09-13 05:02:03.323 D/TelephonyConfigUpdateInstallReceiver( 1026): getConfigParser: domain=satellite
09-13 05:02:03.323 V/SatelliteController( 1026): satelliteConfigParser is not ready
09-13 05:02:03.323 D/SatelliteController( 1026): isSatelliteAttachSupportedViaConfigupdater: return null (satelliteConfig is null)
09-13 05:02:03.323 D/SatelliteController( 1026): getCarrierRoamingNtnConnectType: Checking connect type from PLMN config for subId: 1
09-13 05:02:03.323 D/TelephonyConfigUpdateInstallReceiver( 1026): getConfigParser: domain=satellite
09-13 05:02:03.323 V/SatelliteController( 1026): satelliteConfigParser is not ready
09-13 05:02:03.323 D/SatelliteController( 1026): isSatelliteAttachSupportedViaConfigupdater: return null (satelliteConfig is null)
09-13 05:02:03.323 D/SatelliteController( 1026): getSatellitePerPlmnConfiguration: invalid subId or not supported via carrier.
09-13 05:02:03.323 D/SatelliteController( 1026): getCarrierRoamingNtnConnectType: config: null
09-13 05:02:03.323 D/TelephonyConfigUpdateInstallReceiver( 1026): getConfigParser: domain=satellite
09-13 05:02:03.323 V/SatelliteController( 1026): satelliteConfigParser is not ready
09-13 05:02:03.323 D/SatelliteController( 1026): getCarrierRoamingNtnConnectTypeViaConfigUpdater: return null (satelliteConfig is null)
09-13 05:02:03.324 D/SatelliteController( 1026): getCarrierRoamingNtnConnectType: Falling back to global carrier config connect type: 0
09-13 05:02:03.324 D/TelephonyConfigUpdateInstallReceiver( 1026): getConfigParser: domain=satellite
09-13 05:02:03.324 V/SatelliteController( 1026): satelliteConfigParser is not ready
09-13 05:02:03.324 D/SatelliteController( 1026): isSatelliteAttachSupportedViaConfigupdater: return null (satelliteConfig is null)
09-13 05:02:03.725 I/wpa_supplicant(25902): wlan0: CTRL-EVENT-BEACON-LOSS 
09-13 05:02:06.016 I/HalDevMgr(  647): bestIfaceCreationProposal is null, requestIface=STA, existingIface=[name=wlan0 type=STA]
09-13 05:02:07.826 I/adbd    (  487): adbd service requested 'shell,v2,TERM=xterm-256color,raw:dumpsys package com.google.android.gms'
