00:00 +0: loading /Users/Apple/Projects/nears-NEARS-2568-module-search-reskin/UserApp/test/features/search/search_load_more_widget_test.dart
00:00 +0: (setUpAll)
00:00 +0: W1 — expanded items with total > loaded shows the Load More button
══╡ EXCEPTION CAUGHT BY WIDGETS LIBRARY ╞═══════════════════════════════════════════════════════════
The following message was thrown building ItemCard(dirty):
"ItemController" not found. You need to call "Get.put(ItemController())" or
"Get.lazyPut(()=>ItemController())"

The relevant error-causing widget was:
  ItemCard
  ItemCard:file:///Users/Apple/Projects/nears-NEARS-2568-module-search-reskin/UserApp/lib/features/search/widgets/search_result_widget.dart:170:29

When the exception was thrown, this was the stack:
#0      GetInstance.find (package:get/get_instance/src/get_instance.dart:306:7)
#1      Inst.find (package:get/get_instance/src/extension_instance.dart:69:45)
#2      ItemCard.build (package:sixam_mart/common/widgets/card_design/item_card.dart:43:39)
#3      StatelessElement.build (package:flutter/src/widgets/framework.dart:5889:49)
#4      ComponentElement.performRebuild (package:flutter/src/widgets/framework.dart:5817:15)
#5      Element.rebuild (package:flutter/src/widgets/framework.dart:5529:7)
#6      ComponentElement._firstBuild (package:flutter/src/widgets/framework.dart:5799:5)
#7      ComponentElement.mount (package:flutter/src/widgets/framework.dart:5793:5)
#8      Element.inflateWidget (package:flutter/src/widgets/framework.dart:4587:20)
#9      MultiChildRenderObjectElement.inflateWidget (package:flutter/src/widgets/framework.dart:7264:36)
#10     MultiChildRenderObjectElement.mount (package:flutter/src/widgets/framework.dart:7279:32)
...     Normal element mounting (4 frames)
#14     Element.inflateWidget (package:flutter/src/widgets/framework.dart:4587:20)
#15     MultiChildRenderObjectElement.inflateWidget (package:flutter/src/widgets/framework.dart:7264:36)
#16     MultiChildRenderObjectElement.mount (package:flutter/src/widgets/framework.dart:7279:32)
...     Normal element mounting (148 frames)
#164    Element.inflateWidget (package:flutter/src/widgets/framework.dart:4587:20)
#165    MultiChildRenderObjectElement.inflateWidget (package:flutter/src/widgets/framework.dart:7264:36)
#166    MultiChildRenderObjectElement.mount (package:flutter/src/widgets/framework.dart:7279:32)
...     Normal element mounting (364 frames)
#530    Element.inflateWidget (package:flutter/src/widgets/framework.dart:4587:20)
#531    MultiChildRenderObjectElement.inflateWidget (package:flutter/src/widgets/framework.dart:7264:36)
#532    MultiChildRenderObjectElement.mount (package:flutter/src/widgets/framework.dart:7279:32)
...     Normal element mounting (493 frames)
#1025   Element.inflateWidget (package:flutter/src/widgets/framework.dart:4587:20)
#1026   Element.updateChild (package:flutter/src/widgets/framework.dart:4053:20)
#1027   ComponentElement.performRebuild (package:flutter/src/widgets/framework.dart:5841:16)
#1028   Element.rebuild (package:flutter/src/widgets/framework.dart:5529:7)
#1029   ProxyElement.update (package:flutter/src/widgets/framework.dart:6149:5)
#1030   _InheritedNotifierElement.update (package:flutter/src/widgets/inherited_notifier.dart:108:11)
#1031   Element.updateChild (package:flutter/src/widgets/framework.dart:4037:15)
#1032   ComponentElement.performRebuild (package:flutter/src/widgets/framework.dart:5841:16)
#1033   StatefulElement.performRebuild (package:flutter/src/widgets/framework.dart:5982:11)
#1034   Element.rebuild (package:flutter/src/widgets/framework.dart:5529:7)
#1035   StatefulElement.update (package:flutter/src/widgets/framework.dart:6007:5)
#1036   Element.updateChild (package:flutter/src/widgets/framework.dart:4037:15)
#1037   ComponentElement.performRebuild (package:flutter/src/widgets/framework.dart:5841:16)
#1038   Element.rebuild (package:flutter/src/widgets/framework.dart:5529:7)
#1039   ProxyElement.update (package:flutter/src/widgets/framework.dart:6149:5)
#1040   _InheritedNotifierElement.update (package:flutter/src/widgets/inherited_notifier.dart:108:11)
#1041   Element.updateChild (package:flutter/src/widgets/framework.dart:4037:15)
#1042   ComponentElement.performRebuild (package:flutter/src/widgets/framework.dart:5841:16)
#1043   StatefulElement.performRebuild (package:flutter/src/widgets/framework.dart:5982:11)
#1044   Element.rebuild (package:flutter/src/widgets/framework.dart:5529:7)
#1045   StatefulElement.update (package:flutter/src/widgets/framework.dart:6007:5)
#1046   Element.updateChild (package:flutter/src/widgets/framework.dart:4037:15)
#1047   ComponentElement.performRebuild (package:flutter/src/widgets/framework.dart:5841:16)
#1048   StatefulElement.performRebuild (package:flutter/src/widgets/framework.dart:5982:11)
#1049   Element.rebuild (package:flutter/src/widgets/framework.dart:5529:7)
#1050   StatefulElement.update (package:flutter/src/widgets/framework.dart:6007:5)
#1051   Element.updateChild (package:flutter/src/widgets/framework.dart:4037:15)
#1052   ComponentElement.performRebuild (package:flutter/src/widgets/framework.dart:5841:16)
#1053   Element.rebuild (package:flutter/src/widgets/framework.dart:5529:7)
#1054   ProxyElement.update (package:flutter/src/widgets/framework.dart:6149:5)
#1055   Element.updateChild (package:flutter/src/widgets/framework.dart:4037:15)
#1056   ComponentElement.performRebuild (package:flutter/src/widgets/framework.dart:5841:16)
#1057   StatefulElement.performRebuild (package:flutter/src/widgets/framework.dart:5982:11)
#1058   Element.rebuild (package:flutter/src/widgets/framework.dart:5529:7)
#1059   StatefulElement.update (package:flutter/src/widgets/framework.dart:6007:5)
#1060   Element.updateChild (package:flutter/src/widgets/framework.dart:4037:15)
#1061   ComponentElement.performRebuild (package:flutter/src/widgets/framework.dart:5841:16)
#1062   Element.rebuild (package:flutter/src/widgets/framework.dart:5529:7)
#1063   ProxyElement.update (package:flutter/src/widgets/framework.dart:6149:5)
#1064   Element.updateChild (package:flutter/src/widgets/framework.dart:4037:15)
#1065   ComponentElement.performRebuild (package:flutter/src/widgets/framework.dart:5841:16)
#1066   Element.rebuild (package:flutter/src/widgets/framework.dart:5529:7)
#1067   ProxyElement.update (package:flutter/src/widgets/framework.dart:6149:5)
#1068   Element.updateChild (package:flutter/src/widgets/framework.dart:4037:15)
#1069   _RawViewElement._updateChild (package:flutter/src/widgets/view.dart:481:16)
#1070   _RawViewElement.update (package:flutter/src/widgets/view.dart:568:5)
#1071   Element.updateChild (package:flutter/src/widgets/framework.dart:4037:15)
#1072   ComponentElement.performRebuild (package:flutter/src/widgets/framework.dart:5841:16)
#1073   Element.rebuild (package:flutter/src/widgets/framework.dart:5529:7)
#1074   StatelessElement.update (package:flutter/src/widgets/framework.dart:5895:5)
#1075   Element.updateChild (package:flutter/src/widgets/framework.dart:4037:15)
#1076   ComponentElement.performRebuild (package:flutter/src/widgets/framework.dart:5841:16)
#1077   StatefulElement.performRebuild (package:flutter/src/widgets/framework.dart:5982:11)
#1078   Element.rebuild (package:flutter/src/widgets/framework.dart:5529:7)
#1079   StatefulElement.update (package:flutter/src/widgets/framework.dart:6007:5)
#1080   Element.updateChild (package:flutter/src/widgets/framework.dart:4037:15)
#1081   RootElement._rebuild (package:flutter/src/widgets/binding.dart:1822:16)
#1082   RootElement.update (package:flutter/src/widgets/binding.dart:1800:5)
#1083   RootElement.performRebuild (package:flutter/src/widgets/binding.dart:1814:7)
#1084   Element.rebuild (package:flutter/src/widgets/framework.dart:5529:7)
#1085   BuildScope._tryRebuild (package:flutter/src/widgets/framework.dart:2750:15)
#1086   BuildScope._flushDirtyElements (package:flutter/src/widgets/framework.dart:2807:11)
#1087   BuildOwner.buildScope (package:flutter/src/widgets/framework.dart:3111:18)
#1088   AutomatedTestWidgetsFlutterBinding.drawFrame (package:flutter_test/src/binding.dart:2131:19)
#1089   RendererBinding._handlePersistentFrameCallback (package:flutter/src/rendering/binding.dart:495:5)
#1090   SchedulerBinding._invokeFrameCallback (package:flutter/src/scheduler/binding.dart:1430:15)
#1091   SchedulerBinding.handleDrawFrame (package:flutter/src/scheduler/binding.dart:1345:9)
#1092   AutomatedTestWidgetsFlutterBinding.pump.<anonymous closure> (package:flutter_test/src/binding.dart:1960:9)
#1095   TestAsyncUtils.guard (package:flutter_test/src/test_async_utils.dart:74:41)
#1096   AutomatedTestWidgetsFlutterBinding.pump (package:flutter_test/src/binding.dart:1949:27)
#1097   WidgetTester.pumpWidget.<anonymous closure> (package:flutter_test/src/widget_tester.dart:598:22)
#1100   TestAsyncUtils.guard (package:flutter_test/src/test_async_utils.dart:74:41)
#1101   WidgetTester.pumpWidget (package:flutter_test/src/widget_tester.dart:595:27)
#1102   main.<anonymous closure> (file:///Users/Apple/Projects/nears-NEARS-2568-module-search-reskin/UserApp/test/features/search/search_load_more_widget_test.dart:255:18)
<asynchronous suspension>
#1103   testWidgets.<anonymous closure>.<anonymous closure> (package:flutter_test/src/widget_tester.dart:192:15)
<asynchronous suspension>
#1104   TestWidgetsFlutterBinding._runTestBody (package:flutter_test/src/binding.dart:1682:5)
<asynchronous suspension>
<asynchronous suspension>
(elided 5 frames from dart:async and package:stack_trace)

════════════════════════════════════════════════════════════════════════════════════════════════════
══╡ EXCEPTION CAUGHT BY WIDGETS LIBRARY ╞═══════════════════════════════════════════════════════════
The following message was thrown building ItemCard(dirty):
"ItemController" not found. You need to call "Get.put(ItemController())" or
"Get.lazyPut(()=>ItemController())"

The relevant error-causing widget was:
  ItemCard
  ItemCard:file:///Users/Apple/Projects/nears-NEARS-2568-module-search-reskin/UserApp/lib/features/search/widgets/search_result_widget.dart:170:29

When the exception was thrown, this was the stack:
#0      GetInstance.find (package:get/get_instance/src/get_instance.dart:306:7)
#1      Inst.find (package:get/get_instance/src/extension_instance.dart:69:45)
#2      ItemCard.build (package:sixam_mart/common/widgets/card_design/item_card.dart:43:39)
#3      StatelessElement.build (package:flutter/src/widgets/framework.dart:5889:49)
#4      ComponentElement.performRebuild (package:flutter/src/widgets/framework.dart:5817:15)
#5      Element.rebuild (package:flutter/src/widgets/framework.dart:5529:7)
#6      ComponentElement._firstBuild (package:flutter/src/widgets/framework.dart:5799:5)
#7      ComponentElement.mount (package:flutter/src/widgets/framework.dart:5793:5)
#8      Element.inflateWidget (package:flutter/src/widgets/framework.dart:4587:20)
#9      MultiChildRenderObjectElement.inflateWidget (package:flutter/src/widgets/framework.dart:7264:36)
#10     MultiChildRenderObjectElement.mount (package:flutter/src/widgets/framework.dart:7279:32)
...     Normal element mounting (4 frames)
#14     Element.inflateWidget (package:flutter/src/widgets/framework.dart:4587:20)
#15     MultiChildRenderObjectElement.inflateWidget (package:flutter/src/widgets/framework.dart:7264:36)
#16     MultiChildRenderObjectElement.mount (package:flutter/src/widgets/framework.dart:7279:32)
...     Normal element mounting (148 frames)
#164    Element.inflateWidget (package:flutter/src/widgets/framework.dart:4587:20)
#165    MultiChildRenderObjectElement.inflateWidget (package:flutter/src/widgets/framework.dart:7264:36)
#166    MultiChildRenderObjectElement.mount (package:flutter/src/widgets/framework.dart:7279:32)
...     Normal element mounting (364 frames)
#530    Element.inflateWidget (package:flutter/src/widgets/framework.dart:4587:20)
#531    MultiChildRenderObjectElement.inflateWidget (package:flutter/src/widgets/framework.dart:7264:36)
#532    MultiChildRenderObjectElement.mount (package:flutter/src/widgets/framework.dart:7279:32)
...     Normal element mounting (493 frames)
#1025   Element.inflateWidget (package:flutter/src/widgets/framework.dart:4587:20)
#1026   Element.updateChild (package:flutter/src/widgets/framework.dart:4053:20)
#1027   ComponentElement.performRebuild (package:flutter/src/widgets/framework.dart:5841:16)
#1028   Element.rebuild (package:flutter/src/widgets/framework.dart:5529:7)
#1029   ProxyElement.update (package:flutter/src/widgets/framework.dart:6149:5)
#1030   _InheritedNotifierElement.update (package:flutter/src/widgets/inherited_notifier.dart:108:11)
#1031   Element.updateChild (package:flutter/src/widgets/framework.dart:4037:15)
#1032   ComponentElement.performRebuild (package:flutter/src/widgets/framework.dart:5841:16)
#1033   StatefulElement.performRebuild (package:flutter/src/widgets/framework.dart:5982:11)
#1034   Element.rebuild (package:flutter/src/widgets/framework.dart:5529:7)
#1035   StatefulElement.update (package:flutter/src/widgets/framework.dart:6007:5)
#1036   Element.updateChild (package:flutter/src/widgets/framework.dart:4037:15)
#1037   ComponentElement.performRebuild (package:flutter/src/widgets/framework.dart:5841:16)
#1038   Element.rebuild (package:flutter/src/widgets/framework.dart:5529:7)
#1039   ProxyElement.update (package:flutter/src/widgets/framework.dart:6149:5)
#1040   _InheritedNotifierElement.update (package:flutter/src/widgets/inherited_notifier.dart:108:11)
#1041   Element.updateChild (package:flutter/src/widgets/framework.dart:4037:15)
#1042   ComponentElement.performRebuild (package:flutter/src/widgets/framework.dart:5841:16)
#1043   StatefulElement.performRebuild (package:flutter/src/widgets/framework.dart:5982:11)
#1044   Element.rebuild (package:flutter/src/widgets/framework.dart:5529:7)
#1045   StatefulElement.update (package:flutter/src/widgets/framework.dart:6007:5)
#1046   Element.updateChild (package:flutter/src/widgets/framework.dart:4037:15)
#1047   ComponentElement.performRebuild (package:flutter/src/widgets/framework.dart:5841:16)
#1048   StatefulElement.performRebuild (package:flutter/src/widgets/framework.dart:5982:11)
#1049   Element.rebuild (package:flutter/src/widgets/framework.dart:5529:7)
#1050   StatefulElement.update (package:flutter/src/widgets/framework.dart:6007:5)
#1051   Element.updateChild (package:flutter/src/widgets/framework.dart:4037:15)
#1052   ComponentElement.performRebuild (package:flutter/src/widgets/framework.dart:5841:16)
#1053   Element.rebuild (package:flutter/src/widgets/framework.dart:5529:7)
#1054   ProxyElement.update (package:flutter/src/widgets/framework.dart:6149:5)
#1055   Element.updateChild (package:flutter/src/widgets/framework.dart:4037:15)
#1056   ComponentElement.performRebuild (package:flutter/src/widgets/framework.dart:5841:16)
#1057   StatefulElement.performRebuild (package:flutter/src/widgets/framework.dart:5982:11)
#1058   Element.rebuild (package:flutter/src/widgets/framework.dart:5529:7)
#1059   StatefulElement.update (package:flutter/src/widgets/framework.dart:6007:5)
#1060   Element.updateChild (package:flutter/src/widgets/framework.dart:4037:15)
#1061   ComponentElement.performRebuild (package:flutter/src/widgets/framework.dart:5841:16)
#1062   Element.rebuild (package:flutter/src/widgets/framework.dart:5529:7)
#1063   ProxyElement.update (package:flutter/src/widgets/framework.dart:6149:5)
#1064   Element.updateChild (package:flutter/src/widgets/framework.dart:4037:15)
#1065   ComponentElement.performRebuild (package:flutter/src/widgets/framework.dart:5841:16)
#1066   Element.rebuild (package:flutter/src/widgets/framework.dart:5529:7)
#1067   ProxyElement.update (package:flutter/src/widgets/framework.dart:6149:5)
#1068   Element.updateChild (package:flutter/src/widgets/framework.dart:4037:15)
#1069   _RawViewElement._updateChild (package:flutter/src/widgets/view.dart:481:16)
#1070   _RawViewElement.update (package:flutter/src/widgets/view.dart:568:5)
#1071   Element.updateChild (package:flutter/src/widgets/framework.dart:4037:15)
#1072   ComponentElement.performRebuild (package:flutter/src/widgets/framework.dart:5841:16)
#1073   Element.rebuild (package:flutter/src/widgets/framework.dart:5529:7)
#1074   StatelessElement.update (package:flutter/src/widgets/framework.dart:5895:5)
#1075   Element.updateChild (package:flutter/src/widgets/framework.dart:4037:15)
#1076   ComponentElement.performRebuild (package:flutter/src/widgets/framework.dart:5841:16)
#1077   StatefulElement.performRebuild (package:flutter/src/widgets/framework.dart:5982:11)
#1078   Element.rebuild (package:flutter/src/widgets/framework.dart:5529:7)
#1079   StatefulElement.update (package:flutter/src/widgets/framework.dart:6007:5)
#1080   Element.updateChild (package:flutter/src/widgets/framework.dart:4037:15)
#1081   RootElement._rebuild (package:flutter/src/widgets/binding.dart:1822:16)
#1082   RootElement.update (package:flutter/src/widgets/binding.dart:1800:5)
#1083   RootElement.performRebuild (package:flutter/src/widgets/binding.dart:1814:7)
#1084   Element.rebuild (package:flutter/src/widgets/framework.dart:5529:7)
#1085   BuildScope._tryRebuild (package:flutter/src/widgets/framework.dart:2750:15)
#1086   BuildScope._flushDirtyElements (package:flutter/src/widgets/framework.dart:2807:11)
#1087   BuildOwner.buildScope (package:flutter/src/widgets/framework.dart:3111:18)
#1088   AutomatedTestWidgetsFlutterBinding.drawFrame (package:flutter_test/src/binding.dart:2131:19)
#1089   RendererBinding._handlePersistentFrameCallback (package:flutter/src/rendering/binding.dart:495:5)
#1090   SchedulerBinding._invokeFrameCallback (package:flutter/src/scheduler/binding.dart:1430:15)
#1091   SchedulerBinding.handleDrawFrame (package:flutter/src/scheduler/binding.dart:1345:9)
#1092   AutomatedTestWidgetsFlutterBinding.pump.<anonymous closure> (package:flutter_test/src/binding.dart:1960:9)
#1095   TestAsyncUtils.guard (package:flutter_test/src/test_async_utils.dart:74:41)
#1096   AutomatedTestWidgetsFlutterBinding.pump (package:flutter_test/src/binding.dart:1949:27)
#1097   WidgetTester.pumpWidget.<anonymous closure> (package:flutter_test/src/widget_tester.dart:598:22)
#1100   TestAsyncUtils.guard (package:flutter_test/src/test_async_utils.dart:74:41)
#1101   WidgetTester.pumpWidget (package:flutter_test/src/widget_tester.dart:595:27)
#1102   main.<anonymous closure> (file:///Users/Apple/Projects/nears-NEARS-2568-module-search-reskin/UserApp/test/features/search/search_load_more_widget_test.dart:255:18)
<asynchronous suspension>
#1103   testWidgets.<anonymous closure>.<anonymous closure> (package:flutter_test/src/widget_tester.dart:192:15)
<asynchronous suspension>
#1104   TestWidgetsFlutterBinding._runTestBody (package:flutter_test/src/binding.dart:1682:5)
<asynchronous suspension>
<asynchronous suspension>
(elided 5 frames from dart:async and package:stack_trace)

════════════════════════════════════════════════════════════════════════════════════════════════════
══╡ EXCEPTION CAUGHT BY FLUTTER TEST FRAMEWORK ╞════════════════════════════════════════════════════
The following TestFailure was thrown running a test:
Expected: empty
  Actual: [
            'Multiple exceptions (2) were detected during the running of the current test, and at
least one was unexpected.'
          ]
unexpected layout failure: [Multiple exceptions (2) were detected during the running of the current
test, and at least one was unexpected.]

When the exception was thrown, this was the stack:
#4      expectNoUnboundedLayoutFailure (file:///Users/Apple/Projects/nears-NEARS-2568-module-search-reskin/UserApp/test/features/search/search_load_more_widget_test.dart:120:3)
#5      main.<anonymous closure> (file:///Users/Apple/Projects/nears-NEARS-2568-module-search-reskin/UserApp/test/features/search/search_load_more_widget_test.dart:258:5)
<asynchronous suspension>
#6      testWidgets.<anonymous closure>.<anonymous closure> (package:flutter_test/src/widget_tester.dart:192:15)
<asynchronous suspension>
#7      TestWidgetsFlutterBinding._runTestBody (package:flutter_test/src/binding.dart:1682:5)
<asynchronous suspension>
<asynchronous suspension>
(elided one frame from package:stack_trace)

This was caught by the test expectation on the following line:
  file:///Users/Apple/Projects/nears-NEARS-2568-module-search-reskin/UserApp/test/features/search/search_load_more_widget_test.dart line 120
The test description was:
  W1 — expanded items with total > loaded shows the Load More button
════════════════════════════════════════════════════════════════════════════════════════════════════
00:00 +0 -1: W1 — expanded items with total > loaded shows the Load More button [E]
  Test failed. See exception logs above.
  The test description was: W1 — expanded items with total > loaded shows the Load More button
  
00:00 +0 -1: W2 — a set that fits the first page shows no footer affordance
══╡ EXCEPTION CAUGHT BY WIDGETS LIBRARY ╞═══════════════════════════════════════════════════════════
The following message was thrown building ItemCard(dirty):
"ItemController" not found. You need to call "Get.put(ItemController())" or
"Get.lazyPut(()=>ItemController())"

The relevant error-causing widget was:
  ItemCard
  ItemCard:file:///Users/Apple/Projects/nears-NEARS-2568-module-search-reskin/UserApp/lib/features/search/widgets/search_result_widget.dart:170:29

When the exception was thrown, this was the stack:
#0      GetInstance.find (package:get/get_instance/src/get_instance.dart:306:7)
#1      Inst.find (package:get/get_instance/src/extension_instance.dart:69:45)
#2      ItemCard.build (package:sixam_mart/common/widgets/card_design/item_card.dart:43:39)
#3      StatelessElement.build (package:flutter/src/widgets/framework.dart:5889:49)
#4      ComponentElement.performRebuild (package:flutter/src/widgets/framework.dart:5817:15)
#5      Element.rebuild (package:flutter/src/widgets/framework.dart:5529:7)
#6      ComponentElement._firstBuild (package:flutter/src/widgets/framework.dart:5799:5)
#7      ComponentElement.mount (package:flutter/src/widgets/framework.dart:5793:5)
#8      Element.inflateWidget (package:flutter/src/widgets/framework.dart:4587:20)
#9      MultiChildRenderObjectElement.inflateWidget (package:flutter/src/widgets/framework.dart:7264:36)
#10     MultiChildRenderObjectElement.mount (package:flutter/src/widgets/framework.dart:7279:32)
...     Normal element mounting (4 frames)
#14     Element.inflateWidget (package:flutter/src/widgets/framework.dart:4587:20)
#15     MultiChildRenderObjectElement.inflateWidget (package:flutter/src/widgets/framework.dart:7264:36)
#16     MultiChildRenderObjectElement.mount (package:flutter/src/widgets/framework.dart:7279:32)
...     Normal element mounting (148 frames)
#164    Element.inflateWidget (package:flutter/src/widgets/framework.dart:4587:20)
#165    MultiChildRenderObjectElement.inflateWidget (package:flutter/src/widgets/framework.dart:7264:36)
#166    MultiChildRenderObjectElement.mount (package:flutter/src/widgets/framework.dart:7279:32)
...     Normal element mounting (364 frames)
#530    Element.inflateWidget (package:flutter/src/widgets/framework.dart:4587:20)
#531    MultiChildRenderObjectElement.inflateWidget (package:flutter/src/widgets/framework.dart:7264:36)
#532    MultiChildRenderObjectElement.mount (package:flutter/src/widgets/framework.dart:7279:32)
...     Normal element mounting (493 frames)
#1025   Element.inflateWidget (package:flutter/src/widgets/framework.dart:4587:20)
#1026   Element.updateChild (package:flutter/src/widgets/framework.dart:4053:20)
#1027   ComponentElement.performRebuild (package:flutter/src/widgets/framework.dart:5841:16)
#1028   Element.rebuild (package:flutter/src/widgets/framework.dart:5529:7)
#1029   ProxyElement.update (package:flutter/src/widgets/framework.dart:6149:5)
#1030   _InheritedNotifierElement.update (package:flutter/src/widgets/inherited_notifier.dart:108:11)
#1031   Element.updateChild (package:flutter/src/widgets/framework.dart:4037:15)
#1032   ComponentElement.performRebuild (package:flutter/src/widgets/framework.dart:5841:16)
#1033   StatefulElement.performRebuild (package:flutter/src/widgets/framework.dart:5982:11)
#1034   Element.rebuild (package:flutter/src/widgets/framework.dart:5529:7)
#1035   StatefulElement.update (package:flutter/src/widgets/framework.dart:6007:5)
#1036   Element.updateChild (package:flutter/src/widgets/framework.dart:4037:15)
#1037   ComponentElement.performRebuild (package:flutter/src/widgets/framework.dart:5841:16)
#1038   Element.rebuild (package:flutter/src/widgets/framework.dart:5529:7)
#1039   ProxyElement.update (package:flutter/src/widgets/framework.dart:6149:5)
#1040   _InheritedNotifierElement.update (package:flutter/src/widgets/inherited_notifier.dart:108:11)
#1041   Element.updateChild (package:flutter/src/widgets/framework.dart:4037:15)
#1042   ComponentElement.performRebuild (package:flutter/src/widgets/framework.dart:5841:16)
#1043   StatefulElement.performRebuild (package:flutter/src/widgets/framework.dart:5982:11)
#1044   Element.rebuild (package:flutter/src/widgets/framework.dart:5529:7)
#1045   StatefulElement.update (package:flutter/src/widgets/framework.dart:6007:5)
#1046   Element.updateChild (package:flutter/src/widgets/framework.dart:4037:15)
#1047   ComponentElement.performRebuild (package:flutter/src/widgets/framework.dart:5841:16)
#1048   StatefulElement.performRebuild (package:flutter/src/widgets/framework.dart:5982:11)
#1049   Element.rebuild (package:flutter/src/widgets/framework.dart:5529:7)
#1050   StatefulElement.update (package:flutter/src/widgets/framework.dart:6007:5)
#1051   Element.updateChild (package:flutter/src/widgets/framework.dart:4037:15)
#1052   ComponentElement.performRebuild (package:flutter/src/widgets/framework.dart:5841:16)
#1053   Element.rebuild (package:flutter/src/widgets/framework.dart:5529:7)
#1054   ProxyElement.update (package:flutter/src/widgets/framework.dart:6149:5)
#1055   Element.updateChild (package:flutter/src/widgets/framework.dart:4037:15)
#1056   ComponentElement.performRebuild (package:flutter/src/widgets/framework.dart:5841:16)
#1057   StatefulElement.performRebuild (package:flutter/src/widgets/framework.dart:5982:11)
#1058   Element.rebuild (package:flutter/src/widgets/framework.dart:5529:7)
#1059   StatefulElement.update (package:flutter/src/widgets/framework.dart:6007:5)
#1060   Element.updateChild (package:flutter/src/widgets/framework.dart:4037:15)
#1061   ComponentElement.performRebuild (package:flutter/src/widgets/framework.dart:5841:16)
#1062   Element.rebuild (package:flutter/src/widgets/framework.dart:5529:7)
#1063   ProxyElement.update (package:flutter/src/widgets/framework.dart:6149:5)
#1064   Element.updateChild (package:flutter/src/widgets/framework.dart:4037:15)
#1065   ComponentElement.performRebuild (package:flutter/src/widgets/framework.dart:5841:16)
#1066   Element.rebuild (package:flutter/src/widgets/framework.dart:5529:7)
#1067   ProxyElement.update (package:flutter/src/widgets/framework.dart:6149:5)
#1068   Element.updateChild (package:flutter/src/widgets/framework.dart:4037:15)
#1069   _RawViewElement._updateChild (package:flutter/src/widgets/view.dart:481:16)
#1070   _RawViewElement.update (package:flutter/src/widgets/view.dart:568:5)
#1071   Element.updateChild (package:flutter/src/widgets/framework.dart:4037:15)
#1072   ComponentElement.performRebuild (package:flutter/src/widgets/framework.dart:5841:16)
#1073   Element.rebuild (package:flutter/src/widgets/framework.dart:5529:7)
#1074   StatelessElement.update (package:flutter/src/widgets/framework.dart:5895:5)
#1075   Element.updateChild (package:flutter/src/widgets/framework.dart:4037:15)
#1076   ComponentElement.performRebuild (package:flutter/src/widgets/framework.dart:5841:16)
#1077   StatefulElement.performRebuild (package:flutter/src/widgets/framework.dart:5982:11)
#1078   Element.rebuild (package:flutter/src/widgets/framework.dart:5529:7)
#1079   StatefulElement.update (package:flutter/src/widgets/framework.dart:6007:5)
#1080   Element.updateChild (package:flutter/src/widgets/framework.dart:4037:15)
#1081   RootElement._rebuild (package:flutter/src/widgets/binding.dart:1822:16)
#1082   RootElement.update (package:flutter/src/widgets/binding.dart:1800:5)
#1083   RootElement.performRebuild (package:flutter/src/widgets/binding.dart:1814:7)
#1084   Element.rebuild (package:flutter/src/widgets/framework.dart:5529:7)
#1085   BuildScope._tryRebuild (package:flutter/src/widgets/framework.dart:2750:15)
#1086   BuildScope._flushDirtyElements (package:flutter/src/widgets/framework.dart:2807:11)
#1087   BuildOwner.buildScope (package:flutter/src/widgets/framework.dart:3111:18)
#1088   AutomatedTestWidgetsFlutterBinding.drawFrame (package:flutter_test/src/binding.dart:2131:19)
#1089   RendererBinding._handlePersistentFrameCallback (package:flutter/src/rendering/binding.dart:495:5)
#1090   SchedulerBinding._invokeFrameCallback (package:flutter/src/scheduler/binding.dart:1430:15)
#1091   SchedulerBinding.handleDrawFrame (package:flutter/src/scheduler/binding.dart:1345:9)
#1092   AutomatedTestWidgetsFlutterBinding.pump.<anonymous closure> (package:flutter_test/src/binding.dart:1960:9)
#1095   TestAsyncUtils.guard (package:flutter_test/src/test_async_utils.dart:74:41)
#1096   AutomatedTestWidgetsFlutterBinding.pump (package:flutter_test/src/binding.dart:1949:27)
#1097   WidgetTester.pumpWidget.<anonymous closure> (package:flutter_test/src/widget_tester.dart:598:22)
#1100   TestAsyncUtils.guard (package:flutter_test/src/test_async_utils.dart:74:41)
#1101   WidgetTester.pumpWidget (package:flutter_test/src/widget_tester.dart:595:27)
#1102   main.<anonymous closure> (file:///Users/Apple/Projects/nears-NEARS-2568-module-search-reskin/UserApp/test/features/search/search_load_more_widget_test.dart:271:18)
<asynchronous suspension>
#1103   testWidgets.<anonymous closure>.<anonymous closure> (package:flutter_test/src/widget_tester.dart:192:15)
<asynchronous suspension>
#1104   TestWidgetsFlutterBinding._runTestBody (package:flutter_test/src/binding.dart:1682:5)
<asynchronous suspension>
<asynchronous suspension>
(elided 5 frames from dart:async and package:stack_trace)

════════════════════════════════════════════════════════════════════════════════════════════════════
══╡ EXCEPTION CAUGHT BY WIDGETS LIBRARY ╞═══════════════════════════════════════════════════════════
The following message was thrown building ItemCard(dirty):
"ItemController" not found. You need to call "Get.put(ItemController())" or
"Get.lazyPut(()=>ItemController())"

The relevant error-causing widget was:
  ItemCard
  ItemCard:file:///Users/Apple/Projects/nears-NEARS-2568-module-search-reskin/UserApp/lib/features/search/widgets/search_result_widget.dart:170:29

When the exception was thrown, this was the stack:
#0      GetInstance.find (package:get/get_instance/src/get_instance.dart:306:7)
#1      Inst.find (package:get/get_instance/src/extension_instance.dart:69:45)
#2      ItemCard.build (package:sixam_mart/common/widgets/card_design/item_card.dart:43:39)
#3      StatelessElement.build (package:flutter/src/widgets/framework.dart:5889:49)
#4      ComponentElement.performRebuild (package:flutter/src/widgets/framework.dart:5817:15)
#5      Element.rebuild (package:flutter/src/widgets/framework.dart:5529:7)
#6      ComponentElement._firstBuild (package:flutter/src/widgets/framework.dart:5799:5)
#7      ComponentElement.mount (package:flutter/src/widgets/framework.dart:5793:5)
#8      Element.inflateWidget (package:flutter/src/widgets/framework.dart:4587:20)
#9      MultiChildRenderObjectElement.inflateWidget (package:flutter/src/widgets/framework.dart:7264:36)
#10     MultiChildRenderObjectElement.mount (package:flutter/src/widgets/framework.dart:7279:32)
...     Normal element mounting (4 frames)
#14     Element.inflateWidget (package:flutter/src/widgets/framework.dart:4587:20)
#15     MultiChildRenderObjectElement.inflateWidget (package:flutter/src/widgets/framework.dart:7264:36)
#16     MultiChildRenderObjectElement.mount (package:flutter/src/widgets/framework.dart:7279:32)
...     Normal element mounting (148 frames)
#164    Element.inflateWidget (package:flutter/src/widgets/framework.dart:4587:20)
#165    MultiChildRenderObjectElement.inflateWidget (package:flutter/src/widgets/framework.dart:7264:36)
#166    MultiChildRenderObjectElement.mount (package:flutter/src/widgets/framework.dart:7279:32)
...     Normal element mounting (364 frames)
#530    Element.inflateWidget (package:flutter/src/widgets/framework.dart:4587:20)
#531    MultiChildRenderObjectElement.inflateWidget (package:flutter/src/widgets/framework.dart:7264:36)
#532    MultiChildRenderObjectElement.mount (package:flutter/src/widgets/framework.dart:7279:32)
...     Normal element mounting (493 frames)
#1025   Element.inflateWidget (package:flutter/src/widgets/framework.dart:4587:20)
#1026   Element.updateChild (package:flutter/src/widgets/framework.dart:4053:20)
#1027   ComponentElement.performRebuild (package:flutter/src/widgets/framework.dart:5841:16)
#1028   Element.rebuild (package:flutter/src/widgets/framework.dart:5529:7)
#1029   ProxyElement.update (package:flutter/src/widgets/framework.dart:6149:5)
#1030   _InheritedNotifierElement.update (package:flutter/src/widgets/inherited_notifier.dart:108:11)
#1031   Element.updateChild (package:flutter/src/widgets/framework.dart:4037:15)
#1032   ComponentElement.performRebuild (package:flutter/src/widgets/framework.dart:5841:16)
#1033   StatefulElement.performRebuild (package:flutter/src/widgets/framework.dart:5982:11)
#1034   Element.rebuild (package:flutter/src/widgets/framework.dart:5529:7)
#1035   StatefulElement.update (package:flutter/src/widgets/framework.dart:6007:5)
#1036   Element.updateChild (package:flutter/src/widgets/framework.dart:4037:15)
#1037   ComponentElement.performRebuild (package:flutter/src/widgets/framework.dart:5841:16)
#1038   Element.rebuild (package:flutter/src/widgets/framework.dart:5529:7)
#1039   ProxyElement.update (package:flutter/src/widgets/framework.dart:6149:5)
#1040   _InheritedNotifierElement.update (package:flutter/src/widgets/inherited_notifier.dart:108:11)
#1041   Element.updateChild (package:flutter/src/widgets/framework.dart:4037:15)
#1042   ComponentElement.performRebuild (package:flutter/src/widgets/framework.dart:5841:16)
#1043   StatefulElement.performRebuild (package:flutter/src/widgets/framework.dart:5982:11)
#1044   Element.rebuild (package:flutter/src/widgets/framework.dart:5529:7)
#1045   StatefulElement.update (package:flutter/src/widgets/framework.dart:6007:5)
#1046   Element.updateChild (package:flutter/src/widgets/framework.dart:4037:15)
#1047   ComponentElement.performRebuild (package:flutter/src/widgets/framework.dart:5841:16)
#1048   StatefulElement.performRebuild (package:flutter/src/widgets/framework.dart:5982:11)
#1049   Element.rebuild (package:flutter/src/widgets/framework.dart:5529:7)
#1050   StatefulElement.update (package:flutter/src/widgets/framework.dart:6007:5)
#1051   Element.updateChild (package:flutter/src/widgets/framework.dart:4037:15)
#1052   ComponentElement.performRebuild (package:flutter/src/widgets/framework.dart:5841:16)
#1053   Element.rebuild (package:flutter/src/widgets/framework.dart:5529:7)
#1054   ProxyElement.update (package:flutter/src/widgets/framework.dart:6149:5)
#1055   Element.updateChild (package:flutter/src/widgets/framework.dart:4037:15)
#1056   ComponentElement.performRebuild (package:flutter/src/widgets/framework.dart:5841:16)
#1057   StatefulElement.performRebuild (package:flutter/src/widgets/framework.dart:5982:11)
#1058   Element.rebuild (package:flutter/src/widgets/framework.dart:5529:7)
#1059   StatefulElement.update (package:flutter/src/widgets/framework.dart:6007:5)
#1060   Element.updateChild (package:flutter/src/widgets/framework.dart:4037:15)
#1061   ComponentElement.performRebuild (package:flutter/src/widgets/framework.dart:5841:16)
#1062   Element.rebuild (package:flutter/src/widgets/framework.dart:5529:7)
#1063   ProxyElement.update (package:flutter/src/widgets/framework.dart:6149:5)
#1064   Element.updateChild (package:flutter/src/widgets/framework.dart:4037:15)
#1065   ComponentElement.performRebuild (package:flutter/src/widgets/framework.dart:5841:16)
#1066   Element.rebuild (package:flutter/src/widgets/framework.dart:5529:7)
#1067   ProxyElement.update (package:flutter/src/widgets/framework.dart:6149:5)
#1068   Element.updateChild (package:flutter/src/widgets/framework.dart:4037:15)
#1069   _RawViewElement._updateChild (package:flutter/src/widgets/view.dart:481:16)
#1070   _RawViewElement.update (package:flutter/src/widgets/view.dart:568:5)
#1071   Element.updateChild (package:flutter/src/widgets/framework.dart:4037:15)
#1072   ComponentElement.performRebuild (package:flutter/src/widgets/framework.dart:5841:16)
#1073   Element.rebuild (package:flutter/src/widgets/framework.dart:5529:7)
#1074   StatelessElement.update (package:flutter/src/widgets/framework.dart:5895:5)
#1075   Element.updateChild (package:flutter/src/widgets/framework.dart:4037:15)
#1076   ComponentElement.performRebuild (package:flutter/src/widgets/framework.dart:5841:16)
#1077   StatefulElement.performRebuild (package:flutter/src/widgets/framework.dart:5982:11)
#1078   Element.rebuild (package:flutter/src/widgets/framework.dart:5529:7)
#1079   StatefulElement.update (package:flutter/src/widgets/framework.dart:6007:5)
#1080   Element.updateChild (package:flutter/src/widgets/framework.dart:4037:15)
#1081   RootElement._rebuild (package:flutter/src/widgets/binding.dart:1822:16)
#1082   RootElement.update (package:flutter/src/widgets/binding.dart:1800:5)
#1083   RootElement.performRebuild (package:flutter/src/widgets/binding.dart:1814:7)
#1084   Element.rebuild (package:flutter/src/widgets/framework.dart:5529:7)
#1085   BuildScope._tryRebuild (package:flutter/src/widgets/framework.dart:2750:15)
#1086   BuildScope._flushDirtyElements (package:flutter/src/widgets/framework.dart:2807:11)
#1087   BuildOwner.buildScope (package:flutter/src/widgets/framework.dart:3111:18)
#1088   AutomatedTestWidgetsFlutterBinding.drawFrame (package:flutter_test/src/binding.dart:2131:19)
#1089   RendererBinding._handlePersistentFrameCallback (package:flutter/src/rendering/binding.dart:495:5)
#1090   SchedulerBinding._invokeFrameCallback (package:flutter/src/scheduler/binding.dart:1430:15)
#1091   SchedulerBinding.handleDrawFrame (package:flutter/src/scheduler/binding.dart:1345:9)
#1092   AutomatedTestWidgetsFlutterBinding.pump.<anonymous closure> (package:flutter_test/src/binding.dart:1960:9)
#1095   TestAsyncUtils.guard (package:flutter_test/src/test_async_utils.dart:74:41)
#1096   AutomatedTestWidgetsFlutterBinding.pump (package:flutter_test/src/binding.dart:1949:27)
#1097   WidgetTester.pumpWidget.<anonymous closure> (package:flutter_test/src/widget_tester.dart:598:22)
#1100   TestAsyncUtils.guard (package:flutter_test/src/test_async_utils.dart:74:41)
#1101   WidgetTester.pumpWidget (package:flutter_test/src/widget_tester.dart:595:27)
#1102   main.<anonymous closure> (file:///Users/Apple/Projects/nears-NEARS-2568-module-search-reskin/UserApp/test/features/search/search_load_more_widget_test.dart:271:18)
<asynchronous suspension>
#1103   testWidgets.<anonymous closure>.<anonymous closure> (package:flutter_test/src/widget_tester.dart:192:15)
<asynchronous suspension>
#1104   TestWidgetsFlutterBinding._runTestBody (package:flutter_test/src/binding.dart:1682:5)
<asynchronous suspension>
<asynchronous suspension>
(elided 5 frames from dart:async and package:stack_trace)

════════════════════════════════════════════════════════════════════════════════════════════════════
══╡ EXCEPTION CAUGHT BY WIDGETS LIBRARY ╞═══════════════════════════════════════════════════════════
The following message was thrown building ItemCard(dirty):
"ItemController" not found. You need to call "Get.put(ItemController())" or
"Get.lazyPut(()=>ItemController())"

The relevant error-causing widget was:
  ItemCard
  ItemCard:file:///Users/Apple/Projects/nears-NEARS-2568-module-search-reskin/UserApp/lib/features/search/widgets/search_result_widget.dart:170:29

When the exception was thrown, this was the stack:
#0      GetInstance.find (package:get/get_instance/src/get_instance.dart:306:7)
#1      Inst.find (package:get/get_instance/src/extension_instance.dart:69:45)
#2      ItemCard.build (package:sixam_mart/common/widgets/card_design/item_card.dart:43:39)
#3      StatelessElement.build (package:flutter/src/widgets/framework.dart:5889:49)
#4      ComponentElement.performRebuild (package:flutter/src/widgets/framework.dart:5817:15)
#5      Element.rebuild (package:flutter/src/widgets/framework.dart:5529:7)
#6      ComponentElement._firstBuild (package:flutter/src/widgets/framework.dart:5799:5)
#7      ComponentElement.mount (package:flutter/src/widgets/framework.dart:5793:5)
#8      Element.inflateWidget (package:flutter/src/widgets/framework.dart:4587:20)
#9      MultiChildRenderObjectElement.inflateWidget (package:flutter/src/widgets/framework.dart:7264:36)
#10     MultiChildRenderObjectElement.mount (package:flutter/src/widgets/framework.dart:7279:32)
...     Normal element mounting (4 frames)
#14     Element.inflateWidget (package:flutter/src/widgets/framework.dart:4587:20)
#15     MultiChildRenderObjectElement.inflateWidget (package:flutter/src/widgets/framework.dart:7264:36)
#16     MultiChildRenderObjectElement.mount (package:flutter/src/widgets/framework.dart:7279:32)
...     Normal element mounting (148 frames)
#164    Element.inflateWidget (package:flutter/src/widgets/framework.dart:4587:20)
#165    MultiChildRenderObjectElement.inflateWidget (package:flutter/src/widgets/framework.dart:7264:36)
#166    MultiChildRenderObjectElement.mount (package:flutter/src/widgets/framework.dart:7279:32)
...     Normal element mounting (364 frames)
#530    Element.inflateWidget (package:flutter/src/widgets/framework.dart:4587:20)
#531    MultiChildRenderObjectElement.inflateWidget (package:flutter/src/widgets/framework.dart:7264:36)
#532    MultiChildRenderObjectElement.mount (package:flutter/src/widgets/framework.dart:7279:32)
...     Normal element mounting (493 frames)
#1025   Element.inflateWidget (package:flutter/src/widgets/framework.dart:4587:20)
#1026   Element.updateChild (package:flutter/src/widgets/framework.dart:4053:20)
#1027   ComponentElement.performRebuild (package:flutter/src/widgets/framework.dart:5841:16)
#1028   Element.rebuild (package:flutter/src/widgets/framework.dart:5529:7)
#1029   ProxyElement.update (package:flutter/src/widgets/framework.dart:6149:5)
#1030   _InheritedNotifierElement.update (package:flutter/src/widgets/inherited_notifier.dart:108:11)
#1031   Element.updateChild (package:flutter/src/widgets/framework.dart:4037:15)
#1032   ComponentElement.performRebuild (package:flutter/src/widgets/framework.dart:5841:16)
#1033   StatefulElement.performRebuild (package:flutter/src/widgets/framework.dart:5982:11)
#1034   Element.rebuild (package:flutter/src/widgets/framework.dart:5529:7)
#1035   StatefulElement.update (package:flutter/src/widgets/framework.dart:6007:5)
#1036   Element.updateChild (package:flutter/src/widgets/framework.dart:4037:15)
#1037   ComponentElement.performRebuild (package:flutter/src/widgets/framework.dart:5841:16)
#1038   Element.rebuild (package:flutter/src/widgets/framework.dart:5529:7)
#1039   ProxyElement.update (package:flutter/src/widgets/framework.dart:6149:5)
#1040   _InheritedNotifierElement.update (package:flutter/src/widgets/inherited_notifier.dart:108:11)
#1041   Element.updateChild (package:flutter/src/widgets/framework.dart:4037:15)
#1042   ComponentElement.performRebuild (package:flutter/src/widgets/framework.dart:5841:16)
#1043   StatefulElement.performRebuild (package:flutter/src/widgets/framework.dart:5982:11)
#1044   Element.rebuild (package:flutter/src/widgets/framework.dart:5529:7)
#1045   StatefulElement.update (package:flutter/src/widgets/framework.dart:6007:5)
#1046   Element.updateChild (package:flutter/src/widgets/framework.dart:4037:15)
#1047   ComponentElement.performRebuild (package:flutter/src/widgets/framework.dart:5841:16)
#1048   StatefulElement.performRebuild (package:flutter/src/widgets/framework.dart:5982:11)
#1049   Element.rebuild (package:flutter/src/widgets/framework.dart:5529:7)
#1050   StatefulElement.update (package:flutter/src/widgets/framework.dart:6007:5)
#1051   Element.updateChild (package:flutter/src/widgets/framework.dart:4037:15)
#1052   ComponentElement.performRebuild (package:flutter/src/widgets/framework.dart:5841:16)
#1053   Element.rebuild (package:flutter/src/widgets/framework.dart:5529:7)
#1054   ProxyElement.update (package:flutter/src/widgets/framework.dart:6149:5)
#1055   Element.updateChild (package:flutter/src/widgets/framework.dart:4037:15)
#1056   ComponentElement.performRebuild (package:flutter/src/widgets/framework.dart:5841:16)
#1057   StatefulElement.performRebuild (package:flutter/src/widgets/framework.dart:5982:11)
#1058   Element.rebuild (package:flutter/src/widgets/framework.dart:5529:7)
#1059   StatefulElement.update (package:flutter/src/widgets/framework.dart:6007:5)
#1060   Element.updateChild (package:flutter/src/widgets/framework.dart:4037:15)
#1061   ComponentElement.performRebuild (package:flutter/src/widgets/framework.dart:5841:16)
#1062   Element.rebuild (package:flutter/src/widgets/framework.dart:5529:7)
#1063   ProxyElement.update (package:flutter/src/widgets/framework.dart:6149:5)
#1064   Element.updateChild (package:flutter/src/widgets/framework.dart:4037:15)
#1065   ComponentElement.performRebuild (package:flutter/src/widgets/framework.dart:5841:16)
#1066   Element.rebuild (package:flutter/src/widgets/framework.dart:5529:7)
#1067   ProxyElement.update (package:flutter/src/widgets/framework.dart:6149:5)
#1068   Element.updateChild (package:flutter/src/widgets/framework.dart:4037:15)
#1069   _RawViewElement._updateChild (package:flutter/src/widgets/view.dart:481:16)
#1070   _RawViewElement.update (package:flutter/src/widgets/view.dart:568:5)
#1071   Element.updateChild (package:flutter/src/widgets/framework.dart:4037:15)
#1072   ComponentElement.performRebuild (package:flutter/src/widgets/framework.dart:5841:16)
#1073   Element.rebuild (package:flutter/src/widgets/framework.dart:5529:7)
#1074   StatelessElement.update (package:flutter/src/widgets/framework.dart:5895:5)
#1075   Element.updateChild (package:flutter/src/widgets/framework.dart:4037:15)
#1076   ComponentElement.performRebuild (package:flutter/src/widgets/framework.dart:5841:16)
#1077   StatefulElement.performRebuild (package:flutter/src/widgets/framework.dart:5982:11)
#1078   Element.rebuild (package:flutter/src/widgets/framework.dart:5529:7)
#1079   StatefulElement.update (package:flutter/src/widgets/framework.dart:6007:5)
#1080   Element.updateChild (package:flutter/src/widgets/framework.dart:4037:15)
#1081   RootElement._rebuild (package:flutter/src/widgets/binding.dart:1822:16)
#1082   RootElement.update (package:flutter/src/widgets/binding.dart:1800:5)
#1083   RootElement.performRebuild (package:flutter/src/widgets/binding.dart:1814:7)
#1084   Element.rebuild (package:flutter/src/widgets/framework.dart:5529:7)
#1085   BuildScope._tryRebuild (package:flutter/src/widgets/framework.dart:2750:15)
#1086   BuildScope._flushDirtyElements (package:flutter/src/widgets/framework.dart:2807:11)
#1087   BuildOwner.buildScope (package:flutter/src/widgets/framework.dart:3111:18)
#1088   AutomatedTestWidgetsFlutterBinding.drawFrame (package:flutter_test/src/binding.dart:2131:19)
#1089   RendererBinding._handlePersistentFrameCallback (package:flutter/src/rendering/binding.dart:495:5)
#1090   SchedulerBinding._invokeFrameCallback (package:flutter/src/scheduler/binding.dart:1430:15)
#1091   SchedulerBinding.handleDrawFrame (package:flutter/src/scheduler/binding.dart:1345:9)
#1092   AutomatedTestWidgetsFlutterBinding.pump.<anonymous closure> (package:flutter_test/src/binding.dart:1960:9)
#1095   TestAsyncUtils.guard (package:flutter_test/src/test_async_utils.dart:74:41)
#1096   AutomatedTestWidgetsFlutterBinding.pump (package:flutter_test/src/binding.dart:1949:27)
#1097   WidgetTester.pumpWidget.<anonymous closure> (package:flutter_test/src/widget_tester.dart:598:22)
#1100   TestAsyncUtils.guard (package:flutter_test/src/test_async_utils.dart:74:41)
#1101   WidgetTester.pumpWidget (package:flutter_test/src/widget_tester.dart:595:27)
#1102   main.<anonymous closure> (file:///Users/Apple/Projects/nears-NEARS-2568-module-search-reskin/UserApp/test/features/search/search_load_more_widget_test.dart:271:18)
<asynchronous suspension>
#1103   testWidgets.<anonymous closure>.<anonymous closure> (package:flutter_test/src/widget_tester.dart:192:15)
<asynchronous suspension>
#1104   TestWidgetsFlutterBinding._runTestBody (package:flutter_test/src/binding.dart:1682:5)
<asynchronous suspension>
<asynchronous suspension>
(elided 5 frames from dart:async and package:stack_trace)

════════════════════════════════════════════════════════════════════════════════════════════════════
══╡ EXCEPTION CAUGHT BY FLUTTER TEST FRAMEWORK ╞════════════════════════════════════════════════════
The following TestFailure was thrown running a test:
Expected: empty
  Actual: [
            'Multiple exceptions (3) were detected during the running of the current test, and at
least one was unexpected.'
          ]
unexpected layout failure: [Multiple exceptions (3) were detected during the running of the current
test, and at least one was unexpected.]

When the exception was thrown, this was the stack:
#4      expectNoUnboundedLayoutFailure (file:///Users/Apple/Projects/nears-NEARS-2568-module-search-reskin/UserApp/test/features/search/search_load_more_widget_test.dart:120:3)
#5      main.<anonymous closure> (file:///Users/Apple/Projects/nears-NEARS-2568-module-search-reskin/UserApp/test/features/search/search_load_more_widget_test.dart:274:5)
<asynchronous suspension>
#6      testWidgets.<anonymous closure>.<anonymous closure> (package:flutter_test/src/widget_tester.dart:192:15)
<asynchronous suspension>
#7      TestWidgetsFlutterBinding._runTestBody (package:flutter_test/src/binding.dart:1682:5)
<asynchronous suspension>
<asynchronous suspension>
(elided one frame from package:stack_trace)

This was caught by the test expectation on the following line:
  file:///Users/Apple/Projects/nears-NEARS-2568-module-search-reskin/UserApp/test/features/search/search_load_more_widget_test.dart line 120
The test description was:
  W2 — a set that fits the first page shows no footer affordance
════════════════════════════════════════════════════════════════════════════════════════════════════
00:00 +0 -2: W2 — a set that fits the first page shows no footer affordance [E]
  Test failed. See exception logs above.
  The test description was: W2 — a set that fits the first page shows no footer affordance
  
00:00 +0 -2: W3 — tapping Load More appends a de-duped page then shows the end label
══╡ EXCEPTION CAUGHT BY WIDGETS LIBRARY ╞═══════════════════════════════════════════════════════════
The following message was thrown building ItemCard(dirty):
"ItemController" not found. You need to call "Get.put(ItemController())" or
"Get.lazyPut(()=>ItemController())"

The relevant error-causing widget was:
  ItemCard
  ItemCard:file:///Users/Apple/Projects/nears-NEARS-2568-module-search-reskin/UserApp/lib/features/search/widgets/search_result_widget.dart:170:29

When the exception was thrown, this was the stack:
#0      GetInstance.find (package:get/get_instance/src/get_instance.dart:306:7)
#1      Inst.find (package:get/get_instance/src/extension_instance.dart:69:45)
#2      ItemCard.build (package:sixam_mart/common/widgets/card_design/item_card.dart:43:39)
#3      StatelessElement.build (package:flutter/src/widgets/framework.dart:5889:49)
#4      ComponentElement.performRebuild (package:flutter/src/widgets/framework.dart:5817:15)
#5      Element.rebuild (package:flutter/src/widgets/framework.dart:5529:7)
#6      ComponentElement._firstBuild (package:flutter/src/widgets/framework.dart:5799:5)
#7      ComponentElement.mount (package:flutter/src/widgets/framework.dart:5793:5)
#8      Element.inflateWidget (package:flutter/src/widgets/framework.dart:4587:20)
#9      MultiChildRenderObjectElement.inflateWidget (package:flutter/src/widgets/framework.dart:7264:36)
#10     MultiChildRenderObjectElement.mount (package:flutter/src/widgets/framework.dart:7279:32)
...     Normal element mounting (4 frames)
#14     Element.inflateWidget (package:flutter/src/widgets/framework.dart:4587:20)
#15     MultiChildRenderObjectElement.inflateWidget (package:flutter/src/widgets/framework.dart:7264:36)
#16     MultiChildRenderObjectElement.mount (package:flutter/src/widgets/framework.dart:7279:32)
...     Normal element mounting (148 frames)
#164    Element.inflateWidget (package:flutter/src/widgets/framework.dart:4587:20)
#165    MultiChildRenderObjectElement.inflateWidget (package:flutter/src/widgets/framework.dart:7264:36)
#166    MultiChildRenderObjectElement.mount (package:flutter/src/widgets/framework.dart:7279:32)
...     Normal element mounting (364 frames)
#530    Element.inflateWidget (package:flutter/src/widgets/framework.dart:4587:20)
#531    MultiChildRenderObjectElement.inflateWidget (package:flutter/src/widgets/framework.dart:7264:36)
#532    MultiChildRenderObjectElement.mount (package:flutter/src/widgets/framework.dart:7279:32)
...     Normal element mounting (493 frames)
#1025   Element.inflateWidget (package:flutter/src/widgets/framework.dart:4587:20)
#1026   Element.updateChild (package:flutter/src/widgets/framework.dart:4053:20)
#1027   ComponentElement.performRebuild (package:flutter/src/widgets/framework.dart:5841:16)
#1028   Element.rebuild (package:flutter/src/widgets/framework.dart:5529:7)
#1029   ProxyElement.update (package:flutter/src/widgets/framework.dart:6149:5)
#1030   _InheritedNotifierElement.update (package:flutter/src/widgets/inherited_notifier.dart:108:11)
#1031   Element.updateChild (package:flutter/src/widgets/framework.dart:4037:15)
#1032   ComponentElement.performRebuild (package:flutter/src/widgets/framework.dart:5841:16)
#1033   StatefulElement.performRebuild (package:flutter/src/widgets/framework.dart:5982:11)
#1034   Element.rebuild (package:flutter/src/widgets/framework.dart:5529:7)
#1035   StatefulElement.update (package:flutter/src/widgets/framework.dart:6007:5)
#1036   Element.updateChild (package:flutter/src/widgets/framework.dart:4037:15)
#1037   ComponentElement.performRebuild (package:flutter/src/widgets/framework.dart:5841:16)
#1038   Element.rebuild (package:flutter/src/widgets/framework.dart:5529:7)
#1039   ProxyElement.update (package:flutter/src/widgets/framework.dart:6149:5)
#1040   _InheritedNotifierElement.update (package:flutter/src/widgets/inherited_notifier.dart:108:11)
#1041   Element.updateChild (package:flutter/src/widgets/framework.dart:4037:15)
#1042   ComponentElement.performRebuild (package:flutter/src/widgets/framework.dart:5841:16)
#1043   StatefulElement.performRebuild (package:flutter/src/widgets/framework.dart:5982:11)
#1044   Element.rebuild (package:flutter/src/widgets/framework.dart:5529:7)
#1045   StatefulElement.update (package:flutter/src/widgets/framework.dart:6007:5)
#1046   Element.updateChild (package:flutter/src/widgets/framework.dart:4037:15)
#1047   ComponentElement.performRebuild (package:flutter/src/widgets/framework.dart:5841:16)
#1048   StatefulElement.performRebuild (package:flutter/src/widgets/framework.dart:5982:11)
#1049   Element.rebuild (package:flutter/src/widgets/framework.dart:5529:7)
#1050   StatefulElement.update (package:flutter/src/widgets/framework.dart:6007:5)
#1051   Element.updateChild (package:flutter/src/widgets/framework.dart:4037:15)
#1052   ComponentElement.performRebuild (package:flutter/src/widgets/framework.dart:5841:16)
#1053   Element.rebuild (package:flutter/src/widgets/framework.dart:5529:7)
#1054   ProxyElement.update (package:flutter/src/widgets/framework.dart:6149:5)
#1055   Element.updateChild (package:flutter/src/widgets/framework.dart:4037:15)
#1056   ComponentElement.performRebuild (package:flutter/src/widgets/framework.dart:5841:16)
#1057   StatefulElement.performRebuild (package:flutter/src/widgets/framework.dart:5982:11)
#1058   Element.rebuild (package:flutter/src/widgets/framework.dart:5529:7)
#1059   StatefulElement.update (package:flutter/src/widgets/framework.dart:6007:5)
#1060   Element.updateChild (package:flutter/src/widgets/framework.dart:4037:15)
#1061   ComponentElement.performRebuild (package:flutter/src/widgets/framework.dart:5841:16)
#1062   Element.rebuild (package:flutter/src/widgets/framework.dart:5529:7)
#1063   ProxyElement.update (package:flutter/src/widgets/framework.dart:6149:5)
#1064   Element.updateChild (package:flutter/src/widgets/framework.dart:4037:15)
#1065   ComponentElement.performRebuild (package:flutter/src/widgets/framework.dart:5841:16)
#1066   Element.rebuild (package:flutter/src/widgets/framework.dart:5529:7)
#1067   ProxyElement.update (package:flutter/src/widgets/framework.dart:6149:5)
#1068   Element.updateChild (package:flutter/src/widgets/framework.dart:4037:15)
#1069   _RawViewElement._updateChild (package:flutter/src/widgets/view.dart:481:16)
#1070   _RawViewElement.update (package:flutter/src/widgets/view.dart:568:5)
#1071   Element.updateChild (package:flutter/src/widgets/framework.dart:4037:15)
#1072   ComponentElement.performRebuild (package:flutter/src/widgets/framework.dart:5841:16)
#1073   Element.rebuild (package:flutter/src/widgets/framework.dart:5529:7)
#1074   StatelessElement.update (package:flutter/src/widgets/framework.dart:5895:5)
#1075   Element.updateChild (package:flutter/src/widgets/framework.dart:4037:15)
#1076   ComponentElement.performRebuild (package:flutter/src/widgets/framework.dart:5841:16)
#1077   StatefulElement.performRebuild (package:flutter/src/widgets/framework.dart:5982:11)
#1078   Element.rebuild (package:flutter/src/widgets/framework.dart:5529:7)
#1079   StatefulElement.update (package:flutter/src/widgets/framework.dart:6007:5)
#1080   Element.updateChild (package:flutter/src/widgets/framework.dart:4037:15)
#1081   RootElement._rebuild (package:flutter/src/widgets/binding.dart:1822:16)
#1082   RootElement.update (package:flutter/src/widgets/binding.dart:1800:5)
#1083   RootElement.performRebuild (package:flutter/src/widgets/binding.dart:1814:7)
#1084   Element.rebuild (package:flutter/src/widgets/framework.dart:5529:7)
#1085   BuildScope._tryRebuild (package:flutter/src/widgets/framework.dart:2750:15)
#1086   BuildScope._flushDirtyElements (package:flutter/src/widgets/framework.dart:2807:11)
#1087   BuildOwner.buildScope (package:flutter/src/widgets/framework.dart:3111:18)
#1088   AutomatedTestWidgetsFlutterBinding.drawFrame (package:flutter_test/src/binding.dart:2131:19)
#1089   RendererBinding._handlePersistentFrameCallback (package:flutter/src/rendering/binding.dart:495:5)
#1090   SchedulerBinding._invokeFrameCallback (package:flutter/src/scheduler/binding.dart:1430:15)
#1091   SchedulerBinding.handleDrawFrame (package:flutter/src/scheduler/binding.dart:1345:9)
#1092   AutomatedTestWidgetsFlutterBinding.pump.<anonymous closure> (package:flutter_test/src/binding.dart:1960:9)
#1095   TestAsyncUtils.guard (package:flutter_test/src/test_async_utils.dart:74:41)
#1096   AutomatedTestWidgetsFlutterBinding.pump (package:flutter_test/src/binding.dart:1949:27)
#1097   WidgetTester.pumpWidget.<anonymous closure> (package:flutter_test/src/widget_tester.dart:598:22)
#1100   TestAsyncUtils.guard (package:flutter_test/src/test_async_utils.dart:74:41)
#1101   WidgetTester.pumpWidget (package:flutter_test/src/widget_tester.dart:595:27)
#1102   main.<anonymous closure> (file:///Users/Apple/Projects/nears-NEARS-2568-module-search-reskin/UserApp/test/features/search/search_load_more_widget_test.dart:286:18)
<asynchronous suspension>
#1103   testWidgets.<anonymous closure>.<anonymous closure> (package:flutter_test/src/widget_tester.dart:192:15)
<asynchronous suspension>
#1104   TestWidgetsFlutterBinding._runTestBody (package:flutter_test/src/binding.dart:1682:5)
<asynchronous suspension>
<asynchronous suspension>
(elided 5 frames from dart:async and package:stack_trace)

════════════════════════════════════════════════════════════════════════════════════════════════════
══╡ EXCEPTION CAUGHT BY WIDGETS LIBRARY ╞═══════════════════════════════════════════════════════════
The following message was thrown building ItemCard(dirty):
"ItemController" not found. You need to call "Get.put(ItemController())" or
"Get.lazyPut(()=>ItemController())"

The relevant error-causing widget was:
  ItemCard
  ItemCard:file:///Users/Apple/Projects/nears-NEARS-2568-module-search-reskin/UserApp/lib/features/search/widgets/search_result_widget.dart:170:29

When the exception was thrown, this was the stack:
#0      GetInstance.find (package:get/get_instance/src/get_instance.dart:306:7)
#1      Inst.find (package:get/get_instance/src/extension_instance.dart:69:45)
#2      ItemCard.build (package:sixam_mart/common/widgets/card_design/item_card.dart:43:39)
#3      StatelessElement.build (package:flutter/src/widgets/framework.dart:5889:49)
#4      ComponentElement.performRebuild (package:flutter/src/widgets/framework.dart:5817:15)
#5      Element.rebuild (package:flutter/src/widgets/framework.dart:5529:7)
#6      ComponentElement._firstBuild (package:flutter/src/widgets/framework.dart:5799:5)
#7      ComponentElement.mount (package:flutter/src/widgets/framework.dart:5793:5)
#8      Element.inflateWidget (package:flutter/src/widgets/framework.dart:4587:20)
#9      MultiChildRenderObjectElement.inflateWidget (package:flutter/src/widgets/framework.dart:7264:36)
#10     MultiChildRenderObjectElement.mount (package:flutter/src/widgets/framework.dart:7279:32)
...     Normal element mounting (4 frames)
#14     Element.inflateWidget (package:flutter/src/widgets/framework.dart:4587:20)
#15     MultiChildRenderObjectElement.inflateWidget (package:flutter/src/widgets/framework.dart:7264:36)
#16     MultiChildRenderObjectElement.mount (package:flutter/src/widgets/framework.dart:7279:32)
...     Normal element mounting (148 frames)
#164    Element.inflateWidget (package:flutter/src/widgets/framework.dart:4587:20)
#165    MultiChildRenderObjectElement.inflateWidget (package:flutter/src/widgets/framework.dart:7264:36)
#166    MultiChildRenderObjectElement.mount (package:flutter/src/widgets/framework.dart:7279:32)
...     Normal element mounting (364 frames)
#530    Element.inflateWidget (package:flutter/src/widgets/framework.dart:4587:20)
#531    MultiChildRenderObjectElement.inflateWidget (package:flutter/src/widgets/framework.dart:7264:36)
#532    MultiChildRenderObjectElement.mount (package:flutter/src/widgets/framework.dart:7279:32)
...     Normal element mounting (493 frames)
#1025   Element.inflateWidget (package:flutter/src/widgets/framework.dart:4587:20)
#1026   Element.updateChild (package:flutter/src/widgets/framework.dart:4053:20)
#1027   ComponentElement.performRebuild (package:flutter/src/widgets/framework.dart:5841:16)
#1028   Element.rebuild (package:flutter/src/widgets/framework.dart:5529:7)
#1029   ProxyElement.update (package:flutter/src/widgets/framework.dart:6149:5)
#1030   _InheritedNotifierElement.update (package:flutter/src/widgets/inherited_notifier.dart:108:11)
#1031   Element.updateChild (package:flutter/src/widgets/framework.dart:4037:15)
#1032   ComponentElement.performRebuild (package:flutter/src/widgets/framework.dart:5841:16)
#1033   StatefulElement.performRebuild (package:flutter/src/widgets/framework.dart:5982:11)
#1034   Element.rebuild (package:flutter/src/widgets/framework.dart:5529:7)
#1035   StatefulElement.update (package:flutter/src/widgets/framework.dart:6007:5)
#1036   Element.updateChild (package:flutter/src/widgets/framework.dart:4037:15)
#1037   ComponentElement.performRebuild (package:flutter/src/widgets/framework.dart:5841:16)
#1038   Element.rebuild (package:flutter/src/widgets/framework.dart:5529:7)
#1039   ProxyElement.update (package:flutter/src/widgets/framework.dart:6149:5)
#1040   _InheritedNotifierElement.update (package:flutter/src/widgets/inherited_notifier.dart:108:11)
#1041   Element.updateChild (package:flutter/src/widgets/framework.dart:4037:15)
#1042   ComponentElement.performRebuild (package:flutter/src/widgets/framework.dart:5841:16)
#1043   StatefulElement.performRebuild (package:flutter/src/widgets/framework.dart:5982:11)
#1044   Element.rebuild (package:flutter/src/widgets/framework.dart:5529:7)
#1045   StatefulElement.update (package:flutter/src/widgets/framework.dart:6007:5)
#1046   Element.updateChild (package:flutter/src/widgets/framework.dart:4037:15)
#1047   ComponentElement.performRebuild (package:flutter/src/widgets/framework.dart:5841:16)
#1048   StatefulElement.performRebuild (package:flutter/src/widgets/framework.dart:5982:11)
#1049   Element.rebuild (package:flutter/src/widgets/framework.dart:5529:7)
#1050   StatefulElement.update (package:flutter/src/widgets/framework.dart:6007:5)
#1051   Element.updateChild (package:flutter/src/widgets/framework.dart:4037:15)
#1052   ComponentElement.performRebuild (package:flutter/src/widgets/framework.dart:5841:16)
#1053   Element.rebuild (package:flutter/src/widgets/framework.dart:5529:7)
#1054   ProxyElement.update (package:flutter/src/widgets/framework.dart:6149:5)
#1055   Element.updateChild (package:flutter/src/widgets/framework.dart:4037:15)
#1056   ComponentElement.performRebuild (package:flutter/src/widgets/framework.dart:5841:16)
#1057   StatefulElement.performRebuild (package:flutter/src/widgets/framework.dart:5982:11)
#1058   Element.rebuild (package:flutter/src/widgets/framework.dart:5529:7)
#1059   StatefulElement.update (package:flutter/src/widgets/framework.dart:6007:5)
#1060   Element.updateChild (package:flutter/src/widgets/framework.dart:4037:15)
#1061   ComponentElement.performRebuild (package:flutter/src/widgets/framework.dart:5841:16)
#1062   Element.rebuild (package:flutter/src/widgets/framework.dart:5529:7)
#1063   ProxyElement.update (package:flutter/src/widgets/framework.dart:6149:5)
#1064   Element.updateChild (package:flutter/src/widgets/framework.dart:4037:15)
#1065   ComponentElement.performRebuild (package:flutter/src/widgets/framework.dart:5841:16)
#1066   Element.rebuild (package:flutter/src/widgets/framework.dart:5529:7)
#1067   ProxyElement.update (package:flutter/src/widgets/framework.dart:6149:5)
#1068   Element.updateChild (package:flutter/src/widgets/framework.dart:4037:15)
#1069   _RawViewElement._updateChild (package:flutter/src/widgets/view.dart:481:16)
#1070   _RawViewElement.update (package:flutter/src/widgets/view.dart:568:5)
#1071   Element.updateChild (package:flutter/src/widgets/framework.dart:4037:15)
#1072   ComponentElement.performRebuild (package:flutter/src/widgets/framework.dart:5841:16)
#1073   Element.rebuild (package:flutter/src/widgets/framework.dart:5529:7)
#1074   StatelessElement.update (package:flutter/src/widgets/framework.dart:5895:5)
#1075   Element.updateChild (package:flutter/src/widgets/framework.dart:4037:15)
#1076   ComponentElement.performRebuild (package:flutter/src/widgets/framework.dart:5841:16)
#1077   StatefulElement.performRebuild (package:flutter/src/widgets/framework.dart:5982:11)
#1078   Element.rebuild (package:flutter/src/widgets/framework.dart:5529:7)
#1079   StatefulElement.update (package:flutter/src/widgets/framework.dart:6007:5)
#1080   Element.updateChild (package:flutter/src/widgets/framework.dart:4037:15)
#1081   RootElement._rebuild (package:flutter/src/widgets/binding.dart:1822:16)
#1082   RootElement.update (package:flutter/src/widgets/binding.dart:1800:5)
#1083   RootElement.performRebuild (package:flutter/src/widgets/binding.dart:1814:7)
#1084   Element.rebuild (package:flutter/src/widgets/framework.dart:5529:7)
#1085   BuildScope._tryRebuild (package:flutter/src/widgets/framework.dart:2750:15)
#1086   BuildScope._flushDirtyElements (package:flutter/src/widgets/framework.dart:2807:11)
#1087   BuildOwner.buildScope (package:flutter/src/widgets/framework.dart:3111:18)
#1088   AutomatedTestWidgetsFlutterBinding.drawFrame (package:flutter_test/src/binding.dart:2131:19)
#1089   RendererBinding._handlePersistentFrameCallback (package:flutter/src/rendering/binding.dart:495:5)
#1090   SchedulerBinding._invokeFrameCallback (package:flutter/src/scheduler/binding.dart:1430:15)
#1091   SchedulerBinding.handleDrawFrame (package:flutter/src/scheduler/binding.dart:1345:9)
#1092   AutomatedTestWidgetsFlutterBinding.pump.<anonymous closure> (package:flutter_test/src/binding.dart:1960:9)
#1095   TestAsyncUtils.guard (package:flutter_test/src/test_async_utils.dart:74:41)
#1096   AutomatedTestWidgetsFlutterBinding.pump (package:flutter_test/src/binding.dart:1949:27)
#1097   WidgetTester.pumpWidget.<anonymous closure> (package:flutter_test/src/widget_tester.dart:598:22)
#1100   TestAsyncUtils.guard (package:flutter_test/src/test_async_utils.dart:74:41)
#1101   WidgetTester.pumpWidget (package:flutter_test/src/widget_tester.dart:595:27)
#1102   main.<anonymous closure> (file:///Users/Apple/Projects/nears-NEARS-2568-module-search-reskin/UserApp/test/features/search/search_load_more_widget_test.dart:286:18)
<asynchronous suspension>
#1103   testWidgets.<anonymous closure>.<anonymous closure> (package:flutter_test/src/widget_tester.dart:192:15)
<asynchronous suspension>
#1104   TestWidgetsFlutterBinding._runTestBody (package:flutter_test/src/binding.dart:1682:5)
<asynchronous suspension>
<asynchronous suspension>
(elided 5 frames from dart:async and package:stack_trace)

════════════════════════════════════════════════════════════════════════════════════════════════════
══╡ EXCEPTION CAUGHT BY FLUTTER TEST FRAMEWORK ╞════════════════════════════════════════════════════
The following TestFailure was thrown running a test:
Expected: exactly 2 matching candidates
  Actual: _TypeWidgetFinder:<Found 0 widgets with type "ItemWidget": []>
   Which: means none were found but some were expected

When the exception was thrown, this was the stack:
#4      main.<anonymous closure> (file:///Users/Apple/Projects/nears-NEARS-2568-module-search-reskin/UserApp/test/features/search/search_load_more_widget_test.dart:288:5)
<asynchronous suspension>
#5      testWidgets.<anonymous closure>.<anonymous closure> (package:flutter_test/src/widget_tester.dart:192:15)
<asynchronous suspension>
#6      TestWidgetsFlutterBinding._runTestBody (package:flutter_test/src/binding.dart:1682:5)
<asynchronous suspension>
<asynchronous suspension>
(elided one frame from package:stack_trace)

This was caught by the test expectation on the following line:
  file:///Users/Apple/Projects/nears-NEARS-2568-module-search-reskin/UserApp/test/features/search/search_load_more_widget_test.dart line 288
The test description was:
  W3 — tapping Load More appends a de-duped page then shows the end label
════════════════════════════════════════════════════════════════════════════════════════════════════
══╡ EXCEPTION CAUGHT BY FLUTTER TEST FRAMEWORK ╞════════════════════════════════════════════════════
The following message was thrown:
Multiple exceptions (3) were detected during the running of the current test, and at least one was
unexpected.
════════════════════════════════════════════════════════════════════════════════════════════════════
00:00 +0 -3: W3 — tapping Load More appends a de-duped page then shows the end label [E]
  Test failed. See exception logs above.
  The test description was: W3 — tapping Load More appends a de-duped page then shows the end label
  
00:00 +0 -3: W4 — an in-flight page shows the loading skeletons and hides the button
══╡ EXCEPTION CAUGHT BY WIDGETS LIBRARY ╞═══════════════════════════════════════════════════════════
The following message was thrown building ItemCard(dirty):
"ItemController" not found. You need to call "Get.put(ItemController())" or
"Get.lazyPut(()=>ItemController())"

The relevant error-causing widget was:
  ItemCard
  ItemCard:file:///Users/Apple/Projects/nears-NEARS-2568-module-search-reskin/UserApp/lib/features/search/widgets/search_result_widget.dart:170:29

When the exception was thrown, this was the stack:
#0      GetInstance.find (package:get/get_instance/src/get_instance.dart:306:7)
#1      Inst.find (package:get/get_instance/src/extension_instance.dart:69:45)
#2      ItemCard.build (package:sixam_mart/common/widgets/card_design/item_card.dart:43:39)
#3      StatelessElement.build (package:flutter/src/widgets/framework.dart:5889:49)
#4      ComponentElement.performRebuild (package:flutter/src/widgets/framework.dart:5817:15)
#5      Element.rebuild (package:flutter/src/widgets/framework.dart:5529:7)
#6      ComponentElement._firstBuild (package:flutter/src/widgets/framework.dart:5799:5)
#7      ComponentElement.mount (package:flutter/src/widgets/framework.dart:5793:5)
#8      Element.inflateWidget (package:flutter/src/widgets/framework.dart:4587:20)
#9      MultiChildRenderObjectElement.inflateWidget (package:flutter/src/widgets/framework.dart:7264:36)
#10     MultiChildRenderObjectElement.mount (package:flutter/src/widgets/framework.dart:7279:32)
...     Normal element mounting (4 frames)
#14     Element.inflateWidget (package:flutter/src/widgets/framework.dart:4587:20)
#15     MultiChildRenderObjectElement.inflateWidget (package:flutter/src/widgets/framework.dart:7264:36)
#16     MultiChildRenderObjectElement.mount (package:flutter/src/widgets/framework.dart:7279:32)
...     Normal element mounting (148 frames)
#164    Element.inflateWidget (package:flutter/src/widgets/framework.dart:4587:20)
#165    MultiChildRenderObjectElement.inflateWidget (package:flutter/src/widgets/framework.dart:7264:36)
#166    MultiChildRenderObjectElement.mount (package:flutter/src/widgets/framework.dart:7279:32)
...     Normal element mounting (364 frames)
#530    Element.inflateWidget (package:flutter/src/widgets/framework.dart:4587:20)
#531    MultiChildRenderObjectElement.inflateWidget (package:flutter/src/widgets/framework.dart:7264:36)
#532    MultiChildRenderObjectElement.mount (package:flutter/src/widgets/framework.dart:7279:32)
...     Normal element mounting (493 frames)
#1025   Element.inflateWidget (package:flutter/src/widgets/framework.dart:4587:20)
#1026   Element.updateChild (package:flutter/src/widgets/framework.dart:4053:20)
#1027   ComponentElement.performRebuild (package:flutter/src/widgets/framework.dart:5841:16)
#1028   Element.rebuild (package:flutter/src/widgets/framework.dart:5529:7)
#1029   ProxyElement.update (package:flutter/src/widgets/framework.dart:6149:5)
#1030   _InheritedNotifierElement.update (package:flutter/src/widgets/inherited_notifier.dart:108:11)
#1031   Element.updateChild (package:flutter/src/widgets/framework.dart:4037:15)
#1032   ComponentElement.performRebuild (package:flutter/src/widgets/framework.dart:5841:16)
#1033   StatefulElement.performRebuild (package:flutter/src/widgets/framework.dart:5982:11)
#1034   Element.rebuild (package:flutter/src/widgets/framework.dart:5529:7)
#1035   StatefulElement.update (package:flutter/src/widgets/framework.dart:6007:5)
#1036   Element.updateChild (package:flutter/src/widgets/framework.dart:4037:15)
#1037   ComponentElement.performRebuild (package:flutter/src/widgets/framework.dart:5841:16)
#1038   Element.rebuild (package:flutter/src/widgets/framework.dart:5529:7)
#1039   ProxyElement.update (package:flutter/src/widgets/framework.dart:6149:5)
#1040   _InheritedNotifierElement.update (package:flutter/src/widgets/inherited_notifier.dart:108:11)
#1041   Element.updateChild (package:flutter/src/widgets/framework.dart:4037:15)
#1042   ComponentElement.performRebuild (package:flutter/src/widgets/framework.dart:5841:16)
#1043   StatefulElement.performRebuild (package:flutter/src/widgets/framework.dart:5982:11)
#1044   Element.rebuild (package:flutter/src/widgets/framework.dart:5529:7)
#1045   StatefulElement.update (package:flutter/src/widgets/framework.dart:6007:5)
#1046   Element.updateChild (package:flutter/src/widgets/framework.dart:4037:15)
#1047   ComponentElement.performRebuild (package:flutter/src/widgets/framework.dart:5841:16)
#1048   StatefulElement.performRebuild (package:flutter/src/widgets/framework.dart:5982:11)
#1049   Element.rebuild (package:flutter/src/widgets/framework.dart:5529:7)
#1050   StatefulElement.update (package:flutter/src/widgets/framework.dart:6007:5)
#1051   Element.updateChild (package:flutter/src/widgets/framework.dart:4037:15)
#1052   ComponentElement.performRebuild (package:flutter/src/widgets/framework.dart:5841:16)
#1053   Element.rebuild (package:flutter/src/widgets/framework.dart:5529:7)
#1054   ProxyElement.update (package:flutter/src/widgets/framework.dart:6149:5)
#1055   Element.updateChild (package:flutter/src/widgets/framework.dart:4037:15)
#1056   ComponentElement.performRebuild (package:flutter/src/widgets/framework.dart:5841:16)
#1057   StatefulElement.performRebuild (package:flutter/src/widgets/framework.dart:5982:11)
#1058   Element.rebuild (package:flutter/src/widgets/framework.dart:5529:7)
#1059   StatefulElement.update (package:flutter/src/widgets/framework.dart:6007:5)
#1060   Element.updateChild (package:flutter/src/widgets/framework.dart:4037:15)
#1061   ComponentElement.performRebuild (package:flutter/src/widgets/framework.dart:5841:16)
#1062   Element.rebuild (package:flutter/src/widgets/framework.dart:5529:7)
#1063   ProxyElement.update (package:flutter/src/widgets/framework.dart:6149:5)
#1064   Element.updateChild (package:flutter/src/widgets/framework.dart:4037:15)
#1065   ComponentElement.performRebuild (package:flutter/src/widgets/framework.dart:5841:16)
#1066   Element.rebuild (package:flutter/src/widgets/framework.dart:5529:7)
#1067   ProxyElement.update (package:flutter/src/widgets/framework.dart:6149:5)
#1068   Element.updateChild (package:flutter/src/widgets/framework.dart:4037:15)
#1069   _RawViewElement._updateChild (package:flutter/src/widgets/view.dart:481:16)
#1070   _RawViewElement.update (package:flutter/src/widgets/view.dart:568:5)
#1071   Element.updateChild (package:flutter/src/widgets/framework.dart:4037:15)
#1072   ComponentElement.performRebuild (package:flutter/src/widgets/framework.dart:5841:16)
#1073   Element.rebuild (package:flutter/src/widgets/framework.dart:5529:7)
#1074   StatelessElement.update (package:flutter/src/widgets/framework.dart:5895:5)
#1075   Element.updateChild (package:flutter/src/widgets/framework.dart:4037:15)
#1076   ComponentElement.performRebuild (package:flutter/src/widgets/framework.dart:5841:16)
#1077   StatefulElement.performRebuild (package:flutter/src/widgets/framework.dart:5982:11)
#1078   Element.rebuild (package:flutter/src/widgets/framework.dart:5529:7)
#1079   StatefulElement.update (package:flutter/src/widgets/framework.dart:6007:5)
#1080   Element.updateChild (package:flutter/src/widgets/framework.dart:4037:15)
#1081   RootElement._rebuild (package:flutter/src/widgets/binding.dart:1822:16)
#1082   RootElement.update (package:flutter/src/widgets/binding.dart:1800:5)
#1083   RootElement.performRebuild (package:flutter/src/widgets/binding.dart:1814:7)
#1084   Element.rebuild (package:flutter/src/widgets/framework.dart:5529:7)
#1085   BuildScope._tryRebuild (package:flutter/src/widgets/framework.dart:2750:15)
#1086   BuildScope._flushDirtyElements (package:flutter/src/widgets/framework.dart:2807:11)
#1087   BuildOwner.buildScope (package:flutter/src/widgets/framework.dart:3111:18)
#1088   AutomatedTestWidgetsFlutterBinding.drawFrame (package:flutter_test/src/binding.dart:2131:19)
#1089   RendererBinding._handlePersistentFrameCallback (package:flutter/src/rendering/binding.dart:495:5)
#1090   SchedulerBinding._invokeFrameCallback (package:flutter/src/scheduler/binding.dart:1430:15)
#1091   SchedulerBinding.handleDrawFrame (package:flutter/src/scheduler/binding.dart:1345:9)
#1092   AutomatedTestWidgetsFlutterBinding.pump.<anonymous closure> (package:flutter_test/src/binding.dart:1960:9)
#1095   TestAsyncUtils.guard (package:flutter_test/src/test_async_utils.dart:74:41)
#1096   AutomatedTestWidgetsFlutterBinding.pump (package:flutter_test/src/binding.dart:1949:27)
#1097   WidgetTester.pumpWidget.<anonymous closure> (package:flutter_test/src/widget_tester.dart:598:22)
#1100   TestAsyncUtils.guard (package:flutter_test/src/test_async_utils.dart:74:41)
#1101   WidgetTester.pumpWidget (package:flutter_test/src/widget_tester.dart:595:27)
#1102   main.<anonymous closure> (file:///Users/Apple/Projects/nears-NEARS-2568-module-search-reskin/UserApp/test/features/search/search_load_more_widget_test.dart:319:18)
<asynchronous suspension>
#1103   testWidgets.<anonymous closure>.<anonymous closure> (package:flutter_test/src/widget_tester.dart:192:15)
<asynchronous suspension>
#1104   TestWidgetsFlutterBinding._runTestBody (package:flutter_test/src/binding.dart:1682:5)
<asynchronous suspension>
<asynchronous suspension>
(elided 5 frames from dart:async and package:stack_trace)

════════════════════════════════════════════════════════════════════════════════════════════════════
══╡ EXCEPTION CAUGHT BY WIDGETS LIBRARY ╞═══════════════════════════════════════════════════════════
The following message was thrown building ItemCard(dirty):
"ItemController" not found. You need to call "Get.put(ItemController())" or
"Get.lazyPut(()=>ItemController())"

The relevant error-causing widget was:
  ItemCard
  ItemCard:file:///Users/Apple/Projects/nears-NEARS-2568-module-search-reskin/UserApp/lib/features/search/widgets/search_result_widget.dart:170:29

When the exception was thrown, this was the stack:
#0      GetInstance.find (package:get/get_instance/src/get_instance.dart:306:7)
#1      Inst.find (package:get/get_instance/src/extension_instance.dart:69:45)
#2      ItemCard.build (package:sixam_mart/common/widgets/card_design/item_card.dart:43:39)
#3      StatelessElement.build (package:flutter/src/widgets/framework.dart:5889:49)
#4      ComponentElement.performRebuild (package:flutter/src/widgets/framework.dart:5817:15)
#5      Element.rebuild (package:flutter/src/widgets/framework.dart:5529:7)
#6      ComponentElement._firstBuild (package:flutter/src/widgets/framework.dart:5799:5)
#7      ComponentElement.mount (package:flutter/src/widgets/framework.dart:5793:5)
#8      Element.inflateWidget (package:flutter/src/widgets/framework.dart:4587:20)
#9      MultiChildRenderObjectElement.inflateWidget (package:flutter/src/widgets/framework.dart:7264:36)
#10     MultiChildRenderObjectElement.mount (package:flutter/src/widgets/framework.dart:7279:32)
...     Normal element mounting (4 frames)
#14     Element.inflateWidget (package:flutter/src/widgets/framework.dart:4587:20)
#15     MultiChildRenderObjectElement.inflateWidget (package:flutter/src/widgets/framework.dart:7264:36)
#16     MultiChildRenderObjectElement.mount (package:flutter/src/widgets/framework.dart:7279:32)
...     Normal element mounting (148 frames)
#164    Element.inflateWidget (package:flutter/src/widgets/framework.dart:4587:20)
#165    MultiChildRenderObjectElement.inflateWidget (package:flutter/src/widgets/framework.dart:7264:36)
#166    MultiChildRenderObjectElement.mount (package:flutter/src/widgets/framework.dart:7279:32)
...     Normal element mounting (364 frames)
#530    Element.inflateWidget (package:flutter/src/widgets/framework.dart:4587:20)
#531    MultiChildRenderObjectElement.inflateWidget (package:flutter/src/widgets/framework.dart:7264:36)
#532    MultiChildRenderObjectElement.mount (package:flutter/src/widgets/framework.dart:7279:32)
...     Normal element mounting (493 frames)
#1025   Element.inflateWidget (package:flutter/src/widgets/framework.dart:4587:20)
#1026   Element.updateChild (package:flutter/src/widgets/framework.dart:4053:20)
#1027   ComponentElement.performRebuild (package:flutter/src/widgets/framework.dart:5841:16)
#1028   Element.rebuild (package:flutter/src/widgets/framework.dart:5529:7)
#1029   ProxyElement.update (package:flutter/src/widgets/framework.dart:6149:5)
#1030   _InheritedNotifierElement.update (package:flutter/src/widgets/inherited_notifier.dart:108:11)
#1031   Element.updateChild (package:flutter/src/widgets/framework.dart:4037:15)
#1032   ComponentElement.performRebuild (package:flutter/src/widgets/framework.dart:5841:16)
#1033   StatefulElement.performRebuild (package:flutter/src/widgets/framework.dart:5982:11)
#1034   Element.rebuild (package:flutter/src/widgets/framework.dart:5529:7)
#1035   StatefulElement.update (package:flutter/src/widgets/framework.dart:6007:5)
#1036   Element.updateChild (package:flutter/src/widgets/framework.dart:4037:15)
#1037   ComponentElement.performRebuild (package:flutter/src/widgets/framework.dart:5841:16)
#1038   Element.rebuild (package:flutter/src/widgets/framework.dart:5529:7)
#1039   ProxyElement.update (package:flutter/src/widgets/framework.dart:6149:5)
#1040   _InheritedNotifierElement.update (package:flutter/src/widgets/inherited_notifier.dart:108:11)
#1041   Element.updateChild (package:flutter/src/widgets/framework.dart:4037:15)
#1042   ComponentElement.performRebuild (package:flutter/src/widgets/framework.dart:5841:16)
#1043   StatefulElement.performRebuild (package:flutter/src/widgets/framework.dart:5982:11)
#1044   Element.rebuild (package:flutter/src/widgets/framework.dart:5529:7)
#1045   StatefulElement.update (package:flutter/src/widgets/framework.dart:6007:5)
#1046   Element.updateChild (package:flutter/src/widgets/framework.dart:4037:15)
#1047   ComponentElement.performRebuild (package:flutter/src/widgets/framework.dart:5841:16)
#1048   StatefulElement.performRebuild (package:flutter/src/widgets/framework.dart:5982:11)
#1049   Element.rebuild (package:flutter/src/widgets/framework.dart:5529:7)
#1050   StatefulElement.update (package:flutter/src/widgets/framework.dart:6007:5)
#1051   Element.updateChild (package:flutter/src/widgets/framework.dart:4037:15)
#1052   ComponentElement.performRebuild (package:flutter/src/widgets/framework.dart:5841:16)
#1053   Element.rebuild (package:flutter/src/widgets/framework.dart:5529:7)
#1054   ProxyElement.update (package:flutter/src/widgets/framework.dart:6149:5)
#1055   Element.updateChild (package:flutter/src/widgets/framework.dart:4037:15)
#1056   ComponentElement.performRebuild (package:flutter/src/widgets/framework.dart:5841:16)
#1057   StatefulElement.performRebuild (package:flutter/src/widgets/framework.dart:5982:11)
#1058   Element.rebuild (package:flutter/src/widgets/framework.dart:5529:7)
#1059   StatefulElement.update (package:flutter/src/widgets/framework.dart:6007:5)
#1060   Element.updateChild (package:flutter/src/widgets/framework.dart:4037:15)
#1061   ComponentElement.performRebuild (package:flutter/src/widgets/framework.dart:5841:16)
#1062   Element.rebuild (package:flutter/src/widgets/framework.dart:5529:7)
#1063   ProxyElement.update (package:flutter/src/widgets/framework.dart:6149:5)
#1064   Element.updateChild (package:flutter/src/widgets/framework.dart:4037:15)
#1065   ComponentElement.performRebuild (package:flutter/src/widgets/framework.dart:5841:16)
#1066   Element.rebuild (package:flutter/src/widgets/framework.dart:5529:7)
#1067   ProxyElement.update (package:flutter/src/widgets/framework.dart:6149:5)
#1068   Element.updateChild (package:flutter/src/widgets/framework.dart:4037:15)
#1069   _RawViewElement._updateChild (package:flutter/src/widgets/view.dart:481:16)
#1070   _RawViewElement.update (package:flutter/src/widgets/view.dart:568:5)
#1071   Element.updateChild (package:flutter/src/widgets/framework.dart:4037:15)
#1072   ComponentElement.performRebuild (package:flutter/src/widgets/framework.dart:5841:16)
#1073   Element.rebuild (package:flutter/src/widgets/framework.dart:5529:7)
#1074   StatelessElement.update (package:flutter/src/widgets/framework.dart:5895:5)
#1075   Element.updateChild (package:flutter/src/widgets/framework.dart:4037:15)
#1076   ComponentElement.performRebuild (package:flutter/src/widgets/framework.dart:5841:16)
#1077   StatefulElement.performRebuild (package:flutter/src/widgets/framework.dart:5982:11)
#1078   Element.rebuild (package:flutter/src/widgets/framework.dart:5529:7)
#1079   StatefulElement.update (package:flutter/src/widgets/framework.dart:6007:5)
#1080   Element.updateChild (package:flutter/src/widgets/framework.dart:4037:15)
#1081   RootElement._rebuild (package:flutter/src/widgets/binding.dart:1822:16)
#1082   RootElement.update (package:flutter/src/widgets/binding.dart:1800:5)
#1083   RootElement.performRebuild (package:flutter/src/widgets/binding.dart:1814:7)
#1084   Element.rebuild (package:flutter/src/widgets/framework.dart:5529:7)
#1085   BuildScope._tryRebuild (package:flutter/src/widgets/framework.dart:2750:15)
#1086   BuildScope._flushDirtyElements (package:flutter/src/widgets/framework.dart:2807:11)
#1087   BuildOwner.buildScope (package:flutter/src/widgets/framework.dart:3111:18)
#1088   AutomatedTestWidgetsFlutterBinding.drawFrame (package:flutter_test/src/binding.dart:2131:19)
#1089   RendererBinding._handlePersistentFrameCallback (package:flutter/src/rendering/binding.dart:495:5)
#1090   SchedulerBinding._invokeFrameCallback (package:flutter/src/scheduler/binding.dart:1430:15)
#1091   SchedulerBinding.handleDrawFrame (package:flutter/src/scheduler/binding.dart:1345:9)
#1092   AutomatedTestWidgetsFlutterBinding.pump.<anonymous closure> (package:flutter_test/src/binding.dart:1960:9)
#1095   TestAsyncUtils.guard (package:flutter_test/src/test_async_utils.dart:74:41)
#1096   AutomatedTestWidgetsFlutterBinding.pump (package:flutter_test/src/binding.dart:1949:27)
#1097   WidgetTester.pumpWidget.<anonymous closure> (package:flutter_test/src/widget_tester.dart:598:22)
#1100   TestAsyncUtils.guard (package:flutter_test/src/test_async_utils.dart:74:41)
#1101   WidgetTester.pumpWidget (package:flutter_test/src/widget_tester.dart:595:27)
#1102   main.<anonymous closure> (file:///Users/Apple/Projects/nears-NEARS-2568-module-search-reskin/UserApp/test/features/search/search_load_more_widget_test.dart:319:18)
<asynchronous suspension>
#1103   testWidgets.<anonymous closure>.<anonymous closure> (package:flutter_test/src/widget_tester.dart:192:15)
<asynchronous suspension>
#1104   TestWidgetsFlutterBinding._runTestBody (package:flutter_test/src/binding.dart:1682:5)
<asynchronous suspension>
<asynchronous suspension>
(elided 5 frames from dart:async and package:stack_trace)

════════════════════════════════════════════════════════════════════════════════════════════════════

Warning: A call to tap() with finder "Found 1 widget with text "load_more": [
  Text("load_more", inherit: true, color: Color(alpha: 1.0000, red: 0.4039, green: 0.3137, blue: 0.6431, colorSpace: ColorSpace.sRGB), family: Inter, size: 15.0, weight: 600, height: 1.3x, textAlign: center, overflow: ellipsis, maxLines: 1, dependencies: [DefaultSelectionStyle, DefaultTextStyle, MediaQuery]),
]" derived an Offset (Offset(195.0, 200113.0)) that would not hit test on the specified widget.
Maybe the widget is actually off-screen, or another widget is obscuring it, or the widget cannot receive pointer events.
Indeed, Offset(195.0, 200113.0) is outside the bounds of the root of the render tree, Size(390.0, 844.0).
The finder corresponds to this RenderBox: RenderParagraph#1deeb relayoutBoundary=up1
The hit test result at that offset is: HitTestResult(HitTestEntry<HitTestTarget>#1b979(_ReusableRenderView#133e4), HitTestEntry<HitTestTarget>#9e75e(<AutomatedTestWidgetsFlutterBinding>))
#0      WidgetController._getElementPoint (package:flutter_test/src/controller.dart:2158:25)
#1      WidgetController.getCenter (package:flutter_test/src/controller.dart:1942:12)
#2      WidgetController.tap (package:flutter_test/src/controller.dart:1075:7)
#3      main.<anonymous closure> (file:///Users/Apple/Projects/nears-NEARS-2568-module-search-reskin/UserApp/test/features/search/search_load_more_widget_test.dart:327:18)
<asynchronous suspension>
#4      testWidgets.<anonymous closure>.<anonymous closure> (package:flutter_test/src/widget_tester.dart:192:15)
<asynchronous suspension>
#5      TestWidgetsFlutterBinding._runTestBody (package:flutter_test/src/binding.dart:1682:5)
<asynchronous suspension>
#6      StackZoneSpecification._registerCallback.<anonymous closure> (package:stack_trace/src/stack_zone_specification.dart:114:42)
<asynchronous suspension>
To silence this warning, pass "warnIfMissed: false" to "tap()".
To make this warning fatal, set WidgetController.hitTestWarningShouldBeFatal to true.

══╡ EXCEPTION CAUGHT BY FLUTTER TEST FRAMEWORK ╞════════════════════════════════════════════════════
The following TestFailure was thrown running a test:
Expected: empty
  Actual: [
            'Multiple exceptions (2) were detected during the running of the current test, and at
least one was unexpected.'
          ]
unexpected layout failure: [Multiple exceptions (2) were detected during the running of the current
test, and at least one was unexpected.]

When the exception was thrown, this was the stack:
#4      expectNoUnboundedLayoutFailure (file:///Users/Apple/Projects/nears-NEARS-2568-module-search-reskin/UserApp/test/features/search/search_load_more_widget_test.dart:120:3)
#5      main.<anonymous closure> (file:///Users/Apple/Projects/nears-NEARS-2568-module-search-reskin/UserApp/test/features/search/search_load_more_widget_test.dart:330:5)
<asynchronous suspension>
#6      testWidgets.<anonymous closure>.<anonymous closure> (package:flutter_test/src/widget_tester.dart:192:15)
<asynchronous suspension>
#7      TestWidgetsFlutterBinding._runTestBody (package:flutter_test/src/binding.dart:1682:5)
<asynchronous suspension>
<asynchronous suspension>
(elided one frame from package:stack_trace)

This was caught by the test expectation on the following line:
  file:///Users/Apple/Projects/nears-NEARS-2568-module-search-reskin/UserApp/test/features/search/search_load_more_widget_test.dart line 120
The test description was:
  W4 — an in-flight page shows the loading skeletons and hides the button
════════════════════════════════════════════════════════════════════════════════════════════════════
00:00 +0 -4: W4 — an in-flight page shows the loading skeletons and hides the button [E]
  Test failed. See exception logs above.
  The test description was: W4 — an in-flight page shows the loading skeletons and hides the button
  
00:00 +0 -4: W5 — a page failure shows the inline retry row, not NearsErrorRetry
══╡ EXCEPTION CAUGHT BY WIDGETS LIBRARY ╞═══════════════════════════════════════════════════════════
The following message was thrown building ItemCard(dirty):
"ItemController" not found. You need to call "Get.put(ItemController())" or
"Get.lazyPut(()=>ItemController())"

The relevant error-causing widget was:
  ItemCard
  ItemCard:file:///Users/Apple/Projects/nears-NEARS-2568-module-search-reskin/UserApp/lib/features/search/widgets/search_result_widget.dart:170:29

When the exception was thrown, this was the stack:
#0      GetInstance.find (package:get/get_instance/src/get_instance.dart:306:7)
#1      Inst.find (package:get/get_instance/src/extension_instance.dart:69:45)
#2      ItemCard.build (package:sixam_mart/common/widgets/card_design/item_card.dart:43:39)
#3      StatelessElement.build (package:flutter/src/widgets/framework.dart:5889:49)
#4      ComponentElement.performRebuild (package:flutter/src/widgets/framework.dart:5817:15)
#5      Element.rebuild (package:flutter/src/widgets/framework.dart:5529:7)
#6      ComponentElement._firstBuild (package:flutter/src/widgets/framework.dart:5799:5)
#7      ComponentElement.mount (package:flutter/src/widgets/framework.dart:5793:5)
#8      Element.inflateWidget (package:flutter/src/widgets/framework.dart:4587:20)
#9      MultiChildRenderObjectElement.inflateWidget (package:flutter/src/widgets/framework.dart:7264:36)
#10     MultiChildRenderObjectElement.mount (package:flutter/src/widgets/framework.dart:7279:32)
...     Normal element mounting (4 frames)
#14     Element.inflateWidget (package:flutter/src/widgets/framework.dart:4587:20)
#15     MultiChildRenderObjectElement.inflateWidget (package:flutter/src/widgets/framework.dart:7264:36)
#16     MultiChildRenderObjectElement.mount (package:flutter/src/widgets/framework.dart:7279:32)
...     Normal element mounting (148 frames)
#164    Element.inflateWidget (package:flutter/src/widgets/framework.dart:4587:20)
#165    MultiChildRenderObjectElement.inflateWidget (package:flutter/src/widgets/framework.dart:7264:36)
#166    MultiChildRenderObjectElement.mount (package:flutter/src/widgets/framework.dart:7279:32)
...     Normal element mounting (364 frames)
#530    Element.inflateWidget (package:flutter/src/widgets/framework.dart:4587:20)
#531    MultiChildRenderObjectElement.inflateWidget (package:flutter/src/widgets/framework.dart:7264:36)
#532    MultiChildRenderObjectElement.mount (package:flutter/src/widgets/framework.dart:7279:32)
...     Normal element mounting (493 frames)
#1025   Element.inflateWidget (package:flutter/src/widgets/framework.dart:4587:20)
#1026   Element.updateChild (package:flutter/src/widgets/framework.dart:4053:20)
#1027   ComponentElement.performRebuild (package:flutter/src/widgets/framework.dart:5841:16)
#1028   Element.rebuild (package:flutter/src/widgets/framework.dart:5529:7)
#1029   ProxyElement.update (package:flutter/src/widgets/framework.dart:6149:5)
#1030   _InheritedNotifierElement.update (package:flutter/src/widgets/inherited_notifier.dart:108:11)
#1031   Element.updateChild (package:flutter/src/widgets/framework.dart:4037:15)
#1032   ComponentElement.performRebuild (package:flutter/src/widgets/framework.dart:5841:16)
#1033   StatefulElement.performRebuild (package:flutter/src/widgets/framework.dart:5982:11)
#1034   Element.rebuild (package:flutter/src/widgets/framework.dart:5529:7)
#1035   StatefulElement.update (package:flutter/src/widgets/framework.dart:6007:5)
#1036   Element.updateChild (package:flutter/src/widgets/framework.dart:4037:15)
#1037   ComponentElement.performRebuild (package:flutter/src/widgets/framework.dart:5841:16)
#1038   Element.rebuild (package:flutter/src/widgets/framework.dart:5529:7)
#1039   ProxyElement.update (package:flutter/src/widgets/framework.dart:6149:5)
#1040   _InheritedNotifierElement.update (package:flutter/src/widgets/inherited_notifier.dart:108:11)
#1041   Element.updateChild (package:flutter/src/widgets/framework.dart:4037:15)
#1042   ComponentElement.performRebuild (package:flutter/src/widgets/framework.dart:5841:16)
#1043   StatefulElement.performRebuild (package:flutter/src/widgets/framework.dart:5982:11)
#1044   Element.rebuild (package:flutter/src/widgets/framework.dart:5529:7)
#1045   StatefulElement.update (package:flutter/src/widgets/framework.dart:6007:5)
#1046   Element.updateChild (package:flutter/src/widgets/framework.dart:4037:15)
#1047   ComponentElement.performRebuild (package:flutter/src/widgets/framework.dart:5841:16)
#1048   StatefulElement.performRebuild (package:flutter/src/widgets/framework.dart:5982:11)
#1049   Element.rebuild (package:flutter/src/widgets/framework.dart:5529:7)
#1050   StatefulElement.update (package:flutter/src/widgets/framework.dart:6007:5)
#1051   Element.updateChild (package:flutter/src/widgets/framework.dart:4037:15)
#1052   ComponentElement.performRebuild (package:flutter/src/widgets/framework.dart:5841:16)
#1053   Element.rebuild (package:flutter/src/widgets/framework.dart:5529:7)
#1054   ProxyElement.update (package:flutter/src/widgets/framework.dart:6149:5)
#1055   Element.updateChild (package:flutter/src/widgets/framework.dart:4037:15)
#1056   ComponentElement.performRebuild (package:flutter/src/widgets/framework.dart:5841:16)
#1057   StatefulElement.performRebuild (package:flutter/src/widgets/framework.dart:5982:11)
#1058   Element.rebuild (package:flutter/src/widgets/framework.dart:5529:7)
#1059   StatefulElement.update (package:flutter/src/widgets/framework.dart:6007:5)
#1060   Element.updateChild (package:flutter/src/widgets/framework.dart:4037:15)
#1061   ComponentElement.performRebuild (package:flutter/src/widgets/framework.dart:5841:16)
#1062   Element.rebuild (package:flutter/src/widgets/framework.dart:5529:7)
#1063   ProxyElement.update (package:flutter/src/widgets/framework.dart:6149:5)
#1064   Element.updateChild (package:flutter/src/widgets/framework.dart:4037:15)
#1065   ComponentElement.performRebuild (package:flutter/src/widgets/framework.dart:5841:16)
#1066   Element.rebuild (package:flutter/src/widgets/framework.dart:5529:7)
#1067   ProxyElement.update (package:flutter/src/widgets/framework.dart:6149:5)
#1068   Element.updateChild (package:flutter/src/widgets/framework.dart:4037:15)
#1069   _RawViewElement._updateChild (package:flutter/src/widgets/view.dart:481:16)
#1070   _RawViewElement.update (package:flutter/src/widgets/view.dart:568:5)
#1071   Element.updateChild (package:flutter/src/widgets/framework.dart:4037:15)
#1072   ComponentElement.performRebuild (package:flutter/src/widgets/framework.dart:5841:16)
#1073   Element.rebuild (package:flutter/src/widgets/framework.dart:5529:7)
#1074   StatelessElement.update (package:flutter/src/widgets/framework.dart:5895:5)
#1075   Element.updateChild (package:flutter/src/widgets/framework.dart:4037:15)
#1076   ComponentElement.performRebuild (package:flutter/src/widgets/framework.dart:5841:16)
#1077   StatefulElement.performRebuild (package:flutter/src/widgets/framework.dart:5982:11)
#1078   Element.rebuild (package:flutter/src/widgets/framework.dart:5529:7)
#1079   StatefulElement.update (package:flutter/src/widgets/framework.dart:6007:5)
#1080   Element.updateChild (package:flutter/src/widgets/framework.dart:4037:15)
#1081   RootElement._rebuild (package:flutter/src/widgets/binding.dart:1822:16)
#1082   RootElement.update (package:flutter/src/widgets/binding.dart:1800:5)
#1083   RootElement.performRebuild (package:flutter/src/widgets/binding.dart:1814:7)
#1084   Element.rebuild (package:flutter/src/widgets/framework.dart:5529:7)
#1085   BuildScope._tryRebuild (package:flutter/src/widgets/framework.dart:2750:15)
#1086   BuildScope._flushDirtyElements (package:flutter/src/widgets/framework.dart:2807:11)
#1087   BuildOwner.buildScope (package:flutter/src/widgets/framework.dart:3111:18)
#1088   AutomatedTestWidgetsFlutterBinding.drawFrame (package:flutter_test/src/binding.dart:2131:19)
#1089   RendererBinding._handlePersistentFrameCallback (package:flutter/src/rendering/binding.dart:495:5)
#1090   SchedulerBinding._invokeFrameCallback (package:flutter/src/scheduler/binding.dart:1430:15)
#1091   SchedulerBinding.handleDrawFrame (package:flutter/src/scheduler/binding.dart:1345:9)
#1092   AutomatedTestWidgetsFlutterBinding.pump.<anonymous closure> (package:flutter_test/src/binding.dart:1960:9)
#1095   TestAsyncUtils.guard (package:flutter_test/src/test_async_utils.dart:74:41)
#1096   AutomatedTestWidgetsFlutterBinding.pump (package:flutter_test/src/binding.dart:1949:27)
#1097   WidgetTester.pumpWidget.<anonymous closure> (package:flutter_test/src/widget_tester.dart:598:22)
#1100   TestAsyncUtils.guard (package:flutter_test/src/test_async_utils.dart:74:41)
#1101   WidgetTester.pumpWidget (package:flutter_test/src/widget_tester.dart:595:27)
#1102   main.<anonymous closure> (file:///Users/Apple/Projects/nears-NEARS-2568-module-search-reskin/UserApp/test/features/search/search_load_more_widget_test.dart:354:18)
<asynchronous suspension>
#1103   testWidgets.<anonymous closure>.<anonymous closure> (package:flutter_test/src/widget_tester.dart:192:15)
<asynchronous suspension>
#1104   TestWidgetsFlutterBinding._runTestBody (package:flutter_test/src/binding.dart:1682:5)
<asynchronous suspension>
<asynchronous suspension>
(elided 5 frames from dart:async and package:stack_trace)

════════════════════════════════════════════════════════════════════════════════════════════════════
══╡ EXCEPTION CAUGHT BY WIDGETS LIBRARY ╞═══════════════════════════════════════════════════════════
The following message was thrown building ItemCard(dirty):
"ItemController" not found. You need to call "Get.put(ItemController())" or
"Get.lazyPut(()=>ItemController())"

The relevant error-causing widget was:
  ItemCard
  ItemCard:file:///Users/Apple/Projects/nears-NEARS-2568-module-search-reskin/UserApp/lib/features/search/widgets/search_result_widget.dart:170:29

When the exception was thrown, this was the stack:
#0      GetInstance.find (package:get/get_instance/src/get_instance.dart:306:7)
#1      Inst.find (package:get/get_instance/src/extension_instance.dart:69:45)
#2      ItemCard.build (package:sixam_mart/common/widgets/card_design/item_card.dart:43:39)
#3      StatelessElement.build (package:flutter/src/widgets/framework.dart:5889:49)
#4      ComponentElement.performRebuild (package:flutter/src/widgets/framework.dart:5817:15)
#5      Element.rebuild (package:flutter/src/widgets/framework.dart:5529:7)
#6      ComponentElement._firstBuild (package:flutter/src/widgets/framework.dart:5799:5)
#7      ComponentElement.mount (package:flutter/src/widgets/framework.dart:5793:5)
#8      Element.inflateWidget (package:flutter/src/widgets/framework.dart:4587:20)
#9      MultiChildRenderObjectElement.inflateWidget (package:flutter/src/widgets/framework.dart:7264:36)
#10     MultiChildRenderObjectElement.mount (package:flutter/src/widgets/framework.dart:7279:32)
...     Normal element mounting (4 frames)
#14     Element.inflateWidget (package:flutter/src/widgets/framework.dart:4587:20)
#15     MultiChildRenderObjectElement.inflateWidget (package:flutter/src/widgets/framework.dart:7264:36)
#16     MultiChildRenderObjectElement.mount (package:flutter/src/widgets/framework.dart:7279:32)
...     Normal element mounting (148 frames)
#164    Element.inflateWidget (package:flutter/src/widgets/framework.dart:4587:20)
#165    MultiChildRenderObjectElement.inflateWidget (package:flutter/src/widgets/framework.dart:7264:36)
#166    MultiChildRenderObjectElement.mount (package:flutter/src/widgets/framework.dart:7279:32)
...     Normal element mounting (364 frames)
#530    Element.inflateWidget (package:flutter/src/widgets/framework.dart:4587:20)
#531    MultiChildRenderObjectElement.inflateWidget (package:flutter/src/widgets/framework.dart:7264:36)
#532    MultiChildRenderObjectElement.mount (package:flutter/src/widgets/framework.dart:7279:32)
...     Normal element mounting (493 frames)
#1025   Element.inflateWidget (package:flutter/src/widgets/framework.dart:4587:20)
#1026   Element.updateChild (package:flutter/src/widgets/framework.dart:4053:20)
#1027   ComponentElement.performRebuild (package:flutter/src/widgets/framework.dart:5841:16)
#1028   Element.rebuild (package:flutter/src/widgets/framework.dart:5529:7)
#1029   ProxyElement.update (package:flutter/src/widgets/framework.dart:6149:5)
#1030   _InheritedNotifierElement.update (package:flutter/src/widgets/inherited_notifier.dart:108:11)
#1031   Element.updateChild (package:flutter/src/widgets/framework.dart:4037:15)
#1032   ComponentElement.performRebuild (package:flutter/src/widgets/framework.dart:5841:16)
#1033   StatefulElement.performRebuild (package:flutter/src/widgets/framework.dart:5982:11)
#1034   Element.rebuild (package:flutter/src/widgets/framework.dart:5529:7)
#1035   StatefulElement.update (package:flutter/src/widgets/framework.dart:6007:5)
#1036   Element.updateChild (package:flutter/src/widgets/framework.dart:4037:15)
#1037   ComponentElement.performRebuild (package:flutter/src/widgets/framework.dart:5841:16)
#1038   Element.rebuild (package:flutter/src/widgets/framework.dart:5529:7)
#1039   ProxyElement.update (package:flutter/src/widgets/framework.dart:6149:5)
#1040   _InheritedNotifierElement.update (package:flutter/src/widgets/inherited_notifier.dart:108:11)
#1041   Element.updateChild (package:flutter/src/widgets/framework.dart:4037:15)
#1042   ComponentElement.performRebuild (package:flutter/src/widgets/framework.dart:5841:16)
#1043   StatefulElement.performRebuild (package:flutter/src/widgets/framework.dart:5982:11)
#1044   Element.rebuild (package:flutter/src/widgets/framework.dart:5529:7)
#1045   StatefulElement.update (package:flutter/src/widgets/framework.dart:6007:5)
#1046   Element.updateChild (package:flutter/src/widgets/framework.dart:4037:15)
#1047   ComponentElement.performRebuild (package:flutter/src/widgets/framework.dart:5841:16)
#1048   StatefulElement.performRebuild (package:flutter/src/widgets/framework.dart:5982:11)
#1049   Element.rebuild (package:flutter/src/widgets/framework.dart:5529:7)
#1050   StatefulElement.update (package:flutter/src/widgets/framework.dart:6007:5)
#1051   Element.updateChild (package:flutter/src/widgets/framework.dart:4037:15)
#1052   ComponentElement.performRebuild (package:flutter/src/widgets/framework.dart:5841:16)
#1053   Element.rebuild (package:flutter/src/widgets/framework.dart:5529:7)
#1054   ProxyElement.update (package:flutter/src/widgets/framework.dart:6149:5)
#1055   Element.updateChild (package:flutter/src/widgets/framework.dart:4037:15)
#1056   ComponentElement.performRebuild (package:flutter/src/widgets/framework.dart:5841:16)
#1057   StatefulElement.performRebuild (package:flutter/src/widgets/framework.dart:5982:11)
#1058   Element.rebuild (package:flutter/src/widgets/framework.dart:5529:7)
#1059   StatefulElement.update (package:flutter/src/widgets/framework.dart:6007:5)
#1060   Element.updateChild (package:flutter/src/widgets/framework.dart:4037:15)
#1061   ComponentElement.performRebuild (package:flutter/src/widgets/framework.dart:5841:16)
#1062   Element.rebuild (package:flutter/src/widgets/framework.dart:5529:7)
#1063   ProxyElement.update (package:flutter/src/widgets/framework.dart:6149:5)
#1064   Element.updateChild (package:flutter/src/widgets/framework.dart:4037:15)
#1065   ComponentElement.performRebuild (package:flutter/src/widgets/framework.dart:5841:16)
#1066   Element.rebuild (package:flutter/src/widgets/framework.dart:5529:7)
#1067   ProxyElement.update (package:flutter/src/widgets/framework.dart:6149:5)
#1068   Element.updateChild (package:flutter/src/widgets/framework.dart:4037:15)
#1069   _RawViewElement._updateChild (package:flutter/src/widgets/view.dart:481:16)
#1070   _RawViewElement.update (package:flutter/src/widgets/view.dart:568:5)
#1071   Element.updateChild (package:flutter/src/widgets/framework.dart:4037:15)
#1072   ComponentElement.performRebuild (package:flutter/src/widgets/framework.dart:5841:16)
#1073   Element.rebuild (package:flutter/src/widgets/framework.dart:5529:7)
#1074   StatelessElement.update (package:flutter/src/widgets/framework.dart:5895:5)
#1075   Element.updateChild (package:flutter/src/widgets/framework.dart:4037:15)
#1076   ComponentElement.performRebuild (package:flutter/src/widgets/framework.dart:5841:16)
#1077   StatefulElement.performRebuild (package:flutter/src/widgets/framework.dart:5982:11)
#1078   Element.rebuild (package:flutter/src/widgets/framework.dart:5529:7)
#1079   StatefulElement.update (package:flutter/src/widgets/framework.dart:6007:5)
#1080   Element.updateChild (package:flutter/src/widgets/framework.dart:4037:15)
#1081   RootElement._rebuild (package:flutter/src/widgets/binding.dart:1822:16)
#1082   RootElement.update (package:flutter/src/widgets/binding.dart:1800:5)
#1083   RootElement.performRebuild (package:flutter/src/widgets/binding.dart:1814:7)
#1084   Element.rebuild (package:flutter/src/widgets/framework.dart:5529:7)
#1085   BuildScope._tryRebuild (package:flutter/src/widgets/framework.dart:2750:15)
#1086   BuildScope._flushDirtyElements (package:flutter/src/widgets/framework.dart:2807:11)
#1087   BuildOwner.buildScope (package:flutter/src/widgets/framework.dart:3111:18)
#1088   AutomatedTestWidgetsFlutterBinding.drawFrame (package:flutter_test/src/binding.dart:2131:19)
#1089   RendererBinding._handlePersistentFrameCallback (package:flutter/src/rendering/binding.dart:495:5)
#1090   SchedulerBinding._invokeFrameCallback (package:flutter/src/scheduler/binding.dart:1430:15)
#1091   SchedulerBinding.handleDrawFrame (package:flutter/src/scheduler/binding.dart:1345:9)
#1092   AutomatedTestWidgetsFlutterBinding.pump.<anonymous closure> (package:flutter_test/src/binding.dart:1960:9)
#1095   TestAsyncUtils.guard (package:flutter_test/src/test_async_utils.dart:74:41)
#1096   AutomatedTestWidgetsFlutterBinding.pump (package:flutter_test/src/binding.dart:1949:27)
#1097   WidgetTester.pumpWidget.<anonymous closure> (package:flutter_test/src/widget_tester.dart:598:22)
#1100   TestAsyncUtils.guard (package:flutter_test/src/test_async_utils.dart:74:41)
#1101   WidgetTester.pumpWidget (package:flutter_test/src/widget_tester.dart:595:27)
#1102   main.<anonymous closure> (file:///Users/Apple/Projects/nears-NEARS-2568-module-search-reskin/UserApp/test/features/search/search_load_more_widget_test.dart:354:18)
<asynchronous suspension>
#1103   testWidgets.<anonymous closure>.<anonymous closure> (package:flutter_test/src/widget_tester.dart:192:15)
<asynchronous suspension>
#1104   TestWidgetsFlutterBinding._runTestBody (package:flutter_test/src/binding.dart:1682:5)
<asynchronous suspension>
<asynchronous suspension>
(elided 5 frames from dart:async and package:stack_trace)

════════════════════════════════════════════════════════════════════════════════════════════════════

Warning: A call to tap() with finder "Found 1 widget with text "load_more": [
  Text("load_more", inherit: true, color: Color(alpha: 1.0000, red: 0.4039, green: 0.3137, blue: 0.6431, colorSpace: ColorSpace.sRGB), family: Inter, size: 15.0, weight: 600, height: 1.3x, textAlign: center, overflow: ellipsis, maxLines: 1, dependencies: [DefaultSelectionStyle, DefaultTextStyle, MediaQuery]),
]" derived an Offset (Offset(195.0, 200113.0)) that would not hit test on the specified widget.
Maybe the widget is actually off-screen, or another widget is obscuring it, or the widget cannot receive pointer events.
Indeed, Offset(195.0, 200113.0) is outside the bounds of the root of the render tree, Size(390.0, 844.0).
The finder corresponds to this RenderBox: RenderParagraph#9fde0 relayoutBoundary=up1
The hit test result at that offset is: HitTestResult(HitTestEntry<HitTestTarget>#70449(_ReusableRenderView#133e4), HitTestEntry<HitTestTarget>#1c69c(<AutomatedTestWidgetsFlutterBinding>))
#0      WidgetController._getElementPoint (package:flutter_test/src/controller.dart:2158:25)
#1      WidgetController.getCenter (package:flutter_test/src/controller.dart:1942:12)
#2      WidgetController.tap (package:flutter_test/src/controller.dart:1075:7)
#3      main.<anonymous closure> (file:///Users/Apple/Projects/nears-NEARS-2568-module-search-reskin/UserApp/test/features/search/search_load_more_widget_test.dart:361:18)
<asynchronous suspension>
#4      testWidgets.<anonymous closure>.<anonymous closure> (package:flutter_test/src/widget_tester.dart:192:15)
<asynchronous suspension>
#5      TestWidgetsFlutterBinding._runTestBody (package:flutter_test/src/binding.dart:1682:5)
<asynchronous suspension>
#6      StackZoneSpecification._registerCallback.<anonymous closure> (package:stack_trace/src/stack_zone_specification.dart:114:42)
<asynchronous suspension>
To silence this warning, pass "warnIfMissed: false" to "tap()".
To make this warning fatal, set WidgetController.hitTestWarningShouldBeFatal to true.

══╡ EXCEPTION CAUGHT BY FLUTTER TEST FRAMEWORK ╞════════════════════════════════════════════════════
The following TestFailure was thrown running a test:
Expected: empty
  Actual: [
            'Multiple exceptions (2) were detected during the running of the current test, and at
least one was unexpected.'
          ]
unexpected layout failure: [Multiple exceptions (2) were detected during the running of the current
test, and at least one was unexpected.]

When the exception was thrown, this was the stack:
#4      expectNoUnboundedLayoutFailure (file:///Users/Apple/Projects/nears-NEARS-2568-module-search-reskin/UserApp/test/features/search/search_load_more_widget_test.dart:120:3)
#5      main.<anonymous closure> (file:///Users/Apple/Projects/nears-NEARS-2568-module-search-reskin/UserApp/test/features/search/search_load_more_widget_test.dart:365:5)
<asynchronous suspension>
#6      testWidgets.<anonymous closure>.<anonymous closure> (package:flutter_test/src/widget_tester.dart:192:15)
<asynchronous suspension>
#7      TestWidgetsFlutterBinding._runTestBody (package:flutter_test/src/binding.dart:1682:5)
<asynchronous suspension>
<asynchronous suspension>
(elided one frame from package:stack_trace)

This was caught by the test expectation on the following line:
  file:///Users/Apple/Projects/nears-NEARS-2568-module-search-reskin/UserApp/test/features/search/search_load_more_widget_test.dart line 120
The test description was:
  W5 — a page failure shows the inline retry row, not NearsErrorRetry
════════════════════════════════════════════════════════════════════════════════════════════════════
00:00 +0 -5: W5 — a page failure shows the inline retry row, not NearsErrorRetry [E]
  Test failed. See exception logs above.
  The test description was: W5 — a page failure shows the inline retry row, not NearsErrorRetry
  
00:00 +0 -5: W6 — the two-section preview (not expanded) renders no footer
══╡ EXCEPTION CAUGHT BY WIDGETS LIBRARY ╞═══════════════════════════════════════════════════════════
The following message was thrown building ItemCard(dirty):
"ItemController" not found. You need to call "Get.put(ItemController())" or
"Get.lazyPut(()=>ItemController())"

The relevant error-causing widget was:
  ItemCard
  ItemCard:file:///Users/Apple/Projects/nears-NEARS-2568-module-search-reskin/UserApp/lib/features/search/widgets/search_result_widget.dart:170:29

When the exception was thrown, this was the stack:
#0      GetInstance.find (package:get/get_instance/src/get_instance.dart:306:7)
#1      Inst.find (package:get/get_instance/src/extension_instance.dart:69:45)
#2      ItemCard.build (package:sixam_mart/common/widgets/card_design/item_card.dart:43:39)
#3      StatelessElement.build (package:flutter/src/widgets/framework.dart:5889:49)
#4      ComponentElement.performRebuild (package:flutter/src/widgets/framework.dart:5817:15)
#5      Element.rebuild (package:flutter/src/widgets/framework.dart:5529:7)
#6      ComponentElement._firstBuild (package:flutter/src/widgets/framework.dart:5799:5)
#7      ComponentElement.mount (package:flutter/src/widgets/framework.dart:5793:5)
#8      Element.inflateWidget (package:flutter/src/widgets/framework.dart:4587:20)
#9      MultiChildRenderObjectElement.inflateWidget (package:flutter/src/widgets/framework.dart:7264:36)
#10     MultiChildRenderObjectElement.mount (package:flutter/src/widgets/framework.dart:7279:32)
...     Normal element mounting (4 frames)
#14     Element.inflateWidget (package:flutter/src/widgets/framework.dart:4587:20)
#15     MultiChildRenderObjectElement.inflateWidget (package:flutter/src/widgets/framework.dart:7264:36)
#16     MultiChildRenderObjectElement.mount (package:flutter/src/widgets/framework.dart:7279:32)
#17     Element.inflateWidget (package:flutter/src/widgets/framework.dart:4587:20)
#18     MultiChildRenderObjectElement.inflateWidget (package:flutter/src/widgets/framework.dart:7264:36)
#19     MultiChildRenderObjectElement.mount (package:flutter/src/widgets/framework.dart:7279:32)
...     Normal element mounting (145 frames)
#164    Element.inflateWidget (package:flutter/src/widgets/framework.dart:4587:20)
#165    MultiChildRenderObjectElement.inflateWidget (package:flutter/src/widgets/framework.dart:7264:36)
#166    MultiChildRenderObjectElement.mount (package:flutter/src/widgets/framework.dart:7279:32)
...     Normal element mounting (364 frames)
#530    Element.inflateWidget (package:flutter/src/widgets/framework.dart:4587:20)
#531    MultiChildRenderObjectElement.inflateWidget (package:flutter/src/widgets/framework.dart:7264:36)
#532    MultiChildRenderObjectElement.mount (package:flutter/src/widgets/framework.dart:7279:32)
...     Normal element mounting (493 frames)
#1025   Element.inflateWidget (package:flutter/src/widgets/framework.dart:4587:20)
#1026   Element.updateChild (package:flutter/src/widgets/framework.dart:4053:20)
#1027   ComponentElement.performRebuild (package:flutter/src/widgets/framework.dart:5841:16)
#1028   Element.rebuild (package:flutter/src/widgets/framework.dart:5529:7)
#1029   ProxyElement.update (package:flutter/src/widgets/framework.dart:6149:5)
#1030   _InheritedNotifierElement.update (package:flutter/src/widgets/inherited_notifier.dart:108:11)
#1031   Element.updateChild (package:flutter/src/widgets/framework.dart:4037:15)
#1032   ComponentElement.performRebuild (package:flutter/src/widgets/framework.dart:5841:16)
#1033   StatefulElement.performRebuild (package:flutter/src/widgets/framework.dart:5982:11)
#1034   Element.rebuild (package:flutter/src/widgets/framework.dart:5529:7)
#1035   StatefulElement.update (package:flutter/src/widgets/framework.dart:6007:5)
#1036   Element.updateChild (package:flutter/src/widgets/framework.dart:4037:15)
#1037   ComponentElement.performRebuild (package:flutter/src/widgets/framework.dart:5841:16)
#1038   Element.rebuild (package:flutter/src/widgets/framework.dart:5529:7)
#1039   ProxyElement.update (package:flutter/src/widgets/framework.dart:6149:5)
#1040   _InheritedNotifierElement.update (package:flutter/src/widgets/inherited_notifier.dart:108:11)
#1041   Element.updateChild (package:flutter/src/widgets/framework.dart:4037:15)
#1042   ComponentElement.performRebuild (package:flutter/src/widgets/framework.dart:5841:16)
#1043   StatefulElement.performRebuild (package:flutter/src/widgets/framework.dart:5982:11)
#1044   Element.rebuild (package:flutter/src/widgets/framework.dart:5529:7)
#1045   StatefulElement.update (package:flutter/src/widgets/framework.dart:6007:5)
#1046   Element.updateChild (package:flutter/src/widgets/framework.dart:4037:15)
#1047   ComponentElement.performRebuild (package:flutter/src/widgets/framework.dart:5841:16)
#1048   StatefulElement.performRebuild (package:flutter/src/widgets/framework.dart:5982:11)
#1049   Element.rebuild (package:flutter/src/widgets/framework.dart:5529:7)
#1050   StatefulElement.update (package:flutter/src/widgets/framework.dart:6007:5)
#1051   Element.updateChild (package:flutter/src/widgets/framework.dart:4037:15)
#1052   ComponentElement.performRebuild (package:flutter/src/widgets/framework.dart:5841:16)
#1053   Element.rebuild (package:flutter/src/widgets/framework.dart:5529:7)
#1054   ProxyElement.update (package:flutter/src/widgets/framework.dart:6149:5)
#1055   Element.updateChild (package:flutter/src/widgets/framework.dart:4037:15)
#1056   ComponentElement.performRebuild (package:flutter/src/widgets/framework.dart:5841:16)
#1057   StatefulElement.performRebuild (package:flutter/src/widgets/framework.dart:5982:11)
#1058   Element.rebuild (package:flutter/src/widgets/framework.dart:5529:7)
#1059   StatefulElement.update (package:flutter/src/widgets/framework.dart:6007:5)
#1060   Element.updateChild (package:flutter/src/widgets/framework.dart:4037:15)
#1061   ComponentElement.performRebuild (package:flutter/src/widgets/framework.dart:5841:16)
#1062   Element.rebuild (package:flutter/src/widgets/framework.dart:5529:7)
#1063   ProxyElement.update (package:flutter/src/widgets/framework.dart:6149:5)
#1064   Element.updateChild (package:flutter/src/widgets/framework.dart:4037:15)
#1065   ComponentElement.performRebuild (package:flutter/src/widgets/framework.dart:5841:16)
#1066   Element.rebuild (package:flutter/src/widgets/framework.dart:5529:7)
#1067   ProxyElement.update (package:flutter/src/widgets/framework.dart:6149:5)
#1068   Element.updateChild (package:flutter/src/widgets/framework.dart:4037:15)
#1069   _RawViewElement._updateChild (package:flutter/src/widgets/view.dart:481:16)
#1070   _RawViewElement.update (package:flutter/src/widgets/view.dart:568:5)
#1071   Element.updateChild (package:flutter/src/widgets/framework.dart:4037:15)
#1072   ComponentElement.performRebuild (package:flutter/src/widgets/framework.dart:5841:16)
#1073   Element.rebuild (package:flutter/src/widgets/framework.dart:5529:7)
#1074   StatelessElement.update (package:flutter/src/widgets/framework.dart:5895:5)
#1075   Element.updateChild (package:flutter/src/widgets/framework.dart:4037:15)
#1076   ComponentElement.performRebuild (package:flutter/src/widgets/framework.dart:5841:16)
#1077   StatefulElement.performRebuild (package:flutter/src/widgets/framework.dart:5982:11)
#1078   Element.rebuild (package:flutter/src/widgets/framework.dart:5529:7)
#1079   StatefulElement.update (package:flutter/src/widgets/framework.dart:6007:5)
#1080   Element.updateChild (package:flutter/src/widgets/framework.dart:4037:15)
#1081   RootElement._rebuild (package:flutter/src/widgets/binding.dart:1822:16)
#1082   RootElement.update (package:flutter/src/widgets/binding.dart:1800:5)
#1083   RootElement.performRebuild (package:flutter/src/widgets/binding.dart:1814:7)
#1084   Element.rebuild (package:flutter/src/widgets/framework.dart:5529:7)
#1085   BuildScope._tryRebuild (package:flutter/src/widgets/framework.dart:2750:15)
#1086   BuildScope._flushDirtyElements (package:flutter/src/widgets/framework.dart:2807:11)
#1087   BuildOwner.buildScope (package:flutter/src/widgets/framework.dart:3111:18)
#1088   AutomatedTestWidgetsFlutterBinding.drawFrame (package:flutter_test/src/binding.dart:2131:19)
#1089   RendererBinding._handlePersistentFrameCallback (package:flutter/src/rendering/binding.dart:495:5)
#1090   SchedulerBinding._invokeFrameCallback (package:flutter/src/scheduler/binding.dart:1430:15)
#1091   SchedulerBinding.handleDrawFrame (package:flutter/src/scheduler/binding.dart:1345:9)
#1092   AutomatedTestWidgetsFlutterBinding.pump.<anonymous closure> (package:flutter_test/src/binding.dart:1960:9)
#1095   TestAsyncUtils.guard (package:flutter_test/src/test_async_utils.dart:74:41)
#1096   AutomatedTestWidgetsFlutterBinding.pump (package:flutter_test/src/binding.dart:1949:27)
#1097   WidgetTester.pumpWidget.<anonymous closure> (package:flutter_test/src/widget_tester.dart:598:22)
#1100   TestAsyncUtils.guard (package:flutter_test/src/test_async_utils.dart:74:41)
#1101   WidgetTester.pumpWidget (package:flutter_test/src/widget_tester.dart:595:27)
#1102   main.<anonymous closure> (file:///Users/Apple/Projects/nears-NEARS-2568-module-search-reskin/UserApp/test/features/search/search_load_more_widget_test.dart:380:18)
<asynchronous suspension>
#1103   testWidgets.<anonymous closure>.<anonymous closure> (package:flutter_test/src/widget_tester.dart:192:15)
<asynchronous suspension>
#1104   TestWidgetsFlutterBinding._runTestBody (package:flutter_test/src/binding.dart:1682:5)
<asynchronous suspension>
<asynchronous suspension>
(elided 5 frames from dart:async and package:stack_trace)

════════════════════════════════════════════════════════════════════════════════════════════════════
══╡ EXCEPTION CAUGHT BY WIDGETS LIBRARY ╞═══════════════════════════════════════════════════════════
The following message was thrown building ItemCard(dirty):
"ItemController" not found. You need to call "Get.put(ItemController())" or
"Get.lazyPut(()=>ItemController())"

The relevant error-causing widget was:
  ItemCard
  ItemCard:file:///Users/Apple/Projects/nears-NEARS-2568-module-search-reskin/UserApp/lib/features/search/widgets/search_result_widget.dart:170:29

When the exception was thrown, this was the stack:
#0      GetInstance.find (package:get/get_instance/src/get_instance.dart:306:7)
#1      Inst.find (package:get/get_instance/src/extension_instance.dart:69:45)
#2      ItemCard.build (package:sixam_mart/common/widgets/card_design/item_card.dart:43:39)
#3      StatelessElement.build (package:flutter/src/widgets/framework.dart:5889:49)
#4      ComponentElement.performRebuild (package:flutter/src/widgets/framework.dart:5817:15)
#5      Element.rebuild (package:flutter/src/widgets/framework.dart:5529:7)
#6      ComponentElement._firstBuild (package:flutter/src/widgets/framework.dart:5799:5)
#7      ComponentElement.mount (package:flutter/src/widgets/framework.dart:5793:5)
#8      Element.inflateWidget (package:flutter/src/widgets/framework.dart:4587:20)
#9      MultiChildRenderObjectElement.inflateWidget (package:flutter/src/widgets/framework.dart:7264:36)
#10     MultiChildRenderObjectElement.mount (package:flutter/src/widgets/framework.dart:7279:32)
...     Normal element mounting (4 frames)
#14     Element.inflateWidget (package:flutter/src/widgets/framework.dart:4587:20)
#15     MultiChildRenderObjectElement.inflateWidget (package:flutter/src/widgets/framework.dart:7264:36)
#16     MultiChildRenderObjectElement.mount (package:flutter/src/widgets/framework.dart:7279:32)
#17     Element.inflateWidget (package:flutter/src/widgets/framework.dart:4587:20)
#18     MultiChildRenderObjectElement.inflateWidget (package:flutter/src/widgets/framework.dart:7264:36)
#19     MultiChildRenderObjectElement.mount (package:flutter/src/widgets/framework.dart:7279:32)
...     Normal element mounting (145 frames)
#164    Element.inflateWidget (package:flutter/src/widgets/framework.dart:4587:20)
#165    MultiChildRenderObjectElement.inflateWidget (package:flutter/src/widgets/framework.dart:7264:36)
#166    MultiChildRenderObjectElement.mount (package:flutter/src/widgets/framework.dart:7279:32)
...     Normal element mounting (364 frames)
#530    Element.inflateWidget (package:flutter/src/widgets/framework.dart:4587:20)
#531    MultiChildRenderObjectElement.inflateWidget (package:flutter/src/widgets/framework.dart:7264:36)
#532    MultiChildRenderObjectElement.mount (package:flutter/src/widgets/framework.dart:7279:32)
...     Normal element mounting (493 frames)
#1025   Element.inflateWidget (package:flutter/src/widgets/framework.dart:4587:20)
#1026   Element.updateChild (package:flutter/src/widgets/framework.dart:4053:20)
#1027   ComponentElement.performRebuild (package:flutter/src/widgets/framework.dart:5841:16)
#1028   Element.rebuild (package:flutter/src/widgets/framework.dart:5529:7)
#1029   ProxyElement.update (package:flutter/src/widgets/framework.dart:6149:5)
#1030   _InheritedNotifierElement.update (package:flutter/src/widgets/inherited_notifier.dart:108:11)
#1031   Element.updateChild (package:flutter/src/widgets/framework.dart:4037:15)
#1032   ComponentElement.performRebuild (package:flutter/src/widgets/framework.dart:5841:16)
#1033   StatefulElement.performRebuild (package:flutter/src/widgets/framework.dart:5982:11)
#1034   Element.rebuild (package:flutter/src/widgets/framework.dart:5529:7)
#1035   StatefulElement.update (package:flutter/src/widgets/framework.dart:6007:5)
#1036   Element.updateChild (package:flutter/src/widgets/framework.dart:4037:15)
#1037   ComponentElement.performRebuild (package:flutter/src/widgets/framework.dart:5841:16)
#1038   Element.rebuild (package:flutter/src/widgets/framework.dart:5529:7)
#1039   ProxyElement.update (package:flutter/src/widgets/framework.dart:6149:5)
#1040   _InheritedNotifierElement.update (package:flutter/src/widgets/inherited_notifier.dart:108:11)
#1041   Element.updateChild (package:flutter/src/widgets/framework.dart:4037:15)
#1042   ComponentElement.performRebuild (package:flutter/src/widgets/framework.dart:5841:16)
#1043   StatefulElement.performRebuild (package:flutter/src/widgets/framework.dart:5982:11)
#1044   Element.rebuild (package:flutter/src/widgets/framework.dart:5529:7)
#1045   StatefulElement.update (package:flutter/src/widgets/framework.dart:6007:5)
#1046   Element.updateChild (package:flutter/src/widgets/framework.dart:4037:15)
#1047   ComponentElement.performRebuild (package:flutter/src/widgets/framework.dart:5841:16)
#1048   StatefulElement.performRebuild (package:flutter/src/widgets/framework.dart:5982:11)
#1049   Element.rebuild (package:flutter/src/widgets/framework.dart:5529:7)
#1050   StatefulElement.update (package:flutter/src/widgets/framework.dart:6007:5)
#1051   Element.updateChild (package:flutter/src/widgets/framework.dart:4037:15)
#1052   ComponentElement.performRebuild (package:flutter/src/widgets/framework.dart:5841:16)
#1053   Element.rebuild (package:flutter/src/widgets/framework.dart:5529:7)
#1054   ProxyElement.update (package:flutter/src/widgets/framework.dart:6149:5)
#1055   Element.updateChild (package:flutter/src/widgets/framework.dart:4037:15)
#1056   ComponentElement.performRebuild (package:flutter/src/widgets/framework.dart:5841:16)
#1057   StatefulElement.performRebuild (package:flutter/src/widgets/framework.dart:5982:11)
#1058   Element.rebuild (package:flutter/src/widgets/framework.dart:5529:7)
#1059   StatefulElement.update (package:flutter/src/widgets/framework.dart:6007:5)
#1060   Element.updateChild (package:flutter/src/widgets/framework.dart:4037:15)
#1061   ComponentElement.performRebuild (package:flutter/src/widgets/framework.dart:5841:16)
#1062   Element.rebuild (package:flutter/src/widgets/framework.dart:5529:7)
#1063   ProxyElement.update (package:flutter/src/widgets/framework.dart:6149:5)
#1064   Element.updateChild (package:flutter/src/widgets/framework.dart:4037:15)
#1065   ComponentElement.performRebuild (package:flutter/src/widgets/framework.dart:5841:16)
#1066   Element.rebuild (package:flutter/src/widgets/framework.dart:5529:7)
#1067   ProxyElement.update (package:flutter/src/widgets/framework.dart:6149:5)
#1068   Element.updateChild (package:flutter/src/widgets/framework.dart:4037:15)
#1069   _RawViewElement._updateChild (package:flutter/src/widgets/view.dart:481:16)
#1070   _RawViewElement.update (package:flutter/src/widgets/view.dart:568:5)
#1071   Element.updateChild (package:flutter/src/widgets/framework.dart:4037:15)
#1072   ComponentElement.performRebuild (package:flutter/src/widgets/framework.dart:5841:16)
#1073   Element.rebuild (package:flutter/src/widgets/framework.dart:5529:7)
#1074   StatelessElement.update (package:flutter/src/widgets/framework.dart:5895:5)
#1075   Element.updateChild (package:flutter/src/widgets/framework.dart:4037:15)
#1076   ComponentElement.performRebuild (package:flutter/src/widgets/framework.dart:5841:16)
#1077   StatefulElement.performRebuild (package:flutter/src/widgets/framework.dart:5982:11)
#1078   Element.rebuild (package:flutter/src/widgets/framework.dart:5529:7)
#1079   StatefulElement.update (package:flutter/src/widgets/framework.dart:6007:5)
#1080   Element.updateChild (package:flutter/src/widgets/framework.dart:4037:15)
#1081   RootElement._rebuild (package:flutter/src/widgets/binding.dart:1822:16)
#1082   RootElement.update (package:flutter/src/widgets/binding.dart:1800:5)
#1083   RootElement.performRebuild (package:flutter/src/widgets/binding.dart:1814:7)
#1084   Element.rebuild (package:flutter/src/widgets/framework.dart:5529:7)
#1085   BuildScope._tryRebuild (package:flutter/src/widgets/framework.dart:2750:15)
#1086   BuildScope._flushDirtyElements (package:flutter/src/widgets/framework.dart:2807:11)
#1087   BuildOwner.buildScope (package:flutter/src/widgets/framework.dart:3111:18)
#1088   AutomatedTestWidgetsFlutterBinding.drawFrame (package:flutter_test/src/binding.dart:2131:19)
#1089   RendererBinding._handlePersistentFrameCallback (package:flutter/src/rendering/binding.dart:495:5)
#1090   SchedulerBinding._invokeFrameCallback (package:flutter/src/scheduler/binding.dart:1430:15)
#1091   SchedulerBinding.handleDrawFrame (package:flutter/src/scheduler/binding.dart:1345:9)
#1092   AutomatedTestWidgetsFlutterBinding.pump.<anonymous closure> (package:flutter_test/src/binding.dart:1960:9)
#1095   TestAsyncUtils.guard (package:flutter_test/src/test_async_utils.dart:74:41)
#1096   AutomatedTestWidgetsFlutterBinding.pump (package:flutter_test/src/binding.dart:1949:27)
#1097   WidgetTester.pumpWidget.<anonymous closure> (package:flutter_test/src/widget_tester.dart:598:22)
#1100   TestAsyncUtils.guard (package:flutter_test/src/test_async_utils.dart:74:41)
#1101   WidgetTester.pumpWidget (package:flutter_test/src/widget_tester.dart:595:27)
#1102   main.<anonymous closure> (file:///Users/Apple/Projects/nears-NEARS-2568-module-search-reskin/UserApp/test/features/search/search_load_more_widget_test.dart:380:18)
<asynchronous suspension>
#1103   testWidgets.<anonymous closure>.<anonymous closure> (package:flutter_test/src/widget_tester.dart:192:15)
<asynchronous suspension>
#1104   TestWidgetsFlutterBinding._runTestBody (package:flutter_test/src/binding.dart:1682:5)
<asynchronous suspension>
<asynchronous suspension>
(elided 5 frames from dart:async and package:stack_trace)

════════════════════════════════════════════════════════════════════════════════════════════════════
══╡ EXCEPTION CAUGHT BY FLUTTER TEST FRAMEWORK ╞════════════════════════════════════════════════════
The following TestFailure was thrown running a test:
Expected: empty
  Actual: [
            'Multiple exceptions (2) were detected during the running of the current test, and at
least one was unexpected.'
          ]
unexpected layout failure: [Multiple exceptions (2) were detected during the running of the current
test, and at least one was unexpected.]

When the exception was thrown, this was the stack:
#4      expectNoUnboundedLayoutFailure (file:///Users/Apple/Projects/nears-NEARS-2568-module-search-reskin/UserApp/test/features/search/search_load_more_widget_test.dart:120:3)
#5      main.<anonymous closure> (file:///Users/Apple/Projects/nears-NEARS-2568-module-search-reskin/UserApp/test/features/search/search_load_more_widget_test.dart:383:5)
<asynchronous suspension>
#6      testWidgets.<anonymous closure>.<anonymous closure> (package:flutter_test/src/widget_tester.dart:192:15)
<asynchronous suspension>
#7      TestWidgetsFlutterBinding._runTestBody (package:flutter_test/src/binding.dart:1682:5)
<asynchronous suspension>
<asynchronous suspension>
(elided one frame from package:stack_trace)

This was caught by the test expectation on the following line:
  file:///Users/Apple/Projects/nears-NEARS-2568-module-search-reskin/UserApp/test/features/search/search_load_more_widget_test.dart line 120
The test description was:
  W6 — the two-section preview (not expanded) renders no footer
════════════════════════════════════════════════════════════════════════════════════════════════════
00:00 +0 -6: W6 — the two-section preview (not expanded) renders no footer [E]
  Test failed. See exception logs above.
  The test description was: W6 — the two-section preview (not expanded) renders no footer
  
00:00 +0 -6: (tearDownAll)
00:00 +0 -6: Some tests failed.
