--------- beginning of main
09-30 18:31:53.731  3682  3682 I flutter : [NET] GET endpoint=/api/v1/cashback/list
09-30 18:31:53.733  3682  3682 I flutter : [NET] GET endpoint=/api/v1/customer/wish-list
09-30 18:31:53.734  3682  3682 I flutter : 📊 analytics: module_switched {from_module: Pharmacy, from_module_id: 3, to_module: Grocery, to_module_id: 1, source: categories_app_bar, screen: home, section: module_tabs, position: 0}
09-30 18:31:53.734  3682  3682 I flutter : [NET] GET endpoint=/api/v1/cashback/list
09-30 18:31:53.736  3682  3682 I flutter : [NET] GET endpoint=/api/v1/customer/cart/list
09-30 18:31:53.736  3682  3682 I flutter : [NET] GET endpoint=/api/v1/customer/cart/list
09-30 18:31:53.737  3682  3682 I flutter : [INFO] msg="home load started"
09-30 18:31:54.570  3682  3682 I flutter : [NET] GET endpoint=/api/v1/config/get-zone-id
09-30 18:31:54.737  3682  3682 I flutter : [NET] endpoint=/api/v1/customer/cart/list http_status=200
09-30 18:31:54.879  3682  3682 I flutter : [NET] endpoint=/api/v1/cashback/list http_status=200
09-30 18:31:55.400  3682  3682 I flutter : [NET] endpoint=/api/v1/customer/wish-list http_status=200
09-30 18:31:55.407  3682  3682 I flutter : 📊 analytics: view_item_list {item_list_id: favourite_items, item_list_name: favourite_items, item_count: 2, screen: favourites}
09-30 18:31:55.407  3682  3682 I flutter : 📊 analytics: view_store_list {item_list_id: favourite_stores, item_list_name: favourite_stores, count: 2, screen: favourites}
09-30 18:31:55.408  3682  3682 I flutter : [NET] endpoint=/api/v1/cashback/list http_status=200
09-30 18:31:55.412  3682  3682 I flutter : [NET] endpoint=/api/v1/customer/cart/list http_status=200
09-30 18:31:55.420  3682  3682 I flutter : [NET] endpoint=/api/v1/config/get-zone-id http_status=200
09-30 18:31:55.421  3682  3682 I flutter : [INFO] msg="location: inZone=true"
09-30 18:31:55.432  3682  3682 I flutter : [NET] GET endpoint=/api/v1/home/all
09-30 18:31:56.911  3682  3682 I flutter : [NET] endpoint=/api/v1/home/all http_status=200
09-30 18:31:57.345  3682  3682 I flutter : [NET] GET endpoint=/api/v1/other-banners
09-30 18:31:57.367  3682  3682 I flutter : [NET] GET endpoint=/api/v1/customer/info
09-30 18:31:57.558  3682  3682 I flutter : [NET] GET endpoint=/api/v1/flash-sales
09-30 18:31:57.612  3682  3682 I flutter : [NET] GET endpoint=/api/v1/items/popular
09-30 18:31:57.688  3682  3682 I flutter : [NET] GET endpoint=/api/v1/items/most-reviewed
09-30 18:31:57.722  3682  3682 I flutter : [NET] GET endpoint=/api/v1/campaigns/basic
09-30 18:31:57.764  3682  3682 I flutter : [NET] GET endpoint=/api/v1/campaigns/item
09-30 18:31:58.262  3682  3682 I flutter : [NET] GET endpoint=/api/v1/items/recommended
09-30 18:31:58.285  3682  3682 I flutter : [NET] GET endpoint=/api/v1/stores/get-stores/all
09-30 18:31:58.291  3682  3682 I flutter : [NET] GET endpoint=/api/v1/advertisement/list
09-30 18:31:58.525  3682  3682 I flutter : [NET] endpoint=/api/v1/flash-sales http_status=200
09-30 18:31:58.671  3682  3682 I flutter : [NET] endpoint=/api/v1/other-banners http_status=200
09-30 18:31:58.779  3682  3682 I flutter : [NET] endpoint=/api/v1/customer/info http_status=200
09-30 18:31:58.788  3682  3682 I flutter : [NET] GET endpoint=/api/v1/customer/notifications
09-30 18:31:58.817  3682  3682 I flutter : [NET] GET endpoint=/api/v1/coupon/list
09-30 18:31:58.888  3682  3682 I flutter : [NET] GET endpoint=/api/v1/module
09-30 18:32:00.171  3682  3682 I flutter : [NET] endpoint=/api/v1/items/popular http_status=200
09-30 18:32:00.506  3682  3682 I flutter : [NET] endpoint=/api/v1/items/most-reviewed http_status=200
09-30 18:32:00.538  3682  3682 I flutter : [NET] endpoint=/api/v1/campaigns/basic http_status=200
09-30 18:32:00.555  3682  3682 I flutter : [NET] endpoint=/api/v1/campaigns/item http_status=200
09-30 18:32:00.673  3682  3682 I flutter : [NET] endpoint=/api/v1/items/recommended http_status=200
09-30 18:32:01.066  3682  3682 I flutter : [NET] endpoint=/api/v1/stores/get-stores/all http_status=200
09-30 18:32:01.084  3682  3682 I flutter : 📊 analytics: view_item_list {item_list_id: store_card_popular_items, item_list_name: store_card_popular_items, item_count: 5, screen: home, store_id: 12, section: stores_list, position: 1}
09-30 18:32:01.088  3682  3682 I flutter : 📊 analytics: view_item_list {item_list_id: store_card_popular_items, item_list_name: store_card_popular_items, item_count: 5, screen: home, store_id: 13, section: stores_list, position: 2}
09-30 18:32:01.102  3682  3682 I flutter : 📊 analytics: view_item_list {item_list_id: store_card_popular_items, item_list_name: store_card_popular_items, item_count: 5, screen: home, store_id: 14, section: stores_list, position: 3}
09-30 18:32:01.103  3682  3682 I flutter : 📊 analytics: view_item_list {item_list_id: store_card_popular_items, item_list_name: store_card_popular_items, item_count: 5, screen: home, store_id: 16, section: stores_list, position: 5}
09-30 18:32:01.103  3682  3682 I flutter : 📊 analytics: view_item_list {item_list_id: store_card_popular_items, item_list_name: store_card_popular_items, item_count: 5, screen: home, store_id: 17, section: stores_list, position: 6}
09-30 18:32:01.103  3682  3682 I flutter : 📊 analytics: view_item_list {item_list_id: store_card_popular_items, item_list_name: store_card_popular_items, item_count: 5, screen: home, store_id: 18, section: stores_list, position: 7}
09-30 18:32:01.104  3682  3682 I flutter : 📊 analytics: view_item_list {item_list_id: store_card_popular_items, item_list_name: store_card_popular_items, item_count: 5, screen: home, store_id: 19, section: stores_list, position: 8}
09-30 18:32:01.104  3682  3682 I flutter : 📊 analytics: view_item_list {item_list_id: store_card_popular_items, item_list_name: store_card_popular_items, item_count: 5, screen: home, store_id: 20, section: stores_list, position: 9}
09-30 18:32:01.106  3682  3682 I flutter : 📊 analytics: view_item_list {item_list_id: store_card_popular_items, item_list_name: store_card_popular_items, item_count: 5, screen: home, store_id: 21, section: stores_list, position: 10}
09-30 18:32:01.107  3682  3682 I flutter : 📊 analytics: view_item_list {item_list_id: store_card_popular_items, item_list_name: store_card_popular_items, item_count: 5, screen: home, store_id: 22, section: stores_list, position: 11}
09-30 18:32:01.107  3682  3682 I flutter : 📊 analytics: view_item_list {item_list_id: store_card_popular_items, item_list_name: store_card_popular_items, item_count: 5, screen: home, store_id: 35, section: stores_list, position: 12}
09-30 18:32:01.107  3682  3682 I flutter : 📊 analytics: view_store_list {item_list_id: stores_list, item_list_name: stores_list, count: 12, screen: home, with_popular_items_count: 11}
09-30 18:32:01.108  3682  3682 I flutter : [NET] GET endpoint=/api/v1/customer/order/buy-it-again
09-30 18:32:01.113  3682  3682 I flutter : [NET] endpoint=/api/v1/advertisement/list http_status=200
09-30 18:32:01.151  3682  3682 I flutter : [NET] endpoint=/api/v1/coupon/list http_status=200
09-30 18:32:01.295  3682  3682 I flutter : 📊 analytics: view_promotion {promotion_count: 7, eligible_count: 0, expiring_count: 0, screen: coupons, source: profile_menu}
09-30 18:32:01.362  3682  3682 I flutter : [NET] endpoint=/api/v1/customer/notifications http_status=200
09-30 18:32:01.970  3682  3682 I flutter : [NET] endpoint=/api/v1/module http_status=200
09-30 18:32:02.970  3682  3682 I flutter : [NET] endpoint=/api/v1/customer/order/buy-it-again http_status=200
09-30 18:32:07.196  3682  3682 I flutter : [NET] POST endpoint=/api/v1/customer/cart/add
09-30 18:32:08.149  3682  3682 I flutter : [NET] endpoint=/api/v1/customer/cart/add http_status=200
09-30 18:32:08.154  3682  3682 I flutter : 📊 analytics: add_to_cart {item_id: 95, price: 10.0, quantity: 1, currency: AED, value: 10.0, screen: home, item_list_id: buy_it_again, item_list_name: buy_it_again, index: 2, store_id: 35, is_available: 1}
09-30 18:32:13.389  3682  3682 I flutter : [INFO] msg="cart restored with 1 items"
09-30 18:32:13.398  3682  3682 I flutter : [NET] GET endpoint=/api/v1/stores/details/35
09-30 18:32:13.791  3682  3682 I flutter : [NET] GET endpoint=/api/v1/stores/details/35
09-30 18:32:14.663  3682  3682 I flutter : [NET] endpoint=/api/v1/stores/details/35 http_status=200
09-30 18:32:14.682  3682  3682 I flutter : [NET] endpoint=/api/v1/stores/details/35 http_status=200
09-30 18:32:14.693  3682  3682 I flutter : 📊 analytics: view_store {store_id: 35, is_open: 1}
09-30 18:32:14.696  3682  3682 I flutter : [NET] GET endpoint=/api/v1/items/suggested
09-30 18:32:14.698  3682  3682 I flutter : 📊 analytics: view_cart {value: 10.0, currency: AED, item_count: 1, store_count: 1, screen: basket, source: bottom_nav}
09-30 18:32:15.672  3682  3682 I flutter : [NET] endpoint=/api/v1/items/suggested http_status=200
09-30 18:32:16.026  3682  3682 I flutter : 📊 analytics: view_item_list {item_list_id: basket_suggestions, item_list_name: basket_suggestions, item_count: 7, store_count: 1, screen: basket}
09-30 18:32:22.468  3682  3682 I flutter : [INFO] msg="route: waiting for module=grocery-food"
09-30 18:32:22.471  3682  3682 I flutter : [INFO] msg="route: checkModuleId configNull=false hasAddress=true fromDeeplink=false"
09-30 18:32:22.472  3682  3682 I flutter : [INFO] msg="route: not from deeplink, skipping module fetch"
09-30 18:32:22.475  3682  3682 I flutter : [INFO] msg="route: module future state=ConnectionState.waiting hasData=false hasError=false"
09-30 18:32:22.575  3682  3682 I flutter : [INFO] msg="route: module future state=ConnectionState.done hasData=false hasError=false"
09-30 18:32:22.584  3682  3682 I flutter : [NET] GET endpoint=/api/v1/most-tips
09-30 18:32:22.586  3682  3682 I flutter : [NET] GET endpoint=/api/v1/offline_payment_method_list
09-30 18:32:22.601  3682  3682 I flutter : [NET] GET endpoint=/api/v1/coupon/list
09-30 18:32:22.607  3682  3682 I flutter : [NET] GET endpoint=/api/v1/customer/address/list
09-30 18:32:22.611  3682  3682 I flutter : [NET] GET endpoint=/api/v1/stores/details/35
09-30 18:32:23.712  3682  3682 I flutter : [NET] endpoint=/api/v1/stores/details/35 http_status=200
09-30 18:32:23.838  3682  3682 I flutter : [NET] GET endpoint=/api/v1/config/distance-api
09-30 18:32:23.845  3682  3682 I flutter : 📊 analytics: view_store {store_id: 35, is_open: 1}
09-30 18:32:23.875  3682  3682 I flutter : [NET] endpoint=/api/v1/most-tips http_status=200
09-30 18:32:23.882  3682  3682 I flutter : [NET] endpoint=/api/v1/offline_payment_method_list http_status=200
09-30 18:32:23.906  3682  3682 I flutter : 📊 analytics: begin_checkout {value: 10.0, currency: AED, item_count: 1, source: basket, store_count: 1}
09-30 18:32:24.251  3682  3682 I flutter : [INFO] msg="checkout: payment method selected index=0"
09-30 18:32:24.258  3682  3682 I flutter : 📊 analytics: add_payment_info {payment_type: cash_on_delivery, value: 9.0, currency: AED, screen: checkout, section: payment}
09-30 18:32:24.287  3682  3682 I flutter : [NET] POST endpoint=/api/v1/customer/order/get-Tax
09-30 18:32:24.320  3682  3682 I flutter : [NET] POST endpoint=/api/v1/customer/order/get-surge-price
09-30 18:32:26.519  3682  3682 I flutter : [NET] endpoint=/api/v1/coupon/list http_status=200
09-30 18:32:26.560  3682  3682 I flutter : 📊 analytics: view_promotion {promotion_count: 7, eligible_count: 0, expiring_count: 0, screen: coupons, source: profile_menu}
09-30 18:32:26.922  3682  3682 I flutter : [NET] endpoint=/api/v1/customer/address/list http_status=200
09-30 18:32:28.020  3682  3682 I flutter : [NET] endpoint=/api/v1/config/distance-api http_status=200
09-30 18:32:28.041  3682  3682 I flutter : [NET] GET endpoint=/api/v1/vehicle/extra_charge
09-30 18:32:28.179  3682  3682 I flutter : [NET] endpoint=/api/v1/customer/order/get-Tax http_status=200
09-30 18:32:28.274  3682  3682 I flutter : [NET] endpoint=/api/v1/customer/order/get-surge-price http_status=200
09-30 18:32:28.279  3682  3682 I flutter : [NET] POST endpoint=/api/v1/config/delivery-quote
09-30 18:32:28.394  3682  3682 I flutter : [NET] endpoint=/api/v1/vehicle/extra_charge http_status=200
09-30 18:32:28.554  3682  3682 I flutter : [NET] endpoint=/api/v1/config/delivery-quote http_status=200
09-30 18:32:28.585  3682  3682 I flutter : [NET] POST endpoint=/api/v1/config/delivery-quote
09-30 18:32:28.782  3682  3682 I flutter : [NET] endpoint=/api/v1/config/delivery-quote http_status=200
09-30 18:32:29.157  3682  3682 I flutter : [NET] GET endpoint=/api/v1/cashback/getCashback
09-30 18:32:30.152  3682  3682 I flutter : [NET] endpoint=/api/v1/cashback/getCashback http_status=200
09-30 18:32:56.838  3682  3682 I flutter : [NET] POST endpoint=/api/v1/customer/order/get-surge-price
09-30 18:32:57.958  3682  3682 I flutter : [NET] endpoint=/api/v1/customer/order/get-surge-price http_status=200
09-30 18:32:57.958  3682  3682 I flutter : [NET] POST endpoint=/api/v1/config/delivery-quote
09-30 18:32:58.960  3682  3682 I flutter : [NET] endpoint=/api/v1/config/delivery-quote http_status=200
09-30 18:32:59.777  3682  3682 I flutter : [NET] GET endpoint=/api/v1/cashback/getCashback
09-30 18:33:02.774  3682  3682 I flutter : [NET] endpoint=/api/v1/cashback/getCashback http_status=200
09-30 18:33:05.061  3682  3682 I flutter : [INFO] msg="checkout schedule restored date=0 slot=0"
09-30 18:33:05.501  3682  3682 I flutter : [NET] POST endpoint=/api/v1/config/delivery-quote
09-30 18:33:06.283  3682  3682 I flutter : [NET] endpoint=/api/v1/config/delivery-quote http_status=200
09-30 18:33:07.834  3682  3682 I flutter : [NET] GET endpoint=/api/v1/cashback/getCashback
09-30 18:33:08.767  3682  3682 I flutter : [NET] endpoint=/api/v1/cashback/getCashback http_status=200
09-30 18:33:25.780  3682  3682 I flutter : [NET] POST endpoint=/api/v1/config/delivery-quote
09-30 18:33:26.623  3682  3682 I flutter : [INFO] msg="checkout schedule restored date=0 slot=0"
09-30 18:33:26.730  3682  3682 I flutter : [NET] endpoint=/api/v1/config/delivery-quote http_status=200
09-30 18:33:27.161  3682  3682 I flutter : [NET] POST endpoint=/api/v1/config/delivery-quote
09-30 18:33:27.459  3682  3682 I flutter : [NET] GET endpoint=/api/v1/cashback/getCashback
09-30 18:33:29.035  3682  3682 I flutter : [NET] endpoint=/api/v1/config/delivery-quote http_status=200
09-30 18:33:29.058  3682  3682 I flutter : [NET] endpoint=/api/v1/cashback/getCashback http_status=200
09-30 18:33:29.911  3682  3682 I flutter : [NET] GET endpoint=/api/v1/cashback/getCashback
09-30 18:33:30.536  3682  3682 I flutter : [NET] endpoint=/api/v1/cashback/getCashback http_status=200
09-30 18:33:42.584  3682  3682 I flutter : [NET] POST endpoint=/api/v1/config/delivery-quote
09-30 18:33:43.325  3682  3682 I flutter : [NET] endpoint=/api/v1/config/delivery-quote http_status=200
09-30 18:33:44.301  3682  3682 I flutter : [NET] GET endpoint=/api/v1/cashback/getCashback
09-30 18:33:44.825  3682  3682 I flutter : [NET] endpoint=/api/v1/cashback/getCashback http_status=200
09-30 18:33:46.914  3682  3682 I flutter : [INFO] msg="checkout schedule restored date=0 slot=0"
09-30 18:33:47.395  3682  3682 I flutter : [NET] POST endpoint=/api/v1/config/delivery-quote
09-30 18:33:48.359  3682  3682 I flutter : [NET] endpoint=/api/v1/config/delivery-quote http_status=200
09-30 18:33:49.273  3682  3682 I flutter : [NET] GET endpoint=/api/v1/cashback/getCashback
09-30 18:33:49.828  3682  3682 I flutter : [NET] endpoint=/api/v1/cashback/getCashback http_status=200
09-30 18:34:00.381  3682  3682 I flutter : [NET] POST endpoint=/api/v1/config/delivery-quote
09-30 18:34:01.581  3682  3682 I flutter : [INFO] msg="checkout schedule restored date=0 slot=0"
09-30 18:34:01.769  3682  3682 I flutter : [NET] endpoint=/api/v1/config/delivery-quote http_status=200
09-30 18:34:02.199  3682  3682 I flutter : [NET] POST endpoint=/api/v1/config/delivery-quote
09-30 18:34:02.399  3682  3682 I flutter : [NET] GET endpoint=/api/v1/cashback/getCashback
09-30 18:34:04.002  3682  3682 I flutter : [NET] endpoint=/api/v1/config/delivery-quote http_status=200
09-30 18:34:04.807  3682  3682 I flutter : [NET] endpoint=/api/v1/cashback/getCashback http_status=200
09-30 18:34:04.815  3682  3682 I flutter : [NET] GET endpoint=/api/v1/cashback/getCashback
09-30 18:34:06.069  3682  3682 I flutter : [NET] endpoint=/api/v1/cashback/getCashback http_status=200
09-30 18:34:26.219  3682  3682 I flutter : [NET] POST endpoint=/api/v1/config/delivery-quote
09-30 18:34:27.027  3682  3682 I flutter : [NET] endpoint=/api/v1/config/delivery-quote http_status=200
09-30 18:34:27.870  3682  3682 I flutter : [NET] GET endpoint=/api/v1/cashback/getCashback
09-30 18:34:28.534  3682  3682 I flutter : [NET] endpoint=/api/v1/cashback/getCashback http_status=200
09-30 18:34:29.853  3682  3682 I flutter : [INFO] msg="checkout schedule restored date=0 slot=0"
09-30 18:34:30.338  3682  3682 I flutter : [NET] POST endpoint=/api/v1/config/delivery-quote
09-30 18:34:31.035  3682  3682 I flutter : [NET] endpoint=/api/v1/config/delivery-quote http_status=200
09-30 18:34:31.844  3682  3682 I flutter : [NET] GET endpoint=/api/v1/cashback/getCashback
09-30 18:34:32.644  3682  3682 I flutter : [NET] endpoint=/api/v1/cashback/getCashback http_status=200
09-30 18:34:35.140  3682  3682 I flutter : 📊 analytics: place_order_tapped {pricing_settled: 1, store_count: 1, screen: checkout, section: place_order}
09-30 18:34:35.155  3682  3682 I flutter : [NET] POST endpoint=/api/v1/customer/order/get-Tax
09-30 18:34:35.177  3682  3682 I flutter : 📊 analytics: screen_view {screen_name: order_confirm_sheet, source: checkout}
09-30 18:34:36.051  3682  3682 I flutter : [NET] endpoint=/api/v1/customer/order/get-Tax http_status=200
09-30 18:34:36.119  3682  3682 I flutter : 📊 analytics: order_confirm_sheet_shown {store_count: 1, item_count: 1, value: 13.5, currency: AED, price_changed: 0, stock_changed: 0, screen: order_confirm_sheet, source: checkout}
09-30 18:34:46.726  3682  3682 I flutter : 📊 analytics: order_confirm_edited {field: general, screen: order_confirm_sheet, section: footer_cta}
09-30 18:34:54.571  3682  3682 I flutter : 📊 analytics: place_order_tapped {pricing_settled: 1, store_count: 1, screen: checkout, section: place_order}
09-30 18:34:54.581  3682  3682 I flutter : [NET] POST endpoint=/api/v1/customer/order/get-Tax
09-30 18:34:54.602  3682  3682 I flutter : 📊 analytics: screen_view {screen_name: order_confirm_sheet, source: checkout}
09-30 18:34:58.050  3682  3682 I flutter : [NET] endpoint=/api/v1/customer/order/get-Tax http_status=200
09-30 18:34:58.052  3682  3682 I flutter : 📊 analytics: order_confirm_sheet_shown {store_count: 1, item_count: 1, value: 13.5, currency: AED, price_changed: 0, stock_changed: 0, screen: order_confirm_sheet, source: checkout}
09-30 18:35:07.366  3682  3682 I flutter : 📊 analytics: order_confirm_confirmed {value: 13.5, currency: AED, store_count: 1, price_changed: 0, screen: order_confirm_sheet, section: footer_cta}
09-30 18:35:07.417  3682  3682 I flutter : [INFO] msg="checkout: place-order button clicked"
09-30 18:35:07.436  3682  3682 I flutter : [INFO] msg="multipart POST endpoint=/api/v1/customer/order/place"
09-30 18:35:10.093  3682  3682 I flutter : [NET] endpoint=/api/v1/customer/order/place http_status=200
09-30 18:35:10.153  3682  3682 I flutter : 📊 analytics: purchase {transaction_id: 91416, value: 13.5, currency: AED, tax: 0.5, shipping: 3.0, store_count: 1, source: confirm_sheet}
09-30 18:35:10.216  3682  3682 I flutter : [INFO] msg="home load started"
09-30 18:35:10.237  3682  3682 I flutter : [INFO] msg="checkout: order placed successfully orderID=91416"
09-30 18:35:10.237  3682  3682 I flutter : [NET] DELETE endpoint=/api/v1/customer/cart/remove
09-30 18:35:10.308  3682  3682 I flutter : [INFO] msg="pusher init skipped: websocket disabled"
09-30 18:35:10.313  3682  3682 I flutter : [INFO] msg="order: trackOrder orderID=91416"
09-30 18:35:10.315  3682  3682 I flutter : [INFO] msg="trackOrder called for orderID=91416 source=rowTap"
09-30 18:35:10.315  3682  3682 I flutter : [NET] GET endpoint=/api/v1/customer/order/track
09-30 18:35:10.615  3682  3682 I flutter : [NET] GET endpoint=/api/v1/config/get-zone-id
09-30 18:35:10.695  3682  3682 I flutter : [NET] endpoint=/api/v1/customer/cart/remove http_status=200
09-30 18:35:10.717  3682  3682 I flutter : [NET] GET endpoint=/api/v1/customer/cart/list
09-30 18:35:11.117  3682  3682 I flutter : [NET] endpoint=/api/v1/customer/order/track http_status=200
09-30 18:35:11.364  3682  3682 I flutter : [INFO] msg="trackOrder called for orderID=91416 source=timerPoll"
09-30 18:35:11.368  3682  3682 I flutter : [NET] GET endpoint=/api/v1/customer/order/track
09-30 18:35:11.428  3682  3682 I flutter : [NET] endpoint=/api/v1/config/get-zone-id http_status=200
09-30 18:35:11.434  3682  3682 I flutter : [INFO] msg="location: inZone=true"
09-30 18:35:11.529  3682  3682 I flutter : [NET] endpoint=/api/v1/customer/cart/list http_status=200
09-30 18:35:11.545  3682  3682 I flutter : [NET] GET endpoint=/api/v1/home/all
09-30 18:35:11.842  3682  3682 I flutter : 📊 analytics: order_tracking_opened {order_id: 91416, order_status: pending, screen: order_tracking, section: sheet}
09-30 18:35:12.447  3682  3682 I flutter : [NET] endpoint=/api/v1/customer/order/track http_status=200
09-30 18:35:12.458  3682  3682 I flutter : [NET] GET endpoint=/api/v1/config/geocode-api
09-30 18:35:12.464  3682  3682 I flutter : [INFO] msg="location: zone resolved from short-TTL coord cache (T2 dedupe)"
09-30 18:35:12.464  3682  3682 I flutter : [INFO] msg="location: inZone=true"
09-30 18:35:13.318  3682  3682 I flutter : [NET] endpoint=/api/v1/home/all http_status=200
09-30 18:35:13.321  3682  3682 I flutter : [NET] GET endpoint=/api/v1/other-banners
09-30 18:35:13.324  3682  3682 I flutter : [NET] GET endpoint=/api/v1/customer/info
09-30 18:35:13.350  3682  3682 I flutter : [NET] GET endpoint=/api/v1/flash-sales
09-30 18:35:13.379  3682  3682 I flutter : [NET] GET endpoint=/api/v1/items/popular
09-30 18:35:13.394  3682  3682 I flutter : [NET] GET endpoint=/api/v1/items/most-reviewed
09-30 18:35:13.410  3682  3682 I flutter : [NET] GET endpoint=/api/v1/campaigns/basic
09-30 18:35:13.417  3682  3682 I flutter : [NET] GET endpoint=/api/v1/campaigns/item
09-30 18:35:13.445  3682  3682 I flutter : [NET] GET endpoint=/api/v1/items/recommended
09-30 18:35:13.456  3682  3682 I flutter : 📊 analytics: view_item_list {item_list_id: store_card_popular_items, item_list_name: store_card_popular_items, item_count: 5, screen: home, store_id: 12, section: stores_list, position: 1}
09-30 18:35:13.456  3682  3682 I flutter : 📊 analytics: view_item_list {item_list_id: store_card_popular_items, item_list_name: store_card_popular_items, item_count: 5, screen: home, store_id: 13, section: stores_list, position: 2}
09-30 18:35:13.456  3682  3682 I flutter : 📊 analytics: view_item_list {item_list_id: store_card_popular_items, item_list_name: store_card_popular_items, item_count: 5, screen: home, store_id: 14, section: stores_list, position: 3}
09-30 18:35:13.456  3682  3682 I flutter : 📊 analytics: view_item_list {item_list_id: store_card_popular_items, item_list_name: store_card_popular_items, item_count: 5, screen: home, store_id: 16, section: stores_list, position: 5}
09-30 18:35:13.456  3682  3682 I flutter : 📊 analytics: view_item_list {item_list_id: store_card_popular_items, item_list_name: store_card_popular_items, item_count: 5, screen: home, store_id: 17, section: stores_list, position: 6}
09-30 18:35:13.456  3682  3682 I flutter : 📊 analytics: view_item_list {item_list_id: store_card_popular_items, item_list_name: store_card_popular_items, item_count: 5, screen: home, store_id: 18, section: stores_list, position: 7}
09-30 18:35:13.457  3682  3682 I flutter : 📊 analytics: view_item_list {item_list_id: store_card_popular_items, item_list_name: store_card_popular_items, item_count: 5, screen: home, store_id: 19, section: stores_list, position: 8}
09-30 18:35:13.457  3682  3682 I flutter : 📊 analytics: view_item_list {item_list_id: store_card_popular_items, item_list_name: store_card_popular_items, item_count: 5, screen: home, store_id: 20, section: stores_list, position: 9}
09-30 18:35:13.457  3682  3682 I flutter : 📊 analytics: view_item_list {item_list_id: store_card_popular_items, item_list_name: store_card_popular_items, item_count: 5, screen: home, store_id: 21, section: stores_list, position: 10}
09-30 18:35:13.457  3682  3682 I flutter : 📊 analytics: view_item_list {item_list_id: store_card_popular_items, item_list_name: store_card_popular_items, item_count: 5, screen: home, store_id: 22, section: stores_list, position: 11}
09-30 18:35:13.457  3682  3682 I flutter : 📊 analytics: view_item_list {item_list_id: store_card_popular_items, item_list_name: store_card_popular_items, item_count: 5, screen: home, store_id: 35, section: stores_list, position: 12}
09-30 18:35:13.457  3682  3682 I flutter : 📊 analytics: view_store_list {item_list_id: stores_list, item_list_name: stores_list, count: 12, screen: home, with_popular_items_count: 11}
09-30 18:35:13.458  3682  3682 I flutter : [NET] GET endpoint=/api/v1/customer/order/buy-it-again
09-30 18:35:13.459  3682  3682 I flutter : [NET] GET endpoint=/api/v1/stores/get-stores/all
09-30 18:35:13.467  3682  3682 I flutter : [NET] GET endpoint=/api/v1/advertisement/list
09-30 18:35:14.665  3682  3682 I flutter : [NET] endpoint=/api/v1/config/geocode-api http_status=200
09-30 18:35:14.673  3682  3682 I flutter : [NET] endpoint=/api/v1/other-banners http_status=200
09-30 18:35:14.700  3682  3682 I flutter : [NET] endpoint=/api/v1/customer/info http_status=200
09-30 18:35:14.701  3682  3682 I flutter : [NET] GET endpoint=/api/v1/customer/notifications
09-30 18:35:14.701  3682  3682 I flutter : [NET] GET endpoint=/api/v1/coupon/list
09-30 18:35:14.819  3682  3682 I flutter : [NET] endpoint=/api/v1/flash-sales http_status=200
09-30 18:35:15.891  3682  3682 I flutter : [NET] endpoint=/api/v1/items/popular http_status=200
09-30 18:35:15.907  3682  3682 I flutter : [NET] GET endpoint=/api/v1/module
09-30 18:35:16.113  3682  3682 I flutter : [NET] endpoint=/api/v1/items/most-reviewed http_status=200
09-30 18:35:16.122  3682  3682 I flutter : [NET] endpoint=/api/v1/campaigns/basic http_status=200
09-30 18:35:16.123  3682  3682 I flutter : [NET] endpoint=/api/v1/campaigns/item http_status=200
09-30 18:35:16.711  3682  3682 I flutter : [NET] endpoint=/api/v1/customer/order/buy-it-again http_status=200
09-30 18:35:16.888  3682  3682 I flutter : [NET] endpoint=/api/v1/advertisement/list http_status=200
09-30 18:35:17.134  3682  3682 I flutter : [NET] endpoint=/api/v1/stores/get-stores/all http_status=200
09-30 18:35:17.166  3682  3682 I flutter : 📊 analytics: view_item_list {item_list_id: store_card_popular_items, item_list_name: store_card_popular_items, item_count: 5, screen: home, store_id: 12, section: stores_list, position: 1}
09-30 18:35:17.167  3682  3682 I flutter : 📊 analytics: view_item_list {item_list_id: store_card_popular_items, item_list_name: store_card_popular_items, item_count: 5, screen: home, store_id: 13, section: stores_list, position: 2}
09-30 18:35:17.182  3682  3682 I flutter : 📊 analytics: view_item_list {item_list_id: store_card_popular_items, item_list_name: store_card_popular_items, item_count: 5, screen: home, store_id: 14, section: stores_list, position: 3}
09-30 18:35:17.182  3682  3682 I flutter : 📊 analytics: view_item_list {item_list_id: store_card_popular_items, item_list_name: store_card_popular_items, item_count: 5, screen: home, store_id: 16, section: stores_list, position: 5}
09-30 18:35:17.182  3682  3682 I flutter : 📊 analytics: view_item_list {item_list_id: store_card_popular_items, item_list_name: store_card_popular_items, item_count: 5, screen: home, store_id: 17, section: stores_list, position: 6}
09-30 18:35:17.182  3682  3682 I flutter : 📊 analytics: view_item_list {item_list_id: store_card_popular_items, item_list_name: store_card_popular_items, item_count: 5, screen: home, store_id: 18, section: stores_list, position: 7}
09-30 18:35:17.182  3682  3682 I flutter : 📊 analytics: view_item_list {item_list_id: store_card_popular_items, item_list_name: store_card_popular_items, item_count: 5, screen: home, store_id: 19, section: stores_list, position: 8}
09-30 18:35:17.182  3682  3682 I flutter : 📊 analytics: view_item_list {item_list_id: store_card_popular_items, item_list_name: store_card_popular_items, item_count: 5, screen: home, store_id: 20, section: stores_list, position: 9}
09-30 18:35:17.182  3682  3682 I flutter : 📊 analytics: view_item_list {item_list_id: store_card_popular_items, item_list_name: store_card_popular_items, item_count: 5, screen: home, store_id: 21, section: stores_list, position: 10}
09-30 18:35:17.183  3682  3682 I flutter : 📊 analytics: view_item_list {item_list_id: store_card_popular_items, item_list_name: store_card_popular_items, item_count: 5, screen: home, store_id: 22, section: stores_list, position: 11}
09-30 18:35:17.183  3682  3682 I flutter : 📊 analytics: view_item_list {item_list_id: store_card_popular_items, item_list_name: store_card_popular_items, item_count: 5, screen: home, store_id: 35, section: stores_list, position: 12}
09-30 18:35:17.183  3682  3682 I flutter : 📊 analytics: view_store_list {item_list_id: stores_list, item_list_name: stores_list, count: 12, screen: home, with_popular_items_count: 11}
09-30 18:35:17.193  3682  3682 I flutter : [NET] endpoint=/api/v1/coupon/list http_status=200
09-30 18:35:17.202  3682  3682 I flutter : 📊 analytics: view_promotion {promotion_count: 7, eligible_count: 0, expiring_count: 0, screen: coupons, source: profile_menu}
09-30 18:35:17.226  3682  3682 I flutter : [NET] endpoint=/api/v1/items/recommended http_status=200
09-30 18:35:17.343  3682  3682 I flutter : [NET] endpoint=/api/v1/customer/notifications http_status=200
09-30 18:35:17.850  3682  3682 I flutter : [NET] endpoint=/api/v1/module http_status=200
09-30 18:35:18.309  3682  3682 I flutter : [NET] POST endpoint=/api/v1/config/delivery-quote
09-30 18:35:19.290  3682  3682 I flutter : [NET] endpoint=/api/v1/config/delivery-quote http_status=200
09-30 18:35:21.381  3682  3682 I flutter : [INFO] msg="trackOrder called for orderID=91416 source=timerPoll"
09-30 18:35:21.382  3682  3682 I flutter : [NET] GET endpoint=/api/v1/customer/order/track
09-30 18:35:22.606  3682  3682 I flutter : [NET] endpoint=/api/v1/customer/order/track http_status=200
09-30 18:35:32.646  3682  3682 I flutter : [INFO] msg="trackOrder called for orderID=91416 source=timerPoll"
09-30 18:35:32.647  3682  3682 I flutter : [NET] GET endpoint=/api/v1/customer/order/track
09-30 18:35:35.024  3682  3682 I flutter : [NET] endpoint=/api/v1/customer/order/track http_status=200
09-30 18:35:36.799  3682  3682 I flutter : [INFO] msg="checkout: basket changed under checkout — rows re-synced rows=0 stores=0"
09-30 18:35:43.506  3682  3682 I flutter : [NET] GET endpoint=/api/v1/customer/order/running-orders
09-30 18:35:45.461  3682  3682 I flutter : [NET] endpoint=/api/v1/customer/order/running-orders http_status=200
09-30 18:35:57.843  3682  3682 I flutter : [INFO] msg="home load started"
09-30 18:35:57.853  3682  3682 I flutter : [NET] GET endpoint=/api/v1/config/get-zone-id
09-30 18:36:00.592  3682  3682 I flutter : [NET] endpoint=/api/v1/config/get-zone-id http_status=200
09-30 18:36:00.602  3682  3682 I flutter : [INFO] msg="location: inZone=true"
09-30 18:36:00.655  3682  3682 I flutter : [NET] GET endpoint=/api/v1/home/all
09-30 18:36:01.677  3682  3682 I flutter : [NET] endpoint=/api/v1/home/all http_status=200
09-30 18:36:01.685  3682  3682 I flutter : [NET] GET endpoint=/api/v1/customer/info
09-30 18:36:01.695  3682  3682 I flutter : [NET] GET endpoint=/api/v1/items/popular
09-30 18:36:01.705  3682  3682 I flutter : [NET] GET endpoint=/api/v1/items/most-reviewed
09-30 18:36:01.714  3682  3682 I flutter : 📊 analytics: view_item_list {item_list_id: store_card_popular_items, item_list_name: store_card_popular_items, item_count: 5, screen: home, store_id: 12, section: stores_list, position: 1}
09-30 18:36:01.715  3682  3682 I flutter : 📊 analytics: view_item_list {item_list_id: store_card_popular_items, item_list_name: store_card_popular_items, item_count: 5, screen: home, store_id: 13, section: stores_list, position: 2}
09-30 18:36:01.715  3682  3682 I flutter : 📊 analytics: view_item_list {item_list_id: store_card_popular_items, item_list_name: store_card_popular_items, item_count: 5, screen: home, store_id: 14, section: stores_list, position: 3}
09-30 18:36:01.715  3682  3682 I flutter : 📊 analytics: view_item_list {item_list_id: store_card_popular_items, item_list_name: store_card_popular_items, item_count: 5, screen: home, store_id: 16, section: stores_list, position: 5}
09-30 18:36:01.715  3682  3682 I flutter : 📊 analytics: view_item_list {item_list_id: store_card_popular_items, item_list_name: store_card_popular_items, item_count: 5, screen: home, store_id: 17, section: stores_list, position: 6}
09-30 18:36:01.715  3682  3682 I flutter : 📊 analytics: view_item_list {item_list_id: store_card_popular_items, item_list_name: store_card_popular_items, item_count: 5, screen: home, store_id: 18, section: stores_list, position: 7}
09-30 18:36:01.716  3682  3682 I flutter : 📊 analytics: view_item_list {item_list_id: store_card_popular_items, item_list_name: store_card_popular_items, item_count: 5, screen: home, store_id: 19, section: stores_list, position: 8}
09-30 18:36:01.716  3682  3682 I flutter : 📊 analytics: view_item_list {item_list_id: store_card_popular_items, item_list_name: store_card_popular_items, item_count: 5, screen: home, store_id: 20, section: stores_list, position: 9}
09-30 18:36:01.716  3682  3682 I flutter : 📊 analytics: view_item_list {item_list_id: store_card_popular_items, item_list_name: store_card_popular_items, item_count: 5, screen: home, store_id: 21, section: stores_list, position: 10}
09-30 18:36:01.716  3682  3682 I flutter : 📊 analytics: view_item_list {item_list_id: store_card_popular_items, item_list_name: store_card_popular_items, item_count: 5, screen: home, store_id: 22, section: stores_list, position: 11}
09-30 18:36:01.719  3682  3682 I flutter : 📊 analytics: view_item_list {item_list_id: store_card_popular_items, item_list_name: store_card_popular_items, item_count: 5, screen: home, store_id: 35, section: stores_list, position: 12}
09-30 18:36:01.719  3682  3682 I flutter : 📊 analytics: view_store_list {item_list_id: stores_list, item_list_name: stores_list, count: 12, screen: home, with_popular_items_count: 11}
09-30 18:36:01.720  3682  3682 I flutter : [NET] GET endpoint=/api/v1/customer/order/buy-it-again
09-30 18:36:01.723  3682  3682 I flutter : [NET] GET endpoint=/api/v1/stores/get-stores/all
09-30 18:36:01.733  3682  3682 I flutter : [NET] GET endpoint=/api/v1/advertisement/list
09-30 18:36:02.662  3682  3682 I flutter : [NET] endpoint=/api/v1/customer/info http_status=200
09-30 18:36:02.663  3682  3682 I flutter : [NET] GET endpoint=/api/v1/coupon/list
09-30 18:36:02.678  3682  3682 I flutter : [NET] endpoint=/api/v1/advertisement/list http_status=200
09-30 18:36:02.682  3682  3682 I flutter : [NET] endpoint=/api/v1/items/popular http_status=200
09-30 18:36:02.701  3682  3682 I flutter : [NET] GET endpoint=/api/v1/module
09-30 18:36:02.717  3682  3682 I flutter : [NET] endpoint=/api/v1/items/most-reviewed http_status=200
09-30 18:36:04.755  3682  3682 I flutter : [NET] endpoint=/api/v1/customer/order/buy-it-again http_status=200
09-30 18:36:04.787  3682  3682 I flutter : [NET] endpoint=/api/v1/stores/get-stores/all http_status=200
09-30 18:36:04.809  3682  3682 I flutter : 📊 analytics: view_item_list {item_list_id: store_card_popular_items, item_list_name: store_card_popular_items, item_count: 5, screen: home, store_id: 12, section: stores_list, position: 1}
09-30 18:36:04.809  3682  3682 I flutter : 📊 analytics: view_item_list {item_list_id: store_card_popular_items, item_list_name: store_card_popular_items, item_count: 5, screen: home, store_id: 13, section: stores_list, position: 2}
09-30 18:36:04.809  3682  3682 I flutter : 📊 analytics: view_item_list {item_list_id: store_card_popular_items, item_list_name: store_card_popular_items, item_count: 5, screen: home, store_id: 14, section: stores_list, position: 3}
09-30 18:36:04.813  3682  3682 I flutter : 📊 analytics: view_item_list {item_list_id: store_card_popular_items, item_list_name: store_card_popular_items, item_count: 5, screen: home, store_id: 16, section: stores_list, position: 5}
09-30 18:36:04.813  3682  3682 I flutter : 📊 analytics: view_item_list {item_list_id: store_card_popular_items, item_list_name: store_card_popular_items, item_count: 5, screen: home, store_id: 17, section: stores_list, position: 6}
09-30 18:36:04.814  3682  3682 I flutter : 📊 analytics: view_item_list {item_list_id: store_card_popular_items, item_list_name: store_card_popular_items, item_count: 5, screen: home, store_id: 18, section: stores_list, position: 7}
09-30 18:36:04.814  3682  3682 I flutter : 📊 analytics: view_item_list {item_list_id: store_card_popular_items, item_list_name: store_card_popular_items, item_count: 5, screen: home, store_id: 19, section: stores_list, position: 8}
09-30 18:36:04.814  3682  3682 I flutter : 📊 analytics: view_item_list {item_list_id: store_card_popular_items, item_list_name: store_card_popular_items, item_count: 5, screen: home, store_id: 20, section: stores_list, position: 9}
09-30 18:36:04.814  3682  3682 I flutter : 📊 analytics: view_item_list {item_list_id: store_card_popular_items, item_list_name: store_card_popular_items, item_count: 5, screen: home, store_id: 21, section: stores_list, position: 10}
09-30 18:36:04.817  3682  3682 I flutter : 📊 analytics: view_item_list {item_list_id: store_card_popular_items, item_list_name: store_card_popular_items, item_count: 5, screen: home, store_id: 22, section: stores_list, position: 11}
09-30 18:36:04.817  3682  3682 I flutter : 📊 analytics: view_item_list {item_list_id: store_card_popular_items, item_list_name: store_card_popular_items, item_count: 5, screen: home, store_id: 35, section: stores_list, position: 12}
09-30 18:36:04.818  3682  3682 I flutter : 📊 analytics: view_store_list {item_list_id: stores_list, item_list_name: stores_list, count: 12, screen: home, with_popular_items_count: 11}
09-30 18:36:04.830  3682  3682 I flutter : [NET] endpoint=/api/v1/coupon/list http_status=200
09-30 18:36:04.861  3682  3682 I flutter : 📊 analytics: view_promotion {promotion_count: 7, eligible_count: 0, expiring_count: 0, screen: coupons, source: profile_menu}
09-30 18:36:04.864  3682  3682 I flutter : [NET] endpoint=/api/v1/module http_status=200
09-30 18:36:17.707  3682  3682 I flutter : [NET] POST endpoint=/api/v1/customer/cart/add
09-30 18:36:18.339  3682  3682 I flutter : [NET] endpoint=/api/v1/customer/cart/add http_status=200
09-30 18:36:18.341  3682  3682 I flutter : 📊 analytics: add_to_cart {item_id: 95, price: 10.0, quantity: 1, currency: AED, value: 10.0, screen: home, item_list_id: buy_it_again, item_list_name: buy_it_again, index: 2, store_id: 35, is_available: 1}
09-30 18:36:25.020  3682  3682 I flutter : [INFO] msg="cart restored with 1 items"
09-30 18:36:25.026  3682  3682 I flutter : [NET] GET endpoint=/api/v1/stores/details/35
09-30 18:36:25.302  3682  3682 I flutter : 📊 analytics: view_item_list {item_list_id: basket_suggestions, item_list_name: basket_suggestions, item_count: 7, store_count: 1, screen: basket}
09-30 18:36:26.279  3682  3682 I flutter : [NET] endpoint=/api/v1/stores/details/35 http_status=200
09-30 18:36:26.290  3682  3682 I flutter : 📊 analytics: view_store {store_id: 35, is_open: 1}
09-30 18:36:26.291  3682  3682 I flutter : [NET] GET endpoint=/api/v1/items/suggested
09-30 18:36:26.295  3682  3682 I flutter : 📊 analytics: view_cart {value: 10.0, currency: AED, item_count: 1, store_count: 1, screen: basket, source: bottom_nav}
09-30 18:36:26.860  3682  3682 I flutter : [NET] endpoint=/api/v1/items/suggested http_status=200
09-30 18:36:32.582  3682  3682 I flutter : [INFO] msg="route: waiting for module=grocery-food"
09-30 18:36:32.583  3682  3682 I flutter : [INFO] msg="route: checkModuleId configNull=false hasAddress=true fromDeeplink=false"
09-30 18:36:32.584  3682  3682 I flutter : [INFO] msg="route: not from deeplink, skipping module fetch"
09-30 18:36:32.586  3682  3682 I flutter : [INFO] msg="route: module future state=ConnectionState.waiting hasData=false hasError=false"
09-30 18:36:32.626  3682  3682 I flutter : [INFO] msg="route: module future state=ConnectionState.done hasData=false hasError=false"
09-30 18:36:32.627  3682  3682 I flutter : [NET] GET endpoint=/api/v1/most-tips
09-30 18:36:32.628  3682  3682 I flutter : [NET] GET endpoint=/api/v1/offline_payment_method_list
09-30 18:36:32.630  3682  3682 I flutter : [NET] GET endpoint=/api/v1/coupon/list
09-30 18:36:32.632  3682  3682 I flutter : [NET] GET endpoint=/api/v1/stores/details/35
09-30 18:36:32.678  3682  3682 I flutter : [INFO] msg="checkout: payment method selected index=0"
09-30 18:36:32.678  3682  3682 I flutter : 📊 analytics: add_payment_info {payment_type: cash_on_delivery, value: 9.5, currency: AED, screen: checkout, section: payment}
09-30 18:36:33.371  3682  3682 I flutter : [NET] endpoint=/api/v1/stores/details/35 http_status=200
09-30 18:36:33.403  3682  3682 I flutter : [NET] GET endpoint=/api/v1/config/distance-api
09-30 18:36:33.406  3682  3682 I flutter : 📊 analytics: view_store {store_id: 35, is_open: 1}
09-30 18:36:33.459  3682  3682 I flutter : [NET] endpoint=/api/v1/most-tips http_status=200
09-30 18:36:33.475  3682  3682 I flutter : 📊 analytics: begin_checkout {value: 10.0, currency: AED, item_count: 1, source: basket, store_count: 1}
09-30 18:36:34.126  3682  3682 I flutter : [NET] POST endpoint=/api/v1/customer/order/get-Tax
09-30 18:36:34.133  3682  3682 I flutter : [NET] endpoint=/api/v1/offline_payment_method_list http_status=200
09-30 18:36:34.136  3682  3682 I flutter : [NET] POST endpoint=/api/v1/customer/order/get-surge-price
09-30 18:36:34.142  3682  3682 I flutter : [NET] endpoint=/api/v1/coupon/list http_status=200
09-30 18:36:34.146  3682  3682 I flutter : 📊 analytics: view_promotion {promotion_count: 7, eligible_count: 0, expiring_count: 0, screen: coupons, source: profile_menu}
09-30 18:36:34.720  3682  3682 I flutter : [NET] endpoint=/api/v1/config/distance-api http_status=200
09-30 18:36:34.726  3682  3682 I flutter : [NET] GET endpoint=/api/v1/vehicle/extra_charge
09-30 18:36:35.143  3682  3682 I flutter : [NET] GET endpoint=/api/v1/cashback/getCashback
09-30 18:36:35.201  3682  3682 I flutter : [NET] endpoint=/api/v1/customer/order/get-Tax http_status=200
09-30 18:36:36.031  3682  3682 I flutter : [NET] GET endpoint=/api/v1/cashback/getCashback
09-30 18:36:36.056  3682  3682 I flutter : [NET] endpoint=/api/v1/customer/order/get-surge-price http_status=200
09-30 18:36:36.056  3682  3682 I flutter : [NET] POST endpoint=/api/v1/config/delivery-quote
09-30 18:36:36.057  3682  3682 I flutter : [NET] POST endpoint=/api/v1/config/delivery-quote
09-30 18:36:36.080  3682  3682 I flutter : [NET] endpoint=/api/v1/vehicle/extra_charge http_status=200
09-30 18:36:36.082  3682  3682 I flutter : [NET] endpoint=/api/v1/cashback/getCashback http_status=200
09-30 18:36:36.796  3682  3682 I flutter : [NET] endpoint=/api/v1/config/delivery-quote http_status=200
09-30 18:36:36.798  3682  3682 I flutter : [NET] endpoint=/api/v1/cashback/getCashback http_status=200
09-30 18:36:36.854  3682  3682 I flutter : [NET] endpoint=/api/v1/config/delivery-quote http_status=200
09-30 18:36:36.961  3682  3682 I flutter : [NET] GET endpoint=/api/v1/cashback/getCashback
09-30 18:36:39.131  3682  3682 I flutter : [NET] endpoint=/api/v1/cashback/getCashback http_status=200
09-30 18:36:53.867  3682  3682 I flutter : [NET] POST endpoint=/api/v1/customer/order/get-surge-price
09-30 18:36:54.393  3682  3682 I flutter : [NET] endpoint=/api/v1/customer/order/get-surge-price http_status=200
09-30 18:36:54.393  3682  3682 I flutter : [NET] POST endpoint=/api/v1/config/delivery-quote
09-30 18:36:55.397  3682  3682 I flutter : [NET] endpoint=/api/v1/config/delivery-quote http_status=200
09-30 18:36:56.243  3682  3682 I flutter : [NET] GET endpoint=/api/v1/cashback/getCashback
09-30 18:36:56.896  3682  3682 I flutter : [NET] endpoint=/api/v1/cashback/getCashback http_status=200
09-30 18:37:00.881  3682  3682 I flutter : [NET] POST endpoint=/api/v1/customer/order/get-surge-price
09-30 18:37:01.398  3682  3682 I flutter : [NET] endpoint=/api/v1/customer/order/get-surge-price http_status=200
09-30 18:37:01.398  3682  3682 I flutter : [NET] POST endpoint=/api/v1/config/delivery-quote
09-30 18:37:02.397  3682  3682 I flutter : [NET] endpoint=/api/v1/config/delivery-quote http_status=200
09-30 18:37:15.982  3682  3682 I flutter : [NET] POST endpoint=/api/v1/customer/order/get-surge-price
09-30 18:37:17.930  3682  3682 I flutter : [FAIL] endpoint=/api/v1/customer/order/get-surge-price http_status=null type=ApiFailure transport_error=socket msg="api request threw" correlation_id=7da417e9-1c85-4c50-9cdb-04ec8b4522cc
09-30 18:37:17.955  3682  3682 I flutter : [NET] POST endpoint=/api/v1/config/delivery-quote
09-30 18:37:18.236  3682  3682 I flutter : [NET] endpoint=/api/v1/config/delivery-quote http_status=200
09-30 18:37:19.044  3682  3682 I flutter : [NET] GET endpoint=/api/v1/cashback/getCashback
09-30 18:37:19.368  3682  3682 I flutter : [NET] endpoint=/api/v1/cashback/getCashback http_status=200
09-30 18:37:22.914  3682  3682 I flutter : [INFO] msg="checkout schedule restored date=1 slot=4"
09-30 18:37:23.339  3682  3682 I flutter : [NET] POST endpoint=/api/v1/config/delivery-quote
09-30 18:37:23.950  3682  3682 I flutter : [NET] endpoint=/api/v1/config/delivery-quote http_status=200
09-30 18:37:24.759  3682  3682 I flutter : [NET] GET endpoint=/api/v1/cashback/getCashback
09-30 18:37:25.625  3682  3682 I flutter : [NET] endpoint=/api/v1/cashback/getCashback http_status=200
09-30 18:37:40.522  3682  3682 I flutter : 📊 analytics: place_order_tapped {pricing_settled: 1, store_count: 1, screen: checkout, section: place_order}
09-30 18:37:40.523  3682  3682 I flutter : [NET] POST endpoint=/api/v1/customer/order/get-Tax
09-30 18:37:40.528  3682  3682 I flutter : 📊 analytics: screen_view {screen_name: order_confirm_sheet, source: checkout}
09-30 18:37:41.130  3682  3682 I flutter : [NET] endpoint=/api/v1/customer/order/get-Tax http_status=200
09-30 18:37:41.139  3682  3682 I flutter : 📊 analytics: order_confirm_sheet_shown {store_count: 1, item_count: 1, value: 16.5, currency: AED, price_changed: 0, stock_changed: 0, screen: order_confirm_sheet, source: checkout}
09-30 18:37:49.009  3682  3682 I flutter : 📊 analytics: order_confirm_confirmed {value: 16.5, currency: AED, store_count: 1, price_changed: 0, screen: order_confirm_sheet, section: footer_cta}
09-30 18:37:49.009  3682  3682 I flutter : [INFO] msg="checkout: place-order button clicked"
09-30 18:37:49.012  3682  3682 I flutter : [INFO] msg="multipart POST endpoint=/api/v1/customer/order/place"
09-30 18:37:50.557  3682  3682 I flutter : [NET] endpoint=/api/v1/customer/order/place http_status=200
09-30 18:37:50.557  3682  3682 I flutter : 📊 analytics: purchase {transaction_id: 91417, value: 16.5, currency: AED, tax: 0.5, shipping: 6.0, store_count: 1, source: confirm_sheet}
09-30 18:37:50.557  3682  3682 I flutter : [INFO] msg="home load started"
09-30 18:37:50.562  3682  3682 I flutter : [INFO] msg="checkout: order placed successfully orderID=91417"
09-30 18:37:50.562  3682  3682 I flutter : [NET] DELETE endpoint=/api/v1/customer/cart/remove
09-30 18:37:50.567  3682  3682 I flutter : [NET] GET endpoint=/api/v1/config/get-zone-id
09-30 18:37:50.574  3682  3682 I flutter : [INFO] msg="pusher init skipped: websocket disabled"
09-30 18:37:50.575  3682  3682 I flutter : [INFO] msg="order: trackOrder orderID=91417"
09-30 18:37:50.575  3682  3682 I flutter : [INFO] msg="trackOrder called for orderID=91417 source=rowTap"
09-30 18:37:50.575  3682  3682 I flutter : [NET] GET endpoint=/api/v1/customer/order/track
09-30 18:37:50.620  3682  3682 I flutter : [NET] GET endpoint=/api/v1/config/geocode-api
09-30 18:37:50.620  3682  3682 I flutter : [NET] GET endpoint=/api/v1/config/get-zone-id
09-30 18:37:51.561  3682  3682 I flutter : [NET] endpoint=/api/v1/customer/cart/remove http_status=200
09-30 18:37:51.562  3682  3682 I flutter : [NET] GET endpoint=/api/v1/customer/cart/list
09-30 18:37:51.575  3682  3682 I flutter : [NET] endpoint=/api/v1/config/get-zone-id http_status=200
09-30 18:37:51.576  3682  3682 I flutter : [INFO] msg="location: inZone=true"
09-30 18:37:51.580  3682  3682 I flutter : [NET] endpoint=/api/v1/config/get-zone-id http_status=200
09-30 18:37:51.580  3682  3682 I flutter : [NET] GET endpoint=/api/v1/home/all
09-30 18:37:52.188  3682  3682 I flutter : [NET] endpoint=/api/v1/customer/order/track http_status=200
09-30 18:37:52.188  3682  3682 I flutter : [INFO] msg="trackOrder called for orderID=91417 source=timerPoll"
09-30 18:37:52.188  3682  3682 I flutter : [NET] GET endpoint=/api/v1/customer/order/track
09-30 18:37:52.196  3682  3682 I flutter : 📊 analytics: order_tracking_opened {order_id: 91417, order_status: pending, screen: order_tracking, section: sheet}
09-30 18:37:52.939  3682  3682 I flutter : [NET] endpoint=/api/v1/config/geocode-api http_status=200
09-30 18:37:53.047  3682  3682 I flutter : [NET] endpoint=/api/v1/customer/cart/list http_status=200
09-30 18:37:53.869  3682  3682 I flutter : [NET] endpoint=/api/v1/home/all http_status=200
09-30 18:37:53.870  3682  3682 I flutter : [NET] GET endpoint=/api/v1/other-banners
09-30 18:37:53.871  3682  3682 I flutter : [NET] GET endpoint=/api/v1/customer/info
09-30 18:37:53.879  3682  3682 I flutter : [NET] GET endpoint=/api/v1/flash-sales
09-30 18:37:53.882  3682  3682 I flutter : [NET] GET endpoint=/api/v1/items/popular
09-30 18:37:53.886  3682  3682 I flutter : [NET] GET endpoint=/api/v1/items/most-reviewed
09-30 18:37:53.890  3682  3682 I flutter : [NET] GET endpoint=/api/v1/campaigns/basic
09-30 18:37:53.893  3682  3682 I flutter : [NET] GET endpoint=/api/v1/campaigns/item
09-30 18:37:53.900  3682  3682 I flutter : [NET] GET endpoint=/api/v1/items/recommended
09-30 18:37:53.903  3682  3682 I flutter : 📊 analytics: view_item_list {item_list_id: store_card_popular_items, item_list_name: store_card_popular_items, item_count: 5, screen: home, store_id: 12, section: stores_list, position: 1}
09-30 18:37:53.903  3682  3682 I flutter : 📊 analytics: view_item_list {item_list_id: store_card_popular_items, item_list_name: store_card_popular_items, item_count: 5, screen: home, store_id: 13, section: stores_list, position: 2}
09-30 18:37:53.903  3682  3682 I flutter : 📊 analytics: view_item_list {item_list_id: store_card_popular_items, item_list_name: store_card_popular_items, item_count: 5, screen: home, store_id: 14, section: stores_list, position: 3}
09-30 18:37:53.903  3682  3682 I flutter : 📊 analytics: view_item_list {item_list_id: store_card_popular_items, item_list_name: store_card_popular_items, item_count: 5, screen: home, store_id: 16, section: stores_list, position: 5}
09-30 18:37:53.903  3682  3682 I flutter : 📊 analytics: view_item_list {item_list_id: store_card_popular_items, item_list_name: store_card_popular_items, item_count: 5, screen: home, store_id: 17, section: stores_list, position: 6}
09-30 18:37:53.903  3682  3682 I flutter : 📊 analytics: view_item_list {item_list_id: store_card_popular_items, item_list_name: store_card_popular_items, item_count: 5, screen: home, store_id: 18, section: stores_list, position: 7}
09-30 18:37:53.903  3682  3682 I flutter : 📊 analytics: view_item_list {item_list_id: store_card_popular_items, item_list_name: store_card_popular_items, item_count: 5, screen: home, store_id: 19, section: stores_list, position: 8}
09-30 18:37:53.903  3682  3682 I flutter : 📊 analytics: view_item_list {item_list_id: store_card_popular_items, item_list_name: store_card_popular_items, item_count: 5, screen: home, store_id: 20, section: stores_list, position: 9}
09-30 18:37:53.903  3682  3682 I flutter : 📊 analytics: view_item_list {item_list_id: store_card_popular_items, item_list_name: store_card_popular_items, item_count: 5, screen: home, store_id: 21, section: stores_list, position: 10}
09-30 18:37:53.903  3682  3682 I flutter : 📊 analytics: view_item_list {item_list_id: store_card_popular_items, item_list_name: store_card_popular_items, item_count: 5, screen: home, store_id: 22, section: stores_list, position: 11}
09-30 18:37:53.903  3682  3682 I flutter : 📊 analytics: view_item_list {item_list_id: store_card_popular_items, item_list_name: store_card_popular_items, item_count: 5, screen: home, store_id: 35, section: stores_list, position: 12}
09-30 18:37:53.903  3682  3682 I flutter : 📊 analytics: view_store_list {item_list_id: stores_list, item_list_name: stores_list, count: 12, screen: home, with_popular_items_count: 11}
09-30 18:37:53.903  3682  3682 I flutter : [NET] GET endpoint=/api/v1/customer/order/buy-it-again
09-30 18:37:53.903  3682  3682 I flutter : [NET] GET endpoint=/api/v1/stores/get-stores/all
09-30 18:37:53.909  3682  3682 I flutter : [NET] GET endpoint=/api/v1/advertisement/list
09-30 18:37:54.049  3682  3682 I flutter : [NET] endpoint=/api/v1/customer/order/track http_status=200
09-30 18:37:54.167  3682  3682 I flutter : [NET] endpoint=/api/v1/other-banners http_status=200
09-30 18:37:54.733  3682  3682 I flutter : [NET] endpoint=/api/v1/customer/info http_status=200
09-30 18:37:54.733  3682  3682 I flutter : [NET] GET endpoint=/api/v1/customer/notifications
09-30 18:37:54.733  3682  3682 I flutter : [NET] GET endpoint=/api/v1/coupon/list
09-30 18:37:54.738  3682  3682 I flutter : [NET] GET endpoint=/api/v1/module
09-30 18:37:55.239  3682  3682 I flutter : [NET] endpoint=/api/v1/flash-sales http_status=200
09-30 18:37:55.656  3682  3682 I flutter : [NET] endpoint=/api/v1/items/popular http_status=200
09-30 18:37:55.852  3682  3682 I flutter : [NET] endpoint=/api/v1/items/most-reviewed http_status=200
09-30 18:37:55.986  3682  3682 I flutter : [NET] endpoint=/api/v1/campaigns/basic http_status=200
09-30 18:37:56.151  3682  3682 I flutter : [NET] endpoint=/api/v1/campaigns/item http_status=200
09-30 18:37:56.484  3682  3682 I flutter : [NET] endpoint=/api/v1/items/recommended http_status=200
09-30 18:37:56.695  3682  3682 I flutter : [NET] endpoint=/api/v1/customer/order/buy-it-again http_status=200
09-30 18:37:56.917  3682  3682 I flutter : [NET] endpoint=/api/v1/stores/get-stores/all http_status=200
09-30 18:37:56.918  3682  3682 I flutter : 📊 analytics: view_item_list {item_list_id: store_card_popular_items, item_list_name: store_card_popular_items, item_count: 5, screen: home, store_id: 12, section: stores_list, position: 1}
09-30 18:37:56.919  3682  3682 I flutter : 📊 analytics: view_item_list {item_list_id: store_card_popular_items, item_list_name: store_card_popular_items, item_count: 5, screen: home, store_id: 13, section: stores_list, position: 2}
09-30 18:37:56.919  3682  3682 I flutter : 📊 analytics: view_item_list {item_list_id: store_card_popular_items, item_list_name: store_card_popular_items, item_count: 5, screen: home, store_id: 14, section: stores_list, position: 3}
09-30 18:37:56.919  3682  3682 I flutter : 📊 analytics: view_item_list {item_list_id: store_card_popular_items, item_list_name: store_card_popular_items, item_count: 5, screen: home, store_id: 16, section: stores_list, position: 5}
09-30 18:37:56.919  3682  3682 I flutter : 📊 analytics: view_item_list {item_list_id: store_card_popular_items, item_list_name: store_card_popular_items, item_count: 5, screen: home, store_id: 17, section: stores_list, position: 6}
09-30 18:37:56.919  3682  3682 I flutter : 📊 analytics: view_item_list {item_list_id: store_card_popular_items, item_list_name: store_card_popular_items, item_count: 5, screen: home, store_id: 18, section: stores_list, position: 7}
09-30 18:37:56.919  3682  3682 I flutter : 📊 analytics: view_item_list {item_list_id: store_card_popular_items, item_list_name: store_card_popular_items, item_count: 5, screen: home, store_id: 19, section: stores_list, position: 8}
09-30 18:37:56.919  3682  3682 I flutter : 📊 analytics: view_item_list {item_list_id: store_card_popular_items, item_list_name: store_card_popular_items, item_count: 5, screen: home, store_id: 20, section: stores_list, position: 9}
09-30 18:37:56.919  3682  3682 I flutter : 📊 analytics: view_item_list {item_list_id: store_card_popular_items, item_list_name: store_card_popular_items, item_count: 5, screen: home, store_id: 21, section: stores_list, position: 10}
09-30 18:37:56.919  3682  3682 I flutter : 📊 analytics: view_item_list {item_list_id: store_card_popular_items, item_list_name: store_card_popular_items, item_count: 5, screen: home, store_id: 22, section: stores_list, position: 11}
09-30 18:37:56.919  3682  3682 I flutter : 📊 analytics: view_item_list {item_list_id: store_card_popular_items, item_list_name: store_card_popular_items, item_count: 5, screen: home, store_id: 35, section: stores_list, position: 12}
09-30 18:37:56.919  3682  3682 I flutter : 📊 analytics: view_store_list {item_list_id: stores_list, item_list_name: stores_list, count: 12, screen: home, with_popular_items_count: 11}
09-30 18:37:57.513  3682  3682 I flutter : [NET] endpoint=/api/v1/advertisement/list http_status=200
09-30 18:37:58.004  3682  3682 I flutter : [NET] endpoint=/api/v1/customer/notifications http_status=200
09-30 18:37:58.147  3682  3682 I flutter : [NET] endpoint=/api/v1/coupon/list http_status=200
09-30 18:37:58.147  3682  3682 I flutter : 📊 analytics: view_promotion {promotion_count: 7, eligible_count: 0, expiring_count: 0, screen: coupons, source: profile_menu}
09-30 18:37:58.313  3682  3682 I flutter : [NET] endpoint=/api/v1/module http_status=200
09-30 18:37:58.563  3682  3682 I flutter : [NET] POST endpoint=/api/v1/config/delivery-quote
09-30 18:38:01.066  3682  3682 I flutter : [NET] endpoint=/api/v1/config/delivery-quote http_status=200
09-30 18:38:02.194  3682  3682 I flutter : [INFO] msg="trackOrder called for orderID=91417 source=timerPoll"
09-30 18:38:02.195  3682  3682 I flutter : [NET] GET endpoint=/api/v1/customer/order/track
09-30 18:38:03.069  3682  3682 I flutter : [NET] endpoint=/api/v1/customer/order/track http_status=200
09-30 18:38:10.331  3682  3682 I flutter : [INFO] msg="checkout: basket changed under checkout — rows re-synced rows=0 stores=0"
09-30 18:38:13.470  3682  3682 I flutter : [NET] GET endpoint=/api/v1/customer/order/running-orders
09-30 18:38:14.256  3682  3682 I flutter : [NET] endpoint=/api/v1/customer/order/running-orders http_status=200
09-30 18:38:24.074  3682  3682 I flutter : [INFO] msg="home load started"
09-30 18:38:24.074  3682  3682 I flutter : [NET] GET endpoint=/api/v1/config/get-zone-id
09-30 18:38:25.052  3682  3682 I flutter : [NET] endpoint=/api/v1/config/get-zone-id http_status=200
09-30 18:38:25.052  3682  3682 I flutter : [INFO] msg="location: inZone=true"
09-30 18:38:25.055  3682  3682 I flutter : [NET] GET endpoint=/api/v1/home/all
09-30 18:38:25.531  3682  3682 I flutter : [NET] endpoint=/api/v1/home/all http_status=200
09-30 18:38:25.532  3682  3682 I flutter : [NET] GET endpoint=/api/v1/customer/info
09-30 18:38:25.535  3682  3682 I flutter : [NET] GET endpoint=/api/v1/items/popular
09-30 18:38:25.538  3682  3682 I flutter : [NET] GET endpoint=/api/v1/items/most-reviewed
09-30 18:38:25.540  3682  3682 I flutter : 📊 analytics: view_item_list {item_list_id: store_card_popular_items, item_list_name: store_card_popular_items, item_count: 5, screen: home, store_id: 12, section: stores_list, position: 1}
09-30 18:38:25.540  3682  3682 I flutter : 📊 analytics: view_item_list {item_list_id: store_card_popular_items, item_list_name: store_card_popular_items, item_count: 5, screen: home, store_id: 13, section: stores_list, position: 2}
09-30 18:38:25.540  3682  3682 I flutter : 📊 analytics: view_item_list {item_list_id: store_card_popular_items, item_list_name: store_card_popular_items, item_count: 5, screen: home, store_id: 14, section: stores_list, position: 3}
09-30 18:38:25.540  3682  3682 I flutter : 📊 analytics: view_item_list {item_list_id: store_card_popular_items, item_list_name: store_card_popular_items, item_count: 5, screen: home, store_id: 16, section: stores_list, position: 5}
09-30 18:38:25.540  3682  3682 I flutter : 📊 analytics: view_item_list {item_list_id: store_card_popular_items, item_list_name: store_card_popular_items, item_count: 5, screen: home, store_id: 17, section: stores_list, position: 6}
09-30 18:38:25.540  3682  3682 I flutter : 📊 analytics: view_item_list {item_list_id: store_card_popular_items, item_list_name: store_card_popular_items, item_count: 5, screen: home, store_id: 18, section: stores_list, position: 7}
09-30 18:38:25.541  3682  3682 I flutter : 📊 analytics: view_item_list {item_list_id: store_card_popular_items, item_list_name: store_card_popular_items, item_count: 5, screen: home, store_id: 19, section: stores_list, position: 8}
09-30 18:38:25.541  3682  3682 I flutter : 📊 analytics: view_item_list {item_list_id: store_card_popular_items, item_list_name: store_card_popular_items, item_count: 5, screen: home, store_id: 20, section: stores_list, position: 9}
09-30 18:38:25.541  3682  3682 I flutter : 📊 analytics: view_item_list {item_list_id: store_card_popular_items, item_list_name: store_card_popular_items, item_count: 5, screen: home, store_id: 21, section: stores_list, position: 10}
09-30 18:38:25.541  3682  3682 I flutter : 📊 analytics: view_item_list {item_list_id: store_card_popular_items, item_list_name: store_card_popular_items, item_count: 5, screen: home, store_id: 22, section: stores_list, position: 11}
09-30 18:38:25.541  3682  3682 I flutter : 📊 analytics: view_item_list {item_list_id: store_card_popular_items, item_list_name: store_card_popular_items, item_count: 5, screen: home, store_id: 35, section: stores_list, position: 12}
09-30 18:38:25.541  3682  3682 I flutter : 📊 analytics: view_store_list {item_list_id: stores_list, item_list_name: stores_list, count: 12, screen: home, with_popular_items_count: 11}
09-30 18:38:25.541  3682  3682 I flutter : [NET] GET endpoint=/api/v1/customer/order/buy-it-again
09-30 18:38:25.541  3682  3682 I flutter : [NET] GET endpoint=/api/v1/stores/get-stores/all
09-30 18:38:25.544  3682  3682 I flutter : [NET] GET endpoint=/api/v1/advertisement/list
09-30 18:38:26.532  3682  3682 I flutter : [NET] endpoint=/api/v1/advertisement/list http_status=200
09-30 18:38:26.534  3682  3682 I flutter : [NET] endpoint=/api/v1/customer/info http_status=200
09-30 18:38:26.536  3682  3682 I flutter : [NET] GET endpoint=/api/v1/coupon/list
09-30 18:38:26.539  3682  3682 I flutter : [NET] endpoint=/api/v1/items/popular http_status=200
09-30 18:38:26.550  3682  3682 I flutter : [NET] GET endpoint=/api/v1/module
09-30 18:38:26.659  3682  3682 I flutter : [NET] endpoint=/api/v1/items/most-reviewed http_status=200
09-30 18:38:27.101  3682  3682 I flutter : [NET] endpoint=/api/v1/customer/order/buy-it-again http_status=200
09-30 18:38:27.285  3682  3682 I flutter : [NET] endpoint=/api/v1/stores/get-stores/all http_status=200
09-30 18:38:27.286  3682  3682 I flutter : 📊 analytics: view_item_list {item_list_id: store_card_popular_items, item_list_name: store_card_popular_items, item_count: 5, screen: home, store_id: 12, section: stores_list, position: 1}
09-30 18:38:27.286  3682  3682 I flutter : 📊 analytics: view_item_list {item_list_id: store_card_popular_items, item_list_name: store_card_popular_items, item_count: 5, screen: home, store_id: 13, section: stores_list, position: 2}
09-30 18:38:27.286  3682  3682 I flutter : 📊 analytics: view_item_list {item_list_id: store_card_popular_items, item_list_name: store_card_popular_items, item_count: 5, screen: home, store_id: 14, section: stores_list, position: 3}
09-30 18:38:27.286  3682  3682 I flutter : 📊 analytics: view_item_list {item_list_id: store_card_popular_items, item_list_name: store_card_popular_items, item_count: 5, screen: home, store_id: 16, section: stores_list, position: 5}
09-30 18:38:27.286  3682  3682 I flutter : 📊 analytics: view_item_list {item_list_id: store_card_popular_items, item_list_name: store_card_popular_items, item_count: 5, screen: home, store_id: 17, section: stores_list, position: 6}
09-30 18:38:27.286  3682  3682 I flutter : 📊 analytics: view_item_list {item_list_id: store_card_popular_items, item_list_name: store_card_popular_items, item_count: 5, screen: home, store_id: 18, section: stores_list, position: 7}
09-30 18:38:27.286  3682  3682 I flutter : 📊 analytics: view_item_list {item_list_id: store_card_popular_items, item_list_name: store_card_popular_items, item_count: 5, screen: home, store_id: 19, section: stores_list, position: 8}
09-30 18:38:27.286  3682  3682 I flutter : 📊 analytics: view_item_list {item_list_id: store_card_popular_items, item_list_name: store_card_popular_items, item_count: 5, screen: home, store_id: 20, section: stores_list, position: 9}
09-30 18:38:27.286  3682  3682 I flutter : 📊 analytics: view_item_list {item_list_id: store_card_popular_items, item_list_name: store_card_popular_items, item_count: 5, screen: home, store_id: 21, section: stores_list, position: 10}
09-30 18:38:27.286  3682  3682 I flutter : 📊 analytics: view_item_list {item_list_id: store_card_popular_items, item_list_name: store_card_popular_items, item_count: 5, screen: home, store_id: 22, section: stores_list, position: 11}
09-30 18:38:27.286  3682  3682 I flutter : 📊 analytics: view_item_list {item_list_id: store_card_popular_items, item_list_name: store_card_popular_items, item_count: 5, screen: home, store_id: 35, section: stores_list, position: 12}
09-30 18:38:27.286  3682  3682 I flutter : 📊 analytics: view_store_list {item_list_id: stores_list, item_list_name: stores_list, count: 12, screen: home, with_popular_items_count: 11}
09-30 18:38:27.377  3682  3682 I flutter : [NET] endpoint=/api/v1/coupon/list http_status=200
09-30 18:38:27.378  3682  3682 I flutter : 📊 analytics: view_promotion {promotion_count: 7, eligible_count: 0, expiring_count: 0, screen: coupons, source: profile_menu}
09-30 18:38:27.504  3682  3682 I flutter : [NET] endpoint=/api/v1/module http_status=200
09-30 18:38:36.411  3682  3682 I flutter : [NET] POST endpoint=/api/v1/customer/cart/add
09-30 18:38:37.332  3682  3682 I flutter : [NET] endpoint=/api/v1/customer/cart/add http_status=200
09-30 18:38:37.333  3682  3682 I flutter : 📊 analytics: add_to_cart {item_id: 95, price: 10.0, quantity: 1, currency: AED, value: 10.0, screen: home, item_list_id: buy_it_again, item_list_name: buy_it_again, index: 2, store_id: 35, is_available: 1}
09-30 18:38:41.545  3682  3682 I flutter : [INFO] msg="cart restored with 1 items"
09-30 18:38:41.545  3682  3682 I flutter : [NET] GET endpoint=/api/v1/stores/details/35
09-30 18:38:41.581  3682  3682 I flutter : 📊 analytics: view_item_list {item_list_id: basket_suggestions, item_list_name: basket_suggestions, item_count: 7, store_count: 1, screen: basket}
09-30 18:38:42.333  3682  3682 I flutter : [NET] endpoint=/api/v1/stores/details/35 http_status=200
09-30 18:38:42.334  3682  3682 I flutter : 📊 analytics: view_store {store_id: 35, is_open: 1}
09-30 18:38:42.334  3682  3682 I flutter : [NET] GET endpoint=/api/v1/items/suggested
09-30 18:38:42.335  3682  3682 I flutter : 📊 analytics: view_cart {value: 10.0, currency: AED, item_count: 1, store_count: 1, screen: basket, source: bottom_nav}
09-30 18:38:43.339  3682  3682 I flutter : [NET] endpoint=/api/v1/items/suggested http_status=200
09-30 18:38:47.623  3682  3682 I flutter : [INFO] msg="route: waiting for module=grocery-food"
09-30 18:38:47.624  3682  3682 I flutter : [INFO] msg="route: checkModuleId configNull=false hasAddress=true fromDeeplink=false"
09-30 18:38:47.624  3682  3682 I flutter : [INFO] msg="route: not from deeplink, skipping module fetch"
09-30 18:38:47.624  3682  3682 I flutter : [INFO] msg="route: module future state=ConnectionState.waiting hasData=false hasError=false"
09-30 18:38:47.641  3682  3682 I flutter : [INFO] msg="route: module future state=ConnectionState.done hasData=false hasError=false"
09-30 18:38:47.642  3682  3682 I flutter : [NET] GET endpoint=/api/v1/most-tips
09-30 18:38:47.642  3682  3682 I flutter : [NET] GET endpoint=/api/v1/offline_payment_method_list
09-30 18:38:47.643  3682  3682 I flutter : [NET] GET endpoint=/api/v1/coupon/list
09-30 18:38:47.644  3682  3682 I flutter : [NET] GET endpoint=/api/v1/stores/details/35
09-30 18:38:47.653  3682  3682 I flutter : [INFO] msg="checkout: payment method selected index=0"
09-30 18:38:47.653  3682  3682 I flutter : 📊 analytics: add_payment_info {payment_type: cash_on_delivery, value: 9.5, currency: AED, screen: checkout, section: payment}
09-30 18:38:48.336  3682  3682 I flutter : [NET] endpoint=/api/v1/offline_payment_method_list http_status=200
09-30 18:38:48.336  3682  3682 I flutter : [NET] endpoint=/api/v1/most-tips http_status=200
09-30 18:38:48.337  3682  3682 I flutter : [NET] endpoint=/api/v1/stores/details/35 http_status=200
09-30 18:38:48.338  3682  3682 I flutter : [NET] GET endpoint=/api/v1/config/distance-api
09-30 18:38:48.338  3682  3682 I flutter : 📊 analytics: view_store {store_id: 35, is_open: 1}
09-30 18:38:48.343  3682  3682 I flutter : [NET] endpoint=/api/v1/coupon/list http_status=200
09-30 18:38:48.344  3682  3682 I flutter : 📊 analytics: view_promotion {promotion_count: 7, eligible_count: 0, expiring_count: 0, screen: coupons, source: profile_menu}
09-30 18:38:48.348  3682  3682 I flutter : 📊 analytics: begin_checkout {value: 10.0, currency: AED, item_count: 1, source: basket, store_count: 1}
09-30 18:38:48.390  3682  3682 I flutter : [NET] POST endpoint=/api/v1/customer/order/get-Tax
09-30 18:38:48.750  3682  3682 I flutter : [NET] POST endpoint=/api/v1/customer/order/get-surge-price
09-30 18:38:49.333  3682  3682 I flutter : [NET] endpoint=/api/v1/customer/order/get-surge-price http_status=200
09-30 18:38:49.333  3682  3682 I flutter : [NET] POST endpoint=/api/v1/config/delivery-quote
09-30 18:38:50.247  3682  3682 I flutter : [NET] endpoint=/api/v1/config/distance-api http_status=200
09-30 18:38:50.247  3682  3682 I flutter : [NET] GET endpoint=/api/v1/vehicle/extra_charge
09-30 18:38:50.387  3682  3682 I flutter : [NET] endpoint=/api/v1/customer/order/get-Tax http_status=200
09-30 18:38:50.669  3682  3682 I flutter : [NET] endpoint=/api/v1/config/delivery-quote http_status=200
09-30 18:38:50.765  3682  3682 I flutter : [NET] endpoint=/api/v1/vehicle/extra_charge http_status=200
09-30 18:38:50.793  3682  3682 I flutter : [NET] POST endpoint=/api/v1/config/delivery-quote
09-30 18:38:51.193  3682  3682 I flutter : [NET] GET endpoint=/api/v1/cashback/getCashback
09-30 18:38:51.766  3682  3682 I flutter : [NET] endpoint=/api/v1/cashback/getCashback http_status=200
09-30 18:38:51.767  3682  3682 I flutter : [NET] endpoint=/api/v1/config/delivery-quote http_status=200
09-30 18:38:52.574  3682  3682 I flutter : [NET] GET endpoint=/api/v1/cashback/getCashback
09-30 18:38:53.266  3682  3682 I flutter : [NET] endpoint=/api/v1/cashback/getCashback http_status=200
09-30 18:39:08.375  3682  3682 I flutter : [NET] POST endpoint=/api/v1/customer/order/get-surge-price
09-30 18:39:09.384  3682  3682 I flutter : [NET] endpoint=/api/v1/customer/order/get-surge-price http_status=200
09-30 18:39:09.386  3682  3682 I flutter : [NET] POST endpoint=/api/v1/config/delivery-quote
09-30 18:39:10.382  3682  3682 I flutter : [NET] endpoint=/api/v1/config/delivery-quote http_status=200
09-30 18:39:11.192  3682  3682 I flutter : [NET] GET endpoint=/api/v1/cashback/getCashback
09-30 18:39:11.892  3682  3682 I flutter : [NET] endpoint=/api/v1/cashback/getCashback http_status=200
09-30 18:39:14.774  3682  3682 I flutter : [NET] POST endpoint=/api/v1/customer/order/get-surge-price
09-30 18:39:15.386  3682  3682 I flutter : [NET] endpoint=/api/v1/customer/order/get-surge-price http_status=200
09-30 18:39:15.386  3682  3682 I flutter : [NET] POST endpoint=/api/v1/config/delivery-quote
09-30 18:39:16.387  3682  3682 I flutter : [NET] endpoint=/api/v1/config/delivery-quote http_status=200
09-30 18:39:25.168  3682  3682 I flutter : [WARN] msg="time-slot index 17 out of range (len 6) after day switch; reset to 0"
09-30 18:39:25.582  3682  3682 I flutter : [NET] POST endpoint=/api/v1/config/delivery-quote
09-30 18:39:26.393  3682  3682 I flutter : [NET] endpoint=/api/v1/config/delivery-quote http_status=200
09-30 18:39:27.197  3682  3682 I flutter : [NET] GET endpoint=/api/v1/cashback/getCashback
09-30 18:39:27.888  3682  3682 I flutter : [NET] endpoint=/api/v1/cashback/getCashback http_status=200
09-30 18:39:30.957  3682  3682 I flutter : [INFO] msg="checkout schedule restored date=1 slot=17"
09-30 18:39:31.375  3682  3682 I flutter : [NET] POST endpoint=/api/v1/config/delivery-quote
09-30 18:39:31.890  3682  3682 I flutter : [NET] endpoint=/api/v1/config/delivery-quote http_status=200
09-30 18:39:32.692  3682  3682 I flutter : [NET] GET endpoint=/api/v1/cashback/getCashback
09-30 18:39:33.389  3682  3682 I flutter : [NET] endpoint=/api/v1/cashback/getCashback http_status=200
09-30 18:39:37.518  3682  3682 I flutter : 📊 analytics: place_order_tapped {pricing_settled: 1, store_count: 1, screen: checkout, section: place_order}
09-30 18:39:37.520  3682  3682 I flutter : [NET] POST endpoint=/api/v1/customer/order/get-Tax
09-30 18:39:37.529  3682  3682 I flutter : 📊 analytics: screen_view {screen_name: order_confirm_sheet, source: checkout}
09-30 18:39:38.389  3682  3682 I flutter : [NET] endpoint=/api/v1/customer/order/get-Tax http_status=200
09-30 18:39:38.391  3682  3682 I flutter : 📊 analytics: order_confirm_sheet_shown {store_count: 1, item_count: 1, value: 16.5, currency: AED, price_changed: 0, stock_changed: 0, screen: order_confirm_sheet, source: checkout}
09-30 18:39:45.591  3682  3682 I flutter : 📊 analytics: order_confirm_confirmed {value: 16.5, currency: AED, store_count: 1, price_changed: 0, screen: order_confirm_sheet, section: footer_cta}
09-30 18:39:45.592  3682  3682 I flutter : [INFO] msg="checkout: place-order button clicked"
09-30 18:39:45.593  3682  3682 I flutter : [INFO] msg="multipart POST endpoint=/api/v1/customer/order/place"
09-30 18:39:47.092  3682  3682 I flutter : [NET] endpoint=/api/v1/customer/order/place http_status=200
09-30 18:39:47.092  3682  3682 I flutter : 📊 analytics: purchase {transaction_id: 91418, value: 16.5, currency: AED, tax: 0.5, shipping: 6.0, store_count: 1, source: confirm_sheet}
09-30 18:39:47.093  3682  3682 I flutter : [INFO] msg="home load started"
09-30 18:39:47.097  3682  3682 I flutter : [INFO] msg="checkout: order placed successfully orderID=91418"
09-30 18:39:47.097  3682  3682 I flutter : [NET] DELETE endpoint=/api/v1/customer/cart/remove
09-30 18:39:47.100  3682  3682 I flutter : [NET] GET endpoint=/api/v1/config/get-zone-id
09-30 18:39:47.107  3682  3682 I flutter : [INFO] msg="pusher init skipped: websocket disabled"
09-30 18:39:47.108  3682  3682 I flutter : [INFO] msg="order: trackOrder orderID=91418"
09-30 18:39:47.109  3682  3682 I flutter : [INFO] msg="trackOrder called for orderID=91418 source=rowTap"
09-30 18:39:47.109  3682  3682 I flutter : [NET] GET endpoint=/api/v1/customer/order/track
09-30 18:39:48.097  3682  3682 I flutter : [NET] endpoint=/api/v1/customer/cart/remove http_status=200
09-30 18:39:48.097  3682  3682 I flutter : [NET] GET endpoint=/api/v1/customer/cart/list
09-30 18:39:48.100  3682  3682 I flutter : [NET] endpoint=/api/v1/config/get-zone-id http_status=200
09-30 18:39:48.100  3682  3682 I flutter : [INFO] msg="location: inZone=true"
09-30 18:39:48.102  3682  3682 I flutter : [NET] endpoint=/api/v1/customer/order/track http_status=200
09-30 18:39:48.104  3682  3682 I flutter : [INFO] msg="trackOrder called for orderID=91418 source=timerPoll"
09-30 18:39:48.104  3682  3682 I flutter : [NET] GET endpoint=/api/v1/customer/order/track
09-30 18:39:48.106  3682  3682 I flutter : [NET] GET endpoint=/api/v1/home/all
09-30 18:39:48.110  3682  3682 I flutter : 📊 analytics: order_tracking_opened {order_id: 91418, order_status: pending, screen: order_tracking, section: sheet}
09-30 18:39:49.374  3682  3682 I flutter : [NET] endpoint=/api/v1/home/all http_status=200
09-30 18:39:49.378  3682  3682 I flutter : [NET] GET endpoint=/api/v1/other-banners
09-30 18:39:49.379  3682  3682 I flutter : [NET] GET endpoint=/api/v1/customer/info
09-30 18:39:49.387  3682  3682 I flutter : [NET] GET endpoint=/api/v1/flash-sales
09-30 18:39:49.391  3682  3682 I flutter : [NET] GET endpoint=/api/v1/items/popular
09-30 18:39:49.394  3682  3682 I flutter : [NET] GET endpoint=/api/v1/items/most-reviewed
09-30 18:39:49.399  3682  3682 I flutter : [NET] GET endpoint=/api/v1/campaigns/basic
09-30 18:39:49.402  3682  3682 I flutter : [NET] GET endpoint=/api/v1/campaigns/item
09-30 18:39:49.407  3682  3682 I flutter : [NET] GET endpoint=/api/v1/items/recommended
09-30 18:39:49.411  3682  3682 I flutter : 📊 analytics: view_item_list {item_list_id: store_card_popular_items, item_list_name: store_card_popular_items, item_count: 5, screen: home, store_id: 12, section: stores_list, position: 1}
09-30 18:39:49.411  3682  3682 I flutter : 📊 analytics: view_item_list {item_list_id: store_card_popular_items, item_list_name: store_card_popular_items, item_count: 5, screen: home, store_id: 13, section: stores_list, position: 2}
09-30 18:39:49.411  3682  3682 I flutter : 📊 analytics: view_item_list {item_list_id: store_card_popular_items, item_list_name: store_card_popular_items, item_count: 5, screen: home, store_id: 14, section: stores_list, position: 3}
09-30 18:39:49.411  3682  3682 I flutter : 📊 analytics: view_item_list {item_list_id: store_card_popular_items, item_list_name: store_card_popular_items, item_count: 5, screen: home, store_id: 16, section: stores_list, position: 5}
09-30 18:39:49.411  3682  3682 I flutter : 📊 analytics: view_item_list {item_list_id: store_card_popular_items, item_list_name: store_card_popular_items, item_count: 5, screen: home, store_id: 17, section: stores_list, position: 6}
09-30 18:39:49.411  3682  3682 I flutter : 📊 analytics: view_item_list {item_list_id: store_card_popular_items, item_list_name: store_card_popular_items, item_count: 5, screen: home, store_id: 18, section: stores_list, position: 7}
09-30 18:39:49.411  3682  3682 I flutter : 📊 analytics: view_item_list {item_list_id: store_card_popular_items, item_list_name: store_card_popular_items, item_count: 5, screen: home, store_id: 19, section: stores_list, position: 8}
09-30 18:39:49.411  3682  3682 I flutter : 📊 analytics: view_item_list {item_list_id: store_card_popular_items, item_list_name: store_card_popular_items, item_count: 5, screen: home, store_id: 20, section: stores_list, position: 9}
09-30 18:39:49.411  3682  3682 I flutter : 📊 analytics: view_item_list {item_list_id: store_card_popular_items, item_list_name: store_card_popular_items, item_count: 5, screen: home, store_id: 21, section: stores_list, position: 10}
09-30 18:39:49.411  3682  3682 I flutter : 📊 analytics: view_item_list {item_list_id: store_card_popular_items, item_list_name: store_card_popular_items, item_count: 5, screen: home, store_id: 22, section: stores_list, position: 11}
09-30 18:39:49.411  3682  3682 I flutter : 📊 analytics: view_item_list {item_list_id: store_card_popular_items, item_list_name: store_card_popular_items, item_count: 5, screen: home, store_id: 35, section: stores_list, position: 12}
09-30 18:39:49.411  3682  3682 I flutter : 📊 analytics: view_store_list {item_list_id: stores_list, item_list_name: stores_list, count: 12, screen: home, with_popular_items_count: 11}
09-30 18:39:49.411  3682  3682 I flutter : [NET] GET endpoint=/api/v1/customer/order/buy-it-again
09-30 18:39:49.412  3682  3682 I flutter : [NET] GET endpoint=/api/v1/stores/get-stores/all
09-30 18:39:49.416  3682  3682 I flutter : [NET] GET endpoint=/api/v1/advertisement/list
09-30 18:39:49.497  3682  3682 I flutter : [NET] endpoint=/api/v1/customer/cart/list http_status=200
09-30 18:39:49.779  3682  3682 I flutter : [NET] endpoint=/api/v1/customer/order/track http_status=200
09-30 18:39:49.867  3682  3682 I flutter : [NET] endpoint=/api/v1/other-banners http_status=200
09-30 18:39:49.967  3682  3682 I flutter : [NET] endpoint=/api/v1/customer/info http_status=200
09-30 18:39:49.967  3682  3682 I flutter : [NET] GET endpoint=/api/v1/customer/notifications
09-30 18:39:49.967  3682  3682 I flutter : [NET] GET endpoint=/api/v1/coupon/list
09-30 18:39:49.971  3682  3682 I flutter : [NET] GET endpoint=/api/v1/module
09-30 18:39:50.145  3682  3682 I flutter : [NET] endpoint=/api/v1/flash-sales http_status=200
09-30 18:39:50.315  3682  3682 I flutter : [NET] endpoint=/api/v1/items/popular http_status=200
09-30 18:39:50.812  3682  3682 I flutter : [NET] endpoint=/api/v1/items/most-reviewed http_status=200
09-30 18:39:50.929  3682  3682 I flutter : [NET] endpoint=/api/v1/campaigns/basic http_status=200
09-30 18:39:51.031  3682  3682 I flutter : [NET] endpoint=/api/v1/campaigns/item http_status=200
09-30 18:39:51.129  3682  3682 I flutter : [FAIL] endpoint=null http_status=null type=GetPositionFailure msg="location: getPosition threw (TimeoutException) — trying the AD1 fallback ladder"
09-30 18:39:51.130  3682  3682 I flutter : [INFO] msg="location: fallback ladder -> caller-supplied override"
09-30 18:39:51.130  3682  3682 I flutter : [INFO] msg="location: getCurrentLocation resolved via fallback rung=callerSupplied"
09-30 18:39:51.130  3682  3682 I flutter : 📊 analytics: location_fallback_used {screen: add_address, section: location_fallback, step: callerSupplied}
09-30 18:39:51.130  3682  3682 I flutter : [NET] GET endpoint=/api/v1/config/geocode-api
09-30 18:39:51.133  3682  3682 I flutter : [INFO] msg="location: zone resolved from short-TTL coord cache (T2 dedupe)"
09-30 18:39:51.133  3682  3682 I flutter : [INFO] msg="location: inZone=true"
09-30 18:39:51.247  3682  3682 I flutter : [NET] endpoint=/api/v1/items/recommended http_status=200
09-30 18:39:51.831  3682  3682 I flutter : [NET] endpoint=/api/v1/customer/order/buy-it-again http_status=200
09-30 18:39:52.166  3682  3682 I flutter : [NET] endpoint=/api/v1/stores/get-stores/all http_status=200
09-30 18:39:52.167  3682  3682 I flutter : 📊 analytics: view_item_list {item_list_id: store_card_popular_items, item_list_name: store_card_popular_items, item_count: 5, screen: home, store_id: 12, section: stores_list, position: 1}
09-30 18:39:52.167  3682  3682 I flutter : 📊 analytics: view_item_list {item_list_id: store_card_popular_items, item_list_name: store_card_popular_items, item_count: 5, screen: home, store_id: 13, section: stores_list, position: 2}
09-30 18:39:52.167  3682  3682 I flutter : 📊 analytics: view_item_list {item_list_id: store_card_popular_items, item_list_name: store_card_popular_items, item_count: 5, screen: home, store_id: 14, section: stores_list, position: 3}
09-30 18:39:52.167  3682  3682 I flutter : 📊 analytics: view_item_list {item_list_id: store_card_popular_items, item_list_name: store_card_popular_items, item_count: 5, screen: home, store_id: 16, section: stores_list, position: 5}
09-30 18:39:52.167  3682  3682 I flutter : 📊 analytics: view_item_list {item_list_id: store_card_popular_items, item_list_name: store_card_popular_items, item_count: 5, screen: home, store_id: 17, section: stores_list, position: 6}
09-30 18:39:52.167  3682  3682 I flutter : 📊 analytics: view_item_list {item_list_id: store_card_popular_items, item_list_name: store_card_popular_items, item_count: 5, screen: home, store_id: 18, section: stores_list, position: 7}
09-30 18:39:52.167  3682  3682 I flutter : 📊 analytics: view_item_list {item_list_id: store_card_popular_items, item_list_name: store_card_popular_items, item_count: 5, screen: home, store_id: 19, section: stores_list, position: 8}
09-30 18:39:52.167  3682  3682 I flutter : 📊 analytics: view_item_list {item_list_id: store_card_popular_items, item_list_name: store_card_popular_items, item_count: 5, screen: home, store_id: 20, section: stores_list, position: 9}
09-30 18:39:52.168  3682  3682 I flutter : 📊 analytics: view_item_list {item_list_id: store_card_popular_items, item_list_name: store_card_popular_items, item_count: 5, screen: home, store_id: 21, section: stores_list, position: 10}
09-30 18:39:52.168  3682  3682 I flutter : 📊 analytics: view_item_list {item_list_id: store_card_popular_items, item_list_name: store_card_popular_items, item_count: 5, screen: home, store_id: 22, section: stores_list, position: 11}
09-30 18:39:52.168  3682  3682 I flutter : 📊 analytics: view_item_list {item_list_id: store_card_popular_items, item_list_name: store_card_popular_items, item_count: 5, screen: home, store_id: 35, section: stores_list, position: 12}
09-30 18:39:52.168  3682  3682 I flutter : 📊 analytics: view_store_list {item_list_id: stores_list, item_list_name: stores_list, count: 12, screen: home, with_popular_items_count: 11}
09-30 18:39:52.311  3682  3682 I flutter : [NET] endpoint=/api/v1/advertisement/list http_status=200
09-30 18:39:52.503  3682  3682 I flutter : [NET] endpoint=/api/v1/customer/notifications http_status=200
09-30 18:39:52.634  3682  3682 I flutter : [NET] endpoint=/api/v1/coupon/list http_status=200
09-30 18:39:52.635  3682  3682 I flutter : 📊 analytics: view_promotion {promotion_count: 7, eligible_count: 0, expiring_count: 0, screen: coupons, source: profile_menu}
09-30 18:39:52.797  3682  3682 I flutter : [NET] endpoint=/api/v1/module http_status=200
09-30 18:39:53.044  3682  3682 I flutter : [NET] POST endpoint=/api/v1/config/delivery-quote
09-30 18:39:53.772  3682  3682 I flutter : [NET] endpoint=/api/v1/config/geocode-api http_status=200
09-30 18:39:54.036  3682  3682 I flutter : [NET] endpoint=/api/v1/config/delivery-quote http_status=200
09-30 18:39:55.847  3682  3682 I flutter : [INFO] msg="checkout: basket changed under checkout — rows re-synced rows=0 stores=0"
09-30 18:39:59.041  3682  3682 I flutter : [NET] GET endpoint=/api/v1/customer/order/running-orders
09-30 18:40:00.147  3682  3682 I flutter : [NET] endpoint=/api/v1/customer/order/running-orders http_status=200
09-30 18:40:08.107  3682  3682 I flutter : [INFO] msg="home load started"
09-30 18:40:08.107  3682  3682 I flutter : [NET] GET endpoint=/api/v1/config/get-zone-id
09-30 18:40:09.148  3682  3682 I flutter : [NET] endpoint=/api/v1/config/get-zone-id http_status=200
09-30 18:40:09.148  3682  3682 I flutter : [INFO] msg="location: inZone=true"
09-30 18:40:09.150  3682  3682 I flutter : [NET] GET endpoint=/api/v1/home/all
09-30 18:40:10.181  3682  3682 I flutter : [NET] endpoint=/api/v1/home/all http_status=200
09-30 18:40:10.183  3682  3682 I flutter : [NET] GET endpoint=/api/v1/customer/info
09-30 18:40:10.185  3682  3682 I flutter : [NET] GET endpoint=/api/v1/items/popular
09-30 18:40:10.187  3682  3682 I flutter : [NET] GET endpoint=/api/v1/items/most-reviewed
09-30 18:40:10.189  3682  3682 I flutter : 📊 analytics: view_item_list {item_list_id: store_card_popular_items, item_list_name: store_card_popular_items, item_count: 5, screen: home, store_id: 12, section: stores_list, position: 1}
09-30 18:40:10.189  3682  3682 I flutter : 📊 analytics: view_item_list {item_list_id: store_card_popular_items, item_list_name: store_card_popular_items, item_count: 5, screen: home, store_id: 13, section: stores_list, position: 2}
09-30 18:40:10.189  3682  3682 I flutter : 📊 analytics: view_item_list {item_list_id: store_card_popular_items, item_list_name: store_card_popular_items, item_count: 5, screen: home, store_id: 14, section: stores_list, position: 3}
09-30 18:40:10.189  3682  3682 I flutter : 📊 analytics: view_item_list {item_list_id: store_card_popular_items, item_list_name: store_card_popular_items, item_count: 5, screen: home, store_id: 16, section: stores_list, position: 5}
09-30 18:40:10.189  3682  3682 I flutter : 📊 analytics: view_item_list {item_list_id: store_card_popular_items, item_list_name: store_card_popular_items, item_count: 5, screen: home, store_id: 17, section: stores_list, position: 6}
09-30 18:40:10.189  3682  3682 I flutter : 📊 analytics: view_item_list {item_list_id: store_card_popular_items, item_list_name: store_card_popular_items, item_count: 5, screen: home, store_id: 18, section: stores_list, position: 7}
09-30 18:40:10.189  3682  3682 I flutter : 📊 analytics: view_item_list {item_list_id: store_card_popular_items, item_list_name: store_card_popular_items, item_count: 5, screen: home, store_id: 19, section: stores_list, position: 8}
09-30 18:40:10.189  3682  3682 I flutter : 📊 analytics: view_item_list {item_list_id: store_card_popular_items, item_list_name: store_card_popular_items, item_count: 5, screen: home, store_id: 20, section: stores_list, position: 9}
09-30 18:40:10.189  3682  3682 I flutter : 📊 analytics: view_item_list {item_list_id: store_card_popular_items, item_list_name: store_card_popular_items, item_count: 5, screen: home, store_id: 21, section: stores_list, position: 10}
09-30 18:40:10.189  3682  3682 I flutter : 📊 analytics: view_item_list {item_list_id: store_card_popular_items, item_list_name: store_card_popular_items, item_count: 5, screen: home, store_id: 22, section: stores_list, position: 11}
09-30 18:40:10.189  3682  3682 I flutter : 📊 analytics: view_item_list {item_list_id: store_card_popular_items, item_list_name: store_card_popular_items, item_count: 5, screen: home, store_id: 35, section: stores_list, position: 12}
09-30 18:40:10.190  3682  3682 I flutter : 📊 analytics: view_store_list {item_list_id: stores_list, item_list_name: stores_list, count: 12, screen: home, with_popular_items_count: 11}
09-30 18:40:10.190  3682  3682 I flutter : [NET] GET endpoint=/api/v1/customer/order/buy-it-again
09-30 18:40:10.190  3682  3682 I flutter : [NET] GET endpoint=/api/v1/stores/get-stores/all
09-30 18:40:10.193  3682  3682 I flutter : [NET] GET endpoint=/api/v1/advertisement/list
09-30 18:40:11.181  3682  3682 I flutter : [NET] endpoint=/api/v1/advertisement/list http_status=200
09-30 18:40:11.182  3682  3682 I flutter : [NET] endpoint=/api/v1/customer/info http_status=200
09-30 18:40:11.183  3682  3682 I flutter : [NET] GET endpoint=/api/v1/coupon/list
09-30 18:40:11.185  3682  3682 I flutter : [NET] endpoint=/api/v1/items/popular http_status=200
09-30 18:40:11.244  3682  3682 I flutter : [NET] GET endpoint=/api/v1/module
09-30 18:40:11.246  3682  3682 I flutter : [NET] endpoint=/api/v1/items/most-reviewed http_status=200
09-30 18:40:11.367  3682  3682 I flutter : [NET] endpoint=/api/v1/customer/order/buy-it-again http_status=200
09-30 18:40:11.512  3682  3682 I flutter : [NET] endpoint=/api/v1/stores/get-stores/all http_status=200
09-30 18:40:11.513  3682  3682 I flutter : 📊 analytics: view_item_list {item_list_id: store_card_popular_items, item_list_name: store_card_popular_items, item_count: 5, screen: home, store_id: 12, section: stores_list, position: 1}
09-30 18:40:11.513  3682  3682 I flutter : 📊 analytics: view_item_list {item_list_id: store_card_popular_items, item_list_name: store_card_popular_items, item_count: 5, screen: home, store_id: 13, section: stores_list, position: 2}
09-30 18:40:11.513  3682  3682 I flutter : 📊 analytics: view_item_list {item_list_id: store_card_popular_items, item_list_name: store_card_popular_items, item_count: 5, screen: home, store_id: 14, section: stores_list, position: 3}
09-30 18:40:11.513  3682  3682 I flutter : 📊 analytics: view_item_list {item_list_id: store_card_popular_items, item_list_name: store_card_popular_items, item_count: 5, screen: home, store_id: 16, section: stores_list, position: 5}
09-30 18:40:11.513  3682  3682 I flutter : 📊 analytics: view_item_list {item_list_id: store_card_popular_items, item_list_name: store_card_popular_items, item_count: 5, screen: home, store_id: 17, section: stores_list, position: 6}
09-30 18:40:11.513  3682  3682 I flutter : 📊 analytics: view_item_list {item_list_id: store_card_popular_items, item_list_name: store_card_popular_items, item_count: 5, screen: home, store_id: 18, section: stores_list, position: 7}
09-30 18:40:11.513  3682  3682 I flutter : 📊 analytics: view_item_list {item_list_id: store_card_popular_items, item_list_name: store_card_popular_items, item_count: 5, screen: home, store_id: 19, section: stores_list, position: 8}
09-30 18:40:11.513  3682  3682 I flutter : 📊 analytics: view_item_list {item_list_id: store_card_popular_items, item_list_name: store_card_popular_items, item_count: 5, screen: home, store_id: 20, section: stores_list, position: 9}
09-30 18:40:11.513  3682  3682 I flutter : 📊 analytics: view_item_list {item_list_id: store_card_popular_items, item_list_name: store_card_popular_items, item_count: 5, screen: home, store_id: 21, section: stores_list, position: 10}
09-30 18:40:11.513  3682  3682 I flutter : 📊 analytics: view_item_list {item_list_id: store_card_popular_items, item_list_name: store_card_popular_items, item_count: 5, screen: home, store_id: 22, section: stores_list, position: 11}
09-30 18:40:11.513  3682  3682 I flutter : 📊 analytics: view_item_list {item_list_id: store_card_popular_items, item_list_name: store_card_popular_items, item_count: 5, screen: home, store_id: 35, section: stores_list, position: 12}
09-30 18:40:11.513  3682  3682 I flutter : 📊 analytics: view_store_list {item_list_id: stores_list, item_list_name: stores_list, count: 12, screen: home, with_popular_items_count: 11}
09-30 18:40:12.020  3682  3682 I flutter : [NET] endpoint=/api/v1/coupon/list http_status=200
09-30 18:40:12.021  3682  3682 I flutter : 📊 analytics: view_promotion {promotion_count: 7, eligible_count: 0, expiring_count: 0, screen: coupons, source: profile_menu}
09-30 18:40:12.140  3682  3682 I flutter : [NET] endpoint=/api/v1/module http_status=200
09-30 18:40:21.028  3682  3682 I flutter : [NET] POST endpoint=/api/v1/customer/cart/add
09-30 18:40:21.638  3682  3682 I flutter : [NET] endpoint=/api/v1/customer/cart/add http_status=200
09-30 18:40:21.639  3682  3682 I flutter : 📊 analytics: add_to_cart {item_id: 95, price: 10.0, quantity: 1, currency: AED, value: 10.0, screen: home, item_list_id: buy_it_again, item_list_name: buy_it_again, index: 2, store_id: 35, is_available: 1}
09-30 18:40:25.716  3682  3682 I flutter : [INFO] msg="cart restored with 1 items"
09-30 18:40:25.717  3682  3682 I flutter : [NET] GET endpoint=/api/v1/stores/details/35
09-30 18:40:25.756  3682  3682 I flutter : 📊 analytics: view_item_list {item_list_id: basket_suggestions, item_list_name: basket_suggestions, item_count: 7, store_count: 1, screen: basket}
09-30 18:40:26.638  3682  3682 I flutter : [NET] endpoint=/api/v1/stores/details/35 http_status=200
09-30 18:40:26.639  3682  3682 I flutter : 📊 analytics: view_store {store_id: 35, is_open: 1}
09-30 18:40:26.639  3682  3682 I flutter : [NET] GET endpoint=/api/v1/items/suggested
09-30 18:40:26.640  3682  3682 I flutter : 📊 analytics: view_cart {value: 10.0, currency: AED, item_count: 1, store_count: 1, screen: basket, source: bottom_nav}
09-30 18:40:27.646  3682  3682 I flutter : [NET] endpoint=/api/v1/items/suggested http_status=200
09-30 18:40:31.773  3682  3682 I flutter : [INFO] msg="route: waiting for module=grocery-food"
09-30 18:40:31.773  3682  3682 I flutter : [INFO] msg="route: checkModuleId configNull=false hasAddress=true fromDeeplink=false"
09-30 18:40:31.773  3682  3682 I flutter : [INFO] msg="route: not from deeplink, skipping module fetch"
09-30 18:40:31.773  3682  3682 I flutter : [INFO] msg="route: module future state=ConnectionState.waiting hasData=false hasError=false"
09-30 18:40:31.791  3682  3682 I flutter : [INFO] msg="route: module future state=ConnectionState.done hasData=false hasError=false"
09-30 18:40:31.791  3682  3682 I flutter : [NET] GET endpoint=/api/v1/most-tips
09-30 18:40:31.791  3682  3682 I flutter : [NET] GET endpoint=/api/v1/offline_payment_method_list
09-30 18:40:31.794  3682  3682 I flutter : [NET] GET endpoint=/api/v1/coupon/list
09-30 18:40:31.794  3682  3682 I flutter : [NET] GET endpoint=/api/v1/stores/details/35
09-30 18:40:31.803  3682  3682 I flutter : [INFO] msg="checkout: payment method selected index=0"
09-30 18:40:31.803  3682  3682 I flutter : 📊 analytics: add_payment_info {payment_type: cash_on_delivery, value: 9.5, currency: AED, screen: checkout, section: payment}
09-30 18:40:32.633  3682  3682 I flutter : [NET] endpoint=/api/v1/offline_payment_method_list http_status=200
09-30 18:40:32.634  3682  3682 I flutter : [NET] endpoint=/api/v1/most-tips http_status=200
09-30 18:40:32.635  3682  3682 I flutter : [NET] endpoint=/api/v1/stores/details/35 http_status=200
09-30 18:40:32.636  3682  3682 I flutter : [NET] GET endpoint=/api/v1/config/distance-api
09-30 18:40:32.637  3682  3682 I flutter : 📊 analytics: view_store {store_id: 35, is_open: 1}
09-30 18:40:32.641  3682  3682 I flutter : [NET] endpoint=/api/v1/coupon/list http_status=200
09-30 18:40:32.642  3682  3682 I flutter : 📊 analytics: view_promotion {promotion_count: 7, eligible_count: 0, expiring_count: 0, screen: coupons, source: profile_menu}
09-30 18:40:32.643  3682  3682 I flutter : 📊 analytics: begin_checkout {value: 10.0, currency: AED, item_count: 1, source: basket, store_count: 1}
09-30 18:40:32.679  3682  3682 I flutter : [NET] POST endpoint=/api/v1/customer/order/get-Tax
09-30 18:40:33.045  3682  3682 I flutter : [NET] POST endpoint=/api/v1/customer/order/get-surge-price
09-30 18:40:33.631  3682  3682 I flutter : [NET] endpoint=/api/v1/customer/order/get-surge-price http_status=200
09-30 18:40:33.631  3682  3682 I flutter : [NET] POST endpoint=/api/v1/config/delivery-quote
09-30 18:40:33.648  3682  3682 I flutter : [NET] endpoint=/api/v1/config/distance-api http_status=200
09-30 18:40:33.648  3682  3682 I flutter : [NET] GET endpoint=/api/v1/vehicle/extra_charge
09-30 18:40:33.785  3682  3682 I flutter : [NET] endpoint=/api/v1/customer/order/get-Tax http_status=200
09-30 18:40:33.885  3682  3682 I flutter : [NET] endpoint=/api/v1/config/delivery-quote http_status=200
09-30 18:40:33.964  3682  3682 I flutter : [NET] endpoint=/api/v1/vehicle/extra_charge http_status=200
09-30 18:40:34.193  3682  3682 I flutter : [NET] POST endpoint=/api/v1/config/delivery-quote
09-30 18:40:34.590  3682  3682 I flutter : [NET] GET endpoint=/api/v1/cashback/getCashback
09-30 18:40:34.965  3682  3682 I flutter : [NET] endpoint=/api/v1/config/delivery-quote http_status=200
09-30 18:40:35.464  3682  3682 I flutter : [NET] endpoint=/api/v1/cashback/getCashback http_status=200
09-30 18:40:35.774  3682  3682 I flutter : [NET] GET endpoint=/api/v1/cashback/getCashback
09-30 18:40:36.465  3682  3682 I flutter : [NET] endpoint=/api/v1/cashback/getCashback http_status=200
09-30 18:40:52.276  3682  3682 I flutter : [NET] POST endpoint=/api/v1/customer/order/get-surge-price
09-30 18:40:52.798  3682  3682 I flutter : [NET] endpoint=/api/v1/customer/order/get-surge-price http_status=200
09-30 18:40:52.798  3682  3682 I flutter : [NET] POST endpoint=/api/v1/config/delivery-quote
09-30 18:40:53.801  3682  3682 I flutter : [NET] endpoint=/api/v1/config/delivery-quote http_status=200
09-30 18:40:54.608  3682  3682 I flutter : [NET] GET endpoint=/api/v1/cashback/getCashback
09-30 18:40:55.296  3682  3682 I flutter : [NET] endpoint=/api/v1/cashback/getCashback http_status=200
09-30 18:40:59.444  3682  3682 I flutter : [NET] POST endpoint=/api/v1/customer/order/get-surge-price
09-30 18:41:00.297  3682  3682 I flutter : [NET] endpoint=/api/v1/customer/order/get-surge-price http_status=200
09-30 18:41:00.298  3682  3682 I flutter : [NET] POST endpoint=/api/v1/config/delivery-quote
09-30 18:41:01.298  3682  3682 I flutter : [NET] endpoint=/api/v1/config/delivery-quote http_status=200
09-30 18:41:07.701  3682  3682 I flutter : [WARN] msg="time-slot index 17 out of range (len 6) after day switch; reset to 0"
09-30 18:41:08.111  3682  3682 I flutter : [NET] POST endpoint=/api/v1/config/delivery-quote
09-30 18:41:08.799  3682  3682 I flutter : [NET] endpoint=/api/v1/config/delivery-quote http_status=200
09-30 18:41:09.610  3682  3682 I flutter : [NET] GET endpoint=/api/v1/cashback/getCashback
09-30 18:41:10.299  3682  3682 I flutter : [NET] endpoint=/api/v1/cashback/getCashback http_status=200
09-30 18:41:20.144  3682  3682 I flutter : 📊 analytics: place_order_tapped {pricing_settled: 1, store_count: 1, screen: checkout, section: place_order}
09-30 18:41:20.146  3682  3682 I flutter : [NET] POST endpoint=/api/v1/customer/order/get-Tax
09-30 18:41:20.157  3682  3682 I flutter : 📊 analytics: screen_view {screen_name: order_confirm_sheet, source: checkout}
09-30 18:41:21.110  3682  3682 I flutter : [NET] endpoint=/api/v1/customer/order/get-Tax http_status=200
09-30 18:41:21.124  3682  3682 I flutter : 📊 analytics: order_confirm_sheet_shown {store_count: 1, item_count: 1, value: 13.5, currency: AED, price_changed: 0, stock_changed: 0, screen: order_confirm_sheet, source: checkout}
09-30 18:41:28.235  3682  3682 I flutter : 📊 analytics: order_confirm_confirmed {value: 13.5, currency: AED, store_count: 1, price_changed: 0, screen: order_confirm_sheet, section: footer_cta}
09-30 18:41:28.235  3682  3682 I flutter : [INFO] msg="checkout: place-order button clicked"
09-30 18:41:28.238  3682  3682 I flutter : [INFO] msg="multipart POST endpoint=/api/v1/customer/order/place"
09-30 18:41:30.228  3682  3682 I flutter : [NET] endpoint=/api/v1/customer/order/place http_status=200
09-30 18:41:30.229  3682  3682 I flutter : 📊 analytics: purchase {transaction_id: 91419, value: 13.5, currency: AED, tax: 0.5, shipping: 3.0, store_count: 1, source: confirm_sheet}
09-30 18:41:30.229  3682  3682 I flutter : [INFO] msg="home load started"
09-30 18:41:30.232  3682  3682 I flutter : [INFO] msg="checkout: order placed successfully orderID=91419"
09-30 18:41:30.232  3682  3682 I flutter : [NET] DELETE endpoint=/api/v1/customer/cart/remove
09-30 18:41:30.236  3682  3682 I flutter : [NET] GET endpoint=/api/v1/config/get-zone-id
09-30 18:41:30.241  3682  3682 I flutter : [INFO] msg="pusher init skipped: websocket disabled"
09-30 18:41:30.242  3682  3682 I flutter : [INFO] msg="order: trackOrder orderID=91419"
09-30 18:41:30.242  3682  3682 I flutter : [INFO] msg="trackOrder called for orderID=91419 source=rowTap"
09-30 18:41:30.242  3682  3682 I flutter : [NET] GET endpoint=/api/v1/customer/order/track
09-30 18:41:31.234  3682  3682 I flutter : [NET] endpoint=/api/v1/customer/order/track http_status=200
09-30 18:41:31.235  3682  3682 I flutter : [INFO] msg="trackOrder called for orderID=91419 source=timerPoll"
09-30 18:41:31.235  3682  3682 I flutter : [NET] GET endpoint=/api/v1/customer/order/track
09-30 18:41:31.240  3682  3682 I flutter : 📊 analytics: order_tracking_opened {order_id: 91419, order_status: pending, screen: order_tracking, section: sheet}
09-30 18:41:32.505  3682  3682 I flutter : [NET] endpoint=/api/v1/customer/cart/remove http_status=200
09-30 18:41:32.505  3682  3682 I flutter : [NET] GET endpoint=/api/v1/customer/cart/list
09-30 18:41:32.641  3682  3682 I flutter : [NET] endpoint=/api/v1/config/get-zone-id http_status=200
09-30 18:41:32.642  3682  3682 I flutter : [INFO] msg="location: inZone=true"
09-30 18:41:32.652  3682  3682 I flutter : [NET] GET endpoint=/api/v1/home/all
09-30 18:41:32.798  3682  3682 I flutter : [NET] endpoint=/api/v1/customer/order/track http_status=200
09-30 18:41:32.897  3682  3682 I flutter : [NET] endpoint=/api/v1/customer/cart/list http_status=200
09-30 18:41:33.564  3682  3682 I flutter : [NET] endpoint=/api/v1/home/all http_status=200
09-30 18:41:33.565  3682  3682 I flutter : [NET] GET endpoint=/api/v1/other-banners
09-30 18:41:33.565  3682  3682 I flutter : [NET] GET endpoint=/api/v1/customer/info
09-30 18:41:33.569  3682  3682 I flutter : [NET] GET endpoint=/api/v1/flash-sales
09-30 18:41:33.573  3682  3682 I flutter : [NET] GET endpoint=/api/v1/items/popular
09-30 18:41:33.576  3682  3682 I flutter : [NET] GET endpoint=/api/v1/items/most-reviewed
09-30 18:41:33.579  3682  3682 I flutter : [NET] GET endpoint=/api/v1/campaigns/basic
09-30 18:41:33.581  3682  3682 I flutter : [NET] GET endpoint=/api/v1/campaigns/item
09-30 18:41:33.585  3682  3682 I flutter : [NET] GET endpoint=/api/v1/items/recommended
09-30 18:41:33.589  3682  3682 I flutter : 📊 analytics: view_item_list {item_list_id: store_card_popular_items, item_list_name: store_card_popular_items, item_count: 5, screen: home, store_id: 12, section: stores_list, position: 1}
09-30 18:41:33.589  3682  3682 I flutter : 📊 analytics: view_item_list {item_list_id: store_card_popular_items, item_list_name: store_card_popular_items, item_count: 5, screen: home, store_id: 13, section: stores_list, position: 2}
09-30 18:41:33.590  3682  3682 I flutter : 📊 analytics: view_item_list {item_list_id: store_card_popular_items, item_list_name: store_card_popular_items, item_count: 5, screen: home, store_id: 14, section: stores_list, position: 3}
09-30 18:41:33.590  3682  3682 I flutter : 📊 analytics: view_item_list {item_list_id: store_card_popular_items, item_list_name: store_card_popular_items, item_count: 5, screen: home, store_id: 16, section: stores_list, position: 5}
09-30 18:41:33.590  3682  3682 I flutter : 📊 analytics: view_item_list {item_list_id: store_card_popular_items, item_list_name: store_card_popular_items, item_count: 5, screen: home, store_id: 17, section: stores_list, position: 6}
09-30 18:41:33.590  3682  3682 I flutter : 📊 analytics: view_item_list {item_list_id: store_card_popular_items, item_list_name: store_card_popular_items, item_count: 5, screen: home, store_id: 18, section: stores_list, position: 7}
09-30 18:41:33.590  3682  3682 I flutter : 📊 analytics: view_item_list {item_list_id: store_card_popular_items, item_list_name: store_card_popular_items, item_count: 5, screen: home, store_id: 19, section: stores_list, position: 8}
09-30 18:41:33.590  3682  3682 I flutter : 📊 analytics: view_item_list {item_list_id: store_card_popular_items, item_list_name: store_card_popular_items, item_count: 5, screen: home, store_id: 20, section: stores_list, position: 9}
09-30 18:41:33.590  3682  3682 I flutter : 📊 analytics: view_item_list {item_list_id: store_card_popular_items, item_list_name: store_card_popular_items, item_count: 5, screen: home, store_id: 21, section: stores_list, position: 10}
09-30 18:41:33.590  3682  3682 I flutter : 📊 analytics: view_item_list {item_list_id: store_card_popular_items, item_list_name: store_card_popular_items, item_count: 5, screen: home, store_id: 22, section: stores_list, position: 11}
09-30 18:41:33.590  3682  3682 I flutter : 📊 analytics: view_item_list {item_list_id: store_card_popular_items, item_list_name: store_card_popular_items, item_count: 5, screen: home, store_id: 35, section: stores_list, position: 12}
09-30 18:41:33.590  3682  3682 I flutter : 📊 analytics: view_store_list {item_list_id: stores_list, item_list_name: stores_list, count: 12, screen: home, with_popular_items_count: 11}
09-30 18:41:33.590  3682  3682 I flutter : [NET] GET endpoint=/api/v1/customer/order/buy-it-again
09-30 18:41:33.590  3682  3682 I flutter : [NET] GET endpoint=/api/v1/stores/get-stores/all
09-30 18:41:33.593  3682  3682 I flutter : [NET] GET endpoint=/api/v1/advertisement/list
09-30 18:41:34.264  3682  3682 I flutter : [FAIL] endpoint=null http_status=null type=GetPositionFailure msg="location: getPosition threw (TimeoutException) — trying the AD1 fallback ladder"
09-30 18:41:34.264  3682  3682 I flutter : [INFO] msg="location: fallback ladder -> caller-supplied override"
09-30 18:41:34.264  3682  3682 I flutter : [INFO] msg="location: getCurrentLocation resolved via fallback rung=callerSupplied"
09-30 18:41:34.264  3682  3682 I flutter : 📊 analytics: location_fallback_used {screen: add_address, section: location_fallback, step: callerSupplied}
09-30 18:41:34.264  3682  3682 I flutter : [NET] GET endpoint=/api/v1/config/geocode-api
09-30 18:41:34.264  3682  3682 I flutter : [INFO] msg="location: zone resolved from short-TTL coord cache (T2 dedupe)"
09-30 18:41:34.264  3682  3682 I flutter : [INFO] msg="location: inZone=true"
09-30 18:41:34.563  3682  3682 I flutter : [NET] endpoint=/api/v1/advertisement/list http_status=200
09-30 18:41:34.694  3682  3682 I flutter : [NET] endpoint=/api/v1/other-banners http_status=200
09-30 18:41:34.813  3682  3682 I flutter : [NET] endpoint=/api/v1/customer/info http_status=200
09-30 18:41:34.813  3682  3682 I flutter : [NET] GET endpoint=/api/v1/customer/notifications
09-30 18:41:34.813  3682  3682 I flutter : [NET] GET endpoint=/api/v1/coupon/list
09-30 18:41:34.817  3682  3682 I flutter : [NET] GET endpoint=/api/v1/module
09-30 18:41:35.015  3682  3682 I flutter : [NET] endpoint=/api/v1/flash-sales http_status=200
09-30 18:41:35.368  3682  3682 I flutter : [NET] endpoint=/api/v1/items/popular http_status=200
09-30 18:41:35.819  3682  3682 I flutter : [NET] endpoint=/api/v1/items/most-reviewed http_status=200
09-30 18:41:36.030  3682  3682 I flutter : [NET] endpoint=/api/v1/campaigns/basic http_status=200
09-30 18:41:36.154  3682  3682 I flutter : [NET] endpoint=/api/v1/campaigns/item http_status=200
09-30 18:41:36.398  3682  3682 I flutter : [NET] endpoint=/api/v1/items/recommended http_status=200
09-30 18:41:36.570  3682  3682 I flutter : [NET] endpoint=/api/v1/customer/order/buy-it-again http_status=200
09-30 18:41:36.751  3682  3682 I flutter : [NET] endpoint=/api/v1/stores/get-stores/all http_status=200
09-30 18:41:36.752  3682  3682 I flutter : 📊 analytics: view_item_list {item_list_id: store_card_popular_items, item_list_name: store_card_popular_items, item_count: 5, screen: home, store_id: 12, section: stores_list, position: 1}
09-30 18:41:36.752  3682  3682 I flutter : 📊 analytics: view_item_list {item_list_id: store_card_popular_items, item_list_name: store_card_popular_items, item_count: 5, screen: home, store_id: 13, section: stores_list, position: 2}
09-30 18:41:36.753  3682  3682 I flutter : 📊 analytics: view_item_list {item_list_id: store_card_popular_items, item_list_name: store_card_popular_items, item_count: 5, screen: home, store_id: 14, section: stores_list, position: 3}
09-30 18:41:36.753  3682  3682 I flutter : 📊 analytics: view_item_list {item_list_id: store_card_popular_items, item_list_name: store_card_popular_items, item_count: 5, screen: home, store_id: 16, section: stores_list, position: 5}
09-30 18:41:36.753  3682  3682 I flutter : 📊 analytics: view_item_list {item_list_id: store_card_popular_items, item_list_name: store_card_popular_items, item_count: 5, screen: home, store_id: 17, section: stores_list, position: 6}
09-30 18:41:36.753  3682  3682 I flutter : 📊 analytics: view_item_list {item_list_id: store_card_popular_items, item_list_name: store_card_popular_items, item_count: 5, screen: home, store_id: 18, section: stores_list, position: 7}
09-30 18:41:36.753  3682  3682 I flutter : 📊 analytics: view_item_list {item_list_id: store_card_popular_items, item_list_name: store_card_popular_items, item_count: 5, screen: home, store_id: 19, section: stores_list, position: 8}
09-30 18:41:36.753  3682  3682 I flutter : 📊 analytics: view_item_list {item_list_id: store_card_popular_items, item_list_name: store_card_popular_items, item_count: 5, screen: home, store_id: 20, section: stores_list, position: 9}
09-30 18:41:36.753  3682  3682 I flutter : 📊 analytics: view_item_list {item_list_id: store_card_popular_items, item_list_name: store_card_popular_items, item_count: 5, screen: home, store_id: 21, section: stores_list, position: 10}
09-30 18:41:36.753  3682  3682 I flutter : 📊 analytics: view_item_list {item_list_id: store_card_popular_items, item_list_name: store_card_popular_items, item_count: 5, screen: home, store_id: 22, section: stores_list, position: 11}
09-30 18:41:36.753  3682  3682 I flutter : 📊 analytics: view_item_list {item_list_id: store_card_popular_items, item_list_name: store_card_popular_items, item_count: 5, screen: home, store_id: 35, section: stores_list, position: 12}
09-30 18:41:36.753  3682  3682 I flutter : 📊 analytics: view_store_list {item_list_id: stores_list, item_list_name: stores_list, count: 12, screen: home, with_popular_items_count: 11}
09-30 18:41:37.579  3682  3682 I flutter : [NET] endpoint=/api/v1/config/geocode-api http_status=200
09-30 18:41:37.797  3682  3682 I flutter : [NET] endpoint=/api/v1/customer/notifications http_status=200
09-30 18:41:37.917  3682  3682 I flutter : [NET] endpoint=/api/v1/coupon/list http_status=200
09-30 18:41:37.918  3682  3682 I flutter : 📊 analytics: view_promotion {promotion_count: 7, eligible_count: 0, expiring_count: 0, screen: coupons, source: profile_menu}
09-30 18:41:38.063  3682  3682 I flutter : [NET] endpoint=/api/v1/module http_status=200
09-30 18:41:38.328  3682  3682 I flutter : [NET] POST endpoint=/api/v1/config/delivery-quote
09-30 18:41:41.130  3682  3682 I flutter : [NET] endpoint=/api/v1/config/delivery-quote http_status=200
09-30 18:41:41.237  3682  3682 I flutter : [INFO] msg="trackOrder called for orderID=91419 source=timerPoll"
09-30 18:41:41.237  3682  3682 I flutter : [NET] GET endpoint=/api/v1/customer/order/track
09-30 18:41:42.133  3682  3682 I flutter : [NET] endpoint=/api/v1/customer/order/track http_status=200
09-30 18:41:51.238  3682  3682 I flutter : [INFO] msg="trackOrder called for orderID=91419 source=timerPoll"
09-30 18:41:51.238  3682  3682 I flutter : [NET] GET endpoint=/api/v1/customer/order/track
09-30 18:41:52.146  3682  3682 I flutter : [NET] endpoint=/api/v1/customer/order/track http_status=200
