09-20 16:00:59.282  3841  3841 I flutter : [FAIL] framework_error library=rendering library type=FlutterError msg="SliverGeometry is not valid: The "layoutExtent" exceeds the "paintExtent"."
09-20 16:00:59.283  3841  3841 I flutter : [FAIL] framework_error   at #0      SliverGeometry.debugAssertIsValid.<anonymous closure>.verify (package:flutter/src/rendering/sliver.dart:870:9)
09-20 16:00:59.283  3841  3841 I flutter : [FAIL] framework_error   at #1      SliverGeometry.debugAssertIsValid.<anonymous closure> (package:flutter/src/rendering/sliver.dart:882:9)
09-20 16:00:59.283  3841  3841 I flutter : [FAIL] framework_error   at #2      SliverGeometry.debugAssertIsValid (package:flutter/src/rendering/sliver.dart:905:6)
09-20 16:00:59.283  3841  3841 I flutter : [FAIL] framework_error   at #3      RenderSliver.debugAssertDoesMeetConstraints (package:flutter/src/rendering/sliver.dart:1414:17)
09-20 16:00:59.283  3841  3841 I flutter : [FAIL] framework_error   at #4      RenderObject.layout.<anonymous closure> (package:flutter/src/rendering/object.dart:2771:9)
09-20 16:00:59.283  3841  3841 I flutter : [FAIL] framework_error   at #5      RenderObject.layout (package:flutter/src/rendering/object.dart:2773:8)
09-20 16:00:59.283  3841  3841 I flutter : [FAIL] framework_error   at #6      RenderViewportBase.layoutChildSequence (package:flutter/src/rendering/viewport.dart:673:13)
09-20 16:00:59.283  3841  3841 I flutter : [FAIL] framework_error   at #7      RenderViewport._attemptLayout (package:flutter/src/rendering/viewport.dart:1684:12)
09-20 16:00:59.289  3841  3841 I flutter : [FAIL] framework_error library=rendering library type=FlutterError msg="SliverGeometry is not valid: The "layoutExtent" exceeds the "paintExtent"."
09-20 16:00:59.289  3841  3841 I flutter : [FAIL] framework_error   at #0      SliverGeometry.debugAssertIsValid.<anonymous closure>.verify (package:flutter/src/rendering/sliver.dart:870:9)
09-20 16:00:59.289  3841  3841 I flutter : [FAIL] framework_error   at #1      SliverGeometry.debugAssertIsValid.<anonymous closure> (package:flutter/src/rendering/sliver.dart:882:9)
09-20 16:00:59.289  3841  3841 I flutter : [FAIL] framework_error   at #2      SliverGeometry.debugAssertIsValid (package:flutter/src/rendering/sliver.dart:905:6)
09-20 16:00:59.289  3841  3841 I flutter : [FAIL] framework_error   at #3      RenderViewportBase.layoutChildSequence (package:flutter/src/rendering/viewport.dart:695:34)
09-20 16:00:59.289  3841  3841 I flutter : [FAIL] framework_error   at #4      RenderViewport._attemptLayout (package:flutter/src/rendering/viewport.dart:1684:12)
09-20 16:00:59.289  3841  3841 I flutter : [FAIL] framework_error   at #5      RenderViewport.performLayout (package:flutter/src/rendering/viewport.dart:1575:20)
09-20 16:00:59.289  3841  3841 I flutter : [FAIL] framework_error   at #6      RenderObject._layoutWithoutResize (package:flutter/src/rendering/object.dart:2616:7)
09-20 16:00:59.289  3841  3841 I flutter : [FAIL] framework_error   at #7      PipelineOwner.flushLayout (package:flutter/src/rendering/object.dart:1174:18)
09-20 16:00:59.310  3841  3841 I flutter : [FAIL] framework_error library=rendering library type=FlutterError msg="SliverGeometry is not valid: The "layoutExtent" exceeds the "paintExtent"."
09-20 16:00:59.310  3841  3841 I flutter : [FAIL] framework_error   at #0      SliverGeometry.debugAssertIsValid.<anonymous closure>.verify (package:flutter/src/rendering/sliver.dart:870:9)
09-20 16:00:59.310  3841  3841 I flutter : [FAIL] framework_error   at #1      SliverGeometry.debugAssertIsValid.<anonymous closure> (package:flutter/src/rendering/sliver.dart:882:9)
09-20 16:00:59.310  3841  3841 I flutter : [FAIL] framework_error   at #2      SliverGeometry.debugAssertIsValid (package:flutter/src/rendering/sliver.dart:905:6)
09-20 16:00:59.310  3841  3841 I flutter : [FAIL] framework_error   at #3      RenderSliver.debugAssertDoesMeetConstraints (package:flutter/src/rendering/sliver.dart:1414:17)
09-20 16:00:59.310  3841  3841 I flutter : [FAIL] framework_error   at #4      RenderObject.layout.<anonymous closure> (package:flutter/src/rendering/object.dart:2771:9)
09-20 16:00:59.310  3841  3841 I flutter : [FAIL] framework_error   at #5      RenderObject.layout (package:flutter/src/rendering/object.dart:2773:8)
09-20 16:00:59.310  3841  3841 I flutter : [FAIL] framework_error   at #6      RenderViewportBase.layoutChildSequence (package:flutter/src/rendering/viewport.dart:673:13)
09-20 16:00:59.310  3841  3841 I flutter : [FAIL] framework_error   at #7      RenderViewport._attemptLayout (package:flutter/src/rendering/viewport.dart:1684:12)
09-20 16:00:59.314  3841  3841 I flutter : [FAIL] framework_error library=rendering library type=FlutterError msg="SliverGeometry is not valid: The "layoutExtent" exceeds the "paintExtent"."
09-20 16:00:59.314  3841  3841 I flutter : [FAIL] framework_error   at #0      SliverGeometry.debugAssertIsValid.<anonymous closure>.verify (package:flutter/src/rendering/sliver.dart:870:9)
09-20 16:00:59.314  3841  3841 I flutter : [FAIL] framework_error   at #1      SliverGeometry.debugAssertIsValid.<anonymous closure> (package:flutter/src/rendering/sliver.dart:882:9)
09-20 16:00:59.314  3841  3841 I flutter : [FAIL] framework_error   at #2      SliverGeometry.debugAssertIsValid (package:flutter/src/rendering/sliver.dart:905:6)
09-20 16:00:59.314  3841  3841 I flutter : [FAIL] framework_error   at #3      RenderViewportBase.layoutChildSequence (package:flutter/src/rendering/viewport.dart:695:34)
09-20 16:00:59.314  3841  3841 I flutter : [FAIL] framework_error   at #4      RenderViewport._attemptLayout (package:flutter/src/rendering/viewport.dart:1684:12)
09-20 16:00:59.314  3841  3841 I flutter : [FAIL] framework_error   at #5      RenderViewport.performLayout (package:flutter/src/rendering/viewport.dart:1575:20)
09-20 16:00:59.314  3841  3841 I flutter : [FAIL] framework_error   at #6      RenderObject._layoutWithoutResize (package:flutter/src/rendering/object.dart:2616:7)
09-20 16:00:59.314  3841  3841 I flutter : [FAIL] framework_error   at #7      PipelineOwner.flushLayout (package:flutter/src/rendering/object.dart:1174:18)
09-20 16:00:59.326  3841  3841 I flutter : [FAIL] framework_error library=rendering library type=FlutterError msg="SliverGeometry is not valid: The "layoutExtent" exceeds the "paintExtent"."
09-20 16:00:59.326  3841  3841 I flutter : [FAIL] framework_error   at #0      SliverGeometry.debugAssertIsValid.<anonymous closure>.verify (package:flutter/src/rendering/sliver.dart:870:9)
09-20 16:00:59.326  3841  3841 I flutter : [FAIL] framework_error   at #1      SliverGeometry.debugAssertIsValid.<anonymous closure> (package:flutter/src/rendering/sliver.dart:882:9)
09-20 16:00:59.326  3841  3841 I flutter : [FAIL] framework_error   at #2      SliverGeometry.debugAssertIsValid (package:flutter/src/rendering/sliver.dart:905:6)
09-20 16:00:59.326  3841  3841 I flutter : [FAIL] framework_error   at #3      RenderSliver.debugAssertDoesMeetConstraints (package:flutter/src/rendering/sliver.dart:1414:17)
09-20 16:00:59.326  3841  3841 I flutter : [FAIL] framework_error   at #4      RenderObject.layout.<anonymous closure> (package:flutter/src/rendering/object.dart:2771:9)
09-20 16:00:59.326  3841  3841 I flutter : [FAIL] framework_error   at #5      RenderObject.layout (package:flutter/src/rendering/object.dart:2773:8)
09-20 16:00:59.326  3841  3841 I flutter : [FAIL] framework_error   at #6      RenderViewportBase.layoutChildSequence (package:flutter/src/rendering/viewport.dart:673:13)
09-20 16:00:59.326  3841  3841 I flutter : [FAIL] framework_error   at #7      RenderViewport._attemptLayout (package:flutter/src/rendering/viewport.dart:1684:12)
09-20 16:00:59.329  3841  3841 I flutter : [FAIL] framework_error library=rendering library type=FlutterError msg="SliverGeometry is not valid: The "layoutExtent" exceeds the "paintExtent"."
09-20 16:00:59.330  3841  3841 I flutter : [FAIL] framework_error   at #0      SliverGeometry.debugAssertIsValid.<anonymous closure>.verify (package:flutter/src/rendering/sliver.dart:870:9)
09-20 16:00:59.330  3841  3841 I flutter : [FAIL] framework_error   at #1      SliverGeometry.debugAssertIsValid.<anonymous closure> (package:flutter/src/rendering/sliver.dart:882:9)
09-20 16:00:59.330  3841  3841 I flutter : [FAIL] framework_error   at #2      SliverGeometry.debugAssertIsValid (package:flutter/src/rendering/sliver.dart:905:6)
09-20 16:00:59.330  3841  3841 I flutter : [FAIL] framework_error   at #3      RenderViewportBase.layoutChildSequence (package:flutter/src/rendering/viewport.dart:695:34)
09-20 16:00:59.330  3841  3841 I flutter : [FAIL] framework_error   at #4      RenderViewport._attemptLayout (package:flutter/src/rendering/viewport.dart:1684:12)
09-20 16:00:59.330  3841  3841 I flutter : [FAIL] framework_error   at #5      RenderViewport.performLayout (package:flutter/src/rendering/viewport.dart:1575:20)
09-20 16:00:59.330  3841  3841 I flutter : [FAIL] framework_error   at #6      RenderObject._layoutWithoutResize (package:flutter/src/rendering/object.dart:2616:7)
09-20 16:00:59.330  3841  3841 I flutter : [FAIL] framework_error   at #7      PipelineOwner.flushLayout (package:flutter/src/rendering/object.dart:1174:18)
09-20 16:00:59.343  3841  3841 I flutter : [FAIL] framework_error library=rendering library type=FlutterError msg="SliverGeometry is not valid: The "layoutExtent" exceeds the "paintExtent"."
09-20 16:00:59.344  3841  3841 I flutter : [FAIL] framework_error   at #0      SliverGeometry.debugAssertIsValid.<anonymous closure>.verify (package:flutter/src/rendering/sliver.dart:870:9)
09-20 16:00:59.344  3841  3841 I flutter : [FAIL] framework_error   at #1      SliverGeometry.debugAssertIsValid.<anonymous closure> (package:flutter/src/rendering/sliver.dart:882:9)
09-20 16:00:59.344  3841  3841 I flutter : [FAIL] framework_error   at #2      SliverGeometry.debugAssertIsValid (package:flutter/src/rendering/sliver.dart:905:6)
09-20 16:00:59.344  3841  3841 I flutter : [FAIL] framework_error   at #3      RenderSliver.debugAssertDoesMeetConstraints (package:flutter/src/rendering/sliver.dart:1414:17)
09-20 16:00:59.344  3841  3841 I flutter : [FAIL] framework_error   at #4      RenderObject.layout.<anonymous closure> (package:flutter/src/rendering/object.dart:2771:9)
09-20 16:00:59.344  3841  3841 I flutter : [FAIL] framework_error   at #5      RenderObject.layout (package:flutter/src/rendering/object.dart:2773:8)
09-20 16:00:59.344  3841  3841 I flutter : [FAIL] framework_error   at #6      RenderViewportBase.layoutChildSequence (package:flutter/src/rendering/viewport.dart:673:13)
09-20 16:00:59.344  3841  3841 I flutter : [FAIL] framework_error   at #7      RenderViewport._attemptLayout (package:flutter/src/rendering/viewport.dart:1684:12)
09-20 16:00:59.348  3841  3841 I flutter : [FAIL] framework_error library=rendering library type=FlutterError msg="SliverGeometry is not valid: The "layoutExtent" exceeds the "paintExtent"."
09-20 16:00:59.348  3841  3841 I flutter : [FAIL] framework_error   at #0      SliverGeometry.debugAssertIsValid.<anonymous closure>.verify (package:flutter/src/rendering/sliver.dart:870:9)
09-20 16:00:59.348  3841  3841 I flutter : [FAIL] framework_error   at #1      SliverGeometry.debugAssertIsValid.<anonymous closure> (package:flutter/src/rendering/sliver.dart:882:9)
09-20 16:00:59.348  3841  3841 I flutter : [FAIL] framework_error   at #2      SliverGeometry.debugAssertIsValid (package:flutter/src/rendering/sliver.dart:905:6)
09-20 16:00:59.348  3841  3841 I flutter : [FAIL] framework_error   at #3      RenderViewportBase.layoutChildSequence (package:flutter/src/rendering/viewport.dart:695:34)
09-20 16:00:59.348  3841  3841 I flutter : [FAIL] framework_error   at #4      RenderViewport._attemptLayout (package:flutter/src/rendering/viewport.dart:1684:12)
09-20 16:00:59.348  3841  3841 I flutter : [FAIL] framework_error   at #5      RenderViewport.performLayout (package:flutter/src/rendering/viewport.dart:1575:20)
09-20 16:00:59.348  3841  3841 I flutter : [FAIL] framework_error   at #6      RenderObject._layoutWithoutResize (package:flutter/src/rendering/object.dart:2616:7)
09-20 16:00:59.348  3841  3841 I flutter : [FAIL] framework_error   at #7      PipelineOwner.flushLayout (package:flutter/src/rendering/object.dart:1174:18)
09-20 16:00:59.363  3841  3841 I flutter : [FAIL] framework_error library=rendering library type=FlutterError msg="SliverGeometry is not valid: The "layoutExtent" exceeds the "paintExtent"."
09-20 16:00:59.363  3841  3841 I flutter : [FAIL] framework_error   at #0      SliverGeometry.debugAssertIsValid.<anonymous closure>.verify (package:flutter/src/rendering/sliver.dart:870:9)
09-20 16:00:59.363  3841  3841 I flutter : [FAIL] framework_error   at #1      SliverGeometry.debugAssertIsValid.<anonymous closure> (package:flutter/src/rendering/sliver.dart:882:9)
09-20 16:00:59.363  3841  3841 I flutter : [FAIL] framework_error   at #2      SliverGeometry.debugAssertIsValid (package:flutter/src/rendering/sliver.dart:905:6)
09-20 16:00:59.363  3841  3841 I flutter : [FAIL] framework_error   at #3      RenderSliver.debugAssertDoesMeetConstraints (package:flutter/src/rendering/sliver.dart:1414:17)
09-20 16:00:59.363  3841  3841 I flutter : [FAIL] framework_error   at #4      RenderObject.layout.<anonymous closure> (package:flutter/src/rendering/object.dart:2771:9)
09-20 16:00:59.364  3841  3841 I flutter : [FAIL] framework_error   at #5      RenderObject.layout (package:flutter/src/rendering/object.dart:2773:8)
09-20 16:00:59.364  3841  3841 I flutter : [FAIL] framework_error   at #6      RenderViewportBase.layoutChildSequence (package:flutter/src/rendering/viewport.dart:673:13)
09-20 16:00:59.364  3841  3841 I flutter : [FAIL] framework_error   at #7      RenderViewport._attemptLayout (package:flutter/src/rendering/viewport.dart:1684:12)
09-20 16:00:59.368  3841  3841 I flutter : [FAIL] framework_error library=rendering library type=FlutterError msg="SliverGeometry is not valid: The "layoutExtent" exceeds the "paintExtent"."
09-20 16:00:59.368  3841  3841 I flutter : [FAIL] framework_error   at #0      SliverGeometry.debugAssertIsValid.<anonymous closure>.verify (package:flutter/src/rendering/sliver.dart:870:9)
09-20 16:00:59.368  3841  3841 I flutter : [FAIL] framework_error   at #1      SliverGeometry.debugAssertIsValid.<anonymous closure> (package:flutter/src/rendering/sliver.dart:882:9)
09-20 16:00:59.369  3841  3841 I flutter : [FAIL] framework_error   at #2      SliverGeometry.debugAssertIsValid (package:flutter/src/rendering/sliver.dart:905:6)
09-20 16:00:59.369  3841  3841 I flutter : [FAIL] framework_error   at #3      RenderViewportBase.layoutChildSequence (package:flutter/src/rendering/viewport.dart:695:34)
09-20 16:00:59.369  3841  3841 I flutter : [FAIL] framework_error   at #4      RenderViewport._attemptLayout (package:flutter/src/rendering/viewport.dart:1684:12)
09-20 16:00:59.369  3841  3841 I flutter : [FAIL] framework_error   at #5      RenderViewport.performLayout (package:flutter/src/rendering/viewport.dart:1575:20)
09-20 16:00:59.369  3841  3841 I flutter : [FAIL] framework_error   at #6      RenderObject._layoutWithoutResize (package:flutter/src/rendering/object.dart:2616:7)
09-20 16:00:59.369  3841  3841 I flutter : [FAIL] framework_error   at #7      PipelineOwner.flushLayout (package:flutter/src/rendering/object.dart:1174:18)
09-20 16:00:59.394  3841  3841 I flutter : [FAIL] framework_error library=rendering library type=FlutterError msg="SliverGeometry is not valid: The "layoutExtent" exceeds the "paintExtent"."
09-20 16:00:59.394  3841  3841 I flutter : [FAIL] framework_error   at #0      SliverGeometry.debugAssertIsValid.<anonymous closure>.verify (package:flutter/src/rendering/sliver.dart:870:9)
09-20 16:00:59.394  3841  3841 I flutter : [FAIL] framework_error   at #1      SliverGeometry.debugAssertIsValid.<anonymous closure> (package:flutter/src/rendering/sliver.dart:882:9)
09-20 16:00:59.394  3841  3841 I flutter : [FAIL] framework_error   at #2      SliverGeometry.debugAssertIsValid (package:flutter/src/rendering/sliver.dart:905:6)
09-20 16:00:59.394  3841  3841 I flutter : [FAIL] framework_error   at #3      RenderSliver.debugAssertDoesMeetConstraints (package:flutter/src/rendering/sliver.dart:1414:17)
09-20 16:00:59.394  3841  3841 I flutter : [FAIL] framework_error   at #4      RenderObject.layout.<anonymous closure> (package:flutter/src/rendering/object.dart:2771:9)
09-20 16:01:00.399  3841  3841 I flutter : [FAIL] framework_error   at #5      RenderObject.layout (package:flutter/src/rendering/object.dart:2773:8)
09-20 16:01:00.399  3841  3841 I flutter : [FAIL] framework_error   at #6      RenderViewportBase.layoutChildSequence (package:flutter/src/rendering/viewport.dart:673:13)
09-20 16:01:00.399  3841  3841 I flutter : [FAIL] framework_error   at #7      RenderViewport._attemptLayout (package:flutter/src/rendering/viewport.dart:1684:12)
09-20 16:01:00.399  3841  3841 I flutter : [FAIL] framework_error library=rendering library type=FlutterError msg="SliverGeometry is not valid: The "layoutExtent" exceeds the "paintExtent"."
09-20 16:01:00.399  3841  3841 I flutter : [FAIL] framework_error   at #0      SliverGeometry.debugAssertIsValid.<anonymous closure>.verify (package:flutter/src/rendering/sliver.dart:870:9)
09-20 16:01:00.399  3841  3841 I flutter : [FAIL] framework_error   at #1      SliverGeometry.debugAssertIsValid.<anonymous closure> (package:flutter/src/rendering/sliver.dart:882:9)
09-20 16:01:00.399  3841  3841 I flutter : [FAIL] framework_error   at #2      SliverGeometry.debugAssertIsValid (package:flutter/src/rendering/sliver.dart:905:6)
09-20 16:01:00.399  3841  3841 I flutter : [FAIL] framework_error   at #3      RenderViewportBase.layoutChildSequence (package:flutter/src/rendering/viewport.dart:695:34)
09-20 16:01:00.400  3841  3841 I flutter : [FAIL] framework_error   at #4      RenderViewport._attemptLayout (package:flutter/src/rendering/viewport.dart:1684:12)
09-20 16:01:00.400  3841  3841 I flutter : [FAIL] framework_error   at #5      RenderViewport.performLayout (package:flutter/src/rendering/viewport.dart:1575:20)
09-20 16:01:00.400  3841  3841 I flutter : [FAIL] framework_error   at #6      RenderObject._layoutWithoutResize (package:flutter/src/rendering/object.dart:2616:7)
09-20 16:01:00.400  3841  3841 I flutter : [FAIL] framework_error   at #7      PipelineOwner.flushLayout (package:flutter/src/rendering/object.dart:1174:18)
09-20 16:01:00.400  3841  3841 I flutter : [FAIL] framework_error library=rendering library type=FlutterError msg="SliverGeometry is not valid: The "layoutExtent" exceeds the "paintExtent"."
09-20 16:01:00.400  3841  3841 I flutter : [FAIL] framework_error   at #0      SliverGeometry.debugAssertIsValid.<anonymous closure>.verify (package:flutter/src/rendering/sliver.dart:870:9)
09-20 16:01:00.400  3841  3841 I flutter : [FAIL] framework_error   at #1      SliverGeometry.debugAssertIsValid.<anonymous closure> (package:flutter/src/rendering/sliver.dart:882:9)
09-20 16:01:00.400  3841  3841 I flutter : [FAIL] framework_error   at #2      SliverGeometry.debugAssertIsValid (package:flutter/src/rendering/sliver.dart:905:6)
09-20 16:01:00.400  3841  3841 I flutter : [FAIL] framework_error   at #3      RenderSliver.debugAssertDoesMeetConstraints (package:flutter/src/rendering/sliver.dart:1414:17)
09-20 16:01:00.400  3841  3841 I flutter : [FAIL] framework_error   at #4      RenderObject.layout.<anonymous closure> (package:flutter/src/rendering/object.dart:2771:9)
09-20 16:01:00.400  3841  3841 I flutter : [FAIL] framework_error   at #5      RenderObject.layout (package:flutter/src/rendering/object.dart:2773:8)
09-20 16:01:00.400  3841  3841 I flutter : [FAIL] framework_error   at #6      RenderViewportBase.layoutChildSequence (package:flutter/src/rendering/viewport.dart:673:13)
09-20 16:01:00.400  3841  3841 I flutter : [FAIL] framework_error   at #7      RenderViewport._attemptLayout (package:flutter/src/rendering/viewport.dart:1684:12)
09-20 16:01:00.400  3841  3841 I flutter : [FAIL] framework_error library=rendering library type=FlutterError msg="SliverGeometry is not valid: The "layoutExtent" exceeds the "paintExtent"."
09-20 16:01:00.400  3841  3841 I flutter : [FAIL] framework_error   at #0      SliverGeometry.debugAssertIsValid.<anonymous closure>.verify (package:flutter/src/rendering/sliver.dart:870:9)
09-20 16:01:00.400  3841  3841 I flutter : [FAIL] framework_error   at #1      SliverGeometry.debugAssertIsValid.<anonymous closure> (package:flutter/src/rendering/sliver.dart:882:9)
09-20 16:01:00.400  3841  3841 I flutter : [FAIL] framework_error   at #2      SliverGeometry.debugAssertIsValid (package:flutter/src/rendering/sliver.dart:905:6)
09-20 16:01:00.400  3841  3841 I flutter : [FAIL] framework_error   at #3      RenderViewportBase.layoutChildSequence (package:flutter/src/rendering/viewport.dart:695:34)
09-20 16:01:00.400  3841  3841 I flutter : [FAIL] framework_error   at #4      RenderViewport._attemptLayout (package:flutter/src/rendering/viewport.dart:1684:12)
09-20 16:01:00.400  3841  3841 I flutter : [FAIL] framework_error   at #5      RenderViewport.performLayout (package:flutter/src/rendering/viewport.dart:1575:20)
09-20 16:01:00.400  3841  3841 I flutter : [FAIL] framework_error   at #6      RenderObject._layoutWithoutResize (package:flutter/src/rendering/object.dart:2616:7)
09-20 16:01:00.400  3841  3841 I flutter : [FAIL] framework_error   at #7      PipelineOwner.flushLayout (package:flutter/src/rendering/object.dart:1174:18)
09-20 16:01:00.400  3841  3841 I flutter : [FAIL] framework_error library=rendering library type=FlutterError msg="SliverGeometry is not valid: The "layoutExtent" exceeds the "paintExtent"."
09-20 16:01:00.400  3841  3841 I flutter : [FAIL] framework_error   at #0      SliverGeometry.debugAssertIsValid.<anonymous closure>.verify (package:flutter/src/rendering/sliver.dart:870:9)
09-20 16:01:00.400  3841  3841 I flutter : [FAIL] framework_error   at #1      SliverGeometry.debugAssertIsValid.<anonymous closure> (package:flutter/src/rendering/sliver.dart:882:9)
09-20 16:01:00.400  3841  3841 I flutter : [FAIL] framework_error   at #2      SliverGeometry.debugAssertIsValid (package:flutter/src/rendering/sliver.dart:905:6)
09-20 16:01:00.400  3841  3841 I flutter : [FAIL] framework_error   at #3      RenderSliver.debugAssertDoesMeetConstraints (package:flutter/src/rendering/sliver.dart:1414:17)
09-20 16:01:00.400  3841  3841 I flutter : [FAIL] framework_error   at #4      RenderObject.layout.<anonymous closure> (package:flutter/src/rendering/object.dart:2771:9)
09-20 16:01:00.400  3841  3841 I flutter : [FAIL] framework_error   at #5      RenderObject.layout (package:flutter/src/rendering/object.dart:2773:8)
09-20 16:01:00.400  3841  3841 I flutter : [FAIL] framework_error   at #6      RenderViewportBase.layoutChildSequence (package:flutter/src/rendering/viewport.dart:673:13)
09-20 16:01:00.400  3841  3841 I flutter : [FAIL] framework_error   at #7      RenderViewport._attemptLayout (package:flutter/src/rendering/viewport.dart:1684:12)
09-20 16:01:00.400  3841  3841 I flutter : [FAIL] framework_error library=rendering library type=FlutterError msg="SliverGeometry is not valid: The "layoutExtent" exceeds the "paintExtent"."
09-20 16:01:00.400  3841  3841 I flutter : [FAIL] framework_error   at #0      SliverGeometry.debugAssertIsValid.<anonymous closure>.verify (package:flutter/src/rendering/sliver.dart:870:9)
09-20 16:01:00.400  3841  3841 I flutter : [FAIL] framework_error   at #1      SliverGeometry.debugAssertIsValid.<anonymous closure> (package:flutter/src/rendering/sliver.dart:882:9)
09-20 16:01:00.400  3841  3841 I flutter : [FAIL] framework_error   at #2      SliverGeometry.debugAssertIsValid (package:flutter/src/rendering/sliver.dart:905:6)
09-20 16:01:00.400  3841  3841 I flutter : [FAIL] framework_error   at #3      RenderViewportBase.layoutChildSequence (package:flutter/src/rendering/viewport.dart:695:34)
09-20 16:01:00.400  3841  3841 I flutter : [FAIL] framework_error   at #4      RenderViewport._attemptLayout (package:flutter/src/rendering/viewport.dart:1684:12)
09-20 16:01:00.400  3841  3841 I flutter : [FAIL] framework_error   at #5      RenderViewport.performLayout (package:flutter/src/rendering/viewport.dart:1575:20)
09-20 16:01:00.400  3841  3841 I flutter : [FAIL] framework_error   at #6      RenderObject._layoutWithoutResize (package:flutter/src/rendering/object.dart:2616:7)
09-20 16:01:00.400  3841  3841 I flutter : [FAIL] framework_error   at #7      PipelineOwner.flushLayout (package:flutter/src/rendering/object.dart:1174:18)
09-20 16:01:00.400  3841  3841 I flutter : [FAIL] framework_error library=rendering library type=FlutterError msg="SliverGeometry is not valid: The "layoutExtent" exceeds the "paintExtent"."
09-20 16:01:00.400  3841  3841 I flutter : [FAIL] framework_error   at #0      SliverGeometry.debugAssertIsValid.<anonymous closure>.verify (package:flutter/src/rendering/sliver.dart:870:9)
09-20 16:01:00.400  3841  3841 I flutter : [FAIL] framework_error   at #1      SliverGeometry.debugAssertIsValid.<anonymous closure> (package:flutter/src/rendering/sliver.dart:882:9)
09-20 16:01:00.400  3841  3841 I flutter : [FAIL] framework_error   at #2      SliverGeometry.debugAssertIsValid (package:flutter/src/rendering/sliver.dart:905:6)
09-20 16:01:00.400  3841  3841 I flutter : [FAIL] framework_error   at #3      RenderSliver.debugAssertDoesMeetConstraints (package:flutter/src/rendering/sliver.dart:1414:17)
09-20 16:01:00.400  3841  3841 I flutter : [FAIL] framework_error   at #4      RenderObject.layout.<anonymous closure> (package:flutter/src/rendering/object.dart:2771:9)
09-20 16:01:00.400  3841  3841 I flutter : [FAIL] framework_error   at #5      RenderObject.layout (package:flutter/src/rendering/object.dart:2773:8)
09-20 16:01:00.400  3841  3841 I flutter : [FAIL] framework_error   at #6      RenderViewportBase.layoutChildSequence (package:flutter/src/rendering/viewport.dart:673:13)
09-20 16:01:00.400  3841  3841 I flutter : [FAIL] framework_error   at #7      RenderViewport._attemptLayout (package:flutter/src/rendering/viewport.dart:1684:12)
09-20 16:01:00.400  3841  3841 I flutter : [FAIL] framework_error library=rendering library type=FlutterError msg="SliverGeometry is not valid: The "layoutExtent" exceeds the "paintExtent"."
09-20 16:01:00.400  3841  3841 I flutter : [FAIL] framework_error   at #0      SliverGeometry.debugAssertIsValid.<anonymous closure>.verify (package:flutter/src/rendering/sliver.dart:870:9)
09-20 16:01:00.400  3841  3841 I flutter : [FAIL] framework_error   at #1      SliverGeometry.debugAssertIsValid.<anonymous closure> (package:flutter/src/rendering/sliver.dart:882:9)
09-20 16:01:00.400  3841  3841 I flutter : [FAIL] framework_error   at #2      SliverGeometry.debugAssertIsValid (package:flutter/src/rendering/sliver.dart:905:6)
09-20 16:01:00.400  3841  3841 I flutter : [FAIL] framework_error   at #3      RenderViewportBase.layoutChildSequence (package:flutter/src/rendering/viewport.dart:695:34)
09-20 16:01:00.400  3841  3841 I flutter : [FAIL] framework_error   at #4      RenderViewport._attemptLayout (package:flutter/src/rendering/viewport.dart:1684:12)
09-20 16:01:00.400  3841  3841 I flutter : [FAIL] framework_error   at #5      RenderViewport.performLayout (package:flutter/src/rendering/viewport.dart:1575:20)
09-20 16:01:00.400  3841  3841 I flutter : [FAIL] framework_error   at #6      RenderObject._layoutWithoutResize (package:flutter/src/rendering/object.dart:2616:7)
09-20 16:01:00.400  3841  3841 I flutter : [FAIL] framework_error   at #7      PipelineOwner.flushLayout (package:flutter/src/rendering/object.dart:1174:18)
09-20 16:01:00.400  3841  3841 I flutter : [FAIL] framework_error library=rendering library type=FlutterError msg="SliverGeometry is not valid: The "layoutExtent" exceeds the "paintExtent"."
09-20 16:01:00.400  3841  3841 I flutter : [FAIL] framework_error   at #0      SliverGeometry.debugAssertIsValid.<anonymous closure>.verify (package:flutter/src/rendering/sliver.dart:870:9)
09-20 16:01:00.400  3841  3841 I flutter : [FAIL] framework_error   at #1      SliverGeometry.debugAssertIsValid.<anonymous closure> (package:flutter/src/rendering/sliver.dart:882:9)
09-20 16:01:00.400  3841  3841 I flutter : [FAIL] framework_error   at #2      SliverGeometry.debugAssertIsValid (package:flutter/src/rendering/sliver.dart:905:6)
09-20 16:01:00.400  3841  3841 I flutter : [FAIL] framework_error   at #3      RenderSliver.debugAssertDoesMeetConstraints (package:flutter/src/rendering/sliver.dart:1414:17)
09-20 16:01:00.400  3841  3841 I flutter : [FAIL] framework_error   at #4      RenderObject.layout.<anonymous closure> (package:flutter/src/rendering/object.dart:2771:9)
09-20 16:01:00.400  3841  3841 I flutter : [FAIL] framework_error   at #5      RenderObject.layout (package:flutter/src/rendering/object.dart:2773:8)
09-20 16:01:00.400  3841  3841 I flutter : [FAIL] framework_error   at #6      RenderViewportBase.layoutChildSequence (package:flutter/src/rendering/viewport.dart:673:13)
09-20 16:01:00.400  3841  3841 I flutter : [FAIL] framework_error   at #7      RenderViewport._attemptLayout (package:flutter/src/rendering/viewport.dart:1684:12)
09-20 16:01:00.400  3841  3841 I flutter : [FAIL] framework_error library=rendering library type=FlutterError msg="SliverGeometry is not valid: The "layoutExtent" exceeds the "paintExtent"."
09-20 16:01:00.400  3841  3841 I flutter : [FAIL] framework_error   at #0      SliverGeometry.debugAssertIsValid.<anonymous closure>.verify (package:flutter/src/rendering/sliver.dart:870:9)
09-20 16:01:00.400  3841  3841 I flutter : [FAIL] framework_error   at #1      SliverGeometry.debugAssertIsValid.<anonymous closure> (package:flutter/src/rendering/sliver.dart:882:9)
09-20 16:01:00.400  3841  3841 I flutter : [FAIL] framework_error   at #2      SliverGeometry.debugAssertIsValid (package:flutter/src/rendering/sliver.dart:905:6)
09-20 16:01:00.400  3841  3841 I flutter : [FAIL] framework_error   at #3      RenderViewportBase.layoutChildSequence (package:flutter/src/rendering/viewport.dart:695:34)
09-20 16:01:00.400  3841  3841 I flutter : [FAIL] framework_error   at #4      RenderViewport._attemptLayout (package:flutter/src/rendering/viewport.dart:1684:12)
09-20 16:01:00.400  3841  3841 I flutter : [FAIL] framework_error   at #5      RenderViewport.performLayout (package:flutter/src/rendering/viewport.dart:1575:20)
09-20 16:01:00.400  3841  3841 I flutter : [FAIL] framework_error   at #6      RenderObject._layoutWithoutResize (package:flutter/src/rendering/object.dart:2616:7)
09-20 16:01:00.400  3841  3841 I flutter : [FAIL] framework_error   at #7      PipelineOwner.flushLayout (package:flutter/src/rendering/object.dart:1174:18)
09-20 16:01:00.400  3841  3841 I flutter : [FAIL] framework_error library=rendering library type=FlutterError msg="SliverGeometry is not valid: The "layoutExtent" exceeds the "paintExtent"."
09-20 16:01:00.400  3841  3841 I flutter : [FAIL] framework_error   at #0      SliverGeometry.debugAssertIsValid.<anonymous closure>.verify (package:flutter/src/rendering/sliver.dart:870:9)
09-20 16:01:00.400  3841  3841 I flutter : [FAIL] framework_error   at #1      SliverGeometry.debugAssertIsValid.<anonymous closure> (package:flutter/src/rendering/sliver.dart:882:9)
09-20 16:01:00.400  3841  3841 I flutter : [FAIL] framework_error   at #2      SliverGeometry.debugAssertIsValid (package:flutter/src/rendering/sliver.dart:905:6)
09-20 16:01:00.400  3841  3841 I flutter : [FAIL] framework_error   at #3      RenderSliver.debugAssertDoesMeetConstraints (package:flutter/src/rendering/sliver.dart:1414:17)
09-20 16:01:00.400  3841  3841 I flutter : [FAIL] framework_error   at #4      RenderObject.layout.<anonymous closure> (package:flutter/src/rendering/object.dart:2771:9)
09-20 16:01:00.400  3841  3841 I flutter : [FAIL] framework_error   at #5      RenderObject.layout (package:flutter/src/rendering/object.dart:2773:8)
09-20 16:01:00.400  3841  3841 I flutter : [FAIL] framework_error   at #6      RenderViewportBase.layoutChildSequence (package:flutter/src/rendering/viewport.dart:673:13)
09-20 16:01:00.400  3841  3841 I flutter : [FAIL] framework_error   at #7      RenderViewport._attemptLayout (package:flutter/src/rendering/viewport.dart:1684:12)
09-20 16:01:00.400  3841  3841 I flutter : [FAIL] framework_error library=rendering library type=FlutterError msg="SliverGeometry is not valid: The "layoutExtent" exceeds the "paintExtent"."
09-20 16:01:00.400  3841  3841 I flutter : [FAIL] framework_error   at #0      SliverGeometry.debugAssertIsValid.<anonymous closure>.verify (package:flutter/src/rendering/sliver.dart:870:9)
09-20 16:01:00.400  3841  3841 I flutter : [FAIL] framework_error   at #1      SliverGeometry.debugAssertIsValid.<anonymous closure> (package:flutter/src/rendering/sliver.dart:882:9)
09-20 16:01:01.403  3841  3841 I flutter : [FAIL] framework_error   at #2      SliverGeometry.debugAssertIsValid (package:flutter/src/rendering/sliver.dart:905:6)
09-20 16:01:01.403  3841  3841 I flutter : [FAIL] framework_error   at #3      RenderViewportBase.layoutChildSequence (package:flutter/src/rendering/viewport.dart:695:34)
09-20 16:01:01.403  3841  3841 I flutter : [FAIL] framework_error   at #4      RenderViewport._attemptLayout (package:flutter/src/rendering/viewport.dart:1684:12)
09-20 16:01:01.403  3841  3841 I flutter : [FAIL] framework_error   at #5      RenderViewport.performLayout (package:flutter/src/rendering/viewport.dart:1575:20)
09-20 16:01:01.403  3841  3841 I flutter : [FAIL] framework_error   at #6      RenderObject._layoutWithoutResize (package:flutter/src/rendering/object.dart:2616:7)
09-20 16:01:01.403  3841  3841 I flutter : [FAIL] framework_error   at #7      PipelineOwner.flushLayout (package:flutter/src/rendering/object.dart:1174:18)
09-20 16:01:01.403  3841  3841 I flutter : [FAIL] framework_error library=rendering library type=FlutterError msg="SliverGeometry is not valid: The "layoutExtent" exceeds the "paintExtent"."
09-20 16:01:01.403  3841  3841 I flutter : [FAIL] framework_error   at #0      SliverGeometry.debugAssertIsValid.<anonymous closure>.verify (package:flutter/src/rendering/sliver.dart:870:9)
09-20 16:01:01.403  3841  3841 I flutter : [FAIL] framework_error   at #1      SliverGeometry.debugAssertIsValid.<anonymous closure> (package:flutter/src/rendering/sliver.dart:882:9)
09-20 16:01:01.403  3841  3841 I flutter : [FAIL] framework_error   at #2      SliverGeometry.debugAssertIsValid (package:flutter/src/rendering/sliver.dart:905:6)
09-20 16:01:01.403  3841  3841 I flutter : [FAIL] framework_error   at #3      RenderSliver.debugAssertDoesMeetConstraints (package:flutter/src/rendering/sliver.dart:1414:17)
09-20 16:01:01.403  3841  3841 I flutter : [FAIL] framework_error   at #4      RenderObject.layout.<anonymous closure> (package:flutter/src/rendering/object.dart:2771:9)
09-20 16:01:01.403  3841  3841 I flutter : [FAIL] framework_error   at #5      RenderObject.layout (package:flutter/src/rendering/object.dart:2773:8)
09-20 16:01:01.404  3841  3841 I flutter : [FAIL] framework_error   at #6      RenderViewportBase.layoutChildSequence (package:flutter/src/rendering/viewport.dart:673:13)
09-20 16:01:01.404  3841  3841 I flutter : [FAIL] framework_error   at #7      RenderViewport._attemptLayout (package:flutter/src/rendering/viewport.dart:1684:12)
09-20 16:01:01.404  3841  3841 I flutter : [FAIL] framework_error library=rendering library type=FlutterError msg="SliverGeometry is not valid: The "layoutExtent" exceeds the "paintExtent"."
09-20 16:01:01.404  3841  3841 I flutter : [FAIL] framework_error   at #0      SliverGeometry.debugAssertIsValid.<anonymous closure>.verify (package:flutter/src/rendering/sliver.dart:870:9)
09-20 16:01:01.404  3841  3841 I flutter : [FAIL] framework_error   at #1      SliverGeometry.debugAssertIsValid.<anonymous closure> (package:flutter/src/rendering/sliver.dart:882:9)
09-20 16:01:01.404  3841  3841 I flutter : [FAIL] framework_error   at #2      SliverGeometry.debugAssertIsValid (package:flutter/src/rendering/sliver.dart:905:6)
09-20 16:01:01.404  3841  3841 I flutter : [FAIL] framework_error   at #3      RenderViewportBase.layoutChildSequence (package:flutter/src/rendering/viewport.dart:695:34)
09-20 16:01:01.404  3841  3841 I flutter : [FAIL] framework_error   at #4      RenderViewport._attemptLayout (package:flutter/src/rendering/viewport.dart:1684:12)
09-20 16:01:01.404  3841  3841 I flutter : [FAIL] framework_error   at #5      RenderViewport.performLayout (package:flutter/src/rendering/viewport.dart:1575:20)
09-20 16:01:01.404  3841  3841 I flutter : [FAIL] framework_error   at #6      RenderObject._layoutWithoutResize (package:flutter/src/rendering/object.dart:2616:7)
09-20 16:01:01.404  3841  3841 I flutter : [FAIL] framework_error   at #7      PipelineOwner.flushLayout (package:flutter/src/rendering/object.dart:1174:18)
09-20 16:01:01.404  3841  3841 I flutter : [FAIL] framework_error library=rendering library type=FlutterError msg="SliverGeometry is not valid: The "layoutExtent" exceeds the "paintExtent"."
09-20 16:01:01.404  3841  3841 I flutter : [FAIL] framework_error   at #0      SliverGeometry.debugAssertIsValid.<anonymous closure>.verify (package:flutter/src/rendering/sliver.dart:870:9)
09-20 16:01:01.404  3841  3841 I flutter : [FAIL] framework_error   at #1      SliverGeometry.debugAssertIsValid.<anonymous closure> (package:flutter/src/rendering/sliver.dart:882:9)
09-20 16:01:01.404  3841  3841 I flutter : [FAIL] framework_error   at #2      SliverGeometry.debugAssertIsValid (package:flutter/src/rendering/sliver.dart:905:6)
09-20 16:01:01.404  3841  3841 I flutter : [FAIL] framework_error   at #3      RenderSliver.debugAssertDoesMeetConstraints (package:flutter/src/rendering/sliver.dart:1414:17)
09-20 16:01:01.404  3841  3841 I flutter : [FAIL] framework_error   at #4      RenderObject.layout.<anonymous closure> (package:flutter/src/rendering/object.dart:2771:9)
09-20 16:01:01.404  3841  3841 I flutter : [FAIL] framework_error   at #5      RenderObject.layout (package:flutter/src/rendering/object.dart:2773:8)
09-20 16:01:01.404  3841  3841 I flutter : [FAIL] framework_error   at #6      RenderViewportBase.layoutChildSequence (package:flutter/src/rendering/viewport.dart:673:13)
09-20 16:01:01.404  3841  3841 I flutter : [FAIL] framework_error   at #7      RenderViewport._attemptLayout (package:flutter/src/rendering/viewport.dart:1684:12)
09-20 16:01:01.404  3841  3841 I flutter : [FAIL] framework_error library=rendering library type=FlutterError msg="SliverGeometry is not valid: The "layoutExtent" exceeds the "paintExtent"."
09-20 16:01:01.404  3841  3841 I flutter : [FAIL] framework_error   at #0      SliverGeometry.debugAssertIsValid.<anonymous closure>.verify (package:flutter/src/rendering/sliver.dart:870:9)
09-20 16:01:01.404  3841  3841 I flutter : [FAIL] framework_error   at #1      SliverGeometry.debugAssertIsValid.<anonymous closure> (package:flutter/src/rendering/sliver.dart:882:9)
09-20 16:01:01.404  3841  3841 I flutter : [FAIL] framework_error   at #2      SliverGeometry.debugAssertIsValid (package:flutter/src/rendering/sliver.dart:905:6)
09-20 16:01:01.404  3841  3841 I flutter : [FAIL] framework_error   at #3      RenderViewportBase.layoutChildSequence (package:flutter/src/rendering/viewport.dart:695:34)
09-20 16:01:01.404  3841  3841 I flutter : [FAIL] framework_error   at #4      RenderViewport._attemptLayout (package:flutter/src/rendering/viewport.dart:1684:12)
09-20 16:01:01.404  3841  3841 I flutter : [FAIL] framework_error   at #5      RenderViewport.performLayout (package:flutter/src/rendering/viewport.dart:1575:20)
09-20 16:01:01.404  3841  3841 I flutter : [FAIL] framework_error   at #6      RenderObject._layoutWithoutResize (package:flutter/src/rendering/object.dart:2616:7)
09-20 16:01:01.404  3841  3841 I flutter : [FAIL] framework_error   at #7      PipelineOwner.flushLayout (package:flutter/src/rendering/object.dart:1174:18)
09-20 16:01:01.404  3841  3841 I flutter : [FAIL] framework_error library=rendering library type=FlutterError msg="SliverGeometry is not valid: The "layoutExtent" exceeds the "paintExtent"."
09-20 16:01:01.404  3841  3841 I flutter : [FAIL] framework_error   at #0      SliverGeometry.debugAssertIsValid.<anonymous closure>.verify (package:flutter/src/rendering/sliver.dart:870:9)
09-20 16:01:01.404  3841  3841 I flutter : [FAIL] framework_error   at #1      SliverGeometry.debugAssertIsValid.<anonymous closure> (package:flutter/src/rendering/sliver.dart:882:9)
09-20 16:01:01.404  3841  3841 I flutter : [FAIL] framework_error   at #2      SliverGeometry.debugAssertIsValid (package:flutter/src/rendering/sliver.dart:905:6)
09-20 16:01:01.404  3841  3841 I flutter : [FAIL] framework_error   at #3      RenderSliver.debugAssertDoesMeetConstraints (package:flutter/src/rendering/sliver.dart:1414:17)
09-20 16:01:01.404  3841  3841 I flutter : [FAIL] framework_error   at #4      RenderObject.layout.<anonymous closure> (package:flutter/src/rendering/object.dart:2771:9)
09-20 16:01:01.404  3841  3841 I flutter : [FAIL] framework_error   at #5      RenderObject.layout (package:flutter/src/rendering/object.dart:2773:8)
09-20 16:01:01.404  3841  3841 I flutter : [FAIL] framework_error   at #6      RenderViewportBase.layoutChildSequence (package:flutter/src/rendering/viewport.dart:673:13)
09-20 16:01:01.404  3841  3841 I flutter : [FAIL] framework_error   at #7      RenderViewport._attemptLayout (package:flutter/src/rendering/viewport.dart:1684:12)
09-20 16:01:01.404  3841  3841 I flutter : [FAIL] framework_error library=rendering library type=FlutterError msg="SliverGeometry is not valid: The "layoutExtent" exceeds the "paintExtent"."
09-20 16:01:01.404  3841  3841 I flutter : [FAIL] framework_error   at #0      SliverGeometry.debugAssertIsValid.<anonymous closure>.verify (package:flutter/src/rendering/sliver.dart:870:9)
09-20 16:01:01.404  3841  3841 I flutter : [FAIL] framework_error   at #1      SliverGeometry.debugAssertIsValid.<anonymous closure> (package:flutter/src/rendering/sliver.dart:882:9)
09-20 16:01:01.404  3841  3841 I flutter : [FAIL] framework_error   at #2      SliverGeometry.debugAssertIsValid (package:flutter/src/rendering/sliver.dart:905:6)
09-20 16:01:01.404  3841  3841 I flutter : [FAIL] framework_error   at #3      RenderViewportBase.layoutChildSequence (package:flutter/src/rendering/viewport.dart:695:34)
09-20 16:01:01.404  3841  3841 I flutter : [FAIL] framework_error   at #4      RenderViewport._attemptLayout (package:flutter/src/rendering/viewport.dart:1684:12)
09-20 16:01:01.404  3841  3841 I flutter : [FAIL] framework_error   at #5      RenderViewport.performLayout (package:flutter/src/rendering/viewport.dart:1575:20)
09-20 16:01:01.404  3841  3841 I flutter : [FAIL] framework_error   at #6      RenderObject._layoutWithoutResize (package:flutter/src/rendering/object.dart:2616:7)
09-20 16:01:01.404  3841  3841 I flutter : [FAIL] framework_error   at #7      PipelineOwner.flushLayout (package:flutter/src/rendering/object.dart:1174:18)
09-20 16:01:01.404  3841  3841 I flutter : [FAIL] framework_error library=rendering library type=FlutterError msg="SliverGeometry is not valid: The "layoutExtent" exceeds the "paintExtent"."
09-20 16:01:01.404  3841  3841 I flutter : [FAIL] framework_error   at #0      SliverGeometry.debugAssertIsValid.<anonymous closure>.verify (package:flutter/src/rendering/sliver.dart:870:9)
09-20 16:01:01.404  3841  3841 I flutter : [FAIL] framework_error   at #1      SliverGeometry.debugAssertIsValid.<anonymous closure> (package:flutter/src/rendering/sliver.dart:882:9)
09-20 16:01:01.404  3841  3841 I flutter : [FAIL] framework_error   at #2      SliverGeometry.debugAssertIsValid (package:flutter/src/rendering/sliver.dart:905:6)
09-20 16:01:01.404  3841  3841 I flutter : [FAIL] framework_error   at #3      RenderSliver.debugAssertDoesMeetConstraints (package:flutter/src/rendering/sliver.dart:1414:17)
09-20 16:01:01.404  3841  3841 I flutter : [FAIL] framework_error   at #4      RenderObject.layout.<anonymous closure> (package:flutter/src/rendering/object.dart:2771:9)
09-20 16:01:01.404  3841  3841 I flutter : [FAIL] framework_error   at #5      RenderObject.layout (package:flutter/src/rendering/object.dart:2773:8)
09-20 16:01:01.404  3841  3841 I flutter : [FAIL] framework_error   at #6      RenderViewportBase.layoutChildSequence (package:flutter/src/rendering/viewport.dart:673:13)
09-20 16:01:01.404  3841  3841 I flutter : [FAIL] framework_error   at #7      RenderViewport._attemptLayout (package:flutter/src/rendering/viewport.dart:1684:12)
09-20 16:01:01.404  3841  3841 I flutter : [FAIL] framework_error library=rendering library type=FlutterError msg="SliverGeometry is not valid: The "layoutExtent" exceeds the "paintExtent"."
09-20 16:01:01.404  3841  3841 I flutter : [FAIL] framework_error   at #0      SliverGeometry.debugAssertIsValid.<anonymous closure>.verify (package:flutter/src/rendering/sliver.dart:870:9)
09-20 16:01:01.404  3841  3841 I flutter : [FAIL] framework_error   at #1      SliverGeometry.debugAssertIsValid.<anonymous closure> (package:flutter/src/rendering/sliver.dart:882:9)
09-20 16:01:01.404  3841  3841 I flutter : [FAIL] framework_error   at #2      SliverGeometry.debugAssertIsValid (package:flutter/src/rendering/sliver.dart:905:6)
09-20 16:01:01.404  3841  3841 I flutter : [FAIL] framework_error   at #3      RenderViewportBase.layoutChildSequence (package:flutter/src/rendering/viewport.dart:695:34)
09-20 16:01:01.404  3841  3841 I flutter : [FAIL] framework_error   at #4      RenderViewport._attemptLayout (package:flutter/src/rendering/viewport.dart:1684:12)
09-20 16:01:01.404  3841  3841 I flutter : [FAIL] framework_error   at #5      RenderViewport.performLayout (package:flutter/src/rendering/viewport.dart:1575:20)
09-20 16:01:01.404  3841  3841 I flutter : [FAIL] framework_error   at #6      RenderObject._layoutWithoutResize (package:flutter/src/rendering/object.dart:2616:7)
09-20 16:01:01.404  3841  3841 I flutter : [FAIL] framework_error   at #7      PipelineOwner.flushLayout (package:flutter/src/rendering/object.dart:1174:18)
09-20 16:01:01.404  3841  3841 I flutter : [FAIL] framework_error library=rendering library type=FlutterError msg="SliverGeometry is not valid: The "layoutExtent" exceeds the "paintExtent"."
09-20 16:01:01.404  3841  3841 I flutter : [FAIL] framework_error   at #0      SliverGeometry.debugAssertIsValid.<anonymous closure>.verify (package:flutter/src/rendering/sliver.dart:870:9)
09-20 16:01:01.404  3841  3841 I flutter : [FAIL] framework_error   at #1      SliverGeometry.debugAssertIsValid.<anonymous closure> (package:flutter/src/rendering/sliver.dart:882:9)
09-20 16:01:01.404  3841  3841 I flutter : [FAIL] framework_error   at #2      SliverGeometry.debugAssertIsValid (package:flutter/src/rendering/sliver.dart:905:6)
09-20 16:01:01.404  3841  3841 I flutter : [FAIL] framework_error   at #3      RenderSliver.debugAssertDoesMeetConstraints (package:flutter/src/rendering/sliver.dart:1414:17)
09-20 16:01:01.404  3841  3841 I flutter : [FAIL] framework_error   at #4      RenderObject.layout.<anonymous closure> (package:flutter/src/rendering/object.dart:2771:9)
09-20 16:01:01.404  3841  3841 I flutter : [FAIL] framework_error   at #5      RenderObject.layout (package:flutter/src/rendering/object.dart:2773:8)
09-20 16:01:01.404  3841  3841 I flutter : [FAIL] framework_error   at #6      RenderViewportBase.layoutChildSequence (package:flutter/src/rendering/viewport.dart:673:13)
09-20 16:01:01.404  3841  3841 I flutter : [FAIL] framework_error   at #7      RenderViewport._attemptLayout (package:flutter/src/rendering/viewport.dart:1684:12)
09-20 16:01:01.404  3841  3841 I flutter : [FAIL] framework_error library=rendering library type=FlutterError msg="SliverGeometry is not valid: The "layoutExtent" exceeds the "paintExtent"."
09-20 16:01:01.404  3841  3841 I flutter : [FAIL] framework_error   at #0      SliverGeometry.debugAssertIsValid.<anonymous closure>.verify (package:flutter/src/rendering/sliver.dart:870:9)
09-20 16:01:01.404  3841  3841 I flutter : [FAIL] framework_error   at #1      SliverGeometry.debugAssertIsValid.<anonymous closure> (package:flutter/src/rendering/sliver.dart:882:9)
09-20 16:01:01.404  3841  3841 I flutter : [FAIL] framework_error   at #2      SliverGeometry.debugAssertIsValid (package:flutter/src/rendering/sliver.dart:905:6)
09-20 16:01:01.404  3841  3841 I flutter : [FAIL] framework_error   at #3      RenderViewportBase.layoutChildSequence (package:flutter/src/rendering/viewport.dart:695:34)
09-20 16:01:01.404  3841  3841 I flutter : [FAIL] framework_error   at #4      RenderViewport._attemptLayout (package:flutter/src/rendering/viewport.dart:1684:12)
09-20 16:01:01.404  3841  3841 I flutter : [FAIL] framework_error   at #5      RenderViewport.performLayout (package:flutter/src/rendering/viewport.dart:1575:20)
09-20 16:01:01.404  3841  3841 I flutter : [FAIL] framework_error   at #6      RenderObject._layoutWithoutResize (package:flutter/src/rendering/object.dart:2616:7)
09-20 16:01:01.404  3841  3841 I flutter : [FAIL] framework_error   at #7      PipelineOwner.flushLayout (package:flutter/src/rendering/object.dart:1174:18)
09-20 16:01:01.404  3841  3841 I flutter : [FAIL] framework_error library=rendering library type=FlutterError msg="SliverGeometry is not valid: The "layoutExtent" exceeds the "paintExtent"."
09-20 16:01:02.406  3841  3841 I flutter : [FAIL] framework_error   at #0      SliverGeometry.debugAssertIsValid.<anonymous closure>.verify (package:flutter/src/rendering/sliver.dart:870:9)
09-20 16:01:02.406  3841  3841 I flutter : [FAIL] framework_error   at #1      SliverGeometry.debugAssertIsValid.<anonymous closure> (package:flutter/src/rendering/sliver.dart:882:9)
09-20 16:01:02.406  3841  3841 I flutter : [FAIL] framework_error   at #2      SliverGeometry.debugAssertIsValid (package:flutter/src/rendering/sliver.dart:905:6)
09-20 16:01:02.406  3841  3841 I flutter : [FAIL] framework_error   at #3      RenderSliver.debugAssertDoesMeetConstraints (package:flutter/src/rendering/sliver.dart:1414:17)
09-20 16:01:02.406  3841  3841 I flutter : [FAIL] framework_error   at #4      RenderObject.layout.<anonymous closure> (package:flutter/src/rendering/object.dart:2771:9)
09-20 16:01:02.406  3841  3841 I flutter : [FAIL] framework_error   at #5      RenderObject.layout (package:flutter/src/rendering/object.dart:2773:8)
09-20 16:01:02.406  3841  3841 I flutter : [FAIL] framework_error   at #6      RenderViewportBase.layoutChildSequence (package:flutter/src/rendering/viewport.dart:673:13)
09-20 16:01:02.406  3841  3841 I flutter : [FAIL] framework_error   at #7      RenderViewport._attemptLayout (package:flutter/src/rendering/viewport.dart:1684:12)
09-20 16:01:02.406  3841  3841 I flutter : [FAIL] framework_error library=rendering library type=FlutterError msg="SliverGeometry is not valid: The "layoutExtent" exceeds the "paintExtent"."
09-20 16:01:02.406  3841  3841 I flutter : [FAIL] framework_error   at #0      SliverGeometry.debugAssertIsValid.<anonymous closure>.verify (package:flutter/src/rendering/sliver.dart:870:9)
09-20 16:01:02.406  3841  3841 I flutter : [FAIL] framework_error   at #1      SliverGeometry.debugAssertIsValid.<anonymous closure> (package:flutter/src/rendering/sliver.dart:882:9)
09-20 16:01:02.406  3841  3841 I flutter : [FAIL] framework_error   at #2      SliverGeometry.debugAssertIsValid (package:flutter/src/rendering/sliver.dart:905:6)
09-20 16:01:02.406  3841  3841 I flutter : [FAIL] framework_error   at #3      RenderViewportBase.layoutChildSequence (package:flutter/src/rendering/viewport.dart:695:34)
09-20 16:01:02.406  3841  3841 I flutter : [FAIL] framework_error   at #4      RenderViewport._attemptLayout (package:flutter/src/rendering/viewport.dart:1684:12)
09-20 16:01:02.406  3841  3841 I flutter : [FAIL] framework_error   at #5      RenderViewport.performLayout (package:flutter/src/rendering/viewport.dart:1575:20)
09-20 16:01:02.406  3841  3841 I flutter : [FAIL] framework_error   at #6      RenderObject._layoutWithoutResize (package:flutter/src/rendering/object.dart:2616:7)
09-20 16:01:02.406  3841  3841 I flutter : [FAIL] framework_error   at #7      PipelineOwner.flushLayout (package:flutter/src/rendering/object.dart:1174:18)
09-20 16:01:02.406  3841  3841 I flutter : [FAIL] framework_error library=rendering library type=FlutterError msg="SliverGeometry is not valid: The "layoutExtent" exceeds the "paintExtent"."
09-20 16:01:02.406  3841  3841 I flutter : [FAIL] framework_error   at #0      SliverGeometry.debugAssertIsValid.<anonymous closure>.verify (package:flutter/src/rendering/sliver.dart:870:9)
09-20 16:01:02.406  3841  3841 I flutter : [FAIL] framework_error   at #1      SliverGeometry.debugAssertIsValid.<anonymous closure> (package:flutter/src/rendering/sliver.dart:882:9)
09-20 16:01:02.406  3841  3841 I flutter : [FAIL] framework_error   at #2      SliverGeometry.debugAssertIsValid (package:flutter/src/rendering/sliver.dart:905:6)
09-20 16:01:02.406  3841  3841 I flutter : [FAIL] framework_error   at #3      RenderSliver.debugAssertDoesMeetConstraints (package:flutter/src/rendering/sliver.dart:1414:17)
09-20 16:01:02.406  3841  3841 I flutter : [FAIL] framework_error   at #4      RenderObject.layout.<anonymous closure> (package:flutter/src/rendering/object.dart:2771:9)
09-20 16:01:02.406  3841  3841 I flutter : [FAIL] framework_error   at #5      RenderObject.layout (package:flutter/src/rendering/object.dart:2773:8)
09-20 16:01:02.406  3841  3841 I flutter : [FAIL] framework_error   at #6      RenderViewportBase.layoutChildSequence (package:flutter/src/rendering/viewport.dart:673:13)
09-20 16:01:02.406  3841  3841 I flutter : [FAIL] framework_error   at #7      RenderViewport._attemptLayout (package:flutter/src/rendering/viewport.dart:1684:12)
09-20 16:01:02.406  3841  3841 I flutter : [FAIL] framework_error library=rendering library type=FlutterError msg="SliverGeometry is not valid: The "layoutExtent" exceeds the "paintExtent"."
09-20 16:01:02.406  3841  3841 I flutter : [FAIL] framework_error   at #0      SliverGeometry.debugAssertIsValid.<anonymous closure>.verify (package:flutter/src/rendering/sliver.dart:870:9)
09-20 16:01:02.406  3841  3841 I flutter : [FAIL] framework_error   at #1      SliverGeometry.debugAssertIsValid.<anonymous closure> (package:flutter/src/rendering/sliver.dart:882:9)
09-20 16:01:02.406  3841  3841 I flutter : [FAIL] framework_error   at #2      SliverGeometry.debugAssertIsValid (package:flutter/src/rendering/sliver.dart:905:6)
09-20 16:01:02.406  3841  3841 I flutter : [FAIL] framework_error   at #3      RenderViewportBase.layoutChildSequence (package:flutter/src/rendering/viewport.dart:695:34)
09-20 16:01:02.406  3841  3841 I flutter : [FAIL] framework_error   at #4      RenderViewport._attemptLayout (package:flutter/src/rendering/viewport.dart:1684:12)
09-20 16:01:02.406  3841  3841 I flutter : [FAIL] framework_error   at #5      RenderViewport.performLayout (package:flutter/src/rendering/viewport.dart:1575:20)
09-20 16:01:02.406  3841  3841 I flutter : [FAIL] framework_error   at #6      RenderObject._layoutWithoutResize (package:flutter/src/rendering/object.dart:2616:7)
09-20 16:01:02.407  3841  3841 I flutter : [FAIL] framework_error   at #7      PipelineOwner.flushLayout (package:flutter/src/rendering/object.dart:1174:18)
09-20 16:01:02.407  3841  3841 I flutter : [FAIL] framework_error library=rendering library type=FlutterError msg="SliverGeometry is not valid: The "layoutExtent" exceeds the "paintExtent"."
09-20 16:01:02.407  3841  3841 I flutter : [FAIL] framework_error   at #0      SliverGeometry.debugAssertIsValid.<anonymous closure>.verify (package:flutter/src/rendering/sliver.dart:870:9)
09-20 16:01:02.407  3841  3841 I flutter : [FAIL] framework_error   at #1      SliverGeometry.debugAssertIsValid.<anonymous closure> (package:flutter/src/rendering/sliver.dart:882:9)
09-20 16:01:02.407  3841  3841 I flutter : [FAIL] framework_error   at #2      SliverGeometry.debugAssertIsValid (package:flutter/src/rendering/sliver.dart:905:6)
09-20 16:01:02.407  3841  3841 I flutter : [FAIL] framework_error   at #3      RenderSliver.debugAssertDoesMeetConstraints (package:flutter/src/rendering/sliver.dart:1414:17)
09-20 16:01:02.407  3841  3841 I flutter : [FAIL] framework_error   at #4      RenderObject.layout.<anonymous closure> (package:flutter/src/rendering/object.dart:2771:9)
09-20 16:01:02.407  3841  3841 I flutter : [FAIL] framework_error   at #5      RenderObject.layout (package:flutter/src/rendering/object.dart:2773:8)
09-20 16:01:02.407  3841  3841 I flutter : [FAIL] framework_error   at #6      RenderViewportBase.layoutChildSequence (package:flutter/src/rendering/viewport.dart:673:13)
09-20 16:01:02.407  3841  3841 I flutter : [FAIL] framework_error   at #7      RenderViewport._attemptLayout (package:flutter/src/rendering/viewport.dart:1684:12)
09-20 16:01:02.407  3841  3841 I flutter : [FAIL] framework_error library=rendering library type=FlutterError msg="SliverGeometry is not valid: The "layoutExtent" exceeds the "paintExtent"."
09-20 16:01:02.407  3841  3841 I flutter : [FAIL] framework_error   at #0      SliverGeometry.debugAssertIsValid.<anonymous closure>.verify (package:flutter/src/rendering/sliver.dart:870:9)
09-20 16:01:02.407  3841  3841 I flutter : [FAIL] framework_error   at #1      SliverGeometry.debugAssertIsValid.<anonymous closure> (package:flutter/src/rendering/sliver.dart:882:9)
09-20 16:01:02.407  3841  3841 I flutter : [FAIL] framework_error   at #2      SliverGeometry.debugAssertIsValid (package:flutter/src/rendering/sliver.dart:905:6)
09-20 16:01:02.407  3841  3841 I flutter : [FAIL] framework_error   at #3      RenderViewportBase.layoutChildSequence (package:flutter/src/rendering/viewport.dart:695:34)
09-20 16:01:02.407  3841  3841 I flutter : [FAIL] framework_error   at #4      RenderViewport._attemptLayout (package:flutter/src/rendering/viewport.dart:1684:12)
09-20 16:01:02.407  3841  3841 I flutter : [FAIL] framework_error   at #5      RenderViewport.performLayout (package:flutter/src/rendering/viewport.dart:1575:20)
09-20 16:01:02.407  3841  3841 I flutter : [FAIL] framework_error   at #6      RenderObject._layoutWithoutResize (package:flutter/src/rendering/object.dart:2616:7)
09-20 16:01:02.407  3841  3841 I flutter : [FAIL] framework_error   at #7      PipelineOwner.flushLayout (package:flutter/src/rendering/object.dart:1174:18)
09-20 16:01:02.407  3841  3841 I flutter : [FAIL] framework_error library=rendering library type=FlutterError msg="SliverGeometry is not valid: The "layoutExtent" exceeds the "paintExtent"."
09-20 16:01:02.407  3841  3841 I flutter : [FAIL] framework_error   at #0      SliverGeometry.debugAssertIsValid.<anonymous closure>.verify (package:flutter/src/rendering/sliver.dart:870:9)
09-20 16:01:02.407  3841  3841 I flutter : [FAIL] framework_error   at #1      SliverGeometry.debugAssertIsValid.<anonymous closure> (package:flutter/src/rendering/sliver.dart:882:9)
09-20 16:01:02.407  3841  3841 I flutter : [FAIL] framework_error   at #2      SliverGeometry.debugAssertIsValid (package:flutter/src/rendering/sliver.dart:905:6)
09-20 16:01:02.407  3841  3841 I flutter : [FAIL] framework_error   at #3      RenderSliver.debugAssertDoesMeetConstraints (package:flutter/src/rendering/sliver.dart:1414:17)
09-20 16:01:02.407  3841  3841 I flutter : [FAIL] framework_error   at #4      RenderObject.layout.<anonymous closure> (package:flutter/src/rendering/object.dart:2771:9)
09-20 16:01:02.407  3841  3841 I flutter : [FAIL] framework_error   at #5      RenderObject.layout (package:flutter/src/rendering/object.dart:2773:8)
09-20 16:01:02.407  3841  3841 I flutter : [FAIL] framework_error   at #6      RenderViewportBase.layoutChildSequence (package:flutter/src/rendering/viewport.dart:673:13)
09-20 16:01:02.407  3841  3841 I flutter : [FAIL] framework_error   at #7      RenderViewport._attemptLayout (package:flutter/src/rendering/viewport.dart:1684:12)
09-20 16:01:02.407  3841  3841 I flutter : [FAIL] framework_error library=rendering library type=FlutterError msg="SliverGeometry is not valid: The "layoutExtent" exceeds the "paintExtent"."
09-20 16:01:02.407  3841  3841 I flutter : [FAIL] framework_error   at #0      SliverGeometry.debugAssertIsValid.<anonymous closure>.verify (package:flutter/src/rendering/sliver.dart:870:9)
09-20 16:01:02.407  3841  3841 I flutter : [FAIL] framework_error   at #1      SliverGeometry.debugAssertIsValid.<anonymous closure> (package:flutter/src/rendering/sliver.dart:882:9)
09-20 16:01:02.407  3841  3841 I flutter : [FAIL] framework_error   at #2      SliverGeometry.debugAssertIsValid (package:flutter/src/rendering/sliver.dart:905:6)
09-20 16:01:02.407  3841  3841 I flutter : [FAIL] framework_error   at #3      RenderViewportBase.layoutChildSequence (package:flutter/src/rendering/viewport.dart:695:34)
09-20 16:01:02.407  3841  3841 I flutter : [FAIL] framework_error   at #4      RenderViewport._attemptLayout (package:flutter/src/rendering/viewport.dart:1684:12)
09-20 16:01:02.407  3841  3841 I flutter : [FAIL] framework_error   at #5      RenderViewport.performLayout (package:flutter/src/rendering/viewport.dart:1575:20)
09-20 16:01:02.407  3841  3841 I flutter : [FAIL] framework_error   at #6      RenderObject._layoutWithoutResize (package:flutter/src/rendering/object.dart:2616:7)
09-20 16:01:02.407  3841  3841 I flutter : [FAIL] framework_error   at #7      PipelineOwner.flushLayout (package:flutter/src/rendering/object.dart:1174:18)
09-20 16:01:02.407  3841  3841 I flutter : [FAIL] framework_error library=rendering library type=FlutterError msg="SliverGeometry is not valid: The "layoutExtent" exceeds the "paintExtent"."
09-20 16:01:02.407  3841  3841 I flutter : [FAIL] framework_error   at #0      SliverGeometry.debugAssertIsValid.<anonymous closure>.verify (package:flutter/src/rendering/sliver.dart:870:9)
09-20 16:01:02.407  3841  3841 I flutter : [FAIL] framework_error   at #1      SliverGeometry.debugAssertIsValid.<anonymous closure> (package:flutter/src/rendering/sliver.dart:882:9)
09-20 16:01:02.407  3841  3841 I flutter : [FAIL] framework_error   at #2      SliverGeometry.debugAssertIsValid (package:flutter/src/rendering/sliver.dart:905:6)
09-20 16:01:02.407  3841  3841 I flutter : [FAIL] framework_error   at #3      RenderSliver.debugAssertDoesMeetConstraints (package:flutter/src/rendering/sliver.dart:1414:17)
09-20 16:01:02.407  3841  3841 I flutter : [FAIL] framework_error   at #4      RenderObject.layout.<anonymous closure> (package:flutter/src/rendering/object.dart:2771:9)
09-20 16:01:02.407  3841  3841 I flutter : [FAIL] framework_error   at #5      RenderObject.layout (package:flutter/src/rendering/object.dart:2773:8)
09-20 16:01:02.407  3841  3841 I flutter : [FAIL] framework_error   at #6      RenderViewportBase.layoutChildSequence (package:flutter/src/rendering/viewport.dart:673:13)
09-20 16:01:02.407  3841  3841 I flutter : [FAIL] framework_error   at #7      RenderViewport._attemptLayout (package:flutter/src/rendering/viewport.dart:1684:12)
09-20 16:01:02.407  3841  3841 I flutter : [FAIL] framework_error library=rendering library type=FlutterError msg="SliverGeometry is not valid: The "layoutExtent" exceeds the "paintExtent"."
09-20 16:01:02.407  3841  3841 I flutter : [FAIL] framework_error   at #0      SliverGeometry.debugAssertIsValid.<anonymous closure>.verify (package:flutter/src/rendering/sliver.dart:870:9)
09-20 16:01:02.407  3841  3841 I flutter : [FAIL] framework_error   at #1      SliverGeometry.debugAssertIsValid.<anonymous closure> (package:flutter/src/rendering/sliver.dart:882:9)
09-20 16:01:02.407  3841  3841 I flutter : [FAIL] framework_error   at #2      SliverGeometry.debugAssertIsValid (package:flutter/src/rendering/sliver.dart:905:6)
09-20 16:01:02.407  3841  3841 I flutter : [FAIL] framework_error   at #3      RenderViewportBase.layoutChildSequence (package:flutter/src/rendering/viewport.dart:695:34)
09-20 16:01:02.407  3841  3841 I flutter : [FAIL] framework_error   at #4      RenderViewport._attemptLayout (package:flutter/src/rendering/viewport.dart:1684:12)
09-20 16:01:02.407  3841  3841 I flutter : [FAIL] framework_error   at #5      RenderViewport.performLayout (package:flutter/src/rendering/viewport.dart:1575:20)
09-20 16:01:02.407  3841  3841 I flutter : [FAIL] framework_error   at #6      RenderObject._layoutWithoutResize (package:flutter/src/rendering/object.dart:2616:7)
09-20 16:01:02.407  3841  3841 I flutter : [FAIL] framework_error   at #7      PipelineOwner.flushLayout (package:flutter/src/rendering/object.dart:1174:18)
09-20 16:01:02.407  3841  3841 I flutter : [FAIL] framework_error library=rendering library type=FlutterError msg="SliverGeometry is not valid: The "layoutExtent" exceeds the "paintExtent"."
09-20 16:01:02.407  3841  3841 I flutter : [FAIL] framework_error   at #0      SliverGeometry.debugAssertIsValid.<anonymous closure>.verify (package:flutter/src/rendering/sliver.dart:870:9)
09-20 16:01:02.407  3841  3841 I flutter : [FAIL] framework_error   at #1      SliverGeometry.debugAssertIsValid.<anonymous closure> (package:flutter/src/rendering/sliver.dart:882:9)
09-20 16:01:02.407  3841  3841 I flutter : [FAIL] framework_error   at #2      SliverGeometry.debugAssertIsValid (package:flutter/src/rendering/sliver.dart:905:6)
09-20 16:01:02.407  3841  3841 I flutter : [FAIL] framework_error   at #3      RenderSliver.debugAssertDoesMeetConstraints (package:flutter/src/rendering/sliver.dart:1414:17)
09-20 16:01:02.407  3841  3841 I flutter : [FAIL] framework_error   at #4      RenderObject.layout.<anonymous closure> (package:flutter/src/rendering/object.dart:2771:9)
09-20 16:01:02.407  3841  3841 I flutter : [FAIL] framework_error   at #5      RenderObject.layout (package:flutter/src/rendering/object.dart:2773:8)
09-20 16:01:03.409  3841  3841 I flutter : [FAIL] framework_error   at #6      RenderViewportBase.layoutChildSequence (package:flutter/src/rendering/viewport.dart:673:13)
09-20 16:01:03.409  3841  3841 I flutter : [FAIL] framework_error   at #7      RenderViewport._attemptLayout (package:flutter/src/rendering/viewport.dart:1684:12)
09-20 16:01:03.409  3841  3841 I flutter : [FAIL] framework_error library=rendering library type=FlutterError msg="SliverGeometry is not valid: The "layoutExtent" exceeds the "paintExtent"."
09-20 16:01:03.409  3841  3841 I flutter : [FAIL] framework_error   at #0      SliverGeometry.debugAssertIsValid.<anonymous closure>.verify (package:flutter/src/rendering/sliver.dart:870:9)
09-20 16:01:03.409  3841  3841 I flutter : [FAIL] framework_error   at #1      SliverGeometry.debugAssertIsValid.<anonymous closure> (package:flutter/src/rendering/sliver.dart:882:9)
09-20 16:01:03.409  3841  3841 I flutter : [FAIL] framework_error   at #2      SliverGeometry.debugAssertIsValid (package:flutter/src/rendering/sliver.dart:905:6)
09-20 16:01:03.409  3841  3841 I flutter : [FAIL] framework_error   at #3      RenderViewportBase.layoutChildSequence (package:flutter/src/rendering/viewport.dart:695:34)
09-20 16:01:03.409  3841  3841 I flutter : [FAIL] framework_error   at #4      RenderViewport._attemptLayout (package:flutter/src/rendering/viewport.dart:1684:12)
09-20 16:01:03.409  3841  3841 I flutter : [FAIL] framework_error   at #5      RenderViewport.performLayout (package:flutter/src/rendering/viewport.dart:1575:20)
09-20 16:01:03.409  3841  3841 I flutter : [FAIL] framework_error   at #6      RenderObject._layoutWithoutResize (package:flutter/src/rendering/object.dart:2616:7)
09-20 16:01:03.409  3841  3841 I flutter : [FAIL] framework_error   at #7      PipelineOwner.flushLayout (package:flutter/src/rendering/object.dart:1174:18)
09-20 16:01:03.409  3841  3841 I flutter : [FAIL] framework_error library=rendering library type=FlutterError msg="SliverGeometry is not valid: The "layoutExtent" exceeds the "paintExtent"."
09-20 16:01:03.409  3841  3841 I flutter : [FAIL] framework_error   at #0      SliverGeometry.debugAssertIsValid.<anonymous closure>.verify (package:flutter/src/rendering/sliver.dart:870:9)
09-20 16:01:03.409  3841  3841 I flutter : [FAIL] framework_error   at #1      SliverGeometry.debugAssertIsValid.<anonymous closure> (package:flutter/src/rendering/sliver.dart:882:9)
09-20 16:01:03.409  3841  3841 I flutter : [FAIL] framework_error   at #2      SliverGeometry.debugAssertIsValid (package:flutter/src/rendering/sliver.dart:905:6)
09-20 16:01:03.409  3841  3841 I flutter : [FAIL] framework_error   at #3      RenderSliver.debugAssertDoesMeetConstraints (package:flutter/src/rendering/sliver.dart:1414:17)
09-20 16:01:03.409  3841  3841 I flutter : [FAIL] framework_error   at #4      RenderObject.layout.<anonymous closure> (package:flutter/src/rendering/object.dart:2771:9)
09-20 16:01:03.409  3841  3841 I flutter : [FAIL] framework_error   at #5      RenderObject.layout (package:flutter/src/rendering/object.dart:2773:8)
09-20 16:01:03.409  3841  3841 I flutter : [FAIL] framework_error   at #6      RenderViewportBase.layoutChildSequence (package:flutter/src/rendering/viewport.dart:673:13)
09-20 16:01:03.409  3841  3841 I flutter : [FAIL] framework_error   at #7      RenderViewport._attemptLayout (package:flutter/src/rendering/viewport.dart:1684:12)
09-20 16:01:03.409  3841  3841 I flutter : [FAIL] framework_error library=rendering library type=FlutterError msg="SliverGeometry is not valid: The "layoutExtent" exceeds the "paintExtent"."
09-20 16:01:03.409  3841  3841 I flutter : [FAIL] framework_error   at #0      SliverGeometry.debugAssertIsValid.<anonymous closure>.verify (package:flutter/src/rendering/sliver.dart:870:9)
09-20 16:01:03.410  3841  3841 I flutter : [FAIL] framework_error   at #1      SliverGeometry.debugAssertIsValid.<anonymous closure> (package:flutter/src/rendering/sliver.dart:882:9)
09-20 16:01:03.410  3841  3841 I flutter : [FAIL] framework_error   at #2      SliverGeometry.debugAssertIsValid (package:flutter/src/rendering/sliver.dart:905:6)
09-20 16:01:03.410  3841  3841 I flutter : [FAIL] framework_error   at #3      RenderViewportBase.layoutChildSequence (package:flutter/src/rendering/viewport.dart:695:34)
09-20 16:01:03.410  3841  3841 I flutter : [FAIL] framework_error   at #4      RenderViewport._attemptLayout (package:flutter/src/rendering/viewport.dart:1684:12)
09-20 16:01:03.410  3841  3841 I flutter : [FAIL] framework_error   at #5      RenderViewport.performLayout (package:flutter/src/rendering/viewport.dart:1575:20)
09-20 16:01:03.410  3841  3841 I flutter : [FAIL] framework_error   at #6      RenderObject._layoutWithoutResize (package:flutter/src/rendering/object.dart:2616:7)
09-20 16:01:03.410  3841  3841 I flutter : [FAIL] framework_error   at #7      PipelineOwner.flushLayout (package:flutter/src/rendering/object.dart:1174:18)
09-20 16:01:03.410  3841  3841 I flutter : [FAIL] framework_error library=rendering library type=FlutterError msg="SliverGeometry is not valid: The "layoutExtent" exceeds the "paintExtent"."
09-20 16:01:03.410  3841  3841 I flutter : [FAIL] framework_error   at #0      SliverGeometry.debugAssertIsValid.<anonymous closure>.verify (package:flutter/src/rendering/sliver.dart:870:9)
09-20 16:01:03.410  3841  3841 I flutter : [FAIL] framework_error   at #1      SliverGeometry.debugAssertIsValid.<anonymous closure> (package:flutter/src/rendering/sliver.dart:882:9)
09-20 16:01:03.410  3841  3841 I flutter : [FAIL] framework_error   at #2      SliverGeometry.debugAssertIsValid (package:flutter/src/rendering/sliver.dart:905:6)
09-20 16:01:03.410  3841  3841 I flutter : [FAIL] framework_error   at #3      RenderSliver.debugAssertDoesMeetConstraints (package:flutter/src/rendering/sliver.dart:1414:17)
09-20 16:01:03.410  3841  3841 I flutter : [FAIL] framework_error   at #4      RenderObject.layout.<anonymous closure> (package:flutter/src/rendering/object.dart:2771:9)
09-20 16:01:03.410  3841  3841 I flutter : [FAIL] framework_error   at #5      RenderObject.layout (package:flutter/src/rendering/object.dart:2773:8)
09-20 16:01:03.410  3841  3841 I flutter : [FAIL] framework_error   at #6      RenderViewportBase.layoutChildSequence (package:flutter/src/rendering/viewport.dart:673:13)
09-20 16:01:03.410  3841  3841 I flutter : [FAIL] framework_error   at #7      RenderViewport._attemptLayout (package:flutter/src/rendering/viewport.dart:1684:12)
09-20 16:01:03.410  3841  3841 I flutter : [FAIL] framework_error library=rendering library type=FlutterError msg="SliverGeometry is not valid: The "layoutExtent" exceeds the "paintExtent"."
09-20 16:01:03.410  3841  3841 I flutter : [FAIL] framework_error   at #0      SliverGeometry.debugAssertIsValid.<anonymous closure>.verify (package:flutter/src/rendering/sliver.dart:870:9)
09-20 16:01:03.410  3841  3841 I flutter : [FAIL] framework_error   at #1      SliverGeometry.debugAssertIsValid.<anonymous closure> (package:flutter/src/rendering/sliver.dart:882:9)
09-20 16:01:03.410  3841  3841 I flutter : [FAIL] framework_error   at #2      SliverGeometry.debugAssertIsValid (package:flutter/src/rendering/sliver.dart:905:6)
09-20 16:01:03.410  3841  3841 I flutter : [FAIL] framework_error   at #3      RenderViewportBase.layoutChildSequence (package:flutter/src/rendering/viewport.dart:695:34)
09-20 16:01:03.410  3841  3841 I flutter : [FAIL] framework_error   at #4      RenderViewport._attemptLayout (package:flutter/src/rendering/viewport.dart:1684:12)
09-20 16:01:03.410  3841  3841 I flutter : [FAIL] framework_error   at #5      RenderViewport.performLayout (package:flutter/src/rendering/viewport.dart:1575:20)
09-20 16:01:03.410  3841  3841 I flutter : [FAIL] framework_error   at #6      RenderObject._layoutWithoutResize (package:flutter/src/rendering/object.dart:2616:7)
09-20 16:01:03.410  3841  3841 I flutter : [FAIL] framework_error   at #7      PipelineOwner.flushLayout (package:flutter/src/rendering/object.dart:1174:18)
09-20 16:01:03.410  3841  3841 I flutter : [FAIL] framework_error library=rendering library type=FlutterError msg="SliverGeometry is not valid: The "layoutExtent" exceeds the "paintExtent"."
09-20 16:01:03.410  3841  3841 I flutter : [FAIL] framework_error   at #0      SliverGeometry.debugAssertIsValid.<anonymous closure>.verify (package:flutter/src/rendering/sliver.dart:870:9)
09-20 16:01:03.410  3841  3841 I flutter : [FAIL] framework_error   at #1      SliverGeometry.debugAssertIsValid.<anonymous closure> (package:flutter/src/rendering/sliver.dart:882:9)
09-20 16:01:03.410  3841  3841 I flutter : [FAIL] framework_error   at #2      SliverGeometry.debugAssertIsValid (package:flutter/src/rendering/sliver.dart:905:6)
09-20 16:01:03.410  3841  3841 I flutter : [FAIL] framework_error   at #3      RenderSliver.debugAssertDoesMeetConstraints (package:flutter/src/rendering/sliver.dart:1414:17)
09-20 16:01:03.410  3841  3841 I flutter : [FAIL] framework_error   at #4      RenderObject.layout.<anonymous closure> (package:flutter/src/rendering/object.dart:2771:9)
09-20 16:01:03.410  3841  3841 I flutter : [FAIL] framework_error   at #5      RenderObject.layout (package:flutter/src/rendering/object.dart:2773:8)
09-20 16:01:03.410  3841  3841 I flutter : [FAIL] framework_error   at #6      RenderViewportBase.layoutChildSequence (package:flutter/src/rendering/viewport.dart:673:13)
09-20 16:01:03.410  3841  3841 I flutter : [FAIL] framework_error   at #7      RenderViewport._attemptLayout (package:flutter/src/rendering/viewport.dart:1684:12)
09-20 16:01:03.410  3841  3841 I flutter : [FAIL] framework_error library=rendering library type=FlutterError msg="SliverGeometry is not valid: The "layoutExtent" exceeds the "paintExtent"."
09-20 16:01:03.410  3841  3841 I flutter : [FAIL] framework_error   at #0      SliverGeometry.debugAssertIsValid.<anonymous closure>.verify (package:flutter/src/rendering/sliver.dart:870:9)
09-20 16:01:03.410  3841  3841 I flutter : [FAIL] framework_error   at #1      SliverGeometry.debugAssertIsValid.<anonymous closure> (package:flutter/src/rendering/sliver.dart:882:9)
09-20 16:01:03.410  3841  3841 I flutter : [FAIL] framework_error   at #2      SliverGeometry.debugAssertIsValid (package:flutter/src/rendering/sliver.dart:905:6)
09-20 16:01:03.410  3841  3841 I flutter : [FAIL] framework_error   at #3      RenderViewportBase.layoutChildSequence (package:flutter/src/rendering/viewport.dart:695:34)
09-20 16:01:03.410  3841  3841 I flutter : [FAIL] framework_error   at #4      RenderViewport._attemptLayout (package:flutter/src/rendering/viewport.dart:1684:12)
09-20 16:01:03.410  3841  3841 I flutter : [FAIL] framework_error   at #5      RenderViewport.performLayout (package:flutter/src/rendering/viewport.dart:1575:20)
09-20 16:01:03.410  3841  3841 I flutter : [FAIL] framework_error   at #6      RenderObject._layoutWithoutResize (package:flutter/src/rendering/object.dart:2616:7)
09-20 16:01:03.410  3841  3841 I flutter : [FAIL] framework_error   at #7      PipelineOwner.flushLayout (package:flutter/src/rendering/object.dart:1174:18)
09-20 16:01:03.410  3841  3841 I flutter : [FAIL] framework_error library=rendering library type=FlutterError msg="SliverGeometry is not valid: The "layoutExtent" exceeds the "paintExtent"."
09-20 16:01:03.410  3841  3841 I flutter : [FAIL] framework_error   at #0      SliverGeometry.debugAssertIsValid.<anonymous closure>.verify (package:flutter/src/rendering/sliver.dart:870:9)
09-20 16:01:03.410  3841  3841 I flutter : [FAIL] framework_error   at #1      SliverGeometry.debugAssertIsValid.<anonymous closure> (package:flutter/src/rendering/sliver.dart:882:9)
09-20 16:01:03.410  3841  3841 I flutter : [FAIL] framework_error   at #2      SliverGeometry.debugAssertIsValid (package:flutter/src/rendering/sliver.dart:905:6)
09-20 16:01:03.410  3841  3841 I flutter : [FAIL] framework_error   at #3      RenderSliver.debugAssertDoesMeetConstraints (package:flutter/src/rendering/sliver.dart:1414:17)
09-20 16:01:03.410  3841  3841 I flutter : [FAIL] framework_error   at #4      RenderObject.layout.<anonymous closure> (package:flutter/src/rendering/object.dart:2771:9)
09-20 16:01:03.410  3841  3841 I flutter : [FAIL] framework_error   at #5      RenderObject.layout (package:flutter/src/rendering/object.dart:2773:8)
09-20 16:01:03.410  3841  3841 I flutter : [FAIL] framework_error   at #6      RenderViewportBase.layoutChildSequence (package:flutter/src/rendering/viewport.dart:673:13)
09-20 16:01:03.410  3841  3841 I flutter : [FAIL] framework_error   at #7      RenderViewport._attemptLayout (package:flutter/src/rendering/viewport.dart:1684:12)
09-20 16:01:03.410  3841  3841 I flutter : [FAIL] framework_error library=rendering library type=FlutterError msg="SliverGeometry is not valid: The "layoutExtent" exceeds the "paintExtent"."
09-20 16:01:03.410  3841  3841 I flutter : [FAIL] framework_error   at #0      SliverGeometry.debugAssertIsValid.<anonymous closure>.verify (package:flutter/src/rendering/sliver.dart:870:9)
09-20 16:01:03.410  3841  3841 I flutter : [FAIL] framework_error   at #1      SliverGeometry.debugAssertIsValid.<anonymous closure> (package:flutter/src/rendering/sliver.dart:882:9)
09-20 16:01:03.410  3841  3841 I flutter : [FAIL] framework_error   at #2      SliverGeometry.debugAssertIsValid (package:flutter/src/rendering/sliver.dart:905:6)
09-20 16:01:03.410  3841  3841 I flutter : [FAIL] framework_error   at #3      RenderViewportBase.layoutChildSequence (package:flutter/src/rendering/viewport.dart:695:34)
09-20 16:01:03.410  3841  3841 I flutter : [FAIL] framework_error   at #4      RenderViewport._attemptLayout (package:flutter/src/rendering/viewport.dart:1684:12)
09-20 16:01:03.410  3841  3841 I flutter : [FAIL] framework_error   at #5      RenderViewport.performLayout (package:flutter/src/rendering/viewport.dart:1575:20)
09-20 16:01:03.410  3841  3841 I flutter : [FAIL] framework_error   at #6      RenderObject._layoutWithoutResize (package:flutter/src/rendering/object.dart:2616:7)
09-20 16:01:03.410  3841  3841 I flutter : [FAIL] framework_error   at #7      PipelineOwner.flushLayout (package:flutter/src/rendering/object.dart:1174:18)
09-20 16:01:03.410  3841  3841 I flutter : [FAIL] framework_error library=rendering library type=FlutterError msg="SliverGeometry is not valid: The "layoutExtent" exceeds the "paintExtent"."
09-20 16:01:03.410  3841  3841 I flutter : [FAIL] framework_error   at #0      SliverGeometry.debugAssertIsValid.<anonymous closure>.verify (package:flutter/src/rendering/sliver.dart:870:9)
09-20 16:01:03.410  3841  3841 I flutter : [FAIL] framework_error   at #1      SliverGeometry.debugAssertIsValid.<anonymous closure> (package:flutter/src/rendering/sliver.dart:882:9)
09-20 16:01:03.410  3841  3841 I flutter : [FAIL] framework_error   at #2      SliverGeometry.debugAssertIsValid (package:flutter/src/rendering/sliver.dart:905:6)
09-20 16:01:03.410  3841  3841 I flutter : [FAIL] framework_error   at #3      RenderSliver.debugAssertDoesMeetConstraints (package:flutter/src/rendering/sliver.dart:1414:17)
09-20 16:01:03.410  3841  3841 I flutter : [FAIL] framework_error   at #4      RenderObject.layout.<anonymous closure> (package:flutter/src/rendering/object.dart:2771:9)
09-20 16:01:03.410  3841  3841 I flutter : [FAIL] framework_error   at #5      RenderObject.layout (package:flutter/src/rendering/object.dart:2773:8)
09-20 16:01:03.410  3841  3841 I flutter : [FAIL] framework_error   at #6      RenderViewportBase.layoutChildSequence (package:flutter/src/rendering/viewport.dart:673:13)
09-20 16:01:03.410  3841  3841 I flutter : [FAIL] framework_error   at #7      RenderViewport._attemptLayout (package:flutter/src/rendering/viewport.dart:1684:12)
09-20 16:01:03.410  3841  3841 I flutter : [FAIL] framework_error library=rendering library type=FlutterError msg="SliverGeometry is not valid: The "layoutExtent" exceeds the "paintExtent"."
09-20 16:01:03.410  3841  3841 I flutter : [FAIL] framework_error   at #0      SliverGeometry.debugAssertIsValid.<anonymous closure>.verify (package:flutter/src/rendering/sliver.dart:870:9)
09-20 16:01:03.410  3841  3841 I flutter : [FAIL] framework_error   at #1      SliverGeometry.debugAssertIsValid.<anonymous closure> (package:flutter/src/rendering/sliver.dart:882:9)
09-20 16:01:03.410  3841  3841 I flutter : [FAIL] framework_error   at #2      SliverGeometry.debugAssertIsValid (package:flutter/src/rendering/sliver.dart:905:6)
09-20 16:01:04.415  3841  3841 I flutter : [FAIL] framework_error   at #3      RenderViewportBase.layoutChildSequence (package:flutter/src/rendering/viewport.dart:695:34)
09-20 16:01:04.416  3841  3841 I flutter : [FAIL] framework_error   at #4      RenderViewport._attemptLayout (package:flutter/src/rendering/viewport.dart:1684:12)
09-20 16:01:04.416  3841  3841 I flutter : [FAIL] framework_error   at #5      RenderViewport.performLayout (package:flutter/src/rendering/viewport.dart:1575:20)
09-20 16:01:04.416  3841  3841 I flutter : [FAIL] framework_error   at #6      RenderObject._layoutWithoutResize (package:flutter/src/rendering/object.dart:2616:7)
09-20 16:01:04.416  3841  3841 I flutter : [FAIL] framework_error   at #7      PipelineOwner.flushLayout (package:flutter/src/rendering/object.dart:1174:18)
09-20 16:01:04.416  3841  3841 I flutter : [FAIL] framework_error library=rendering library type=FlutterError msg="SliverGeometry is not valid: The "layoutExtent" exceeds the "paintExtent"."
09-20 16:01:04.417  3841  3841 I flutter : [FAIL] framework_error   at #0      SliverGeometry.debugAssertIsValid.<anonymous closure>.verify (package:flutter/src/rendering/sliver.dart:870:9)
09-20 16:01:04.417  3841  3841 I flutter : [FAIL] framework_error   at #1      SliverGeometry.debugAssertIsValid.<anonymous closure> (package:flutter/src/rendering/sliver.dart:882:9)
09-20 16:01:04.417  3841  3841 I flutter : [FAIL] framework_error   at #2      SliverGeometry.debugAssertIsValid (package:flutter/src/rendering/sliver.dart:905:6)
09-20 16:01:04.417  3841  3841 I flutter : [FAIL] framework_error   at #3      RenderSliver.debugAssertDoesMeetConstraints (package:flutter/src/rendering/sliver.dart:1414:17)
09-20 16:01:04.417  3841  3841 I flutter : [FAIL] framework_error   at #4      RenderObject.layout.<anonymous closure> (package:flutter/src/rendering/object.dart:2771:9)
09-20 16:01:04.417  3841  3841 I flutter : [FAIL] framework_error   at #5      RenderObject.layout (package:flutter/src/rendering/object.dart:2773:8)
09-20 16:01:04.417  3841  3841 I flutter : [FAIL] framework_error   at #6      RenderViewportBase.layoutChildSequence (package:flutter/src/rendering/viewport.dart:673:13)
09-20 16:01:04.417  3841  3841 I flutter : [FAIL] framework_error   at #7      RenderViewport._attemptLayout (package:flutter/src/rendering/viewport.dart:1684:12)
09-20 16:01:04.417  3841  3841 I flutter : [FAIL] framework_error library=rendering library type=FlutterError msg="SliverGeometry is not valid: The "layoutExtent" exceeds the "paintExtent"."
09-20 16:01:04.417  3841  3841 I flutter : [FAIL] framework_error   at #0      SliverGeometry.debugAssertIsValid.<anonymous closure>.verify (package:flutter/src/rendering/sliver.dart:870:9)
09-20 16:01:04.417  3841  3841 I flutter : [FAIL] framework_error   at #1      SliverGeometry.debugAssertIsValid.<anonymous closure> (package:flutter/src/rendering/sliver.dart:882:9)
09-20 16:01:04.417  3841  3841 I flutter : [FAIL] framework_error   at #2      SliverGeometry.debugAssertIsValid (package:flutter/src/rendering/sliver.dart:905:6)
09-20 16:01:04.417  3841  3841 I flutter : [FAIL] framework_error   at #3      RenderViewportBase.layoutChildSequence (package:flutter/src/rendering/viewport.dart:695:34)
09-20 16:01:04.417  3841  3841 I flutter : [FAIL] framework_error   at #4      RenderViewport._attemptLayout (package:flutter/src/rendering/viewport.dart:1684:12)
09-20 16:01:04.417  3841  3841 I flutter : [FAIL] framework_error   at #5      RenderViewport.performLayout (package:flutter/src/rendering/viewport.dart:1575:20)
09-20 16:01:04.417  3841  3841 I flutter : [FAIL] framework_error   at #6      RenderObject._layoutWithoutResize (package:flutter/src/rendering/object.dart:2616:7)
09-20 16:01:04.417  3841  3841 I flutter : [FAIL] framework_error   at #7      PipelineOwner.flushLayout (package:flutter/src/rendering/object.dart:1174:18)
09-20 16:01:04.417  3841  3841 I flutter : [FAIL] framework_error library=rendering library type=FlutterError msg="SliverGeometry is not valid: The "layoutExtent" exceeds the "paintExtent"."
09-20 16:01:04.417  3841  3841 I flutter : [FAIL] framework_error   at #0      SliverGeometry.debugAssertIsValid.<anonymous closure>.verify (package:flutter/src/rendering/sliver.dart:870:9)
09-20 16:01:04.417  3841  3841 I flutter : [FAIL] framework_error   at #1      SliverGeometry.debugAssertIsValid.<anonymous closure> (package:flutter/src/rendering/sliver.dart:882:9)
09-20 16:01:04.417  3841  3841 I flutter : [FAIL] framework_error   at #2      SliverGeometry.debugAssertIsValid (package:flutter/src/rendering/sliver.dart:905:6)
09-20 16:01:04.417  3841  3841 I flutter : [FAIL] framework_error   at #3      RenderSliver.debugAssertDoesMeetConstraints (package:flutter/src/rendering/sliver.dart:1414:17)
09-20 16:01:04.417  3841  3841 I flutter : [FAIL] framework_error   at #4      RenderObject.layout.<anonymous closure> (package:flutter/src/rendering/object.dart:2771:9)
09-20 16:01:04.417  3841  3841 I flutter : [FAIL] framework_error   at #5      RenderObject.layout (package:flutter/src/rendering/object.dart:2773:8)
09-20 16:01:04.417  3841  3841 I flutter : [FAIL] framework_error   at #6      RenderViewportBase.layoutChildSequence (package:flutter/src/rendering/viewport.dart:673:13)
09-20 16:01:04.417  3841  3841 I flutter : [FAIL] framework_error   at #7      RenderViewport._attemptLayout (package:flutter/src/rendering/viewport.dart:1684:12)
09-20 16:01:04.417  3841  3841 I flutter : [FAIL] framework_error library=rendering library type=FlutterError msg="SliverGeometry is not valid: The "layoutExtent" exceeds the "paintExtent"."
09-20 16:01:04.417  3841  3841 I flutter : [FAIL] framework_error   at #0      SliverGeometry.debugAssertIsValid.<anonymous closure>.verify (package:flutter/src/rendering/sliver.dart:870:9)
09-20 16:01:04.417  3841  3841 I flutter : [FAIL] framework_error   at #1      SliverGeometry.debugAssertIsValid.<anonymous closure> (package:flutter/src/rendering/sliver.dart:882:9)
09-20 16:01:04.417  3841  3841 I flutter : [FAIL] framework_error   at #2      SliverGeometry.debugAssertIsValid (package:flutter/src/rendering/sliver.dart:905:6)
09-20 16:01:04.417  3841  3841 I flutter : [FAIL] framework_error   at #3      RenderViewportBase.layoutChildSequence (package:flutter/src/rendering/viewport.dart:695:34)
09-20 16:01:04.417  3841  3841 I flutter : [FAIL] framework_error   at #4      RenderViewport._attemptLayout (package:flutter/src/rendering/viewport.dart:1684:12)
09-20 16:01:04.417  3841  3841 I flutter : [FAIL] framework_error   at #5      RenderViewport.performLayout (package:flutter/src/rendering/viewport.dart:1575:20)
09-20 16:01:04.417  3841  3841 I flutter : [FAIL] framework_error   at #6      RenderObject._layoutWithoutResize (package:flutter/src/rendering/object.dart:2616:7)
09-20 16:01:04.417  3841  3841 I flutter : [FAIL] framework_error   at #7      PipelineOwner.flushLayout (package:flutter/src/rendering/object.dart:1174:18)
09-20 16:01:04.417  3841  3841 I flutter : [FAIL] framework_error library=rendering library type=FlutterError msg="SliverGeometry is not valid: The "layoutExtent" exceeds the "paintExtent"."
09-20 16:01:04.417  3841  3841 I flutter : [FAIL] framework_error   at #0      SliverGeometry.debugAssertIsValid.<anonymous closure>.verify (package:flutter/src/rendering/sliver.dart:870:9)
09-20 16:01:04.417  3841  3841 I flutter : [FAIL] framework_error   at #1      SliverGeometry.debugAssertIsValid.<anonymous closure> (package:flutter/src/rendering/sliver.dart:882:9)
09-20 16:01:04.417  3841  3841 I flutter : [FAIL] framework_error   at #2      SliverGeometry.debugAssertIsValid (package:flutter/src/rendering/sliver.dart:905:6)
09-20 16:01:04.417  3841  3841 I flutter : [FAIL] framework_error   at #3      RenderSliver.debugAssertDoesMeetConstraints (package:flutter/src/rendering/sliver.dart:1414:17)
09-20 16:01:04.417  3841  3841 I flutter : [FAIL] framework_error   at #4      RenderObject.layout.<anonymous closure> (package:flutter/src/rendering/object.dart:2771:9)
09-20 16:01:04.417  3841  3841 I flutter : [FAIL] framework_error   at #5      RenderObject.layout (package:flutter/src/rendering/object.dart:2773:8)
09-20 16:01:04.417  3841  3841 I flutter : [FAIL] framework_error   at #6      RenderViewportBase.layoutChildSequence (package:flutter/src/rendering/viewport.dart:673:13)
09-20 16:01:04.417  3841  3841 I flutter : [FAIL] framework_error   at #7      RenderViewport._attemptLayout (package:flutter/src/rendering/viewport.dart:1684:12)
09-20 16:01:04.417  3841  3841 I flutter : [FAIL] framework_error library=rendering library type=FlutterError msg="SliverGeometry is not valid: The "layoutExtent" exceeds the "paintExtent"."
09-20 16:01:04.417  3841  3841 I flutter : [FAIL] framework_error   at #0      SliverGeometry.debugAssertIsValid.<anonymous closure>.verify (package:flutter/src/rendering/sliver.dart:870:9)
09-20 16:01:04.417  3841  3841 I flutter : [FAIL] framework_error   at #1      SliverGeometry.debugAssertIsValid.<anonymous closure> (package:flutter/src/rendering/sliver.dart:882:9)
09-20 16:01:04.417  3841  3841 I flutter : [FAIL] framework_error   at #2      SliverGeometry.debugAssertIsValid (package:flutter/src/rendering/sliver.dart:905:6)
09-20 16:01:04.417  3841  3841 I flutter : [FAIL] framework_error   at #3      RenderViewportBase.layoutChildSequence (package:flutter/src/rendering/viewport.dart:695:34)
09-20 16:01:04.417  3841  3841 I flutter : [FAIL] framework_error   at #4      RenderViewport._attemptLayout (package:flutter/src/rendering/viewport.dart:1684:12)
09-20 16:01:04.417  3841  3841 I flutter : [FAIL] framework_error   at #5      RenderViewport.performLayout (package:flutter/src/rendering/viewport.dart:1575:20)
09-20 16:01:04.417  3841  3841 I flutter : [FAIL] framework_error   at #6      RenderObject._layoutWithoutResize (package:flutter/src/rendering/object.dart:2616:7)
09-20 16:01:04.417  3841  3841 I flutter : [FAIL] framework_error   at #7      PipelineOwner.flushLayout (package:flutter/src/rendering/object.dart:1174:18)
09-20 16:01:04.417  3841  3841 I flutter : [FAIL] framework_error library=rendering library type=FlutterError msg="SliverGeometry is not valid: The "layoutExtent" exceeds the "paintExtent"."
09-20 16:01:04.417  3841  3841 I flutter : [FAIL] framework_error   at #0      SliverGeometry.debugAssertIsValid.<anonymous closure>.verify (package:flutter/src/rendering/sliver.dart:870:9)
09-20 16:01:04.417  3841  3841 I flutter : [FAIL] framework_error   at #1      SliverGeometry.debugAssertIsValid.<anonymous closure> (package:flutter/src/rendering/sliver.dart:882:9)
09-20 16:01:04.417  3841  3841 I flutter : [FAIL] framework_error   at #2      SliverGeometry.debugAssertIsValid (package:flutter/src/rendering/sliver.dart:905:6)
09-20 16:01:04.417  3841  3841 I flutter : [FAIL] framework_error   at #3      RenderSliver.debugAssertDoesMeetConstraints (package:flutter/src/rendering/sliver.dart:1414:17)
09-20 16:01:04.417  3841  3841 I flutter : [FAIL] framework_error   at #4      RenderObject.layout.<anonymous closure> (package:flutter/src/rendering/object.dart:2771:9)
09-20 16:01:04.417  3841  3841 I flutter : [FAIL] framework_error   at #5      RenderObject.layout (package:flutter/src/rendering/object.dart:2773:8)
09-20 16:01:04.417  3841  3841 I flutter : [FAIL] framework_error   at #6      RenderViewportBase.layoutChildSequence (package:flutter/src/rendering/viewport.dart:673:13)
09-20 16:01:04.417  3841  3841 I flutter : [FAIL] framework_error   at #7      RenderViewport._attemptLayout (package:flutter/src/rendering/viewport.dart:1684:12)
09-20 16:01:04.418  3841  3841 I flutter : [FAIL] framework_error library=rendering library type=FlutterError msg="SliverGeometry is not valid: The "layoutExtent" exceeds the "paintExtent"."
09-20 16:01:04.418  3841  3841 I flutter : [FAIL] framework_error   at #0      SliverGeometry.debugAssertIsValid.<anonymous closure>.verify (package:flutter/src/rendering/sliver.dart:870:9)
09-20 16:01:04.418  3841  3841 I flutter : [FAIL] framework_error   at #1      SliverGeometry.debugAssertIsValid.<anonymous closure> (package:flutter/src/rendering/sliver.dart:882:9)
09-20 16:01:04.418  3841  3841 I flutter : [FAIL] framework_error   at #2      SliverGeometry.debugAssertIsValid (package:flutter/src/rendering/sliver.dart:905:6)
09-20 16:01:04.418  3841  3841 I flutter : [FAIL] framework_error   at #3      RenderViewportBase.layoutChildSequence (package:flutter/src/rendering/viewport.dart:695:34)
09-20 16:01:04.418  3841  3841 I flutter : [FAIL] framework_error   at #4      RenderViewport._attemptLayout (package:flutter/src/rendering/viewport.dart:1684:12)
09-20 16:01:04.418  3841  3841 I flutter : [FAIL] framework_error   at #5      RenderViewport.performLayout (package:flutter/src/rendering/viewport.dart:1575:20)
09-20 16:01:04.418  3841  3841 I flutter : [FAIL] framework_error   at #6      RenderObject._layoutWithoutResize (package:flutter/src/rendering/object.dart:2616:7)
09-20 16:01:04.418  3841  3841 I flutter : [FAIL] framework_error   at #7      PipelineOwner.flushLayout (package:flutter/src/rendering/object.dart:1174:18)
09-20 16:01:04.418  3841  3841 I flutter : [FAIL] framework_error library=rendering library type=FlutterError msg="SliverGeometry is not valid: The "layoutExtent" exceeds the "paintExtent"."
09-20 16:01:04.418  3841  3841 I flutter : [FAIL] framework_error   at #0      SliverGeometry.debugAssertIsValid.<anonymous closure>.verify (package:flutter/src/rendering/sliver.dart:870:9)
09-20 16:01:04.418  3841  3841 I flutter : [FAIL] framework_error   at #1      SliverGeometry.debugAssertIsValid.<anonymous closure> (package:flutter/src/rendering/sliver.dart:882:9)
09-20 16:01:04.418  3841  3841 I flutter : [FAIL] framework_error   at #2      SliverGeometry.debugAssertIsValid (package:flutter/src/rendering/sliver.dart:905:6)
09-20 16:01:04.418  3841  3841 I flutter : [FAIL] framework_error   at #3      RenderSliver.debugAssertDoesMeetConstraints (package:flutter/src/rendering/sliver.dart:1414:17)
09-20 16:01:04.418  3841  3841 I flutter : [FAIL] framework_error   at #4      RenderObject.layout.<anonymous closure> (package:flutter/src/rendering/object.dart:2771:9)
09-20 16:01:04.418  3841  3841 I flutter : [FAIL] framework_error   at #5      RenderObject.layout (package:flutter/src/rendering/object.dart:2773:8)
09-20 16:01:04.418  3841  3841 I flutter : [FAIL] framework_error   at #6      RenderViewportBase.layoutChildSequence (package:flutter/src/rendering/viewport.dart:673:13)
09-20 16:01:04.418  3841  3841 I flutter : [FAIL] framework_error   at #7      RenderViewport._attemptLayout (package:flutter/src/rendering/viewport.dart:1684:12)
09-20 16:01:04.418  3841  3841 I flutter : [FAIL] framework_error library=rendering library type=FlutterError msg="SliverGeometry is not valid: The "layoutExtent" exceeds the "paintExtent"."
09-20 16:01:04.418  3841  3841 I flutter : [FAIL] framework_error   at #0      SliverGeometry.debugAssertIsValid.<anonymous closure>.verify (package:flutter/src/rendering/sliver.dart:870:9)
09-20 16:01:04.418  3841  3841 I flutter : [FAIL] framework_error   at #1      SliverGeometry.debugAssertIsValid.<anonymous closure> (package:flutter/src/rendering/sliver.dart:882:9)
09-20 16:01:04.418  3841  3841 I flutter : [FAIL] framework_error   at #2      SliverGeometry.debugAssertIsValid (package:flutter/src/rendering/sliver.dart:905:6)
09-20 16:01:04.418  3841  3841 I flutter : [FAIL] framework_error   at #3      RenderViewportBase.layoutChildSequence (package:flutter/src/rendering/viewport.dart:695:34)
09-20 16:01:04.418  3841  3841 I flutter : [FAIL] framework_error   at #4      RenderViewport._attemptLayout (package:flutter/src/rendering/viewport.dart:1684:12)
09-20 16:01:04.418  3841  3841 I flutter : [FAIL] framework_error   at #5      RenderViewport.performLayout (package:flutter/src/rendering/viewport.dart:1575:20)
09-20 16:01:04.418  3841  3841 I flutter : [FAIL] framework_error   at #6      RenderObject._layoutWithoutResize (package:flutter/src/rendering/object.dart:2616:7)
09-20 16:01:04.418  3841  3841 I flutter : [FAIL] framework_error   at #7      PipelineOwner.flushLayout (package:flutter/src/rendering/object.dart:1174:18)
09-20 16:01:04.418  3841  3841 I flutter : [FAIL] framework_error library=rendering library type=FlutterError msg="SliverGeometry is not valid: The "layoutExtent" exceeds the "paintExtent"."
09-20 16:01:04.418  3841  3841 I flutter : [FAIL] framework_error   at #0      SliverGeometry.debugAssertIsValid.<anonymous closure>.verify (package:flutter/src/rendering/sliver.dart:870:9)
09-20 16:01:05.419  3841  3841 I flutter : [FAIL] framework_error   at #1      SliverGeometry.debugAssertIsValid.<anonymous closure> (package:flutter/src/rendering/sliver.dart:882:9)
09-20 16:01:05.420  3841  3841 I flutter : [FAIL] framework_error   at #2      SliverGeometry.debugAssertIsValid (package:flutter/src/rendering/sliver.dart:905:6)
09-20 16:01:05.420  3841  3841 I flutter : [FAIL] framework_error   at #3      RenderSliver.debugAssertDoesMeetConstraints (package:flutter/src/rendering/sliver.dart:1414:17)
09-20 16:01:05.420  3841  3841 I flutter : [FAIL] framework_error   at #4      RenderObject.layout.<anonymous closure> (package:flutter/src/rendering/object.dart:2771:9)
09-20 16:01:05.420  3841  3841 I flutter : [FAIL] framework_error   at #5      RenderObject.layout (package:flutter/src/rendering/object.dart:2773:8)
09-20 16:01:05.420  3841  3841 I flutter : [FAIL] framework_error   at #6      RenderViewportBase.layoutChildSequence (package:flutter/src/rendering/viewport.dart:673:13)
09-20 16:01:05.420  3841  3841 I flutter : [FAIL] framework_error   at #7      RenderViewport._attemptLayout (package:flutter/src/rendering/viewport.dart:1684:12)
09-20 16:01:05.420  3841  3841 I flutter : [FAIL] framework_error library=rendering library type=FlutterError msg="SliverGeometry is not valid: The "layoutExtent" exceeds the "paintExtent"."
09-20 16:01:05.420  3841  3841 I flutter : [FAIL] framework_error   at #0      SliverGeometry.debugAssertIsValid.<anonymous closure>.verify (package:flutter/src/rendering/sliver.dart:870:9)
09-20 16:01:05.420  3841  3841 I flutter : [FAIL] framework_error   at #1      SliverGeometry.debugAssertIsValid.<anonymous closure> (package:flutter/src/rendering/sliver.dart:882:9)
09-20 16:01:05.420  3841  3841 I flutter : [FAIL] framework_error   at #2      SliverGeometry.debugAssertIsValid (package:flutter/src/rendering/sliver.dart:905:6)
09-20 16:01:05.420  3841  3841 I flutter : [FAIL] framework_error   at #3      RenderViewportBase.layoutChildSequence (package:flutter/src/rendering/viewport.dart:695:34)
09-20 16:01:05.420  3841  3841 I flutter : [FAIL] framework_error   at #4      RenderViewport._attemptLayout (package:flutter/src/rendering/viewport.dart:1684:12)
09-20 16:01:05.420  3841  3841 I flutter : [FAIL] framework_error   at #5      RenderViewport.performLayout (package:flutter/src/rendering/viewport.dart:1575:20)
09-20 16:01:05.420  3841  3841 I flutter : [FAIL] framework_error   at #6      RenderObject._layoutWithoutResize (package:flutter/src/rendering/object.dart:2616:7)
09-20 16:01:05.421  3841  3841 I flutter : [FAIL] framework_error   at #7      PipelineOwner.flushLayout (package:flutter/src/rendering/object.dart:1174:18)
09-20 16:01:05.421  3841  3841 I flutter : [FAIL] framework_error library=rendering library type=FlutterError msg="SliverGeometry is not valid: The "layoutExtent" exceeds the "paintExtent"."
09-20 16:01:05.421  3841  3841 I flutter : [FAIL] framework_error   at #0      SliverGeometry.debugAssertIsValid.<anonymous closure>.verify (package:flutter/src/rendering/sliver.dart:870:9)
09-20 16:01:05.421  3841  3841 I flutter : [FAIL] framework_error   at #1      SliverGeometry.debugAssertIsValid.<anonymous closure> (package:flutter/src/rendering/sliver.dart:882:9)
09-20 16:01:05.421  3841  3841 I flutter : [FAIL] framework_error   at #2      SliverGeometry.debugAssertIsValid (package:flutter/src/rendering/sliver.dart:905:6)
09-20 16:01:05.421  3841  3841 I flutter : [FAIL] framework_error   at #3      RenderSliver.debugAssertDoesMeetConstraints (package:flutter/src/rendering/sliver.dart:1414:17)
09-20 16:01:05.421  3841  3841 I flutter : [FAIL] framework_error   at #4      RenderObject.layout.<anonymous closure> (package:flutter/src/rendering/object.dart:2771:9)
09-20 16:01:05.421  3841  3841 I flutter : [FAIL] framework_error   at #5      RenderObject.layout (package:flutter/src/rendering/object.dart:2773:8)
09-20 16:01:05.421  3841  3841 I flutter : [FAIL] framework_error   at #6      RenderViewportBase.layoutChildSequence (package:flutter/src/rendering/viewport.dart:673:13)
09-20 16:01:05.422  3841  3841 I flutter : [FAIL] framework_error   at #7      RenderViewport._attemptLayout (package:flutter/src/rendering/viewport.dart:1684:12)
09-20 16:01:05.422  3841  3841 I flutter : [FAIL] framework_error library=rendering library type=FlutterError msg="SliverGeometry is not valid: The "layoutExtent" exceeds the "paintExtent"."
09-20 16:01:05.422  3841  3841 I flutter : [FAIL] framework_error   at #0      SliverGeometry.debugAssertIsValid.<anonymous closure>.verify (package:flutter/src/rendering/sliver.dart:870:9)
09-20 16:01:05.422  3841  3841 I flutter : [FAIL] framework_error   at #1      SliverGeometry.debugAssertIsValid.<anonymous closure> (package:flutter/src/rendering/sliver.dart:882:9)
09-20 16:01:05.422  3841  3841 I flutter : [FAIL] framework_error   at #2      SliverGeometry.debugAssertIsValid (package:flutter/src/rendering/sliver.dart:905:6)
09-20 16:01:05.422  3841  3841 I flutter : [FAIL] framework_error   at #3      RenderViewportBase.layoutChildSequence (package:flutter/src/rendering/viewport.dart:695:34)
09-20 16:01:05.422  3841  3841 I flutter : [FAIL] framework_error   at #4      RenderViewport._attemptLayout (package:flutter/src/rendering/viewport.dart:1684:12)
09-20 16:01:05.422  3841  3841 I flutter : [FAIL] framework_error   at #5      RenderViewport.performLayout (package:flutter/src/rendering/viewport.dart:1575:20)
09-20 16:01:05.422  3841  3841 I flutter : [FAIL] framework_error   at #6      RenderObject._layoutWithoutResize (package:flutter/src/rendering/object.dart:2616:7)
09-20 16:01:05.422  3841  3841 I flutter : [FAIL] framework_error   at #7      PipelineOwner.flushLayout (package:flutter/src/rendering/object.dart:1174:18)
09-20 16:01:05.422  3841  3841 I flutter : [FAIL] framework_error library=rendering library type=FlutterError msg="SliverGeometry is not valid: The "layoutExtent" exceeds the "paintExtent"."
09-20 16:01:05.422  3841  3841 I flutter : [FAIL] framework_error   at #0      SliverGeometry.debugAssertIsValid.<anonymous closure>.verify (package:flutter/src/rendering/sliver.dart:870:9)
09-20 16:01:05.422  3841  3841 I flutter : [FAIL] framework_error   at #1      SliverGeometry.debugAssertIsValid.<anonymous closure> (package:flutter/src/rendering/sliver.dart:882:9)
09-20 16:01:05.422  3841  3841 I flutter : [FAIL] framework_error   at #2      SliverGeometry.debugAssertIsValid (package:flutter/src/rendering/sliver.dart:905:6)
09-20 16:01:05.422  3841  3841 I flutter : [FAIL] framework_error   at #3      RenderSliver.debugAssertDoesMeetConstraints (package:flutter/src/rendering/sliver.dart:1414:17)
09-20 16:01:05.422  3841  3841 I flutter : [FAIL] framework_error   at #4      RenderObject.layout.<anonymous closure> (package:flutter/src/rendering/object.dart:2771:9)
09-20 16:01:05.422  3841  3841 I flutter : [FAIL] framework_error   at #5      RenderObject.layout (package:flutter/src/rendering/object.dart:2773:8)
09-20 16:01:05.422  3841  3841 I flutter : [FAIL] framework_error   at #6      RenderViewportBase.layoutChildSequence (package:flutter/src/rendering/viewport.dart:673:13)
09-20 16:01:05.422  3841  3841 I flutter : [FAIL] framework_error   at #7      RenderViewport._attemptLayout (package:flutter/src/rendering/viewport.dart:1684:12)
09-20 16:01:05.422  3841  3841 I flutter : [FAIL] framework_error library=rendering library type=FlutterError msg="SliverGeometry is not valid: The "layoutExtent" exceeds the "paintExtent"."
09-20 16:01:05.422  3841  3841 I flutter : [FAIL] framework_error   at #0      SliverGeometry.debugAssertIsValid.<anonymous closure>.verify (package:flutter/src/rendering/sliver.dart:870:9)
09-20 16:01:05.422  3841  3841 I flutter : [FAIL] framework_error   at #1      SliverGeometry.debugAssertIsValid.<anonymous closure> (package:flutter/src/rendering/sliver.dart:882:9)
09-20 16:01:05.422  3841  3841 I flutter : [FAIL] framework_error   at #2      SliverGeometry.debugAssertIsValid (package:flutter/src/rendering/sliver.dart:905:6)
09-20 16:01:05.423  3841  3841 I flutter : [FAIL] framework_error   at #3      RenderViewportBase.layoutChildSequence (package:flutter/src/rendering/viewport.dart:695:34)
09-20 16:01:05.423  3841  3841 I flutter : [FAIL] framework_error   at #4      RenderViewport._attemptLayout (package:flutter/src/rendering/viewport.dart:1684:12)
09-20 16:01:05.423  3841  3841 I flutter : [FAIL] framework_error   at #5      RenderViewport.performLayout (package:flutter/src/rendering/viewport.dart:1575:20)
09-20 16:01:05.423  3841  3841 I flutter : [FAIL] framework_error   at #6      RenderObject._layoutWithoutResize (package:flutter/src/rendering/object.dart:2616:7)
09-20 16:01:05.423  3841  3841 I flutter : [FAIL] framework_error   at #7      PipelineOwner.flushLayout (package:flutter/src/rendering/object.dart:1174:18)
09-20 16:01:05.423  3841  3841 I flutter : [FAIL] framework_error library=rendering library type=FlutterError msg="SliverGeometry is not valid: The "layoutExtent" exceeds the "paintExtent"."
09-20 16:01:05.423  3841  3841 I flutter : [FAIL] framework_error   at #0      SliverGeometry.debugAssertIsValid.<anonymous closure>.verify (package:flutter/src/rendering/sliver.dart:870:9)
09-20 16:01:05.423  3841  3841 I flutter : [FAIL] framework_error   at #1      SliverGeometry.debugAssertIsValid.<anonymous closure> (package:flutter/src/rendering/sliver.dart:882:9)
09-20 16:01:05.423  3841  3841 I flutter : [FAIL] framework_error   at #2      SliverGeometry.debugAssertIsValid (package:flutter/src/rendering/sliver.dart:905:6)
09-20 16:01:05.423  3841  3841 I flutter : [FAIL] framework_error   at #3      RenderSliver.debugAssertDoesMeetConstraints (package:flutter/src/rendering/sliver.dart:1414:17)
09-20 16:01:05.423  3841  3841 I flutter : [FAIL] framework_error   at #4      RenderObject.layout.<anonymous closure> (package:flutter/src/rendering/object.dart:2771:9)
09-20 16:01:05.423  3841  3841 I flutter : [FAIL] framework_error   at #5      RenderObject.layout (package:flutter/src/rendering/object.dart:2773:8)
09-20 16:01:05.423  3841  3841 I flutter : [FAIL] framework_error   at #6      RenderViewportBase.layoutChildSequence (package:flutter/src/rendering/viewport.dart:673:13)
09-20 16:01:05.423  3841  3841 I flutter : [FAIL] framework_error   at #7      RenderViewport._attemptLayout (package:flutter/src/rendering/viewport.dart:1684:12)
09-20 16:01:05.423  3841  3841 I flutter : [FAIL] framework_error library=rendering library type=FlutterError msg="SliverGeometry is not valid: The "layoutExtent" exceeds the "paintExtent"."
09-20 16:01:05.424  3841  3841 I flutter : [FAIL] framework_error   at #0      SliverGeometry.debugAssertIsValid.<anonymous closure>.verify (package:flutter/src/rendering/sliver.dart:870:9)
09-20 16:01:05.424  3841  3841 I flutter : [FAIL] framework_error   at #1      SliverGeometry.debugAssertIsValid.<anonymous closure> (package:flutter/src/rendering/sliver.dart:882:9)
09-20 16:01:05.424  3841  3841 I flutter : [FAIL] framework_error   at #2      SliverGeometry.debugAssertIsValid (package:flutter/src/rendering/sliver.dart:905:6)
09-20 16:01:05.424  3841  3841 I flutter : [FAIL] framework_error   at #3      RenderViewportBase.layoutChildSequence (package:flutter/src/rendering/viewport.dart:695:34)
09-20 16:01:05.424  3841  3841 I flutter : [FAIL] framework_error   at #4      RenderViewport._attemptLayout (package:flutter/src/rendering/viewport.dart:1684:12)
09-20 16:01:05.424  3841  3841 I flutter : [FAIL] framework_error   at #5      RenderViewport.performLayout (package:flutter/src/rendering/viewport.dart:1575:20)
09-20 16:01:05.424  3841  3841 I flutter : [FAIL] framework_error   at #6      RenderObject._layoutWithoutResize (package:flutter/src/rendering/object.dart:2616:7)
09-20 16:01:05.424  3841  3841 I flutter : [FAIL] framework_error   at #7      PipelineOwner.flushLayout (package:flutter/src/rendering/object.dart:1174:18)
09-20 16:01:05.424  3841  3841 I flutter : [FAIL] framework_error library=rendering library type=FlutterError msg="SliverGeometry is not valid: The "layoutExtent" exceeds the "paintExtent"."
09-20 16:01:05.424  3841  3841 I flutter : [FAIL] framework_error   at #0      SliverGeometry.debugAssertIsValid.<anonymous closure>.verify (package:flutter/src/rendering/sliver.dart:870:9)
09-20 16:01:05.424  3841  3841 I flutter : [FAIL] framework_error   at #1      SliverGeometry.debugAssertIsValid.<anonymous closure> (package:flutter/src/rendering/sliver.dart:882:9)
09-20 16:01:05.424  3841  3841 I flutter : [FAIL] framework_error   at #2      SliverGeometry.debugAssertIsValid (package:flutter/src/rendering/sliver.dart:905:6)
09-20 16:01:05.424  3841  3841 I flutter : [FAIL] framework_error   at #3      RenderSliver.debugAssertDoesMeetConstraints (package:flutter/src/rendering/sliver.dart:1414:17)
09-20 16:01:05.424  3841  3841 I flutter : [FAIL] framework_error   at #4      RenderObject.layout.<anonymous closure> (package:flutter/src/rendering/object.dart:2771:9)
09-20 16:01:05.424  3841  3841 I flutter : [FAIL] framework_error   at #5      RenderObject.layout (package:flutter/src/rendering/object.dart:2773:8)
09-20 16:01:05.424  3841  3841 I flutter : [FAIL] framework_error   at #6      RenderViewportBase.layoutChildSequence (package:flutter/src/rendering/viewport.dart:673:13)
09-20 16:01:05.424  3841  3841 I flutter : [FAIL] framework_error   at #7      RenderViewport._attemptLayout (package:flutter/src/rendering/viewport.dart:1684:12)
09-20 16:01:05.424  3841  3841 I flutter : [FAIL] framework_error library=rendering library type=FlutterError msg="SliverGeometry is not valid: The "layoutExtent" exceeds the "paintExtent"."
09-20 16:01:05.424  3841  3841 I flutter : [FAIL] framework_error   at #0      SliverGeometry.debugAssertIsValid.<anonymous closure>.verify (package:flutter/src/rendering/sliver.dart:870:9)
09-20 16:01:05.424  3841  3841 I flutter : [FAIL] framework_error   at #1      SliverGeometry.debugAssertIsValid.<anonymous closure> (package:flutter/src/rendering/sliver.dart:882:9)
09-20 16:01:05.424  3841  3841 I flutter : [FAIL] framework_error   at #2      SliverGeometry.debugAssertIsValid (package:flutter/src/rendering/sliver.dart:905:6)
09-20 16:01:05.424  3841  3841 I flutter : [FAIL] framework_error   at #3      RenderViewportBase.layoutChildSequence (package:flutter/src/rendering/viewport.dart:695:34)
09-20 16:01:05.424  3841  3841 I flutter : [FAIL] framework_error   at #4      RenderViewport._attemptLayout (package:flutter/src/rendering/viewport.dart:1684:12)
09-20 16:01:05.424  3841  3841 I flutter : [FAIL] framework_error   at #5      RenderViewport.performLayout (package:flutter/src/rendering/viewport.dart:1575:20)
09-20 16:01:05.424  3841  3841 I flutter : [FAIL] framework_error   at #6      RenderObject._layoutWithoutResize (package:flutter/src/rendering/object.dart:2616:7)
09-20 16:01:05.424  3841  3841 I flutter : [FAIL] framework_error   at #7      PipelineOwner.flushLayout (package:flutter/src/rendering/object.dart:1174:18)
09-20 16:01:05.424  3841  3841 I flutter : [FAIL] framework_error library=rendering library type=FlutterError msg="SliverGeometry is not valid: The "layoutExtent" exceeds the "paintExtent"."
09-20 16:01:05.424  3841  3841 I flutter : [FAIL] framework_error   at #0      SliverGeometry.debugAssertIsValid.<anonymous closure>.verify (package:flutter/src/rendering/sliver.dart:870:9)
09-20 16:01:05.424  3841  3841 I flutter : [FAIL] framework_error   at #1      SliverGeometry.debugAssertIsValid.<anonymous closure> (package:flutter/src/rendering/sliver.dart:882:9)
09-20 16:01:05.424  3841  3841 I flutter : [FAIL] framework_error   at #2      SliverGeometry.debugAssertIsValid (package:flutter/src/rendering/sliver.dart:905:6)
09-20 16:01:05.424  3841  3841 I flutter : [FAIL] framework_error   at #3      RenderSliver.debugAssertDoesMeetConstraints (package:flutter/src/rendering/sliver.dart:1414:17)
09-20 16:01:05.424  3841  3841 I flutter : [FAIL] framework_error   at #4      RenderObject.layout.<anonymous closure> (package:flutter/src/rendering/object.dart:2771:9)
09-20 16:01:05.424  3841  3841 I flutter : [FAIL] framework_error   at #5      RenderObject.layout (package:flutter/src/rendering/object.dart:2773:8)
09-20 16:01:05.424  3841  3841 I flutter : [FAIL] framework_error   at #6      RenderViewportBase.layoutChildSequence (package:flutter/src/rendering/viewport.dart:673:13)
09-20 16:01:06.427  3841  3841 I flutter : [FAIL] framework_error   at #7      RenderViewport._attemptLayout (package:flutter/src/rendering/viewport.dart:1684:12)
09-20 16:01:06.427  3841  3841 I flutter : [FAIL] framework_error library=rendering library type=FlutterError msg="SliverGeometry is not valid: The "layoutExtent" exceeds the "paintExtent"."
09-20 16:01:06.427  3841  3841 I flutter : [FAIL] framework_error   at #0      SliverGeometry.debugAssertIsValid.<anonymous closure>.verify (package:flutter/src/rendering/sliver.dart:870:9)
09-20 16:01:06.427  3841  3841 I flutter : [FAIL] framework_error   at #1      SliverGeometry.debugAssertIsValid.<anonymous closure> (package:flutter/src/rendering/sliver.dart:882:9)
09-20 16:01:06.427  3841  3841 I flutter : [FAIL] framework_error   at #2      SliverGeometry.debugAssertIsValid (package:flutter/src/rendering/sliver.dart:905:6)
09-20 16:01:06.427  3841  3841 I flutter : [FAIL] framework_error   at #3      RenderViewportBase.layoutChildSequence (package:flutter/src/rendering/viewport.dart:695:34)
09-20 16:01:06.427  3841  3841 I flutter : [FAIL] framework_error   at #4      RenderViewport._attemptLayout (package:flutter/src/rendering/viewport.dart:1684:12)
09-20 16:01:06.427  3841  3841 I flutter : [FAIL] framework_error   at #5      RenderViewport.performLayout (package:flutter/src/rendering/viewport.dart:1575:20)
09-20 16:01:06.428  3841  3841 I flutter : [FAIL] framework_error   at #6      RenderObject._layoutWithoutResize (package:flutter/src/rendering/object.dart:2616:7)
09-20 16:01:06.428  3841  3841 I flutter : [FAIL] framework_error   at #7      PipelineOwner.flushLayout (package:flutter/src/rendering/object.dart:1174:18)
09-20 16:01:06.428  3841  3841 I flutter : [FAIL] framework_error library=rendering library type=FlutterError msg="SliverGeometry is not valid: The "layoutExtent" exceeds the "paintExtent"."
09-20 16:01:06.428  3841  3841 I flutter : [FAIL] framework_error   at #0      SliverGeometry.debugAssertIsValid.<anonymous closure>.verify (package:flutter/src/rendering/sliver.dart:870:9)
09-20 16:01:06.428  3841  3841 I flutter : [FAIL] framework_error   at #1      SliverGeometry.debugAssertIsValid.<anonymous closure> (package:flutter/src/rendering/sliver.dart:882:9)
09-20 16:01:06.428  3841  3841 I flutter : [FAIL] framework_error   at #2      SliverGeometry.debugAssertIsValid (package:flutter/src/rendering/sliver.dart:905:6)
09-20 16:01:06.428  3841  3841 I flutter : [FAIL] framework_error   at #3      RenderSliver.debugAssertDoesMeetConstraints (package:flutter/src/rendering/sliver.dart:1414:17)
09-20 16:01:06.428  3841  3841 I flutter : [FAIL] framework_error   at #4      RenderObject.layout.<anonymous closure> (package:flutter/src/rendering/object.dart:2771:9)
09-20 16:01:06.428  3841  3841 I flutter : [FAIL] framework_error   at #5      RenderObject.layout (package:flutter/src/rendering/object.dart:2773:8)
09-20 16:01:06.428  3841  3841 I flutter : [FAIL] framework_error   at #6      RenderViewportBase.layoutChildSequence (package:flutter/src/rendering/viewport.dart:673:13)
09-20 16:01:06.428  3841  3841 I flutter : [FAIL] framework_error   at #7      RenderViewport._attemptLayout (package:flutter/src/rendering/viewport.dart:1684:12)
09-20 16:01:06.428  3841  3841 I flutter : [FAIL] framework_error library=rendering library type=FlutterError msg="SliverGeometry is not valid: The "layoutExtent" exceeds the "paintExtent"."
09-20 16:01:06.428  3841  3841 I flutter : [FAIL] framework_error   at #0      SliverGeometry.debugAssertIsValid.<anonymous closure>.verify (package:flutter/src/rendering/sliver.dart:870:9)
09-20 16:01:06.428  3841  3841 I flutter : [FAIL] framework_error   at #1      SliverGeometry.debugAssertIsValid.<anonymous closure> (package:flutter/src/rendering/sliver.dart:882:9)
09-20 16:01:06.428  3841  3841 I flutter : [FAIL] framework_error   at #2      SliverGeometry.debugAssertIsValid (package:flutter/src/rendering/sliver.dart:905:6)
09-20 16:01:06.428  3841  3841 I flutter : [FAIL] framework_error   at #3      RenderViewportBase.layoutChildSequence (package:flutter/src/rendering/viewport.dart:695:34)
09-20 16:01:06.428  3841  3841 I flutter : [FAIL] framework_error   at #4      RenderViewport._attemptLayout (package:flutter/src/rendering/viewport.dart:1684:12)
09-20 16:01:06.428  3841  3841 I flutter : [FAIL] framework_error   at #5      RenderViewport.performLayout (package:flutter/src/rendering/viewport.dart:1575:20)
09-20 16:01:06.429  3841  3841 I flutter : [FAIL] framework_error   at #6      RenderObject._layoutWithoutResize (package:flutter/src/rendering/object.dart:2616:7)
09-20 16:01:06.429  3841  3841 I flutter : [FAIL] framework_error   at #7      PipelineOwner.flushLayout (package:flutter/src/rendering/object.dart:1174:18)
09-20 16:01:06.429  3841  3841 I flutter : [FAIL] framework_error library=rendering library type=FlutterError msg="SliverGeometry is not valid: The "layoutExtent" exceeds the "paintExtent"."
09-20 16:01:06.429  3841  3841 I flutter : [FAIL] framework_error   at #0      SliverGeometry.debugAssertIsValid.<anonymous closure>.verify (package:flutter/src/rendering/sliver.dart:870:9)
09-20 16:01:06.429  3841  3841 I flutter : [FAIL] framework_error   at #1      SliverGeometry.debugAssertIsValid.<anonymous closure> (package:flutter/src/rendering/sliver.dart:882:9)
09-20 16:01:06.430  3841  3841 I flutter : [FAIL] framework_error   at #2      SliverGeometry.debugAssertIsValid (package:flutter/src/rendering/sliver.dart:905:6)
09-20 16:01:06.430  3841  3841 I flutter : [FAIL] framework_error   at #3      RenderSliver.debugAssertDoesMeetConstraints (package:flutter/src/rendering/sliver.dart:1414:17)
09-20 16:01:06.430  3841  3841 I flutter : [FAIL] framework_error   at #4      RenderObject.layout.<anonymous closure> (package:flutter/src/rendering/object.dart:2771:9)
09-20 16:01:06.430  3841  3841 I flutter : [FAIL] framework_error   at #5      RenderObject.layout (package:flutter/src/rendering/object.dart:2773:8)
09-20 16:01:06.430  3841  3841 I flutter : [FAIL] framework_error   at #6      RenderViewportBase.layoutChildSequence (package:flutter/src/rendering/viewport.dart:673:13)
09-20 16:01:06.430  3841  3841 I flutter : [FAIL] framework_error   at #7      RenderViewport._attemptLayout (package:flutter/src/rendering/viewport.dart:1684:12)
09-20 16:01:06.431  3841  3841 I flutter : [FAIL] framework_error library=rendering library type=FlutterError msg="SliverGeometry is not valid: The "layoutExtent" exceeds the "paintExtent"."
09-20 16:01:06.431  3841  3841 I flutter : [FAIL] framework_error   at #0      SliverGeometry.debugAssertIsValid.<anonymous closure>.verify (package:flutter/src/rendering/sliver.dart:870:9)
09-20 16:01:06.431  3841  3841 I flutter : [FAIL] framework_error   at #1      SliverGeometry.debugAssertIsValid.<anonymous closure> (package:flutter/src/rendering/sliver.dart:882:9)
09-20 16:01:06.431  3841  3841 I flutter : [FAIL] framework_error   at #2      SliverGeometry.debugAssertIsValid (package:flutter/src/rendering/sliver.dart:905:6)
09-20 16:01:06.431  3841  3841 I flutter : [FAIL] framework_error   at #3      RenderViewportBase.layoutChildSequence (package:flutter/src/rendering/viewport.dart:695:34)
09-20 16:01:06.431  3841  3841 I flutter : [FAIL] framework_error   at #4      RenderViewport._attemptLayout (package:flutter/src/rendering/viewport.dart:1684:12)
09-20 16:01:06.431  3841  3841 I flutter : [FAIL] framework_error   at #5      RenderViewport.performLayout (package:flutter/src/rendering/viewport.dart:1575:20)
09-20 16:01:06.431  3841  3841 I flutter : [FAIL] framework_error   at #6      RenderObject._layoutWithoutResize (package:flutter/src/rendering/object.dart:2616:7)
09-20 16:01:06.431  3841  3841 I flutter : [FAIL] framework_error   at #7      PipelineOwner.flushLayout (package:flutter/src/rendering/object.dart:1174:18)
09-20 16:01:06.431  3841  3841 I flutter : [FAIL] framework_error library=rendering library type=FlutterError msg="SliverGeometry is not valid: The "layoutExtent" exceeds the "paintExtent"."
09-20 16:01:06.431  3841  3841 I flutter : [FAIL] framework_error   at #0      SliverGeometry.debugAssertIsValid.<anonymous closure>.verify (package:flutter/src/rendering/sliver.dart:870:9)
09-20 16:01:06.431  3841  3841 I flutter : [FAIL] framework_error   at #1      SliverGeometry.debugAssertIsValid.<anonymous closure> (package:flutter/src/rendering/sliver.dart:882:9)
09-20 16:01:06.431  3841  3841 I flutter : [FAIL] framework_error   at #2      SliverGeometry.debugAssertIsValid (package:flutter/src/rendering/sliver.dart:905:6)
09-20 16:01:06.431  3841  3841 I flutter : [FAIL] framework_error   at #3      RenderSliver.debugAssertDoesMeetConstraints (package:flutter/src/rendering/sliver.dart:1414:17)
09-20 16:01:06.431  3841  3841 I flutter : [FAIL] framework_error   at #4      RenderObject.layout.<anonymous closure> (package:flutter/src/rendering/object.dart:2771:9)
09-20 16:01:06.431  3841  3841 I flutter : [FAIL] framework_error   at #5      RenderObject.layout (package:flutter/src/rendering/object.dart:2773:8)
09-20 16:01:06.431  3841  3841 I flutter : [FAIL] framework_error   at #6      RenderViewportBase.layoutChildSequence (package:flutter/src/rendering/viewport.dart:673:13)
09-20 16:01:06.431  3841  3841 I flutter : [FAIL] framework_error   at #7      RenderViewport._attemptLayout (package:flutter/src/rendering/viewport.dart:1684:12)
09-20 16:01:06.431  3841  3841 I flutter : [FAIL] framework_error library=rendering library type=FlutterError msg="SliverGeometry is not valid: The "layoutExtent" exceeds the "paintExtent"."
09-20 16:01:06.431  3841  3841 I flutter : [FAIL] framework_error   at #0      SliverGeometry.debugAssertIsValid.<anonymous closure>.verify (package:flutter/src/rendering/sliver.dart:870:9)
09-20 16:01:06.431  3841  3841 I flutter : [FAIL] framework_error   at #1      SliverGeometry.debugAssertIsValid.<anonymous closure> (package:flutter/src/rendering/sliver.dart:882:9)
09-20 16:01:06.431  3841  3841 I flutter : [FAIL] framework_error   at #2      SliverGeometry.debugAssertIsValid (package:flutter/src/rendering/sliver.dart:905:6)
09-20 16:01:06.431  3841  3841 I flutter : [FAIL] framework_error   at #3      RenderViewportBase.layoutChildSequence (package:flutter/src/rendering/viewport.dart:695:34)
09-20 16:01:06.431  3841  3841 I flutter : [FAIL] framework_error   at #4      RenderViewport._attemptLayout (package:flutter/src/rendering/viewport.dart:1684:12)
09-20 16:01:06.431  3841  3841 I flutter : [FAIL] framework_error   at #5      RenderViewport.performLayout (package:flutter/src/rendering/viewport.dart:1575:20)
09-20 16:01:06.431  3841  3841 I flutter : [FAIL] framework_error   at #6      RenderObject._layoutWithoutResize (package:flutter/src/rendering/object.dart:2616:7)
09-20 16:01:06.431  3841  3841 I flutter : [FAIL] framework_error   at #7      PipelineOwner.flushLayout (package:flutter/src/rendering/object.dart:1174:18)
09-20 16:01:06.431  3841  3841 I flutter : [FAIL] framework_error library=rendering library type=FlutterError msg="SliverGeometry is not valid: The "layoutExtent" exceeds the "paintExtent"."
09-20 16:01:06.431  3841  3841 I flutter : [FAIL] framework_error   at #0      SliverGeometry.debugAssertIsValid.<anonymous closure>.verify (package:flutter/src/rendering/sliver.dart:870:9)
09-20 16:01:06.431  3841  3841 I flutter : [FAIL] framework_error   at #1      SliverGeometry.debugAssertIsValid.<anonymous closure> (package:flutter/src/rendering/sliver.dart:882:9)
09-20 16:01:06.431  3841  3841 I flutter : [FAIL] framework_error   at #2      SliverGeometry.debugAssertIsValid (package:flutter/src/rendering/sliver.dart:905:6)
09-20 16:01:06.431  3841  3841 I flutter : [FAIL] framework_error   at #3      RenderSliver.debugAssertDoesMeetConstraints (package:flutter/src/rendering/sliver.dart:1414:17)
09-20 16:01:06.432  3841  3841 I flutter : [FAIL] framework_error   at #4      RenderObject.layout.<anonymous closure> (package:flutter/src/rendering/object.dart:2771:9)
09-20 16:01:06.432  3841  3841 I flutter : [FAIL] framework_error   at #5      RenderObject.layout (package:flutter/src/rendering/object.dart:2773:8)
09-20 16:01:06.432  3841  3841 I flutter : [FAIL] framework_error   at #6      RenderViewportBase.layoutChildSequence (package:flutter/src/rendering/viewport.dart:673:13)
09-20 16:01:06.432  3841  3841 I flutter : [FAIL] framework_error   at #7      RenderViewport._attemptLayout (package:flutter/src/rendering/viewport.dart:1684:12)
09-20 16:01:06.432  3841  3841 I flutter : [FAIL] framework_error library=rendering library type=FlutterError msg="SliverGeometry is not valid: The "layoutExtent" exceeds the "paintExtent"."
09-20 16:01:06.432  3841  3841 I flutter : [FAIL] framework_error   at #0      SliverGeometry.debugAssertIsValid.<anonymous closure>.verify (package:flutter/src/rendering/sliver.dart:870:9)
09-20 16:01:06.432  3841  3841 I flutter : [FAIL] framework_error   at #1      SliverGeometry.debugAssertIsValid.<anonymous closure> (package:flutter/src/rendering/sliver.dart:882:9)
09-20 16:01:06.432  3841  3841 I flutter : [FAIL] framework_error   at #2      SliverGeometry.debugAssertIsValid (package:flutter/src/rendering/sliver.dart:905:6)
09-20 16:01:06.432  3841  3841 I flutter : [FAIL] framework_error   at #3      RenderViewportBase.layoutChildSequence (package:flutter/src/rendering/viewport.dart:695:34)
09-20 16:01:06.432  3841  3841 I flutter : [FAIL] framework_error   at #4      RenderViewport._attemptLayout (package:flutter/src/rendering/viewport.dart:1684:12)
09-20 16:01:06.432  3841  3841 I flutter : [FAIL] framework_error   at #5      RenderViewport.performLayout (package:flutter/src/rendering/viewport.dart:1575:20)
09-20 16:01:06.432  3841  3841 I flutter : [FAIL] framework_error   at #6      RenderObject._layoutWithoutResize (package:flutter/src/rendering/object.dart:2616:7)
09-20 16:01:06.432  3841  3841 I flutter : [FAIL] framework_error   at #7      PipelineOwner.flushLayout (package:flutter/src/rendering/object.dart:1174:18)
09-20 16:01:06.432  3841  3841 I flutter : [FAIL] framework_error library=rendering library type=FlutterError msg="SliverGeometry is not valid: The "layoutExtent" exceeds the "paintExtent"."
09-20 16:01:06.432  3841  3841 I flutter : [FAIL] framework_error   at #0      SliverGeometry.debugAssertIsValid.<anonymous closure>.verify (package:flutter/src/rendering/sliver.dart:870:9)
09-20 16:01:06.432  3841  3841 I flutter : [FAIL] framework_error   at #1      SliverGeometry.debugAssertIsValid.<anonymous closure> (package:flutter/src/rendering/sliver.dart:882:9)
09-20 16:01:06.432  3841  3841 I flutter : [FAIL] framework_error   at #2      SliverGeometry.debugAssertIsValid (package:flutter/src/rendering/sliver.dart:905:6)
09-20 16:01:06.432  3841  3841 I flutter : [FAIL] framework_error   at #3      RenderSliver.debugAssertDoesMeetConstraints (package:flutter/src/rendering/sliver.dart:1414:17)
09-20 16:01:06.432  3841  3841 I flutter : [FAIL] framework_error   at #4      RenderObject.layout.<anonymous closure> (package:flutter/src/rendering/object.dart:2771:9)
09-20 16:01:06.432  3841  3841 I flutter : [FAIL] framework_error   at #5      RenderObject.layout (package:flutter/src/rendering/object.dart:2773:8)
09-20 16:01:06.432  3841  3841 I flutter : [FAIL] framework_error   at #6      RenderViewportBase.layoutChildSequence (package:flutter/src/rendering/viewport.dart:673:13)
09-20 16:01:06.432  3841  3841 I flutter : [FAIL] framework_error   at #7      RenderViewport._attemptLayout (package:flutter/src/rendering/viewport.dart:1684:12)
09-20 16:01:06.432  3841  3841 I flutter : [FAIL] framework_error library=rendering library type=FlutterError msg="SliverGeometry is not valid: The "layoutExtent" exceeds the "paintExtent"."
09-20 16:01:06.432  3841  3841 I flutter : [FAIL] framework_error   at #0      SliverGeometry.debugAssertIsValid.<anonymous closure>.verify (package:flutter/src/rendering/sliver.dart:870:9)
09-20 16:01:06.432  3841  3841 I flutter : [FAIL] framework_error   at #1      SliverGeometry.debugAssertIsValid.<anonymous closure> (package:flutter/src/rendering/sliver.dart:882:9)
09-20 16:01:06.432  3841  3841 I flutter : [FAIL] framework_error   at #2      SliverGeometry.debugAssertIsValid (package:flutter/src/rendering/sliver.dart:905:6)
09-20 16:01:06.432  3841  3841 I flutter : [FAIL] framework_error   at #3      RenderViewportBase.layoutChildSequence (package:flutter/src/rendering/viewport.dart:695:34)
09-20 16:01:07.437  3841  3841 I flutter : [FAIL] framework_error   at #4      RenderViewport._attemptLayout (package:flutter/src/rendering/viewport.dart:1684:12)
09-20 16:01:07.437  3841  3841 I flutter : [FAIL] framework_error   at #5      RenderViewport.performLayout (package:flutter/src/rendering/viewport.dart:1575:20)
09-20 16:01:07.437  3841  3841 I flutter : [FAIL] framework_error   at #6      RenderObject._layoutWithoutResize (package:flutter/src/rendering/object.dart:2616:7)
09-20 16:01:07.437  3841  3841 I flutter : [FAIL] framework_error   at #7      PipelineOwner.flushLayout (package:flutter/src/rendering/object.dart:1174:18)
09-20 16:01:07.437  3841  3841 I flutter : [FAIL] framework_error library=rendering library type=FlutterError msg="SliverGeometry is not valid: The "layoutExtent" exceeds the "paintExtent"."
09-20 16:01:07.437  3841  3841 I flutter : [FAIL] framework_error   at #0      SliverGeometry.debugAssertIsValid.<anonymous closure>.verify (package:flutter/src/rendering/sliver.dart:870:9)
09-20 16:01:07.438  3841  3841 I flutter : [FAIL] framework_error   at #1      SliverGeometry.debugAssertIsValid.<anonymous closure> (package:flutter/src/rendering/sliver.dart:882:9)
09-20 16:01:07.438  3841  3841 I flutter : [FAIL] framework_error   at #2      SliverGeometry.debugAssertIsValid (package:flutter/src/rendering/sliver.dart:905:6)
09-20 16:01:07.438  3841  3841 I flutter : [FAIL] framework_error   at #3      RenderSliver.debugAssertDoesMeetConstraints (package:flutter/src/rendering/sliver.dart:1414:17)
09-20 16:01:07.438  3841  3841 I flutter : [FAIL] framework_error   at #4      RenderObject.layout.<anonymous closure> (package:flutter/src/rendering/object.dart:2771:9)
09-20 16:01:07.438  3841  3841 I flutter : [FAIL] framework_error   at #5      RenderObject.layout (package:flutter/src/rendering/object.dart:2773:8)
09-20 16:01:07.438  3841  3841 I flutter : [FAIL] framework_error   at #6      RenderViewportBase.layoutChildSequence (package:flutter/src/rendering/viewport.dart:673:13)
09-20 16:01:07.438  3841  3841 I flutter : [FAIL] framework_error   at #7      RenderViewport._attemptLayout (package:flutter/src/rendering/viewport.dart:1684:12)
09-20 16:01:07.438  3841  3841 I flutter : [FAIL] framework_error library=rendering library type=FlutterError msg="SliverGeometry is not valid: The "layoutExtent" exceeds the "paintExtent"."
09-20 16:01:07.438  3841  3841 I flutter : [FAIL] framework_error   at #0      SliverGeometry.debugAssertIsValid.<anonymous closure>.verify (package:flutter/src/rendering/sliver.dart:870:9)
09-20 16:01:07.438  3841  3841 I flutter : [FAIL] framework_error   at #1      SliverGeometry.debugAssertIsValid.<anonymous closure> (package:flutter/src/rendering/sliver.dart:882:9)
09-20 16:01:07.438  3841  3841 I flutter : [FAIL] framework_error   at #2      SliverGeometry.debugAssertIsValid (package:flutter/src/rendering/sliver.dart:905:6)
09-20 16:01:07.438  3841  3841 I flutter : [FAIL] framework_error   at #3      RenderViewportBase.layoutChildSequence (package:flutter/src/rendering/viewport.dart:695:34)
09-20 16:01:07.438  3841  3841 I flutter : [FAIL] framework_error   at #4      RenderViewport._attemptLayout (package:flutter/src/rendering/viewport.dart:1684:12)
09-20 16:01:07.438  3841  3841 I flutter : [FAIL] framework_error   at #5      RenderViewport.performLayout (package:flutter/src/rendering/viewport.dart:1575:20)
09-20 16:01:07.438  3841  3841 I flutter : [FAIL] framework_error   at #6      RenderObject._layoutWithoutResize (package:flutter/src/rendering/object.dart:2616:7)
09-20 16:01:07.438  3841  3841 I flutter : [FAIL] framework_error   at #7      PipelineOwner.flushLayout (package:flutter/src/rendering/object.dart:1174:18)
09-20 16:01:07.438  3841  3841 I flutter : [FAIL] framework_error library=rendering library type=FlutterError msg="SliverGeometry is not valid: The "layoutExtent" exceeds the "paintExtent"."
09-20 16:01:07.438  3841  3841 I flutter : [FAIL] framework_error   at #0      SliverGeometry.debugAssertIsValid.<anonymous closure>.verify (package:flutter/src/rendering/sliver.dart:870:9)
09-20 16:01:07.438  3841  3841 I flutter : [FAIL] framework_error   at #1      SliverGeometry.debugAssertIsValid.<anonymous closure> (package:flutter/src/rendering/sliver.dart:882:9)
09-20 16:01:07.438  3841  3841 I flutter : [FAIL] framework_error   at #2      SliverGeometry.debugAssertIsValid (package:flutter/src/rendering/sliver.dart:905:6)
09-20 16:01:07.438  3841  3841 I flutter : [FAIL] framework_error   at #3      RenderSliver.debugAssertDoesMeetConstraints (package:flutter/src/rendering/sliver.dart:1414:17)
09-20 16:01:07.438  3841  3841 I flutter : [FAIL] framework_error   at #4      RenderObject.layout.<anonymous closure> (package:flutter/src/rendering/object.dart:2771:9)
09-20 16:01:07.438  3841  3841 I flutter : [FAIL] framework_error   at #5      RenderObject.layout (package:flutter/src/rendering/object.dart:2773:8)
09-20 16:01:07.438  3841  3841 I flutter : [FAIL] framework_error   at #6      RenderViewportBase.layoutChildSequence (package:flutter/src/rendering/viewport.dart:673:13)
09-20 16:01:07.438  3841  3841 I flutter : [FAIL] framework_error   at #7      RenderViewport._attemptLayout (package:flutter/src/rendering/viewport.dart:1684:12)
09-20 16:01:07.438  3841  3841 I flutter : [FAIL] framework_error library=rendering library type=FlutterError msg="SliverGeometry is not valid: The "layoutExtent" exceeds the "paintExtent"."
09-20 16:01:07.438  3841  3841 I flutter : [FAIL] framework_error   at #0      SliverGeometry.debugAssertIsValid.<anonymous closure>.verify (package:flutter/src/rendering/sliver.dart:870:9)
09-20 16:01:07.438  3841  3841 I flutter : [FAIL] framework_error   at #1      SliverGeometry.debugAssertIsValid.<anonymous closure> (package:flutter/src/rendering/sliver.dart:882:9)
09-20 16:01:07.438  3841  3841 I flutter : [FAIL] framework_error   at #2      SliverGeometry.debugAssertIsValid (package:flutter/src/rendering/sliver.dart:905:6)
09-20 16:01:07.438  3841  3841 I flutter : [FAIL] framework_error   at #3      RenderViewportBase.layoutChildSequence (package:flutter/src/rendering/viewport.dart:695:34)
09-20 16:01:07.438  3841  3841 I flutter : [FAIL] framework_error   at #4      RenderViewport._attemptLayout (package:flutter/src/rendering/viewport.dart:1684:12)
09-20 16:01:07.438  3841  3841 I flutter : [FAIL] framework_error   at #5      RenderViewport.performLayout (package:flutter/src/rendering/viewport.dart:1575:20)
09-20 16:01:07.438  3841  3841 I flutter : [FAIL] framework_error   at #6      RenderObject._layoutWithoutResize (package:flutter/src/rendering/object.dart:2616:7)
09-20 16:01:07.438  3841  3841 I flutter : [FAIL] framework_error   at #7      PipelineOwner.flushLayout (package:flutter/src/rendering/object.dart:1174:18)
09-20 16:01:07.438  3841  3841 I flutter : [FAIL] framework_error library=rendering library type=FlutterError msg="SliverGeometry is not valid: The "layoutExtent" exceeds the "paintExtent"."
09-20 16:01:07.438  3841  3841 I flutter : [FAIL] framework_error   at #0      SliverGeometry.debugAssertIsValid.<anonymous closure>.verify (package:flutter/src/rendering/sliver.dart:870:9)
09-20 16:01:07.438  3841  3841 I flutter : [FAIL] framework_error   at #1      SliverGeometry.debugAssertIsValid.<anonymous closure> (package:flutter/src/rendering/sliver.dart:882:9)
09-20 16:01:07.438  3841  3841 I flutter : [FAIL] framework_error   at #2      SliverGeometry.debugAssertIsValid (package:flutter/src/rendering/sliver.dart:905:6)
09-20 16:01:07.438  3841  3841 I flutter : [FAIL] framework_error   at #3      RenderSliver.debugAssertDoesMeetConstraints (package:flutter/src/rendering/sliver.dart:1414:17)
09-20 16:01:07.438  3841  3841 I flutter : [FAIL] framework_error   at #4      RenderObject.layout.<anonymous closure> (package:flutter/src/rendering/object.dart:2771:9)
09-20 16:01:07.438  3841  3841 I flutter : [FAIL] framework_error   at #5      RenderObject.layout (package:flutter/src/rendering/object.dart:2773:8)
09-20 16:01:07.438  3841  3841 I flutter : [FAIL] framework_error   at #6      RenderViewportBase.layoutChildSequence (package:flutter/src/rendering/viewport.dart:673:13)
09-20 16:01:07.438  3841  3841 I flutter : [FAIL] framework_error   at #7      RenderViewport._attemptLayout (package:flutter/src/rendering/viewport.dart:1684:12)
09-20 16:01:07.438  3841  3841 I flutter : [FAIL] framework_error library=rendering library type=FlutterError msg="SliverGeometry is not valid: The "layoutExtent" exceeds the "paintExtent"."
09-20 16:01:07.438  3841  3841 I flutter : [FAIL] framework_error   at #0      SliverGeometry.debugAssertIsValid.<anonymous closure>.verify (package:flutter/src/rendering/sliver.dart:870:9)
09-20 16:01:07.438  3841  3841 I flutter : [FAIL] framework_error   at #1      SliverGeometry.debugAssertIsValid.<anonymous closure> (package:flutter/src/rendering/sliver.dart:882:9)
09-20 16:01:07.438  3841  3841 I flutter : [FAIL] framework_error   at #2      SliverGeometry.debugAssertIsValid (package:flutter/src/rendering/sliver.dart:905:6)
09-20 16:01:07.439  3841  3841 I flutter : [FAIL] framework_error   at #3      RenderViewportBase.layoutChildSequence (package:flutter/src/rendering/viewport.dart:695:34)
09-20 16:01:07.439  3841  3841 I flutter : [FAIL] framework_error   at #4      RenderViewport._attemptLayout (package:flutter/src/rendering/viewport.dart:1684:12)
09-20 16:01:07.439  3841  3841 I flutter : [FAIL] framework_error   at #5      RenderViewport.performLayout (package:flutter/src/rendering/viewport.dart:1575:20)
09-20 16:01:07.439  3841  3841 I flutter : [FAIL] framework_error   at #6      RenderObject._layoutWithoutResize (package:flutter/src/rendering/object.dart:2616:7)
09-20 16:01:07.439  3841  3841 I flutter : [FAIL] framework_error   at #7      PipelineOwner.flushLayout (package:flutter/src/rendering/object.dart:1174:18)
09-20 16:01:07.439  3841  3841 I flutter : [FAIL] framework_error library=rendering library type=FlutterError msg="SliverGeometry is not valid: The "layoutExtent" exceeds the "paintExtent"."
09-20 16:01:07.439  3841  3841 I flutter : [FAIL] framework_error   at #0      SliverGeometry.debugAssertIsValid.<anonymous closure>.verify (package:flutter/src/rendering/sliver.dart:870:9)
09-20 16:01:07.439  3841  3841 I flutter : [FAIL] framework_error   at #1      SliverGeometry.debugAssertIsValid.<anonymous closure> (package:flutter/src/rendering/sliver.dart:882:9)
09-20 16:01:07.439  3841  3841 I flutter : [FAIL] framework_error   at #2      SliverGeometry.debugAssertIsValid (package:flutter/src/rendering/sliver.dart:905:6)
09-20 16:01:07.439  3841  3841 I flutter : [FAIL] framework_error   at #3      RenderSliver.debugAssertDoesMeetConstraints (package:flutter/src/rendering/sliver.dart:1414:17)
09-20 16:01:07.439  3841  3841 I flutter : [FAIL] framework_error   at #4      RenderObject.layout.<anonymous closure> (package:flutter/src/rendering/object.dart:2771:9)
09-20 16:01:07.439  3841  3841 I flutter : [FAIL] framework_error   at #5      RenderObject.layout (package:flutter/src/rendering/object.dart:2773:8)
09-20 16:01:07.439  3841  3841 I flutter : [FAIL] framework_error   at #6      RenderViewportBase.layoutChildSequence (package:flutter/src/rendering/viewport.dart:673:13)
09-20 16:01:07.439  3841  3841 I flutter : [FAIL] framework_error   at #7      RenderViewport._attemptLayout (package:flutter/src/rendering/viewport.dart:1684:12)
09-20 16:01:07.439  3841  3841 I flutter : [FAIL] framework_error library=rendering library type=FlutterError msg="SliverGeometry is not valid: The "layoutExtent" exceeds the "paintExtent"."
09-20 16:01:07.439  3841  3841 I flutter : [FAIL] framework_error   at #0      SliverGeometry.debugAssertIsValid.<anonymous closure>.verify (package:flutter/src/rendering/sliver.dart:870:9)
09-20 16:01:07.439  3841  3841 I flutter : [FAIL] framework_error   at #1      SliverGeometry.debugAssertIsValid.<anonymous closure> (package:flutter/src/rendering/sliver.dart:882:9)
09-20 16:01:07.439  3841  3841 I flutter : [FAIL] framework_error   at #2      SliverGeometry.debugAssertIsValid (package:flutter/src/rendering/sliver.dart:905:6)
09-20 16:01:07.439  3841  3841 I flutter : [FAIL] framework_error   at #3      RenderViewportBase.layoutChildSequence (package:flutter/src/rendering/viewport.dart:695:34)
09-20 16:01:07.439  3841  3841 I flutter : [FAIL] framework_error   at #4      RenderViewport._attemptLayout (package:flutter/src/rendering/viewport.dart:1684:12)
09-20 16:01:07.439  3841  3841 I flutter : [FAIL] framework_error   at #5      RenderViewport.performLayout (package:flutter/src/rendering/viewport.dart:1575:20)
09-20 16:01:07.439  3841  3841 I flutter : [FAIL] framework_error   at #6      RenderObject._layoutWithoutResize (package:flutter/src/rendering/object.dart:2616:7)
09-20 16:01:07.439  3841  3841 I flutter : [FAIL] framework_error   at #7      PipelineOwner.flushLayout (package:flutter/src/rendering/object.dart:1174:18)
09-20 16:01:07.439  3841  3841 I flutter : [FAIL] framework_error library=scheduler library type=_AssertionError msg="'package:flutter/src/rendering/object.dart': Failed assertion: line 5737 pos 14: '!childSemantics.renderObject._needsLayout': is not true."
09-20 16:01:07.439  3841  3841 I flutter : [FAIL] framework_error   at #0      _AssertionError._doThrowNew (dart:core-patch/errors_patch.dart:67:4)
09-20 16:01:07.439  3841  3841 I flutter : [FAIL] framework_error   at #1      _AssertionError._throwNew (dart:core-patch/errors_patch.dart:49:5)
09-20 16:01:07.439  3841  3841 I flutter : [FAIL] framework_error   at #2      _RenderObjectSemantics._collectChildMergeUpAndSiblingGroup (package:flutter/src/rendering/object.dart:5737:14)
09-20 16:01:07.439  3841  3841 I flutter : [FAIL] framework_error   at #3      _RenderObjectSemantics.updateChildren (package:flutter/src/rendering/object.dart:5608:50)
09-20 16:01:07.439  3841  3841 I flutter : [FAIL] framework_error   at #4      _RenderObjectSemantics._didUpdateParentData (package:flutter/src/rendering/object.dart:5815:5)
09-20 16:01:07.439  3841  3841 I flutter : [FAIL] framework_error   at #5      _RenderObjectSemantics._collectChildMergeUpAndSiblingGroup (package:flutter/src/rendering/object.dart:5738:22)
09-20 16:01:07.439  3841  3841 I flutter : [FAIL] framework_error   at #6      _RenderObjectSemantics.updateChildren (package:flutter/src/rendering/object.dart:5608:50)
09-20 16:01:07.439  3841  3841 I flutter : [FAIL] framework_error   at #7      _RenderObjectSemantics._didUpdateParentData (package:flutter/src/rendering/object.dart:5815:5)
