LOG[GETX] Instance "AnalyticsService" has been created
LOG[GETX] Instance "AnalyticsService" has been initialized
LOG[GETX] Instance "LocationServiceInterface" has been created
LOG[GETX] Instance "LocationRepositoryInterface<dynamic>" has been created
LOG[GETX] Instance "ApiClient" has been created
LOG[GETX] Instance "SharedPreferences" has been created
LOG[GETX] Instance "ApiClient" has been initialized
LOG[GETX] Instance "PricingServiceInterface" has been created
LOG[GETX] Instance "ThemeController" has been created
LOG[GETX] Instance "ThemeController" has been initialized
LOG[GETX] Instance "LocalizationController" has been created
LOG[GETX] Instance "LanguageServiceInterface" has been created
LOG[GETX] Instance "LanguageRepositoryInterface" has been created
LOG[GETX] Instance "LocalizationController" has been initialized
LOG[GETX] Instance "SplashController" has been created
LOG[GETX] Instance "SplashServiceInterface" has been created
LOG[GETX] Instance "SplashRepositoryInterface" has been created
LOG[GETX] Instance "SplashController" has been initialized
LOG[GETX] Instance "GetMaterialController" has been created
LOG[GETX] Instance "GetMaterialController" has been initialized
LOG[GETX] GOING TO ROUTE /splash?data=null&deeplink=null
LOG[GETX] GOING TO ROUTE /splash?data=null&deeplink=null
LOG[GETX] Instance "ModuleController" has been created
LOG[GETX] Instance "ModuleController" has been initialized
LOG[GETX] Instance "AuthController" has been created
LOG[GETX] Instance "AuthServiceInterface" has been created
LOG[GETX] Instance "AuthRepositoryInterface" has been created
LOG[GETX] Instance "AuthController" has been initialized
LOG[GETX] Instance "CartController" has been created
LOG[GETX] Instance "CartServiceInterface" has been created
LOG[GETX] Instance "CartRepositoryInterface<dynamic>" has been created
LOG[GETX] Instance "CartController" has been initialized
LOG[GETX] Instance "LocationController" has been created
LOG[GETX] Instance "LocationController" has been initialized
LOG[GETX] Instance "PricingSummaryController" has been created
LOG[GETX] Instance "PricingSummaryController" has been initialized
LOG[GETX] Instance "BannerController" has been created
LOG[GETX] Instance "BannerServiceInterface" has been created
LOG[GETX] Instance "BannerRepositoryInterface" has been created
LOG[GETX] Instance "BannerController" has been initialized
LOG[GETX] Instance "StoreController" has been created
LOG[GETX] Instance "StoreServiceInterface" has been created
LOG[GETX] Instance "StoreRepositoryInterface" has been created
LOG[GETX] Instance "StoreController" has been initialized
LOG[GETX] Instance "ItemController" has been created
LOG[GETX] Instance "ItemServiceInterface" has been created
LOG[GETX] Instance "ItemRepositoryInterface" has been created
LOG[GETX] Instance "ItemController" has been initialized
LOG[GETX] Instance "CategoryController" has been created
LOG[GETX] Instance "CategoryServiceInterface" has been created
LOG[GETX] Instance "CategoryRepositoryInterface" has been created
LOG[GETX] Instance "CategoryController" has been initialized
LOG[GETX] Instance "CampaignController" has been created
LOG[GETX] Instance "CampaignServiceInterface" has been created
LOG[GETX] Instance "CampaignRepositoryInterface" has been created
LOG[GETX] Instance "CampaignController" has been initialized
LOG[GETX] Instance "FlashSaleController" has been created
LOG[GETX] Instance "FlashSaleServiceInterface" has been created
LOG[GETX] Instance "FlashSaleRepositoryInterface<dynamic>" has been created
LOG[GETX] Instance "FlashSaleController" has been initialized
LOG[GETX] REPLACE ROUTE /splash?data=null&deeplink=null
LOG[GETX] NEW ROUTE /?module=food-restaurant&from-splash=true
LOG[GETX] REPLACE ROUTE /splash?data=null&deeplink=null
LOG[GETX] NEW ROUTE /?module=food-restaurant&from-splash=true
LOG[GETX] Instance "HomeController" has been created
LOG[GETX] Instance "HomeServiceInterface" has been created
LOG[GETX] Instance "HomeRepositoryInterface<dynamic>" has been created
LOG[GETX] Instance "HomeController" has been initialized
LOG[GETX] Instance "OrderController" has been created
LOG[GETX] Instance "OrderServiceInterface" has been created
LOG[GETX] Instance "OrderRepositoryInterface" has been created
LOG[GETX] Instance "OrderController" has been initialized
LOG[GETX] Instance "AdvertisementController" has been created
LOG[GETX] Instance "AdvertisementServiceInterface" has been created
LOG[GETX] Instance "AdvertisementRepositoryInterface" has been created
LOG[GETX] Instance "AdvertisementController" has been initialized
LOG[GETX] Instance "NotificationController" has been created
LOG[GETX] Instance "NotificationServiceInterface" has been created
LOG[GETX] Instance "NotificationRepositoryInterface" has been created
LOG[GETX] Instance "NotificationController" has been initialized
LOG[GETX] Instance "ProfileController" has been created
LOG[GETX] Instance "ProfileServiceInterface" has been created
LOG[GETX] Instance "ProfileRepositoryInterface" has been created
LOG[GETX] Instance "ProfileController" has been initialized
LOG[GETX] Instance "FavouriteController" has been created
LOG[GETX] Instance "FavouriteServiceInterface" has been created
LOG[GETX] Instance "FavouriteRepositoryInterface<dynamic>" has been created
LOG[GETX] Instance "FavouriteController" has been initialized
LOG[GETX] GOING TO ROUTE /item-view-all-screen?page=popular
LOG[GETX] GOING TO ROUTE /item-view-all-screen?page=popular
LOG[] AnalyticsService.logEvent(filter_applied) failed: 'package:firebase_analytics/src/firebase_analytics.dart': Failed assertion: li
LOG[GETX] CLOSE TO ROUTE /item-view-all-screen?page=popular
LOG[GETX] CLOSE TO ROUTE /item-view-all-screen?page=popular
CTL {"jsonrpc": "2.0", "result": {"type": "Success"}, "id": 1}
STDOUT flutter: 📊 analytics: app_open {}STDOUT 
STDOUT flutter: [INFO] msg="route: building splash route, hasData=false"STDOUT 
STDOUT flutter: [INFO] msg="route: navigating to splash screen"STDOUT 
STDOUT flutter: [INFO] msg="splash: location prefetch initiated"STDOUT 
STDOUT flutter: [NET] GET endpoint=/api/v1/customer/cart/listSTDOUT 
STDOUT flutter: [NET] GET endpoint=/api/v1/configSTDOUT 
STDOUT flutter: [NET] endpoint=/api/v1/config http_status=200STDOUT 
STDOUT flutter: [INFO] msg="splash: deeplink resolved canRoute=true"STDOUT 
STDOUT flutter: [INFO] msg="splash: routing"STDOUT 
STDOUT flutter: [NET] GET endpoint=/api/v1/config/get-zone-idSTDOUT 
STDOUT flutter: [NET] GET endpoint=/api/v1/moduleSTDOUT 
STDOUT flutter: 📊 analytics: cold_start_completed {cold_start_ms: 1368, blocked_on: config, destination: home}STDOUT 
STDOUT flutter: [NET] endpoint=/api/v1/customer/cart/list http_status=200STDOUT 
STDOUT flutter: [NET] endpoint=/api/v1/config/get-zone-id http_status=200STDOUT 
STDOUT flutter: [INFO] msg="location: inZone=true"STDOUT 
STDOUT flutter: [NET] endpoint=/api/v1/module http_status=200STDOUT 
STDOUT flutter: 📊 analytics: sectors_shown {sectors_count: 5, zone_id: 1}STDOUT 
STDOUT flutter: 📊 analytics: module_restored {module_id: 2, zone_id: 1, module: food, source: last_used, modules_available: 5, screen: home, section: module_tabs}STDOUT 
STDOUT flutter: [NET] GET endpoint=/api/v1/customer/cart/listSTDOUT 
STDOUT flutter: [NET] GET endpoint=/api/v1/customer/cart/listSTDOUT 
STDOUT flutter: [INFO] msg="route: initial route module=food-restaurant"STDOUT 
STDOUT flutter: [INFO] msg="route: waiting for module=food-restaurant"STDOUT 
STDOUT flutter: [INFO] msg="route: checkModuleId configNull=false hasAddress=true fromDeeplink=false"STDOUT 
STDOUT flutter: [INFO] msg="route: not from deeplink, skipping module fetch"STDOUT 
STDOUT flutter: [INFO] msg="route: module future state=ConnectionState.waiting hasData=false hasError=false"STDOUT 
STDOUT flutter: [INFO] msg="route: module future state=ConnectionState.done hasData=false hasError=false"STDOUT 
STDOUT flutter: [INFO] msg="home load started"STDOUT 
STDOUT flutter: [INFO] msg="location: zone resolved from short-TTL coord cache (T2 dedupe)"STDOUT 
STDOUT flutter: [INFO] msg="location: inZone=true"STDOUT 
STDOUT flutter: [NET] GET endpoint=/api/v1/home/allSTDOUT 
STDOUT flutter: [NET] endpoint=/api/v1/customer/cart/list http_status=200STDOUT 
STDOUT flutter: [NET] endpoint=/api/v1/customer/cart/list http_status=200STDOUT 
STDOUT flutter: [NET] endpoint=/api/v1/home/all http_status=200STDOUT 
STDOUT flutter: [NET] GET endpoint=/api/v1/other-bannersSTDOUT 
STDOUT flutter: [NET] GET endpoint=/api/v1/flash-salesSTDOUT 
STDOUT flutter: [NET] GET endpoint=/api/v1/items/popularSTDOUT 
STDOUT flutter: [NET] GET endpoint=/api/v1/items/most-reviewedSTDOUT 
STDOUT flutter: [NET] GET endpoint=/api/v1/campaigns/basicSTDOUT 
STDOUT flutter: [NET] GET endpoint=/api/v1/campaigns/itemSTDOUT 
STDOUT flutter: [NET] GET endpoint=/api/v1/items/recommendedSTDOUT 
STDOUT flutter: 📊 analytics: view_item_list {item_list_id: store_card_popular_items, item_list_name: store_card_popular_items, item_count: 5, screen: home, store_id: 4, section: stores_list, position: 1}STDOUT 
STDOUT flutter: 📊 analytics: view_item_list {item_list_id: store_card_popular_items, item_list_name: store_card_popular_items, item_count: 5, screen: home, store_id: 5, section: stores_list, position: 2}STDOUT 
STDOUT flutter: 📊 analytics: view_item_list {item_list_id: store_card_popular_items, item_list_name: store_card_popular_items, item_count: 5, screen: home, store_id: 6, section: stores_list, position: 3}STDOUT 
STDOUT flutter: 📊 analytics: view_item_list {item_list_id: store_card_popular_items, item_list_name: store_card_popular_items, item_count: 5, screen: home, store_id: 39, section: stores_list, position: 4}STDOUT 
STDOUT flutter: 📊 analytics: view_item_list {item_list_id: store_card_popular_items, item_list_name: store_card_popular_items, item_count: 5, screen: home, store_id: 40, section: stores_list, position: 5}STDOUT 
STDOUT flutter: 📊 analytics: view_item_list {item_list_id: store_card_popular_items, item_list_name: store_card_popular_items, item_count: 5, screen: home, store_id: 41, section: stores_list, position: 6}STDOUT 
STDOUT flutter: 📊 analytics: view_store_list {item_list_id: stores_list, item_list_name: stores_list, count: 7, screen: home, with_popular_items_count: 6}STDOUT 
STDOUT flutter: [NET] GET endpoint=/api/v1/stores/get-stores/allSTDOUT 
STDOUT flutter: [NET] GET endpoint=/api/v1/advertisement/listSTDOUT 
STDOUT flutter: [NET] GET endpoint=/api/v1/moduleSTDOUT 
STDOUT flutter: [WARN] msg="isAvailable: minute-precision end time, treating as inclusive to :59 (item boundary degrade)"STDOUT 
STDOUT flutter: [WARN] msg="isAvailable: minute-precision end time, treating as inclusive to :59 (item boundary degrade)"STDOUT 
STDOUT flutter: [WARN] msg="isAvailable: minute-precision end time, treating as inclusive to :59 (item boundary degrade)"STDOUT 
STDOUT flutter: [NET] endpoint=/api/v1/campaigns/basic http_status=200STDOUT 
STDOUT flutter: [NET] endpoint=/api/v1/advertisement/list http_status=200STDOUT 
STDOUT flutter: [NET] endpoint=/api/v1/other-banners http_status=200STDOUT 
STDOUT flutter: [NET] endpoint=/api/v1/items/most-reviewed http_status=200STDOUT 
STDOUT flutter: [NET] endpoint=/api/v1/flash-sales http_status=200STDOUT 
STDOUT flutter: [NET] endpoint=/api/v1/items/popular http_status=200STDOUT 
STDOUT flutter: [NET] endpoint=/api/v1/campaigns/item http_status=200STDOUT 
STDOUT flutter: [NET] endpoint=/api/v1/items/recommended http_status=200STDOUT 
STDOUT flutter: [NET] endpoint=/api/v1/stores/get-stores/all http_status=200STDOUT 
STDOUT flutter: 📊 analytics: view_item_list {item_list_id: store_card_popular_items, item_list_name: store_card_popular_items, item_count: 5, screen: home, store_id: 4, section: stores_list, position: 1}STDOUT 
STDOUT flutter: 📊 analytics: view_item_list {item_list_id: store_card_popular_items, item_list_name: store_card_popular_items, item_count: 5, screen: home, store_id: 5, section: stores_list, position: 2}STDOUT 
STDOUT flutter: 📊 analytics: view_item_list {item_list_id: store_card_popular_items, item_list_name: store_card_popular_items, item_count: 5, screen: home, store_id: 6, section: stores_list, position: 3}STDOUT 
STDOUT flutter: 📊 analytics: view_item_list {item_list_id: store_card_popular_items, item_list_name: store_card_popular_items, item_count: 5, screen: home, store_id: 39, section: stores_list, position: 4}STDOUT 
STDOUT flutter: 📊 analytics: view_item_list {item_list_id: store_card_popular_items, item_list_name: store_card_popular_items, item_count: 5, screen: home, store_id: 40, section: stores_list, position: 5}STDOUT 
STDOUT flutter: 📊 analytics: view_item_list {item_list_id: store_card_popular_items, item_list_name: store_card_popular_items, item_count: 5, screen: home, store_id: 41, section: stores_list, position: 6}STDOUT 
STDOUT flutter: 📊 analytics: view_store_list {item_list_id: stores_list, item_list_name: stores_list, count: 7, screen: home, with_popular_items_count: 6}STDOUT 
STDOUT flutter: [NET] endpoint=/api/v1/module http_status=200STDOUT 
STDOUT flutter: ----------------FIREBASE CRASHLYTICS----------------STDOUT 
STDOUT flutter: The following exception was thrown location: getPosition threw (TimeoutException) — trying the AD1 fallback ladder:STDOUT 
STDOUT flutter: GetPositionFailureSTDOUT 
STDOUT flutter: 
#0      Future.timeout.<anonymous closure> (dart:async/future_impl.dart:1042:24)
<asynchronous suspension>
#1      GeolocatorAndroid.getCurrentPosition (package:geolocator_android/src/geolocator_android.dart:126:27)
<asynchronous suspension>
#2      LocationService.getPosition (package:nears/features/location/domain/services/location_service.dart:134:13)
<asynchronous suspension>
#3      LocationController.checkLocationActive (package:nears/features/location/controllers/location_controller.dart:2031:47)
<asynchronous suspension>
#4      SplashController._prefetchDeviceLocation (package:nears/features/splash/controllers/splash_controller.dart:243:7)
<asynchronous suspension>
STDOUT 
STDOUT flutter: ----------------------------------------------------STDOUT 
STDOUT flutter: [FAIL] endpoint=null http_status=null type=GetPositionFailure msg="location: getPosition threw (TimeoutException) — trying the AD1 fallback ladder"STDOUT 
STDOUT flutter: [INFO] msg="location: fallback ladder -> stale last-known GPS fix"STDOUT 
STDOUT flutter: [INFO] msg="location: within 1km of selected address: true"STDOUT 
STDOUT flutter: [INFO] msg="splash: location prefetch completed"STDOUT 
STDOUT flutter: 📊 analytics: see_all_tapped {section: most_popular_item, module_id: 2, screen: home}STDOUT 
STDOUT flutter: [NET] GET endpoint=/api/v1/items/popularSTDOUT 
STDOUT flutter: [NET] endpoint=/api/v1/items/popular http_status=200STDOUT 
STDOUT flutter: 📊 analytics: view_item_list {item_list_id: item_view_all, item_list_name: item_view_all, item_count: 25, screen: item_view_all}STDOUT 
STDOUT flutter: 📊 analytics: filter_sheet_opened {screen: item_view_all, section: filter_sheet}STDOUT 
STDOUT flutter: [EVT] name=filter_sheet_opened params=[screen, section, module_id, zone_id]STDOUT 
STDOUT flutter: 📊 analytics: filter_applied {screen: item_view_all, section: filter_sheet, applied_filters_count: 2, sort_key: high, availability: true, list_id: item_view_all}STDOUT 
STDOUT flutter: [EVT] name=filter_applied params=[screen, section, module_id, zone_id, applied_filters_count, sort_key, availability, list_id]STDOUT 
STDOUT flutter: [NET] GET endpoint=/api/v1/items/popularSTDOUT 
STDOUT flutter: [NET] endpoint=/api/v1/items/popular http_status=200STDOUT 
STDOUT flutter: 📊 analytics: view_item_list {item_list_id: item_view_all, item_list_name: item_view_all, item_count: 25, screen: item_view_all}STDOUT 
STDOUT flutter: [NET] GET endpoint=/api/v1/items/popularSTDOUT 
STDOUT flutter: [NET] endpoint=/api/v1/items/popular http_status=200STDOUT 
STDOUT flutter: 📊 analytics: view_item_list {item_list_id: item_view_all, item_list_name: item_view_all, item_count: 25, screen: item_view_all}STDOUT 
STDOUT flutter: [NET] GET endpoint=/api/v1/items/popularSTDOUT 
STDOUT flutter: [NET] endpoint=/api/v1/items/popular http_status=200STDOUT 
STDOUT flutter: 📊 analytics: view_item_list {item_list_id: item_view_all, item_list_name: item_view_all, item_count: 25, screen: item_view_all}STDOUT 
STDOUT flutter: 📊 analytics: filter_sheet_opened {screen: item_view_all, section: filter_sheet}STDOUT 
STDOUT flutter: [EVT] name=filter_sheet_opened params=[screen, section, module_id, zone_id]STDOUT 
STDOUT flutter: 📊 analytics: filter_applied {screen: item_view_all, section: filter_sheet, applied_filters_count: 1, sort_key: high, list_id: item_view_all}STDOUT 
STDOUT flutter: [EVT] name=filter_applied params=[screen, section, module_id, zone_id, applied_filters_count, sort_key, list_id]STDOUT 
STDOUT flutter: [NET] GET endpoint=/api/v1/items/popularSTDOUT 
STDOUT flutter: [NET] endpoint=/api/v1/items/popular http_status=200STDOUT 
STDOUT flutter: 📊 analytics: view_item_list {item_list_id: item_view_all, item_list_name: item_view_all, item_count: 25, screen: item_view_all}STDOUT 
STDOUT flutter: [INFO] msg="item view-all: reached end of pagination, offset=2"STDOUT 
STDOUT flutter: [NET] GET endpoint=/api/v1/items/popularSTDOUT 
STDOUT flutter: [NET] endpoint=/api/v1/items/popular http_status=200STDOUT 
STDOUT flutter: [NET] GET endpoint=/api/v1/items/popularSTDOUT 
STDOUT flutter: [NET] endpoint=/api/v1/items/popular http_status=200STDOUT 
STDOUT flutter: 📊 analytics: view_item_list {item_list_id: item_view_all, item_list_name: item_view_all, item_count: 25, screen: item_view_all}STDOUT 
CTL {"jsonrpc": "2.0", "result": {"type": "Success"}, "id": 2}
CTL {"jsonrpc": "2.0", "result": {"type": "Success"}, "id": 3}
EXT Extension {"type": "Event", "kind": "Extension", "extensionKind": "Flutter.FrameworkInitialization", "isolateGroup": {"type": "@IsolateGroup", "id": "isolateGroups/6534132917220748", "name": "main.dart", "numbe
EXT Extension {"type": "Event", "kind": "Extension", "extensionKind": "Flutter.ServiceExtensionStateChanged", "isolateGroup": {"type": "@IsolateGroup", "id": "isolateGroups/6534132917220748", "name": "main.dart", "
EXT Extension {"type": "Event", "kind": "Extension", "extensionKind": "Flutter.ServiceExtensionStateChanged", "isolateGroup": {"type": "@IsolateGroup", "id": "isolateGroups/6534132917220748", "name": "main.dart", "
EXT Extension {"type": "Event", "kind": "Extension", "extensionKind": "drift:database-list-changed", "isolateGroup": {"type": "@IsolateGroup", "id": "isolateGroups/6534132917220748", "name": "main.dart", "number": 
EXT Extension {"type": "Event", "kind": "Extension", "extensionKind": "Flutter.Frame", "isolateGroup": {"type": "@IsolateGroup", "id": "isolateGroups/6534132917220748", "name": "main.dart", "number": "6534132917220
EXT Extension {"type": "Event", "kind": "Extension", "extensionKind": "Flutter.FirstFrame", "isolateGroup": {"type": "@IsolateGroup", "id": "isolateGroups/6534132917220748", "name": "main.dart", "number": "65341329
EXT Extension {"type": "Event", "kind": "Extension", "extensionKind": "Flutter.FrameworkInitialization", "isolateGroup": {"type": "@IsolateGroup", "id": "isolateGroups/3008904091464186", "name": "main.dart", "numbe
EXT Extension {"type": "Event", "kind": "Extension", "extensionKind": "Flutter.Frame", "isolateGroup": {"type": "@IsolateGroup", "id": "isolateGroups/6534132917220748", "name": "main.dart", "number": "6534132917220
EXT Extension {"type": "Event", "kind": "Extension", "extensionKind": "Flutter.Frame", "isolateGroup": {"type": "@IsolateGroup", "id": "isolateGroups/6534132917220748", "name": "main.dart", "number": "6534132917220
EXT Extension {"type": "Event", "kind": "Extension", "extensionKind": "Flutter.Frame", "isolateGroup": {"type": "@IsolateGroup", "id": "isolateGroups/6534132917220748", "name": "main.dart", "number": "6534132917220
EXT Extension {"type": "Event", "kind": "Extension", "extensionKind": "Flutter.Frame", "isolateGroup": {"type": "@IsolateGroup", "id": "isolateGroups/6534132917220748", "name": "main.dart", "number": "6534132917220
EXT Extension {"type": "Event", "kind": "Extension", "extensionKind": "Flutter.Frame", "isolateGroup": {"type": "@IsolateGroup", "id": "isolateGroups/6534132917220748", "name": "main.dart", "number": "6534132917220
EXT Extension {"type": "Event", "kind": "Extension", "extensionKind": "Flutter.Frame", "isolateGroup": {"type": "@IsolateGroup", "id": "isolateGroups/6534132917220748", "name": "main.dart", "number": "6534132917220
EXT Extension {"type": "Event", "kind": "Extension", "extensionKind": "Flutter.Frame", "isolateGroup": {"type": "@IsolateGroup", "id": "isolateGroups/6534132917220748", "name": "main.dart", "number": "6534132917220
EXT Extension {"type": "Event", "kind": "Extension", "extensionKind": "Flutter.Frame", "isolateGroup": {"type": "@IsolateGroup", "id": "isolateGroups/6534132917220748", "name": "main.dart", "number": "6534132917220
EXT Extension {"type": "Event", "kind": "Extension", "extensionKind": "Flutter.Frame", "isolateGroup": {"type": "@IsolateGroup", "id": "isolateGroups/6534132917220748", "name": "main.dart", "number": "6534132917220
EXT Extension {"type": "Event", "kind": "Extension", "extensionKind": "Flutter.Frame", "isolateGroup": {"type": "@IsolateGroup", "id": "isolateGroups/6534132917220748", "name": "main.dart", "number": "6534132917220
EXT Extension {"type": "Event", "kind": "Extension", "extensionKind": "Flutter.Frame", "isolateGroup": {"type": "@IsolateGroup", "id": "isolateGroups/6534132917220748", "name": "main.dart", "number": "6534132917220
EXT Extension {"type": "Event", "kind": "Extension", "extensionKind": "Flutter.Frame", "isolateGroup": {"type": "@IsolateGroup", "id": "isolateGroups/6534132917220748", "name": "main.dart", "number": "6534132917220
EXT Extension {"type": "Event", "kind": "Extension", "extensionKind": "Flutter.Frame", "isolateGroup": {"type": "@IsolateGroup", "id": "isolateGroups/6534132917220748", "name": "main.dart", "number": "6534132917220
EXT Extension {"type": "Event", "kind": "Extension", "extensionKind": "Flutter.Frame", "isolateGroup": {"type": "@IsolateGroup", "id": "isolateGroups/6534132917220748", "name": "main.dart", "number": "6534132917220
EXT Extension {"type": "Event", "kind": "Extension", "extensionKind": "Flutter.Frame", "isolateGroup": {"type": "@IsolateGroup", "id": "isolateGroups/6534132917220748", "name": "main.dart", "number": "6534132917220
EXT Extension {"type": "Event", "kind": "Extension", "extensionKind": "Flutter.Frame", "isolateGroup": {"type": "@IsolateGroup", "id": "isolateGroups/6534132917220748", "name": "main.dart", "number": "6534132917220
EXT Extension {"type": "Event", "kind": "Extension", "extensionKind": "Flutter.Navigation", "isolateGroup": {"type": "@IsolateGroup", "id": "isolateGroups/6534132917220748", "name": "main.dart", "number": "65341329
EXT Extension {"type": "Event", "kind": "Extension", "extensionKind": "Flutter.Frame", "isolateGroup": {"type": "@IsolateGroup", "id": "isolateGroups/6534132917220748", "name": "main.dart", "number": "6534132917220
EXT Extension {"type": "Event", "kind": "Extension", "extensionKind": "Flutter.Frame", "isolateGroup": {"type": "@IsolateGroup", "id": "isolateGroups/6534132917220748", "name": "main.dart", "number": "6534132917220
EXT Extension {"type": "Event", "kind": "Extension", "extensionKind": "Flutter.Frame", "isolateGroup": {"type": "@IsolateGroup", "id": "isolateGroups/6534132917220748", "name": "main.dart", "number": "6534132917220
EXT Extension {"type": "Event", "kind": "Extension", "extensionKind": "Flutter.Frame", "isolateGroup": {"type": "@IsolateGroup", "id": "isolateGroups/6534132917220748", "name": "main.dart", "number": "6534132917220
EXT Extension {"type": "Event", "kind": "Extension", "extensionKind": "Flutter.Frame", "isolateGroup": {"type": "@IsolateGroup", "id": "isolateGroups/6534132917220748", "name": "main.dart", "number": "6534132917220
EXT Extension {"type": "Event", "kind": "Extension", "extensionKind": "Flutter.Frame", "isolateGroup": {"type": "@IsolateGroup", "id": "isolateGroups/6534132917220748", "name": "main.dart", "number": "6534132917220
EXT Extension {"type": "Event", "kind": "Extension", "extensionKind": "Flutter.Frame", "isolateGroup": {"type": "@IsolateGroup", "id": "isolateGroups/6534132917220748", "name": "main.dart", "number": "6534132917220
EXT Extension {"type": "Event", "kind": "Extension", "extensionKind": "Flutter.Frame", "isolateGroup": {"type": "@IsolateGroup", "id": "isolateGroups/6534132917220748", "name": "main.dart", "number": "6534132917220
EXT Extension {"type": "Event", "kind": "Extension", "extensionKind": "Flutter.Frame", "isolateGroup": {"type": "@IsolateGroup", "id": "isolateGroups/6534132917220748", "name": "main.dart", "number": "6534132917220
EXT Extension {"type": "Event", "kind": "Extension", "extensionKind": "Flutter.Frame", "isolateGroup": {"type": "@IsolateGroup", "id": "isolateGroups/6534132917220748", "name": "main.dart", "number": "6534132917220
EXT Extension {"type": "Event", "kind": "Extension", "extensionKind": "Flutter.Frame", "isolateGroup": {"type": "@IsolateGroup", "id": "isolateGroups/6534132917220748", "name": "main.dart", "number": "6534132917220
EXT Extension {"type": "Event", "kind": "Extension", "extensionKind": "Flutter.Frame", "isolateGroup": {"type": "@IsolateGroup", "id": "isolateGroups/6534132917220748", "name": "main.dart", "number": "6534132917220
EXT Extension {"type": "Event", "kind": "Extension", "extensionKind": "Flutter.Frame", "isolateGroup": {"type": "@IsolateGroup", "id": "isolateGroups/6534132917220748", "name": "main.dart", "number": "6534132917220
EXT Extension {"type": "Event", "kind": "Extension", "extensionKind": "Flutter.Frame", "isolateGroup": {"type": "@IsolateGroup", "id": "isolateGroups/6534132917220748", "name": "main.dart", "number": "6534132917220
EXT Extension {"type": "Event", "kind": "Extension", "extensionKind": "Flutter.Frame", "isolateGroup": {"type": "@IsolateGroup", "id": "isolateGroups/6534132917220748", "name": "main.dart", "number": "6534132917220
EXT Extension {"type": "Event", "kind": "Extension", "extensionKind": "Flutter.Frame", "isolateGroup": {"type": "@IsolateGroup", "id": "isolateGroups/6534132917220748", "name": "main.dart", "number": "6534132917220
EXT Extension {"type": "Event", "kind": "Extension", "extensionKind": "Flutter.Frame", "isolateGroup": {"type": "@IsolateGroup", "id": "isolateGroups/6534132917220748", "name": "main.dart", "number": "6534132917220
EXT Extension {"type": "Event", "kind": "Extension", "extensionKind": "Flutter.Frame", "isolateGroup": {"type": "@IsolateGroup", "id": "isolateGroups/6534132917220748", "name": "main.dart", "number": "6534132917220
EXT Extension {"type": "Event", "kind": "Extension", "extensionKind": "Flutter.Frame", "isolateGroup": {"type": "@IsolateGroup", "id": "isolateGroups/6534132917220748", "name": "main.dart", "number": "6534132917220
EXT Extension {"type": "Event", "kind": "Extension", "extensionKind": "Flutter.Frame", "isolateGroup": {"type": "@IsolateGroup", "id": "isolateGroups/6534132917220748", "name": "main.dart", "number": "6534132917220
EXT Extension {"type": "Event", "kind": "Extension", "extensionKind": "Flutter.ImageSizesForFrame", "isolateGroup": {"type": "@IsolateGroup", "id": "isolateGroups/6534132917220748", "name": "main.dart", "number": "
EXT Extension {"type": "Event", "kind": "Extension", "extensionKind": "Flutter.Frame", "isolateGroup": {"type": "@IsolateGroup", "id": "isolateGroups/6534132917220748", "name": "main.dart", "number": "6534132917220
EXT Extension {"type": "Event", "kind": "Extension", "extensionKind": "Flutter.Frame", "isolateGroup": {"type": "@IsolateGroup", "id": "isolateGroups/6534132917220748", "name": "main.dart", "number": "6534132917220
EXT Extension {"type": "Event", "kind": "Extension", "extensionKind": "Flutter.Frame", "isolateGroup": {"type": "@IsolateGroup", "id": "isolateGroups/6534132917220748", "name": "main.dart", "number": "6534132917220
EXT Extension {"type": "Event", "kind": "Extension", "extensionKind": "Flutter.Frame", "isolateGroup": {"type": "@IsolateGroup", "id": "isolateGroups/6534132917220748", "name": "main.dart", "number": "6534132917220
EXT Extension {"type": "Event", "kind": "Extension", "extensionKind": "Flutter.Frame", "isolateGroup": {"type": "@IsolateGroup", "id": "isolateGroups/6534132917220748", "name": "main.dart", "number": "6534132917220
EXT Extension {"type": "Event", "kind": "Extension", "extensionKind": "Flutter.Frame", "isolateGroup": {"type": "@IsolateGroup", "id": "isolateGroups/6534132917220748", "name": "main.dart", "number": "6534132917220
EXT Extension {"type": "Event", "kind": "Extension", "extensionKind": "Flutter.Frame", "isolateGroup": {"type": "@IsolateGroup", "id": "isolateGroups/6534132917220748", "name": "main.dart", "number": "6534132917220
EXT Extension {"type": "Event", "kind": "Extension", "extensionKind": "Flutter.Frame", "isolateGroup": {"type": "@IsolateGroup", "id": "isolateGroups/6534132917220748", "name": "main.dart", "number": "6534132917220
EXT Extension {"type": "Event", "kind": "Extension", "extensionKind": "Flutter.Frame", "isolateGroup": {"type": "@IsolateGroup", "id": "isolateGroups/6534132917220748", "name": "main.dart", "number": "6534132917220
EXT Extension {"type": "Event", "kind": "Extension", "extensionKind": "Flutter.Frame", "isolateGroup": {"type": "@IsolateGroup", "id": "isolateGroups/6534132917220748", "name": "main.dart", "number": "6534132917220
EXT Extension {"type": "Event", "kind": "Extension", "extensionKind": "Flutter.Frame", "isolateGroup": {"type": "@IsolateGroup", "id": "isolateGroups/6534132917220748", "name": "main.dart", "number": "6534132917220
EXT Extension {"type": "Event", "kind": "Extension", "extensionKind": "Flutter.Frame", "isolateGroup": {"type": "@IsolateGroup", "id": "isolateGroups/6534132917220748", "name": "main.dart", "number": "6534132917220
EXT Extension {"type": "Event", "kind": "Extension", "extensionKind": "Flutter.Frame", "isolateGroup": {"type": "@IsolateGroup", "id": "isolateGroups/6534132917220748", "name": "main.dart", "number": "6534132917220
EXT Extension {"type": "Event", "kind": "Extension", "extensionKind": "Flutter.Frame", "isolateGroup": {"type": "@IsolateGroup", "id": "isolateGroups/6534132917220748", "name": "main.dart", "number": "6534132917220
EXT Extension {"type": "Event", "kind": "Extension", "extensionKind": "Flutter.Frame", "isolateGroup": {"type": "@IsolateGroup", "id": "isolateGroups/6534132917220748", "name": "main.dart", "number": "6534132917220
EXT Extension {"type": "Event", "kind": "Extension", "extensionKind": "Flutter.Frame", "isolateGroup": {"type": "@IsolateGroup", "id": "isolateGroups/6534132917220748", "name": "main.dart", "number": "6534132917220
EXT Extension {"type": "Event", "kind": "Extension", "extensionKind": "Flutter.Frame", "isolateGroup": {"type": "@IsolateGroup", "id": "isolateGroups/6534132917220748", "name": "main.dart", "number": "6534132917220
EXT Extension {"type": "Event", "kind": "Extension", "extensionKind": "Flutter.Frame", "isolateGroup": {"type": "@IsolateGroup", "id": "isolateGroups/6534132917220748", "name": "main.dart", "number": "6534132917220
EXT Extension {"type": "Event", "kind": "Extension", "extensionKind": "Flutter.Frame", "isolateGroup": {"type": "@IsolateGroup", "id": "isolateGroups/6534132917220748", "name": "main.dart", "number": "6534132917220
EXT Extension {"type": "Event", "kind": "Extension", "extensionKind": "Flutter.Frame", "isolateGroup": {"type": "@IsolateGroup", "id": "isolateGroups/6534132917220748", "name": "main.dart", "number": "6534132917220
EXT Extension {"type": "Event", "kind": "Extension", "extensionKind": "Flutter.Frame", "isolateGroup": {"type": "@IsolateGroup", "id": "isolateGroups/6534132917220748", "name": "main.dart", "number": "6534132917220
EXT Extension {"type": "Event", "kind": "Extension", "extensionKind": "Flutter.Frame", "isolateGroup": {"type": "@IsolateGroup", "id": "isolateGroups/6534132917220748", "name": "main.dart", "number": "6534132917220
EXT Extension {"type": "Event", "kind": "Extension", "extensionKind": "Flutter.Frame", "isolateGroup": {"type": "@IsolateGroup", "id": "isolateGroups/6534132917220748", "name": "main.dart", "number": "6534132917220
EXT Extension {"type": "Event", "kind": "Extension", "extensionKind": "Flutter.Frame", "isolateGroup": {"type": "@IsolateGroup", "id": "isolateGroups/6534132917220748", "name": "main.dart", "number": "6534132917220
EXT Extension {"type": "Event", "kind": "Extension", "extensionKind": "Flutter.Frame", "isolateGroup": {"type": "@IsolateGroup", "id": "isolateGroups/6534132917220748", "name": "main.dart", "number": "6534132917220
EXT Extension {"type": "Event", "kind": "Extension", "extensionKind": "Flutter.Frame", "isolateGroup": {"type": "@IsolateGroup", "id": "isolateGroups/6534132917220748", "name": "main.dart", "number": "6534132917220
EXT Extension {"type": "Event", "kind": "Extension", "extensionKind": "Flutter.Frame", "isolateGroup": {"type": "@IsolateGroup", "id": "isolateGroups/6534132917220748", "name": "main.dart", "number": "6534132917220
EXT Extension {"type": "Event", "kind": "Extension", "extensionKind": "Flutter.Frame", "isolateGroup": {"type": "@IsolateGroup", "id": "isolateGroups/6534132917220748", "name": "main.dart", "number": "6534132917220
EXT Extension {"type": "Event", "kind": "Extension", "extensionKind": "Flutter.Frame", "isolateGroup": {"type": "@IsolateGroup", "id": "isolateGroups/6534132917220748", "name": "main.dart", "number": "6534132917220
EXT Extension {"type": "Event", "kind": "Extension", "extensionKind": "Flutter.Frame", "isolateGroup": {"type": "@IsolateGroup", "id": "isolateGroups/6534132917220748", "name": "main.dart", "number": "6534132917220
EXT Extension {"type": "Event", "kind": "Extension", "extensionKind": "Flutter.ImageSizesForFrame", "isolateGroup": {"type": "@IsolateGroup", "id": "isolateGroups/6534132917220748", "name": "main.dart", "number": "
EXT Extension {"type": "Event", "kind": "Extension", "extensionKind": "Flutter.ImageSizesForFrame", "isolateGroup": {"type": "@IsolateGroup", "id": "isolateGroups/6534132917220748", "name": "main.dart", "number": "
EXT Extension {"type": "Event", "kind": "Extension", "extensionKind": "Flutter.ImageSizesForFrame", "isolateGroup": {"type": "@IsolateGroup", "id": "isolateGroups/6534132917220748", "name": "main.dart", "number": "
EXT Extension {"type": "Event", "kind": "Extension", "extensionKind": "Flutter.Frame", "isolateGroup": {"type": "@IsolateGroup", "id": "isolateGroups/6534132917220748", "name": "main.dart", "number": "6534132917220
EXT Extension {"type": "Event", "kind": "Extension", "extensionKind": "Flutter.Frame", "isolateGroup": {"type": "@IsolateGroup", "id": "isolateGroups/6534132917220748", "name": "main.dart", "number": "6534132917220
EXT Extension {"type": "Event", "kind": "Extension", "extensionKind": "Flutter.Frame", "isolateGroup": {"type": "@IsolateGroup", "id": "isolateGroups/6534132917220748", "name": "main.dart", "number": "6534132917220
EXT Extension {"type": "Event", "kind": "Extension", "extensionKind": "Flutter.Frame", "isolateGroup": {"type": "@IsolateGroup", "id": "isolateGroups/6534132917220748", "name": "main.dart", "number": "6534132917220
EXT Extension {"type": "Event", "kind": "Extension", "extensionKind": "Flutter.Frame", "isolateGroup": {"type": "@IsolateGroup", "id": "isolateGroups/6534132917220748", "name": "main.dart", "number": "6534132917220
EXT Extension {"type": "Event", "kind": "Extension", "extensionKind": "Flutter.Frame", "isolateGroup": {"type": "@IsolateGroup", "id": "isolateGroups/6534132917220748", "name": "main.dart", "number": "6534132917220
EXT Extension {"type": "Event", "kind": "Extension", "extensionKind": "Flutter.Frame", "isolateGroup": {"type": "@IsolateGroup", "id": "isolateGroups/6534132917220748", "name": "main.dart", "number": "6534132917220
EXT Extension {"type": "Event", "kind": "Extension", "extensionKind": "Flutter.Frame", "isolateGroup": {"type": "@IsolateGroup", "id": "isolateGroups/6534132917220748", "name": "main.dart", "number": "6534132917220
EXT Extension {"type": "Event", "kind": "Extension", "extensionKind": "Flutter.Frame", "isolateGroup": {"type": "@IsolateGroup", "id": "isolateGroups/6534132917220748", "name": "main.dart", "number": "6534132917220
EXT Extension {"type": "Event", "kind": "Extension", "extensionKind": "Flutter.Frame", "isolateGroup": {"type": "@IsolateGroup", "id": "isolateGroups/6534132917220748", "name": "main.dart", "number": "6534132917220
EXT Extension {"type": "Event", "kind": "Extension", "extensionKind": "Flutter.Frame", "isolateGroup": {"type": "@IsolateGroup", "id": "isolateGroups/6534132917220748", "name": "main.dart", "number": "6534132917220
EXT Extension {"type": "Event", "kind": "Extension", "extensionKind": "Flutter.Frame", "isolateGroup": {"type": "@IsolateGroup", "id": "isolateGroups/6534132917220748", "name": "main.dart", "number": "6534132917220
EXT Extension {"type": "Event", "kind": "Extension", "extensionKind": "Flutter.Frame", "isolateGroup": {"type": "@IsolateGroup", "id": "isolateGroups/6534132917220748", "name": "main.dart", "number": "6534132917220
EXT Extension {"type": "Event", "kind": "Extension", "extensionKind": "Flutter.Frame", "isolateGroup": {"type": "@IsolateGroup", "id": "isolateGroups/6534132917220748", "name": "main.dart", "number": "6534132917220
EXT Extension {"type": "Event", "kind": "Extension", "extensionKind": "Flutter.Frame", "isolateGroup": {"type": "@IsolateGroup", "id": "isolateGroups/6534132917220748", "name": "main.dart", "number": "6534132917220
EXT Extension {"type": "Event", "kind": "Extension", "extensionKind": "Flutter.Frame", "isolateGroup": {"type": "@IsolateGroup", "id": "isolateGroups/6534132917220748", "name": "main.dart", "number": "6534132917220
EXT Extension {"type": "Event", "kind": "Extension", "extensionKind": "Flutter.Frame", "isolateGroup": {"type": "@IsolateGroup", "id": "isolateGroups/6534132917220748", "name": "main.dart", "number": "6534132917220
EXT Extension {"type": "Event", "kind": "Extension", "extensionKind": "Flutter.Frame", "isolateGroup": {"type": "@IsolateGroup", "id": "isolateGroups/6534132917220748", "name": "main.dart", "number": "6534132917220
EXT Extension {"type": "Event", "kind": "Extension", "extensionKind": "Flutter.Frame", "isolateGroup": {"type": "@IsolateGroup", "id": "isolateGroups/6534132917220748", "name": "main.dart", "number": "6534132917220
EXT Extension {"type": "Event", "kind": "Extension", "extensionKind": "Flutter.Frame", "isolateGroup": {"type": "@IsolateGroup", "id": "isolateGroups/6534132917220748", "name": "main.dart", "number": "6534132917220
EXT Extension {"type": "Event", "kind": "Extension", "extensionKind": "Flutter.Frame", "isolateGroup": {"type": "@IsolateGroup", "id": "isolateGroups/6534132917220748", "name": "main.dart", "number": "6534132917220
EXT Extension {"type": "Event", "kind": "Extension", "extensionKind": "Flutter.Frame", "isolateGroup": {"type": "@IsolateGroup", "id": "isolateGroups/6534132917220748", "name": "main.dart", "number": "6534132917220
EXT Extension {"type": "Event", "kind": "Extension", "extensionKind": "Flutter.Frame", "isolateGroup": {"type": "@IsolateGroup", "id": "isolateGroups/6534132917220748", "name": "main.dart", "number": "6534132917220
EXT Extension {"type": "Event", "kind": "Extension", "extensionKind": "Flutter.Frame", "isolateGroup": {"type": "@IsolateGroup", "id": "isolateGroups/6534132917220748", "name": "main.dart", "number": "6534132917220
EXT Extension {"type": "Event", "kind": "Extension", "extensionKind": "Flutter.Frame", "isolateGroup": {"type": "@IsolateGroup", "id": "isolateGroups/6534132917220748", "name": "main.dart", "number": "6534132917220
EXT Extension {"type": "Event", "kind": "Extension", "extensionKind": "Flutter.Frame", "isolateGroup": {"type": "@IsolateGroup", "id": "isolateGroups/6534132917220748", "name": "main.dart", "number": "6534132917220
EXT Extension {"type": "Event", "kind": "Extension", "extensionKind": "Flutter.Frame", "isolateGroup": {"type": "@IsolateGroup", "id": "isolateGroups/6534132917220748", "name": "main.dart", "number": "6534132917220
EXT Extension {"type": "Event", "kind": "Extension", "extensionKind": "Flutter.Frame", "isolateGroup": {"type": "@IsolateGroup", "id": "isolateGroups/6534132917220748", "name": "main.dart", "number": "6534132917220
EXT Extension {"type": "Event", "kind": "Extension", "extensionKind": "Flutter.Frame", "isolateGroup": {"type": "@IsolateGroup", "id": "isolateGroups/6534132917220748", "name": "main.dart", "number": "6534132917220
EXT Extension {"type": "Event", "kind": "Extension", "extensionKind": "Flutter.Frame", "isolateGroup": {"type": "@IsolateGroup", "id": "isolateGroups/6534132917220748", "name": "main.dart", "number": "6534132917220
EXT Extension {"type": "Event", "kind": "Extension", "extensionKind": "Flutter.Frame", "isolateGroup": {"type": "@IsolateGroup", "id": "isolateGroups/6534132917220748", "name": "main.dart", "number": "6534132917220
EXT Extension {"type": "Event", "kind": "Extension", "extensionKind": "Flutter.Frame", "isolateGroup": {"type": "@IsolateGroup", "id": "isolateGroups/6534132917220748", "name": "main.dart", "number": "6534132917220
EXT Extension {"type": "Event", "kind": "Extension", "extensionKind": "Flutter.Frame", "isolateGroup": {"type": "@IsolateGroup", "id": "isolateGroups/6534132917220748", "name": "main.dart", "number": "6534132917220
EXT Extension {"type": "Event", "kind": "Extension", "extensionKind": "Flutter.Frame", "isolateGroup": {"type": "@IsolateGroup", "id": "isolateGroups/6534132917220748", "name": "main.dart", "number": "6534132917220
EXT Extension {"type": "Event", "kind": "Extension", "extensionKind": "Flutter.Frame", "isolateGroup": {"type": "@IsolateGroup", "id": "isolateGroups/6534132917220748", "name": "main.dart", "number": "6534132917220
EXT Extension {"type": "Event", "kind": "Extension", "extensionKind": "Flutter.Frame", "isolateGroup": {"type": "@IsolateGroup", "id": "isolateGroups/6534132917220748", "name": "main.dart", "number": "6534132917220
EXT Extension {"type": "Event", "kind": "Extension", "extensionKind": "Flutter.Frame", "isolateGroup": {"type": "@IsolateGroup", "id": "isolateGroups/6534132917220748", "name": "main.dart", "number": "6534132917220
EXT Extension {"type": "Event", "kind": "Extension", "extensionKind": "Flutter.Frame", "isolateGroup": {"type": "@IsolateGroup", "id": "isolateGroups/6534132917220748", "name": "main.dart", "number": "6534132917220
EXT Extension {"type": "Event", "kind": "Extension", "extensionKind": "Flutter.Frame", "isolateGroup": {"type": "@IsolateGroup", "id": "isolateGroups/6534132917220748", "name": "main.dart", "number": "6534132917220
EXT Extension {"type": "Event", "kind": "Extension", "extensionKind": "Flutter.Frame", "isolateGroup": {"type": "@IsolateGroup", "id": "isolateGroups/6534132917220748", "name": "main.dart", "number": "6534132917220
EXT Extension {"type": "Event", "kind": "Extension", "extensionKind": "Flutter.ImageSizesForFrame", "isolateGroup": {"type": "@IsolateGroup", "id": "isolateGroups/6534132917220748", "name": "main.dart", "number": "
EXT Extension {"type": "Event", "kind": "Extension", "extensionKind": "Flutter.ImageSizesForFrame", "isolateGroup": {"type": "@IsolateGroup", "id": "isolateGroups/6534132917220748", "name": "main.dart", "number": "
EXT Extension {"type": "Event", "kind": "Extension", "extensionKind": "Flutter.Frame", "isolateGroup": {"type": "@IsolateGroup", "id": "isolateGroups/6534132917220748", "name": "main.dart", "number": "6534132917220
EXT Extension {"type": "Event", "kind": "Extension", "extensionKind": "Flutter.Frame", "isolateGroup": {"type": "@IsolateGroup", "id": "isolateGroups/6534132917220748", "name": "main.dart", "number": "6534132917220
EXT Extension {"type": "Event", "kind": "Extension", "extensionKind": "Flutter.Frame", "isolateGroup": {"type": "@IsolateGroup", "id": "isolateGroups/6534132917220748", "name": "main.dart", "number": "6534132917220
EXT Extension {"type": "Event", "kind": "Extension", "extensionKind": "Flutter.Frame", "isolateGroup": {"type": "@IsolateGroup", "id": "isolateGroups/6534132917220748", "name": "main.dart", "number": "6534132917220
EXT Extension {"type": "Event", "kind": "Extension", "extensionKind": "Flutter.ImageSizesForFrame", "isolateGroup": {"type": "@IsolateGroup", "id": "isolateGroups/6534132917220748", "name": "main.dart", "number": "
EXT Extension {"type": "Event", "kind": "Extension", "extensionKind": "Flutter.ImageSizesForFrame", "isolateGroup": {"type": "@IsolateGroup", "id": "isolateGroups/6534132917220748", "name": "main.dart", "number": "
EXT Extension {"type": "Event", "kind": "Extension", "extensionKind": "Flutter.Frame", "isolateGroup": {"type": "@IsolateGroup", "id": "isolateGroups/6534132917220748", "name": "main.dart", "number": "6534132917220
EXT Extension {"type": "Event", "kind": "Extension", "extensionKind": "Flutter.Frame", "isolateGroup": {"type": "@IsolateGroup", "id": "isolateGroups/6534132917220748", "name": "main.dart", "number": "6534132917220
EXT Extension {"type": "Event", "kind": "Extension", "extensionKind": "Flutter.Frame", "isolateGroup": {"type": "@IsolateGroup", "id": "isolateGroups/6534132917220748", "name": "main.dart", "number": "6534132917220
EXT Extension {"type": "Event", "kind": "Extension", "extensionKind": "Flutter.Frame", "isolateGroup": {"type": "@IsolateGroup", "id": "isolateGroups/6534132917220748", "name": "main.dart", "number": "6534132917220
EXT Extension {"type": "Event", "kind": "Extension", "extensionKind": "Flutter.Frame", "isolateGroup": {"type": "@IsolateGroup", "id": "isolateGroups/6534132917220748", "name": "main.dart", "number": "6534132917220
EXT Extension {"type": "Event", "kind": "Extension", "extensionKind": "Flutter.Frame", "isolateGroup": {"type": "@IsolateGroup", "id": "isolateGroups/6534132917220748", "name": "main.dart", "number": "6534132917220
EXT Extension {"type": "Event", "kind": "Extension", "extensionKind": "Flutter.Frame", "isolateGroup": {"type": "@IsolateGroup", "id": "isolateGroups/6534132917220748", "name": "main.dart", "number": "6534132917220
EXT Extension {"type": "Event", "kind": "Extension", "extensionKind": "Flutter.Frame", "isolateGroup": {"type": "@IsolateGroup", "id": "isolateGroups/6534132917220748", "name": "main.dart", "number": "6534132917220
EXT Extension {"type": "Event", "kind": "Extension", "extensionKind": "Flutter.Frame", "isolateGroup": {"type": "@IsolateGroup", "id": "isolateGroups/6534132917220748", "name": "main.dart", "number": "6534132917220
EXT Extension {"type": "Event", "kind": "Extension", "extensionKind": "Flutter.Frame", "isolateGroup": {"type": "@IsolateGroup", "id": "isolateGroups/6534132917220748", "name": "main.dart", "number": "6534132917220
EXT Extension {"type": "Event", "kind": "Extension", "extensionKind": "Flutter.Frame", "isolateGroup": {"type": "@IsolateGroup", "id": "isolateGroups/6534132917220748", "name": "main.dart", "number": "6534132917220
EXT Extension {"type": "Event", "kind": "Extension", "extensionKind": "Flutter.Frame", "isolateGroup": {"type": "@IsolateGroup", "id": "isolateGroups/6534132917220748", "name": "main.dart", "number": "6534132917220
EXT Extension {"type": "Event", "kind": "Extension", "extensionKind": "Flutter.Frame", "isolateGroup": {"type": "@IsolateGroup", "id": "isolateGroups/6534132917220748", "name": "main.dart", "number": "6534132917220
EXT Extension {"type": "Event", "kind": "Extension", "extensionKind": "Flutter.Frame", "isolateGroup": {"type": "@IsolateGroup", "id": "isolateGroups/6534132917220748", "name": "main.dart", "number": "6534132917220
EXT Extension {"type": "Event", "kind": "Extension", "extensionKind": "Flutter.Frame", "isolateGroup": {"type": "@IsolateGroup", "id": "isolateGroups/6534132917220748", "name": "main.dart", "number": "6534132917220
EXT Extension {"type": "Event", "kind": "Extension", "extensionKind": "Flutter.Frame", "isolateGroup": {"type": "@IsolateGroup", "id": "isolateGroups/6534132917220748", "name": "main.dart", "number": "6534132917220
EXT Extension {"type": "Event", "kind": "Extension", "extensionKind": "Flutter.Frame", "isolateGroup": {"type": "@IsolateGroup", "id": "isolateGroups/6534132917220748", "name": "main.dart", "number": "6534132917220
EXT Extension {"type": "Event", "kind": "Extension", "extensionKind": "Flutter.Frame", "isolateGroup": {"type": "@IsolateGroup", "id": "isolateGroups/6534132917220748", "name": "main.dart", "number": "6534132917220
EXT Extension {"type": "Event", "kind": "Extension", "extensionKind": "Flutter.Frame", "isolateGroup": {"type": "@IsolateGroup", "id": "isolateGroups/6534132917220748", "name": "main.dart", "number": "6534132917220
EXT Extension {"type": "Event", "kind": "Extension", "extensionKind": "Flutter.Frame", "isolateGroup": {"type": "@IsolateGroup", "id": "isolateGroups/6534132917220748", "name": "main.dart", "number": "6534132917220
EXT Extension {"type": "Event", "kind": "Extension", "extensionKind": "Flutter.Frame", "isolateGroup": {"type": "@IsolateGroup", "id": "isolateGroups/6534132917220748", "name": "main.dart", "number": "6534132917220
EXT Extension {"type": "Event", "kind": "Extension", "extensionKind": "Flutter.Frame", "isolateGroup": {"type": "@IsolateGroup", "id": "isolateGroups/6534132917220748", "name": "main.dart", "number": "6534132917220
EXT Extension {"type": "Event", "kind": "Extension", "extensionKind": "Flutter.Frame", "isolateGroup": {"type": "@IsolateGroup", "id": "isolateGroups/6534132917220748", "name": "main.dart", "number": "6534132917220
EXT Extension {"type": "Event", "kind": "Extension", "extensionKind": "Flutter.Frame", "isolateGroup": {"type": "@IsolateGroup", "id": "isolateGroups/6534132917220748", "name": "main.dart", "number": "6534132917220
EXT Extension {"type": "Event", "kind": "Extension", "extensionKind": "Flutter.Frame", "isolateGroup": {"type": "@IsolateGroup", "id": "isolateGroups/6534132917220748", "name": "main.dart", "number": "6534132917220
EXT Extension {"type": "Event", "kind": "Extension", "extensionKind": "Flutter.Frame", "isolateGroup": {"type": "@IsolateGroup", "id": "isolateGroups/6534132917220748", "name": "main.dart", "number": "6534132917220
EXT Extension {"type": "Event", "kind": "Extension", "extensionKind": "Flutter.Frame", "isolateGroup": {"type": "@IsolateGroup", "id": "isolateGroups/6534132917220748", "name": "main.dart", "number": "6534132917220
EXT Extension {"type": "Event", "kind": "Extension", "extensionKind": "Flutter.Frame", "isolateGroup": {"type": "@IsolateGroup", "id": "isolateGroups/6534132917220748", "name": "main.dart", "number": "6534132917220
EXT Extension {"type": "Event", "kind": "Extension", "extensionKind": "Flutter.Frame", "isolateGroup": {"type": "@IsolateGroup", "id": "isolateGroups/6534132917220748", "name": "main.dart", "number": "6534132917220
EXT Extension {"type": "Event", "kind": "Extension", "extensionKind": "Flutter.Frame", "isolateGroup": {"type": "@IsolateGroup", "id": "isolateGroups/6534132917220748", "name": "main.dart", "number": "6534132917220
EXT Extension {"type": "Event", "kind": "Extension", "extensionKind": "Flutter.Frame", "isolateGroup": {"type": "@IsolateGroup", "id": "isolateGroups/6534132917220748", "name": "main.dart", "number": "6534132917220
EXT Extension {"type": "Event", "kind": "Extension", "extensionKind": "Flutter.Frame", "isolateGroup": {"type": "@IsolateGroup", "id": "isolateGroups/6534132917220748", "name": "main.dart", "number": "6534132917220
EXT Extension {"type": "Event", "kind": "Extension", "extensionKind": "Flutter.Frame", "isolateGroup": {"type": "@IsolateGroup", "id": "isolateGroups/6534132917220748", "name": "main.dart", "number": "6534132917220
EXT Extension {"type": "Event", "kind": "Extension", "extensionKind": "Flutter.Frame", "isolateGroup": {"type": "@IsolateGroup", "id": "isolateGroups/6534132917220748", "name": "main.dart", "number": "6534132917220
EXT Extension {"type": "Event", "kind": "Extension", "extensionKind": "Flutter.Frame", "isolateGroup": {"type": "@IsolateGroup", "id": "isolateGroups/6534132917220748", "name": "main.dart", "number": "6534132917220
EXT Extension {"type": "Event", "kind": "Extension", "extensionKind": "Flutter.Frame", "isolateGroup": {"type": "@IsolateGroup", "id": "isolateGroups/6534132917220748", "name": "main.dart", "number": "6534132917220
EXT Extension {"type": "Event", "kind": "Extension", "extensionKind": "Flutter.Frame", "isolateGroup": {"type": "@IsolateGroup", "id": "isolateGroups/6534132917220748", "name": "main.dart", "number": "6534132917220
EXT Extension {"type": "Event", "kind": "Extension", "extensionKind": "Flutter.Frame", "isolateGroup": {"type": "@IsolateGroup", "id": "isolateGroups/6534132917220748", "name": "main.dart", "number": "6534132917220
EXT Extension {"type": "Event", "kind": "Extension", "extensionKind": "Flutter.Frame", "isolateGroup": {"type": "@IsolateGroup", "id": "isolateGroups/6534132917220748", "name": "main.dart", "number": "6534132917220
EXT Extension {"type": "Event", "kind": "Extension", "extensionKind": "Flutter.Frame", "isolateGroup": {"type": "@IsolateGroup", "id": "isolateGroups/6534132917220748", "name": "main.dart", "number": "6534132917220
EXT Extension {"type": "Event", "kind": "Extension", "extensionKind": "Flutter.Frame", "isolateGroup": {"type": "@IsolateGroup", "id": "isolateGroups/6534132917220748", "name": "main.dart", "number": "6534132917220
EXT Extension {"type": "Event", "kind": "Extension", "extensionKind": "Flutter.Frame", "isolateGroup": {"type": "@IsolateGroup", "id": "isolateGroups/6534132917220748", "name": "main.dart", "number": "6534132917220
EXT Extension {"type": "Event", "kind": "Extension", "extensionKind": "Flutter.Frame", "isolateGroup": {"type": "@IsolateGroup", "id": "isolateGroups/6534132917220748", "name": "main.dart", "number": "6534132917220
EXT Extension {"type": "Event", "kind": "Extension", "extensionKind": "Flutter.Frame", "isolateGroup": {"type": "@IsolateGroup", "id": "isolateGroups/6534132917220748", "name": "main.dart", "number": "6534132917220
EXT Extension {"type": "Event", "kind": "Extension", "extensionKind": "Flutter.Frame", "isolateGroup": {"type": "@IsolateGroup", "id": "isolateGroups/6534132917220748", "name": "main.dart", "number": "6534132917220
EXT Extension {"type": "Event", "kind": "Extension", "extensionKind": "Flutter.Frame", "isolateGroup": {"type": "@IsolateGroup", "id": "isolateGroups/6534132917220748", "name": "main.dart", "number": "6534132917220
EXT Extension {"type": "Event", "kind": "Extension", "extensionKind": "Flutter.Frame", "isolateGroup": {"type": "@IsolateGroup", "id": "isolateGroups/6534132917220748", "name": "main.dart", "number": "6534132917220
EXT Extension {"type": "Event", "kind": "Extension", "extensionKind": "Flutter.Frame", "isolateGroup": {"type": "@IsolateGroup", "id": "isolateGroups/6534132917220748", "name": "main.dart", "number": "6534132917220
EXT Extension {"type": "Event", "kind": "Extension", "extensionKind": "Flutter.Frame", "isolateGroup": {"type": "@IsolateGroup", "id": "isolateGroups/6534132917220748", "name": "main.dart", "number": "6534132917220
EXT Extension {"type": "Event", "kind": "Extension", "extensionKind": "Flutter.Frame", "isolateGroup": {"type": "@IsolateGroup", "id": "isolateGroups/6534132917220748", "name": "main.dart", "number": "6534132917220
EXT Extension {"type": "Event", "kind": "Extension", "extensionKind": "Flutter.Frame", "isolateGroup": {"type": "@IsolateGroup", "id": "isolateGroups/6534132917220748", "name": "main.dart", "number": "6534132917220
EXT Extension {"type": "Event", "kind": "Extension", "extensionKind": "Flutter.Frame", "isolateGroup": {"type": "@IsolateGroup", "id": "isolateGroups/6534132917220748", "name": "main.dart", "number": "6534132917220
EXT Extension {"type": "Event", "kind": "Extension", "extensionKind": "Flutter.Frame", "isolateGroup": {"type": "@IsolateGroup", "id": "isolateGroups/6534132917220748", "name": "main.dart", "number": "6534132917220
EXT Extension {"type": "Event", "kind": "Extension", "extensionKind": "Flutter.Frame", "isolateGroup": {"type": "@IsolateGroup", "id": "isolateGroups/6534132917220748", "name": "main.dart", "number": "6534132917220
EXT Extension {"type": "Event", "kind": "Extension", "extensionKind": "Flutter.Frame", "isolateGroup": {"type": "@IsolateGroup", "id": "isolateGroups/6534132917220748", "name": "main.dart", "number": "6534132917220
EXT Extension {"type": "Event", "kind": "Extension", "extensionKind": "Flutter.Frame", "isolateGroup": {"type": "@IsolateGroup", "id": "isolateGroups/6534132917220748", "name": "main.dart", "number": "6534132917220
EXT Extension {"type": "Event", "kind": "Extension", "extensionKind": "Flutter.Frame", "isolateGroup": {"type": "@IsolateGroup", "id": "isolateGroups/6534132917220748", "name": "main.dart", "number": "6534132917220
EXT Extension {"type": "Event", "kind": "Extension", "extensionKind": "Flutter.Frame", "isolateGroup": {"type": "@IsolateGroup", "id": "isolateGroups/6534132917220748", "name": "main.dart", "number": "6534132917220
EXT Extension {"type": "Event", "kind": "Extension", "extensionKind": "Flutter.Frame", "isolateGroup": {"type": "@IsolateGroup", "id": "isolateGroups/6534132917220748", "name": "main.dart", "number": "6534132917220
EXT Extension {"type": "Event", "kind": "Extension", "extensionKind": "Flutter.Frame", "isolateGroup": {"type": "@IsolateGroup", "id": "isolateGroups/6534132917220748", "name": "main.dart", "number": "6534132917220
EXT Extension {"type": "Event", "kind": "Extension", "extensionKind": "Flutter.Frame", "isolateGroup": {"type": "@IsolateGroup", "id": "isolateGroups/6534132917220748", "name": "main.dart", "number": "6534132917220
EXT Extension {"type": "Event", "kind": "Extension", "extensionKind": "Flutter.Frame", "isolateGroup": {"type": "@IsolateGroup", "id": "isolateGroups/6534132917220748", "name": "main.dart", "number": "6534132917220
EXT Extension {"type": "Event", "kind": "Extension", "extensionKind": "Flutter.Frame", "isolateGroup": {"type": "@IsolateGroup", "id": "isolateGroups/6534132917220748", "name": "main.dart", "number": "6534132917220
EXT Extension {"type": "Event", "kind": "Extension", "extensionKind": "Flutter.Frame", "isolateGroup": {"type": "@IsolateGroup", "id": "isolateGroups/6534132917220748", "name": "main.dart", "number": "6534132917220
EXT Extension {"type": "Event", "kind": "Extension", "extensionKind": "Flutter.Frame", "isolateGroup": {"type": "@IsolateGroup", "id": "isolateGroups/6534132917220748", "name": "main.dart", "number": "6534132917220
EXT Extension {"type": "Event", "kind": "Extension", "extensionKind": "Flutter.Frame", "isolateGroup": {"type": "@IsolateGroup", "id": "isolateGroups/6534132917220748", "name": "main.dart", "number": "6534132917220
EXT Extension {"type": "Event", "kind": "Extension", "extensionKind": "Flutter.Frame", "isolateGroup": {"type": "@IsolateGroup", "id": "isolateGroups/6534132917220748", "name": "main.dart", "number": "6534132917220
EXT Extension {"type": "Event", "kind": "Extension", "extensionKind": "Flutter.Frame", "isolateGroup": {"type": "@IsolateGroup", "id": "isolateGroups/6534132917220748", "name": "main.dart", "number": "6534132917220
EXT Extension {"type": "Event", "kind": "Extension", "extensionKind": "Flutter.Frame", "isolateGroup": {"type": "@IsolateGroup", "id": "isolateGroups/6534132917220748", "name": "main.dart", "number": "6534132917220
EXT Extension {"type": "Event", "kind": "Extension", "extensionKind": "Flutter.Frame", "isolateGroup": {"type": "@IsolateGroup", "id": "isolateGroups/6534132917220748", "name": "main.dart", "number": "6534132917220
EXT Extension {"type": "Event", "kind": "Extension", "extensionKind": "Flutter.Frame", "isolateGroup": {"type": "@IsolateGroup", "id": "isolateGroups/6534132917220748", "name": "main.dart", "number": "6534132917220
EXT Extension {"type": "Event", "kind": "Extension", "extensionKind": "Flutter.Frame", "isolateGroup": {"type": "@IsolateGroup", "id": "isolateGroups/6534132917220748", "name": "main.dart", "number": "6534132917220
EXT Extension {"type": "Event", "kind": "Extension", "extensionKind": "Flutter.Frame", "isolateGroup": {"type": "@IsolateGroup", "id": "isolateGroups/6534132917220748", "name": "main.dart", "number": "6534132917220
EXT Extension {"type": "Event", "kind": "Extension", "extensionKind": "Flutter.Frame", "isolateGroup": {"type": "@IsolateGroup", "id": "isolateGroups/6534132917220748", "name": "main.dart", "number": "6534132917220
EXT Extension {"type": "Event", "kind": "Extension", "extensionKind": "Flutter.Frame", "isolateGroup": {"type": "@IsolateGroup", "id": "isolateGroups/6534132917220748", "name": "main.dart", "number": "6534132917220
EXT Extension {"type": "Event", "kind": "Extension", "extensionKind": "Flutter.Frame", "isolateGroup": {"type": "@IsolateGroup", "id": "isolateGroups/6534132917220748", "name": "main.dart", "number": "6534132917220
EXT Extension {"type": "Event", "kind": "Extension", "extensionKind": "Flutter.Frame", "isolateGroup": {"type": "@IsolateGroup", "id": "isolateGroups/6534132917220748", "name": "main.dart", "number": "6534132917220
EXT Extension {"type": "Event", "kind": "Extension", "extensionKind": "Flutter.Frame", "isolateGroup": {"type": "@IsolateGroup", "id": "isolateGroups/6534132917220748", "name": "main.dart", "number": "6534132917220
EXT Extension {"type": "Event", "kind": "Extension", "extensionKind": "Flutter.Frame", "isolateGroup": {"type": "@IsolateGroup", "id": "isolateGroups/6534132917220748", "name": "main.dart", "number": "6534132917220
EXT Extension {"type": "Event", "kind": "Extension", "extensionKind": "Flutter.Frame", "isolateGroup": {"type": "@IsolateGroup", "id": "isolateGroups/6534132917220748", "name": "main.dart", "number": "6534132917220
EXT Extension {"type": "Event", "kind": "Extension", "extensionKind": "Flutter.Frame", "isolateGroup": {"type": "@IsolateGroup", "id": "isolateGroups/6534132917220748", "name": "main.dart", "number": "6534132917220
EXT Extension {"type": "Event", "kind": "Extension", "extensionKind": "Flutter.Frame", "isolateGroup": {"type": "@IsolateGroup", "id": "isolateGroups/6534132917220748", "name": "main.dart", "number": "6534132917220
EXT Extension {"type": "Event", "kind": "Extension", "extensionKind": "Flutter.Frame", "isolateGroup": {"type": "@IsolateGroup", "id": "isolateGroups/6534132917220748", "name": "main.dart", "number": "6534132917220
EXT Extension {"type": "Event", "kind": "Extension", "extensionKind": "Flutter.Frame", "isolateGroup": {"type": "@IsolateGroup", "id": "isolateGroups/6534132917220748", "name": "main.dart", "number": "6534132917220
EXT Extension {"type": "Event", "kind": "Extension", "extensionKind": "Flutter.Frame", "isolateGroup": {"type": "@IsolateGroup", "id": "isolateGroups/6534132917220748", "name": "main.dart", "number": "6534132917220
EXT Extension {"type": "Event", "kind": "Extension", "extensionKind": "Flutter.Frame", "isolateGroup": {"type": "@IsolateGroup", "id": "isolateGroups/6534132917220748", "name": "main.dart", "number": "6534132917220
EXT Extension {"type": "Event", "kind": "Extension", "extensionKind": "Flutter.Frame", "isolateGroup": {"type": "@IsolateGroup", "id": "isolateGroups/6534132917220748", "name": "main.dart", "number": "6534132917220
EXT Extension {"type": "Event", "kind": "Extension", "extensionKind": "Flutter.Frame", "isolateGroup": {"type": "@IsolateGroup", "id": "isolateGroups/6534132917220748", "name": "main.dart", "number": "6534132917220
EXT Extension {"type": "Event", "kind": "Extension", "extensionKind": "Flutter.Frame", "isolateGroup": {"type": "@IsolateGroup", "id": "isolateGroups/6534132917220748", "name": "main.dart", "number": "6534132917220
EXT Extension {"type": "Event", "kind": "Extension", "extensionKind": "Flutter.Frame", "isolateGroup": {"type": "@IsolateGroup", "id": "isolateGroups/6534132917220748", "name": "main.dart", "number": "6534132917220
EXT Extension {"type": "Event", "kind": "Extension", "extensionKind": "Flutter.Frame", "isolateGroup": {"type": "@IsolateGroup", "id": "isolateGroups/6534132917220748", "name": "main.dart", "number": "6534132917220
EXT Extension {"type": "Event", "kind": "Extension", "extensionKind": "Flutter.Frame", "isolateGroup": {"type": "@IsolateGroup", "id": "isolateGroups/6534132917220748", "name": "main.dart", "number": "6534132917220
EXT Extension {"type": "Event", "kind": "Extension", "extensionKind": "Flutter.Frame", "isolateGroup": {"type": "@IsolateGroup", "id": "isolateGroups/6534132917220748", "name": "main.dart", "number": "6534132917220
EXT Extension {"type": "Event", "kind": "Extension", "extensionKind": "Flutter.Frame", "isolateGroup": {"type": "@IsolateGroup", "id": "isolateGroups/6534132917220748", "name": "main.dart", "number": "6534132917220
EXT Extension {"type": "Event", "kind": "Extension", "extensionKind": "Flutter.Frame", "isolateGroup": {"type": "@IsolateGroup", "id": "isolateGroups/6534132917220748", "name": "main.dart", "number": "6534132917220
EXT Extension {"type": "Event", "kind": "Extension", "extensionKind": "Flutter.Frame", "isolateGroup": {"type": "@IsolateGroup", "id": "isolateGroups/6534132917220748", "name": "main.dart", "number": "6534132917220
EXT Extension {"type": "Event", "kind": "Extension", "extensionKind": "Flutter.Frame", "isolateGroup": {"type": "@IsolateGroup", "id": "isolateGroups/6534132917220748", "name": "main.dart", "number": "6534132917220
EXT Extension {"type": "Event", "kind": "Extension", "extensionKind": "Flutter.Frame", "isolateGroup": {"type": "@IsolateGroup", "id": "isolateGroups/6534132917220748", "name": "main.dart", "number": "6534132917220
EXT Extension {"type": "Event", "kind": "Extension", "extensionKind": "Flutter.Frame", "isolateGroup": {"type": "@IsolateGroup", "id": "isolateGroups/6534132917220748", "name": "main.dart", "number": "6534132917220
EXT Extension {"type": "Event", "kind": "Extension", "extensionKind": "Flutter.Frame", "isolateGroup": {"type": "@IsolateGroup", "id": "isolateGroups/6534132917220748", "name": "main.dart", "number": "6534132917220
EXT Extension {"type": "Event", "kind": "Extension", "extensionKind": "Flutter.Frame", "isolateGroup": {"type": "@IsolateGroup", "id": "isolateGroups/6534132917220748", "name": "main.dart", "number": "6534132917220
EXT Extension {"type": "Event", "kind": "Extension", "extensionKind": "Flutter.Frame", "isolateGroup": {"type": "@IsolateGroup", "id": "isolateGroups/6534132917220748", "name": "main.dart", "number": "6534132917220
EXT Extension {"type": "Event", "kind": "Extension", "extensionKind": "Flutter.Frame", "isolateGroup": {"type": "@IsolateGroup", "id": "isolateGroups/6534132917220748", "name": "main.dart", "number": "6534132917220
EXT Extension {"type": "Event", "kind": "Extension", "extensionKind": "Flutter.Frame", "isolateGroup": {"type": "@IsolateGroup", "id": "isolateGroups/6534132917220748", "name": "main.dart", "number": "6534132917220
EXT Extension {"type": "Event", "kind": "Extension", "extensionKind": "Flutter.Frame", "isolateGroup": {"type": "@IsolateGroup", "id": "isolateGroups/6534132917220748", "name": "main.dart", "number": "6534132917220
EXT Extension {"type": "Event", "kind": "Extension", "extensionKind": "Flutter.Frame", "isolateGroup": {"type": "@IsolateGroup", "id": "isolateGroups/6534132917220748", "name": "main.dart", "number": "6534132917220
EXT Extension {"type": "Event", "kind": "Extension", "extensionKind": "Flutter.Frame", "isolateGroup": {"type": "@IsolateGroup", "id": "isolateGroups/6534132917220748", "name": "main.dart", "number": "6534132917220
EXT Extension {"type": "Event", "kind": "Extension", "extensionKind": "Flutter.Frame", "isolateGroup": {"type": "@IsolateGroup", "id": "isolateGroups/6534132917220748", "name": "main.dart", "number": "6534132917220
EXT Extension {"type": "Event", "kind": "Extension", "extensionKind": "Flutter.Frame", "isolateGroup": {"type": "@IsolateGroup", "id": "isolateGroups/6534132917220748", "name": "main.dart", "number": "6534132917220
EXT Extension {"type": "Event", "kind": "Extension", "extensionKind": "Flutter.Frame", "isolateGroup": {"type": "@IsolateGroup", "id": "isolateGroups/6534132917220748", "name": "main.dart", "number": "6534132917220
EXT Extension {"type": "Event", "kind": "Extension", "extensionKind": "Flutter.Frame", "isolateGroup": {"type": "@IsolateGroup", "id": "isolateGroups/6534132917220748", "name": "main.dart", "number": "6534132917220
EXT Extension {"type": "Event", "kind": "Extension", "extensionKind": "Flutter.Frame", "isolateGroup": {"type": "@IsolateGroup", "id": "isolateGroups/6534132917220748", "name": "main.dart", "number": "6534132917220
EXT Extension {"type": "Event", "kind": "Extension", "extensionKind": "Flutter.Frame", "isolateGroup": {"type": "@IsolateGroup", "id": "isolateGroups/6534132917220748", "name": "main.dart", "number": "6534132917220
EXT Extension {"type": "Event", "kind": "Extension", "extensionKind": "Flutter.Frame", "isolateGroup": {"type": "@IsolateGroup", "id": "isolateGroups/6534132917220748", "name": "main.dart", "number": "6534132917220
EXT Extension {"type": "Event", "kind": "Extension", "extensionKind": "Flutter.Frame", "isolateGroup": {"type": "@IsolateGroup", "id": "isolateGroups/6534132917220748", "name": "main.dart", "number": "6534132917220
EXT Extension {"type": "Event", "kind": "Extension", "extensionKind": "Flutter.Frame", "isolateGroup": {"type": "@IsolateGroup", "id": "isolateGroups/6534132917220748", "name": "main.dart", "number": "6534132917220
EXT Extension {"type": "Event", "kind": "Extension", "extensionKind": "Flutter.Frame", "isolateGroup": {"type": "@IsolateGroup", "id": "isolateGroups/6534132917220748", "name": "main.dart", "number": "6534132917220
EXT Extension {"type": "Event", "kind": "Extension", "extensionKind": "Flutter.Frame", "isolateGroup": {"type": "@IsolateGroup", "id": "isolateGroups/6534132917220748", "name": "main.dart", "number": "6534132917220
EXT Extension {"type": "Event", "kind": "Extension", "extensionKind": "Flutter.Frame", "isolateGroup": {"type": "@IsolateGroup", "id": "isolateGroups/6534132917220748", "name": "main.dart", "number": "6534132917220
EXT Extension {"type": "Event", "kind": "Extension", "extensionKind": "Flutter.Frame", "isolateGroup": {"type": "@IsolateGroup", "id": "isolateGroups/6534132917220748", "name": "main.dart", "number": "6534132917220
EXT Extension {"type": "Event", "kind": "Extension", "extensionKind": "Flutter.Frame", "isolateGroup": {"type": "@IsolateGroup", "id": "isolateGroups/6534132917220748", "name": "main.dart", "number": "6534132917220
EXT Extension {"type": "Event", "kind": "Extension", "extensionKind": "Flutter.Frame", "isolateGroup": {"type": "@IsolateGroup", "id": "isolateGroups/6534132917220748", "name": "main.dart", "number": "6534132917220
EXT Extension {"type": "Event", "kind": "Extension", "extensionKind": "Flutter.Frame", "isolateGroup": {"type": "@IsolateGroup", "id": "isolateGroups/6534132917220748", "name": "main.dart", "number": "6534132917220
EXT Extension {"type": "Event", "kind": "Extension", "extensionKind": "Flutter.Frame", "isolateGroup": {"type": "@IsolateGroup", "id": "isolateGroups/6534132917220748", "name": "main.dart", "number": "6534132917220
EXT Extension {"type": "Event", "kind": "Extension", "extensionKind": "Flutter.Frame", "isolateGroup": {"type": "@IsolateGroup", "id": "isolateGroups/6534132917220748", "name": "main.dart", "number": "6534132917220
EXT Extension {"type": "Event", "kind": "Extension", "extensionKind": "Flutter.Frame", "isolateGroup": {"type": "@IsolateGroup", "id": "isolateGroups/6534132917220748", "name": "main.dart", "number": "6534132917220
EXT Extension {"type": "Event", "kind": "Extension", "extensionKind": "Flutter.Frame", "isolateGroup": {"type": "@IsolateGroup", "id": "isolateGroups/6534132917220748", "name": "main.dart", "number": "6534132917220
EXT Extension {"type": "Event", "kind": "Extension", "extensionKind": "Flutter.Frame", "isolateGroup": {"type": "@IsolateGroup", "id": "isolateGroups/6534132917220748", "name": "main.dart", "number": "6534132917220
EXT Extension {"type": "Event", "kind": "Extension", "extensionKind": "Flutter.Frame", "isolateGroup": {"type": "@IsolateGroup", "id": "isolateGroups/6534132917220748", "name": "main.dart", "number": "6534132917220
EXT Extension {"type": "Event", "kind": "Extension", "extensionKind": "Flutter.Frame", "isolateGroup": {"type": "@IsolateGroup", "id": "isolateGroups/6534132917220748", "name": "main.dart", "number": "6534132917220
EXT Extension {"type": "Event", "kind": "Extension", "extensionKind": "Flutter.Frame", "isolateGroup": {"type": "@IsolateGroup", "id": "isolateGroups/6534132917220748", "name": "main.dart", "number": "6534132917220
EXT Extension {"type": "Event", "kind": "Extension", "extensionKind": "Flutter.Frame", "isolateGroup": {"type": "@IsolateGroup", "id": "isolateGroups/6534132917220748", "name": "main.dart", "number": "6534132917220
EXT Extension {"type": "Event", "kind": "Extension", "extensionKind": "Flutter.Frame", "isolateGroup": {"type": "@IsolateGroup", "id": "isolateGroups/6534132917220748", "name": "main.dart", "number": "6534132917220
EXT Extension {"type": "Event", "kind": "Extension", "extensionKind": "Flutter.Frame", "isolateGroup": {"type": "@IsolateGroup", "id": "isolateGroups/6534132917220748", "name": "main.dart", "number": "6534132917220
EXT Extension {"type": "Event", "kind": "Extension", "extensionKind": "Flutter.Frame", "isolateGroup": {"type": "@IsolateGroup", "id": "isolateGroups/6534132917220748", "name": "main.dart", "number": "6534132917220
EXT Extension {"type": "Event", "kind": "Extension", "extensionKind": "Flutter.Frame", "isolateGroup": {"type": "@IsolateGroup", "id": "isolateGroups/6534132917220748", "name": "main.dart", "number": "6534132917220
EXT Extension {"type": "Event", "kind": "Extension", "extensionKind": "Flutter.Frame", "isolateGroup": {"type": "@IsolateGroup", "id": "isolateGroups/6534132917220748", "name": "main.dart", "number": "6534132917220
EXT Extension {"type": "Event", "kind": "Extension", "extensionKind": "Flutter.Frame", "isolateGroup": {"type": "@IsolateGroup", "id": "isolateGroups/6534132917220748", "name": "main.dart", "number": "6534132917220
EXT Extension {"type": "Event", "kind": "Extension", "extensionKind": "Flutter.Frame", "isolateGroup": {"type": "@IsolateGroup", "id": "isolateGroups/6534132917220748", "name": "main.dart", "number": "6534132917220
EXT Extension {"type": "Event", "kind": "Extension", "extensionKind": "Flutter.Frame", "isolateGroup": {"type": "@IsolateGroup", "id": "isolateGroups/6534132917220748", "name": "main.dart", "number": "6534132917220
EXT Extension {"type": "Event", "kind": "Extension", "extensionKind": "Flutter.Frame", "isolateGroup": {"type": "@IsolateGroup", "id": "isolateGroups/6534132917220748", "name": "main.dart", "number": "6534132917220
EXT Extension {"type": "Event", "kind": "Extension", "extensionKind": "Flutter.Frame", "isolateGroup": {"type": "@IsolateGroup", "id": "isolateGroups/6534132917220748", "name": "main.dart", "number": "6534132917220
EXT Extension {"type": "Event", "kind": "Extension", "extensionKind": "Flutter.Frame", "isolateGroup": {"type": "@IsolateGroup", "id": "isolateGroups/6534132917220748", "name": "main.dart", "number": "6534132917220
EXT Extension {"type": "Event", "kind": "Extension", "extensionKind": "Flutter.Frame", "isolateGroup": {"type": "@IsolateGroup", "id": "isolateGroups/6534132917220748", "name": "main.dart", "number": "6534132917220
EXT Extension {"type": "Event", "kind": "Extension", "extensionKind": "Flutter.Frame", "isolateGroup": {"type": "@IsolateGroup", "id": "isolateGroups/6534132917220748", "name": "main.dart", "number": "6534132917220
EXT Extension {"type": "Event", "kind": "Extension", "extensionKind": "Flutter.Frame", "isolateGroup": {"type": "@IsolateGroup", "id": "isolateGroups/6534132917220748", "name": "main.dart", "number": "6534132917220
EXT Extension {"type": "Event", "kind": "Extension", "extensionKind": "Flutter.Frame", "isolateGroup": {"type": "@IsolateGroup", "id": "isolateGroups/6534132917220748", "name": "main.dart", "number": "6534132917220
EXT Extension {"type": "Event", "kind": "Extension", "extensionKind": "Flutter.Frame", "isolateGroup": {"type": "@IsolateGroup", "id": "isolateGroups/6534132917220748", "name": "main.dart", "number": "6534132917220
EXT Extension {"type": "Event", "kind": "Extension", "extensionKind": "Flutter.Frame", "isolateGroup": {"type": "@IsolateGroup", "id": "isolateGroups/6534132917220748", "name": "main.dart", "number": "6534132917220
EXT Extension {"type": "Event", "kind": "Extension", "extensionKind": "Flutter.Frame", "isolateGroup": {"type": "@IsolateGroup", "id": "isolateGroups/6534132917220748", "name": "main.dart", "number": "6534132917220
EXT Extension {"type": "Event", "kind": "Extension", "extensionKind": "Flutter.Frame", "isolateGroup": {"type": "@IsolateGroup", "id": "isolateGroups/6534132917220748", "name": "main.dart", "number": "6534132917220
EXT Extension {"type": "Event", "kind": "Extension", "extensionKind": "Flutter.Frame", "isolateGroup": {"type": "@IsolateGroup", "id": "isolateGroups/6534132917220748", "name": "main.dart", "number": "6534132917220
EXT Extension {"type": "Event", "kind": "Extension", "extensionKind": "Flutter.Frame", "isolateGroup": {"type": "@IsolateGroup", "id": "isolateGroups/6534132917220748", "name": "main.dart", "number": "6534132917220
EXT Extension {"type": "Event", "kind": "Extension", "extensionKind": "Flutter.Frame", "isolateGroup": {"type": "@IsolateGroup", "id": "isolateGroups/6534132917220748", "name": "main.dart", "number": "6534132917220
EXT Extension {"type": "Event", "kind": "Extension", "extensionKind": "Flutter.Frame", "isolateGroup": {"type": "@IsolateGroup", "id": "isolateGroups/6534132917220748", "name": "main.dart", "number": "6534132917220
EXT Extension {"type": "Event", "kind": "Extension", "extensionKind": "Flutter.Frame", "isolateGroup": {"type": "@IsolateGroup", "id": "isolateGroups/6534132917220748", "name": "main.dart", "number": "6534132917220
EXT Extension {"type": "Event", "kind": "Extension", "extensionKind": "Flutter.Frame", "isolateGroup": {"type": "@IsolateGroup", "id": "isolateGroups/6534132917220748", "name": "main.dart", "number": "6534132917220
EXT Extension {"type": "Event", "kind": "Extension", "extensionKind": "Flutter.Frame", "isolateGroup": {"type": "@IsolateGroup", "id": "isolateGroups/6534132917220748", "name": "main.dart", "number": "6534132917220
EXT Extension {"type": "Event", "kind": "Extension", "extensionKind": "Flutter.Frame", "isolateGroup": {"type": "@IsolateGroup", "id": "isolateGroups/6534132917220748", "name": "main.dart", "number": "6534132917220
EXT Extension {"type": "Event", "kind": "Extension", "extensionKind": "Flutter.Frame", "isolateGroup": {"type": "@IsolateGroup", "id": "isolateGroups/6534132917220748", "name": "main.dart", "number": "6534132917220
EXT Extension {"type": "Event", "kind": "Extension", "extensionKind": "Flutter.Frame", "isolateGroup": {"type": "@IsolateGroup", "id": "isolateGroups/6534132917220748", "name": "main.dart", "number": "6534132917220
EXT Extension {"type": "Event", "kind": "Extension", "extensionKind": "Flutter.Frame", "isolateGroup": {"type": "@IsolateGroup", "id": "isolateGroups/6534132917220748", "name": "main.dart", "number": "6534132917220
EXT Extension {"type": "Event", "kind": "Extension", "extensionKind": "Flutter.Frame", "isolateGroup": {"type": "@IsolateGroup", "id": "isolateGroups/6534132917220748", "name": "main.dart", "number": "6534132917220
EXT Extension {"type": "Event", "kind": "Extension", "extensionKind": "Flutter.Frame", "isolateGroup": {"type": "@IsolateGroup", "id": "isolateGroups/6534132917220748", "name": "main.dart", "number": "6534132917220
EXT Extension {"type": "Event", "kind": "Extension", "extensionKind": "Flutter.Frame", "isolateGroup": {"type": "@IsolateGroup", "id": "isolateGroups/6534132917220748", "name": "main.dart", "number": "6534132917220
EXT Extension {"type": "Event", "kind": "Extension", "extensionKind": "Flutter.Frame", "isolateGroup": {"type": "@IsolateGroup", "id": "isolateGroups/6534132917220748", "name": "main.dart", "number": "6534132917220
EXT Extension {"type": "Event", "kind": "Extension", "extensionKind": "Flutter.Frame", "isolateGroup": {"type": "@IsolateGroup", "id": "isolateGroups/6534132917220748", "name": "main.dart", "number": "6534132917220
EXT Extension {"type": "Event", "kind": "Extension", "extensionKind": "Flutter.Frame", "isolateGroup": {"type": "@IsolateGroup", "id": "isolateGroups/6534132917220748", "name": "main.dart", "number": "6534132917220
EXT Extension {"type": "Event", "kind": "Extension", "extensionKind": "Flutter.Frame", "isolateGroup": {"type": "@IsolateGroup", "id": "isolateGroups/6534132917220748", "name": "main.dart", "number": "6534132917220
EXT Extension {"type": "Event", "kind": "Extension", "extensionKind": "Flutter.Frame", "isolateGroup": {"type": "@IsolateGroup", "id": "isolateGroups/6534132917220748", "name": "main.dart", "number": "6534132917220
EXT Extension {"type": "Event", "kind": "Extension", "extensionKind": "Flutter.Frame", "isolateGroup": {"type": "@IsolateGroup", "id": "isolateGroups/6534132917220748", "name": "main.dart", "number": "6534132917220
EXT Extension {"type": "Event", "kind": "Extension", "extensionKind": "Flutter.Frame", "isolateGroup": {"type": "@IsolateGroup", "id": "isolateGroups/6534132917220748", "name": "main.dart", "number": "6534132917220
EXT Extension {"type": "Event", "kind": "Extension", "extensionKind": "Flutter.Frame", "isolateGroup": {"type": "@IsolateGroup", "id": "isolateGroups/6534132917220748", "name": "main.dart", "number": "6534132917220
EXT Extension {"type": "Event", "kind": "Extension", "extensionKind": "Flutter.Frame", "isolateGroup": {"type": "@IsolateGroup", "id": "isolateGroups/6534132917220748", "name": "main.dart", "number": "6534132917220
EXT Extension {"type": "Event", "kind": "Extension", "extensionKind": "Flutter.Frame", "isolateGroup": {"type": "@IsolateGroup", "id": "isolateGroups/6534132917220748", "name": "main.dart", "number": "6534132917220
EXT Extension {"type": "Event", "kind": "Extension", "extensionKind": "Flutter.Frame", "isolateGroup": {"type": "@IsolateGroup", "id": "isolateGroups/6534132917220748", "name": "main.dart", "number": "6534132917220
EXT Extension {"type": "Event", "kind": "Extension", "extensionKind": "Flutter.Frame", "isolateGroup": {"type": "@IsolateGroup", "id": "isolateGroups/6534132917220748", "name": "main.dart", "number": "6534132917220
EXT Extension {"type": "Event", "kind": "Extension", "extensionKind": "Flutter.Frame", "isolateGroup": {"type": "@IsolateGroup", "id": "isolateGroups/6534132917220748", "name": "main.dart", "number": "6534132917220
EXT Extension {"type": "Event", "kind": "Extension", "extensionKind": "Flutter.Frame", "isolateGroup": {"type": "@IsolateGroup", "id": "isolateGroups/6534132917220748", "name": "main.dart", "number": "6534132917220
EXT Extension {"type": "Event", "kind": "Extension", "extensionKind": "Flutter.Frame", "isolateGroup": {"type": "@IsolateGroup", "id": "isolateGroups/6534132917220748", "name": "main.dart", "number": "6534132917220
EXT Extension {"type": "Event", "kind": "Extension", "extensionKind": "Flutter.Frame", "isolateGroup": {"type": "@IsolateGroup", "id": "isolateGroups/6534132917220748", "name": "main.dart", "number": "6534132917220
EXT Extension {"type": "Event", "kind": "Extension", "extensionKind": "Flutter.Frame", "isolateGroup": {"type": "@IsolateGroup", "id": "isolateGroups/6534132917220748", "name": "main.dart", "number": "6534132917220
EXT Extension {"type": "Event", "kind": "Extension", "extensionKind": "Flutter.Frame", "isolateGroup": {"type": "@IsolateGroup", "id": "isolateGroups/6534132917220748", "name": "main.dart", "number": "6534132917220
EXT Extension {"type": "Event", "kind": "Extension", "extensionKind": "Flutter.Frame", "isolateGroup": {"type": "@IsolateGroup", "id": "isolateGroups/6534132917220748", "name": "main.dart", "number": "6534132917220
EXT Extension {"type": "Event", "kind": "Extension", "extensionKind": "Flutter.Frame", "isolateGroup": {"type": "@IsolateGroup", "id": "isolateGroups/6534132917220748", "name": "main.dart", "number": "6534132917220
EXT Extension {"type": "Event", "kind": "Extension", "extensionKind": "Flutter.Frame", "isolateGroup": {"type": "@IsolateGroup", "id": "isolateGroups/6534132917220748", "name": "main.dart", "number": "6534132917220
EXT Extension {"type": "Event", "kind": "Extension", "extensionKind": "Flutter.Frame", "isolateGroup": {"type": "@IsolateGroup", "id": "isolateGroups/6534132917220748", "name": "main.dart", "number": "6534132917220
EXT Extension {"type": "Event", "kind": "Extension", "extensionKind": "Flutter.Frame", "isolateGroup": {"type": "@IsolateGroup", "id": "isolateGroups/6534132917220748", "name": "main.dart", "number": "6534132917220
EXT Extension {"type": "Event", "kind": "Extension", "extensionKind": "Flutter.Frame", "isolateGroup": {"type": "@IsolateGroup", "id": "isolateGroups/6534132917220748", "name": "main.dart", "number": "6534132917220
EXT Extension {"type": "Event", "kind": "Extension", "extensionKind": "Flutter.Frame", "isolateGroup": {"type": "@IsolateGroup", "id": "isolateGroups/6534132917220748", "name": "main.dart", "number": "6534132917220
EXT Extension {"type": "Event", "kind": "Extension", "extensionKind": "Flutter.Frame", "isolateGroup": {"type": "@IsolateGroup", "id": "isolateGroups/6534132917220748", "name": "main.dart", "number": "6534132917220
EXT Extension {"type": "Event", "kind": "Extension", "extensionKind": "Flutter.Frame", "isolateGroup": {"type": "@IsolateGroup", "id": "isolateGroups/6534132917220748", "name": "main.dart", "number": "6534132917220
EXT Extension {"type": "Event", "kind": "Extension", "extensionKind": "Flutter.Frame", "isolateGroup": {"type": "@IsolateGroup", "id": "isolateGroups/6534132917220748", "name": "main.dart", "number": "6534132917220
EXT Extension {"type": "Event", "kind": "Extension", "extensionKind": "Flutter.Frame", "isolateGroup": {"type": "@IsolateGroup", "id": "isolateGroups/6534132917220748", "name": "main.dart", "number": "6534132917220
EXT Extension {"type": "Event", "kind": "Extension", "extensionKind": "Flutter.Frame", "isolateGroup": {"type": "@IsolateGroup", "id": "isolateGroups/6534132917220748", "name": "main.dart", "number": "6534132917220
EXT Extension {"type": "Event", "kind": "Extension", "extensionKind": "Flutter.Frame", "isolateGroup": {"type": "@IsolateGroup", "id": "isolateGroups/6534132917220748", "name": "main.dart", "number": "6534132917220
EXT Extension {"type": "Event", "kind": "Extension", "extensionKind": "Flutter.Frame", "isolateGroup": {"type": "@IsolateGroup", "id": "isolateGroups/6534132917220748", "name": "main.dart", "number": "6534132917220
EXT Extension {"type": "Event", "kind": "Extension", "extensionKind": "Flutter.Frame", "isolateGroup": {"type": "@IsolateGroup", "id": "isolateGroups/6534132917220748", "name": "main.dart", "number": "6534132917220
EXT Extension {"type": "Event", "kind": "Extension", "extensionKind": "Flutter.Frame", "isolateGroup": {"type": "@IsolateGroup", "id": "isolateGroups/6534132917220748", "name": "main.dart", "number": "6534132917220
EXT Extension {"type": "Event", "kind": "Extension", "extensionKind": "Flutter.Frame", "isolateGroup": {"type": "@IsolateGroup", "id": "isolateGroups/6534132917220748", "name": "main.dart", "number": "6534132917220
EXT Extension {"type": "Event", "kind": "Extension", "extensionKind": "Flutter.Frame", "isolateGroup": {"type": "@IsolateGroup", "id": "isolateGroups/6534132917220748", "name": "main.dart", "number": "6534132917220
EXT Extension {"type": "Event", "kind": "Extension", "extensionKind": "Flutter.Frame", "isolateGroup": {"type": "@IsolateGroup", "id": "isolateGroups/6534132917220748", "name": "main.dart", "number": "6534132917220
EXT Extension {"type": "Event", "kind": "Extension", "extensionKind": "Flutter.Frame", "isolateGroup": {"type": "@IsolateGroup", "id": "isolateGroups/6534132917220748", "name": "main.dart", "number": "6534132917220
EXT Extension {"type": "Event", "kind": "Extension", "extensionKind": "Flutter.Frame", "isolateGroup": {"type": "@IsolateGroup", "id": "isolateGroups/6534132917220748", "name": "main.dart", "number": "6534132917220
EXT Extension {"type": "Event", "kind": "Extension", "extensionKind": "Flutter.Frame", "isolateGroup": {"type": "@IsolateGroup", "id": "isolateGroups/6534132917220748", "name": "main.dart", "number": "6534132917220
EXT Extension {"type": "Event", "kind": "Extension", "extensionKind": "Flutter.Frame", "isolateGroup": {"type": "@IsolateGroup", "id": "isolateGroups/6534132917220748", "name": "main.dart", "number": "6534132917220
EXT Extension {"type": "Event", "kind": "Extension", "extensionKind": "Flutter.Frame", "isolateGroup": {"type": "@IsolateGroup", "id": "isolateGroups/6534132917220748", "name": "main.dart", "number": "6534132917220
EXT Extension {"type": "Event", "kind": "Extension", "extensionKind": "Flutter.Frame", "isolateGroup": {"type": "@IsolateGroup", "id": "isolateGroups/6534132917220748", "name": "main.dart", "number": "6534132917220
EXT Extension {"type": "Event", "kind": "Extension", "extensionKind": "Flutter.Frame", "isolateGroup": {"type": "@IsolateGroup", "id": "isolateGroups/6534132917220748", "name": "main.dart", "number": "6534132917220
EXT Extension {"type": "Event", "kind": "Extension", "extensionKind": "Flutter.Frame", "isolateGroup": {"type": "@IsolateGroup", "id": "isolateGroups/6534132917220748", "name": "main.dart", "number": "6534132917220
EXT Extension {"type": "Event", "kind": "Extension", "extensionKind": "Flutter.Frame", "isolateGroup": {"type": "@IsolateGroup", "id": "isolateGroups/6534132917220748", "name": "main.dart", "number": "6534132917220
EXT Extension {"type": "Event", "kind": "Extension", "extensionKind": "Flutter.Frame", "isolateGroup": {"type": "@IsolateGroup", "id": "isolateGroups/6534132917220748", "name": "main.dart", "number": "6534132917220
EXT Extension {"type": "Event", "kind": "Extension", "extensionKind": "Flutter.Frame", "isolateGroup": {"type": "@IsolateGroup", "id": "isolateGroups/6534132917220748", "name": "main.dart", "number": "6534132917220
EXT Extension {"type": "Event", "kind": "Extension", "extensionKind": "Flutter.Frame", "isolateGroup": {"type": "@IsolateGroup", "id": "isolateGroups/6534132917220748", "name": "main.dart", "number": "6534132917220
EXT Extension {"type": "Event", "kind": "Extension", "extensionKind": "Flutter.Frame", "isolateGroup": {"type": "@IsolateGroup", "id": "isolateGroups/6534132917220748", "name": "main.dart", "number": "6534132917220
EXT Extension {"type": "Event", "kind": "Extension", "extensionKind": "Flutter.Frame", "isolateGroup": {"type": "@IsolateGroup", "id": "isolateGroups/6534132917220748", "name": "main.dart", "number": "6534132917220
EXT Extension {"type": "Event", "kind": "Extension", "extensionKind": "Flutter.Frame", "isolateGroup": {"type": "@IsolateGroup", "id": "isolateGroups/6534132917220748", "name": "main.dart", "number": "6534132917220
EXT Extension {"type": "Event", "kind": "Extension", "extensionKind": "Flutter.Frame", "isolateGroup": {"type": "@IsolateGroup", "id": "isolateGroups/6534132917220748", "name": "main.dart", "number": "6534132917220
EXT Extension {"type": "Event", "kind": "Extension", "extensionKind": "Flutter.Frame", "isolateGroup": {"type": "@IsolateGroup", "id": "isolateGroups/6534132917220748", "name": "main.dart", "number": "6534132917220
EXT Extension {"type": "Event", "kind": "Extension", "extensionKind": "Flutter.Frame", "isolateGroup": {"type": "@IsolateGroup", "id": "isolateGroups/6534132917220748", "name": "main.dart", "number": "6534132917220
EXT Extension {"type": "Event", "kind": "Extension", "extensionKind": "Flutter.Frame", "isolateGroup": {"type": "@IsolateGroup", "id": "isolateGroups/6534132917220748", "name": "main.dart", "number": "6534132917220
EXT Extension {"type": "Event", "kind": "Extension", "extensionKind": "Flutter.Frame", "isolateGroup": {"type": "@IsolateGroup", "id": "isolateGroups/6534132917220748", "name": "main.dart", "number": "6534132917220
EXT Extension {"type": "Event", "kind": "Extension", "extensionKind": "Flutter.Frame", "isolateGroup": {"type": "@IsolateGroup", "id": "isolateGroups/6534132917220748", "name": "main.dart", "number": "6534132917220
EXT Extension {"type": "Event", "kind": "Extension", "extensionKind": "Flutter.Frame", "isolateGroup": {"type": "@IsolateGroup", "id": "isolateGroups/6534132917220748", "name": "main.dart", "number": "6534132917220
EXT Extension {"type": "Event", "kind": "Extension", "extensionKind": "Flutter.Frame", "isolateGroup": {"type": "@IsolateGroup", "id": "isolateGroups/6534132917220748", "name": "main.dart", "number": "6534132917220
EXT Extension {"type": "Event", "kind": "Extension", "extensionKind": "Flutter.Frame", "isolateGroup": {"type": "@IsolateGroup", "id": "isolateGroups/6534132917220748", "name": "main.dart", "number": "6534132917220
EXT Extension {"type": "Event", "kind": "Extension", "extensionKind": "Flutter.Frame", "isolateGroup": {"type": "@IsolateGroup", "id": "isolateGroups/6534132917220748", "name": "main.dart", "number": "6534132917220
EXT Extension {"type": "Event", "kind": "Extension", "extensionKind": "Flutter.Frame", "isolateGroup": {"type": "@IsolateGroup", "id": "isolateGroups/6534132917220748", "name": "main.dart", "number": "6534132917220
EXT Extension {"type": "Event", "kind": "Extension", "extensionKind": "Flutter.Frame", "isolateGroup": {"type": "@IsolateGroup", "id": "isolateGroups/6534132917220748", "name": "main.dart", "number": "6534132917220
EXT Extension {"type": "Event", "kind": "Extension", "extensionKind": "Flutter.Frame", "isolateGroup": {"type": "@IsolateGroup", "id": "isolateGroups/6534132917220748", "name": "main.dart", "number": "6534132917220
EXT Extension {"type": "Event", "kind": "Extension", "extensionKind": "Flutter.Frame", "isolateGroup": {"type": "@IsolateGroup", "id": "isolateGroups/6534132917220748", "name": "main.dart", "number": "6534132917220
EXT Extension {"type": "Event", "kind": "Extension", "extensionKind": "Flutter.Frame", "isolateGroup": {"type": "@IsolateGroup", "id": "isolateGroups/6534132917220748", "name": "main.dart", "number": "6534132917220
EXT Extension {"type": "Event", "kind": "Extension", "extensionKind": "Flutter.Frame", "isolateGroup": {"type": "@IsolateGroup", "id": "isolateGroups/6534132917220748", "name": "main.dart", "number": "6534132917220
EXT Extension {"type": "Event", "kind": "Extension", "extensionKind": "Flutter.Frame", "isolateGroup": {"type": "@IsolateGroup", "id": "isolateGroups/6534132917220748", "name": "main.dart", "number": "6534132917220
EXT Extension {"type": "Event", "kind": "Extension", "extensionKind": "Flutter.Frame", "isolateGroup": {"type": "@IsolateGroup", "id": "isolateGroups/6534132917220748", "name": "main.dart", "number": "6534132917220
EXT Extension {"type": "Event", "kind": "Extension", "extensionKind": "Flutter.Frame", "isolateGroup": {"type": "@IsolateGroup", "id": "isolateGroups/6534132917220748", "name": "main.dart", "number": "6534132917220
EXT Extension {"type": "Event", "kind": "Extension", "extensionKind": "Flutter.Frame", "isolateGroup": {"type": "@IsolateGroup", "id": "isolateGroups/6534132917220748", "name": "main.dart", "number": "6534132917220
EXT Extension {"type": "Event", "kind": "Extension", "extensionKind": "Flutter.Frame", "isolateGroup": {"type": "@IsolateGroup", "id": "isolateGroups/6534132917220748", "name": "main.dart", "number": "6534132917220
EXT Extension {"type": "Event", "kind": "Extension", "extensionKind": "Flutter.Frame", "isolateGroup": {"type": "@IsolateGroup", "id": "isolateGroups/6534132917220748", "name": "main.dart", "number": "6534132917220
EXT Extension {"type": "Event", "kind": "Extension", "extensionKind": "Flutter.Frame", "isolateGroup": {"type": "@IsolateGroup", "id": "isolateGroups/6534132917220748", "name": "main.dart", "number": "6534132917220
EXT Extension {"type": "Event", "kind": "Extension", "extensionKind": "Flutter.Frame", "isolateGroup": {"type": "@IsolateGroup", "id": "isolateGroups/6534132917220748", "name": "main.dart", "number": "6534132917220
EXT Extension {"type": "Event", "kind": "Extension", "extensionKind": "Flutter.Frame", "isolateGroup": {"type": "@IsolateGroup", "id": "isolateGroups/6534132917220748", "name": "main.dart", "number": "6534132917220
EXT Extension {"type": "Event", "kind": "Extension", "extensionKind": "Flutter.Frame", "isolateGroup": {"type": "@IsolateGroup", "id": "isolateGroups/6534132917220748", "name": "main.dart", "number": "6534132917220
EXT Extension {"type": "Event", "kind": "Extension", "extensionKind": "Flutter.Frame", "isolateGroup": {"type": "@IsolateGroup", "id": "isolateGroups/6534132917220748", "name": "main.dart", "number": "6534132917220
EXT Extension {"type": "Event", "kind": "Extension", "extensionKind": "Flutter.Frame", "isolateGroup": {"type": "@IsolateGroup", "id": "isolateGroups/6534132917220748", "name": "main.dart", "number": "6534132917220
EXT Extension {"type": "Event", "kind": "Extension", "extensionKind": "Flutter.Frame", "isolateGroup": {"type": "@IsolateGroup", "id": "isolateGroups/6534132917220748", "name": "main.dart", "number": "6534132917220
EXT Extension {"type": "Event", "kind": "Extension", "extensionKind": "Flutter.Frame", "isolateGroup": {"type": "@IsolateGroup", "id": "isolateGroups/6534132917220748", "name": "main.dart", "number": "6534132917220
EXT Extension {"type": "Event", "kind": "Extension", "extensionKind": "Flutter.Frame", "isolateGroup": {"type": "@IsolateGroup", "id": "isolateGroups/6534132917220748", "name": "main.dart", "number": "6534132917220
EXT Extension {"type": "Event", "kind": "Extension", "extensionKind": "Flutter.Frame", "isolateGroup": {"type": "@IsolateGroup", "id": "isolateGroups/6534132917220748", "name": "main.dart", "number": "6534132917220
EXT Extension {"type": "Event", "kind": "Extension", "extensionKind": "Flutter.Frame", "isolateGroup": {"type": "@IsolateGroup", "id": "isolateGroups/6534132917220748", "name": "main.dart", "number": "6534132917220
EXT Extension {"type": "Event", "kind": "Extension", "extensionKind": "Flutter.Frame", "isolateGroup": {"type": "@IsolateGroup", "id": "isolateGroups/6534132917220748", "name": "main.dart", "number": "6534132917220
EXT Extension {"type": "Event", "kind": "Extension", "extensionKind": "Flutter.Frame", "isolateGroup": {"type": "@IsolateGroup", "id": "isolateGroups/6534132917220748", "name": "main.dart", "number": "6534132917220
EXT Extension {"type": "Event", "kind": "Extension", "extensionKind": "Flutter.Frame", "isolateGroup": {"type": "@IsolateGroup", "id": "isolateGroups/6534132917220748", "name": "main.dart", "number": "6534132917220
EXT Extension {"type": "Event", "kind": "Extension", "extensionKind": "Flutter.Frame", "isolateGroup": {"type": "@IsolateGroup", "id": "isolateGroups/6534132917220748", "name": "main.dart", "number": "6534132917220
EXT Extension {"type": "Event", "kind": "Extension", "extensionKind": "Flutter.Frame", "isolateGroup": {"type": "@IsolateGroup", "id": "isolateGroups/6534132917220748", "name": "main.dart", "number": "6534132917220
EXT Extension {"type": "Event", "kind": "Extension", "extensionKind": "Flutter.Frame", "isolateGroup": {"type": "@IsolateGroup", "id": "isolateGroups/6534132917220748", "name": "main.dart", "number": "6534132917220
EXT Extension {"type": "Event", "kind": "Extension", "extensionKind": "Flutter.Frame", "isolateGroup": {"type": "@IsolateGroup", "id": "isolateGroups/6534132917220748", "name": "main.dart", "number": "6534132917220
EXT Extension {"type": "Event", "kind": "Extension", "extensionKind": "Flutter.Frame", "isolateGroup": {"type": "@IsolateGroup", "id": "isolateGroups/6534132917220748", "name": "main.dart", "number": "6534132917220
EXT Extension {"type": "Event", "kind": "Extension", "extensionKind": "Flutter.Frame", "isolateGroup": {"type": "@IsolateGroup", "id": "isolateGroups/6534132917220748", "name": "main.dart", "number": "6534132917220
EXT Extension {"type": "Event", "kind": "Extension", "extensionKind": "Flutter.Frame", "isolateGroup": {"type": "@IsolateGroup", "id": "isolateGroups/6534132917220748", "name": "main.dart", "number": "6534132917220
EXT Extension {"type": "Event", "kind": "Extension", "extensionKind": "Flutter.Frame", "isolateGroup": {"type": "@IsolateGroup", "id": "isolateGroups/6534132917220748", "name": "main.dart", "number": "6534132917220
EXT Extension {"type": "Event", "kind": "Extension", "extensionKind": "Flutter.Frame", "isolateGroup": {"type": "@IsolateGroup", "id": "isolateGroups/6534132917220748", "name": "main.dart", "number": "6534132917220
EXT Extension {"type": "Event", "kind": "Extension", "extensionKind": "Flutter.Frame", "isolateGroup": {"type": "@IsolateGroup", "id": "isolateGroups/6534132917220748", "name": "main.dart", "number": "6534132917220
EXT Extension {"type": "Event", "kind": "Extension", "extensionKind": "Flutter.Frame", "isolateGroup": {"type": "@IsolateGroup", "id": "isolateGroups/6534132917220748", "name": "main.dart", "number": "6534132917220
EXT Extension {"type": "Event", "kind": "Extension", "extensionKind": "Flutter.Frame", "isolateGroup": {"type": "@IsolateGroup", "id": "isolateGroups/6534132917220748", "name": "main.dart", "number": "6534132917220
EXT Extension {"type": "Event", "kind": "Extension", "extensionKind": "Flutter.Frame", "isolateGroup": {"type": "@IsolateGroup", "id": "isolateGroups/6534132917220748", "name": "main.dart", "number": "6534132917220
EXT Extension {"type": "Event", "kind": "Extension", "extensionKind": "Flutter.Frame", "isolateGroup": {"type": "@IsolateGroup", "id": "isolateGroups/6534132917220748", "name": "main.dart", "number": "6534132917220
EXT Extension {"type": "Event", "kind": "Extension", "extensionKind": "Flutter.Frame", "isolateGroup": {"type": "@IsolateGroup", "id": "isolateGroups/6534132917220748", "name": "main.dart", "number": "6534132917220
EXT Extension {"type": "Event", "kind": "Extension", "extensionKind": "Flutter.Frame", "isolateGroup": {"type": "@IsolateGroup", "id": "isolateGroups/6534132917220748", "name": "main.dart", "number": "6534132917220
EXT Extension {"type": "Event", "kind": "Extension", "extensionKind": "Flutter.Frame", "isolateGroup": {"type": "@IsolateGroup", "id": "isolateGroups/6534132917220748", "name": "main.dart", "number": "6534132917220
EXT Extension {"type": "Event", "kind": "Extension", "extensionKind": "Flutter.Frame", "isolateGroup": {"type": "@IsolateGroup", "id": "isolateGroups/6534132917220748", "name": "main.dart", "number": "6534132917220
EXT Extension {"type": "Event", "kind": "Extension", "extensionKind": "Flutter.Frame", "isolateGroup": {"type": "@IsolateGroup", "id": "isolateGroups/6534132917220748", "name": "main.dart", "number": "6534132917220
EXT Extension {"type": "Event", "kind": "Extension", "extensionKind": "Flutter.Frame", "isolateGroup": {"type": "@IsolateGroup", "id": "isolateGroups/6534132917220748", "name": "main.dart", "number": "6534132917220
EXT Extension {"type": "Event", "kind": "Extension", "extensionKind": "Flutter.Frame", "isolateGroup": {"type": "@IsolateGroup", "id": "isolateGroups/6534132917220748", "name": "main.dart", "number": "6534132917220
EXT Extension {"type": "Event", "kind": "Extension", "extensionKind": "Flutter.Frame", "isolateGroup": {"type": "@IsolateGroup", "id": "isolateGroups/6534132917220748", "name": "main.dart", "number": "6534132917220
EXT Extension {"type": "Event", "kind": "Extension", "extensionKind": "Flutter.Frame", "isolateGroup": {"type": "@IsolateGroup", "id": "isolateGroups/6534132917220748", "name": "main.dart", "number": "6534132917220
EXT Extension {"type": "Event", "kind": "Extension", "extensionKind": "Flutter.Frame", "isolateGroup": {"type": "@IsolateGroup", "id": "isolateGroups/6534132917220748", "name": "main.dart", "number": "6534132917220
EXT Extension {"type": "Event", "kind": "Extension", "extensionKind": "Flutter.Frame", "isolateGroup": {"type": "@IsolateGroup", "id": "isolateGroups/6534132917220748", "name": "main.dart", "number": "6534132917220
EXT Extension {"type": "Event", "kind": "Extension", "extensionKind": "Flutter.Frame", "isolateGroup": {"type": "@IsolateGroup", "id": "isolateGroups/6534132917220748", "name": "main.dart", "number": "6534132917220
EXT Extension {"type": "Event", "kind": "Extension", "extensionKind": "Flutter.Frame", "isolateGroup": {"type": "@IsolateGroup", "id": "isolateGroups/6534132917220748", "name": "main.dart", "number": "6534132917220
EXT Extension {"type": "Event", "kind": "Extension", "extensionKind": "Flutter.Frame", "isolateGroup": {"type": "@IsolateGroup", "id": "isolateGroups/6534132917220748", "name": "main.dart", "number": "6534132917220
EXT Extension {"type": "Event", "kind": "Extension", "extensionKind": "Flutter.ImageSizesForFrame", "isolateGroup": {"type": "@IsolateGroup", "id": "isolateGroups/6534132917220748", "name": "main.dart", "number": "
EXT Extension {"type": "Event", "kind": "Extension", "extensionKind": "Flutter.Frame", "isolateGroup": {"type": "@IsolateGroup", "id": "isolateGroups/6534132917220748", "name": "main.dart", "number": "6534132917220
EXT Extension {"type": "Event", "kind": "Extension", "extensionKind": "Flutter.Frame", "isolateGroup": {"type": "@IsolateGroup", "id": "isolateGroups/6534132917220748", "name": "main.dart", "number": "6534132917220
EXT Extension {"type": "Event", "kind": "Extension", "extensionKind": "Flutter.Frame", "isolateGroup": {"type": "@IsolateGroup", "id": "isolateGroups/6534132917220748", "name": "main.dart", "number": "6534132917220
EXT Extension {"type": "Event", "kind": "Extension", "extensionKind": "Flutter.Frame", "isolateGroup": {"type": "@IsolateGroup", "id": "isolateGroups/6534132917220748", "name": "main.dart", "number": "6534132917220
EXT Extension {"type": "Event", "kind": "Extension", "extensionKind": "Flutter.Frame", "isolateGroup": {"type": "@IsolateGroup", "id": "isolateGroups/6534132917220748", "name": "main.dart", "number": "6534132917220
EXT Extension {"type": "Event", "kind": "Extension", "extensionKind": "Flutter.Frame", "isolateGroup": {"type": "@IsolateGroup", "id": "isolateGroups/6534132917220748", "name": "main.dart", "number": "6534132917220
EXT Extension {"type": "Event", "kind": "Extension", "extensionKind": "Flutter.ImageSizesForFrame", "isolateGroup": {"type": "@IsolateGroup", "id": "isolateGroups/6534132917220748", "name": "main.dart", "number": "
EXT Extension {"type": "Event", "kind": "Extension", "extensionKind": "Flutter.Frame", "isolateGroup": {"type": "@IsolateGroup", "id": "isolateGroups/6534132917220748", "name": "main.dart", "number": "6534132917220
EXT Extension {"type": "Event", "kind": "Extension", "extensionKind": "Flutter.Frame", "isolateGroup": {"type": "@IsolateGroup", "id": "isolateGroups/6534132917220748", "name": "main.dart", "number": "6534132917220
EXT Extension {"type": "Event", "kind": "Extension", "extensionKind": "Flutter.Frame", "isolateGroup": {"type": "@IsolateGroup", "id": "isolateGroups/6534132917220748", "name": "main.dart", "number": "6534132917220
EXT Extension {"type": "Event", "kind": "Extension", "extensionKind": "Flutter.Frame", "isolateGroup": {"type": "@IsolateGroup", "id": "isolateGroups/6534132917220748", "name": "main.dart", "number": "6534132917220
EXT Extension {"type": "Event", "kind": "Extension", "extensionKind": "Flutter.Frame", "isolateGroup": {"type": "@IsolateGroup", "id": "isolateGroups/6534132917220748", "name": "main.dart", "number": "6534132917220
EXT Extension {"type": "Event", "kind": "Extension", "extensionKind": "Flutter.Frame", "isolateGroup": {"type": "@IsolateGroup", "id": "isolateGroups/6534132917220748", "name": "main.dart", "number": "6534132917220
EXT Extension {"type": "Event", "kind": "Extension", "extensionKind": "Flutter.Frame", "isolateGroup": {"type": "@IsolateGroup", "id": "isolateGroups/6534132917220748", "name": "main.dart", "number": "6534132917220
EXT Extension {"type": "Event", "kind": "Extension", "extensionKind": "Flutter.Frame", "isolateGroup": {"type": "@IsolateGroup", "id": "isolateGroups/6534132917220748", "name": "main.dart", "number": "6534132917220
EXT Extension {"type": "Event", "kind": "Extension", "extensionKind": "Flutter.Frame", "isolateGroup": {"type": "@IsolateGroup", "id": "isolateGroups/6534132917220748", "name": "main.dart", "number": "6534132917220
EXT Extension {"type": "Event", "kind": "Extension", "extensionKind": "Flutter.Frame", "isolateGroup": {"type": "@IsolateGroup", "id": "isolateGroups/6534132917220748", "name": "main.dart", "number": "6534132917220
EXT Extension {"type": "Event", "kind": "Extension", "extensionKind": "Flutter.Frame", "isolateGroup": {"type": "@IsolateGroup", "id": "isolateGroups/6534132917220748", "name": "main.dart", "number": "6534132917220
EXT Extension {"type": "Event", "kind": "Extension", "extensionKind": "Flutter.Frame", "isolateGroup": {"type": "@IsolateGroup", "id": "isolateGroups/6534132917220748", "name": "main.dart", "number": "6534132917220
EXT Extension {"type": "Event", "kind": "Extension", "extensionKind": "Flutter.Frame", "isolateGroup": {"type": "@IsolateGroup", "id": "isolateGroups/6534132917220748", "name": "main.dart", "number": "6534132917220
EXT Extension {"type": "Event", "kind": "Extension", "extensionKind": "Flutter.Frame", "isolateGroup": {"type": "@IsolateGroup", "id": "isolateGroups/6534132917220748", "name": "main.dart", "number": "6534132917220
EXT Extension {"type": "Event", "kind": "Extension", "extensionKind": "Flutter.Frame", "isolateGroup": {"type": "@IsolateGroup", "id": "isolateGroups/6534132917220748", "name": "main.dart", "number": "6534132917220
EXT Extension {"type": "Event", "kind": "Extension", "extensionKind": "Flutter.Frame", "isolateGroup": {"type": "@IsolateGroup", "id": "isolateGroups/6534132917220748", "name": "main.dart", "number": "6534132917220
EXT Extension {"type": "Event", "kind": "Extension", "extensionKind": "Flutter.Frame", "isolateGroup": {"type": "@IsolateGroup", "id": "isolateGroups/6534132917220748", "name": "main.dart", "number": "6534132917220
EXT Extension {"type": "Event", "kind": "Extension", "extensionKind": "Flutter.Frame", "isolateGroup": {"type": "@IsolateGroup", "id": "isolateGroups/6534132917220748", "name": "main.dart", "number": "6534132917220
EXT Extension {"type": "Event", "kind": "Extension", "extensionKind": "Flutter.Frame", "isolateGroup": {"type": "@IsolateGroup", "id": "isolateGroups/6534132917220748", "name": "main.dart", "number": "6534132917220
EXT Extension {"type": "Event", "kind": "Extension", "extensionKind": "Flutter.Frame", "isolateGroup": {"type": "@IsolateGroup", "id": "isolateGroups/6534132917220748", "name": "main.dart", "number": "6534132917220
EXT Extension {"type": "Event", "kind": "Extension", "extensionKind": "Flutter.Frame", "isolateGroup": {"type": "@IsolateGroup", "id": "isolateGroups/6534132917220748", "name": "main.dart", "number": "6534132917220
EXT Extension {"type": "Event", "kind": "Extension", "extensionKind": "Flutter.Frame", "isolateGroup": {"type": "@IsolateGroup", "id": "isolateGroups/6534132917220748", "name": "main.dart", "number": "6534132917220
EXT Extension {"type": "Event", "kind": "Extension", "extensionKind": "Flutter.Frame", "isolateGroup": {"type": "@IsolateGroup", "id": "isolateGroups/6534132917220748", "name": "main.dart", "number": "6534132917220
EXT Extension {"type": "Event", "kind": "Extension", "extensionKind": "Flutter.Frame", "isolateGroup": {"type": "@IsolateGroup", "id": "isolateGroups/6534132917220748", "name": "main.dart", "number": "6534132917220
EXT Extension {"type": "Event", "kind": "Extension", "extensionKind": "Flutter.Frame", "isolateGroup": {"type": "@IsolateGroup", "id": "isolateGroups/6534132917220748", "name": "main.dart", "number": "6534132917220
EXT Extension {"type": "Event", "kind": "Extension", "extensionKind": "Flutter.Frame", "isolateGroup": {"type": "@IsolateGroup", "id": "isolateGroups/6534132917220748", "name": "main.dart", "number": "6534132917220
EXT Extension {"type": "Event", "kind": "Extension", "extensionKind": "Flutter.Frame", "isolateGroup": {"type": "@IsolateGroup", "id": "isolateGroups/6534132917220748", "name": "main.dart", "number": "6534132917220
EXT Extension {"type": "Event", "kind": "Extension", "extensionKind": "Flutter.Frame", "isolateGroup": {"type": "@IsolateGroup", "id": "isolateGroups/6534132917220748", "name": "main.dart", "number": "6534132917220
EXT Extension {"type": "Event", "kind": "Extension", "extensionKind": "Flutter.Frame", "isolateGroup": {"type": "@IsolateGroup", "id": "isolateGroups/6534132917220748", "name": "main.dart", "number": "6534132917220
EXT Extension {"type": "Event", "kind": "Extension", "extensionKind": "Flutter.Frame", "isolateGroup": {"type": "@IsolateGroup", "id": "isolateGroups/6534132917220748", "name": "main.dart", "number": "6534132917220
EXT Extension {"type": "Event", "kind": "Extension", "extensionKind": "Flutter.Frame", "isolateGroup": {"type": "@IsolateGroup", "id": "isolateGroups/6534132917220748", "name": "main.dart", "number": "6534132917220
EXT Extension {"type": "Event", "kind": "Extension", "extensionKind": "Flutter.Frame", "isolateGroup": {"type": "@IsolateGroup", "id": "isolateGroups/6534132917220748", "name": "main.dart", "number": "6534132917220
EXT Extension {"type": "Event", "kind": "Extension", "extensionKind": "Flutter.Frame", "isolateGroup": {"type": "@IsolateGroup", "id": "isolateGroups/6534132917220748", "name": "main.dart", "number": "6534132917220
EXT Extension {"type": "Event", "kind": "Extension", "extensionKind": "Flutter.Frame", "isolateGroup": {"type": "@IsolateGroup", "id": "isolateGroups/6534132917220748", "name": "main.dart", "number": "6534132917220
EXT Extension {"type": "Event", "kind": "Extension", "extensionKind": "Flutter.Frame", "isolateGroup": {"type": "@IsolateGroup", "id": "isolateGroups/6534132917220748", "name": "main.dart", "number": "6534132917220
EXT Extension {"type": "Event", "kind": "Extension", "extensionKind": "Flutter.Frame", "isolateGroup": {"type": "@IsolateGroup", "id": "isolateGroups/6534132917220748", "name": "main.dart", "number": "6534132917220
EXT Extension {"type": "Event", "kind": "Extension", "extensionKind": "Flutter.Frame", "isolateGroup": {"type": "@IsolateGroup", "id": "isolateGroups/6534132917220748", "name": "main.dart", "number": "6534132917220
EXT Extension {"type": "Event", "kind": "Extension", "extensionKind": "Flutter.Frame", "isolateGroup": {"type": "@IsolateGroup", "id": "isolateGroups/6534132917220748", "name": "main.dart", "number": "6534132917220
EXT Extension {"type": "Event", "kind": "Extension", "extensionKind": "Flutter.Frame", "isolateGroup": {"type": "@IsolateGroup", "id": "isolateGroups/6534132917220748", "name": "main.dart", "number": "6534132917220
EXT Extension {"type": "Event", "kind": "Extension", "extensionKind": "Flutter.Frame", "isolateGroup": {"type": "@IsolateGroup", "id": "isolateGroups/6534132917220748", "name": "main.dart", "number": "6534132917220
EXT Extension {"type": "Event", "kind": "Extension", "extensionKind": "Flutter.Frame", "isolateGroup": {"type": "@IsolateGroup", "id": "isolateGroups/6534132917220748", "name": "main.dart", "number": "6534132917220
EXT Extension {"type": "Event", "kind": "Extension", "extensionKind": "Flutter.Frame", "isolateGroup": {"type": "@IsolateGroup", "id": "isolateGroups/6534132917220748", "name": "main.dart", "number": "6534132917220
EXT Extension {"type": "Event", "kind": "Extension", "extensionKind": "Flutter.Frame", "isolateGroup": {"type": "@IsolateGroup", "id": "isolateGroups/6534132917220748", "name": "main.dart", "number": "6534132917220
EXT Extension {"type": "Event", "kind": "Extension", "extensionKind": "Flutter.Frame", "isolateGroup": {"type": "@IsolateGroup", "id": "isolateGroups/6534132917220748", "name": "main.dart", "number": "6534132917220
EXT Extension {"type": "Event", "kind": "Extension", "extensionKind": "Flutter.Frame", "isolateGroup": {"type": "@IsolateGroup", "id": "isolateGroups/6534132917220748", "name": "main.dart", "number": "6534132917220
EXT Extension {"type": "Event", "kind": "Extension", "extensionKind": "Flutter.Frame", "isolateGroup": {"type": "@IsolateGroup", "id": "isolateGroups/6534132917220748", "name": "main.dart", "number": "6534132917220
EXT Extension {"type": "Event", "kind": "Extension", "extensionKind": "Flutter.Frame", "isolateGroup": {"type": "@IsolateGroup", "id": "isolateGroups/6534132917220748", "name": "main.dart", "number": "6534132917220
EXT Extension {"type": "Event", "kind": "Extension", "extensionKind": "Flutter.Frame", "isolateGroup": {"type": "@IsolateGroup", "id": "isolateGroups/6534132917220748", "name": "main.dart", "number": "6534132917220
EXT Extension {"type": "Event", "kind": "Extension", "extensionKind": "Flutter.Frame", "isolateGroup": {"type": "@IsolateGroup", "id": "isolateGroups/6534132917220748", "name": "main.dart", "number": "6534132917220
EXT Extension {"type": "Event", "kind": "Extension", "extensionKind": "Flutter.Frame", "isolateGroup": {"type": "@IsolateGroup", "id": "isolateGroups/6534132917220748", "name": "main.dart", "number": "6534132917220
EXT Extension {"type": "Event", "kind": "Extension", "extensionKind": "Flutter.Frame", "isolateGroup": {"type": "@IsolateGroup", "id": "isolateGroups/6534132917220748", "name": "main.dart", "number": "6534132917220
EXT Extension {"type": "Event", "kind": "Extension", "extensionKind": "Flutter.Frame", "isolateGroup": {"type": "@IsolateGroup", "id": "isolateGroups/6534132917220748", "name": "main.dart", "number": "6534132917220
EXT Extension {"type": "Event", "kind": "Extension", "extensionKind": "Flutter.Frame", "isolateGroup": {"type": "@IsolateGroup", "id": "isolateGroups/6534132917220748", "name": "main.dart", "number": "6534132917220
EXT Extension {"type": "Event", "kind": "Extension", "extensionKind": "Flutter.Frame", "isolateGroup": {"type": "@IsolateGroup", "id": "isolateGroups/6534132917220748", "name": "main.dart", "number": "6534132917220
EXT Extension {"type": "Event", "kind": "Extension", "extensionKind": "Flutter.Frame", "isolateGroup": {"type": "@IsolateGroup", "id": "isolateGroups/6534132917220748", "name": "main.dart", "number": "6534132917220
EXT Extension {"type": "Event", "kind": "Extension", "extensionKind": "Flutter.Frame", "isolateGroup": {"type": "@IsolateGroup", "id": "isolateGroups/6534132917220748", "name": "main.dart", "number": "6534132917220
EXT Extension {"type": "Event", "kind": "Extension", "extensionKind": "Flutter.Frame", "isolateGroup": {"type": "@IsolateGroup", "id": "isolateGroups/6534132917220748", "name": "main.dart", "number": "6534132917220
EXT Extension {"type": "Event", "kind": "Extension", "extensionKind": "Flutter.Frame", "isolateGroup": {"type": "@IsolateGroup", "id": "isolateGroups/6534132917220748", "name": "main.dart", "number": "6534132917220
EXT Extension {"type": "Event", "kind": "Extension", "extensionKind": "Flutter.Frame", "isolateGroup": {"type": "@IsolateGroup", "id": "isolateGroups/6534132917220748", "name": "main.dart", "number": "6534132917220
EXT Extension {"type": "Event", "kind": "Extension", "extensionKind": "Flutter.Frame", "isolateGroup": {"type": "@IsolateGroup", "id": "isolateGroups/6534132917220748", "name": "main.dart", "number": "6534132917220
EXT Extension {"type": "Event", "kind": "Extension", "extensionKind": "Flutter.ImageSizesForFrame", "isolateGroup": {"type": "@IsolateGroup", "id": "isolateGroups/6534132917220748", "name": "main.dart", "number": "
EXT Extension {"type": "Event", "kind": "Extension", "extensionKind": "Flutter.ImageSizesForFrame", "isolateGroup": {"type": "@IsolateGroup", "id": "isolateGroups/6534132917220748", "name": "main.dart", "number": "
EXT Extension {"type": "Event", "kind": "Extension", "extensionKind": "Flutter.Frame", "isolateGroup": {"type": "@IsolateGroup", "id": "isolateGroups/6534132917220748", "name": "main.dart", "number": "6534132917220
EXT Extension {"type": "Event", "kind": "Extension", "extensionKind": "Flutter.Frame", "isolateGroup": {"type": "@IsolateGroup", "id": "isolateGroups/6534132917220748", "name": "main.dart", "number": "6534132917220
EXT Extension {"type": "Event", "kind": "Extension", "extensionKind": "Flutter.Frame", "isolateGroup": {"type": "@IsolateGroup", "id": "isolateGroups/6534132917220748", "name": "main.dart", "number": "6534132917220
EXT Extension {"type": "Event", "kind": "Extension", "extensionKind": "Flutter.Frame", "isolateGroup": {"type": "@IsolateGroup", "id": "isolateGroups/6534132917220748", "name": "main.dart", "number": "6534132917220
EXT Extension {"type": "Event", "kind": "Extension", "extensionKind": "Flutter.Frame", "isolateGroup": {"type": "@IsolateGroup", "id": "isolateGroups/6534132917220748", "name": "main.dart", "number": "6534132917220
EXT Extension {"type": "Event", "kind": "Extension", "extensionKind": "Flutter.Frame", "isolateGroup": {"type": "@IsolateGroup", "id": "isolateGroups/6534132917220748", "name": "main.dart", "number": "6534132917220
EXT Extension {"type": "Event", "kind": "Extension", "extensionKind": "Flutter.Frame", "isolateGroup": {"type": "@IsolateGroup", "id": "isolateGroups/6534132917220748", "name": "main.dart", "number": "6534132917220
EXT Extension {"type": "Event", "kind": "Extension", "extensionKind": "Flutter.Frame", "isolateGroup": {"type": "@IsolateGroup", "id": "isolateGroups/6534132917220748", "name": "main.dart", "number": "6534132917220
EXT Extension {"type": "Event", "kind": "Extension", "extensionKind": "Flutter.Frame", "isolateGroup": {"type": "@IsolateGroup", "id": "isolateGroups/6534132917220748", "name": "main.dart", "number": "6534132917220
EXT Extension {"type": "Event", "kind": "Extension", "extensionKind": "Flutter.Frame", "isolateGroup": {"type": "@IsolateGroup", "id": "isolateGroups/6534132917220748", "name": "main.dart", "number": "6534132917220
EXT Extension {"type": "Event", "kind": "Extension", "extensionKind": "Flutter.Frame", "isolateGroup": {"type": "@IsolateGroup", "id": "isolateGroups/6534132917220748", "name": "main.dart", "number": "6534132917220
EXT Extension {"type": "Event", "kind": "Extension", "extensionKind": "Flutter.Frame", "isolateGroup": {"type": "@IsolateGroup", "id": "isolateGroups/6534132917220748", "name": "main.dart", "number": "6534132917220
EXT Extension {"type": "Event", "kind": "Extension", "extensionKind": "Flutter.Frame", "isolateGroup": {"type": "@IsolateGroup", "id": "isolateGroups/6534132917220748", "name": "main.dart", "number": "6534132917220
EXT Extension {"type": "Event", "kind": "Extension", "extensionKind": "Flutter.Frame", "isolateGroup": {"type": "@IsolateGroup", "id": "isolateGroups/6534132917220748", "name": "main.dart", "number": "6534132917220
EXT Extension {"type": "Event", "kind": "Extension", "extensionKind": "Flutter.Frame", "isolateGroup": {"type": "@IsolateGroup", "id": "isolateGroups/6534132917220748", "name": "main.dart", "number": "6534132917220
EXT Extension {"type": "Event", "kind": "Extension", "extensionKind": "Flutter.Frame", "isolateGroup": {"type": "@IsolateGroup", "id": "isolateGroups/6534132917220748", "name": "main.dart", "number": "6534132917220
EXT Extension {"type": "Event", "kind": "Extension", "extensionKind": "Flutter.Frame", "isolateGroup": {"type": "@IsolateGroup", "id": "isolateGroups/6534132917220748", "name": "main.dart", "number": "6534132917220
EXT Extension {"type": "Event", "kind": "Extension", "extensionKind": "Flutter.Frame", "isolateGroup": {"type": "@IsolateGroup", "id": "isolateGroups/6534132917220748", "name": "main.dart", "number": "6534132917220
EXT Extension {"type": "Event", "kind": "Extension", "extensionKind": "Flutter.Frame", "isolateGroup": {"type": "@IsolateGroup", "id": "isolateGroups/6534132917220748", "name": "main.dart", "number": "6534132917220
EXT Extension {"type": "Event", "kind": "Extension", "extensionKind": "Flutter.Frame", "isolateGroup": {"type": "@IsolateGroup", "id": "isolateGroups/6534132917220748", "name": "main.dart", "number": "6534132917220
EXT Extension {"type": "Event", "kind": "Extension", "extensionKind": "Flutter.Frame", "isolateGroup": {"type": "@IsolateGroup", "id": "isolateGroups/6534132917220748", "name": "main.dart", "number": "6534132917220
EXT Extension {"type": "Event", "kind": "Extension", "extensionKind": "Flutter.Frame", "isolateGroup": {"type": "@IsolateGroup", "id": "isolateGroups/6534132917220748", "name": "main.dart", "number": "6534132917220
EXT Extension {"type": "Event", "kind": "Extension", "extensionKind": "Flutter.Frame", "isolateGroup": {"type": "@IsolateGroup", "id": "isolateGroups/6534132917220748", "name": "main.dart", "number": "6534132917220
EXT Extension {"type": "Event", "kind": "Extension", "extensionKind": "Flutter.Frame", "isolateGroup": {"type": "@IsolateGroup", "id": "isolateGroups/6534132917220748", "name": "main.dart", "number": "6534132917220
EXT Extension {"type": "Event", "kind": "Extension", "extensionKind": "Flutter.Frame", "isolateGroup": {"type": "@IsolateGroup", "id": "isolateGroups/6534132917220748", "name": "main.dart", "number": "6534132917220
EXT Extension {"type": "Event", "kind": "Extension", "extensionKind": "Flutter.Frame", "isolateGroup": {"type": "@IsolateGroup", "id": "isolateGroups/6534132917220748", "name": "main.dart", "number": "6534132917220
EXT Extension {"type": "Event", "kind": "Extension", "extensionKind": "Flutter.Frame", "isolateGroup": {"type": "@IsolateGroup", "id": "isolateGroups/6534132917220748", "name": "main.dart", "number": "6534132917220
EXT Extension {"type": "Event", "kind": "Extension", "extensionKind": "Flutter.Frame", "isolateGroup": {"type": "@IsolateGroup", "id": "isolateGroups/6534132917220748", "name": "main.dart", "number": "6534132917220
EXT Extension {"type": "Event", "kind": "Extension", "extensionKind": "Flutter.Frame", "isolateGroup": {"type": "@IsolateGroup", "id": "isolateGroups/6534132917220748", "name": "main.dart", "number": "6534132917220
EXT Extension {"type": "Event", "kind": "Extension", "extensionKind": "Flutter.Frame", "isolateGroup": {"type": "@IsolateGroup", "id": "isolateGroups/6534132917220748", "name": "main.dart", "number": "6534132917220
EXT Extension {"type": "Event", "kind": "Extension", "extensionKind": "Flutter.Frame", "isolateGroup": {"type": "@IsolateGroup", "id": "isolateGroups/6534132917220748", "name": "main.dart", "number": "6534132917220
EXT Extension {"type": "Event", "kind": "Extension", "extensionKind": "Flutter.Frame", "isolateGroup": {"type": "@IsolateGroup", "id": "isolateGroups/6534132917220748", "name": "main.dart", "number": "6534132917220
EXT Extension {"type": "Event", "kind": "Extension", "extensionKind": "Flutter.Frame", "isolateGroup": {"type": "@IsolateGroup", "id": "isolateGroups/6534132917220748", "name": "main.dart", "number": "6534132917220
EXT Extension {"type": "Event", "kind": "Extension", "extensionKind": "Flutter.Frame", "isolateGroup": {"type": "@IsolateGroup", "id": "isolateGroups/6534132917220748", "name": "main.dart", "number": "6534132917220
EXT Extension {"type": "Event", "kind": "Extension", "extensionKind": "Flutter.Frame", "isolateGroup": {"type": "@IsolateGroup", "id": "isolateGroups/6534132917220748", "name": "main.dart", "number": "6534132917220
EXT Extension {"type": "Event", "kind": "Extension", "extensionKind": "Flutter.Frame", "isolateGroup": {"type": "@IsolateGroup", "id": "isolateGroups/6534132917220748", "name": "main.dart", "number": "6534132917220
EXT Extension {"type": "Event", "kind": "Extension", "extensionKind": "Flutter.Frame", "isolateGroup": {"type": "@IsolateGroup", "id": "isolateGroups/6534132917220748", "name": "main.dart", "number": "6534132917220
EXT Extension {"type": "Event", "kind": "Extension", "extensionKind": "Flutter.Frame", "isolateGroup": {"type": "@IsolateGroup", "id": "isolateGroups/6534132917220748", "name": "main.dart", "number": "6534132917220
EXT Extension {"type": "Event", "kind": "Extension", "extensionKind": "Flutter.Frame", "isolateGroup": {"type": "@IsolateGroup", "id": "isolateGroups/6534132917220748", "name": "main.dart", "number": "6534132917220
EXT Extension {"type": "Event", "kind": "Extension", "extensionKind": "Flutter.Frame", "isolateGroup": {"type": "@IsolateGroup", "id": "isolateGroups/6534132917220748", "name": "main.dart", "number": "6534132917220
EXT Extension {"type": "Event", "kind": "Extension", "extensionKind": "Flutter.Frame", "isolateGroup": {"type": "@IsolateGroup", "id": "isolateGroups/6534132917220748", "name": "main.dart", "number": "6534132917220
EXT Extension {"type": "Event", "kind": "Extension", "extensionKind": "Flutter.Frame", "isolateGroup": {"type": "@IsolateGroup", "id": "isolateGroups/6534132917220748", "name": "main.dart", "number": "6534132917220
EXT Extension {"type": "Event", "kind": "Extension", "extensionKind": "Flutter.Frame", "isolateGroup": {"type": "@IsolateGroup", "id": "isolateGroups/6534132917220748", "name": "main.dart", "number": "6534132917220
EXT Extension {"type": "Event", "kind": "Extension", "extensionKind": "Flutter.Frame", "isolateGroup": {"type": "@IsolateGroup", "id": "isolateGroups/6534132917220748", "name": "main.dart", "number": "6534132917220
EXT Extension {"type": "Event", "kind": "Extension", "extensionKind": "Flutter.Frame", "isolateGroup": {"type": "@IsolateGroup", "id": "isolateGroups/6534132917220748", "name": "main.dart", "number": "6534132917220
EXT Extension {"type": "Event", "kind": "Extension", "extensionKind": "Flutter.Frame", "isolateGroup": {"type": "@IsolateGroup", "id": "isolateGroups/6534132917220748", "name": "main.dart", "number": "6534132917220
EXT Extension {"type": "Event", "kind": "Extension", "extensionKind": "Flutter.Frame", "isolateGroup": {"type": "@IsolateGroup", "id": "isolateGroups/6534132917220748", "name": "main.dart", "number": "6534132917220
EXT Extension {"type": "Event", "kind": "Extension", "extensionKind": "Flutter.Frame", "isolateGroup": {"type": "@IsolateGroup", "id": "isolateGroups/6534132917220748", "name": "main.dart", "number": "6534132917220
EXT Extension {"type": "Event", "kind": "Extension", "extensionKind": "Flutter.Frame", "isolateGroup": {"type": "@IsolateGroup", "id": "isolateGroups/6534132917220748", "name": "main.dart", "number": "6534132917220
EXT Extension {"type": "Event", "kind": "Extension", "extensionKind": "Flutter.Frame", "isolateGroup": {"type": "@IsolateGroup", "id": "isolateGroups/6534132917220748", "name": "main.dart", "number": "6534132917220
EXT Extension {"type": "Event", "kind": "Extension", "extensionKind": "Flutter.Frame", "isolateGroup": {"type": "@IsolateGroup", "id": "isolateGroups/6534132917220748", "name": "main.dart", "number": "6534132917220
EXT Extension {"type": "Event", "kind": "Extension", "extensionKind": "Flutter.Frame", "isolateGroup": {"type": "@IsolateGroup", "id": "isolateGroups/6534132917220748", "name": "main.dart", "number": "6534132917220
EXT Extension {"type": "Event", "kind": "Extension", "extensionKind": "Flutter.Frame", "isolateGroup": {"type": "@IsolateGroup", "id": "isolateGroups/6534132917220748", "name": "main.dart", "number": "6534132917220
EXT Extension {"type": "Event", "kind": "Extension", "extensionKind": "Flutter.Frame", "isolateGroup": {"type": "@IsolateGroup", "id": "isolateGroups/6534132917220748", "name": "main.dart", "number": "6534132917220
EXT Extension {"type": "Event", "kind": "Extension", "extensionKind": "Flutter.Frame", "isolateGroup": {"type": "@IsolateGroup", "id": "isolateGroups/6534132917220748", "name": "main.dart", "number": "6534132917220
EXT Extension {"type": "Event", "kind": "Extension", "extensionKind": "Flutter.Frame", "isolateGroup": {"type": "@IsolateGroup", "id": "isolateGroups/6534132917220748", "name": "main.dart", "number": "6534132917220
EXT Extension {"type": "Event", "kind": "Extension", "extensionKind": "Flutter.Frame", "isolateGroup": {"type": "@IsolateGroup", "id": "isolateGroups/6534132917220748", "name": "main.dart", "number": "6534132917220
EXT Extension {"type": "Event", "kind": "Extension", "extensionKind": "Flutter.Frame", "isolateGroup": {"type": "@IsolateGroup", "id": "isolateGroups/6534132917220748", "name": "main.dart", "number": "6534132917220
EXT Extension {"type": "Event", "kind": "Extension", "extensionKind": "Flutter.Frame", "isolateGroup": {"type": "@IsolateGroup", "id": "isolateGroups/6534132917220748", "name": "main.dart", "number": "6534132917220
EXT Extension {"type": "Event", "kind": "Extension", "extensionKind": "Flutter.Frame", "isolateGroup": {"type": "@IsolateGroup", "id": "isolateGroups/6534132917220748", "name": "main.dart", "number": "6534132917220
EXT Extension {"type": "Event", "kind": "Extension", "extensionKind": "Flutter.Frame", "isolateGroup": {"type": "@IsolateGroup", "id": "isolateGroups/6534132917220748", "name": "main.dart", "number": "6534132917220
EXT Extension {"type": "Event", "kind": "Extension", "extensionKind": "Flutter.Frame", "isolateGroup": {"type": "@IsolateGroup", "id": "isolateGroups/6534132917220748", "name": "main.dart", "number": "6534132917220
EXT Extension {"type": "Event", "kind": "Extension", "extensionKind": "Flutter.Frame", "isolateGroup": {"type": "@IsolateGroup", "id": "isolateGroups/6534132917220748", "name": "main.dart", "number": "6534132917220
EXT Extension {"type": "Event", "kind": "Extension", "extensionKind": "Flutter.Frame", "isolateGroup": {"type": "@IsolateGroup", "id": "isolateGroups/6534132917220748", "name": "main.dart", "number": "6534132917220
EXT Extension {"type": "Event", "kind": "Extension", "extensionKind": "Flutter.Frame", "isolateGroup": {"type": "@IsolateGroup", "id": "isolateGroups/6534132917220748", "name": "main.dart", "number": "6534132917220
EXT Extension {"type": "Event", "kind": "Extension", "extensionKind": "Flutter.Frame", "isolateGroup": {"type": "@IsolateGroup", "id": "isolateGroups/6534132917220748", "name": "main.dart", "number": "6534132917220
EXT Extension {"type": "Event", "kind": "Extension", "extensionKind": "Flutter.Frame", "isolateGroup": {"type": "@IsolateGroup", "id": "isolateGroups/6534132917220748", "name": "main.dart", "number": "6534132917220
EXT Extension {"type": "Event", "kind": "Extension", "extensionKind": "Flutter.Frame", "isolateGroup": {"type": "@IsolateGroup", "id": "isolateGroups/6534132917220748", "name": "main.dart", "number": "6534132917220
EXT Extension {"type": "Event", "kind": "Extension", "extensionKind": "Flutter.Frame", "isolateGroup": {"type": "@IsolateGroup", "id": "isolateGroups/6534132917220748", "name": "main.dart", "number": "6534132917220
EXT Extension {"type": "Event", "kind": "Extension", "extensionKind": "Flutter.Frame", "isolateGroup": {"type": "@IsolateGroup", "id": "isolateGroups/6534132917220748", "name": "main.dart", "number": "6534132917220
EXT Extension {"type": "Event", "kind": "Extension", "extensionKind": "Flutter.Frame", "isolateGroup": {"type": "@IsolateGroup", "id": "isolateGroups/6534132917220748", "name": "main.dart", "number": "6534132917220
EXT Extension {"type": "Event", "kind": "Extension", "extensionKind": "Flutter.Frame", "isolateGroup": {"type": "@IsolateGroup", "id": "isolateGroups/6534132917220748", "name": "main.dart", "number": "6534132917220
EXT Extension {"type": "Event", "kind": "Extension", "extensionKind": "Flutter.Frame", "isolateGroup": {"type": "@IsolateGroup", "id": "isolateGroups/6534132917220748", "name": "main.dart", "number": "6534132917220
EXT Extension {"type": "Event", "kind": "Extension", "extensionKind": "Flutter.Frame", "isolateGroup": {"type": "@IsolateGroup", "id": "isolateGroups/6534132917220748", "name": "main.dart", "number": "6534132917220
EXT Extension {"type": "Event", "kind": "Extension", "extensionKind": "Flutter.Frame", "isolateGroup": {"type": "@IsolateGroup", "id": "isolateGroups/6534132917220748", "name": "main.dart", "number": "6534132917220
EXT Extension {"type": "Event", "kind": "Extension", "extensionKind": "Flutter.Frame", "isolateGroup": {"type": "@IsolateGroup", "id": "isolateGroups/6534132917220748", "name": "main.dart", "number": "6534132917220
EXT Extension {"type": "Event", "kind": "Extension", "extensionKind": "Flutter.Frame", "isolateGroup": {"type": "@IsolateGroup", "id": "isolateGroups/6534132917220748", "name": "main.dart", "number": "6534132917220
EXT Extension {"type": "Event", "kind": "Extension", "extensionKind": "Flutter.Frame", "isolateGroup": {"type": "@IsolateGroup", "id": "isolateGroups/6534132917220748", "name": "main.dart", "number": "6534132917220
EXT Extension {"type": "Event", "kind": "Extension", "extensionKind": "Flutter.Frame", "isolateGroup": {"type": "@IsolateGroup", "id": "isolateGroups/6534132917220748", "name": "main.dart", "number": "6534132917220
EXT Extension {"type": "Event", "kind": "Extension", "extensionKind": "Flutter.Frame", "isolateGroup": {"type": "@IsolateGroup", "id": "isolateGroups/6534132917220748", "name": "main.dart", "number": "6534132917220
EXT Extension {"type": "Event", "kind": "Extension", "extensionKind": "Flutter.Frame", "isolateGroup": {"type": "@IsolateGroup", "id": "isolateGroups/6534132917220748", "name": "main.dart", "number": "6534132917220
EXT Extension {"type": "Event", "kind": "Extension", "extensionKind": "Flutter.Frame", "isolateGroup": {"type": "@IsolateGroup", "id": "isolateGroups/6534132917220748", "name": "main.dart", "number": "6534132917220
EXT Extension {"type": "Event", "kind": "Extension", "extensionKind": "Flutter.Frame", "isolateGroup": {"type": "@IsolateGroup", "id": "isolateGroups/6534132917220748", "name": "main.dart", "number": "6534132917220
EXT Extension {"type": "Event", "kind": "Extension", "extensionKind": "Flutter.Frame", "isolateGroup": {"type": "@IsolateGroup", "id": "isolateGroups/6534132917220748", "name": "main.dart", "number": "6534132917220
EXT Extension {"type": "Event", "kind": "Extension", "extensionKind": "Flutter.Frame", "isolateGroup": {"type": "@IsolateGroup", "id": "isolateGroups/6534132917220748", "name": "main.dart", "number": "6534132917220
EXT Extension {"type": "Event", "kind": "Extension", "extensionKind": "Flutter.Frame", "isolateGroup": {"type": "@IsolateGroup", "id": "isolateGroups/6534132917220748", "name": "main.dart", "number": "6534132917220
EXT Extension {"type": "Event", "kind": "Extension", "extensionKind": "Flutter.Frame", "isolateGroup": {"type": "@IsolateGroup", "id": "isolateGroups/6534132917220748", "name": "main.dart", "number": "6534132917220
EXT Extension {"type": "Event", "kind": "Extension", "extensionKind": "Flutter.Frame", "isolateGroup": {"type": "@IsolateGroup", "id": "isolateGroups/6534132917220748", "name": "main.dart", "number": "6534132917220
EXT Extension {"type": "Event", "kind": "Extension", "extensionKind": "Flutter.Frame", "isolateGroup": {"type": "@IsolateGroup", "id": "isolateGroups/6534132917220748", "name": "main.dart", "number": "6534132917220
EXT Extension {"type": "Event", "kind": "Extension", "extensionKind": "Flutter.Frame", "isolateGroup": {"type": "@IsolateGroup", "id": "isolateGroups/6534132917220748", "name": "main.dart", "number": "6534132917220
EXT Extension {"type": "Event", "kind": "Extension", "extensionKind": "Flutter.Frame", "isolateGroup": {"type": "@IsolateGroup", "id": "isolateGroups/6534132917220748", "name": "main.dart", "number": "6534132917220
EXT Extension {"type": "Event", "kind": "Extension", "extensionKind": "Flutter.Frame", "isolateGroup": {"type": "@IsolateGroup", "id": "isolateGroups/6534132917220748", "name": "main.dart", "number": "6534132917220
EXT Extension {"type": "Event", "kind": "Extension", "extensionKind": "Flutter.Frame", "isolateGroup": {"type": "@IsolateGroup", "id": "isolateGroups/6534132917220748", "name": "main.dart", "number": "6534132917220
EXT Extension {"type": "Event", "kind": "Extension", "extensionKind": "Flutter.Frame", "isolateGroup": {"type": "@IsolateGroup", "id": "isolateGroups/6534132917220748", "name": "main.dart", "number": "6534132917220
EXT Extension {"type": "Event", "kind": "Extension", "extensionKind": "Flutter.Frame", "isolateGroup": {"type": "@IsolateGroup", "id": "isolateGroups/6534132917220748", "name": "main.dart", "number": "6534132917220
EXT Extension {"type": "Event", "kind": "Extension", "extensionKind": "Flutter.Frame", "isolateGroup": {"type": "@IsolateGroup", "id": "isolateGroups/6534132917220748", "name": "main.dart", "number": "6534132917220
EXT Extension {"type": "Event", "kind": "Extension", "extensionKind": "Flutter.Frame", "isolateGroup": {"type": "@IsolateGroup", "id": "isolateGroups/6534132917220748", "name": "main.dart", "number": "6534132917220
EXT Extension {"type": "Event", "kind": "Extension", "extensionKind": "Flutter.Frame", "isolateGroup": {"type": "@IsolateGroup", "id": "isolateGroups/6534132917220748", "name": "main.dart", "number": "6534132917220
EXT Extension {"type": "Event", "kind": "Extension", "extensionKind": "Flutter.Frame", "isolateGroup": {"type": "@IsolateGroup", "id": "isolateGroups/6534132917220748", "name": "main.dart", "number": "6534132917220
EXT Extension {"type": "Event", "kind": "Extension", "extensionKind": "Flutter.Frame", "isolateGroup": {"type": "@IsolateGroup", "id": "isolateGroups/6534132917220748", "name": "main.dart", "number": "6534132917220
EXT Extension {"type": "Event", "kind": "Extension", "extensionKind": "Flutter.Frame", "isolateGroup": {"type": "@IsolateGroup", "id": "isolateGroups/6534132917220748", "name": "main.dart", "number": "6534132917220
EXT Extension {"type": "Event", "kind": "Extension", "extensionKind": "Flutter.Frame", "isolateGroup": {"type": "@IsolateGroup", "id": "isolateGroups/6534132917220748", "name": "main.dart", "number": "6534132917220
EXT Extension {"type": "Event", "kind": "Extension", "extensionKind": "Flutter.Frame", "isolateGroup": {"type": "@IsolateGroup", "id": "isolateGroups/6534132917220748", "name": "main.dart", "number": "6534132917220
EXT Extension {"type": "Event", "kind": "Extension", "extensionKind": "Flutter.Frame", "isolateGroup": {"type": "@IsolateGroup", "id": "isolateGroups/6534132917220748", "name": "main.dart", "number": "6534132917220
EXT Extension {"type": "Event", "kind": "Extension", "extensionKind": "Flutter.Frame", "isolateGroup": {"type": "@IsolateGroup", "id": "isolateGroups/6534132917220748", "name": "main.dart", "number": "6534132917220
EXT Extension {"type": "Event", "kind": "Extension", "extensionKind": "Flutter.Frame", "isolateGroup": {"type": "@IsolateGroup", "id": "isolateGroups/6534132917220748", "name": "main.dart", "number": "6534132917220
EXT Extension {"type": "Event", "kind": "Extension", "extensionKind": "Flutter.Frame", "isolateGroup": {"type": "@IsolateGroup", "id": "isolateGroups/6534132917220748", "name": "main.dart", "number": "6534132917220
EXT Extension {"type": "Event", "kind": "Extension", "extensionKind": "Flutter.Frame", "isolateGroup": {"type": "@IsolateGroup", "id": "isolateGroups/6534132917220748", "name": "main.dart", "number": "6534132917220
EXT Extension {"type": "Event", "kind": "Extension", "extensionKind": "Flutter.Frame", "isolateGroup": {"type": "@IsolateGroup", "id": "isolateGroups/6534132917220748", "name": "main.dart", "number": "6534132917220
EXT Extension {"type": "Event", "kind": "Extension", "extensionKind": "Flutter.Frame", "isolateGroup": {"type": "@IsolateGroup", "id": "isolateGroups/6534132917220748", "name": "main.dart", "number": "6534132917220
EXT Extension {"type": "Event", "kind": "Extension", "extensionKind": "Flutter.Frame", "isolateGroup": {"type": "@IsolateGroup", "id": "isolateGroups/6534132917220748", "name": "main.dart", "number": "6534132917220
EXT Extension {"type": "Event", "kind": "Extension", "extensionKind": "Flutter.Frame", "isolateGroup": {"type": "@IsolateGroup", "id": "isolateGroups/6534132917220748", "name": "main.dart", "number": "6534132917220
EXT Extension {"type": "Event", "kind": "Extension", "extensionKind": "Flutter.Frame", "isolateGroup": {"type": "@IsolateGroup", "id": "isolateGroups/6534132917220748", "name": "main.dart", "number": "6534132917220
EXT Extension {"type": "Event", "kind": "Extension", "extensionKind": "Flutter.Frame", "isolateGroup": {"type": "@IsolateGroup", "id": "isolateGroups/6534132917220748", "name": "main.dart", "number": "6534132917220
EXT Extension {"type": "Event", "kind": "Extension", "extensionKind": "Flutter.Frame", "isolateGroup": {"type": "@IsolateGroup", "id": "isolateGroups/6534132917220748", "name": "main.dart", "number": "6534132917220
EXT Extension {"type": "Event", "kind": "Extension", "extensionKind": "Flutter.Frame", "isolateGroup": {"type": "@IsolateGroup", "id": "isolateGroups/6534132917220748", "name": "main.dart", "number": "6534132917220
EXT Extension {"type": "Event", "kind": "Extension", "extensionKind": "Flutter.Frame", "isolateGroup": {"type": "@IsolateGroup", "id": "isolateGroups/6534132917220748", "name": "main.dart", "number": "6534132917220
EXT Extension {"type": "Event", "kind": "Extension", "extensionKind": "Flutter.Frame", "isolateGroup": {"type": "@IsolateGroup", "id": "isolateGroups/6534132917220748", "name": "main.dart", "number": "6534132917220
EXT Extension {"type": "Event", "kind": "Extension", "extensionKind": "Flutter.Frame", "isolateGroup": {"type": "@IsolateGroup", "id": "isolateGroups/6534132917220748", "name": "main.dart", "number": "6534132917220
EXT Extension {"type": "Event", "kind": "Extension", "extensionKind": "Flutter.Frame", "isolateGroup": {"type": "@IsolateGroup", "id": "isolateGroups/6534132917220748", "name": "main.dart", "number": "6534132917220
EXT Extension {"type": "Event", "kind": "Extension", "extensionKind": "Flutter.Frame", "isolateGroup": {"type": "@IsolateGroup", "id": "isolateGroups/6534132917220748", "name": "main.dart", "number": "6534132917220
EXT Extension {"type": "Event", "kind": "Extension", "extensionKind": "Flutter.Frame", "isolateGroup": {"type": "@IsolateGroup", "id": "isolateGroups/6534132917220748", "name": "main.dart", "number": "6534132917220
EXT Extension {"type": "Event", "kind": "Extension", "extensionKind": "Flutter.Frame", "isolateGroup": {"type": "@IsolateGroup", "id": "isolateGroups/6534132917220748", "name": "main.dart", "number": "6534132917220
EXT Extension {"type": "Event", "kind": "Extension", "extensionKind": "Flutter.Frame", "isolateGroup": {"type": "@IsolateGroup", "id": "isolateGroups/6534132917220748", "name": "main.dart", "number": "6534132917220
EXT Extension {"type": "Event", "kind": "Extension", "extensionKind": "Flutter.Frame", "isolateGroup": {"type": "@IsolateGroup", "id": "isolateGroups/6534132917220748", "name": "main.dart", "number": "6534132917220
EXT Extension {"type": "Event", "kind": "Extension", "extensionKind": "Flutter.Frame", "isolateGroup": {"type": "@IsolateGroup", "id": "isolateGroups/6534132917220748", "name": "main.dart", "number": "6534132917220
EXT Extension {"type": "Event", "kind": "Extension", "extensionKind": "Flutter.Frame", "isolateGroup": {"type": "@IsolateGroup", "id": "isolateGroups/6534132917220748", "name": "main.dart", "number": "6534132917220
EXT Extension {"type": "Event", "kind": "Extension", "extensionKind": "Flutter.Frame", "isolateGroup": {"type": "@IsolateGroup", "id": "isolateGroups/6534132917220748", "name": "main.dart", "number": "6534132917220
EXT Extension {"type": "Event", "kind": "Extension", "extensionKind": "Flutter.Frame", "isolateGroup": {"type": "@IsolateGroup", "id": "isolateGroups/6534132917220748", "name": "main.dart", "number": "6534132917220
EXT Extension {"type": "Event", "kind": "Extension", "extensionKind": "Flutter.Frame", "isolateGroup": {"type": "@IsolateGroup", "id": "isolateGroups/6534132917220748", "name": "main.dart", "number": "6534132917220
EXT Extension {"type": "Event", "kind": "Extension", "extensionKind": "Flutter.Frame", "isolateGroup": {"type": "@IsolateGroup", "id": "isolateGroups/6534132917220748", "name": "main.dart", "number": "6534132917220
EXT Extension {"type": "Event", "kind": "Extension", "extensionKind": "Flutter.Frame", "isolateGroup": {"type": "@IsolateGroup", "id": "isolateGroups/6534132917220748", "name": "main.dart", "number": "6534132917220
EXT Extension {"type": "Event", "kind": "Extension", "extensionKind": "Flutter.Frame", "isolateGroup": {"type": "@IsolateGroup", "id": "isolateGroups/6534132917220748", "name": "main.dart", "number": "6534132917220
EXT Extension {"type": "Event", "kind": "Extension", "extensionKind": "Flutter.Frame", "isolateGroup": {"type": "@IsolateGroup", "id": "isolateGroups/6534132917220748", "name": "main.dart", "number": "6534132917220
EXT Extension {"type": "Event", "kind": "Extension", "extensionKind": "Flutter.Frame", "isolateGroup": {"type": "@IsolateGroup", "id": "isolateGroups/6534132917220748", "name": "main.dart", "number": "6534132917220
EXT Extension {"type": "Event", "kind": "Extension", "extensionKind": "Flutter.Frame", "isolateGroup": {"type": "@IsolateGroup", "id": "isolateGroups/6534132917220748", "name": "main.dart", "number": "6534132917220
EXT Extension {"type": "Event", "kind": "Extension", "extensionKind": "Flutter.Frame", "isolateGroup": {"type": "@IsolateGroup", "id": "isolateGroups/6534132917220748", "name": "main.dart", "number": "6534132917220
EXT Extension {"type": "Event", "kind": "Extension", "extensionKind": "Flutter.Frame", "isolateGroup": {"type": "@IsolateGroup", "id": "isolateGroups/6534132917220748", "name": "main.dart", "number": "6534132917220
EXT Extension {"type": "Event", "kind": "Extension", "extensionKind": "Flutter.Frame", "isolateGroup": {"type": "@IsolateGroup", "id": "isolateGroups/6534132917220748", "name": "main.dart", "number": "6534132917220
EXT Extension {"type": "Event", "kind": "Extension", "extensionKind": "Flutter.Frame", "isolateGroup": {"type": "@IsolateGroup", "id": "isolateGroups/6534132917220748", "name": "main.dart", "number": "6534132917220
EXT Extension {"type": "Event", "kind": "Extension", "extensionKind": "Flutter.Frame", "isolateGroup": {"type": "@IsolateGroup", "id": "isolateGroups/6534132917220748", "name": "main.dart", "number": "6534132917220
EXT Extension {"type": "Event", "kind": "Extension", "extensionKind": "Flutter.Frame", "isolateGroup": {"type": "@IsolateGroup", "id": "isolateGroups/6534132917220748", "name": "main.dart", "number": "6534132917220
EXT Extension {"type": "Event", "kind": "Extension", "extensionKind": "Flutter.Frame", "isolateGroup": {"type": "@IsolateGroup", "id": "isolateGroups/6534132917220748", "name": "main.dart", "number": "6534132917220
EXT Extension {"type": "Event", "kind": "Extension", "extensionKind": "Flutter.Frame", "isolateGroup": {"type": "@IsolateGroup", "id": "isolateGroups/6534132917220748", "name": "main.dart", "number": "6534132917220
EXT Extension {"type": "Event", "kind": "Extension", "extensionKind": "Flutter.Frame", "isolateGroup": {"type": "@IsolateGroup", "id": "isolateGroups/6534132917220748", "name": "main.dart", "number": "6534132917220
EXT Extension {"type": "Event", "kind": "Extension", "extensionKind": "Flutter.Frame", "isolateGroup": {"type": "@IsolateGroup", "id": "isolateGroups/6534132917220748", "name": "main.dart", "number": "6534132917220
EXT Extension {"type": "Event", "kind": "Extension", "extensionKind": "Flutter.Frame", "isolateGroup": {"type": "@IsolateGroup", "id": "isolateGroups/6534132917220748", "name": "main.dart", "number": "6534132917220
EXT Extension {"type": "Event", "kind": "Extension", "extensionKind": "Flutter.Frame", "isolateGroup": {"type": "@IsolateGroup", "id": "isolateGroups/6534132917220748", "name": "main.dart", "number": "6534132917220
EXT Extension {"type": "Event", "kind": "Extension", "extensionKind": "Flutter.Frame", "isolateGroup": {"type": "@IsolateGroup", "id": "isolateGroups/6534132917220748", "name": "main.dart", "number": "6534132917220
EXT Extension {"type": "Event", "kind": "Extension", "extensionKind": "Flutter.Frame", "isolateGroup": {"type": "@IsolateGroup", "id": "isolateGroups/6534132917220748", "name": "main.dart", "number": "6534132917220
EXT Extension {"type": "Event", "kind": "Extension", "extensionKind": "Flutter.Frame", "isolateGroup": {"type": "@IsolateGroup", "id": "isolateGroups/6534132917220748", "name": "main.dart", "number": "6534132917220
EXT Extension {"type": "Event", "kind": "Extension", "extensionKind": "Flutter.Frame", "isolateGroup": {"type": "@IsolateGroup", "id": "isolateGroups/6534132917220748", "name": "main.dart", "number": "6534132917220
EXT Extension {"type": "Event", "kind": "Extension", "extensionKind": "Flutter.Frame", "isolateGroup": {"type": "@IsolateGroup", "id": "isolateGroups/6534132917220748", "name": "main.dart", "number": "6534132917220
EXT Extension {"type": "Event", "kind": "Extension", "extensionKind": "Flutter.Frame", "isolateGroup": {"type": "@IsolateGroup", "id": "isolateGroups/6534132917220748", "name": "main.dart", "number": "6534132917220
EXT Extension {"type": "Event", "kind": "Extension", "extensionKind": "Flutter.Frame", "isolateGroup": {"type": "@IsolateGroup", "id": "isolateGroups/6534132917220748", "name": "main.dart", "number": "6534132917220
EXT Extension {"type": "Event", "kind": "Extension", "extensionKind": "Flutter.Frame", "isolateGroup": {"type": "@IsolateGroup", "id": "isolateGroups/6534132917220748", "name": "main.dart", "number": "6534132917220
EXT Extension {"type": "Event", "kind": "Extension", "extensionKind": "Flutter.Frame", "isolateGroup": {"type": "@IsolateGroup", "id": "isolateGroups/6534132917220748", "name": "main.dart", "number": "6534132917220
EXT Extension {"type": "Event", "kind": "Extension", "extensionKind": "Flutter.Frame", "isolateGroup": {"type": "@IsolateGroup", "id": "isolateGroups/6534132917220748", "name": "main.dart", "number": "6534132917220
EXT Extension {"type": "Event", "kind": "Extension", "extensionKind": "Flutter.Frame", "isolateGroup": {"type": "@IsolateGroup", "id": "isolateGroups/6534132917220748", "name": "main.dart", "number": "6534132917220
EXT Extension {"type": "Event", "kind": "Extension", "extensionKind": "Flutter.Frame", "isolateGroup": {"type": "@IsolateGroup", "id": "isolateGroups/6534132917220748", "name": "main.dart", "number": "6534132917220
EXT Extension {"type": "Event", "kind": "Extension", "extensionKind": "Flutter.Frame", "isolateGroup": {"type": "@IsolateGroup", "id": "isolateGroups/6534132917220748", "name": "main.dart", "number": "6534132917220
EXT Extension {"type": "Event", "kind": "Extension", "extensionKind": "Flutter.Frame", "isolateGroup": {"type": "@IsolateGroup", "id": "isolateGroups/6534132917220748", "name": "main.dart", "number": "6534132917220
EXT Extension {"type": "Event", "kind": "Extension", "extensionKind": "Flutter.Frame", "isolateGroup": {"type": "@IsolateGroup", "id": "isolateGroups/6534132917220748", "name": "main.dart", "number": "6534132917220
EXT Extension {"type": "Event", "kind": "Extension", "extensionKind": "Flutter.Frame", "isolateGroup": {"type": "@IsolateGroup", "id": "isolateGroups/6534132917220748", "name": "main.dart", "number": "6534132917220
EXT Extension {"type": "Event", "kind": "Extension", "extensionKind": "Flutter.Frame", "isolateGroup": {"type": "@IsolateGroup", "id": "isolateGroups/6534132917220748", "name": "main.dart", "number": "6534132917220
EXT Extension {"type": "Event", "kind": "Extension", "extensionKind": "Flutter.Frame", "isolateGroup": {"type": "@IsolateGroup", "id": "isolateGroups/6534132917220748", "name": "main.dart", "number": "6534132917220
EXT Extension {"type": "Event", "kind": "Extension", "extensionKind": "Flutter.Frame", "isolateGroup": {"type": "@IsolateGroup", "id": "isolateGroups/6534132917220748", "name": "main.dart", "number": "6534132917220
EXT Extension {"type": "Event", "kind": "Extension", "extensionKind": "Flutter.Frame", "isolateGroup": {"type": "@IsolateGroup", "id": "isolateGroups/6534132917220748", "name": "main.dart", "number": "6534132917220
EXT Extension {"type": "Event", "kind": "Extension", "extensionKind": "Flutter.Frame", "isolateGroup": {"type": "@IsolateGroup", "id": "isolateGroups/6534132917220748", "name": "main.dart", "number": "6534132917220
EXT Extension {"type": "Event", "kind": "Extension", "extensionKind": "Flutter.Frame", "isolateGroup": {"type": "@IsolateGroup", "id": "isolateGroups/6534132917220748", "name": "main.dart", "number": "6534132917220
EXT Extension {"type": "Event", "kind": "Extension", "extensionKind": "Flutter.Frame", "isolateGroup": {"type": "@IsolateGroup", "id": "isolateGroups/6534132917220748", "name": "main.dart", "number": "6534132917220
EXT Extension {"type": "Event", "kind": "Extension", "extensionKind": "Flutter.Frame", "isolateGroup": {"type": "@IsolateGroup", "id": "isolateGroups/6534132917220748", "name": "main.dart", "number": "6534132917220
EXT Extension {"type": "Event", "kind": "Extension", "extensionKind": "Flutter.Frame", "isolateGroup": {"type": "@IsolateGroup", "id": "isolateGroups/6534132917220748", "name": "main.dart", "number": "6534132917220
EXT Extension {"type": "Event", "kind": "Extension", "extensionKind": "Flutter.Frame", "isolateGroup": {"type": "@IsolateGroup", "id": "isolateGroups/6534132917220748", "name": "main.dart", "number": "6534132917220
EXT Extension {"type": "Event", "kind": "Extension", "extensionKind": "Flutter.Frame", "isolateGroup": {"type": "@IsolateGroup", "id": "isolateGroups/6534132917220748", "name": "main.dart", "number": "6534132917220
EXT Extension {"type": "Event", "kind": "Extension", "extensionKind": "Flutter.Frame", "isolateGroup": {"type": "@IsolateGroup", "id": "isolateGroups/6534132917220748", "name": "main.dart", "number": "6534132917220
EXT Extension {"type": "Event", "kind": "Extension", "extensionKind": "Flutter.Frame", "isolateGroup": {"type": "@IsolateGroup", "id": "isolateGroups/6534132917220748", "name": "main.dart", "number": "6534132917220
EXT Extension {"type": "Event", "kind": "Extension", "extensionKind": "Flutter.Frame", "isolateGroup": {"type": "@IsolateGroup", "id": "isolateGroups/6534132917220748", "name": "main.dart", "number": "6534132917220
EXT Extension {"type": "Event", "kind": "Extension", "extensionKind": "Flutter.Frame", "isolateGroup": {"type": "@IsolateGroup", "id": "isolateGroups/6534132917220748", "name": "main.dart", "number": "6534132917220
EXT Extension {"type": "Event", "kind": "Extension", "extensionKind": "Flutter.Frame", "isolateGroup": {"type": "@IsolateGroup", "id": "isolateGroups/6534132917220748", "name": "main.dart", "number": "6534132917220
EXT Extension {"type": "Event", "kind": "Extension", "extensionKind": "Flutter.Frame", "isolateGroup": {"type": "@IsolateGroup", "id": "isolateGroups/6534132917220748", "name": "main.dart", "number": "6534132917220
EXT Extension {"type": "Event", "kind": "Extension", "extensionKind": "Flutter.Frame", "isolateGroup": {"type": "@IsolateGroup", "id": "isolateGroups/6534132917220748", "name": "main.dart", "number": "6534132917220
EXT Extension {"type": "Event", "kind": "Extension", "extensionKind": "Flutter.Frame", "isolateGroup": {"type": "@IsolateGroup", "id": "isolateGroups/6534132917220748", "name": "main.dart", "number": "6534132917220
EXT Extension {"type": "Event", "kind": "Extension", "extensionKind": "Flutter.Frame", "isolateGroup": {"type": "@IsolateGroup", "id": "isolateGroups/6534132917220748", "name": "main.dart", "number": "6534132917220
EXT Extension {"type": "Event", "kind": "Extension", "extensionKind": "Flutter.Frame", "isolateGroup": {"type": "@IsolateGroup", "id": "isolateGroups/6534132917220748", "name": "main.dart", "number": "6534132917220
EXT Extension {"type": "Event", "kind": "Extension", "extensionKind": "Flutter.Frame", "isolateGroup": {"type": "@IsolateGroup", "id": "isolateGroups/6534132917220748", "name": "main.dart", "number": "6534132917220
EXT Extension {"type": "Event", "kind": "Extension", "extensionKind": "Flutter.Frame", "isolateGroup": {"type": "@IsolateGroup", "id": "isolateGroups/6534132917220748", "name": "main.dart", "number": "6534132917220
EXT Extension {"type": "Event", "kind": "Extension", "extensionKind": "Flutter.Frame", "isolateGroup": {"type": "@IsolateGroup", "id": "isolateGroups/6534132917220748", "name": "main.dart", "number": "6534132917220
EXT Extension {"type": "Event", "kind": "Extension", "extensionKind": "Flutter.Frame", "isolateGroup": {"type": "@IsolateGroup", "id": "isolateGroups/6534132917220748", "name": "main.dart", "number": "6534132917220
EXT Extension {"type": "Event", "kind": "Extension", "extensionKind": "Flutter.Frame", "isolateGroup": {"type": "@IsolateGroup", "id": "isolateGroups/6534132917220748", "name": "main.dart", "number": "6534132917220
EXT Extension {"type": "Event", "kind": "Extension", "extensionKind": "Flutter.Frame", "isolateGroup": {"type": "@IsolateGroup", "id": "isolateGroups/6534132917220748", "name": "main.dart", "number": "6534132917220
EXT Extension {"type": "Event", "kind": "Extension", "extensionKind": "Flutter.Frame", "isolateGroup": {"type": "@IsolateGroup", "id": "isolateGroups/6534132917220748", "name": "main.dart", "number": "6534132917220
EXT Extension {"type": "Event", "kind": "Extension", "extensionKind": "Flutter.Frame", "isolateGroup": {"type": "@IsolateGroup", "id": "isolateGroups/6534132917220748", "name": "main.dart", "number": "6534132917220
EXT Extension {"type": "Event", "kind": "Extension", "extensionKind": "Flutter.Frame", "isolateGroup": {"type": "@IsolateGroup", "id": "isolateGroups/6534132917220748", "name": "main.dart", "number": "6534132917220
EXT Extension {"type": "Event", "kind": "Extension", "extensionKind": "Flutter.Frame", "isolateGroup": {"type": "@IsolateGroup", "id": "isolateGroups/6534132917220748", "name": "main.dart", "number": "6534132917220
EXT Extension {"type": "Event", "kind": "Extension", "extensionKind": "Flutter.Frame", "isolateGroup": {"type": "@IsolateGroup", "id": "isolateGroups/6534132917220748", "name": "main.dart", "number": "6534132917220
EXT Extension {"type": "Event", "kind": "Extension", "extensionKind": "Flutter.Frame", "isolateGroup": {"type": "@IsolateGroup", "id": "isolateGroups/6534132917220748", "name": "main.dart", "number": "6534132917220
EXT Extension {"type": "Event", "kind": "Extension", "extensionKind": "Flutter.Frame", "isolateGroup": {"type": "@IsolateGroup", "id": "isolateGroups/6534132917220748", "name": "main.dart", "number": "6534132917220
EXT Extension {"type": "Event", "kind": "Extension", "extensionKind": "Flutter.Frame", "isolateGroup": {"type": "@IsolateGroup", "id": "isolateGroups/6534132917220748", "name": "main.dart", "number": "6534132917220
EXT Extension {"type": "Event", "kind": "Extension", "extensionKind": "Flutter.Frame", "isolateGroup": {"type": "@IsolateGroup", "id": "isolateGroups/6534132917220748", "name": "main.dart", "number": "6534132917220
EXT Extension {"type": "Event", "kind": "Extension", "extensionKind": "Flutter.Frame", "isolateGroup": {"type": "@IsolateGroup", "id": "isolateGroups/6534132917220748", "name": "main.dart", "number": "6534132917220
EXT Extension {"type": "Event", "kind": "Extension", "extensionKind": "Flutter.Frame", "isolateGroup": {"type": "@IsolateGroup", "id": "isolateGroups/6534132917220748", "name": "main.dart", "number": "6534132917220
EXT Extension {"type": "Event", "kind": "Extension", "extensionKind": "Flutter.Frame", "isolateGroup": {"type": "@IsolateGroup", "id": "isolateGroups/6534132917220748", "name": "main.dart", "number": "6534132917220
EXT Extension {"type": "Event", "kind": "Extension", "extensionKind": "Flutter.Frame", "isolateGroup": {"type": "@IsolateGroup", "id": "isolateGroups/6534132917220748", "name": "main.dart", "number": "6534132917220
EXT Extension {"type": "Event", "kind": "Extension", "extensionKind": "Flutter.Frame", "isolateGroup": {"type": "@IsolateGroup", "id": "isolateGroups/6534132917220748", "name": "main.dart", "number": "6534132917220
EXT Extension {"type": "Event", "kind": "Extension", "extensionKind": "Flutter.Frame", "isolateGroup": {"type": "@IsolateGroup", "id": "isolateGroups/6534132917220748", "name": "main.dart", "number": "6534132917220
EXT Extension {"type": "Event", "kind": "Extension", "extensionKind": "Flutter.Frame", "isolateGroup": {"type": "@IsolateGroup", "id": "isolateGroups/6534132917220748", "name": "main.dart", "number": "6534132917220
EXT Extension {"type": "Event", "kind": "Extension", "extensionKind": "Flutter.Frame", "isolateGroup": {"type": "@IsolateGroup", "id": "isolateGroups/6534132917220748", "name": "main.dart", "number": "6534132917220
EXT Extension {"type": "Event", "kind": "Extension", "extensionKind": "Flutter.Frame", "isolateGroup": {"type": "@IsolateGroup", "id": "isolateGroups/6534132917220748", "name": "main.dart", "number": "6534132917220
EXT Extension {"type": "Event", "kind": "Extension", "extensionKind": "Flutter.Frame", "isolateGroup": {"type": "@IsolateGroup", "id": "isolateGroups/6534132917220748", "name": "main.dart", "number": "6534132917220
EXT Extension {"type": "Event", "kind": "Extension", "extensionKind": "Flutter.Frame", "isolateGroup": {"type": "@IsolateGroup", "id": "isolateGroups/6534132917220748", "name": "main.dart", "number": "6534132917220
EXT Extension {"type": "Event", "kind": "Extension", "extensionKind": "Flutter.Frame", "isolateGroup": {"type": "@IsolateGroup", "id": "isolateGroups/6534132917220748", "name": "main.dart", "number": "6534132917220
EXT Extension {"type": "Event", "kind": "Extension", "extensionKind": "Flutter.Frame", "isolateGroup": {"type": "@IsolateGroup", "id": "isolateGroups/6534132917220748", "name": "main.dart", "number": "6534132917220
EXT Extension {"type": "Event", "kind": "Extension", "extensionKind": "Flutter.Frame", "isolateGroup": {"type": "@IsolateGroup", "id": "isolateGroups/6534132917220748", "name": "main.dart", "number": "6534132917220
EXT Extension {"type": "Event", "kind": "Extension", "extensionKind": "Flutter.Frame", "isolateGroup": {"type": "@IsolateGroup", "id": "isolateGroups/6534132917220748", "name": "main.dart", "number": "6534132917220
EXT Extension {"type": "Event", "kind": "Extension", "extensionKind": "Flutter.Frame", "isolateGroup": {"type": "@IsolateGroup", "id": "isolateGroups/6534132917220748", "name": "main.dart", "number": "6534132917220
EXT Extension {"type": "Event", "kind": "Extension", "extensionKind": "Flutter.Frame", "isolateGroup": {"type": "@IsolateGroup", "id": "isolateGroups/6534132917220748", "name": "main.dart", "number": "6534132917220
EXT Extension {"type": "Event", "kind": "Extension", "extensionKind": "Flutter.Frame", "isolateGroup": {"type": "@IsolateGroup", "id": "isolateGroups/6534132917220748", "name": "main.dart", "number": "6534132917220
EXT Extension {"type": "Event", "kind": "Extension", "extensionKind": "Flutter.Frame", "isolateGroup": {"type": "@IsolateGroup", "id": "isolateGroups/6534132917220748", "name": "main.dart", "number": "6534132917220
EXT Extension {"type": "Event", "kind": "Extension", "extensionKind": "Flutter.Frame", "isolateGroup": {"type": "@IsolateGroup", "id": "isolateGroups/6534132917220748", "name": "main.dart", "number": "6534132917220
EXT Extension {"type": "Event", "kind": "Extension", "extensionKind": "Flutter.Frame", "isolateGroup": {"type": "@IsolateGroup", "id": "isolateGroups/6534132917220748", "name": "main.dart", "number": "6534132917220
EXT Extension {"type": "Event", "kind": "Extension", "extensionKind": "Flutter.Frame", "isolateGroup": {"type": "@IsolateGroup", "id": "isolateGroups/6534132917220748", "name": "main.dart", "number": "6534132917220
EXT Extension {"type": "Event", "kind": "Extension", "extensionKind": "Flutter.Frame", "isolateGroup": {"type": "@IsolateGroup", "id": "isolateGroups/6534132917220748", "name": "main.dart", "number": "6534132917220
EXT Extension {"type": "Event", "kind": "Extension", "extensionKind": "Flutter.Frame", "isolateGroup": {"type": "@IsolateGroup", "id": "isolateGroups/6534132917220748", "name": "main.dart", "number": "6534132917220
EXT Extension {"type": "Event", "kind": "Extension", "extensionKind": "Flutter.Frame", "isolateGroup": {"type": "@IsolateGroup", "id": "isolateGroups/6534132917220748", "name": "main.dart", "number": "6534132917220
EXT Extension {"type": "Event", "kind": "Extension", "extensionKind": "Flutter.Frame", "isolateGroup": {"type": "@IsolateGroup", "id": "isolateGroups/6534132917220748", "name": "main.dart", "number": "6534132917220
EXT Extension {"type": "Event", "kind": "Extension", "extensionKind": "Flutter.Frame", "isolateGroup": {"type": "@IsolateGroup", "id": "isolateGroups/6534132917220748", "name": "main.dart", "number": "6534132917220
EXT Extension {"type": "Event", "kind": "Extension", "extensionKind": "Flutter.Frame", "isolateGroup": {"type": "@IsolateGroup", "id": "isolateGroups/6534132917220748", "name": "main.dart", "number": "6534132917220
EXT Extension {"type": "Event", "kind": "Extension", "extensionKind": "Flutter.Frame", "isolateGroup": {"type": "@IsolateGroup", "id": "isolateGroups/6534132917220748", "name": "main.dart", "number": "6534132917220
EXT Extension {"type": "Event", "kind": "Extension", "extensionKind": "Flutter.Frame", "isolateGroup": {"type": "@IsolateGroup", "id": "isolateGroups/6534132917220748", "name": "main.dart", "number": "6534132917220
EXT Extension {"type": "Event", "kind": "Extension", "extensionKind": "Flutter.Navigation", "isolateGroup": {"type": "@IsolateGroup", "id": "isolateGroups/6534132917220748", "name": "main.dart", "number": "65341329
EXT Extension {"type": "Event", "kind": "Extension", "extensionKind": "Flutter.Frame", "isolateGroup": {"type": "@IsolateGroup", "id": "isolateGroups/6534132917220748", "name": "main.dart", "number": "6534132917220
EXT Extension {"type": "Event", "kind": "Extension", "extensionKind": "Flutter.Frame", "isolateGroup": {"type": "@IsolateGroup", "id": "isolateGroups/6534132917220748", "name": "main.dart", "number": "6534132917220
EXT Extension {"type": "Event", "kind": "Extension", "extensionKind": "Flutter.Frame", "isolateGroup": {"type": "@IsolateGroup", "id": "isolateGroups/6534132917220748", "name": "main.dart", "number": "6534132917220
EXT Extension {"type": "Event", "kind": "Extension", "extensionKind": "Flutter.Frame", "isolateGroup": {"type": "@IsolateGroup", "id": "isolateGroups/6534132917220748", "name": "main.dart", "number": "6534132917220
EXT Extension {"type": "Event", "kind": "Extension", "extensionKind": "Flutter.Frame", "isolateGroup": {"type": "@IsolateGroup", "id": "isolateGroups/6534132917220748", "name": "main.dart", "number": "6534132917220
EXT Extension {"type": "Event", "kind": "Extension", "extensionKind": "Flutter.Frame", "isolateGroup": {"type": "@IsolateGroup", "id": "isolateGroups/6534132917220748", "name": "main.dart", "number": "6534132917220
EXT Extension {"type": "Event", "kind": "Extension", "extensionKind": "Flutter.Frame", "isolateGroup": {"type": "@IsolateGroup", "id": "isolateGroups/6534132917220748", "name": "main.dart", "number": "6534132917220
EXT Extension {"type": "Event", "kind": "Extension", "extensionKind": "Flutter.Frame", "isolateGroup": {"type": "@IsolateGroup", "id": "isolateGroups/6534132917220748", "name": "main.dart", "number": "6534132917220
EXT Extension {"type": "Event", "kind": "Extension", "extensionKind": "Flutter.Frame", "isolateGroup": {"type": "@IsolateGroup", "id": "isolateGroups/6534132917220748", "name": "main.dart", "number": "6534132917220
EXT Extension {"type": "Event", "kind": "Extension", "extensionKind": "Flutter.Frame", "isolateGroup": {"type": "@IsolateGroup", "id": "isolateGroups/6534132917220748", "name": "main.dart", "number": "6534132917220
EXT Extension {"type": "Event", "kind": "Extension", "extensionKind": "Flutter.Frame", "isolateGroup": {"type": "@IsolateGroup", "id": "isolateGroups/6534132917220748", "name": "main.dart", "number": "6534132917220
EXT Extension {"type": "Event", "kind": "Extension", "extensionKind": "Flutter.Frame", "isolateGroup": {"type": "@IsolateGroup", "id": "isolateGroups/6534132917220748", "name": "main.dart", "number": "6534132917220
EXT Extension {"type": "Event", "kind": "Extension", "extensionKind": "Flutter.Frame", "isolateGroup": {"type": "@IsolateGroup", "id": "isolateGroups/6534132917220748", "name": "main.dart", "number": "6534132917220
EXT Extension {"type": "Event", "kind": "Extension", "extensionKind": "Flutter.Frame", "isolateGroup": {"type": "@IsolateGroup", "id": "isolateGroups/6534132917220748", "name": "main.dart", "number": "6534132917220
EXT Extension {"type": "Event", "kind": "Extension", "extensionKind": "Flutter.Frame", "isolateGroup": {"type": "@IsolateGroup", "id": "isolateGroups/6534132917220748", "name": "main.dart", "number": "6534132917220
EXT Extension {"type": "Event", "kind": "Extension", "extensionKind": "Flutter.Frame", "isolateGroup": {"type": "@IsolateGroup", "id": "isolateGroups/6534132917220748", "name": "main.dart", "number": "6534132917220
EXT Extension {"type": "Event", "kind": "Extension", "extensionKind": "Flutter.Frame", "isolateGroup": {"type": "@IsolateGroup", "id": "isolateGroups/6534132917220748", "name": "main.dart", "number": "6534132917220
EXT Extension {"type": "Event", "kind": "Extension", "extensionKind": "Flutter.Frame", "isolateGroup": {"type": "@IsolateGroup", "id": "isolateGroups/6534132917220748", "name": "main.dart", "number": "6534132917220
EXT Extension {"type": "Event", "kind": "Extension", "extensionKind": "Flutter.Frame", "isolateGroup": {"type": "@IsolateGroup", "id": "isolateGroups/6534132917220748", "name": "main.dart", "number": "6534132917220
EXT Extension {"type": "Event", "kind": "Extension", "extensionKind": "Flutter.Frame", "isolateGroup": {"type": "@IsolateGroup", "id": "isolateGroups/6534132917220748", "name": "main.dart", "number": "6534132917220
EXT Extension {"type": "Event", "kind": "Extension", "extensionKind": "Flutter.Frame", "isolateGroup": {"type": "@IsolateGroup", "id": "isolateGroups/6534132917220748", "name": "main.dart", "number": "6534132917220
EXT Extension {"type": "Event", "kind": "Extension", "extensionKind": "Flutter.Frame", "isolateGroup": {"type": "@IsolateGroup", "id": "isolateGroups/6534132917220748", "name": "main.dart", "number": "6534132917220
EXT Extension {"type": "Event", "kind": "Extension", "extensionKind": "Flutter.Frame", "isolateGroup": {"type": "@IsolateGroup", "id": "isolateGroups/6534132917220748", "name": "main.dart", "number": "6534132917220
EXT Extension {"type": "Event", "kind": "Extension", "extensionKind": "Flutter.Frame", "isolateGroup": {"type": "@IsolateGroup", "id": "isolateGroups/6534132917220748", "name": "main.dart", "number": "6534132917220
EXT Extension {"type": "Event", "kind": "Extension", "extensionKind": "Flutter.Frame", "isolateGroup": {"type": "@IsolateGroup", "id": "isolateGroups/6534132917220748", "name": "main.dart", "number": "6534132917220
EXT Extension {"type": "Event", "kind": "Extension", "extensionKind": "Flutter.Frame", "isolateGroup": {"type": "@IsolateGroup", "id": "isolateGroups/6534132917220748", "name": "main.dart", "number": "6534132917220
EXT Extension {"type": "Event", "kind": "Extension", "extensionKind": "Flutter.Frame", "isolateGroup": {"type": "@IsolateGroup", "id": "isolateGroups/6534132917220748", "name": "main.dart", "number": "6534132917220
EXT Extension {"type": "Event", "kind": "Extension", "extensionKind": "Flutter.Frame", "isolateGroup": {"type": "@IsolateGroup", "id": "isolateGroups/6534132917220748", "name": "main.dart", "number": "6534132917220
EXT Extension {"type": "Event", "kind": "Extension", "extensionKind": "Flutter.Frame", "isolateGroup": {"type": "@IsolateGroup", "id": "isolateGroups/6534132917220748", "name": "main.dart", "number": "6534132917220
EXT Extension {"type": "Event", "kind": "Extension", "extensionKind": "Flutter.Frame", "isolateGroup": {"type": "@IsolateGroup", "id": "isolateGroups/6534132917220748", "name": "main.dart", "number": "6534132917220
EXT Extension {"type": "Event", "kind": "Extension", "extensionKind": "Flutter.Frame", "isolateGroup": {"type": "@IsolateGroup", "id": "isolateGroups/6534132917220748", "name": "main.dart", "number": "6534132917220
EXT Extension {"type": "Event", "kind": "Extension", "extensionKind": "Flutter.ImageSizesForFrame", "isolateGroup": {"type": "@IsolateGroup", "id": "isolateGroups/6534132917220748", "name": "main.dart", "number": "
EXT Extension {"type": "Event", "kind": "Extension", "extensionKind": "Flutter.ImageSizesForFrame", "isolateGroup": {"type": "@IsolateGroup", "id": "isolateGroups/6534132917220748", "name": "main.dart", "number": "
EXT Extension {"type": "Event", "kind": "Extension", "extensionKind": "Flutter.Frame", "isolateGroup": {"type": "@IsolateGroup", "id": "isolateGroups/6534132917220748", "name": "main.dart", "number": "6534132917220
EXT Extension {"type": "Event", "kind": "Extension", "extensionKind": "Flutter.Frame", "isolateGroup": {"type": "@IsolateGroup", "id": "isolateGroups/6534132917220748", "name": "main.dart", "number": "6534132917220
EXT Extension {"type": "Event", "kind": "Extension", "extensionKind": "Flutter.Frame", "isolateGroup": {"type": "@IsolateGroup", "id": "isolateGroups/6534132917220748", "name": "main.dart", "number": "6534132917220
EXT Extension {"type": "Event", "kind": "Extension", "extensionKind": "Flutter.Frame", "isolateGroup": {"type": "@IsolateGroup", "id": "isolateGroups/6534132917220748", "name": "main.dart", "number": "6534132917220
EXT Extension {"type": "Event", "kind": "Extension", "extensionKind": "Flutter.Frame", "isolateGroup": {"type": "@IsolateGroup", "id": "isolateGroups/6534132917220748", "name": "main.dart", "number": "6534132917220
EXT Extension {"type": "Event", "kind": "Extension", "extensionKind": "Flutter.Frame", "isolateGroup": {"type": "@IsolateGroup", "id": "isolateGroups/6534132917220748", "name": "main.dart", "number": "6534132917220
EXT Extension {"type": "Event", "kind": "Extension", "extensionKind": "Flutter.Frame", "isolateGroup": {"type": "@IsolateGroup", "id": "isolateGroups/6534132917220748", "name": "main.dart", "number": "6534132917220
EXT Extension {"type": "Event", "kind": "Extension", "extensionKind": "Flutter.Frame", "isolateGroup": {"type": "@IsolateGroup", "id": "isolateGroups/6534132917220748", "name": "main.dart", "number": "6534132917220
EXT Extension {"type": "Event", "kind": "Extension", "extensionKind": "Flutter.Frame", "isolateGroup": {"type": "@IsolateGroup", "id": "isolateGroups/6534132917220748", "name": "main.dart", "number": "6534132917220
EXT Extension {"type": "Event", "kind": "Extension", "extensionKind": "Flutter.Frame", "isolateGroup": {"type": "@IsolateGroup", "id": "isolateGroups/6534132917220748", "name": "main.dart", "number": "6534132917220
EXT Extension {"type": "Event", "kind": "Extension", "extensionKind": "Flutter.Frame", "isolateGroup": {"type": "@IsolateGroup", "id": "isolateGroups/6534132917220748", "name": "main.dart", "number": "6534132917220
EXT Extension {"type": "Event", "kind": "Extension", "extensionKind": "Flutter.Frame", "isolateGroup": {"type": "@IsolateGroup", "id": "isolateGroups/6534132917220748", "name": "main.dart", "number": "6534132917220
EXT Extension {"type": "Event", "kind": "Extension", "extensionKind": "Flutter.Frame", "isolateGroup": {"type": "@IsolateGroup", "id": "isolateGroups/6534132917220748", "name": "main.dart", "number": "6534132917220
EXT Extension {"type": "Event", "kind": "Extension", "extensionKind": "Flutter.Frame", "isolateGroup": {"type": "@IsolateGroup", "id": "isolateGroups/6534132917220748", "name": "main.dart", "number": "6534132917220
EXT Extension {"type": "Event", "kind": "Extension", "extensionKind": "Flutter.Frame", "isolateGroup": {"type": "@IsolateGroup", "id": "isolateGroups/6534132917220748", "name": "main.dart", "number": "6534132917220
EXT Extension {"type": "Event", "kind": "Extension", "extensionKind": "Flutter.Frame", "isolateGroup": {"type": "@IsolateGroup", "id": "isolateGroups/6534132917220748", "name": "main.dart", "number": "6534132917220
EXT Extension {"type": "Event", "kind": "Extension", "extensionKind": "Flutter.Frame", "isolateGroup": {"type": "@IsolateGroup", "id": "isolateGroups/6534132917220748", "name": "main.dart", "number": "6534132917220
EXT Extension {"type": "Event", "kind": "Extension", "extensionKind": "Flutter.Frame", "isolateGroup": {"type": "@IsolateGroup", "id": "isolateGroups/6534132917220748", "name": "main.dart", "number": "6534132917220
EXT Extension {"type": "Event", "kind": "Extension", "extensionKind": "Flutter.Frame", "isolateGroup": {"type": "@IsolateGroup", "id": "isolateGroups/6534132917220748", "name": "main.dart", "number": "6534132917220
EXT Extension {"type": "Event", "kind": "Extension", "extensionKind": "Flutter.Frame", "isolateGroup": {"type": "@IsolateGroup", "id": "isolateGroups/6534132917220748", "name": "main.dart", "number": "6534132917220
EXT Extension {"type": "Event", "kind": "Extension", "extensionKind": "Flutter.Frame", "isolateGroup": {"type": "@IsolateGroup", "id": "isolateGroups/6534132917220748", "name": "main.dart", "number": "6534132917220
EXT Extension {"type": "Event", "kind": "Extension", "extensionKind": "Flutter.Frame", "isolateGroup": {"type": "@IsolateGroup", "id": "isolateGroups/6534132917220748", "name": "main.dart", "number": "6534132917220
EXT Extension {"type": "Event", "kind": "Extension", "extensionKind": "Flutter.Frame", "isolateGroup": {"type": "@IsolateGroup", "id": "isolateGroups/6534132917220748", "name": "main.dart", "number": "6534132917220
EXT Extension {"type": "Event", "kind": "Extension", "extensionKind": "Flutter.Frame", "isolateGroup": {"type": "@IsolateGroup", "id": "isolateGroups/6534132917220748", "name": "main.dart", "number": "6534132917220
EXT Extension {"type": "Event", "kind": "Extension", "extensionKind": "Flutter.Frame", "isolateGroup": {"type": "@IsolateGroup", "id": "isolateGroups/6534132917220748", "name": "main.dart", "number": "6534132917220
EXT Extension {"type": "Event", "kind": "Extension", "extensionKind": "Flutter.Frame", "isolateGroup": {"type": "@IsolateGroup", "id": "isolateGroups/6534132917220748", "name": "main.dart", "number": "6534132917220
EXT Extension {"type": "Event", "kind": "Extension", "extensionKind": "Flutter.Frame", "isolateGroup": {"type": "@IsolateGroup", "id": "isolateGroups/6534132917220748", "name": "main.dart", "number": "6534132917220
EXT Extension {"type": "Event", "kind": "Extension", "extensionKind": "Flutter.Frame", "isolateGroup": {"type": "@IsolateGroup", "id": "isolateGroups/6534132917220748", "name": "main.dart", "number": "6534132917220
EXT Extension {"type": "Event", "kind": "Extension", "extensionKind": "Flutter.Frame", "isolateGroup": {"type": "@IsolateGroup", "id": "isolateGroups/6534132917220748", "name": "main.dart", "number": "6534132917220
EXT Extension {"type": "Event", "kind": "Extension", "extensionKind": "Flutter.Frame", "isolateGroup": {"type": "@IsolateGroup", "id": "isolateGroups/6534132917220748", "name": "main.dart", "number": "6534132917220
EXT Extension {"type": "Event", "kind": "Extension", "extensionKind": "Flutter.Frame", "isolateGroup": {"type": "@IsolateGroup", "id": "isolateGroups/6534132917220748", "name": "main.dart", "number": "6534132917220
EXT Extension {"type": "Event", "kind": "Extension", "extensionKind": "Flutter.Frame", "isolateGroup": {"type": "@IsolateGroup", "id": "isolateGroups/6534132917220748", "name": "main.dart", "number": "6534132917220
EXT Extension {"type": "Event", "kind": "Extension", "extensionKind": "Flutter.Frame", "isolateGroup": {"type": "@IsolateGroup", "id": "isolateGroups/6534132917220748", "name": "main.dart", "number": "6534132917220
EXT Extension {"type": "Event", "kind": "Extension", "extensionKind": "Flutter.Frame", "isolateGroup": {"type": "@IsolateGroup", "id": "isolateGroups/6534132917220748", "name": "main.dart", "number": "6534132917220
EXT Extension {"type": "Event", "kind": "Extension", "extensionKind": "Flutter.Frame", "isolateGroup": {"type": "@IsolateGroup", "id": "isolateGroups/6534132917220748", "name": "main.dart", "number": "6534132917220
EXT Extension {"type": "Event", "kind": "Extension", "extensionKind": "Flutter.Frame", "isolateGroup": {"type": "@IsolateGroup", "id": "isolateGroups/6534132917220748", "name": "main.dart", "number": "6534132917220
EXT Extension {"type": "Event", "kind": "Extension", "extensionKind": "Flutter.Frame", "isolateGroup": {"type": "@IsolateGroup", "id": "isolateGroups/6534132917220748", "name": "main.dart", "number": "6534132917220
EXT Extension {"type": "Event", "kind": "Extension", "extensionKind": "Flutter.Frame", "isolateGroup": {"type": "@IsolateGroup", "id": "isolateGroups/6534132917220748", "name": "main.dart", "number": "6534132917220
EXT Extension {"type": "Event", "kind": "Extension", "extensionKind": "Flutter.Frame", "isolateGroup": {"type": "@IsolateGroup", "id": "isolateGroups/6534132917220748", "name": "main.dart", "number": "6534132917220
EXT Extension {"type": "Event", "kind": "Extension", "extensionKind": "Flutter.Frame", "isolateGroup": {"type": "@IsolateGroup", "id": "isolateGroups/6534132917220748", "name": "main.dart", "number": "6534132917220
EXT Extension {"type": "Event", "kind": "Extension", "extensionKind": "Flutter.Frame", "isolateGroup": {"type": "@IsolateGroup", "id": "isolateGroups/6534132917220748", "name": "main.dart", "number": "6534132917220
EXT Extension {"type": "Event", "kind": "Extension", "extensionKind": "Flutter.Frame", "isolateGroup": {"type": "@IsolateGroup", "id": "isolateGroups/6534132917220748", "name": "main.dart", "number": "6534132917220
EXT Extension {"type": "Event", "kind": "Extension", "extensionKind": "Flutter.Frame", "isolateGroup": {"type": "@IsolateGroup", "id": "isolateGroups/6534132917220748", "name": "main.dart", "number": "6534132917220
EXT Extension {"type": "Event", "kind": "Extension", "extensionKind": "Flutter.Frame", "isolateGroup": {"type": "@IsolateGroup", "id": "isolateGroups/6534132917220748", "name": "main.dart", "number": "6534132917220
EXT Extension {"type": "Event", "kind": "Extension", "extensionKind": "Flutter.Frame", "isolateGroup": {"type": "@IsolateGroup", "id": "isolateGroups/6534132917220748", "name": "main.dart", "number": "6534132917220
EXT Extension {"type": "Event", "kind": "Extension", "extensionKind": "Flutter.Frame", "isolateGroup": {"type": "@IsolateGroup", "id": "isolateGroups/6534132917220748", "name": "main.dart", "number": "6534132917220
EXT Extension {"type": "Event", "kind": "Extension", "extensionKind": "Flutter.Frame", "isolateGroup": {"type": "@IsolateGroup", "id": "isolateGroups/6534132917220748", "name": "main.dart", "number": "6534132917220
EXT Extension {"type": "Event", "kind": "Extension", "extensionKind": "Flutter.Frame", "isolateGroup": {"type": "@IsolateGroup", "id": "isolateGroups/6534132917220748", "name": "main.dart", "number": "6534132917220
EXT Extension {"type": "Event", "kind": "Extension", "extensionKind": "Flutter.Frame", "isolateGroup": {"type": "@IsolateGroup", "id": "isolateGroups/6534132917220748", "name": "main.dart", "number": "6534132917220
EXT Extension {"type": "Event", "kind": "Extension", "extensionKind": "Flutter.Frame", "isolateGroup": {"type": "@IsolateGroup", "id": "isolateGroups/6534132917220748", "name": "main.dart", "number": "6534132917220
EXT Extension {"type": "Event", "kind": "Extension", "extensionKind": "Flutter.Frame", "isolateGroup": {"type": "@IsolateGroup", "id": "isolateGroups/6534132917220748", "name": "main.dart", "number": "6534132917220
EXT Extension {"type": "Event", "kind": "Extension", "extensionKind": "Flutter.Frame", "isolateGroup": {"type": "@IsolateGroup", "id": "isolateGroups/6534132917220748", "name": "main.dart", "number": "6534132917220
EXT Extension {"type": "Event", "kind": "Extension", "extensionKind": "Flutter.Frame", "isolateGroup": {"type": "@IsolateGroup", "id": "isolateGroups/6534132917220748", "name": "main.dart", "number": "6534132917220
EXT Extension {"type": "Event", "kind": "Extension", "extensionKind": "Flutter.Frame", "isolateGroup": {"type": "@IsolateGroup", "id": "isolateGroups/6534132917220748", "name": "main.dart", "number": "6534132917220
EXT Extension {"type": "Event", "kind": "Extension", "extensionKind": "Flutter.Frame", "isolateGroup": {"type": "@IsolateGroup", "id": "isolateGroups/6534132917220748", "name": "main.dart", "number": "6534132917220
EXT Extension {"type": "Event", "kind": "Extension", "extensionKind": "Flutter.Frame", "isolateGroup": {"type": "@IsolateGroup", "id": "isolateGroups/6534132917220748", "name": "main.dart", "number": "6534132917220
EXT Extension {"type": "Event", "kind": "Extension", "extensionKind": "Flutter.Frame", "isolateGroup": {"type": "@IsolateGroup", "id": "isolateGroups/6534132917220748", "name": "main.dart", "number": "6534132917220
EXT Extension {"type": "Event", "kind": "Extension", "extensionKind": "Flutter.Frame", "isolateGroup": {"type": "@IsolateGroup", "id": "isolateGroups/6534132917220748", "name": "main.dart", "number": "6534132917220
EXT Extension {"type": "Event", "kind": "Extension", "extensionKind": "Flutter.Frame", "isolateGroup": {"type": "@IsolateGroup", "id": "isolateGroups/6534132917220748", "name": "main.dart", "number": "6534132917220
EXT Extension {"type": "Event", "kind": "Extension", "extensionKind": "Flutter.Frame", "isolateGroup": {"type": "@IsolateGroup", "id": "isolateGroups/6534132917220748", "name": "main.dart", "number": "6534132917220
EXT Extension {"type": "Event", "kind": "Extension", "extensionKind": "Flutter.Frame", "isolateGroup": {"type": "@IsolateGroup", "id": "isolateGroups/6534132917220748", "name": "main.dart", "number": "6534132917220
EXT Extension {"type": "Event", "kind": "Extension", "extensionKind": "Flutter.Frame", "isolateGroup": {"type": "@IsolateGroup", "id": "isolateGroups/6534132917220748", "name": "main.dart", "number": "6534132917220
EXT Extension {"type": "Event", "kind": "Extension", "extensionKind": "Flutter.Frame", "isolateGroup": {"type": "@IsolateGroup", "id": "isolateGroups/6534132917220748", "name": "main.dart", "number": "6534132917220
EXT Extension {"type": "Event", "kind": "Extension", "extensionKind": "Flutter.Frame", "isolateGroup": {"type": "@IsolateGroup", "id": "isolateGroups/6534132917220748", "name": "main.dart", "number": "6534132917220
EXT Extension {"type": "Event", "kind": "Extension", "extensionKind": "Flutter.Frame", "isolateGroup": {"type": "@IsolateGroup", "id": "isolateGroups/6534132917220748", "name": "main.dart", "number": "6534132917220
EXT Extension {"type": "Event", "kind": "Extension", "extensionKind": "Flutter.Frame", "isolateGroup": {"type": "@IsolateGroup", "id": "isolateGroups/6534132917220748", "name": "main.dart", "number": "6534132917220
EXT Extension {"type": "Event", "kind": "Extension", "extensionKind": "Flutter.Frame", "isolateGroup": {"type": "@IsolateGroup", "id": "isolateGroups/6534132917220748", "name": "main.dart", "number": "6534132917220
EXT Extension {"type": "Event", "kind": "Extension", "extensionKind": "Flutter.Frame", "isolateGroup": {"type": "@IsolateGroup", "id": "isolateGroups/6534132917220748", "name": "main.dart", "number": "6534132917220
EXT Extension {"type": "Event", "kind": "Extension", "extensionKind": "Flutter.Frame", "isolateGroup": {"type": "@IsolateGroup", "id": "isolateGroups/6534132917220748", "name": "main.dart", "number": "6534132917220
EXT Extension {"type": "Event", "kind": "Extension", "extensionKind": "Flutter.Frame", "isolateGroup": {"type": "@IsolateGroup", "id": "isolateGroups/6534132917220748", "name": "main.dart", "number": "6534132917220
EXT Extension {"type": "Event", "kind": "Extension", "extensionKind": "Flutter.Frame", "isolateGroup": {"type": "@IsolateGroup", "id": "isolateGroups/6534132917220748", "name": "main.dart", "number": "6534132917220
EXT Extension {"type": "Event", "kind": "Extension", "extensionKind": "Flutter.Frame", "isolateGroup": {"type": "@IsolateGroup", "id": "isolateGroups/6534132917220748", "name": "main.dart", "number": "6534132917220
EXT Extension {"type": "Event", "kind": "Extension", "extensionKind": "Flutter.Frame", "isolateGroup": {"type": "@IsolateGroup", "id": "isolateGroups/6534132917220748", "name": "main.dart", "number": "6534132917220
EXT Extension {"type": "Event", "kind": "Extension", "extensionKind": "Flutter.Navigation", "isolateGroup": {"type": "@IsolateGroup", "id": "isolateGroups/6534132917220748", "name": "main.dart", "number": "65341329
EXT Extension {"type": "Event", "kind": "Extension", "extensionKind": "Flutter.Frame", "isolateGroup": {"type": "@IsolateGroup", "id": "isolateGroups/6534132917220748", "name": "main.dart", "number": "6534132917220
EXT Extension {"type": "Event", "kind": "Extension", "extensionKind": "Flutter.Frame", "isolateGroup": {"type": "@IsolateGroup", "id": "isolateGroups/6534132917220748", "name": "main.dart", "number": "6534132917220
EXT Extension {"type": "Event", "kind": "Extension", "extensionKind": "Flutter.Frame", "isolateGroup": {"type": "@IsolateGroup", "id": "isolateGroups/6534132917220748", "name": "main.dart", "number": "6534132917220
EXT Extension {"type": "Event", "kind": "Extension", "extensionKind": "Flutter.Frame", "isolateGroup": {"type": "@IsolateGroup", "id": "isolateGroups/6534132917220748", "name": "main.dart", "number": "6534132917220
EXT Extension {"type": "Event", "kind": "Extension", "extensionKind": "Flutter.Frame", "isolateGroup": {"type": "@IsolateGroup", "id": "isolateGroups/6534132917220748", "name": "main.dart", "number": "6534132917220
EXT Extension {"type": "Event", "kind": "Extension", "extensionKind": "Flutter.Frame", "isolateGroup": {"type": "@IsolateGroup", "id": "isolateGroups/6534132917220748", "name": "main.dart", "number": "6534132917220
EXT Extension {"type": "Event", "kind": "Extension", "extensionKind": "Flutter.Frame", "isolateGroup": {"type": "@IsolateGroup", "id": "isolateGroups/6534132917220748", "name": "main.dart", "number": "6534132917220
EXT Extension {"type": "Event", "kind": "Extension", "extensionKind": "Flutter.Frame", "isolateGroup": {"type": "@IsolateGroup", "id": "isolateGroups/6534132917220748", "name": "main.dart", "number": "6534132917220
EXT Extension {"type": "Event", "kind": "Extension", "extensionKind": "Flutter.Frame", "isolateGroup": {"type": "@IsolateGroup", "id": "isolateGroups/6534132917220748", "name": "main.dart", "number": "6534132917220
EXT Extension {"type": "Event", "kind": "Extension", "extensionKind": "Flutter.Frame", "isolateGroup": {"type": "@IsolateGroup", "id": "isolateGroups/6534132917220748", "name": "main.dart", "number": "6534132917220
EXT Extension {"type": "Event", "kind": "Extension", "extensionKind": "Flutter.Frame", "isolateGroup": {"type": "@IsolateGroup", "id": "isolateGroups/6534132917220748", "name": "main.dart", "number": "6534132917220
EXT Extension {"type": "Event", "kind": "Extension", "extensionKind": "Flutter.Frame", "isolateGroup": {"type": "@IsolateGroup", "id": "isolateGroups/6534132917220748", "name": "main.dart", "number": "6534132917220
EXT Extension {"type": "Event", "kind": "Extension", "extensionKind": "Flutter.Frame", "isolateGroup": {"type": "@IsolateGroup", "id": "isolateGroups/6534132917220748", "name": "main.dart", "number": "6534132917220
EXT Extension {"type": "Event", "kind": "Extension", "extensionKind": "Flutter.Frame", "isolateGroup": {"type": "@IsolateGroup", "id": "isolateGroups/6534132917220748", "name": "main.dart", "number": "6534132917220
EXT Extension {"type": "Event", "kind": "Extension", "extensionKind": "Flutter.Frame", "isolateGroup": {"type": "@IsolateGroup", "id": "isolateGroups/6534132917220748", "name": "main.dart", "number": "6534132917220
EXT Extension {"type": "Event", "kind": "Extension", "extensionKind": "Flutter.Frame", "isolateGroup": {"type": "@IsolateGroup", "id": "isolateGroups/6534132917220748", "name": "main.dart", "number": "6534132917220
EXT Extension {"type": "Event", "kind": "Extension", "extensionKind": "Flutter.Frame", "isolateGroup": {"type": "@IsolateGroup", "id": "isolateGroups/6534132917220748", "name": "main.dart", "number": "6534132917220
EXT Extension {"type": "Event", "kind": "Extension", "extensionKind": "Flutter.Frame", "isolateGroup": {"type": "@IsolateGroup", "id": "isolateGroups/6534132917220748", "name": "main.dart", "number": "6534132917220
EXT Extension {"type": "Event", "kind": "Extension", "extensionKind": "Flutter.Frame", "isolateGroup": {"type": "@IsolateGroup", "id": "isolateGroups/6534132917220748", "name": "main.dart", "number": "6534132917220
EXT Extension {"type": "Event", "kind": "Extension", "extensionKind": "Flutter.Frame", "isolateGroup": {"type": "@IsolateGroup", "id": "isolateGroups/6534132917220748", "name": "main.dart", "number": "6534132917220
EXT Extension {"type": "Event", "kind": "Extension", "extensionKind": "Flutter.Frame", "isolateGroup": {"type": "@IsolateGroup", "id": "isolateGroups/6534132917220748", "name": "main.dart", "number": "6534132917220
EXT Extension {"type": "Event", "kind": "Extension", "extensionKind": "Flutter.Frame", "isolateGroup": {"type": "@IsolateGroup", "id": "isolateGroups/6534132917220748", "name": "main.dart", "number": "6534132917220
EXT Extension {"type": "Event", "kind": "Extension", "extensionKind": "Flutter.Frame", "isolateGroup": {"type": "@IsolateGroup", "id": "isolateGroups/6534132917220748", "name": "main.dart", "number": "6534132917220
EXT Extension {"type": "Event", "kind": "Extension", "extensionKind": "Flutter.Frame", "isolateGroup": {"type": "@IsolateGroup", "id": "isolateGroups/6534132917220748", "name": "main.dart", "number": "6534132917220
EXT Extension {"type": "Event", "kind": "Extension", "extensionKind": "Flutter.Frame", "isolateGroup": {"type": "@IsolateGroup", "id": "isolateGroups/6534132917220748", "name": "main.dart", "number": "6534132917220
EXT Extension {"type": "Event", "kind": "Extension", "extensionKind": "Flutter.Frame", "isolateGroup": {"type": "@IsolateGroup", "id": "isolateGroups/6534132917220748", "name": "main.dart", "number": "6534132917220
EXT Extension {"type": "Event", "kind": "Extension", "extensionKind": "Flutter.Frame", "isolateGroup": {"type": "@IsolateGroup", "id": "isolateGroups/6534132917220748", "name": "main.dart", "number": "6534132917220
EXT Extension {"type": "Event", "kind": "Extension", "extensionKind": "Flutter.Frame", "isolateGroup": {"type": "@IsolateGroup", "id": "isolateGroups/6534132917220748", "name": "main.dart", "number": "6534132917220
EXT Extension {"type": "Event", "kind": "Extension", "extensionKind": "Flutter.Frame", "isolateGroup": {"type": "@IsolateGroup", "id": "isolateGroups/6534132917220748", "name": "main.dart", "number": "6534132917220
EXT Extension {"type": "Event", "kind": "Extension", "extensionKind": "Flutter.Frame", "isolateGroup": {"type": "@IsolateGroup", "id": "isolateGroups/6534132917220748", "name": "main.dart", "number": "6534132917220
EXT Extension {"type": "Event", "kind": "Extension", "extensionKind": "Flutter.Frame", "isolateGroup": {"type": "@IsolateGroup", "id": "isolateGroups/6534132917220748", "name": "main.dart", "number": "6534132917220
EXT Extension {"type": "Event", "kind": "Extension", "extensionKind": "Flutter.Frame", "isolateGroup": {"type": "@IsolateGroup", "id": "isolateGroups/6534132917220748", "name": "main.dart", "number": "6534132917220
EXT Extension {"type": "Event", "kind": "Extension", "extensionKind": "Flutter.Frame", "isolateGroup": {"type": "@IsolateGroup", "id": "isolateGroups/6534132917220748", "name": "main.dart", "number": "6534132917220
EXT Extension {"type": "Event", "kind": "Extension", "extensionKind": "Flutter.Frame", "isolateGroup": {"type": "@IsolateGroup", "id": "isolateGroups/6534132917220748", "name": "main.dart", "number": "6534132917220
EXT Extension {"type": "Event", "kind": "Extension", "extensionKind": "Flutter.Frame", "isolateGroup": {"type": "@IsolateGroup", "id": "isolateGroups/6534132917220748", "name": "main.dart", "number": "6534132917220
EXT Extension {"type": "Event", "kind": "Extension", "extensionKind": "Flutter.Frame", "isolateGroup": {"type": "@IsolateGroup", "id": "isolateGroups/6534132917220748", "name": "main.dart", "number": "6534132917220
EXT Extension {"type": "Event", "kind": "Extension", "extensionKind": "Flutter.Frame", "isolateGroup": {"type": "@IsolateGroup", "id": "isolateGroups/6534132917220748", "name": "main.dart", "number": "6534132917220
EXT Extension {"type": "Event", "kind": "Extension", "extensionKind": "Flutter.Frame", "isolateGroup": {"type": "@IsolateGroup", "id": "isolateGroups/6534132917220748", "name": "main.dart", "number": "6534132917220
EXT Extension {"type": "Event", "kind": "Extension", "extensionKind": "Flutter.Frame", "isolateGroup": {"type": "@IsolateGroup", "id": "isolateGroups/6534132917220748", "name": "main.dart", "number": "6534132917220
EXT Extension {"type": "Event", "kind": "Extension", "extensionKind": "Flutter.Frame", "isolateGroup": {"type": "@IsolateGroup", "id": "isolateGroups/6534132917220748", "name": "main.dart", "number": "6534132917220
EXT Extension {"type": "Event", "kind": "Extension", "extensionKind": "Flutter.Frame", "isolateGroup": {"type": "@IsolateGroup", "id": "isolateGroups/6534132917220748", "name": "main.dart", "number": "6534132917220
EXT Extension {"type": "Event", "kind": "Extension", "extensionKind": "Flutter.Frame", "isolateGroup": {"type": "@IsolateGroup", "id": "isolateGroups/6534132917220748", "name": "main.dart", "number": "6534132917220
EXT Extension {"type": "Event", "kind": "Extension", "extensionKind": "Flutter.Frame", "isolateGroup": {"type": "@IsolateGroup", "id": "isolateGroups/6534132917220748", "name": "main.dart", "number": "6534132917220
EXT Extension {"type": "Event", "kind": "Extension", "extensionKind": "Flutter.Frame", "isolateGroup": {"type": "@IsolateGroup", "id": "isolateGroups/6534132917220748", "name": "main.dart", "number": "6534132917220
EXT Extension {"type": "Event", "kind": "Extension", "extensionKind": "Flutter.Frame", "isolateGroup": {"type": "@IsolateGroup", "id": "isolateGroups/6534132917220748", "name": "main.dart", "number": "6534132917220
EXT Extension {"type": "Event", "kind": "Extension", "extensionKind": "Flutter.Frame", "isolateGroup": {"type": "@IsolateGroup", "id": "isolateGroups/6534132917220748", "name": "main.dart", "number": "6534132917220
EXT Extension {"type": "Event", "kind": "Extension", "extensionKind": "Flutter.Frame", "isolateGroup": {"type": "@IsolateGroup", "id": "isolateGroups/6534132917220748", "name": "main.dart", "number": "6534132917220
EXT Extension {"type": "Event", "kind": "Extension", "extensionKind": "Flutter.Frame", "isolateGroup": {"type": "@IsolateGroup", "id": "isolateGroups/6534132917220748", "name": "main.dart", "number": "6534132917220
EXT Extension {"type": "Event", "kind": "Extension", "extensionKind": "Flutter.Frame", "isolateGroup": {"type": "@IsolateGroup", "id": "isolateGroups/6534132917220748", "name": "main.dart", "number": "6534132917220
EXT Extension {"type": "Event", "kind": "Extension", "extensionKind": "Flutter.Frame", "isolateGroup": {"type": "@IsolateGroup", "id": "isolateGroups/6534132917220748", "name": "main.dart", "number": "6534132917220
EXT Extension {"type": "Event", "kind": "Extension", "extensionKind": "Flutter.Frame", "isolateGroup": {"type": "@IsolateGroup", "id": "isolateGroups/6534132917220748", "name": "main.dart", "number": "6534132917220
EXT Extension {"type": "Event", "kind": "Extension", "extensionKind": "Flutter.Frame", "isolateGroup": {"type": "@IsolateGroup", "id": "isolateGroups/6534132917220748", "name": "main.dart", "number": "6534132917220
EXT Extension {"type": "Event", "kind": "Extension", "extensionKind": "Flutter.Frame", "isolateGroup": {"type": "@IsolateGroup", "id": "isolateGroups/6534132917220748", "name": "main.dart", "number": "6534132917220
EXT Extension {"type": "Event", "kind": "Extension", "extensionKind": "Flutter.Frame", "isolateGroup": {"type": "@IsolateGroup", "id": "isolateGroups/6534132917220748", "name": "main.dart", "number": "6534132917220
EXT Extension {"type": "Event", "kind": "Extension", "extensionKind": "Flutter.Frame", "isolateGroup": {"type": "@IsolateGroup", "id": "isolateGroups/6534132917220748", "name": "main.dart", "number": "6534132917220
EXT Extension {"type": "Event", "kind": "Extension", "extensionKind": "Flutter.Frame", "isolateGroup": {"type": "@IsolateGroup", "id": "isolateGroups/6534132917220748", "name": "main.dart", "number": "6534132917220
EXT Extension {"type": "Event", "kind": "Extension", "extensionKind": "Flutter.Frame", "isolateGroup": {"type": "@IsolateGroup", "id": "isolateGroups/6534132917220748", "name": "main.dart", "number": "6534132917220
EXT Extension {"type": "Event", "kind": "Extension", "extensionKind": "Flutter.Frame", "isolateGroup": {"type": "@IsolateGroup", "id": "isolateGroups/6534132917220748", "name": "main.dart", "number": "6534132917220
EXT Extension {"type": "Event", "kind": "Extension", "extensionKind": "Flutter.Frame", "isolateGroup": {"type": "@IsolateGroup", "id": "isolateGroups/6534132917220748", "name": "main.dart", "number": "6534132917220
EXT Extension {"type": "Event", "kind": "Extension", "extensionKind": "Flutter.Frame", "isolateGroup": {"type": "@IsolateGroup", "id": "isolateGroups/6534132917220748", "name": "main.dart", "number": "6534132917220
EXT Extension {"type": "Event", "kind": "Extension", "extensionKind": "Flutter.Frame", "isolateGroup": {"type": "@IsolateGroup", "id": "isolateGroups/6534132917220748", "name": "main.dart", "number": "6534132917220
EXT Extension {"type": "Event", "kind": "Extension", "extensionKind": "Flutter.Frame", "isolateGroup": {"type": "@IsolateGroup", "id": "isolateGroups/6534132917220748", "name": "main.dart", "number": "6534132917220
EXT Extension {"type": "Event", "kind": "Extension", "extensionKind": "Flutter.Frame", "isolateGroup": {"type": "@IsolateGroup", "id": "isolateGroups/6534132917220748", "name": "main.dart", "number": "6534132917220
EXT Extension {"type": "Event", "kind": "Extension", "extensionKind": "Flutter.Frame", "isolateGroup": {"type": "@IsolateGroup", "id": "isolateGroups/6534132917220748", "name": "main.dart", "number": "6534132917220
EXT Extension {"type": "Event", "kind": "Extension", "extensionKind": "Flutter.Frame", "isolateGroup": {"type": "@IsolateGroup", "id": "isolateGroups/6534132917220748", "name": "main.dart", "number": "6534132917220
EXT Extension {"type": "Event", "kind": "Extension", "extensionKind": "Flutter.Frame", "isolateGroup": {"type": "@IsolateGroup", "id": "isolateGroups/6534132917220748", "name": "main.dart", "number": "6534132917220
EXT Extension {"type": "Event", "kind": "Extension", "extensionKind": "Flutter.Frame", "isolateGroup": {"type": "@IsolateGroup", "id": "isolateGroups/6534132917220748", "name": "main.dart", "number": "6534132917220
EXT Extension {"type": "Event", "kind": "Extension", "extensionKind": "Flutter.Frame", "isolateGroup": {"type": "@IsolateGroup", "id": "isolateGroups/6534132917220748", "name": "main.dart", "number": "6534132917220
EXT Extension {"type": "Event", "kind": "Extension", "extensionKind": "Flutter.Frame", "isolateGroup": {"type": "@IsolateGroup", "id": "isolateGroups/6534132917220748", "name": "main.dart", "number": "6534132917220
EXT Extension {"type": "Event", "kind": "Extension", "extensionKind": "Flutter.Frame", "isolateGroup": {"type": "@IsolateGroup", "id": "isolateGroups/6534132917220748", "name": "main.dart", "number": "6534132917220
EXT Extension {"type": "Event", "kind": "Extension", "extensionKind": "Flutter.Frame", "isolateGroup": {"type": "@IsolateGroup", "id": "isolateGroups/6534132917220748", "name": "main.dart", "number": "6534132917220
EXT Extension {"type": "Event", "kind": "Extension", "extensionKind": "Flutter.Frame", "isolateGroup": {"type": "@IsolateGroup", "id": "isolateGroups/6534132917220748", "name": "main.dart", "number": "6534132917220
EXT Extension {"type": "Event", "kind": "Extension", "extensionKind": "Flutter.Frame", "isolateGroup": {"type": "@IsolateGroup", "id": "isolateGroups/6534132917220748", "name": "main.dart", "number": "6534132917220
EXT Extension {"type": "Event", "kind": "Extension", "extensionKind": "Flutter.Frame", "isolateGroup": {"type": "@IsolateGroup", "id": "isolateGroups/6534132917220748", "name": "main.dart", "number": "6534132917220
EXT Extension {"type": "Event", "kind": "Extension", "extensionKind": "Flutter.Frame", "isolateGroup": {"type": "@IsolateGroup", "id": "isolateGroups/6534132917220748", "name": "main.dart", "number": "6534132917220
EXT Extension {"type": "Event", "kind": "Extension", "extensionKind": "Flutter.Frame", "isolateGroup": {"type": "@IsolateGroup", "id": "isolateGroups/6534132917220748", "name": "main.dart", "number": "6534132917220
EXT Extension {"type": "Event", "kind": "Extension", "extensionKind": "Flutter.Frame", "isolateGroup": {"type": "@IsolateGroup", "id": "isolateGroups/6534132917220748", "name": "main.dart", "number": "6534132917220
EXT Extension {"type": "Event", "kind": "Extension", "extensionKind": "Flutter.Frame", "isolateGroup": {"type": "@IsolateGroup", "id": "isolateGroups/6534132917220748", "name": "main.dart", "number": "6534132917220
EXT Extension {"type": "Event", "kind": "Extension", "extensionKind": "Flutter.Frame", "isolateGroup": {"type": "@IsolateGroup", "id": "isolateGroups/6534132917220748", "name": "main.dart", "number": "6534132917220
EXT Extension {"type": "Event", "kind": "Extension", "extensionKind": "Flutter.Frame", "isolateGroup": {"type": "@IsolateGroup", "id": "isolateGroups/6534132917220748", "name": "main.dart", "number": "6534132917220
EXT Extension {"type": "Event", "kind": "Extension", "extensionKind": "Flutter.Frame", "isolateGroup": {"type": "@IsolateGroup", "id": "isolateGroups/6534132917220748", "name": "main.dart", "number": "6534132917220
EXT Extension {"type": "Event", "kind": "Extension", "extensionKind": "Flutter.Frame", "isolateGroup": {"type": "@IsolateGroup", "id": "isolateGroups/6534132917220748", "name": "main.dart", "number": "6534132917220
EXT Extension {"type": "Event", "kind": "Extension", "extensionKind": "Flutter.Frame", "isolateGroup": {"type": "@IsolateGroup", "id": "isolateGroups/6534132917220748", "name": "main.dart", "number": "6534132917220
EXT Extension {"type": "Event", "kind": "Extension", "extensionKind": "Flutter.Frame", "isolateGroup": {"type": "@IsolateGroup", "id": "isolateGroups/6534132917220748", "name": "main.dart", "number": "6534132917220
EXT Extension {"type": "Event", "kind": "Extension", "extensionKind": "Flutter.Frame", "isolateGroup": {"type": "@IsolateGroup", "id": "isolateGroups/6534132917220748", "name": "main.dart", "number": "6534132917220
EXT Extension {"type": "Event", "kind": "Extension", "extensionKind": "Flutter.Frame", "isolateGroup": {"type": "@IsolateGroup", "id": "isolateGroups/6534132917220748", "name": "main.dart", "number": "6534132917220
EXT Extension {"type": "Event", "kind": "Extension", "extensionKind": "Flutter.Frame", "isolateGroup": {"type": "@IsolateGroup", "id": "isolateGroups/6534132917220748", "name": "main.dart", "number": "6534132917220
EXT Extension {"type": "Event", "kind": "Extension", "extensionKind": "Flutter.Frame", "isolateGroup": {"type": "@IsolateGroup", "id": "isolateGroups/6534132917220748", "name": "main.dart", "number": "6534132917220
EXT Extension {"type": "Event", "kind": "Extension", "extensionKind": "Flutter.Frame", "isolateGroup": {"type": "@IsolateGroup", "id": "isolateGroups/6534132917220748", "name": "main.dart", "number": "6534132917220
EXT Extension {"type": "Event", "kind": "Extension", "extensionKind": "Flutter.Frame", "isolateGroup": {"type": "@IsolateGroup", "id": "isolateGroups/6534132917220748", "name": "main.dart", "number": "6534132917220
EXT Extension {"type": "Event", "kind": "Extension", "extensionKind": "Flutter.Frame", "isolateGroup": {"type": "@IsolateGroup", "id": "isolateGroups/6534132917220748", "name": "main.dart", "number": "6534132917220
EXT Extension {"type": "Event", "kind": "Extension", "extensionKind": "Flutter.Frame", "isolateGroup": {"type": "@IsolateGroup", "id": "isolateGroups/6534132917220748", "name": "main.dart", "number": "6534132917220
EXT Extension {"type": "Event", "kind": "Extension", "extensionKind": "Flutter.Frame", "isolateGroup": {"type": "@IsolateGroup", "id": "isolateGroups/6534132917220748", "name": "main.dart", "number": "6534132917220
EXT Extension {"type": "Event", "kind": "Extension", "extensionKind": "Flutter.Frame", "isolateGroup": {"type": "@IsolateGroup", "id": "isolateGroups/6534132917220748", "name": "main.dart", "number": "6534132917220
EXT Extension {"type": "Event", "kind": "Extension", "extensionKind": "Flutter.Frame", "isolateGroup": {"type": "@IsolateGroup", "id": "isolateGroups/6534132917220748", "name": "main.dart", "number": "6534132917220
EXT Extension {"type": "Event", "kind": "Extension", "extensionKind": "Flutter.Frame", "isolateGroup": {"type": "@IsolateGroup", "id": "isolateGroups/6534132917220748", "name": "main.dart", "number": "6534132917220
EXT Extension {"type": "Event", "kind": "Extension", "extensionKind": "Flutter.Frame", "isolateGroup": {"type": "@IsolateGroup", "id": "isolateGroups/6534132917220748", "name": "main.dart", "number": "6534132917220
EXT Extension {"type": "Event", "kind": "Extension", "extensionKind": "Flutter.Frame", "isolateGroup": {"type": "@IsolateGroup", "id": "isolateGroups/6534132917220748", "name": "main.dart", "number": "6534132917220
EXT Extension {"type": "Event", "kind": "Extension", "extensionKind": "Flutter.Frame", "isolateGroup": {"type": "@IsolateGroup", "id": "isolateGroups/6534132917220748", "name": "main.dart", "number": "6534132917220
EXT Extension {"type": "Event", "kind": "Extension", "extensionKind": "Flutter.Frame", "isolateGroup": {"type": "@IsolateGroup", "id": "isolateGroups/6534132917220748", "name": "main.dart", "number": "6534132917220
EXT Extension {"type": "Event", "kind": "Extension", "extensionKind": "Flutter.Frame", "isolateGroup": {"type": "@IsolateGroup", "id": "isolateGroups/6534132917220748", "name": "main.dart", "number": "6534132917220
EXT Extension {"type": "Event", "kind": "Extension", "extensionKind": "Flutter.Frame", "isolateGroup": {"type": "@IsolateGroup", "id": "isolateGroups/6534132917220748", "name": "main.dart", "number": "6534132917220
EXT Extension {"type": "Event", "kind": "Extension", "extensionKind": "Flutter.Frame", "isolateGroup": {"type": "@IsolateGroup", "id": "isolateGroups/6534132917220748", "name": "main.dart", "number": "6534132917220
EXT Extension {"type": "Event", "kind": "Extension", "extensionKind": "Flutter.Frame", "isolateGroup": {"type": "@IsolateGroup", "id": "isolateGroups/6534132917220748", "name": "main.dart", "number": "6534132917220
EXT Extension {"type": "Event", "kind": "Extension", "extensionKind": "Flutter.Frame", "isolateGroup": {"type": "@IsolateGroup", "id": "isolateGroups/6534132917220748", "name": "main.dart", "number": "6534132917220
EXT Extension {"type": "Event", "kind": "Extension", "extensionKind": "Flutter.Frame", "isolateGroup": {"type": "@IsolateGroup", "id": "isolateGroups/6534132917220748", "name": "main.dart", "number": "6534132917220
EXT Extension {"type": "Event", "kind": "Extension", "extensionKind": "Flutter.Frame", "isolateGroup": {"type": "@IsolateGroup", "id": "isolateGroups/6534132917220748", "name": "main.dart", "number": "6534132917220
EXT Extension {"type": "Event", "kind": "Extension", "extensionKind": "Flutter.Frame", "isolateGroup": {"type": "@IsolateGroup", "id": "isolateGroups/6534132917220748", "name": "main.dart", "number": "6534132917220
EXT Extension {"type": "Event", "kind": "Extension", "extensionKind": "Flutter.Frame", "isolateGroup": {"type": "@IsolateGroup", "id": "isolateGroups/6534132917220748", "name": "main.dart", "number": "6534132917220
EXT Extension {"type": "Event", "kind": "Extension", "extensionKind": "Flutter.Frame", "isolateGroup": {"type": "@IsolateGroup", "id": "isolateGroups/6534132917220748", "name": "main.dart", "number": "6534132917220
EXT Extension {"type": "Event", "kind": "Extension", "extensionKind": "Flutter.Frame", "isolateGroup": {"type": "@IsolateGroup", "id": "isolateGroups/6534132917220748", "name": "main.dart", "number": "6534132917220
EXT Extension {"type": "Event", "kind": "Extension", "extensionKind": "Flutter.Frame", "isolateGroup": {"type": "@IsolateGroup", "id": "isolateGroups/6534132917220748", "name": "main.dart", "number": "6534132917220
EXT Extension {"type": "Event", "kind": "Extension", "extensionKind": "Flutter.Frame", "isolateGroup": {"type": "@IsolateGroup", "id": "isolateGroups/6534132917220748", "name": "main.dart", "number": "6534132917220
EXT Extension {"type": "Event", "kind": "Extension", "extensionKind": "Flutter.Frame", "isolateGroup": {"type": "@IsolateGroup", "id": "isolateGroups/6534132917220748", "name": "main.dart", "number": "6534132917220
EXT Extension {"type": "Event", "kind": "Extension", "extensionKind": "Flutter.Frame", "isolateGroup": {"type": "@IsolateGroup", "id": "isolateGroups/6534132917220748", "name": "main.dart", "number": "6534132917220
EXT Extension {"type": "Event", "kind": "Extension", "extensionKind": "Flutter.Frame", "isolateGroup": {"type": "@IsolateGroup", "id": "isolateGroups/6534132917220748", "name": "main.dart", "number": "6534132917220
EXT Extension {"type": "Event", "kind": "Extension", "extensionKind": "Flutter.Frame", "isolateGroup": {"type": "@IsolateGroup", "id": "isolateGroups/6534132917220748", "name": "main.dart", "number": "6534132917220
EXT Extension {"type": "Event", "kind": "Extension", "extensionKind": "Flutter.Frame", "isolateGroup": {"type": "@IsolateGroup", "id": "isolateGroups/6534132917220748", "name": "main.dart", "number": "6534132917220
EXT Extension {"type": "Event", "kind": "Extension", "extensionKind": "Flutter.Frame", "isolateGroup": {"type": "@IsolateGroup", "id": "isolateGroups/6534132917220748", "name": "main.dart", "number": "6534132917220
EXT Extension {"type": "Event", "kind": "Extension", "extensionKind": "Flutter.Frame", "isolateGroup": {"type": "@IsolateGroup", "id": "isolateGroups/6534132917220748", "name": "main.dart", "number": "6534132917220
EXT Extension {"type": "Event", "kind": "Extension", "extensionKind": "Flutter.Frame", "isolateGroup": {"type": "@IsolateGroup", "id": "isolateGroups/6534132917220748", "name": "main.dart", "number": "6534132917220
EXT Extension {"type": "Event", "kind": "Extension", "extensionKind": "Flutter.Frame", "isolateGroup": {"type": "@IsolateGroup", "id": "isolateGroups/6534132917220748", "name": "main.dart", "number": "6534132917220
EXT Extension {"type": "Event", "kind": "Extension", "extensionKind": "Flutter.Frame", "isolateGroup": {"type": "@IsolateGroup", "id": "isolateGroups/6534132917220748", "name": "main.dart", "number": "6534132917220
EXT Extension {"type": "Event", "kind": "Extension", "extensionKind": "Flutter.Frame", "isolateGroup": {"type": "@IsolateGroup", "id": "isolateGroups/6534132917220748", "name": "main.dart", "number": "6534132917220
EXT Extension {"type": "Event", "kind": "Extension", "extensionKind": "Flutter.Frame", "isolateGroup": {"type": "@IsolateGroup", "id": "isolateGroups/6534132917220748", "name": "main.dart", "number": "6534132917220
EXT Extension {"type": "Event", "kind": "Extension", "extensionKind": "Flutter.Frame", "isolateGroup": {"type": "@IsolateGroup", "id": "isolateGroups/6534132917220748", "name": "main.dart", "number": "6534132917220
EXT Extension {"type": "Event", "kind": "Extension", "extensionKind": "Flutter.Frame", "isolateGroup": {"type": "@IsolateGroup", "id": "isolateGroups/6534132917220748", "name": "main.dart", "number": "6534132917220
EXT Extension {"type": "Event", "kind": "Extension", "extensionKind": "Flutter.Frame", "isolateGroup": {"type": "@IsolateGroup", "id": "isolateGroups/6534132917220748", "name": "main.dart", "number": "6534132917220
EXT Extension {"type": "Event", "kind": "Extension", "extensionKind": "Flutter.Frame", "isolateGroup": {"type": "@IsolateGroup", "id": "isolateGroups/6534132917220748", "name": "main.dart", "number": "6534132917220
EXT Extension {"type": "Event", "kind": "Extension", "extensionKind": "Flutter.Frame", "isolateGroup": {"type": "@IsolateGroup", "id": "isolateGroups/6534132917220748", "name": "main.dart", "number": "6534132917220
EXT Extension {"type": "Event", "kind": "Extension", "extensionKind": "Flutter.Frame", "isolateGroup": {"type": "@IsolateGroup", "id": "isolateGroups/6534132917220748", "name": "main.dart", "number": "6534132917220
EXT Extension {"type": "Event", "kind": "Extension", "extensionKind": "Flutter.Frame", "isolateGroup": {"type": "@IsolateGroup", "id": "isolateGroups/6534132917220748", "name": "main.dart", "number": "6534132917220
EXT Extension {"type": "Event", "kind": "Extension", "extensionKind": "Flutter.Frame", "isolateGroup": {"type": "@IsolateGroup", "id": "isolateGroups/6534132917220748", "name": "main.dart", "number": "6534132917220
EXT Extension {"type": "Event", "kind": "Extension", "extensionKind": "Flutter.Frame", "isolateGroup": {"type": "@IsolateGroup", "id": "isolateGroups/6534132917220748", "name": "main.dart", "number": "6534132917220
EXT Extension {"type": "Event", "kind": "Extension", "extensionKind": "Flutter.Frame", "isolateGroup": {"type": "@IsolateGroup", "id": "isolateGroups/6534132917220748", "name": "main.dart", "number": "6534132917220
EXT Extension {"type": "Event", "kind": "Extension", "extensionKind": "Flutter.Frame", "isolateGroup": {"type": "@IsolateGroup", "id": "isolateGroups/6534132917220748", "name": "main.dart", "number": "6534132917220
EXT Extension {"type": "Event", "kind": "Extension", "extensionKind": "Flutter.Frame", "isolateGroup": {"type": "@IsolateGroup", "id": "isolateGroups/6534132917220748", "name": "main.dart", "number": "6534132917220
EXT Extension {"type": "Event", "kind": "Extension", "extensionKind": "Flutter.Frame", "isolateGroup": {"type": "@IsolateGroup", "id": "isolateGroups/6534132917220748", "name": "main.dart", "number": "6534132917220
EXT Extension {"type": "Event", "kind": "Extension", "extensionKind": "Flutter.Frame", "isolateGroup": {"type": "@IsolateGroup", "id": "isolateGroups/6534132917220748", "name": "main.dart", "number": "6534132917220
EXT Extension {"type": "Event", "kind": "Extension", "extensionKind": "Flutter.Navigation", "isolateGroup": {"type": "@IsolateGroup", "id": "isolateGroups/6534132917220748", "name": "main.dart", "number": "65341329
EXT Extension {"type": "Event", "kind": "Extension", "extensionKind": "Flutter.Frame", "isolateGroup": {"type": "@IsolateGroup", "id": "isolateGroups/6534132917220748", "name": "main.dart", "number": "6534132917220
EXT Extension {"type": "Event", "kind": "Extension", "extensionKind": "Flutter.Frame", "isolateGroup": {"type": "@IsolateGroup", "id": "isolateGroups/6534132917220748", "name": "main.dart", "number": "6534132917220
EXT Extension {"type": "Event", "kind": "Extension", "extensionKind": "Flutter.Frame", "isolateGroup": {"type": "@IsolateGroup", "id": "isolateGroups/6534132917220748", "name": "main.dart", "number": "6534132917220
EXT Extension {"type": "Event", "kind": "Extension", "extensionKind": "Flutter.Frame", "isolateGroup": {"type": "@IsolateGroup", "id": "isolateGroups/6534132917220748", "name": "main.dart", "number": "6534132917220
EXT Extension {"type": "Event", "kind": "Extension", "extensionKind": "Flutter.Frame", "isolateGroup": {"type": "@IsolateGroup", "id": "isolateGroups/6534132917220748", "name": "main.dart", "number": "6534132917220
EXT Extension {"type": "Event", "kind": "Extension", "extensionKind": "Flutter.Frame", "isolateGroup": {"type": "@IsolateGroup", "id": "isolateGroups/6534132917220748", "name": "main.dart", "number": "6534132917220
EXT Extension {"type": "Event", "kind": "Extension", "extensionKind": "Flutter.Frame", "isolateGroup": {"type": "@IsolateGroup", "id": "isolateGroups/6534132917220748", "name": "main.dart", "number": "6534132917220
EXT Extension {"type": "Event", "kind": "Extension", "extensionKind": "Flutter.Frame", "isolateGroup": {"type": "@IsolateGroup", "id": "isolateGroups/6534132917220748", "name": "main.dart", "number": "6534132917220
EXT Extension {"type": "Event", "kind": "Extension", "extensionKind": "Flutter.Frame", "isolateGroup": {"type": "@IsolateGroup", "id": "isolateGroups/6534132917220748", "name": "main.dart", "number": "6534132917220
EXT Extension {"type": "Event", "kind": "Extension", "extensionKind": "Flutter.Frame", "isolateGroup": {"type": "@IsolateGroup", "id": "isolateGroups/6534132917220748", "name": "main.dart", "number": "6534132917220
EXT Extension {"type": "Event", "kind": "Extension", "extensionKind": "Flutter.Frame", "isolateGroup": {"type": "@IsolateGroup", "id": "isolateGroups/6534132917220748", "name": "main.dart", "number": "6534132917220
EXT Extension {"type": "Event", "kind": "Extension", "extensionKind": "Flutter.Frame", "isolateGroup": {"type": "@IsolateGroup", "id": "isolateGroups/6534132917220748", "name": "main.dart", "number": "6534132917220
EXT Extension {"type": "Event", "kind": "Extension", "extensionKind": "Flutter.Frame", "isolateGroup": {"type": "@IsolateGroup", "id": "isolateGroups/6534132917220748", "name": "main.dart", "number": "6534132917220
EXT Extension {"type": "Event", "kind": "Extension", "extensionKind": "Flutter.Frame", "isolateGroup": {"type": "@IsolateGroup", "id": "isolateGroups/6534132917220748", "name": "main.dart", "number": "6534132917220
EXT Extension {"type": "Event", "kind": "Extension", "extensionKind": "Flutter.Frame", "isolateGroup": {"type": "@IsolateGroup", "id": "isolateGroups/6534132917220748", "name": "main.dart", "number": "6534132917220
EXT Extension {"type": "Event", "kind": "Extension", "extensionKind": "Flutter.Frame", "isolateGroup": {"type": "@IsolateGroup", "id": "isolateGroups/6534132917220748", "name": "main.dart", "number": "6534132917220
EXT Extension {"type": "Event", "kind": "Extension", "extensionKind": "Flutter.Frame", "isolateGroup": {"type": "@IsolateGroup", "id": "isolateGroups/6534132917220748", "name": "main.dart", "number": "6534132917220
EXT Extension {"type": "Event", "kind": "Extension", "extensionKind": "Flutter.Frame", "isolateGroup": {"type": "@IsolateGroup", "id": "isolateGroups/6534132917220748", "name": "main.dart", "number": "6534132917220
EXT Extension {"type": "Event", "kind": "Extension", "extensionKind": "Flutter.Frame", "isolateGroup": {"type": "@IsolateGroup", "id": "isolateGroups/6534132917220748", "name": "main.dart", "number": "6534132917220
EXT Extension {"type": "Event", "kind": "Extension", "extensionKind": "Flutter.Frame", "isolateGroup": {"type": "@IsolateGroup", "id": "isolateGroups/6534132917220748", "name": "main.dart", "number": "6534132917220
EXT Extension {"type": "Event", "kind": "Extension", "extensionKind": "Flutter.Frame", "isolateGroup": {"type": "@IsolateGroup", "id": "isolateGroups/6534132917220748", "name": "main.dart", "number": "6534132917220
EXT Extension {"type": "Event", "kind": "Extension", "extensionKind": "Flutter.Frame", "isolateGroup": {"type": "@IsolateGroup", "id": "isolateGroups/6534132917220748", "name": "main.dart", "number": "6534132917220
EXT Extension {"type": "Event", "kind": "Extension", "extensionKind": "Flutter.Frame", "isolateGroup": {"type": "@IsolateGroup", "id": "isolateGroups/6534132917220748", "name": "main.dart", "number": "6534132917220
EXT Extension {"type": "Event", "kind": "Extension", "extensionKind": "Flutter.Frame", "isolateGroup": {"type": "@IsolateGroup", "id": "isolateGroups/6534132917220748", "name": "main.dart", "number": "6534132917220
EXT Extension {"type": "Event", "kind": "Extension", "extensionKind": "Flutter.Frame", "isolateGroup": {"type": "@IsolateGroup", "id": "isolateGroups/6534132917220748", "name": "main.dart", "number": "6534132917220
EXT Extension {"type": "Event", "kind": "Extension", "extensionKind": "Flutter.Frame", "isolateGroup": {"type": "@IsolateGroup", "id": "isolateGroups/6534132917220748", "name": "main.dart", "number": "6534132917220
EXT Extension {"type": "Event", "kind": "Extension", "extensionKind": "Flutter.Frame", "isolateGroup": {"type": "@IsolateGroup", "id": "isolateGroups/6534132917220748", "name": "main.dart", "number": "6534132917220
EXT Extension {"type": "Event", "kind": "Extension", "extensionKind": "Flutter.Frame", "isolateGroup": {"type": "@IsolateGroup", "id": "isolateGroups/6534132917220748", "name": "main.dart", "number": "6534132917220
EXT Extension {"type": "Event", "kind": "Extension", "extensionKind": "Flutter.Frame", "isolateGroup": {"type": "@IsolateGroup", "id": "isolateGroups/6534132917220748", "name": "main.dart", "number": "6534132917220
EXT Extension {"type": "Event", "kind": "Extension", "extensionKind": "Flutter.Frame", "isolateGroup": {"type": "@IsolateGroup", "id": "isolateGroups/6534132917220748", "name": "main.dart", "number": "6534132917220
EXT Extension {"type": "Event", "kind": "Extension", "extensionKind": "Flutter.Frame", "isolateGroup": {"type": "@IsolateGroup", "id": "isolateGroups/6534132917220748", "name": "main.dart", "number": "6534132917220
EXT Extension {"type": "Event", "kind": "Extension", "extensionKind": "Flutter.Frame", "isolateGroup": {"type": "@IsolateGroup", "id": "isolateGroups/6534132917220748", "name": "main.dart", "number": "6534132917220
EXT Extension {"type": "Event", "kind": "Extension", "extensionKind": "Flutter.Frame", "isolateGroup": {"type": "@IsolateGroup", "id": "isolateGroups/6534132917220748", "name": "main.dart", "number": "6534132917220
EXT Extension {"type": "Event", "kind": "Extension", "extensionKind": "Flutter.Frame", "isolateGroup": {"type": "@IsolateGroup", "id": "isolateGroups/6534132917220748", "name": "main.dart", "number": "6534132917220
EXT Extension {"type": "Event", "kind": "Extension", "extensionKind": "Flutter.Frame", "isolateGroup": {"type": "@IsolateGroup", "id": "isolateGroups/6534132917220748", "name": "main.dart", "number": "6534132917220
EXT Extension {"type": "Event", "kind": "Extension", "extensionKind": "Flutter.Frame", "isolateGroup": {"type": "@IsolateGroup", "id": "isolateGroups/6534132917220748", "name": "main.dart", "number": "6534132917220
EXT Extension {"type": "Event", "kind": "Extension", "extensionKind": "Flutter.ImageSizesForFrame", "isolateGroup": {"type": "@IsolateGroup", "id": "isolateGroups/6534132917220748", "name": "main.dart", "number": "
EXT Extension {"type": "Event", "kind": "Extension", "extensionKind": "Flutter.Frame", "isolateGroup": {"type": "@IsolateGroup", "id": "isolateGroups/6534132917220748", "name": "main.dart", "number": "6534132917220
EXT Extension {"type": "Event", "kind": "Extension", "extensionKind": "Flutter.Frame", "isolateGroup": {"type": "@IsolateGroup", "id": "isolateGroups/6534132917220748", "name": "main.dart", "number": "6534132917220
EXT Extension {"type": "Event", "kind": "Extension", "extensionKind": "Flutter.Frame", "isolateGroup": {"type": "@IsolateGroup", "id": "isolateGroups/6534132917220748", "name": "main.dart", "number": "6534132917220
EXT Extension {"type": "Event", "kind": "Extension", "extensionKind": "Flutter.Frame", "isolateGroup": {"type": "@IsolateGroup", "id": "isolateGroups/6534132917220748", "name": "main.dart", "number": "6534132917220
EXT Extension {"type": "Event", "kind": "Extension", "extensionKind": "Flutter.Frame", "isolateGroup": {"type": "@IsolateGroup", "id": "isolateGroups/6534132917220748", "name": "main.dart", "number": "6534132917220
EXT Extension {"type": "Event", "kind": "Extension", "extensionKind": "Flutter.Frame", "isolateGroup": {"type": "@IsolateGroup", "id": "isolateGroups/6534132917220748", "name": "main.dart", "number": "6534132917220
EXT Extension {"type": "Event", "kind": "Extension", "extensionKind": "Flutter.Frame", "isolateGroup": {"type": "@IsolateGroup", "id": "isolateGroups/6534132917220748", "name": "main.dart", "number": "6534132917220
EXT Extension {"type": "Event", "kind": "Extension", "extensionKind": "Flutter.Frame", "isolateGroup": {"type": "@IsolateGroup", "id": "isolateGroups/6534132917220748", "name": "main.dart", "number": "6534132917220
EXT Extension {"type": "Event", "kind": "Extension", "extensionKind": "Flutter.Frame", "isolateGroup": {"type": "@IsolateGroup", "id": "isolateGroups/6534132917220748", "name": "main.dart", "number": "6534132917220
EXT Extension {"type": "Event", "kind": "Extension", "extensionKind": "Flutter.Frame", "isolateGroup": {"type": "@IsolateGroup", "id": "isolateGroups/6534132917220748", "name": "main.dart", "number": "6534132917220
EXT Extension {"type": "Event", "kind": "Extension", "extensionKind": "Flutter.Frame", "isolateGroup": {"type": "@IsolateGroup", "id": "isolateGroups/6534132917220748", "name": "main.dart", "number": "6534132917220
EXT Extension {"type": "Event", "kind": "Extension", "extensionKind": "Flutter.Frame", "isolateGroup": {"type": "@IsolateGroup", "id": "isolateGroups/6534132917220748", "name": "main.dart", "number": "6534132917220
EXT Extension {"type": "Event", "kind": "Extension", "extensionKind": "Flutter.Frame", "isolateGroup": {"type": "@IsolateGroup", "id": "isolateGroups/6534132917220748", "name": "main.dart", "number": "6534132917220
EXT Extension {"type": "Event", "kind": "Extension", "extensionKind": "Flutter.Frame", "isolateGroup": {"type": "@IsolateGroup", "id": "isolateGroups/6534132917220748", "name": "main.dart", "number": "6534132917220
EXT Extension {"type": "Event", "kind": "Extension", "extensionKind": "Flutter.Frame", "isolateGroup": {"type": "@IsolateGroup", "id": "isolateGroups/6534132917220748", "name": "main.dart", "number": "6534132917220
EXT Extension {"type": "Event", "kind": "Extension", "extensionKind": "Flutter.Frame", "isolateGroup": {"type": "@IsolateGroup", "id": "isolateGroups/6534132917220748", "name": "main.dart", "number": "6534132917220
EXT Extension {"type": "Event", "kind": "Extension", "extensionKind": "Flutter.Frame", "isolateGroup": {"type": "@IsolateGroup", "id": "isolateGroups/6534132917220748", "name": "main.dart", "number": "6534132917220
EXT Extension {"type": "Event", "kind": "Extension", "extensionKind": "Flutter.Frame", "isolateGroup": {"type": "@IsolateGroup", "id": "isolateGroups/6534132917220748", "name": "main.dart", "number": "6534132917220
EXT Extension {"type": "Event", "kind": "Extension", "extensionKind": "Flutter.Frame", "isolateGroup": {"type": "@IsolateGroup", "id": "isolateGroups/6534132917220748", "name": "main.dart", "number": "6534132917220
EXT Extension {"type": "Event", "kind": "Extension", "extensionKind": "Flutter.Frame", "isolateGroup": {"type": "@IsolateGroup", "id": "isolateGroups/6534132917220748", "name": "main.dart", "number": "6534132917220
EXT Extension {"type": "Event", "kind": "Extension", "extensionKind": "Flutter.Frame", "isolateGroup": {"type": "@IsolateGroup", "id": "isolateGroups/6534132917220748", "name": "main.dart", "number": "6534132917220
EXT Extension {"type": "Event", "kind": "Extension", "extensionKind": "Flutter.Frame", "isolateGroup": {"type": "@IsolateGroup", "id": "isolateGroups/6534132917220748", "name": "main.dart", "number": "6534132917220
EXT Extension {"type": "Event", "kind": "Extension", "extensionKind": "Flutter.Frame", "isolateGroup": {"type": "@IsolateGroup", "id": "isolateGroups/6534132917220748", "name": "main.dart", "number": "6534132917220
EXT Extension {"type": "Event", "kind": "Extension", "extensionKind": "Flutter.Frame", "isolateGroup": {"type": "@IsolateGroup", "id": "isolateGroups/6534132917220748", "name": "main.dart", "number": "6534132917220
EXT Extension {"type": "Event", "kind": "Extension", "extensionKind": "Flutter.Frame", "isolateGroup": {"type": "@IsolateGroup", "id": "isolateGroups/6534132917220748", "name": "main.dart", "number": "6534132917220
EXT Extension {"type": "Event", "kind": "Extension", "extensionKind": "Flutter.Frame", "isolateGroup": {"type": "@IsolateGroup", "id": "isolateGroups/6534132917220748", "name": "main.dart", "number": "6534132917220
EXT Extension {"type": "Event", "kind": "Extension", "extensionKind": "Flutter.Frame", "isolateGroup": {"type": "@IsolateGroup", "id": "isolateGroups/6534132917220748", "name": "main.dart", "number": "6534132917220
EXT Extension {"type": "Event", "kind": "Extension", "extensionKind": "Flutter.Frame", "isolateGroup": {"type": "@IsolateGroup", "id": "isolateGroups/6534132917220748", "name": "main.dart", "number": "6534132917220
EXT Extension {"type": "Event", "kind": "Extension", "extensionKind": "Flutter.Frame", "isolateGroup": {"type": "@IsolateGroup", "id": "isolateGroups/6534132917220748", "name": "main.dart", "number": "6534132917220
EXT Extension {"type": "Event", "kind": "Extension", "extensionKind": "Flutter.Frame", "isolateGroup": {"type": "@IsolateGroup", "id": "isolateGroups/6534132917220748", "name": "main.dart", "number": "6534132917220
EXT Extension {"type": "Event", "kind": "Extension", "extensionKind": "Flutter.Frame", "isolateGroup": {"type": "@IsolateGroup", "id": "isolateGroups/6534132917220748", "name": "main.dart", "number": "6534132917220
EXT Extension {"type": "Event", "kind": "Extension", "extensionKind": "Flutter.Frame", "isolateGroup": {"type": "@IsolateGroup", "id": "isolateGroups/6534132917220748", "name": "main.dart", "number": "6534132917220
EXT Extension {"type": "Event", "kind": "Extension", "extensionKind": "Flutter.Frame", "isolateGroup": {"type": "@IsolateGroup", "id": "isolateGroups/6534132917220748", "name": "main.dart", "number": "6534132917220
EXT Extension {"type": "Event", "kind": "Extension", "extensionKind": "Flutter.Frame", "isolateGroup": {"type": "@IsolateGroup", "id": "isolateGroups/6534132917220748", "name": "main.dart", "number": "6534132917220
EXT Extension {"type": "Event", "kind": "Extension", "extensionKind": "Flutter.Frame", "isolateGroup": {"type": "@IsolateGroup", "id": "isolateGroups/6534132917220748", "name": "main.dart", "number": "6534132917220
EXT Extension {"type": "Event", "kind": "Extension", "extensionKind": "Flutter.Frame", "isolateGroup": {"type": "@IsolateGroup", "id": "isolateGroups/6534132917220748", "name": "main.dart", "number": "6534132917220
EXT Extension {"type": "Event", "kind": "Extension", "extensionKind": "Flutter.Frame", "isolateGroup": {"type": "@IsolateGroup", "id": "isolateGroups/6534132917220748", "name": "main.dart", "number": "6534132917220
EXT Extension {"type": "Event", "kind": "Extension", "extensionKind": "Flutter.Frame", "isolateGroup": {"type": "@IsolateGroup", "id": "isolateGroups/6534132917220748", "name": "main.dart", "number": "6534132917220
EXT Extension {"type": "Event", "kind": "Extension", "extensionKind": "Flutter.Frame", "isolateGroup": {"type": "@IsolateGroup", "id": "isolateGroups/6534132917220748", "name": "main.dart", "number": "6534132917220
EXT Extension {"type": "Event", "kind": "Extension", "extensionKind": "Flutter.Frame", "isolateGroup": {"type": "@IsolateGroup", "id": "isolateGroups/6534132917220748", "name": "main.dart", "number": "6534132917220
EXT Extension {"type": "Event", "kind": "Extension", "extensionKind": "Flutter.Frame", "isolateGroup": {"type": "@IsolateGroup", "id": "isolateGroups/6534132917220748", "name": "main.dart", "number": "6534132917220
EXT Extension {"type": "Event", "kind": "Extension", "extensionKind": "Flutter.Frame", "isolateGroup": {"type": "@IsolateGroup", "id": "isolateGroups/6534132917220748", "name": "main.dart", "number": "6534132917220
EXT Extension {"type": "Event", "kind": "Extension", "extensionKind": "Flutter.Frame", "isolateGroup": {"type": "@IsolateGroup", "id": "isolateGroups/6534132917220748", "name": "main.dart", "number": "6534132917220
EXT Extension {"type": "Event", "kind": "Extension", "extensionKind": "Flutter.Frame", "isolateGroup": {"type": "@IsolateGroup", "id": "isolateGroups/6534132917220748", "name": "main.dart", "number": "6534132917220
EXT Extension {"type": "Event", "kind": "Extension", "extensionKind": "Flutter.Frame", "isolateGroup": {"type": "@IsolateGroup", "id": "isolateGroups/6534132917220748", "name": "main.dart", "number": "6534132917220
EXT Extension {"type": "Event", "kind": "Extension", "extensionKind": "Flutter.Frame", "isolateGroup": {"type": "@IsolateGroup", "id": "isolateGroups/6534132917220748", "name": "main.dart", "number": "6534132917220
EXT Extension {"type": "Event", "kind": "Extension", "extensionKind": "Flutter.Frame", "isolateGroup": {"type": "@IsolateGroup", "id": "isolateGroups/6534132917220748", "name": "main.dart", "number": "6534132917220
EXT Extension {"type": "Event", "kind": "Extension", "extensionKind": "Flutter.Frame", "isolateGroup": {"type": "@IsolateGroup", "id": "isolateGroups/6534132917220748", "name": "main.dart", "number": "6534132917220
EXT Extension {"type": "Event", "kind": "Extension", "extensionKind": "Flutter.Frame", "isolateGroup": {"type": "@IsolateGroup", "id": "isolateGroups/6534132917220748", "name": "main.dart", "number": "6534132917220
EXT Extension {"type": "Event", "kind": "Extension", "extensionKind": "Flutter.Frame", "isolateGroup": {"type": "@IsolateGroup", "id": "isolateGroups/6534132917220748", "name": "main.dart", "number": "6534132917220
EXT Extension {"type": "Event", "kind": "Extension", "extensionKind": "Flutter.Frame", "isolateGroup": {"type": "@IsolateGroup", "id": "isolateGroups/6534132917220748", "name": "main.dart", "number": "6534132917220
EXT Extension {"type": "Event", "kind": "Extension", "extensionKind": "Flutter.Frame", "isolateGroup": {"type": "@IsolateGroup", "id": "isolateGroups/6534132917220748", "name": "main.dart", "number": "6534132917220
EXT Extension {"type": "Event", "kind": "Extension", "extensionKind": "Flutter.Frame", "isolateGroup": {"type": "@IsolateGroup", "id": "isolateGroups/6534132917220748", "name": "main.dart", "number": "6534132917220
EXT Extension {"type": "Event", "kind": "Extension", "extensionKind": "Flutter.Frame", "isolateGroup": {"type": "@IsolateGroup", "id": "isolateGroups/6534132917220748", "name": "main.dart", "number": "6534132917220
EXT Extension {"type": "Event", "kind": "Extension", "extensionKind": "Flutter.Frame", "isolateGroup": {"type": "@IsolateGroup", "id": "isolateGroups/6534132917220748", "name": "main.dart", "number": "6534132917220
EXT Extension {"type": "Event", "kind": "Extension", "extensionKind": "Flutter.Frame", "isolateGroup": {"type": "@IsolateGroup", "id": "isolateGroups/6534132917220748", "name": "main.dart", "number": "6534132917220
EXT Extension {"type": "Event", "kind": "Extension", "extensionKind": "Flutter.Frame", "isolateGroup": {"type": "@IsolateGroup", "id": "isolateGroups/6534132917220748", "name": "main.dart", "number": "6534132917220
EXT Extension {"type": "Event", "kind": "Extension", "extensionKind": "Flutter.Frame", "isolateGroup": {"type": "@IsolateGroup", "id": "isolateGroups/6534132917220748", "name": "main.dart", "number": "6534132917220
EXT Extension {"type": "Event", "kind": "Extension", "extensionKind": "Flutter.Frame", "isolateGroup": {"type": "@IsolateGroup", "id": "isolateGroups/6534132917220748", "name": "main.dart", "number": "6534132917220
EXT Extension {"type": "Event", "kind": "Extension", "extensionKind": "Flutter.Frame", "isolateGroup": {"type": "@IsolateGroup", "id": "isolateGroups/6534132917220748", "name": "main.dart", "number": "6534132917220
EXT Extension {"type": "Event", "kind": "Extension", "extensionKind": "Flutter.Frame", "isolateGroup": {"type": "@IsolateGroup", "id": "isolateGroups/6534132917220748", "name": "main.dart", "number": "6534132917220
EXT Extension {"type": "Event", "kind": "Extension", "extensionKind": "Flutter.Frame", "isolateGroup": {"type": "@IsolateGroup", "id": "isolateGroups/6534132917220748", "name": "main.dart", "number": "6534132917220
EXT Extension {"type": "Event", "kind": "Extension", "extensionKind": "Flutter.Frame", "isolateGroup": {"type": "@IsolateGroup", "id": "isolateGroups/6534132917220748", "name": "main.dart", "number": "6534132917220
EXT Extension {"type": "Event", "kind": "Extension", "extensionKind": "Flutter.Frame", "isolateGroup": {"type": "@IsolateGroup", "id": "isolateGroups/6534132917220748", "name": "main.dart", "number": "6534132917220
EXT Extension {"type": "Event", "kind": "Extension", "extensionKind": "Flutter.Frame", "isolateGroup": {"type": "@IsolateGroup", "id": "isolateGroups/6534132917220748", "name": "main.dart", "number": "6534132917220
EXT Extension {"type": "Event", "kind": "Extension", "extensionKind": "Flutter.Frame", "isolateGroup": {"type": "@IsolateGroup", "id": "isolateGroups/6534132917220748", "name": "main.dart", "number": "6534132917220
EXT Extension {"type": "Event", "kind": "Extension", "extensionKind": "Flutter.Frame", "isolateGroup": {"type": "@IsolateGroup", "id": "isolateGroups/6534132917220748", "name": "main.dart", "number": "6534132917220
EXT Extension {"type": "Event", "kind": "Extension", "extensionKind": "Flutter.Frame", "isolateGroup": {"type": "@IsolateGroup", "id": "isolateGroups/6534132917220748", "name": "main.dart", "number": "6534132917220
EXT Extension {"type": "Event", "kind": "Extension", "extensionKind": "Flutter.Frame", "isolateGroup": {"type": "@IsolateGroup", "id": "isolateGroups/6534132917220748", "name": "main.dart", "number": "6534132917220
EXT Extension {"type": "Event", "kind": "Extension", "extensionKind": "Flutter.Frame", "isolateGroup": {"type": "@IsolateGroup", "id": "isolateGroups/6534132917220748", "name": "main.dart", "number": "6534132917220
EXT Extension {"type": "Event", "kind": "Extension", "extensionKind": "Flutter.Frame", "isolateGroup": {"type": "@IsolateGroup", "id": "isolateGroups/6534132917220748", "name": "main.dart", "number": "6534132917220
EXT Extension {"type": "Event", "kind": "Extension", "extensionKind": "Flutter.Frame", "isolateGroup": {"type": "@IsolateGroup", "id": "isolateGroups/6534132917220748", "name": "main.dart", "number": "6534132917220
EXT Extension {"type": "Event", "kind": "Extension", "extensionKind": "Flutter.Frame", "isolateGroup": {"type": "@IsolateGroup", "id": "isolateGroups/6534132917220748", "name": "main.dart", "number": "6534132917220
EXT Extension {"type": "Event", "kind": "Extension", "extensionKind": "Flutter.Frame", "isolateGroup": {"type": "@IsolateGroup", "id": "isolateGroups/6534132917220748", "name": "main.dart", "number": "6534132917220
EXT Extension {"type": "Event", "kind": "Extension", "extensionKind": "Flutter.Frame", "isolateGroup": {"type": "@IsolateGroup", "id": "isolateGroups/6534132917220748", "name": "main.dart", "number": "6534132917220
EXT Extension {"type": "Event", "kind": "Extension", "extensionKind": "Flutter.Frame", "isolateGroup": {"type": "@IsolateGroup", "id": "isolateGroups/6534132917220748", "name": "main.dart", "number": "6534132917220
EXT Extension {"type": "Event", "kind": "Extension", "extensionKind": "Flutter.Frame", "isolateGroup": {"type": "@IsolateGroup", "id": "isolateGroups/6534132917220748", "name": "main.dart", "number": "6534132917220
EXT Extension {"type": "Event", "kind": "Extension", "extensionKind": "Flutter.Frame", "isolateGroup": {"type": "@IsolateGroup", "id": "isolateGroups/6534132917220748", "name": "main.dart", "number": "6534132917220
EXT Extension {"type": "Event", "kind": "Extension", "extensionKind": "Flutter.Frame", "isolateGroup": {"type": "@IsolateGroup", "id": "isolateGroups/6534132917220748", "name": "main.dart", "number": "6534132917220
EXT Extension {"type": "Event", "kind": "Extension", "extensionKind": "Flutter.Frame", "isolateGroup": {"type": "@IsolateGroup", "id": "isolateGroups/6534132917220748", "name": "main.dart", "number": "6534132917220
EXT Extension {"type": "Event", "kind": "Extension", "extensionKind": "Flutter.Frame", "isolateGroup": {"type": "@IsolateGroup", "id": "isolateGroups/6534132917220748", "name": "main.dart", "number": "6534132917220
EXT Extension {"type": "Event", "kind": "Extension", "extensionKind": "Flutter.Frame", "isolateGroup": {"type": "@IsolateGroup", "id": "isolateGroups/6534132917220748", "name": "main.dart", "number": "6534132917220
EXT Extension {"type": "Event", "kind": "Extension", "extensionKind": "Flutter.Frame", "isolateGroup": {"type": "@IsolateGroup", "id": "isolateGroups/6534132917220748", "name": "main.dart", "number": "6534132917220
EXT Extension {"type": "Event", "kind": "Extension", "extensionKind": "Flutter.Frame", "isolateGroup": {"type": "@IsolateGroup", "id": "isolateGroups/6534132917220748", "name": "main.dart", "number": "6534132917220
EXT Extension {"type": "Event", "kind": "Extension", "extensionKind": "Flutter.Frame", "isolateGroup": {"type": "@IsolateGroup", "id": "isolateGroups/6534132917220748", "name": "main.dart", "number": "6534132917220
EXT Extension {"type": "Event", "kind": "Extension", "extensionKind": "Flutter.Frame", "isolateGroup": {"type": "@IsolateGroup", "id": "isolateGroups/6534132917220748", "name": "main.dart", "number": "6534132917220
EXT Extension {"type": "Event", "kind": "Extension", "extensionKind": "Flutter.Frame", "isolateGroup": {"type": "@IsolateGroup", "id": "isolateGroups/6534132917220748", "name": "main.dart", "number": "6534132917220
EXT Extension {"type": "Event", "kind": "Extension", "extensionKind": "Flutter.Frame", "isolateGroup": {"type": "@IsolateGroup", "id": "isolateGroups/6534132917220748", "name": "main.dart", "number": "6534132917220
EXT Extension {"type": "Event", "kind": "Extension", "extensionKind": "Flutter.Frame", "isolateGroup": {"type": "@IsolateGroup", "id": "isolateGroups/6534132917220748", "name": "main.dart", "number": "6534132917220
EXT Extension {"type": "Event", "kind": "Extension", "extensionKind": "Flutter.Frame", "isolateGroup": {"type": "@IsolateGroup", "id": "isolateGroups/6534132917220748", "name": "main.dart", "number": "6534132917220
EXT Extension {"type": "Event", "kind": "Extension", "extensionKind": "Flutter.Frame", "isolateGroup": {"type": "@IsolateGroup", "id": "isolateGroups/6534132917220748", "name": "main.dart", "number": "6534132917220
EXT Extension {"type": "Event", "kind": "Extension", "extensionKind": "Flutter.Frame", "isolateGroup": {"type": "@IsolateGroup", "id": "isolateGroups/6534132917220748", "name": "main.dart", "number": "6534132917220
EXT Extension {"type": "Event", "kind": "Extension", "extensionKind": "Flutter.Frame", "isolateGroup": {"type": "@IsolateGroup", "id": "isolateGroups/6534132917220748", "name": "main.dart", "number": "6534132917220
EXT Extension {"type": "Event", "kind": "Extension", "extensionKind": "Flutter.Frame", "isolateGroup": {"type": "@IsolateGroup", "id": "isolateGroups/6534132917220748", "name": "main.dart", "number": "6534132917220
EXT Extension {"type": "Event", "kind": "Extension", "extensionKind": "Flutter.Frame", "isolateGroup": {"type": "@IsolateGroup", "id": "isolateGroups/6534132917220748", "name": "main.dart", "number": "6534132917220
EXT Extension {"type": "Event", "kind": "Extension", "extensionKind": "Flutter.Frame", "isolateGroup": {"type": "@IsolateGroup", "id": "isolateGroups/6534132917220748", "name": "main.dart", "number": "6534132917220
EXT Extension {"type": "Event", "kind": "Extension", "extensionKind": "Flutter.Frame", "isolateGroup": {"type": "@IsolateGroup", "id": "isolateGroups/6534132917220748", "name": "main.dart", "number": "6534132917220
EXT Extension {"type": "Event", "kind": "Extension", "extensionKind": "Flutter.Frame", "isolateGroup": {"type": "@IsolateGroup", "id": "isolateGroups/6534132917220748", "name": "main.dart", "number": "6534132917220
EXT Extension {"type": "Event", "kind": "Extension", "extensionKind": "Flutter.Frame", "isolateGroup": {"type": "@IsolateGroup", "id": "isolateGroups/6534132917220748", "name": "main.dart", "number": "6534132917220
EXT Extension {"type": "Event", "kind": "Extension", "extensionKind": "Flutter.Frame", "isolateGroup": {"type": "@IsolateGroup", "id": "isolateGroups/6534132917220748", "name": "main.dart", "number": "6534132917220
EXT Extension {"type": "Event", "kind": "Extension", "extensionKind": "Flutter.Frame", "isolateGroup": {"type": "@IsolateGroup", "id": "isolateGroups/6534132917220748", "name": "main.dart", "number": "6534132917220
EXT Extension {"type": "Event", "kind": "Extension", "extensionKind": "Flutter.Frame", "isolateGroup": {"type": "@IsolateGroup", "id": "isolateGroups/6534132917220748", "name": "main.dart", "number": "6534132917220
EXT Extension {"type": "Event", "kind": "Extension", "extensionKind": "Flutter.Frame", "isolateGroup": {"type": "@IsolateGroup", "id": "isolateGroups/6534132917220748", "name": "main.dart", "number": "6534132917220
EXT Extension {"type": "Event", "kind": "Extension", "extensionKind": "Flutter.Frame", "isolateGroup": {"type": "@IsolateGroup", "id": "isolateGroups/6534132917220748", "name": "main.dart", "number": "6534132917220
EXT Extension {"type": "Event", "kind": "Extension", "extensionKind": "Flutter.Frame", "isolateGroup": {"type": "@IsolateGroup", "id": "isolateGroups/6534132917220748", "name": "main.dart", "number": "6534132917220
EXT Extension {"type": "Event", "kind": "Extension", "extensionKind": "Flutter.Frame", "isolateGroup": {"type": "@IsolateGroup", "id": "isolateGroups/6534132917220748", "name": "main.dart", "number": "6534132917220
EXT Extension {"type": "Event", "kind": "Extension", "extensionKind": "Flutter.Frame", "isolateGroup": {"type": "@IsolateGroup", "id": "isolateGroups/6534132917220748", "name": "main.dart", "number": "6534132917220
EXT Extension {"type": "Event", "kind": "Extension", "extensionKind": "Flutter.Frame", "isolateGroup": {"type": "@IsolateGroup", "id": "isolateGroups/6534132917220748", "name": "main.dart", "number": "6534132917220
EXT Extension {"type": "Event", "kind": "Extension", "extensionKind": "Flutter.Frame", "isolateGroup": {"type": "@IsolateGroup", "id": "isolateGroups/6534132917220748", "name": "main.dart", "number": "6534132917220
EXT Extension {"type": "Event", "kind": "Extension", "extensionKind": "Flutter.Frame", "isolateGroup": {"type": "@IsolateGroup", "id": "isolateGroups/6534132917220748", "name": "main.dart", "number": "6534132917220
EXT Extension {"type": "Event", "kind": "Extension", "extensionKind": "Flutter.Frame", "isolateGroup": {"type": "@IsolateGroup", "id": "isolateGroups/6534132917220748", "name": "main.dart", "number": "6534132917220
EXT Extension {"type": "Event", "kind": "Extension", "extensionKind": "Flutter.Frame", "isolateGroup": {"type": "@IsolateGroup", "id": "isolateGroups/6534132917220748", "name": "main.dart", "number": "6534132917220
EXT Extension {"type": "Event", "kind": "Extension", "extensionKind": "Flutter.Frame", "isolateGroup": {"type": "@IsolateGroup", "id": "isolateGroups/6534132917220748", "name": "main.dart", "number": "6534132917220
EXT Extension {"type": "Event", "kind": "Extension", "extensionKind": "Flutter.Frame", "isolateGroup": {"type": "@IsolateGroup", "id": "isolateGroups/6534132917220748", "name": "main.dart", "number": "6534132917220
EXT Extension {"type": "Event", "kind": "Extension", "extensionKind": "Flutter.Frame", "isolateGroup": {"type": "@IsolateGroup", "id": "isolateGroups/6534132917220748", "name": "main.dart", "number": "6534132917220
EXT Extension {"type": "Event", "kind": "Extension", "extensionKind": "Flutter.Frame", "isolateGroup": {"type": "@IsolateGroup", "id": "isolateGroups/6534132917220748", "name": "main.dart", "number": "6534132917220
EXT Extension {"type": "Event", "kind": "Extension", "extensionKind": "Flutter.Frame", "isolateGroup": {"type": "@IsolateGroup", "id": "isolateGroups/6534132917220748", "name": "main.dart", "number": "6534132917220
EXT Extension {"type": "Event", "kind": "Extension", "extensionKind": "Flutter.Frame", "isolateGroup": {"type": "@IsolateGroup", "id": "isolateGroups/6534132917220748", "name": "main.dart", "number": "6534132917220
EXT Extension {"type": "Event", "kind": "Extension", "extensionKind": "Flutter.Frame", "isolateGroup": {"type": "@IsolateGroup", "id": "isolateGroups/6534132917220748", "name": "main.dart", "number": "6534132917220
EXT Extension {"type": "Event", "kind": "Extension", "extensionKind": "Flutter.Frame", "isolateGroup": {"type": "@IsolateGroup", "id": "isolateGroups/6534132917220748", "name": "main.dart", "number": "6534132917220
EXT Extension {"type": "Event", "kind": "Extension", "extensionKind": "Flutter.Frame", "isolateGroup": {"type": "@IsolateGroup", "id": "isolateGroups/6534132917220748", "name": "main.dart", "number": "6534132917220
EXT Extension {"type": "Event", "kind": "Extension", "extensionKind": "Flutter.Frame", "isolateGroup": {"type": "@IsolateGroup", "id": "isolateGroups/6534132917220748", "name": "main.dart", "number": "6534132917220
EXT Extension {"type": "Event", "kind": "Extension", "extensionKind": "Flutter.Frame", "isolateGroup": {"type": "@IsolateGroup", "id": "isolateGroups/6534132917220748", "name": "main.dart", "number": "6534132917220
EXT Extension {"type": "Event", "kind": "Extension", "extensionKind": "Flutter.Frame", "isolateGroup": {"type": "@IsolateGroup", "id": "isolateGroups/6534132917220748", "name": "main.dart", "number": "6534132917220
EXT Extension {"type": "Event", "kind": "Extension", "extensionKind": "Flutter.Frame", "isolateGroup": {"type": "@IsolateGroup", "id": "isolateGroups/6534132917220748", "name": "main.dart", "number": "6534132917220
EXT Extension {"type": "Event", "kind": "Extension", "extensionKind": "Flutter.Frame", "isolateGroup": {"type": "@IsolateGroup", "id": "isolateGroups/6534132917220748", "name": "main.dart", "number": "6534132917220
EXT Extension {"type": "Event", "kind": "Extension", "extensionKind": "Flutter.Frame", "isolateGroup": {"type": "@IsolateGroup", "id": "isolateGroups/6534132917220748", "name": "main.dart", "number": "6534132917220
EXT Extension {"type": "Event", "kind": "Extension", "extensionKind": "Flutter.Frame", "isolateGroup": {"type": "@IsolateGroup", "id": "isolateGroups/6534132917220748", "name": "main.dart", "number": "6534132917220
EXT Extension {"type": "Event", "kind": "Extension", "extensionKind": "Flutter.Frame", "isolateGroup": {"type": "@IsolateGroup", "id": "isolateGroups/6534132917220748", "name": "main.dart", "number": "6534132917220
EXT Extension {"type": "Event", "kind": "Extension", "extensionKind": "Flutter.Frame", "isolateGroup": {"type": "@IsolateGroup", "id": "isolateGroups/6534132917220748", "name": "main.dart", "number": "6534132917220
EXT Extension {"type": "Event", "kind": "Extension", "extensionKind": "Flutter.Frame", "isolateGroup": {"type": "@IsolateGroup", "id": "isolateGroups/6534132917220748", "name": "main.dart", "number": "6534132917220
EXT Extension {"type": "Event", "kind": "Extension", "extensionKind": "Flutter.Frame", "isolateGroup": {"type": "@IsolateGroup", "id": "isolateGroups/6534132917220748", "name": "main.dart", "number": "6534132917220
EXT Extension {"type": "Event", "kind": "Extension", "extensionKind": "Flutter.Frame", "isolateGroup": {"type": "@IsolateGroup", "id": "isolateGroups/6534132917220748", "name": "main.dart", "number": "6534132917220
EXT Extension {"type": "Event", "kind": "Extension", "extensionKind": "Flutter.Frame", "isolateGroup": {"type": "@IsolateGroup", "id": "isolateGroups/6534132917220748", "name": "main.dart", "number": "6534132917220
EXT Extension {"type": "Event", "kind": "Extension", "extensionKind": "Flutter.Frame", "isolateGroup": {"type": "@IsolateGroup", "id": "isolateGroups/6534132917220748", "name": "main.dart", "number": "6534132917220
EXT Extension {"type": "Event", "kind": "Extension", "extensionKind": "Flutter.Frame", "isolateGroup": {"type": "@IsolateGroup", "id": "isolateGroups/6534132917220748", "name": "main.dart", "number": "6534132917220
EXT Extension {"type": "Event", "kind": "Extension", "extensionKind": "Flutter.Frame", "isolateGroup": {"type": "@IsolateGroup", "id": "isolateGroups/6534132917220748", "name": "main.dart", "number": "6534132917220
EXT Extension {"type": "Event", "kind": "Extension", "extensionKind": "Flutter.Frame", "isolateGroup": {"type": "@IsolateGroup", "id": "isolateGroups/6534132917220748", "name": "main.dart", "number": "6534132917220
EXT Extension {"type": "Event", "kind": "Extension", "extensionKind": "Flutter.Frame", "isolateGroup": {"type": "@IsolateGroup", "id": "isolateGroups/6534132917220748", "name": "main.dart", "number": "6534132917220
EXT Extension {"type": "Event", "kind": "Extension", "extensionKind": "Flutter.Frame", "isolateGroup": {"type": "@IsolateGroup", "id": "isolateGroups/6534132917220748", "name": "main.dart", "number": "6534132917220
EXT Extension {"type": "Event", "kind": "Extension", "extensionKind": "Flutter.Frame", "isolateGroup": {"type": "@IsolateGroup", "id": "isolateGroups/6534132917220748", "name": "main.dart", "number": "6534132917220
EXT Extension {"type": "Event", "kind": "Extension", "extensionKind": "Flutter.Frame", "isolateGroup": {"type": "@IsolateGroup", "id": "isolateGroups/6534132917220748", "name": "main.dart", "number": "6534132917220
EXT Extension {"type": "Event", "kind": "Extension", "extensionKind": "Flutter.ImageSizesForFrame", "isolateGroup": {"type": "@IsolateGroup", "id": "isolateGroups/6534132917220748", "name": "main.dart", "number": "
EXT Extension {"type": "Event", "kind": "Extension", "extensionKind": "Flutter.ImageSizesForFrame", "isolateGroup": {"type": "@IsolateGroup", "id": "isolateGroups/6534132917220748", "name": "main.dart", "number": "
EXT Extension {"type": "Event", "kind": "Extension", "extensionKind": "Flutter.Frame", "isolateGroup": {"type": "@IsolateGroup", "id": "isolateGroups/6534132917220748", "name": "main.dart", "number": "6534132917220
EXT Extension {"type": "Event", "kind": "Extension", "extensionKind": "Flutter.Frame", "isolateGroup": {"type": "@IsolateGroup", "id": "isolateGroups/6534132917220748", "name": "main.dart", "number": "6534132917220
EXT Extension {"type": "Event", "kind": "Extension", "extensionKind": "Flutter.Frame", "isolateGroup": {"type": "@IsolateGroup", "id": "isolateGroups/6534132917220748", "name": "main.dart", "number": "6534132917220
EXT Extension {"type": "Event", "kind": "Extension", "extensionKind": "Flutter.Frame", "isolateGroup": {"type": "@IsolateGroup", "id": "isolateGroups/6534132917220748", "name": "main.dart", "number": "6534132917220
EXT Extension {"type": "Event", "kind": "Extension", "extensionKind": "Flutter.Frame", "isolateGroup": {"type": "@IsolateGroup", "id": "isolateGroups/6534132917220748", "name": "main.dart", "number": "6534132917220
EXT Extension {"type": "Event", "kind": "Extension", "extensionKind": "Flutter.Frame", "isolateGroup": {"type": "@IsolateGroup", "id": "isolateGroups/6534132917220748", "name": "main.dart", "number": "6534132917220
EXT Extension {"type": "Event", "kind": "Extension", "extensionKind": "Flutter.Frame", "isolateGroup": {"type": "@IsolateGroup", "id": "isolateGroups/6534132917220748", "name": "main.dart", "number": "6534132917220
EXT Extension {"type": "Event", "kind": "Extension", "extensionKind": "Flutter.Frame", "isolateGroup": {"type": "@IsolateGroup", "id": "isolateGroups/6534132917220748", "name": "main.dart", "number": "6534132917220
EXT Extension {"type": "Event", "kind": "Extension", "extensionKind": "Flutter.Frame", "isolateGroup": {"type": "@IsolateGroup", "id": "isolateGroups/6534132917220748", "name": "main.dart", "number": "6534132917220
EXT Extension {"type": "Event", "kind": "Extension", "extensionKind": "Flutter.ImageSizesForFrame", "isolateGroup": {"type": "@IsolateGroup", "id": "isolateGroups/6534132917220748", "name": "main.dart", "number": "
EXT Extension {"type": "Event", "kind": "Extension", "extensionKind": "Flutter.ImageSizesForFrame", "isolateGroup": {"type": "@IsolateGroup", "id": "isolateGroups/6534132917220748", "name": "main.dart", "number": "
EXT Extension {"type": "Event", "kind": "Extension", "extensionKind": "Flutter.Frame", "isolateGroup": {"type": "@IsolateGroup", "id": "isolateGroups/6534132917220748", "name": "main.dart", "number": "6534132917220
EXT Extension {"type": "Event", "kind": "Extension", "extensionKind": "Flutter.Frame", "isolateGroup": {"type": "@IsolateGroup", "id": "isolateGroups/6534132917220748", "name": "main.dart", "number": "6534132917220
EXT Extension {"type": "Event", "kind": "Extension", "extensionKind": "Flutter.Frame", "isolateGroup": {"type": "@IsolateGroup", "id": "isolateGroups/6534132917220748", "name": "main.dart", "number": "6534132917220
EXT Extension {"type": "Event", "kind": "Extension", "extensionKind": "Flutter.Frame", "isolateGroup": {"type": "@IsolateGroup", "id": "isolateGroups/6534132917220748", "name": "main.dart", "number": "6534132917220
EXT Extension {"type": "Event", "kind": "Extension", "extensionKind": "Flutter.Frame", "isolateGroup": {"type": "@IsolateGroup", "id": "isolateGroups/6534132917220748", "name": "main.dart", "number": "6534132917220
EXT Extension {"type": "Event", "kind": "Extension", "extensionKind": "Flutter.Frame", "isolateGroup": {"type": "@IsolateGroup", "id": "isolateGroups/6534132917220748", "name": "main.dart", "number": "6534132917220
EXT Extension {"type": "Event", "kind": "Extension", "extensionKind": "Flutter.Frame", "isolateGroup": {"type": "@IsolateGroup", "id": "isolateGroups/6534132917220748", "name": "main.dart", "number": "6534132917220
EXT Extension {"type": "Event", "kind": "Extension", "extensionKind": "Flutter.Frame", "isolateGroup": {"type": "@IsolateGroup", "id": "isolateGroups/6534132917220748", "name": "main.dart", "number": "6534132917220
EXT Extension {"type": "Event", "kind": "Extension", "extensionKind": "Flutter.Frame", "isolateGroup": {"type": "@IsolateGroup", "id": "isolateGroups/6534132917220748", "name": "main.dart", "number": "6534132917220
EXT Extension {"type": "Event", "kind": "Extension", "extensionKind": "Flutter.Frame", "isolateGroup": {"type": "@IsolateGroup", "id": "isolateGroups/6534132917220748", "name": "main.dart", "number": "6534132917220
EXT Extension {"type": "Event", "kind": "Extension", "extensionKind": "Flutter.Frame", "isolateGroup": {"type": "@IsolateGroup", "id": "isolateGroups/6534132917220748", "name": "main.dart", "number": "6534132917220
EXT Extension {"type": "Event", "kind": "Extension", "extensionKind": "Flutter.Frame", "isolateGroup": {"type": "@IsolateGroup", "id": "isolateGroups/6534132917220748", "name": "main.dart", "number": "6534132917220
EXT Extension {"type": "Event", "kind": "Extension", "extensionKind": "Flutter.Frame", "isolateGroup": {"type": "@IsolateGroup", "id": "isolateGroups/6534132917220748", "name": "main.dart", "number": "6534132917220
EXT Extension {"type": "Event", "kind": "Extension", "extensionKind": "Flutter.Frame", "isolateGroup": {"type": "@IsolateGroup", "id": "isolateGroups/6534132917220748", "name": "main.dart", "number": "6534132917220
EXT Extension {"type": "Event", "kind": "Extension", "extensionKind": "Flutter.Frame", "isolateGroup": {"type": "@IsolateGroup", "id": "isolateGroups/6534132917220748", "name": "main.dart", "number": "6534132917220
EXT Extension {"type": "Event", "kind": "Extension", "extensionKind": "Flutter.Frame", "isolateGroup": {"type": "@IsolateGroup", "id": "isolateGroups/6534132917220748", "name": "main.dart", "number": "6534132917220
EXT Extension {"type": "Event", "kind": "Extension", "extensionKind": "Flutter.Frame", "isolateGroup": {"type": "@IsolateGroup", "id": "isolateGroups/6534132917220748", "name": "main.dart", "number": "6534132917220
EXT Extension {"type": "Event", "kind": "Extension", "extensionKind": "Flutter.Frame", "isolateGroup": {"type": "@IsolateGroup", "id": "isolateGroups/6534132917220748", "name": "main.dart", "number": "6534132917220
EXT Extension {"type": "Event", "kind": "Extension", "extensionKind": "Flutter.Frame", "isolateGroup": {"type": "@IsolateGroup", "id": "isolateGroups/6534132917220748", "name": "main.dart", "number": "6534132917220
EXT Extension {"type": "Event", "kind": "Extension", "extensionKind": "Flutter.Frame", "isolateGroup": {"type": "@IsolateGroup", "id": "isolateGroups/6534132917220748", "name": "main.dart", "number": "6534132917220
EXT Extension {"type": "Event", "kind": "Extension", "extensionKind": "Flutter.Frame", "isolateGroup": {"type": "@IsolateGroup", "id": "isolateGroups/6534132917220748", "name": "main.dart", "number": "6534132917220
EXT Extension {"type": "Event", "kind": "Extension", "extensionKind": "Flutter.Frame", "isolateGroup": {"type": "@IsolateGroup", "id": "isolateGroups/6534132917220748", "name": "main.dart", "number": "6534132917220
EXT Extension {"type": "Event", "kind": "Extension", "extensionKind": "Flutter.Frame", "isolateGroup": {"type": "@IsolateGroup", "id": "isolateGroups/6534132917220748", "name": "main.dart", "number": "6534132917220
EXT Extension {"type": "Event", "kind": "Extension", "extensionKind": "Flutter.Frame", "isolateGroup": {"type": "@IsolateGroup", "id": "isolateGroups/6534132917220748", "name": "main.dart", "number": "6534132917220
EXT Extension {"type": "Event", "kind": "Extension", "extensionKind": "Flutter.Frame", "isolateGroup": {"type": "@IsolateGroup", "id": "isolateGroups/6534132917220748", "name": "main.dart", "number": "6534132917220
EXT Extension {"type": "Event", "kind": "Extension", "extensionKind": "Flutter.Frame", "isolateGroup": {"type": "@IsolateGroup", "id": "isolateGroups/6534132917220748", "name": "main.dart", "number": "6534132917220
EXT Extension {"type": "Event", "kind": "Extension", "extensionKind": "Flutter.Frame", "isolateGroup": {"type": "@IsolateGroup", "id": "isolateGroups/6534132917220748", "name": "main.dart", "number": "6534132917220
EXT Extension {"type": "Event", "kind": "Extension", "extensionKind": "Flutter.Frame", "isolateGroup": {"type": "@IsolateGroup", "id": "isolateGroups/6534132917220748", "name": "main.dart", "number": "6534132917220
EXT Extension {"type": "Event", "kind": "Extension", "extensionKind": "Flutter.Frame", "isolateGroup": {"type": "@IsolateGroup", "id": "isolateGroups/6534132917220748", "name": "main.dart", "number": "6534132917220
EXT Extension {"type": "Event", "kind": "Extension", "extensionKind": "Flutter.Frame", "isolateGroup": {"type": "@IsolateGroup", "id": "isolateGroups/6534132917220748", "name": "main.dart", "number": "6534132917220
EXT Extension {"type": "Event", "kind": "Extension", "extensionKind": "Flutter.Frame", "isolateGroup": {"type": "@IsolateGroup", "id": "isolateGroups/6534132917220748", "name": "main.dart", "number": "6534132917220
EXT Extension {"type": "Event", "kind": "Extension", "extensionKind": "Flutter.Frame", "isolateGroup": {"type": "@IsolateGroup", "id": "isolateGroups/6534132917220748", "name": "main.dart", "number": "6534132917220
EXT Extension {"type": "Event", "kind": "Extension", "extensionKind": "Flutter.Frame", "isolateGroup": {"type": "@IsolateGroup", "id": "isolateGroups/6534132917220748", "name": "main.dart", "number": "6534132917220
EXT Extension {"type": "Event", "kind": "Extension", "extensionKind": "Flutter.Frame", "isolateGroup": {"type": "@IsolateGroup", "id": "isolateGroups/6534132917220748", "name": "main.dart", "number": "6534132917220
EXT Extension {"type": "Event", "kind": "Extension", "extensionKind": "Flutter.Frame", "isolateGroup": {"type": "@IsolateGroup", "id": "isolateGroups/6534132917220748", "name": "main.dart", "number": "6534132917220
EXT Extension {"type": "Event", "kind": "Extension", "extensionKind": "Flutter.Frame", "isolateGroup": {"type": "@IsolateGroup", "id": "isolateGroups/6534132917220748", "name": "main.dart", "number": "6534132917220
EXT Extension {"type": "Event", "kind": "Extension", "extensionKind": "Flutter.Frame", "isolateGroup": {"type": "@IsolateGroup", "id": "isolateGroups/6534132917220748", "name": "main.dart", "number": "6534132917220
EXT Extension {"type": "Event", "kind": "Extension", "extensionKind": "Flutter.Frame", "isolateGroup": {"type": "@IsolateGroup", "id": "isolateGroups/6534132917220748", "name": "main.dart", "number": "6534132917220
EXT Extension {"type": "Event", "kind": "Extension", "extensionKind": "Flutter.Frame", "isolateGroup": {"type": "@IsolateGroup", "id": "isolateGroups/6534132917220748", "name": "main.dart", "number": "6534132917220
EXT Extension {"type": "Event", "kind": "Extension", "extensionKind": "Flutter.Frame", "isolateGroup": {"type": "@IsolateGroup", "id": "isolateGroups/6534132917220748", "name": "main.dart", "number": "6534132917220
EXT Extension {"type": "Event", "kind": "Extension", "extensionKind": "Flutter.Frame", "isolateGroup": {"type": "@IsolateGroup", "id": "isolateGroups/6534132917220748", "name": "main.dart", "number": "6534132917220
EXT Extension {"type": "Event", "kind": "Extension", "extensionKind": "Flutter.Frame", "isolateGroup": {"type": "@IsolateGroup", "id": "isolateGroups/6534132917220748", "name": "main.dart", "number": "6534132917220
EXT Extension {"type": "Event", "kind": "Extension", "extensionKind": "Flutter.Frame", "isolateGroup": {"type": "@IsolateGroup", "id": "isolateGroups/6534132917220748", "name": "main.dart", "number": "6534132917220
EXT Extension {"type": "Event", "kind": "Extension", "extensionKind": "Flutter.Frame", "isolateGroup": {"type": "@IsolateGroup", "id": "isolateGroups/6534132917220748", "name": "main.dart", "number": "6534132917220
EXT Extension {"type": "Event", "kind": "Extension", "extensionKind": "Flutter.Frame", "isolateGroup": {"type": "@IsolateGroup", "id": "isolateGroups/6534132917220748", "name": "main.dart", "number": "6534132917220
EXT Extension {"type": "Event", "kind": "Extension", "extensionKind": "Flutter.Frame", "isolateGroup": {"type": "@IsolateGroup", "id": "isolateGroups/6534132917220748", "name": "main.dart", "number": "6534132917220
EXT Extension {"type": "Event", "kind": "Extension", "extensionKind": "Flutter.Frame", "isolateGroup": {"type": "@IsolateGroup", "id": "isolateGroups/6534132917220748", "name": "main.dart", "number": "6534132917220
EXT Extension {"type": "Event", "kind": "Extension", "extensionKind": "Flutter.Frame", "isolateGroup": {"type": "@IsolateGroup", "id": "isolateGroups/6534132917220748", "name": "main.dart", "number": "6534132917220
EXT Extension {"type": "Event", "kind": "Extension", "extensionKind": "Flutter.Frame", "isolateGroup": {"type": "@IsolateGroup", "id": "isolateGroups/6534132917220748", "name": "main.dart", "number": "6534132917220
EXT Extension {"type": "Event", "kind": "Extension", "extensionKind": "Flutter.Frame", "isolateGroup": {"type": "@IsolateGroup", "id": "isolateGroups/6534132917220748", "name": "main.dart", "number": "6534132917220
EXT Extension {"type": "Event", "kind": "Extension", "extensionKind": "Flutter.Frame", "isolateGroup": {"type": "@IsolateGroup", "id": "isolateGroups/6534132917220748", "name": "main.dart", "number": "6534132917220
EXT Extension {"type": "Event", "kind": "Extension", "extensionKind": "Flutter.Frame", "isolateGroup": {"type": "@IsolateGroup", "id": "isolateGroups/6534132917220748", "name": "main.dart", "number": "6534132917220
EXT Extension {"type": "Event", "kind": "Extension", "extensionKind": "Flutter.Frame", "isolateGroup": {"type": "@IsolateGroup", "id": "isolateGroups/6534132917220748", "name": "main.dart", "number": "6534132917220
EXT Extension {"type": "Event", "kind": "Extension", "extensionKind": "Flutter.Frame", "isolateGroup": {"type": "@IsolateGroup", "id": "isolateGroups/6534132917220748", "name": "main.dart", "number": "6534132917220
EXT Extension {"type": "Event", "kind": "Extension", "extensionKind": "Flutter.Frame", "isolateGroup": {"type": "@IsolateGroup", "id": "isolateGroups/6534132917220748", "name": "main.dart", "number": "6534132917220
EXT Extension {"type": "Event", "kind": "Extension", "extensionKind": "Flutter.Frame", "isolateGroup": {"type": "@IsolateGroup", "id": "isolateGroups/6534132917220748", "name": "main.dart", "number": "6534132917220
EXT Extension {"type": "Event", "kind": "Extension", "extensionKind": "Flutter.Frame", "isolateGroup": {"type": "@IsolateGroup", "id": "isolateGroups/6534132917220748", "name": "main.dart", "number": "6534132917220
EXT Extension {"type": "Event", "kind": "Extension", "extensionKind": "Flutter.ImageSizesForFrame", "isolateGroup": {"type": "@IsolateGroup", "id": "isolateGroups/6534132917220748", "name": "main.dart", "number": "
EXT Extension {"type": "Event", "kind": "Extension", "extensionKind": "Flutter.ImageSizesForFrame", "isolateGroup": {"type": "@IsolateGroup", "id": "isolateGroups/6534132917220748", "name": "main.dart", "number": "
EXT Extension {"type": "Event", "kind": "Extension", "extensionKind": "Flutter.Frame", "isolateGroup": {"type": "@IsolateGroup", "id": "isolateGroups/6534132917220748", "name": "main.dart", "number": "6534132917220
EXT Extension {"type": "Event", "kind": "Extension", "extensionKind": "Flutter.Frame", "isolateGroup": {"type": "@IsolateGroup", "id": "isolateGroups/6534132917220748", "name": "main.dart", "number": "6534132917220
EXT Extension {"type": "Event", "kind": "Extension", "extensionKind": "Flutter.Frame", "isolateGroup": {"type": "@IsolateGroup", "id": "isolateGroups/6534132917220748", "name": "main.dart", "number": "6534132917220
EXT Extension {"type": "Event", "kind": "Extension", "extensionKind": "Flutter.Frame", "isolateGroup": {"type": "@IsolateGroup", "id": "isolateGroups/6534132917220748", "name": "main.dart", "number": "6534132917220
EXT Extension {"type": "Event", "kind": "Extension", "extensionKind": "Flutter.Frame", "isolateGroup": {"type": "@IsolateGroup", "id": "isolateGroups/6534132917220748", "name": "main.dart", "number": "6534132917220
EXT Extension {"type": "Event", "kind": "Extension", "extensionKind": "Flutter.Frame", "isolateGroup": {"type": "@IsolateGroup", "id": "isolateGroups/6534132917220748", "name": "main.dart", "number": "6534132917220
EXT Extension {"type": "Event", "kind": "Extension", "extensionKind": "Flutter.Frame", "isolateGroup": {"type": "@IsolateGroup", "id": "isolateGroups/6534132917220748", "name": "main.dart", "number": "6534132917220
EXT Extension {"type": "Event", "kind": "Extension", "extensionKind": "Flutter.Frame", "isolateGroup": {"type": "@IsolateGroup", "id": "isolateGroups/6534132917220748", "name": "main.dart", "number": "6534132917220
EXT Extension {"type": "Event", "kind": "Extension", "extensionKind": "Flutter.Frame", "isolateGroup": {"type": "@IsolateGroup", "id": "isolateGroups/6534132917220748", "name": "main.dart", "number": "6534132917220
EXT Extension {"type": "Event", "kind": "Extension", "extensionKind": "Flutter.Frame", "isolateGroup": {"type": "@IsolateGroup", "id": "isolateGroups/6534132917220748", "name": "main.dart", "number": "6534132917220
EXT Extension {"type": "Event", "kind": "Extension", "extensionKind": "Flutter.Frame", "isolateGroup": {"type": "@IsolateGroup", "id": "isolateGroups/6534132917220748", "name": "main.dart", "number": "6534132917220
EXT Extension {"type": "Event", "kind": "Extension", "extensionKind": "Flutter.ImageSizesForFrame", "isolateGroup": {"type": "@IsolateGroup", "id": "isolateGroups/6534132917220748", "name": "main.dart", "number": "
EXT Extension {"type": "Event", "kind": "Extension", "extensionKind": "Flutter.Frame", "isolateGroup": {"type": "@IsolateGroup", "id": "isolateGroups/6534132917220748", "name": "main.dart", "number": "6534132917220
EXT Extension {"type": "Event", "kind": "Extension", "extensionKind": "Flutter.Frame", "isolateGroup": {"type": "@IsolateGroup", "id": "isolateGroups/6534132917220748", "name": "main.dart", "number": "6534132917220
EXT Extension {"type": "Event", "kind": "Extension", "extensionKind": "Flutter.Navigation", "isolateGroup": {"type": "@IsolateGroup", "id": "isolateGroups/6534132917220748", "name": "main.dart", "number": "65341329
EXT Extension {"type": "Event", "kind": "Extension", "extensionKind": "Flutter.Frame", "isolateGroup": {"type": "@IsolateGroup", "id": "isolateGroups/6534132917220748", "name": "main.dart", "number": "6534132917220
EXT Extension {"type": "Event", "kind": "Extension", "extensionKind": "Flutter.Frame", "isolateGroup": {"type": "@IsolateGroup", "id": "isolateGroups/6534132917220748", "name": "main.dart", "number": "6534132917220
EXT Extension {"type": "Event", "kind": "Extension", "extensionKind": "Flutter.Frame", "isolateGroup": {"type": "@IsolateGroup", "id": "isolateGroups/6534132917220748", "name": "main.dart", "number": "6534132917220
EXT Extension {"type": "Event", "kind": "Extension", "extensionKind": "Flutter.Frame", "isolateGroup": {"type": "@IsolateGroup", "id": "isolateGroups/6534132917220748", "name": "main.dart", "number": "6534132917220
EXT Extension {"type": "Event", "kind": "Extension", "extensionKind": "Flutter.Frame", "isolateGroup": {"type": "@IsolateGroup", "id": "isolateGroups/6534132917220748", "name": "main.dart", "number": "6534132917220
EXT Extension {"type": "Event", "kind": "Extension", "extensionKind": "Flutter.Frame", "isolateGroup": {"type": "@IsolateGroup", "id": "isolateGroups/6534132917220748", "name": "main.dart", "number": "6534132917220
EXT Extension {"type": "Event", "kind": "Extension", "extensionKind": "Flutter.Frame", "isolateGroup": {"type": "@IsolateGroup", "id": "isolateGroups/6534132917220748", "name": "main.dart", "number": "6534132917220
EXT Extension {"type": "Event", "kind": "Extension", "extensionKind": "Flutter.Frame", "isolateGroup": {"type": "@IsolateGroup", "id": "isolateGroups/6534132917220748", "name": "main.dart", "number": "6534132917220
EXT Extension {"type": "Event", "kind": "Extension", "extensionKind": "Flutter.Frame", "isolateGroup": {"type": "@IsolateGroup", "id": "isolateGroups/6534132917220748", "name": "main.dart", "number": "6534132917220
EXT Extension {"type": "Event", "kind": "Extension", "extensionKind": "Flutter.Frame", "isolateGroup": {"type": "@IsolateGroup", "id": "isolateGroups/6534132917220748", "name": "main.dart", "number": "6534132917220
EXT Extension {"type": "Event", "kind": "Extension", "extensionKind": "Flutter.Frame", "isolateGroup": {"type": "@IsolateGroup", "id": "isolateGroups/6534132917220748", "name": "main.dart", "number": "6534132917220
EXT Extension {"type": "Event", "kind": "Extension", "extensionKind": "Flutter.Frame", "isolateGroup": {"type": "@IsolateGroup", "id": "isolateGroups/6534132917220748", "name": "main.dart", "number": "6534132917220
EXT Extension {"type": "Event", "kind": "Extension", "extensionKind": "Flutter.Frame", "isolateGroup": {"type": "@IsolateGroup", "id": "isolateGroups/6534132917220748", "name": "main.dart", "number": "6534132917220
EXT Extension {"type": "Event", "kind": "Extension", "extensionKind": "Flutter.Frame", "isolateGroup": {"type": "@IsolateGroup", "id": "isolateGroups/6534132917220748", "name": "main.dart", "number": "6534132917220
EXT Extension {"type": "Event", "kind": "Extension", "extensionKind": "Flutter.Frame", "isolateGroup": {"type": "@IsolateGroup", "id": "isolateGroups/6534132917220748", "name": "main.dart", "number": "6534132917220
EXT Extension {"type": "Event", "kind": "Extension", "extensionKind": "Flutter.Frame", "isolateGroup": {"type": "@IsolateGroup", "id": "isolateGroups/6534132917220748", "name": "main.dart", "number": "6534132917220
EXT Extension {"type": "Event", "kind": "Extension", "extensionKind": "Flutter.Frame", "isolateGroup": {"type": "@IsolateGroup", "id": "isolateGroups/6534132917220748", "name": "main.dart", "number": "6534132917220
EXT Extension {"type": "Event", "kind": "Extension", "extensionKind": "Flutter.Frame", "isolateGroup": {"type": "@IsolateGroup", "id": "isolateGroups/6534132917220748", "name": "main.dart", "number": "6534132917220
EXT Extension {"type": "Event", "kind": "Extension", "extensionKind": "Flutter.Frame", "isolateGroup": {"type": "@IsolateGroup", "id": "isolateGroups/6534132917220748", "name": "main.dart", "number": "6534132917220
EXT Extension {"type": "Event", "kind": "Extension", "extensionKind": "Flutter.Frame", "isolateGroup": {"type": "@IsolateGroup", "id": "isolateGroups/6534132917220748", "name": "main.dart", "number": "6534132917220
EXT Extension {"type": "Event", "kind": "Extension", "extensionKind": "Flutter.Frame", "isolateGroup": {"type": "@IsolateGroup", "id": "isolateGroups/6534132917220748", "name": "main.dart", "number": "6534132917220
EXT Extension {"type": "Event", "kind": "Extension", "extensionKind": "Flutter.Frame", "isolateGroup": {"type": "@IsolateGroup", "id": "isolateGroups/6534132917220748", "name": "main.dart", "number": "6534132917220
EXT Extension {"type": "Event", "kind": "Extension", "extensionKind": "Flutter.Frame", "isolateGroup": {"type": "@IsolateGroup", "id": "isolateGroups/6534132917220748", "name": "main.dart", "number": "6534132917220
EXT Extension {"type": "Event", "kind": "Extension", "extensionKind": "Flutter.Frame", "isolateGroup": {"type": "@IsolateGroup", "id": "isolateGroups/6534132917220748", "name": "main.dart", "number": "6534132917220
EXT Extension {"type": "Event", "kind": "Extension", "extensionKind": "Flutter.Frame", "isolateGroup": {"type": "@IsolateGroup", "id": "isolateGroups/6534132917220748", "name": "main.dart", "number": "6534132917220
EXT Extension {"type": "Event", "kind": "Extension", "extensionKind": "Flutter.Frame", "isolateGroup": {"type": "@IsolateGroup", "id": "isolateGroups/6534132917220748", "name": "main.dart", "number": "6534132917220
EXT Extension {"type": "Event", "kind": "Extension", "extensionKind": "Flutter.Frame", "isolateGroup": {"type": "@IsolateGroup", "id": "isolateGroups/6534132917220748", "name": "main.dart", "number": "6534132917220
EXT Extension {"type": "Event", "kind": "Extension", "extensionKind": "Flutter.Frame", "isolateGroup": {"type": "@IsolateGroup", "id": "isolateGroups/6534132917220748", "name": "main.dart", "number": "6534132917220
EXT Extension {"type": "Event", "kind": "Extension", "extensionKind": "Flutter.Frame", "isolateGroup": {"type": "@IsolateGroup", "id": "isolateGroups/6534132917220748", "name": "main.dart", "number": "6534132917220
EXT Extension {"type": "Event", "kind": "Extension", "extensionKind": "Flutter.Frame", "isolateGroup": {"type": "@IsolateGroup", "id": "isolateGroups/6534132917220748", "name": "main.dart", "number": "6534132917220
EXT Extension {"type": "Event", "kind": "Extension", "extensionKind": "Flutter.Frame", "isolateGroup": {"type": "@IsolateGroup", "id": "isolateGroups/6534132917220748", "name": "main.dart", "number": "6534132917220
EXT Extension {"type": "Event", "kind": "Extension", "extensionKind": "Flutter.Frame", "isolateGroup": {"type": "@IsolateGroup", "id": "isolateGroups/6534132917220748", "name": "main.dart", "number": "6534132917220
EXT Extension {"type": "Event", "kind": "Extension", "extensionKind": "Flutter.Frame", "isolateGroup": {"type": "@IsolateGroup", "id": "isolateGroups/6534132917220748", "name": "main.dart", "number": "6534132917220
EXT Extension {"type": "Event", "kind": "Extension", "extensionKind": "Flutter.Frame", "isolateGroup": {"type": "@IsolateGroup", "id": "isolateGroups/6534132917220748", "name": "main.dart", "number": "6534132917220
EXT Extension {"type": "Event", "kind": "Extension", "extensionKind": "Flutter.Frame", "isolateGroup": {"type": "@IsolateGroup", "id": "isolateGroups/6534132917220748", "name": "main.dart", "number": "6534132917220
EXT Extension {"type": "Event", "kind": "Extension", "extensionKind": "Flutter.Frame", "isolateGroup": {"type": "@IsolateGroup", "id": "isolateGroups/6534132917220748", "name": "main.dart", "number": "6534132917220
EXT Extension {"type": "Event", "kind": "Extension", "extensionKind": "Flutter.Frame", "isolateGroup": {"type": "@IsolateGroup", "id": "isolateGroups/6534132917220748", "name": "main.dart", "number": "6534132917220
EXT Extension {"type": "Event", "kind": "Extension", "extensionKind": "Flutter.Frame", "isolateGroup": {"type": "@IsolateGroup", "id": "isolateGroups/6534132917220748", "name": "main.dart", "number": "6534132917220
EXT Extension {"type": "Event", "kind": "Extension", "extensionKind": "Flutter.Frame", "isolateGroup": {"type": "@IsolateGroup", "id": "isolateGroups/6534132917220748", "name": "main.dart", "number": "6534132917220
EXT Extension {"type": "Event", "kind": "Extension", "extensionKind": "Flutter.Frame", "isolateGroup": {"type": "@IsolateGroup", "id": "isolateGroups/6534132917220748", "name": "main.dart", "number": "6534132917220
EXT Extension {"type": "Event", "kind": "Extension", "extensionKind": "Flutter.Frame", "isolateGroup": {"type": "@IsolateGroup", "id": "isolateGroups/6534132917220748", "name": "main.dart", "number": "6534132917220
EXT Extension {"type": "Event", "kind": "Extension", "extensionKind": "Flutter.Frame", "isolateGroup": {"type": "@IsolateGroup", "id": "isolateGroups/6534132917220748", "name": "main.dart", "number": "6534132917220
EXT Extension {"type": "Event", "kind": "Extension", "extensionKind": "Flutter.Frame", "isolateGroup": {"type": "@IsolateGroup", "id": "isolateGroups/6534132917220748", "name": "main.dart", "number": "6534132917220
EXT Extension {"type": "Event", "kind": "Extension", "extensionKind": "Flutter.ImageSizesForFrame", "isolateGroup": {"type": "@IsolateGroup", "id": "isolateGroups/6534132917220748", "name": "main.dart", "number": "
EXT Extension {"type": "Event", "kind": "Extension", "extensionKind": "Flutter.ImageSizesForFrame", "isolateGroup": {"type": "@IsolateGroup", "id": "isolateGroups/6534132917220748", "name": "main.dart", "number": "
EXT Extension {"type": "Event", "kind": "Extension", "extensionKind": "Flutter.Frame", "isolateGroup": {"type": "@IsolateGroup", "id": "isolateGroups/6534132917220748", "name": "main.dart", "number": "6534132917220
EXT Extension {"type": "Event", "kind": "Extension", "extensionKind": "Flutter.Frame", "isolateGroup": {"type": "@IsolateGroup", "id": "isolateGroups/6534132917220748", "name": "main.dart", "number": "6534132917220
EXT Extension {"type": "Event", "kind": "Extension", "extensionKind": "Flutter.Frame", "isolateGroup": {"type": "@IsolateGroup", "id": "isolateGroups/6534132917220748", "name": "main.dart", "number": "6534132917220
EXT Extension {"type": "Event", "kind": "Extension", "extensionKind": "Flutter.ImageSizesForFrame", "isolateGroup": {"type": "@IsolateGroup", "id": "isolateGroups/6534132917220748", "name": "main.dart", "number": "
EXT Extension {"type": "Event", "kind": "Extension", "extensionKind": "Flutter.Frame", "isolateGroup": {"type": "@IsolateGroup", "id": "isolateGroups/6534132917220748", "name": "main.dart", "number": "6534132917220
EXT Extension {"type": "Event", "kind": "Extension", "extensionKind": "Flutter.Frame", "isolateGroup": {"type": "@IsolateGroup", "id": "isolateGroups/6534132917220748", "name": "main.dart", "number": "6534132917220
EXT Extension {"type": "Event", "kind": "Extension", "extensionKind": "Flutter.Frame", "isolateGroup": {"type": "@IsolateGroup", "id": "isolateGroups/6534132917220748", "name": "main.dart", "number": "6534132917220
EXT Extension {"type": "Event", "kind": "Extension", "extensionKind": "Flutter.Frame", "isolateGroup": {"type": "@IsolateGroup", "id": "isolateGroups/6534132917220748", "name": "main.dart", "number": "6534132917220
EXT Extension {"type": "Event", "kind": "Extension", "extensionKind": "Flutter.Frame", "isolateGroup": {"type": "@IsolateGroup", "id": "isolateGroups/6534132917220748", "name": "main.dart", "number": "6534132917220
EXT Extension {"type": "Event", "kind": "Extension", "extensionKind": "Flutter.Frame", "isolateGroup": {"type": "@IsolateGroup", "id": "isolateGroups/6534132917220748", "name": "main.dart", "number": "6534132917220
EXT Extension {"type": "Event", "kind": "Extension", "extensionKind": "Flutter.Frame", "isolateGroup": {"type": "@IsolateGroup", "id": "isolateGroups/6534132917220748", "name": "main.dart", "number": "6534132917220
EXT Extension {"type": "Event", "kind": "Extension", "extensionKind": "Flutter.Frame", "isolateGroup": {"type": "@IsolateGroup", "id": "isolateGroups/6534132917220748", "name": "main.dart", "number": "6534132917220
EXT Extension {"type": "Event", "kind": "Extension", "extensionKind": "Flutter.Frame", "isolateGroup": {"type": "@IsolateGroup", "id": "isolateGroups/6534132917220748", "name": "main.dart", "number": "6534132917220
EXT Extension {"type": "Event", "kind": "Extension", "extensionKind": "Flutter.Frame", "isolateGroup": {"type": "@IsolateGroup", "id": "isolateGroups/6534132917220748", "name": "main.dart", "number": "6534132917220
EXT Extension {"type": "Event", "kind": "Extension", "extensionKind": "Flutter.Frame", "isolateGroup": {"type": "@IsolateGroup", "id": "isolateGroups/6534132917220748", "name": "main.dart", "number": "6534132917220
EXT Extension {"type": "Event", "kind": "Extension", "extensionKind": "Flutter.Frame", "isolateGroup": {"type": "@IsolateGroup", "id": "isolateGroups/6534132917220748", "name": "main.dart", "number": "6534132917220
EXT Extension {"type": "Event", "kind": "Extension", "extensionKind": "Flutter.Frame", "isolateGroup": {"type": "@IsolateGroup", "id": "isolateGroups/6534132917220748", "name": "main.dart", "number": "6534132917220
EXT Extension {"type": "Event", "kind": "Extension", "extensionKind": "Flutter.Frame", "isolateGroup": {"type": "@IsolateGroup", "id": "isolateGroups/6534132917220748", "name": "main.dart", "number": "6534132917220
EXT Extension {"type": "Event", "kind": "Extension", "extensionKind": "Flutter.Frame", "isolateGroup": {"type": "@IsolateGroup", "id": "isolateGroups/6534132917220748", "name": "main.dart", "number": "6534132917220
EXT Extension {"type": "Event", "kind": "Extension", "extensionKind": "Flutter.Frame", "isolateGroup": {"type": "@IsolateGroup", "id": "isolateGroups/6534132917220748", "name": "main.dart", "number": "6534132917220
EXT Extension {"type": "Event", "kind": "Extension", "extensionKind": "Flutter.Frame", "isolateGroup": {"type": "@IsolateGroup", "id": "isolateGroups/6534132917220748", "name": "main.dart", "number": "6534132917220
EXT Extension {"type": "Event", "kind": "Extension", "extensionKind": "Flutter.Frame", "isolateGroup": {"type": "@IsolateGroup", "id": "isolateGroups/6534132917220748", "name": "main.dart", "number": "6534132917220
EXT Extension {"type": "Event", "kind": "Extension", "extensionKind": "Flutter.Frame", "isolateGroup": {"type": "@IsolateGroup", "id": "isolateGroups/6534132917220748", "name": "main.dart", "number": "6534132917220
EXT Extension {"type": "Event", "kind": "Extension", "extensionKind": "Flutter.Frame", "isolateGroup": {"type": "@IsolateGroup", "id": "isolateGroups/6534132917220748", "name": "main.dart", "number": "6534132917220
EXT Extension {"type": "Event", "kind": "Extension", "extensionKind": "Flutter.Frame", "isolateGroup": {"type": "@IsolateGroup", "id": "isolateGroups/6534132917220748", "name": "main.dart", "number": "6534132917220
EXT Extension {"type": "Event", "kind": "Extension", "extensionKind": "Flutter.Frame", "isolateGroup": {"type": "@IsolateGroup", "id": "isolateGroups/6534132917220748", "name": "main.dart", "number": "6534132917220
EXT Extension {"type": "Event", "kind": "Extension", "extensionKind": "Flutter.Frame", "isolateGroup": {"type": "@IsolateGroup", "id": "isolateGroups/6534132917220748", "name": "main.dart", "number": "6534132917220
EXT Extension {"type": "Event", "kind": "Extension", "extensionKind": "Flutter.Frame", "isolateGroup": {"type": "@IsolateGroup", "id": "isolateGroups/6534132917220748", "name": "main.dart", "number": "6534132917220
EXT Extension {"type": "Event", "kind": "Extension", "extensionKind": "Flutter.Frame", "isolateGroup": {"type": "@IsolateGroup", "id": "isolateGroups/6534132917220748", "name": "main.dart", "number": "6534132917220
EXT Extension {"type": "Event", "kind": "Extension", "extensionKind": "Flutter.Frame", "isolateGroup": {"type": "@IsolateGroup", "id": "isolateGroups/6534132917220748", "name": "main.dart", "number": "6534132917220
EXT Extension {"type": "Event", "kind": "Extension", "extensionKind": "Flutter.Frame", "isolateGroup": {"type": "@IsolateGroup", "id": "isolateGroups/6534132917220748", "name": "main.dart", "number": "6534132917220
EXT Extension {"type": "Event", "kind": "Extension", "extensionKind": "Flutter.Frame", "isolateGroup": {"type": "@IsolateGroup", "id": "isolateGroups/6534132917220748", "name": "main.dart", "number": "6534132917220
EXT Extension {"type": "Event", "kind": "Extension", "extensionKind": "Flutter.Frame", "isolateGroup": {"type": "@IsolateGroup", "id": "isolateGroups/6534132917220748", "name": "main.dart", "number": "6534132917220
EXT Extension {"type": "Event", "kind": "Extension", "extensionKind": "Flutter.Frame", "isolateGroup": {"type": "@IsolateGroup", "id": "isolateGroups/6534132917220748", "name": "main.dart", "number": "6534132917220
EXT Extension {"type": "Event", "kind": "Extension", "extensionKind": "Flutter.Frame", "isolateGroup": {"type": "@IsolateGroup", "id": "isolateGroups/6534132917220748", "name": "main.dart", "number": "6534132917220
EXT Extension {"type": "Event", "kind": "Extension", "extensionKind": "Flutter.Frame", "isolateGroup": {"type": "@IsolateGroup", "id": "isolateGroups/6534132917220748", "name": "main.dart", "number": "6534132917220
EXT Extension {"type": "Event", "kind": "Extension", "extensionKind": "Flutter.Frame", "isolateGroup": {"type": "@IsolateGroup", "id": "isolateGroups/6534132917220748", "name": "main.dart", "number": "6534132917220
EXT Extension {"type": "Event", "kind": "Extension", "extensionKind": "Flutter.Frame", "isolateGroup": {"type": "@IsolateGroup", "id": "isolateGroups/6534132917220748", "name": "main.dart", "number": "6534132917220
EXT Extension {"type": "Event", "kind": "Extension", "extensionKind": "Flutter.Frame", "isolateGroup": {"type": "@IsolateGroup", "id": "isolateGroups/6534132917220748", "name": "main.dart", "number": "6534132917220
EXT Extension {"type": "Event", "kind": "Extension", "extensionKind": "Flutter.Frame", "isolateGroup": {"type": "@IsolateGroup", "id": "isolateGroups/6534132917220748", "name": "main.dart", "number": "6534132917220
EXT Extension {"type": "Event", "kind": "Extension", "extensionKind": "Flutter.Frame", "isolateGroup": {"type": "@IsolateGroup", "id": "isolateGroups/6534132917220748", "name": "main.dart", "number": "6534132917220
EXT Extension {"type": "Event", "kind": "Extension", "extensionKind": "Flutter.ImageSizesForFrame", "isolateGroup": {"type": "@IsolateGroup", "id": "isolateGroups/6534132917220748", "name": "main.dart", "number": "
EXT Extension {"type": "Event", "kind": "Extension", "extensionKind": "Flutter.Frame", "isolateGroup": {"type": "@IsolateGroup", "id": "isolateGroups/6534132917220748", "name": "main.dart", "number": "6534132917220
EXT Extension {"type": "Event", "kind": "Extension", "extensionKind": "Flutter.Frame", "isolateGroup": {"type": "@IsolateGroup", "id": "isolateGroups/6534132917220748", "name": "main.dart", "number": "6534132917220
EXT Extension {"type": "Event", "kind": "Extension", "extensionKind": "Flutter.Navigation", "isolateGroup": {"type": "@IsolateGroup", "id": "isolateGroups/6534132917220748", "name": "main.dart", "number": "65341329
EXT Extension {"type": "Event", "kind": "Extension", "extensionKind": "Flutter.Frame", "isolateGroup": {"type": "@IsolateGroup", "id": "isolateGroups/6534132917220748", "name": "main.dart", "number": "6534132917220
EXT Extension {"type": "Event", "kind": "Extension", "extensionKind": "Flutter.Frame", "isolateGroup": {"type": "@IsolateGroup", "id": "isolateGroups/6534132917220748", "name": "main.dart", "number": "6534132917220
EXT Extension {"type": "Event", "kind": "Extension", "extensionKind": "Flutter.Frame", "isolateGroup": {"type": "@IsolateGroup", "id": "isolateGroups/6534132917220748", "name": "main.dart", "number": "6534132917220
EXT Extension {"type": "Event", "kind": "Extension", "extensionKind": "Flutter.Frame", "isolateGroup": {"type": "@IsolateGroup", "id": "isolateGroups/6534132917220748", "name": "main.dart", "number": "6534132917220
EXT Extension {"type": "Event", "kind": "Extension", "extensionKind": "Flutter.Frame", "isolateGroup": {"type": "@IsolateGroup", "id": "isolateGroups/6534132917220748", "name": "main.dart", "number": "6534132917220
EXT Extension {"type": "Event", "kind": "Extension", "extensionKind": "Flutter.Frame", "isolateGroup": {"type": "@IsolateGroup", "id": "isolateGroups/6534132917220748", "name": "main.dart", "number": "6534132917220
EXT Extension {"type": "Event", "kind": "Extension", "extensionKind": "Flutter.Frame", "isolateGroup": {"type": "@IsolateGroup", "id": "isolateGroups/6534132917220748", "name": "main.dart", "number": "6534132917220
EXT Extension {"type": "Event", "kind": "Extension", "extensionKind": "Flutter.Frame", "isolateGroup": {"type": "@IsolateGroup", "id": "isolateGroups/6534132917220748", "name": "main.dart", "number": "6534132917220
EXT Extension {"type": "Event", "kind": "Extension", "extensionKind": "Flutter.Frame", "isolateGroup": {"type": "@IsolateGroup", "id": "isolateGroups/6534132917220748", "name": "main.dart", "number": "6534132917220
EXT Extension {"type": "Event", "kind": "Extension", "extensionKind": "Flutter.Frame", "isolateGroup": {"type": "@IsolateGroup", "id": "isolateGroups/6534132917220748", "name": "main.dart", "number": "6534132917220
EXT Extension {"type": "Event", "kind": "Extension", "extensionKind": "Flutter.Frame", "isolateGroup": {"type": "@IsolateGroup", "id": "isolateGroups/6534132917220748", "name": "main.dart", "number": "6534132917220
EXT Extension {"type": "Event", "kind": "Extension", "extensionKind": "Flutter.Frame", "isolateGroup": {"type": "@IsolateGroup", "id": "isolateGroups/6534132917220748", "name": "main.dart", "number": "6534132917220
EXT Extension {"type": "Event", "kind": "Extension", "extensionKind": "Flutter.Frame", "isolateGroup": {"type": "@IsolateGroup", "id": "isolateGroups/6534132917220748", "name": "main.dart", "number": "6534132917220
EXT Extension {"type": "Event", "kind": "Extension", "extensionKind": "Flutter.Frame", "isolateGroup": {"type": "@IsolateGroup", "id": "isolateGroups/6534132917220748", "name": "main.dart", "number": "6534132917220
EXT Extension {"type": "Event", "kind": "Extension", "extensionKind": "Flutter.Frame", "isolateGroup": {"type": "@IsolateGroup", "id": "isolateGroups/6534132917220748", "name": "main.dart", "number": "6534132917220
EXT Extension {"type": "Event", "kind": "Extension", "extensionKind": "Flutter.Frame", "isolateGroup": {"type": "@IsolateGroup", "id": "isolateGroups/6534132917220748", "name": "main.dart", "number": "6534132917220
EXT Extension {"type": "Event", "kind": "Extension", "extensionKind": "Flutter.Frame", "isolateGroup": {"type": "@IsolateGroup", "id": "isolateGroups/6534132917220748", "name": "main.dart", "number": "6534132917220
EXT Extension {"type": "Event", "kind": "Extension", "extensionKind": "Flutter.Frame", "isolateGroup": {"type": "@IsolateGroup", "id": "isolateGroups/6534132917220748", "name": "main.dart", "number": "6534132917220
EXT Extension {"type": "Event", "kind": "Extension", "extensionKind": "Flutter.Frame", "isolateGroup": {"type": "@IsolateGroup", "id": "isolateGroups/6534132917220748", "name": "main.dart", "number": "6534132917220
EXT Extension {"type": "Event", "kind": "Extension", "extensionKind": "Flutter.Frame", "isolateGroup": {"type": "@IsolateGroup", "id": "isolateGroups/6534132917220748", "name": "main.dart", "number": "6534132917220
EXT Extension {"type": "Event", "kind": "Extension", "extensionKind": "Flutter.Frame", "isolateGroup": {"type": "@IsolateGroup", "id": "isolateGroups/6534132917220748", "name": "main.dart", "number": "6534132917220
EXT Extension {"type": "Event", "kind": "Extension", "extensionKind": "Flutter.Frame", "isolateGroup": {"type": "@IsolateGroup", "id": "isolateGroups/6534132917220748", "name": "main.dart", "number": "6534132917220
EXT Extension {"type": "Event", "kind": "Extension", "extensionKind": "Flutter.Frame", "isolateGroup": {"type": "@IsolateGroup", "id": "isolateGroups/6534132917220748", "name": "main.dart", "number": "6534132917220
EXT Extension {"type": "Event", "kind": "Extension", "extensionKind": "Flutter.Frame", "isolateGroup": {"type": "@IsolateGroup", "id": "isolateGroups/6534132917220748", "name": "main.dart", "number": "6534132917220
EXT Extension {"type": "Event", "kind": "Extension", "extensionKind": "Flutter.Frame", "isolateGroup": {"type": "@IsolateGroup", "id": "isolateGroups/6534132917220748", "name": "main.dart", "number": "6534132917220
EXT Extension {"type": "Event", "kind": "Extension", "extensionKind": "Flutter.Frame", "isolateGroup": {"type": "@IsolateGroup", "id": "isolateGroups/6534132917220748", "name": "main.dart", "number": "6534132917220
EXT Extension {"type": "Event", "kind": "Extension", "extensionKind": "Flutter.Frame", "isolateGroup": {"type": "@IsolateGroup", "id": "isolateGroups/6534132917220748", "name": "main.dart", "number": "6534132917220
EXT Extension {"type": "Event", "kind": "Extension", "extensionKind": "Flutter.Frame", "isolateGroup": {"type": "@IsolateGroup", "id": "isolateGroups/6534132917220748", "name": "main.dart", "number": "6534132917220
EXT Extension {"type": "Event", "kind": "Extension", "extensionKind": "Flutter.Frame", "isolateGroup": {"type": "@IsolateGroup", "id": "isolateGroups/6534132917220748", "name": "main.dart", "number": "6534132917220
EXT Extension {"type": "Event", "kind": "Extension", "extensionKind": "Flutter.Frame", "isolateGroup": {"type": "@IsolateGroup", "id": "isolateGroups/6534132917220748", "name": "main.dart", "number": "6534132917220
EXT Extension {"type": "Event", "kind": "Extension", "extensionKind": "Flutter.Frame", "isolateGroup": {"type": "@IsolateGroup", "id": "isolateGroups/6534132917220748", "name": "main.dart", "number": "6534132917220
EXT Extension {"type": "Event", "kind": "Extension", "extensionKind": "Flutter.Frame", "isolateGroup": {"type": "@IsolateGroup", "id": "isolateGroups/6534132917220748", "name": "main.dart", "number": "6534132917220
EXT Extension {"type": "Event", "kind": "Extension", "extensionKind": "Flutter.Frame", "isolateGroup": {"type": "@IsolateGroup", "id": "isolateGroups/6534132917220748", "name": "main.dart", "number": "6534132917220
EXT Extension {"type": "Event", "kind": "Extension", "extensionKind": "Flutter.Frame", "isolateGroup": {"type": "@IsolateGroup", "id": "isolateGroups/6534132917220748", "name": "main.dart", "number": "6534132917220
EXT Extension {"type": "Event", "kind": "Extension", "extensionKind": "Flutter.Frame", "isolateGroup": {"type": "@IsolateGroup", "id": "isolateGroups/6534132917220748", "name": "main.dart", "number": "6534132917220
EXT Extension {"type": "Event", "kind": "Extension", "extensionKind": "Flutter.Frame", "isolateGroup": {"type": "@IsolateGroup", "id": "isolateGroups/6534132917220748", "name": "main.dart", "number": "6534132917220
EXT Extension {"type": "Event", "kind": "Extension", "extensionKind": "Flutter.Frame", "isolateGroup": {"type": "@IsolateGroup", "id": "isolateGroups/6534132917220748", "name": "main.dart", "number": "6534132917220
EXT Extension {"type": "Event", "kind": "Extension", "extensionKind": "Flutter.Frame", "isolateGroup": {"type": "@IsolateGroup", "id": "isolateGroups/6534132917220748", "name": "main.dart", "number": "6534132917220
EXT Extension {"type": "Event", "kind": "Extension", "extensionKind": "Flutter.Frame", "isolateGroup": {"type": "@IsolateGroup", "id": "isolateGroups/6534132917220748", "name": "main.dart", "number": "6534132917220
EXT Extension {"type": "Event", "kind": "Extension", "extensionKind": "Flutter.Frame", "isolateGroup": {"type": "@IsolateGroup", "id": "isolateGroups/6534132917220748", "name": "main.dart", "number": "6534132917220
EXT Extension {"type": "Event", "kind": "Extension", "extensionKind": "Flutter.Frame", "isolateGroup": {"type": "@IsolateGroup", "id": "isolateGroups/6534132917220748", "name": "main.dart", "number": "6534132917220
EXT Extension {"type": "Event", "kind": "Extension", "extensionKind": "Flutter.Frame", "isolateGroup": {"type": "@IsolateGroup", "id": "isolateGroups/6534132917220748", "name": "main.dart", "number": "6534132917220
EXT Extension {"type": "Event", "kind": "Extension", "extensionKind": "Flutter.Frame", "isolateGroup": {"type": "@IsolateGroup", "id": "isolateGroups/6534132917220748", "name": "main.dart", "number": "6534132917220
EXT Extension {"type": "Event", "kind": "Extension", "extensionKind": "Flutter.Frame", "isolateGroup": {"type": "@IsolateGroup", "id": "isolateGroups/6534132917220748", "name": "main.dart", "number": "6534132917220
EXT Extension {"type": "Event", "kind": "Extension", "extensionKind": "Flutter.Frame", "isolateGroup": {"type": "@IsolateGroup", "id": "isolateGroups/6534132917220748", "name": "main.dart", "number": "6534132917220
EXT Extension {"type": "Event", "kind": "Extension", "extensionKind": "Flutter.Frame", "isolateGroup": {"type": "@IsolateGroup", "id": "isolateGroups/6534132917220748", "name": "main.dart", "number": "6534132917220
EXT Extension {"type": "Event", "kind": "Extension", "extensionKind": "Flutter.Frame", "isolateGroup": {"type": "@IsolateGroup", "id": "isolateGroups/6534132917220748", "name": "main.dart", "number": "6534132917220
EXT Extension {"type": "Event", "kind": "Extension", "extensionKind": "Flutter.Frame", "isolateGroup": {"type": "@IsolateGroup", "id": "isolateGroups/6534132917220748", "name": "main.dart", "number": "6534132917220
EXT Extension {"type": "Event", "kind": "Extension", "extensionKind": "Flutter.Frame", "isolateGroup": {"type": "@IsolateGroup", "id": "isolateGroups/6534132917220748", "name": "main.dart", "number": "6534132917220
EXT Extension {"type": "Event", "kind": "Extension", "extensionKind": "Flutter.ImageSizesForFrame", "isolateGroup": {"type": "@IsolateGroup", "id": "isolateGroups/6534132917220748", "name": "main.dart", "number": "
EXT Extension {"type": "Event", "kind": "Extension", "extensionKind": "Flutter.ImageSizesForFrame", "isolateGroup": {"type": "@IsolateGroup", "id": "isolateGroups/6534132917220748", "name": "main.dart", "number": "
EXT Extension {"type": "Event", "kind": "Extension", "extensionKind": "Flutter.Frame", "isolateGroup": {"type": "@IsolateGroup", "id": "isolateGroups/6534132917220748", "name": "main.dart", "number": "6534132917220
EXT Extension {"type": "Event", "kind": "Extension", "extensionKind": "Flutter.Frame", "isolateGroup": {"type": "@IsolateGroup", "id": "isolateGroups/6534132917220748", "name": "main.dart", "number": "6534132917220
EXT Extension {"type": "Event", "kind": "Extension", "extensionKind": "Flutter.Frame", "isolateGroup": {"type": "@IsolateGroup", "id": "isolateGroups/6534132917220748", "name": "main.dart", "number": "6534132917220
EXT Extension {"type": "Event", "kind": "Extension", "extensionKind": "Flutter.Frame", "isolateGroup": {"type": "@IsolateGroup", "id": "isolateGroups/6534132917220748", "name": "main.dart", "number": "6534132917220
EXT Extension {"type": "Event", "kind": "Extension", "extensionKind": "Flutter.Frame", "isolateGroup": {"type": "@IsolateGroup", "id": "isolateGroups/6534132917220748", "name": "main.dart", "number": "6534132917220
EXT Extension {"type": "Event", "kind": "Extension", "extensionKind": "Flutter.Frame", "isolateGroup": {"type": "@IsolateGroup", "id": "isolateGroups/6534132917220748", "name": "main.dart", "number": "6534132917220
EXT Extension {"type": "Event", "kind": "Extension", "extensionKind": "Flutter.Frame", "isolateGroup": {"type": "@IsolateGroup", "id": "isolateGroups/6534132917220748", "name": "main.dart", "number": "6534132917220
EXT Extension {"type": "Event", "kind": "Extension", "extensionKind": "Flutter.Frame", "isolateGroup": {"type": "@IsolateGroup", "id": "isolateGroups/6534132917220748", "name": "main.dart", "number": "6534132917220
EXT Extension {"type": "Event", "kind": "Extension", "extensionKind": "Flutter.ImageSizesForFrame", "isolateGroup": {"type": "@IsolateGroup", "id": "isolateGroups/6534132917220748", "name": "main.dart", "number": "
EXT Extension {"type": "Event", "kind": "Extension", "extensionKind": "Flutter.Frame", "isolateGroup": {"type": "@IsolateGroup", "id": "isolateGroups/6534132917220748", "name": "main.dart", "number": "6534132917220
EXT Extension {"type": "Event", "kind": "Extension", "extensionKind": "Flutter.Frame", "isolateGroup": {"type": "@IsolateGroup", "id": "isolateGroups/6534132917220748", "name": "main.dart", "number": "6534132917220
EXT Extension {"type": "Event", "kind": "Extension", "extensionKind": "Flutter.Frame", "isolateGroup": {"type": "@IsolateGroup", "id": "isolateGroups/6534132917220748", "name": "main.dart", "number": "6534132917220
EXT Extension {"type": "Event", "kind": "Extension", "extensionKind": "Flutter.Frame", "isolateGroup": {"type": "@IsolateGroup", "id": "isolateGroups/6534132917220748", "name": "main.dart", "number": "6534132917220
EXT Extension {"type": "Event", "kind": "Extension", "extensionKind": "Flutter.Frame", "isolateGroup": {"type": "@IsolateGroup", "id": "isolateGroups/6534132917220748", "name": "main.dart", "number": "6534132917220
EXT Extension {"type": "Event", "kind": "Extension", "extensionKind": "Flutter.Frame", "isolateGroup": {"type": "@IsolateGroup", "id": "isolateGroups/6534132917220748", "name": "main.dart", "number": "6534132917220
EXT Extension {"type": "Event", "kind": "Extension", "extensionKind": "Flutter.Frame", "isolateGroup": {"type": "@IsolateGroup", "id": "isolateGroups/6534132917220748", "name": "main.dart", "number": "6534132917220
EXT Extension {"type": "Event", "kind": "Extension", "extensionKind": "Flutter.Frame", "isolateGroup": {"type": "@IsolateGroup", "id": "isolateGroups/6534132917220748", "name": "main.dart", "number": "6534132917220
EXT Extension {"type": "Event", "kind": "Extension", "extensionKind": "Flutter.Frame", "isolateGroup": {"type": "@IsolateGroup", "id": "isolateGroups/6534132917220748", "name": "main.dart", "number": "6534132917220
EXT Extension {"type": "Event", "kind": "Extension", "extensionKind": "Flutter.Frame", "isolateGroup": {"type": "@IsolateGroup", "id": "isolateGroups/6534132917220748", "name": "main.dart", "number": "6534132917220
EXT Extension {"type": "Event", "kind": "Extension", "extensionKind": "Flutter.Frame", "isolateGroup": {"type": "@IsolateGroup", "id": "isolateGroups/6534132917220748", "name": "main.dart", "number": "6534132917220
EXT Extension {"type": "Event", "kind": "Extension", "extensionKind": "Flutter.Frame", "isolateGroup": {"type": "@IsolateGroup", "id": "isolateGroups/6534132917220748", "name": "main.dart", "number": "6534132917220
EXT Extension {"type": "Event", "kind": "Extension", "extensionKind": "Flutter.Frame", "isolateGroup": {"type": "@IsolateGroup", "id": "isolateGroups/6534132917220748", "name": "main.dart", "number": "6534132917220
EXT Extension {"type": "Event", "kind": "Extension", "extensionKind": "Flutter.Frame", "isolateGroup": {"type": "@IsolateGroup", "id": "isolateGroups/6534132917220748", "name": "main.dart", "number": "6534132917220
EXT Extension {"type": "Event", "kind": "Extension", "extensionKind": "Flutter.Frame", "isolateGroup": {"type": "@IsolateGroup", "id": "isolateGroups/6534132917220748", "name": "main.dart", "number": "6534132917220
EXT Extension {"type": "Event", "kind": "Extension", "extensionKind": "Flutter.Frame", "isolateGroup": {"type": "@IsolateGroup", "id": "isolateGroups/6534132917220748", "name": "main.dart", "number": "6534132917220
EXT Extension {"type": "Event", "kind": "Extension", "extensionKind": "Flutter.Frame", "isolateGroup": {"type": "@IsolateGroup", "id": "isolateGroups/6534132917220748", "name": "main.dart", "number": "6534132917220
EXT Extension {"type": "Event", "kind": "Extension", "extensionKind": "Flutter.Frame", "isolateGroup": {"type": "@IsolateGroup", "id": "isolateGroups/6534132917220748", "name": "main.dart", "number": "6534132917220
EXT Extension {"type": "Event", "kind": "Extension", "extensionKind": "Flutter.Frame", "isolateGroup": {"type": "@IsolateGroup", "id": "isolateGroups/6534132917220748", "name": "main.dart", "number": "6534132917220
EXT Extension {"type": "Event", "kind": "Extension", "extensionKind": "Flutter.Frame", "isolateGroup": {"type": "@IsolateGroup", "id": "isolateGroups/6534132917220748", "name": "main.dart", "number": "6534132917220
EXT Extension {"type": "Event", "kind": "Extension", "extensionKind": "Flutter.Frame", "isolateGroup": {"type": "@IsolateGroup", "id": "isolateGroups/6534132917220748", "name": "main.dart", "number": "6534132917220
EXT Extension {"type": "Event", "kind": "Extension", "extensionKind": "Flutter.ImageSizesForFrame", "isolateGroup": {"type": "@IsolateGroup", "id": "isolateGroups/6534132917220748", "name": "main.dart", "number": "
EXT Extension {"type": "Event", "kind": "Extension", "extensionKind": "Flutter.Frame", "isolateGroup": {"type": "@IsolateGroup", "id": "isolateGroups/6534132917220748", "name": "main.dart", "number": "6534132917220
EXT Extension {"type": "Event", "kind": "Extension", "extensionKind": "Flutter.Frame", "isolateGroup": {"type": "@IsolateGroup", "id": "isolateGroups/6534132917220748", "name": "main.dart", "number": "6534132917220
EXT Extension {"type": "Event", "kind": "Extension", "extensionKind": "Flutter.Frame", "isolateGroup": {"type": "@IsolateGroup", "id": "isolateGroups/6534132917220748", "name": "main.dart", "number": "6534132917220
EXT Extension {"type": "Event", "kind": "Extension", "extensionKind": "Flutter.Frame", "isolateGroup": {"type": "@IsolateGroup", "id": "isolateGroups/6534132917220748", "name": "main.dart", "number": "6534132917220
EXT Extension {"type": "Event", "kind": "Extension", "extensionKind": "Flutter.Frame", "isolateGroup": {"type": "@IsolateGroup", "id": "isolateGroups/6534132917220748", "name": "main.dart", "number": "6534132917220
EXT Extension {"type": "Event", "kind": "Extension", "extensionKind": "Flutter.Frame", "isolateGroup": {"type": "@IsolateGroup", "id": "isolateGroups/6534132917220748", "name": "main.dart", "number": "6534132917220
EXT Extension {"type": "Event", "kind": "Extension", "extensionKind": "Flutter.Frame", "isolateGroup": {"type": "@IsolateGroup", "id": "isolateGroups/6534132917220748", "name": "main.dart", "number": "6534132917220
EXT Extension {"type": "Event", "kind": "Extension", "extensionKind": "Flutter.Frame", "isolateGroup": {"type": "@IsolateGroup", "id": "isolateGroups/6534132917220748", "name": "main.dart", "number": "6534132917220
EXT Extension {"type": "Event", "kind": "Extension", "extensionKind": "Flutter.Frame", "isolateGroup": {"type": "@IsolateGroup", "id": "isolateGroups/6534132917220748", "name": "main.dart", "number": "6534132917220
EXT Extension {"type": "Event", "kind": "Extension", "extensionKind": "Flutter.Frame", "isolateGroup": {"type": "@IsolateGroup", "id": "isolateGroups/6534132917220748", "name": "main.dart", "number": "6534132917220
EXT Extension {"type": "Event", "kind": "Extension", "extensionKind": "Flutter.Frame", "isolateGroup": {"type": "@IsolateGroup", "id": "isolateGroups/6534132917220748", "name": "main.dart", "number": "6534132917220
EXT Extension {"type": "Event", "kind": "Extension", "extensionKind": "Flutter.Frame", "isolateGroup": {"type": "@IsolateGroup", "id": "isolateGroups/6534132917220748", "name": "main.dart", "number": "6534132917220
EXT Extension {"type": "Event", "kind": "Extension", "extensionKind": "Flutter.Frame", "isolateGroup": {"type": "@IsolateGroup", "id": "isolateGroups/6534132917220748", "name": "main.dart", "number": "6534132917220
EXT Extension {"type": "Event", "kind": "Extension", "extensionKind": "Flutter.Frame", "isolateGroup": {"type": "@IsolateGroup", "id": "isolateGroups/6534132917220748", "name": "main.dart", "number": "6534132917220
EXT Extension {"type": "Event", "kind": "Extension", "extensionKind": "Flutter.Frame", "isolateGroup": {"type": "@IsolateGroup", "id": "isolateGroups/6534132917220748", "name": "main.dart", "number": "6534132917220
EXT Extension {"type": "Event", "kind": "Extension", "extensionKind": "Flutter.Frame", "isolateGroup": {"type": "@IsolateGroup", "id": "isolateGroups/6534132917220748", "name": "main.dart", "number": "6534132917220
EXT Extension {"type": "Event", "kind": "Extension", "extensionKind": "Flutter.Frame", "isolateGroup": {"type": "@IsolateGroup", "id": "isolateGroups/6534132917220748", "name": "main.dart", "number": "6534132917220
EXT Extension {"type": "Event", "kind": "Extension", "extensionKind": "Flutter.Frame", "isolateGroup": {"type": "@IsolateGroup", "id": "isolateGroups/6534132917220748", "name": "main.dart", "number": "6534132917220
EXT Extension {"type": "Event", "kind": "Extension", "extensionKind": "Flutter.Frame", "isolateGroup": {"type": "@IsolateGroup", "id": "isolateGroups/6534132917220748", "name": "main.dart", "number": "6534132917220
EXT Extension {"type": "Event", "kind": "Extension", "extensionKind": "Flutter.Frame", "isolateGroup": {"type": "@IsolateGroup", "id": "isolateGroups/6534132917220748", "name": "main.dart", "number": "6534132917220
EXT Extension {"type": "Event", "kind": "Extension", "extensionKind": "Flutter.Frame", "isolateGroup": {"type": "@IsolateGroup", "id": "isolateGroups/6534132917220748", "name": "main.dart", "number": "6534132917220
EXT Extension {"type": "Event", "kind": "Extension", "extensionKind": "Flutter.Frame", "isolateGroup": {"type": "@IsolateGroup", "id": "isolateGroups/6534132917220748", "name": "main.dart", "number": "6534132917220
EXT Extension {"type": "Event", "kind": "Extension", "extensionKind": "Flutter.Frame", "isolateGroup": {"type": "@IsolateGroup", "id": "isolateGroups/6534132917220748", "name": "main.dart", "number": "6534132917220
EXT Extension {"type": "Event", "kind": "Extension", "extensionKind": "Flutter.Frame", "isolateGroup": {"type": "@IsolateGroup", "id": "isolateGroups/6534132917220748", "name": "main.dart", "number": "6534132917220
EXT Extension {"type": "Event", "kind": "Extension", "extensionKind": "Flutter.Frame", "isolateGroup": {"type": "@IsolateGroup", "id": "isolateGroups/6534132917220748", "name": "main.dart", "number": "6534132917220
EXT Extension {"type": "Event", "kind": "Extension", "extensionKind": "Flutter.Frame", "isolateGroup": {"type": "@IsolateGroup", "id": "isolateGroups/6534132917220748", "name": "main.dart", "number": "6534132917220
EXT Extension {"type": "Event", "kind": "Extension", "extensionKind": "Flutter.Frame", "isolateGroup": {"type": "@IsolateGroup", "id": "isolateGroups/6534132917220748", "name": "main.dart", "number": "6534132917220
EXT Extension {"type": "Event", "kind": "Extension", "extensionKind": "Flutter.Frame", "isolateGroup": {"type": "@IsolateGroup", "id": "isolateGroups/6534132917220748", "name": "main.dart", "number": "6534132917220
EXT Extension {"type": "Event", "kind": "Extension", "extensionKind": "Flutter.Frame", "isolateGroup": {"type": "@IsolateGroup", "id": "isolateGroups/6534132917220748", "name": "main.dart", "number": "6534132917220
EXT Extension {"type": "Event", "kind": "Extension", "extensionKind": "Flutter.Frame", "isolateGroup": {"type": "@IsolateGroup", "id": "isolateGroups/6534132917220748", "name": "main.dart", "number": "6534132917220
EXT Extension {"type": "Event", "kind": "Extension", "extensionKind": "Flutter.Frame", "isolateGroup": {"type": "@IsolateGroup", "id": "isolateGroups/6534132917220748", "name": "main.dart", "number": "6534132917220
EXT Extension {"type": "Event", "kind": "Extension", "extensionKind": "Flutter.Frame", "isolateGroup": {"type": "@IsolateGroup", "id": "isolateGroups/6534132917220748", "name": "main.dart", "number": "6534132917220
EXT Extension {"type": "Event", "kind": "Extension", "extensionKind": "Flutter.Frame", "isolateGroup": {"type": "@IsolateGroup", "id": "isolateGroups/6534132917220748", "name": "main.dart", "number": "6534132917220
EXT Extension {"type": "Event", "kind": "Extension", "extensionKind": "Flutter.Frame", "isolateGroup": {"type": "@IsolateGroup", "id": "isolateGroups/6534132917220748", "name": "main.dart", "number": "6534132917220
EXT Extension {"type": "Event", "kind": "Extension", "extensionKind": "Flutter.Frame", "isolateGroup": {"type": "@IsolateGroup", "id": "isolateGroups/6534132917220748", "name": "main.dart", "number": "6534132917220
EXT Extension {"type": "Event", "kind": "Extension", "extensionKind": "Flutter.Frame", "isolateGroup": {"type": "@IsolateGroup", "id": "isolateGroups/6534132917220748", "name": "main.dart", "number": "6534132917220
EXT Extension {"type": "Event", "kind": "Extension", "extensionKind": "Flutter.Frame", "isolateGroup": {"type": "@IsolateGroup", "id": "isolateGroups/6534132917220748", "name": "main.dart", "number": "6534132917220
EXT Extension {"type": "Event", "kind": "Extension", "extensionKind": "Flutter.Frame", "isolateGroup": {"type": "@IsolateGroup", "id": "isolateGroups/6534132917220748", "name": "main.dart", "number": "6534132917220
EXT Extension {"type": "Event", "kind": "Extension", "extensionKind": "Flutter.Frame", "isolateGroup": {"type": "@IsolateGroup", "id": "isolateGroups/6534132917220748", "name": "main.dart", "number": "6534132917220
EXT Extension {"type": "Event", "kind": "Extension", "extensionKind": "Flutter.Frame", "isolateGroup": {"type": "@IsolateGroup", "id": "isolateGroups/6534132917220748", "name": "main.dart", "number": "6534132917220
EXT Extension {"type": "Event", "kind": "Extension", "extensionKind": "Flutter.Frame", "isolateGroup": {"type": "@IsolateGroup", "id": "isolateGroups/6534132917220748", "name": "main.dart", "number": "6534132917220
EXT Extension {"type": "Event", "kind": "Extension", "extensionKind": "Flutter.Frame", "isolateGroup": {"type": "@IsolateGroup", "id": "isolateGroups/6534132917220748", "name": "main.dart", "number": "6534132917220
EXT Extension {"type": "Event", "kind": "Extension", "extensionKind": "Flutter.Frame", "isolateGroup": {"type": "@IsolateGroup", "id": "isolateGroups/6534132917220748", "name": "main.dart", "number": "6534132917220
EXT Extension {"type": "Event", "kind": "Extension", "extensionKind": "Flutter.Frame", "isolateGroup": {"type": "@IsolateGroup", "id": "isolateGroups/6534132917220748", "name": "main.dart", "number": "6534132917220
EXT Extension {"type": "Event", "kind": "Extension", "extensionKind": "Flutter.Frame", "isolateGroup": {"type": "@IsolateGroup", "id": "isolateGroups/6534132917220748", "name": "main.dart", "number": "6534132917220
EXT Extension {"type": "Event", "kind": "Extension", "extensionKind": "Flutter.Frame", "isolateGroup": {"type": "@IsolateGroup", "id": "isolateGroups/6534132917220748", "name": "main.dart", "number": "6534132917220
EXT Extension {"type": "Event", "kind": "Extension", "extensionKind": "Flutter.Frame", "isolateGroup": {"type": "@IsolateGroup", "id": "isolateGroups/6534132917220748", "name": "main.dart", "number": "6534132917220
EXT Extension {"type": "Event", "kind": "Extension", "extensionKind": "Flutter.Frame", "isolateGroup": {"type": "@IsolateGroup", "id": "isolateGroups/6534132917220748", "name": "main.dart", "number": "6534132917220
EXT Extension {"type": "Event", "kind": "Extension", "extensionKind": "Flutter.Frame", "isolateGroup": {"type": "@IsolateGroup", "id": "isolateGroups/6534132917220748", "name": "main.dart", "number": "6534132917220
EXT Extension {"type": "Event", "kind": "Extension", "extensionKind": "Flutter.Frame", "isolateGroup": {"type": "@IsolateGroup", "id": "isolateGroups/6534132917220748", "name": "main.dart", "number": "6534132917220
EXT Extension {"type": "Event", "kind": "Extension", "extensionKind": "Flutter.Frame", "isolateGroup": {"type": "@IsolateGroup", "id": "isolateGroups/6534132917220748", "name": "main.dart", "number": "6534132917220
EXT Extension {"type": "Event", "kind": "Extension", "extensionKind": "Flutter.Frame", "isolateGroup": {"type": "@IsolateGroup", "id": "isolateGroups/6534132917220748", "name": "main.dart", "number": "6534132917220
EXT Extension {"type": "Event", "kind": "Extension", "extensionKind": "Flutter.Frame", "isolateGroup": {"type": "@IsolateGroup", "id": "isolateGroups/6534132917220748", "name": "main.dart", "number": "6534132917220
EXT Extension {"type": "Event", "kind": "Extension", "extensionKind": "Flutter.Frame", "isolateGroup": {"type": "@IsolateGroup", "id": "isolateGroups/6534132917220748", "name": "main.dart", "number": "6534132917220
EXT Extension {"type": "Event", "kind": "Extension", "extensionKind": "Flutter.Frame", "isolateGroup": {"type": "@IsolateGroup", "id": "isolateGroups/6534132917220748", "name": "main.dart", "number": "6534132917220
EXT Extension {"type": "Event", "kind": "Extension", "extensionKind": "Flutter.Frame", "isolateGroup": {"type": "@IsolateGroup", "id": "isolateGroups/6534132917220748", "name": "main.dart", "number": "6534132917220
EXT Extension {"type": "Event", "kind": "Extension", "extensionKind": "Flutter.Frame", "isolateGroup": {"type": "@IsolateGroup", "id": "isolateGroups/6534132917220748", "name": "main.dart", "number": "6534132917220
EXT Extension {"type": "Event", "kind": "Extension", "extensionKind": "Flutter.Frame", "isolateGroup": {"type": "@IsolateGroup", "id": "isolateGroups/6534132917220748", "name": "main.dart", "number": "6534132917220
EXT Extension {"type": "Event", "kind": "Extension", "extensionKind": "Flutter.Frame", "isolateGroup": {"type": "@IsolateGroup", "id": "isolateGroups/6534132917220748", "name": "main.dart", "number": "6534132917220
EXT Extension {"type": "Event", "kind": "Extension", "extensionKind": "Flutter.Frame", "isolateGroup": {"type": "@IsolateGroup", "id": "isolateGroups/6534132917220748", "name": "main.dart", "number": "6534132917220
EXT Extension {"type": "Event", "kind": "Extension", "extensionKind": "Flutter.Frame", "isolateGroup": {"type": "@IsolateGroup", "id": "isolateGroups/6534132917220748", "name": "main.dart", "number": "6534132917220
EXT Extension {"type": "Event", "kind": "Extension", "extensionKind": "Flutter.Frame", "isolateGroup": {"type": "@IsolateGroup", "id": "isolateGroups/6534132917220748", "name": "main.dart", "number": "6534132917220
EXT Extension {"type": "Event", "kind": "Extension", "extensionKind": "Flutter.Frame", "isolateGroup": {"type": "@IsolateGroup", "id": "isolateGroups/6534132917220748", "name": "main.dart", "number": "6534132917220
EXT Extension {"type": "Event", "kind": "Extension", "extensionKind": "Flutter.Frame", "isolateGroup": {"type": "@IsolateGroup", "id": "isolateGroups/6534132917220748", "name": "main.dart", "number": "6534132917220
EXT Extension {"type": "Event", "kind": "Extension", "extensionKind": "Flutter.Frame", "isolateGroup": {"type": "@IsolateGroup", "id": "isolateGroups/6534132917220748", "name": "main.dart", "number": "6534132917220
EXT Extension {"type": "Event", "kind": "Extension", "extensionKind": "Flutter.Frame", "isolateGroup": {"type": "@IsolateGroup", "id": "isolateGroups/6534132917220748", "name": "main.dart", "number": "6534132917220
EXT Extension {"type": "Event", "kind": "Extension", "extensionKind": "Flutter.Frame", "isolateGroup": {"type": "@IsolateGroup", "id": "isolateGroups/6534132917220748", "name": "main.dart", "number": "6534132917220
EXT Extension {"type": "Event", "kind": "Extension", "extensionKind": "Flutter.Frame", "isolateGroup": {"type": "@IsolateGroup", "id": "isolateGroups/6534132917220748", "name": "main.dart", "number": "6534132917220
EXT Extension {"type": "Event", "kind": "Extension", "extensionKind": "Flutter.ImageSizesForFrame", "isolateGroup": {"type": "@IsolateGroup", "id": "isolateGroups/6534132917220748", "name": "main.dart", "number": "
EXT Extension {"type": "Event", "kind": "Extension", "extensionKind": "Flutter.Frame", "isolateGroup": {"type": "@IsolateGroup", "id": "isolateGroups/6534132917220748", "name": "main.dart", "number": "6534132917220
EXT Extension {"type": "Event", "kind": "Extension", "extensionKind": "Flutter.Frame", "isolateGroup": {"type": "@IsolateGroup", "id": "isolateGroups/6534132917220748", "name": "main.dart", "number": "6534132917220
EXT Extension {"type": "Event", "kind": "Extension", "extensionKind": "Flutter.Frame", "isolateGroup": {"type": "@IsolateGroup", "id": "isolateGroups/6534132917220748", "name": "main.dart", "number": "6534132917220
EXT Extension {"type": "Event", "kind": "Extension", "extensionKind": "Flutter.Frame", "isolateGroup": {"type": "@IsolateGroup", "id": "isolateGroups/6534132917220748", "name": "main.dart", "number": "6534132917220
EXT Extension {"type": "Event", "kind": "Extension", "extensionKind": "Flutter.Frame", "isolateGroup": {"type": "@IsolateGroup", "id": "isolateGroups/6534132917220748", "name": "main.dart", "number": "6534132917220
EXT Extension {"type": "Event", "kind": "Extension", "extensionKind": "Flutter.Frame", "isolateGroup": {"type": "@IsolateGroup", "id": "isolateGroups/6534132917220748", "name": "main.dart", "number": "6534132917220
EXT Extension {"type": "Event", "kind": "Extension", "extensionKind": "Flutter.Frame", "isolateGroup": {"type": "@IsolateGroup", "id": "isolateGroups/6534132917220748", "name": "main.dart", "number": "6534132917220
EXT Extension {"type": "Event", "kind": "Extension", "extensionKind": "Flutter.Frame", "isolateGroup": {"type": "@IsolateGroup", "id": "isolateGroups/6534132917220748", "name": "main.dart", "number": "6534132917220
EXT Extension {"type": "Event", "kind": "Extension", "extensionKind": "Flutter.Frame", "isolateGroup": {"type": "@IsolateGroup", "id": "isolateGroups/6534132917220748", "name": "main.dart", "number": "6534132917220
EXT Extension {"type": "Event", "kind": "Extension", "extensionKind": "Flutter.Frame", "isolateGroup": {"type": "@IsolateGroup", "id": "isolateGroups/6534132917220748", "name": "main.dart", "number": "6534132917220
EXT Extension {"type": "Event", "kind": "Extension", "extensionKind": "Flutter.Frame", "isolateGroup": {"type": "@IsolateGroup", "id": "isolateGroups/6534132917220748", "name": "main.dart", "number": "6534132917220
EXT Extension {"type": "Event", "kind": "Extension", "extensionKind": "Flutter.Frame", "isolateGroup": {"type": "@IsolateGroup", "id": "isolateGroups/6534132917220748", "name": "main.dart", "number": "6534132917220
EXT Extension {"type": "Event", "kind": "Extension", "extensionKind": "Flutter.Frame", "isolateGroup": {"type": "@IsolateGroup", "id": "isolateGroups/6534132917220748", "name": "main.dart", "number": "6534132917220
EXT Extension {"type": "Event", "kind": "Extension", "extensionKind": "Flutter.Frame", "isolateGroup": {"type": "@IsolateGroup", "id": "isolateGroups/6534132917220748", "name": "main.dart", "number": "6534132917220
EXT Extension {"type": "Event", "kind": "Extension", "extensionKind": "Flutter.Frame", "isolateGroup": {"type": "@IsolateGroup", "id": "isolateGroups/6534132917220748", "name": "main.dart", "number": "6534132917220
EXT Extension {"type": "Event", "kind": "Extension", "extensionKind": "Flutter.Frame", "isolateGroup": {"type": "@IsolateGroup", "id": "isolateGroups/6534132917220748", "name": "main.dart", "number": "6534132917220
EXT Extension {"type": "Event", "kind": "Extension", "extensionKind": "Flutter.Frame", "isolateGroup": {"type": "@IsolateGroup", "id": "isolateGroups/6534132917220748", "name": "main.dart", "number": "6534132917220
EXT Extension {"type": "Event", "kind": "Extension", "extensionKind": "Flutter.Frame", "isolateGroup": {"type": "@IsolateGroup", "id": "isolateGroups/6534132917220748", "name": "main.dart", "number": "6534132917220
EXT Extension {"type": "Event", "kind": "Extension", "extensionKind": "Flutter.Frame", "isolateGroup": {"type": "@IsolateGroup", "id": "isolateGroups/6534132917220748", "name": "main.dart", "number": "6534132917220
EXT Extension {"type": "Event", "kind": "Extension", "extensionKind": "Flutter.ImageSizesForFrame", "isolateGroup": {"type": "@IsolateGroup", "id": "isolateGroups/6534132917220748", "name": "main.dart", "number": "
EXT Extension {"type": "Event", "kind": "Extension", "extensionKind": "Flutter.Frame", "isolateGroup": {"type": "@IsolateGroup", "id": "isolateGroups/6534132917220748", "name": "main.dart", "number": "6534132917220
EXT Extension {"type": "Event", "kind": "Extension", "extensionKind": "Flutter.Frame", "isolateGroup": {"type": "@IsolateGroup", "id": "isolateGroups/6534132917220748", "name": "main.dart", "number": "6534132917220
EXT Extension {"type": "Event", "kind": "Extension", "extensionKind": "Flutter.Frame", "isolateGroup": {"type": "@IsolateGroup", "id": "isolateGroups/6534132917220748", "name": "main.dart", "number": "6534132917220
EXT Extension {"type": "Event", "kind": "Extension", "extensionKind": "Flutter.Frame", "isolateGroup": {"type": "@IsolateGroup", "id": "isolateGroups/6534132917220748", "name": "main.dart", "number": "6534132917220
EXT Extension {"type": "Event", "kind": "Extension", "extensionKind": "Flutter.Frame", "isolateGroup": {"type": "@IsolateGroup", "id": "isolateGroups/6534132917220748", "name": "main.dart", "number": "6534132917220
EXT Extension {"type": "Event", "kind": "Extension", "extensionKind": "Flutter.Frame", "isolateGroup": {"type": "@IsolateGroup", "id": "isolateGroups/6534132917220748", "name": "main.dart", "number": "6534132917220
EXT Extension {"type": "Event", "kind": "Extension", "extensionKind": "Flutter.Frame", "isolateGroup": {"type": "@IsolateGroup", "id": "isolateGroups/6534132917220748", "name": "main.dart", "number": "6534132917220
EXT Extension {"type": "Event", "kind": "Extension", "extensionKind": "Flutter.Frame", "isolateGroup": {"type": "@IsolateGroup", "id": "isolateGroups/6534132917220748", "name": "main.dart", "number": "6534132917220
EXT Extension {"type": "Event", "kind": "Extension", "extensionKind": "Flutter.Frame", "isolateGroup": {"type": "@IsolateGroup", "id": "isolateGroups/6534132917220748", "name": "main.dart", "number": "6534132917220
EXT Extension {"type": "Event", "kind": "Extension", "extensionKind": "Flutter.Frame", "isolateGroup": {"type": "@IsolateGroup", "id": "isolateGroups/6534132917220748", "name": "main.dart", "number": "6534132917220
EXT Extension {"type": "Event", "kind": "Extension", "extensionKind": "Flutter.Frame", "isolateGroup": {"type": "@IsolateGroup", "id": "isolateGroups/6534132917220748", "name": "main.dart", "number": "6534132917220
EXT Extension {"type": "Event", "kind": "Extension", "extensionKind": "Flutter.Frame", "isolateGroup": {"type": "@IsolateGroup", "id": "isolateGroups/6534132917220748", "name": "main.dart", "number": "6534132917220
EXT Extension {"type": "Event", "kind": "Extension", "extensionKind": "Flutter.Frame", "isolateGroup": {"type": "@IsolateGroup", "id": "isolateGroups/6534132917220748", "name": "main.dart", "number": "6534132917220
EXT Extension {"type": "Event", "kind": "Extension", "extensionKind": "Flutter.Frame", "isolateGroup": {"type": "@IsolateGroup", "id": "isolateGroups/6534132917220748", "name": "main.dart", "number": "6534132917220
EXT Extension {"type": "Event", "kind": "Extension", "extensionKind": "Flutter.Frame", "isolateGroup": {"type": "@IsolateGroup", "id": "isolateGroups/6534132917220748", "name": "main.dart", "number": "6534132917220
EXT Extension {"type": "Event", "kind": "Extension", "extensionKind": "Flutter.Frame", "isolateGroup": {"type": "@IsolateGroup", "id": "isolateGroups/6534132917220748", "name": "main.dart", "number": "6534132917220
EXT Extension {"type": "Event", "kind": "Extension", "extensionKind": "Flutter.Frame", "isolateGroup": {"type": "@IsolateGroup", "id": "isolateGroups/6534132917220748", "name": "main.dart", "number": "6534132917220
EXT Extension {"type": "Event", "kind": "Extension", "extensionKind": "Flutter.Frame", "isolateGroup": {"type": "@IsolateGroup", "id": "isolateGroups/6534132917220748", "name": "main.dart", "number": "6534132917220
EXT Extension {"type": "Event", "kind": "Extension", "extensionKind": "Flutter.Frame", "isolateGroup": {"type": "@IsolateGroup", "id": "isolateGroups/6534132917220748", "name": "main.dart", "number": "6534132917220
EXT Extension {"type": "Event", "kind": "Extension", "extensionKind": "Flutter.Frame", "isolateGroup": {"type": "@IsolateGroup", "id": "isolateGroups/6534132917220748", "name": "main.dart", "number": "6534132917220
EXT Extension {"type": "Event", "kind": "Extension", "extensionKind": "Flutter.Frame", "isolateGroup": {"type": "@IsolateGroup", "id": "isolateGroups/6534132917220748", "name": "main.dart", "number": "6534132917220
EXT Extension {"type": "Event", "kind": "Extension", "extensionKind": "Flutter.Frame", "isolateGroup": {"type": "@IsolateGroup", "id": "isolateGroups/6534132917220748", "name": "main.dart", "number": "6534132917220
EXT Extension {"type": "Event", "kind": "Extension", "extensionKind": "Flutter.Frame", "isolateGroup": {"type": "@IsolateGroup", "id": "isolateGroups/6534132917220748", "name": "main.dart", "number": "6534132917220
EXT Extension {"type": "Event", "kind": "Extension", "extensionKind": "Flutter.Frame", "isolateGroup": {"type": "@IsolateGroup", "id": "isolateGroups/6534132917220748", "name": "main.dart", "number": "6534132917220
EXT Extension {"type": "Event", "kind": "Extension", "extensionKind": "Flutter.Frame", "isolateGroup": {"type": "@IsolateGroup", "id": "isolateGroups/6534132917220748", "name": "main.dart", "number": "6534132917220
EXT Extension {"type": "Event", "kind": "Extension", "extensionKind": "Flutter.Frame", "isolateGroup": {"type": "@IsolateGroup", "id": "isolateGroups/6534132917220748", "name": "main.dart", "number": "6534132917220
EXT Extension {"type": "Event", "kind": "Extension", "extensionKind": "Flutter.Frame", "isolateGroup": {"type": "@IsolateGroup", "id": "isolateGroups/6534132917220748", "name": "main.dart", "number": "6534132917220
EXT Extension {"type": "Event", "kind": "Extension", "extensionKind": "Flutter.Frame", "isolateGroup": {"type": "@IsolateGroup", "id": "isolateGroups/6534132917220748", "name": "main.dart", "number": "6534132917220
EXT Extension {"type": "Event", "kind": "Extension", "extensionKind": "Flutter.Frame", "isolateGroup": {"type": "@IsolateGroup", "id": "isolateGroups/6534132917220748", "name": "main.dart", "number": "6534132917220
EXT Extension {"type": "Event", "kind": "Extension", "extensionKind": "Flutter.Frame", "isolateGroup": {"type": "@IsolateGroup", "id": "isolateGroups/6534132917220748", "name": "main.dart", "number": "6534132917220
EXT Extension {"type": "Event", "kind": "Extension", "extensionKind": "Flutter.Frame", "isolateGroup": {"type": "@IsolateGroup", "id": "isolateGroups/6534132917220748", "name": "main.dart", "number": "6534132917220
EXT Extension {"type": "Event", "kind": "Extension", "extensionKind": "Flutter.Frame", "isolateGroup": {"type": "@IsolateGroup", "id": "isolateGroups/6534132917220748", "name": "main.dart", "number": "6534132917220
EXT Extension {"type": "Event", "kind": "Extension", "extensionKind": "Flutter.Frame", "isolateGroup": {"type": "@IsolateGroup", "id": "isolateGroups/6534132917220748", "name": "main.dart", "number": "6534132917220
EXT Extension {"type": "Event", "kind": "Extension", "extensionKind": "Flutter.Frame", "isolateGroup": {"type": "@IsolateGroup", "id": "isolateGroups/6534132917220748", "name": "main.dart", "number": "6534132917220
EXT Extension {"type": "Event", "kind": "Extension", "extensionKind": "Flutter.Frame", "isolateGroup": {"type": "@IsolateGroup", "id": "isolateGroups/6534132917220748", "name": "main.dart", "number": "6534132917220
EXT Extension {"type": "Event", "kind": "Extension", "extensionKind": "Flutter.Frame", "isolateGroup": {"type": "@IsolateGroup", "id": "isolateGroups/6534132917220748", "name": "main.dart", "number": "6534132917220
EXT Extension {"type": "Event", "kind": "Extension", "extensionKind": "Flutter.Frame", "isolateGroup": {"type": "@IsolateGroup", "id": "isolateGroups/6534132917220748", "name": "main.dart", "number": "6534132917220
EXT Extension {"type": "Event", "kind": "Extension", "extensionKind": "Flutter.Frame", "isolateGroup": {"type": "@IsolateGroup", "id": "isolateGroups/6534132917220748", "name": "main.dart", "number": "6534132917220
EXT Extension {"type": "Event", "kind": "Extension", "extensionKind": "Flutter.Frame", "isolateGroup": {"type": "@IsolateGroup", "id": "isolateGroups/6534132917220748", "name": "main.dart", "number": "6534132917220
EXT Extension {"type": "Event", "kind": "Extension", "extensionKind": "Flutter.Frame", "isolateGroup": {"type": "@IsolateGroup", "id": "isolateGroups/6534132917220748", "name": "main.dart", "number": "6534132917220
EXT Extension {"type": "Event", "kind": "Extension", "extensionKind": "Flutter.Frame", "isolateGroup": {"type": "@IsolateGroup", "id": "isolateGroups/6534132917220748", "name": "main.dart", "number": "6534132917220
EXT Extension {"type": "Event", "kind": "Extension", "extensionKind": "Flutter.Frame", "isolateGroup": {"type": "@IsolateGroup", "id": "isolateGroups/6534132917220748", "name": "main.dart", "number": "6534132917220
EXT Extension {"type": "Event", "kind": "Extension", "extensionKind": "Flutter.Frame", "isolateGroup": {"type": "@IsolateGroup", "id": "isolateGroups/6534132917220748", "name": "main.dart", "number": "6534132917220
EXT Extension {"type": "Event", "kind": "Extension", "extensionKind": "Flutter.Frame", "isolateGroup": {"type": "@IsolateGroup", "id": "isolateGroups/6534132917220748", "name": "main.dart", "number": "6534132917220
EXT Extension {"type": "Event", "kind": "Extension", "extensionKind": "Flutter.Frame", "isolateGroup": {"type": "@IsolateGroup", "id": "isolateGroups/6534132917220748", "name": "main.dart", "number": "6534132917220
EXT Extension {"type": "Event", "kind": "Extension", "extensionKind": "Flutter.Frame", "isolateGroup": {"type": "@IsolateGroup", "id": "isolateGroups/6534132917220748", "name": "main.dart", "number": "6534132917220
EXT Extension {"type": "Event", "kind": "Extension", "extensionKind": "Flutter.Frame", "isolateGroup": {"type": "@IsolateGroup", "id": "isolateGroups/6534132917220748", "name": "main.dart", "number": "6534132917220
EXT Extension {"type": "Event", "kind": "Extension", "extensionKind": "Flutter.Frame", "isolateGroup": {"type": "@IsolateGroup", "id": "isolateGroups/6534132917220748", "name": "main.dart", "number": "6534132917220
EXT Extension {"type": "Event", "kind": "Extension", "extensionKind": "Flutter.Frame", "isolateGroup": {"type": "@IsolateGroup", "id": "isolateGroups/6534132917220748", "name": "main.dart", "number": "6534132917220
EXT Extension {"type": "Event", "kind": "Extension", "extensionKind": "Flutter.Frame", "isolateGroup": {"type": "@IsolateGroup", "id": "isolateGroups/6534132917220748", "name": "main.dart", "number": "6534132917220
EXT Extension {"type": "Event", "kind": "Extension", "extensionKind": "Flutter.Frame", "isolateGroup": {"type": "@IsolateGroup", "id": "isolateGroups/6534132917220748", "name": "main.dart", "number": "6534132917220
EXT Extension {"type": "Event", "kind": "Extension", "extensionKind": "Flutter.Frame", "isolateGroup": {"type": "@IsolateGroup", "id": "isolateGroups/6534132917220748", "name": "main.dart", "number": "6534132917220
EXT Extension {"type": "Event", "kind": "Extension", "extensionKind": "Flutter.Frame", "isolateGroup": {"type": "@IsolateGroup", "id": "isolateGroups/6534132917220748", "name": "main.dart", "number": "6534132917220
EXT Extension {"type": "Event", "kind": "Extension", "extensionKind": "Flutter.Frame", "isolateGroup": {"type": "@IsolateGroup", "id": "isolateGroups/6534132917220748", "name": "main.dart", "number": "6534132917220
EXT Extension {"type": "Event", "kind": "Extension", "extensionKind": "Flutter.Frame", "isolateGroup": {"type": "@IsolateGroup", "id": "isolateGroups/6534132917220748", "name": "main.dart", "number": "6534132917220
EXT Extension {"type": "Event", "kind": "Extension", "extensionKind": "Flutter.Frame", "isolateGroup": {"type": "@IsolateGroup", "id": "isolateGroups/6534132917220748", "name": "main.dart", "number": "6534132917220
EXT Extension {"type": "Event", "kind": "Extension", "extensionKind": "Flutter.Frame", "isolateGroup": {"type": "@IsolateGroup", "id": "isolateGroups/6534132917220748", "name": "main.dart", "number": "6534132917220
EXT Extension {"type": "Event", "kind": "Extension", "extensionKind": "Flutter.Frame", "isolateGroup": {"type": "@IsolateGroup", "id": "isolateGroups/6534132917220748", "name": "main.dart", "number": "6534132917220
EXT Extension {"type": "Event", "kind": "Extension", "extensionKind": "Flutter.Frame", "isolateGroup": {"type": "@IsolateGroup", "id": "isolateGroups/6534132917220748", "name": "main.dart", "number": "6534132917220
EXT Extension {"type": "Event", "kind": "Extension", "extensionKind": "Flutter.Frame", "isolateGroup": {"type": "@IsolateGroup", "id": "isolateGroups/6534132917220748", "name": "main.dart", "number": "6534132917220
EXT Extension {"type": "Event", "kind": "Extension", "extensionKind": "Flutter.Frame", "isolateGroup": {"type": "@IsolateGroup", "id": "isolateGroups/6534132917220748", "name": "main.dart", "number": "6534132917220
EXT Extension {"type": "Event", "kind": "Extension", "extensionKind": "Flutter.Frame", "isolateGroup": {"type": "@IsolateGroup", "id": "isolateGroups/6534132917220748", "name": "main.dart", "number": "6534132917220
EXT Extension {"type": "Event", "kind": "Extension", "extensionKind": "Flutter.Frame", "isolateGroup": {"type": "@IsolateGroup", "id": "isolateGroups/6534132917220748", "name": "main.dart", "number": "6534132917220
EXT Extension {"type": "Event", "kind": "Extension", "extensionKind": "Flutter.Frame", "isolateGroup": {"type": "@IsolateGroup", "id": "isolateGroups/6534132917220748", "name": "main.dart", "number": "6534132917220
EXT Extension {"type": "Event", "kind": "Extension", "extensionKind": "Flutter.Frame", "isolateGroup": {"type": "@IsolateGroup", "id": "isolateGroups/6534132917220748", "name": "main.dart", "number": "6534132917220
EXT Extension {"type": "Event", "kind": "Extension", "extensionKind": "Flutter.Frame", "isolateGroup": {"type": "@IsolateGroup", "id": "isolateGroups/6534132917220748", "name": "main.dart", "number": "6534132917220
EXT Extension {"type": "Event", "kind": "Extension", "extensionKind": "Flutter.Frame", "isolateGroup": {"type": "@IsolateGroup", "id": "isolateGroups/6534132917220748", "name": "main.dart", "number": "6534132917220
EXT Extension {"type": "Event", "kind": "Extension", "extensionKind": "Flutter.Frame", "isolateGroup": {"type": "@IsolateGroup", "id": "isolateGroups/6534132917220748", "name": "main.dart", "number": "6534132917220
EXT Extension {"type": "Event", "kind": "Extension", "extensionKind": "Flutter.Frame", "isolateGroup": {"type": "@IsolateGroup", "id": "isolateGroups/6534132917220748", "name": "main.dart", "number": "6534132917220
EXT Extension {"type": "Event", "kind": "Extension", "extensionKind": "Flutter.Frame", "isolateGroup": {"type": "@IsolateGroup", "id": "isolateGroups/6534132917220748", "name": "main.dart", "number": "6534132917220
EXT Extension {"type": "Event", "kind": "Extension", "extensionKind": "Flutter.ImageSizesForFrame", "isolateGroup": {"type": "@IsolateGroup", "id": "isolateGroups/6534132917220748", "name": "main.dart", "number": "
EXT Extension {"type": "Event", "kind": "Extension", "extensionKind": "Flutter.Frame", "isolateGroup": {"type": "@IsolateGroup", "id": "isolateGroups/6534132917220748", "name": "main.dart", "number": "6534132917220
EXT Extension {"type": "Event", "kind": "Extension", "extensionKind": "Flutter.Frame", "isolateGroup": {"type": "@IsolateGroup", "id": "isolateGroups/6534132917220748", "name": "main.dart", "number": "6534132917220
EXT Extension {"type": "Event", "kind": "Extension", "extensionKind": "Flutter.Frame", "isolateGroup": {"type": "@IsolateGroup", "id": "isolateGroups/6534132917220748", "name": "main.dart", "number": "6534132917220
EXT Extension {"type": "Event", "kind": "Extension", "extensionKind": "Flutter.Frame", "isolateGroup": {"type": "@IsolateGroup", "id": "isolateGroups/6534132917220748", "name": "main.dart", "number": "6534132917220
EXT Extension {"type": "Event", "kind": "Extension", "extensionKind": "Flutter.Frame", "isolateGroup": {"type": "@IsolateGroup", "id": "isolateGroups/6534132917220748", "name": "main.dart", "number": "6534132917220
EXT Extension {"type": "Event", "kind": "Extension", "extensionKind": "Flutter.Frame", "isolateGroup": {"type": "@IsolateGroup", "id": "isolateGroups/6534132917220748", "name": "main.dart", "number": "6534132917220
EXT Extension {"type": "Event", "kind": "Extension", "extensionKind": "Flutter.Frame", "isolateGroup": {"type": "@IsolateGroup", "id": "isolateGroups/6534132917220748", "name": "main.dart", "number": "6534132917220
EXT Extension {"type": "Event", "kind": "Extension", "extensionKind": "Flutter.Frame", "isolateGroup": {"type": "@IsolateGroup", "id": "isolateGroups/6534132917220748", "name": "main.dart", "number": "6534132917220
EXT Extension {"type": "Event", "kind": "Extension", "extensionKind": "Flutter.Frame", "isolateGroup": {"type": "@IsolateGroup", "id": "isolateGroups/6534132917220748", "name": "main.dart", "number": "6534132917220
EXT Extension {"type": "Event", "kind": "Extension", "extensionKind": "Flutter.Frame", "isolateGroup": {"type": "@IsolateGroup", "id": "isolateGroups/6534132917220748", "name": "main.dart", "number": "6534132917220
EXT Extension {"type": "Event", "kind": "Extension", "extensionKind": "Flutter.Frame", "isolateGroup": {"type": "@IsolateGroup", "id": "isolateGroups/6534132917220748", "name": "main.dart", "number": "6534132917220
EXT Extension {"type": "Event", "kind": "Extension", "extensionKind": "Flutter.Frame", "isolateGroup": {"type": "@IsolateGroup", "id": "isolateGroups/6534132917220748", "name": "main.dart", "number": "6534132917220
EXT Extension {"type": "Event", "kind": "Extension", "extensionKind": "Flutter.Frame", "isolateGroup": {"type": "@IsolateGroup", "id": "isolateGroups/6534132917220748", "name": "main.dart", "number": "6534132917220
EXT Extension {"type": "Event", "kind": "Extension", "extensionKind": "Flutter.Frame", "isolateGroup": {"type": "@IsolateGroup", "id": "isolateGroups/6534132917220748", "name": "main.dart", "number": "6534132917220
EXT Extension {"type": "Event", "kind": "Extension", "extensionKind": "Flutter.Frame", "isolateGroup": {"type": "@IsolateGroup", "id": "isolateGroups/6534132917220748", "name": "main.dart", "number": "6534132917220
EXT Extension {"type": "Event", "kind": "Extension", "extensionKind": "Flutter.ImageSizesForFrame", "isolateGroup": {"type": "@IsolateGroup", "id": "isolateGroups/6534132917220748", "name": "main.dart", "number": "
EXT Extension {"type": "Event", "kind": "Extension", "extensionKind": "Flutter.Frame", "isolateGroup": {"type": "@IsolateGroup", "id": "isolateGroups/6534132917220748", "name": "main.dart", "number": "6534132917220
EXT Extension {"type": "Event", "kind": "Extension", "extensionKind": "Flutter.Frame", "isolateGroup": {"type": "@IsolateGroup", "id": "isolateGroups/6534132917220748", "name": "main.dart", "number": "6534132917220
EXT Extension {"type": "Event", "kind": "Extension", "extensionKind": "Flutter.Frame", "isolateGroup": {"type": "@IsolateGroup", "id": "isolateGroups/6534132917220748", "name": "main.dart", "number": "6534132917220
EXT Extension {"type": "Event", "kind": "Extension", "extensionKind": "Flutter.Frame", "isolateGroup": {"type": "@IsolateGroup", "id": "isolateGroups/6534132917220748", "name": "main.dart", "number": "6534132917220
EXT Extension {"type": "Event", "kind": "Extension", "extensionKind": "Flutter.Frame", "isolateGroup": {"type": "@IsolateGroup", "id": "isolateGroups/6534132917220748", "name": "main.dart", "number": "6534132917220
EXT Extension {"type": "Event", "kind": "Extension", "extensionKind": "Flutter.Frame", "isolateGroup": {"type": "@IsolateGroup", "id": "isolateGroups/6534132917220748", "name": "main.dart", "number": "6534132917220
EXT Extension {"type": "Event", "kind": "Extension", "extensionKind": "Flutter.Frame", "isolateGroup": {"type": "@IsolateGroup", "id": "isolateGroups/6534132917220748", "name": "main.dart", "number": "6534132917220
EXT Extension {"type": "Event", "kind": "Extension", "extensionKind": "Flutter.Frame", "isolateGroup": {"type": "@IsolateGroup", "id": "isolateGroups/6534132917220748", "name": "main.dart", "number": "6534132917220
EXT Extension {"type": "Event", "kind": "Extension", "extensionKind": "Flutter.Frame", "isolateGroup": {"type": "@IsolateGroup", "id": "isolateGroups/6534132917220748", "name": "main.dart", "number": "6534132917220
EXT Extension {"type": "Event", "kind": "Extension", "extensionKind": "Flutter.Frame", "isolateGroup": {"type": "@IsolateGroup", "id": "isolateGroups/6534132917220748", "name": "main.dart", "number": "6534132917220
EXT Extension {"type": "Event", "kind": "Extension", "extensionKind": "Flutter.Frame", "isolateGroup": {"type": "@IsolateGroup", "id": "isolateGroups/6534132917220748", "name": "main.dart", "number": "6534132917220
EXT Extension {"type": "Event", "kind": "Extension", "extensionKind": "Flutter.Frame", "isolateGroup": {"type": "@IsolateGroup", "id": "isolateGroups/6534132917220748", "name": "main.dart", "number": "6534132917220
EXT Extension {"type": "Event", "kind": "Extension", "extensionKind": "Flutter.Frame", "isolateGroup": {"type": "@IsolateGroup", "id": "isolateGroups/6534132917220748", "name": "main.dart", "number": "6534132917220
EXT Extension {"type": "Event", "kind": "Extension", "extensionKind": "Flutter.Frame", "isolateGroup": {"type": "@IsolateGroup", "id": "isolateGroups/6534132917220748", "name": "main.dart", "number": "6534132917220
EXT Extension {"type": "Event", "kind": "Extension", "extensionKind": "Flutter.Frame", "isolateGroup": {"type": "@IsolateGroup", "id": "isolateGroups/6534132917220748", "name": "main.dart", "number": "6534132917220
EXT Extension {"type": "Event", "kind": "Extension", "extensionKind": "Flutter.Frame", "isolateGroup": {"type": "@IsolateGroup", "id": "isolateGroups/6534132917220748", "name": "main.dart", "number": "6534132917220
EXT Extension {"type": "Event", "kind": "Extension", "extensionKind": "Flutter.Frame", "isolateGroup": {"type": "@IsolateGroup", "id": "isolateGroups/6534132917220748", "name": "main.dart", "number": "6534132917220
EXT Extension {"type": "Event", "kind": "Extension", "extensionKind": "Flutter.Frame", "isolateGroup": {"type": "@IsolateGroup", "id": "isolateGroups/6534132917220748", "name": "main.dart", "number": "6534132917220
EXT Extension {"type": "Event", "kind": "Extension", "extensionKind": "Flutter.Frame", "isolateGroup": {"type": "@IsolateGroup", "id": "isolateGroups/6534132917220748", "name": "main.dart", "number": "6534132917220
EXT Extension {"type": "Event", "kind": "Extension", "extensionKind": "Flutter.Frame", "isolateGroup": {"type": "@IsolateGroup", "id": "isolateGroups/6534132917220748", "name": "main.dart", "number": "6534132917220
EXT Extension {"type": "Event", "kind": "Extension", "extensionKind": "Flutter.Frame", "isolateGroup": {"type": "@IsolateGroup", "id": "isolateGroups/6534132917220748", "name": "main.dart", "number": "6534132917220
EXT Extension {"type": "Event", "kind": "Extension", "extensionKind": "Flutter.Frame", "isolateGroup": {"type": "@IsolateGroup", "id": "isolateGroups/6534132917220748", "name": "main.dart", "number": "6534132917220
EXT Extension {"type": "Event", "kind": "Extension", "extensionKind": "Flutter.Frame", "isolateGroup": {"type": "@IsolateGroup", "id": "isolateGroups/6534132917220748", "name": "main.dart", "number": "6534132917220
EXT Extension {"type": "Event", "kind": "Extension", "extensionKind": "Flutter.Frame", "isolateGroup": {"type": "@IsolateGroup", "id": "isolateGroups/6534132917220748", "name": "main.dart", "number": "6534132917220
EXT Extension {"type": "Event", "kind": "Extension", "extensionKind": "Flutter.Frame", "isolateGroup": {"type": "@IsolateGroup", "id": "isolateGroups/6534132917220748", "name": "main.dart", "number": "6534132917220
EXT Extension {"type": "Event", "kind": "Extension", "extensionKind": "Flutter.Frame", "isolateGroup": {"type": "@IsolateGroup", "id": "isolateGroups/6534132917220748", "name": "main.dart", "number": "6534132917220
EXT Extension {"type": "Event", "kind": "Extension", "extensionKind": "Flutter.Frame", "isolateGroup": {"type": "@IsolateGroup", "id": "isolateGroups/6534132917220748", "name": "main.dart", "number": "6534132917220
EXT Extension {"type": "Event", "kind": "Extension", "extensionKind": "Flutter.Frame", "isolateGroup": {"type": "@IsolateGroup", "id": "isolateGroups/6534132917220748", "name": "main.dart", "number": "6534132917220
EXT Extension {"type": "Event", "kind": "Extension", "extensionKind": "Flutter.Frame", "isolateGroup": {"type": "@IsolateGroup", "id": "isolateGroups/6534132917220748", "name": "main.dart", "number": "6534132917220
EXT Extension {"type": "Event", "kind": "Extension", "extensionKind": "Flutter.Frame", "isolateGroup": {"type": "@IsolateGroup", "id": "isolateGroups/6534132917220748", "name": "main.dart", "number": "6534132917220
EXT Extension {"type": "Event", "kind": "Extension", "extensionKind": "Flutter.Frame", "isolateGroup": {"type": "@IsolateGroup", "id": "isolateGroups/6534132917220748", "name": "main.dart", "number": "6534132917220
EXT Extension {"type": "Event", "kind": "Extension", "extensionKind": "Flutter.Frame", "isolateGroup": {"type": "@IsolateGroup", "id": "isolateGroups/6534132917220748", "name": "main.dart", "number": "6534132917220
EXT Extension {"type": "Event", "kind": "Extension", "extensionKind": "Flutter.Frame", "isolateGroup": {"type": "@IsolateGroup", "id": "isolateGroups/6534132917220748", "name": "main.dart", "number": "6534132917220
EXT Extension {"type": "Event", "kind": "Extension", "extensionKind": "Flutter.Frame", "isolateGroup": {"type": "@IsolateGroup", "id": "isolateGroups/6534132917220748", "name": "main.dart", "number": "6534132917220
EXT Extension {"type": "Event", "kind": "Extension", "extensionKind": "Flutter.Frame", "isolateGroup": {"type": "@IsolateGroup", "id": "isolateGroups/6534132917220748", "name": "main.dart", "number": "6534132917220
EXT Extension {"type": "Event", "kind": "Extension", "extensionKind": "Flutter.Frame", "isolateGroup": {"type": "@IsolateGroup", "id": "isolateGroups/6534132917220748", "name": "main.dart", "number": "6534132917220
EXT Extension {"type": "Event", "kind": "Extension", "extensionKind": "Flutter.Frame", "isolateGroup": {"type": "@IsolateGroup", "id": "isolateGroups/6534132917220748", "name": "main.dart", "number": "6534132917220
EXT Extension {"type": "Event", "kind": "Extension", "extensionKind": "Flutter.Frame", "isolateGroup": {"type": "@IsolateGroup", "id": "isolateGroups/6534132917220748", "name": "main.dart", "number": "6534132917220
EXT Extension {"type": "Event", "kind": "Extension", "extensionKind": "Flutter.Frame", "isolateGroup": {"type": "@IsolateGroup", "id": "isolateGroups/6534132917220748", "name": "main.dart", "number": "6534132917220
EXT Extension {"type": "Event", "kind": "Extension", "extensionKind": "Flutter.Frame", "isolateGroup": {"type": "@IsolateGroup", "id": "isolateGroups/6534132917220748", "name": "main.dart", "number": "6534132917220
EXT Extension {"type": "Event", "kind": "Extension", "extensionKind": "Flutter.Frame", "isolateGroup": {"type": "@IsolateGroup", "id": "isolateGroups/6534132917220748", "name": "main.dart", "number": "6534132917220
EXT Extension {"type": "Event", "kind": "Extension", "extensionKind": "Flutter.Frame", "isolateGroup": {"type": "@IsolateGroup", "id": "isolateGroups/6534132917220748", "name": "main.dart", "number": "6534132917220
EXT Extension {"type": "Event", "kind": "Extension", "extensionKind": "Flutter.Frame", "isolateGroup": {"type": "@IsolateGroup", "id": "isolateGroups/6534132917220748", "name": "main.dart", "number": "6534132917220
EXT Extension {"type": "Event", "kind": "Extension", "extensionKind": "Flutter.Frame", "isolateGroup": {"type": "@IsolateGroup", "id": "isolateGroups/6534132917220748", "name": "main.dart", "number": "6534132917220
EXT Extension {"type": "Event", "kind": "Extension", "extensionKind": "Flutter.Frame", "isolateGroup": {"type": "@IsolateGroup", "id": "isolateGroups/6534132917220748", "name": "main.dart", "number": "6534132917220
EXT Extension {"type": "Event", "kind": "Extension", "extensionKind": "Flutter.Frame", "isolateGroup": {"type": "@IsolateGroup", "id": "isolateGroups/6534132917220748", "name": "main.dart", "number": "6534132917220
EXT Extension {"type": "Event", "kind": "Extension", "extensionKind": "Flutter.Frame", "isolateGroup": {"type": "@IsolateGroup", "id": "isolateGroups/6534132917220748", "name": "main.dart", "number": "6534132917220
EXT Extension {"type": "Event", "kind": "Extension", "extensionKind": "Flutter.Frame", "isolateGroup": {"type": "@IsolateGroup", "id": "isolateGroups/6534132917220748", "name": "main.dart", "number": "6534132917220
EXT Extension {"type": "Event", "kind": "Extension", "extensionKind": "Flutter.Frame", "isolateGroup": {"type": "@IsolateGroup", "id": "isolateGroups/6534132917220748", "name": "main.dart", "number": "6534132917220
EXT Extension {"type": "Event", "kind": "Extension", "extensionKind": "Flutter.Frame", "isolateGroup": {"type": "@IsolateGroup", "id": "isolateGroups/6534132917220748", "name": "main.dart", "number": "6534132917220
EXT Extension {"type": "Event", "kind": "Extension", "extensionKind": "Flutter.Frame", "isolateGroup": {"type": "@IsolateGroup", "id": "isolateGroups/6534132917220748", "name": "main.dart", "number": "6534132917220
EXT Extension {"type": "Event", "kind": "Extension", "extensionKind": "Flutter.Frame", "isolateGroup": {"type": "@IsolateGroup", "id": "isolateGroups/6534132917220748", "name": "main.dart", "number": "6534132917220
EXT Extension {"type": "Event", "kind": "Extension", "extensionKind": "Flutter.Frame", "isolateGroup": {"type": "@IsolateGroup", "id": "isolateGroups/6534132917220748", "name": "main.dart", "number": "6534132917220
EXT Extension {"type": "Event", "kind": "Extension", "extensionKind": "Flutter.Frame", "isolateGroup": {"type": "@IsolateGroup", "id": "isolateGroups/6534132917220748", "name": "main.dart", "number": "6534132917220
EXT Extension {"type": "Event", "kind": "Extension", "extensionKind": "Flutter.Frame", "isolateGroup": {"type": "@IsolateGroup", "id": "isolateGroups/6534132917220748", "name": "main.dart", "number": "6534132917220
EXT Extension {"type": "Event", "kind": "Extension", "extensionKind": "Flutter.Frame", "isolateGroup": {"type": "@IsolateGroup", "id": "isolateGroups/6534132917220748", "name": "main.dart", "number": "6534132917220
EXT Extension {"type": "Event", "kind": "Extension", "extensionKind": "Flutter.Frame", "isolateGroup": {"type": "@IsolateGroup", "id": "isolateGroups/6534132917220748", "name": "main.dart", "number": "6534132917220
EXT Extension {"type": "Event", "kind": "Extension", "extensionKind": "Flutter.Frame", "isolateGroup": {"type": "@IsolateGroup", "id": "isolateGroups/6534132917220748", "name": "main.dart", "number": "6534132917220
EXT Extension {"type": "Event", "kind": "Extension", "extensionKind": "Flutter.Frame", "isolateGroup": {"type": "@IsolateGroup", "id": "isolateGroups/6534132917220748", "name": "main.dart", "number": "6534132917220
EXT Extension {"type": "Event", "kind": "Extension", "extensionKind": "Flutter.Frame", "isolateGroup": {"type": "@IsolateGroup", "id": "isolateGroups/6534132917220748", "name": "main.dart", "number": "6534132917220
EXT Extension {"type": "Event", "kind": "Extension", "extensionKind": "Flutter.Frame", "isolateGroup": {"type": "@IsolateGroup", "id": "isolateGroups/6534132917220748", "name": "main.dart", "number": "6534132917220
EXT Extension {"type": "Event", "kind": "Extension", "extensionKind": "Flutter.Frame", "isolateGroup": {"type": "@IsolateGroup", "id": "isolateGroups/6534132917220748", "name": "main.dart", "number": "6534132917220
EXT Extension {"type": "Event", "kind": "Extension", "extensionKind": "Flutter.Frame", "isolateGroup": {"type": "@IsolateGroup", "id": "isolateGroups/6534132917220748", "name": "main.dart", "number": "6534132917220
EXT Extension {"type": "Event", "kind": "Extension", "extensionKind": "Flutter.Frame", "isolateGroup": {"type": "@IsolateGroup", "id": "isolateGroups/6534132917220748", "name": "main.dart", "number": "6534132917220
EXT Extension {"type": "Event", "kind": "Extension", "extensionKind": "Flutter.Frame", "isolateGroup": {"type": "@IsolateGroup", "id": "isolateGroups/6534132917220748", "name": "main.dart", "number": "6534132917220
EXT Extension {"type": "Event", "kind": "Extension", "extensionKind": "Flutter.Frame", "isolateGroup": {"type": "@IsolateGroup", "id": "isolateGroups/6534132917220748", "name": "main.dart", "number": "6534132917220
EXT Extension {"type": "Event", "kind": "Extension", "extensionKind": "Flutter.Frame", "isolateGroup": {"type": "@IsolateGroup", "id": "isolateGroups/6534132917220748", "name": "main.dart", "number": "6534132917220
EXT Extension {"type": "Event", "kind": "Extension", "extensionKind": "Flutter.Frame", "isolateGroup": {"type": "@IsolateGroup", "id": "isolateGroups/6534132917220748", "name": "main.dart", "number": "6534132917220
EXT Extension {"type": "Event", "kind": "Extension", "extensionKind": "Flutter.Frame", "isolateGroup": {"type": "@IsolateGroup", "id": "isolateGroups/6534132917220748", "name": "main.dart", "number": "6534132917220
EXT Extension {"type": "Event", "kind": "Extension", "extensionKind": "Flutter.Frame", "isolateGroup": {"type": "@IsolateGroup", "id": "isolateGroups/6534132917220748", "name": "main.dart", "number": "6534132917220
EXT Extension {"type": "Event", "kind": "Extension", "extensionKind": "Flutter.ImageSizesForFrame", "isolateGroup": {"type": "@IsolateGroup", "id": "isolateGroups/6534132917220748", "name": "main.dart", "number": "
EXT Extension {"type": "Event", "kind": "Extension", "extensionKind": "Flutter.Frame", "isolateGroup": {"type": "@IsolateGroup", "id": "isolateGroups/6534132917220748", "name": "main.dart", "number": "6534132917220
EXT Extension {"type": "Event", "kind": "Extension", "extensionKind": "Flutter.Frame", "isolateGroup": {"type": "@IsolateGroup", "id": "isolateGroups/6534132917220748", "name": "main.dart", "number": "6534132917220
EXT Extension {"type": "Event", "kind": "Extension", "extensionKind": "Flutter.Frame", "isolateGroup": {"type": "@IsolateGroup", "id": "isolateGroups/6534132917220748", "name": "main.dart", "number": "6534132917220
EXT Extension {"type": "Event", "kind": "Extension", "extensionKind": "Flutter.Frame", "isolateGroup": {"type": "@IsolateGroup", "id": "isolateGroups/6534132917220748", "name": "main.dart", "number": "6534132917220
EXT Extension {"type": "Event", "kind": "Extension", "extensionKind": "Flutter.Frame", "isolateGroup": {"type": "@IsolateGroup", "id": "isolateGroups/6534132917220748", "name": "main.dart", "number": "6534132917220
EXT Extension {"type": "Event", "kind": "Extension", "extensionKind": "Flutter.Frame", "isolateGroup": {"type": "@IsolateGroup", "id": "isolateGroups/6534132917220748", "name": "main.dart", "number": "6534132917220
EXT Extension {"type": "Event", "kind": "Extension", "extensionKind": "Flutter.Frame", "isolateGroup": {"type": "@IsolateGroup", "id": "isolateGroups/6534132917220748", "name": "main.dart", "number": "6534132917220
EXT Extension {"type": "Event", "kind": "Extension", "extensionKind": "Flutter.Frame", "isolateGroup": {"type": "@IsolateGroup", "id": "isolateGroups/6534132917220748", "name": "main.dart", "number": "6534132917220
EXT Extension {"type": "Event", "kind": "Extension", "extensionKind": "Flutter.Frame", "isolateGroup": {"type": "@IsolateGroup", "id": "isolateGroups/6534132917220748", "name": "main.dart", "number": "6534132917220
EXT Extension {"type": "Event", "kind": "Extension", "extensionKind": "Flutter.Frame", "isolateGroup": {"type": "@IsolateGroup", "id": "isolateGroups/6534132917220748", "name": "main.dart", "number": "6534132917220
EXT Extension {"type": "Event", "kind": "Extension", "extensionKind": "Flutter.Frame", "isolateGroup": {"type": "@IsolateGroup", "id": "isolateGroups/6534132917220748", "name": "main.dart", "number": "6534132917220
EXT Extension {"type": "Event", "kind": "Extension", "extensionKind": "Flutter.Frame", "isolateGroup": {"type": "@IsolateGroup", "id": "isolateGroups/6534132917220748", "name": "main.dart", "number": "6534132917220
EXT Extension {"type": "Event", "kind": "Extension", "extensionKind": "Flutter.Frame", "isolateGroup": {"type": "@IsolateGroup", "id": "isolateGroups/6534132917220748", "name": "main.dart", "number": "6534132917220
EXT Extension {"type": "Event", "kind": "Extension", "extensionKind": "Flutter.Frame", "isolateGroup": {"type": "@IsolateGroup", "id": "isolateGroups/6534132917220748", "name": "main.dart", "number": "6534132917220
EXT Extension {"type": "Event", "kind": "Extension", "extensionKind": "Flutter.Frame", "isolateGroup": {"type": "@IsolateGroup", "id": "isolateGroups/6534132917220748", "name": "main.dart", "number": "6534132917220
EXT Extension {"type": "Event", "kind": "Extension", "extensionKind": "Flutter.Frame", "isolateGroup": {"type": "@IsolateGroup", "id": "isolateGroups/6534132917220748", "name": "main.dart", "number": "6534132917220
EXT Extension {"type": "Event", "kind": "Extension", "extensionKind": "Flutter.Frame", "isolateGroup": {"type": "@IsolateGroup", "id": "isolateGroups/6534132917220748", "name": "main.dart", "number": "6534132917220
EXT Extension {"type": "Event", "kind": "Extension", "extensionKind": "Flutter.Frame", "isolateGroup": {"type": "@IsolateGroup", "id": "isolateGroups/6534132917220748", "name": "main.dart", "number": "6534132917220
EXT Extension {"type": "Event", "kind": "Extension", "extensionKind": "Flutter.Frame", "isolateGroup": {"type": "@IsolateGroup", "id": "isolateGroups/6534132917220748", "name": "main.dart", "number": "6534132917220
EXT Extension {"type": "Event", "kind": "Extension", "extensionKind": "Flutter.Frame", "isolateGroup": {"type": "@IsolateGroup", "id": "isolateGroups/6534132917220748", "name": "main.dart", "number": "6534132917220
EXT Extension {"type": "Event", "kind": "Extension", "extensionKind": "Flutter.Frame", "isolateGroup": {"type": "@IsolateGroup", "id": "isolateGroups/6534132917220748", "name": "main.dart", "number": "6534132917220
EXT Extension {"type": "Event", "kind": "Extension", "extensionKind": "Flutter.Frame", "isolateGroup": {"type": "@IsolateGroup", "id": "isolateGroups/6534132917220748", "name": "main.dart", "number": "6534132917220
EXT Extension {"type": "Event", "kind": "Extension", "extensionKind": "Flutter.Frame", "isolateGroup": {"type": "@IsolateGroup", "id": "isolateGroups/6534132917220748", "name": "main.dart", "number": "6534132917220
EXT Extension {"type": "Event", "kind": "Extension", "extensionKind": "Flutter.ImageSizesForFrame", "isolateGroup": {"type": "@IsolateGroup", "id": "isolateGroups/6534132917220748", "name": "main.dart", "number": "
EXT Extension {"type": "Event", "kind": "Extension", "extensionKind": "Flutter.Frame", "isolateGroup": {"type": "@IsolateGroup", "id": "isolateGroups/6534132917220748", "name": "main.dart", "number": "6534132917220
EXT Extension {"type": "Event", "kind": "Extension", "extensionKind": "Flutter.Frame", "isolateGroup": {"type": "@IsolateGroup", "id": "isolateGroups/6534132917220748", "name": "main.dart", "number": "6534132917220
EXT Extension {"type": "Event", "kind": "Extension", "extensionKind": "Flutter.Frame", "isolateGroup": {"type": "@IsolateGroup", "id": "isolateGroups/6534132917220748", "name": "main.dart", "number": "6534132917220
EXT Extension {"type": "Event", "kind": "Extension", "extensionKind": "Flutter.Frame", "isolateGroup": {"type": "@IsolateGroup", "id": "isolateGroups/6534132917220748", "name": "main.dart", "number": "6534132917220
EXT Extension {"type": "Event", "kind": "Extension", "extensionKind": "Flutter.Frame", "isolateGroup": {"type": "@IsolateGroup", "id": "isolateGroups/6534132917220748", "name": "main.dart", "number": "6534132917220
EXT Extension {"type": "Event", "kind": "Extension", "extensionKind": "Flutter.Frame", "isolateGroup": {"type": "@IsolateGroup", "id": "isolateGroups/6534132917220748", "name": "main.dart", "number": "6534132917220
EXT Extension {"type": "Event", "kind": "Extension", "extensionKind": "Flutter.Frame", "isolateGroup": {"type": "@IsolateGroup", "id": "isolateGroups/6534132917220748", "name": "main.dart", "number": "6534132917220
EXT Extension {"type": "Event", "kind": "Extension", "extensionKind": "Flutter.Frame", "isolateGroup": {"type": "@IsolateGroup", "id": "isolateGroups/6534132917220748", "name": "main.dart", "number": "6534132917220
EXT Extension {"type": "Event", "kind": "Extension", "extensionKind": "Flutter.Frame", "isolateGroup": {"type": "@IsolateGroup", "id": "isolateGroups/6534132917220748", "name": "main.dart", "number": "6534132917220
EXT Extension {"type": "Event", "kind": "Extension", "extensionKind": "Flutter.Frame", "isolateGroup": {"type": "@IsolateGroup", "id": "isolateGroups/6534132917220748", "name": "main.dart", "number": "6534132917220
EXT Extension {"type": "Event", "kind": "Extension", "extensionKind": "Flutter.Frame", "isolateGroup": {"type": "@IsolateGroup", "id": "isolateGroups/6534132917220748", "name": "main.dart", "number": "6534132917220
EXT Extension {"type": "Event", "kind": "Extension", "extensionKind": "Flutter.Frame", "isolateGroup": {"type": "@IsolateGroup", "id": "isolateGroups/6534132917220748", "name": "main.dart", "number": "6534132917220
EXT Extension {"type": "Event", "kind": "Extension", "extensionKind": "Flutter.Frame", "isolateGroup": {"type": "@IsolateGroup", "id": "isolateGroups/6534132917220748", "name": "main.dart", "number": "6534132917220
EXT Extension {"type": "Event", "kind": "Extension", "extensionKind": "Flutter.Frame", "isolateGroup": {"type": "@IsolateGroup", "id": "isolateGroups/6534132917220748", "name": "main.dart", "number": "6534132917220
EXT Extension {"type": "Event", "kind": "Extension", "extensionKind": "Flutter.Frame", "isolateGroup": {"type": "@IsolateGroup", "id": "isolateGroups/6534132917220748", "name": "main.dart", "number": "6534132917220
EXT Extension {"type": "Event", "kind": "Extension", "extensionKind": "Flutter.Frame", "isolateGroup": {"type": "@IsolateGroup", "id": "isolateGroups/6534132917220748", "name": "main.dart", "number": "6534132917220
EXT Extension {"type": "Event", "kind": "Extension", "extensionKind": "Flutter.Frame", "isolateGroup": {"type": "@IsolateGroup", "id": "isolateGroups/6534132917220748", "name": "main.dart", "number": "6534132917220
EXT Extension {"type": "Event", "kind": "Extension", "extensionKind": "Flutter.Frame", "isolateGroup": {"type": "@IsolateGroup", "id": "isolateGroups/6534132917220748", "name": "main.dart", "number": "6534132917220
EXT Extension {"type": "Event", "kind": "Extension", "extensionKind": "Flutter.Frame", "isolateGroup": {"type": "@IsolateGroup", "id": "isolateGroups/6534132917220748", "name": "main.dart", "number": "6534132917220
EXT Extension {"type": "Event", "kind": "Extension", "extensionKind": "Flutter.Frame", "isolateGroup": {"type": "@IsolateGroup", "id": "isolateGroups/6534132917220748", "name": "main.dart", "number": "6534132917220
EXT Extension {"type": "Event", "kind": "Extension", "extensionKind": "Flutter.Frame", "isolateGroup": {"type": "@IsolateGroup", "id": "isolateGroups/6534132917220748", "name": "main.dart", "number": "6534132917220
EXT Extension {"type": "Event", "kind": "Extension", "extensionKind": "Flutter.Frame", "isolateGroup": {"type": "@IsolateGroup", "id": "isolateGroups/6534132917220748", "name": "main.dart", "number": "6534132917220
EXT Extension {"type": "Event", "kind": "Extension", "extensionKind": "Flutter.Frame", "isolateGroup": {"type": "@IsolateGroup", "id": "isolateGroups/6534132917220748", "name": "main.dart", "number": "6534132917220
EXT Extension {"type": "Event", "kind": "Extension", "extensionKind": "Flutter.Frame", "isolateGroup": {"type": "@IsolateGroup", "id": "isolateGroups/6534132917220748", "name": "main.dart", "number": "6534132917220
EXT Extension {"type": "Event", "kind": "Extension", "extensionKind": "Flutter.Frame", "isolateGroup": {"type": "@IsolateGroup", "id": "isolateGroups/6534132917220748", "name": "main.dart", "number": "6534132917220
EXT Extension {"type": "Event", "kind": "Extension", "extensionKind": "Flutter.Frame", "isolateGroup": {"type": "@IsolateGroup", "id": "isolateGroups/6534132917220748", "name": "main.dart", "number": "6534132917220
EXT Extension {"type": "Event", "kind": "Extension", "extensionKind": "Flutter.Frame", "isolateGroup": {"type": "@IsolateGroup", "id": "isolateGroups/6534132917220748", "name": "main.dart", "number": "6534132917220
EXT Extension {"type": "Event", "kind": "Extension", "extensionKind": "Flutter.Frame", "isolateGroup": {"type": "@IsolateGroup", "id": "isolateGroups/6534132917220748", "name": "main.dart", "number": "6534132917220
EXT Extension {"type": "Event", "kind": "Extension", "extensionKind": "Flutter.Frame", "isolateGroup": {"type": "@IsolateGroup", "id": "isolateGroups/6534132917220748", "name": "main.dart", "number": "6534132917220
EXT Extension {"type": "Event", "kind": "Extension", "extensionKind": "Flutter.Frame", "isolateGroup": {"type": "@IsolateGroup", "id": "isolateGroups/6534132917220748", "name": "main.dart", "number": "6534132917220
EXT Extension {"type": "Event", "kind": "Extension", "extensionKind": "Flutter.Frame", "isolateGroup": {"type": "@IsolateGroup", "id": "isolateGroups/6534132917220748", "name": "main.dart", "number": "6534132917220
EXT Extension {"type": "Event", "kind": "Extension", "extensionKind": "Flutter.Frame", "isolateGroup": {"type": "@IsolateGroup", "id": "isolateGroups/6534132917220748", "name": "main.dart", "number": "6534132917220
EXT Extension {"type": "Event", "kind": "Extension", "extensionKind": "Flutter.Frame", "isolateGroup": {"type": "@IsolateGroup", "id": "isolateGroups/6534132917220748", "name": "main.dart", "number": "6534132917220
EXT Extension {"type": "Event", "kind": "Extension", "extensionKind": "Flutter.Frame", "isolateGroup": {"type": "@IsolateGroup", "id": "isolateGroups/6534132917220748", "name": "main.dart", "number": "6534132917220
EXT Extension {"type": "Event", "kind": "Extension", "extensionKind": "Flutter.Frame", "isolateGroup": {"type": "@IsolateGroup", "id": "isolateGroups/6534132917220748", "name": "main.dart", "number": "6534132917220
EXT Extension {"type": "Event", "kind": "Extension", "extensionKind": "Flutter.Frame", "isolateGroup": {"type": "@IsolateGroup", "id": "isolateGroups/6534132917220748", "name": "main.dart", "number": "6534132917220
EXT Extension {"type": "Event", "kind": "Extension", "extensionKind": "Flutter.Frame", "isolateGroup": {"type": "@IsolateGroup", "id": "isolateGroups/6534132917220748", "name": "main.dart", "number": "6534132917220
EXT Extension {"type": "Event", "kind": "Extension", "extensionKind": "Flutter.Frame", "isolateGroup": {"type": "@IsolateGroup", "id": "isolateGroups/6534132917220748", "name": "main.dart", "number": "6534132917220
EXT Extension {"type": "Event", "kind": "Extension", "extensionKind": "Flutter.Frame", "isolateGroup": {"type": "@IsolateGroup", "id": "isolateGroups/6534132917220748", "name": "main.dart", "number": "6534132917220
EXT Extension {"type": "Event", "kind": "Extension", "extensionKind": "Flutter.Frame", "isolateGroup": {"type": "@IsolateGroup", "id": "isolateGroups/6534132917220748", "name": "main.dart", "number": "6534132917220
EXT Extension {"type": "Event", "kind": "Extension", "extensionKind": "Flutter.Frame", "isolateGroup": {"type": "@IsolateGroup", "id": "isolateGroups/6534132917220748", "name": "main.dart", "number": "6534132917220
EXT Extension {"type": "Event", "kind": "Extension", "extensionKind": "Flutter.Frame", "isolateGroup": {"type": "@IsolateGroup", "id": "isolateGroups/6534132917220748", "name": "main.dart", "number": "6534132917220
EXT Extension {"type": "Event", "kind": "Extension", "extensionKind": "Flutter.Frame", "isolateGroup": {"type": "@IsolateGroup", "id": "isolateGroups/6534132917220748", "name": "main.dart", "number": "6534132917220
EXT Extension {"type": "Event", "kind": "Extension", "extensionKind": "Flutter.Frame", "isolateGroup": {"type": "@IsolateGroup", "id": "isolateGroups/6534132917220748", "name": "main.dart", "number": "6534132917220
EXT Extension {"type": "Event", "kind": "Extension", "extensionKind": "Flutter.Frame", "isolateGroup": {"type": "@IsolateGroup", "id": "isolateGroups/6534132917220748", "name": "main.dart", "number": "6534132917220
EXT Extension {"type": "Event", "kind": "Extension", "extensionKind": "Flutter.Frame", "isolateGroup": {"type": "@IsolateGroup", "id": "isolateGroups/6534132917220748", "name": "main.dart", "number": "6534132917220
EXT Extension {"type": "Event", "kind": "Extension", "extensionKind": "Flutter.Frame", "isolateGroup": {"type": "@IsolateGroup", "id": "isolateGroups/6534132917220748", "name": "main.dart", "number": "6534132917220
EXT Extension {"type": "Event", "kind": "Extension", "extensionKind": "Flutter.Frame", "isolateGroup": {"type": "@IsolateGroup", "id": "isolateGroups/6534132917220748", "name": "main.dart", "number": "6534132917220
EXT Extension {"type": "Event", "kind": "Extension", "extensionKind": "Flutter.Frame", "isolateGroup": {"type": "@IsolateGroup", "id": "isolateGroups/6534132917220748", "name": "main.dart", "number": "6534132917220
EXT Extension {"type": "Event", "kind": "Extension", "extensionKind": "Flutter.Frame", "isolateGroup": {"type": "@IsolateGroup", "id": "isolateGroups/6534132917220748", "name": "main.dart", "number": "6534132917220
EXT Extension {"type": "Event", "kind": "Extension", "extensionKind": "Flutter.Frame", "isolateGroup": {"type": "@IsolateGroup", "id": "isolateGroups/6534132917220748", "name": "main.dart", "number": "6534132917220
EXT Extension {"type": "Event", "kind": "Extension", "extensionKind": "Flutter.Frame", "isolateGroup": {"type": "@IsolateGroup", "id": "isolateGroups/6534132917220748", "name": "main.dart", "number": "6534132917220
EXT Extension {"type": "Event", "kind": "Extension", "extensionKind": "Flutter.Frame", "isolateGroup": {"type": "@IsolateGroup", "id": "isolateGroups/6534132917220748", "name": "main.dart", "number": "6534132917220
EXT Extension {"type": "Event", "kind": "Extension", "extensionKind": "Flutter.Frame", "isolateGroup": {"type": "@IsolateGroup", "id": "isolateGroups/6534132917220748", "name": "main.dart", "number": "6534132917220
EXT Extension {"type": "Event", "kind": "Extension", "extensionKind": "Flutter.Frame", "isolateGroup": {"type": "@IsolateGroup", "id": "isolateGroups/6534132917220748", "name": "main.dart", "number": "6534132917220
EXT Extension {"type": "Event", "kind": "Extension", "extensionKind": "Flutter.Frame", "isolateGroup": {"type": "@IsolateGroup", "id": "isolateGroups/6534132917220748", "name": "main.dart", "number": "6534132917220
EXT Extension {"type": "Event", "kind": "Extension", "extensionKind": "Flutter.Frame", "isolateGroup": {"type": "@IsolateGroup", "id": "isolateGroups/6534132917220748", "name": "main.dart", "number": "6534132917220
EXT Extension {"type": "Event", "kind": "Extension", "extensionKind": "Flutter.Frame", "isolateGroup": {"type": "@IsolateGroup", "id": "isolateGroups/6534132917220748", "name": "main.dart", "number": "6534132917220
EXT Extension {"type": "Event", "kind": "Extension", "extensionKind": "Flutter.Frame", "isolateGroup": {"type": "@IsolateGroup", "id": "isolateGroups/6534132917220748", "name": "main.dart", "number": "6534132917220
EXT Extension {"type": "Event", "kind": "Extension", "extensionKind": "Flutter.Frame", "isolateGroup": {"type": "@IsolateGroup", "id": "isolateGroups/6534132917220748", "name": "main.dart", "number": "6534132917220
EXT Extension {"type": "Event", "kind": "Extension", "extensionKind": "Flutter.Frame", "isolateGroup": {"type": "@IsolateGroup", "id": "isolateGroups/6534132917220748", "name": "main.dart", "number": "6534132917220
EXT Extension {"type": "Event", "kind": "Extension", "extensionKind": "Flutter.Frame", "isolateGroup": {"type": "@IsolateGroup", "id": "isolateGroups/6534132917220748", "name": "main.dart", "number": "6534132917220
EXT Extension {"type": "Event", "kind": "Extension", "extensionKind": "Flutter.Frame", "isolateGroup": {"type": "@IsolateGroup", "id": "isolateGroups/6534132917220748", "name": "main.dart", "number": "6534132917220
EXT Extension {"type": "Event", "kind": "Extension", "extensionKind": "Flutter.Frame", "isolateGroup": {"type": "@IsolateGroup", "id": "isolateGroups/6534132917220748", "name": "main.dart", "number": "6534132917220
EXT Extension {"type": "Event", "kind": "Extension", "extensionKind": "Flutter.Frame", "isolateGroup": {"type": "@IsolateGroup", "id": "isolateGroups/6534132917220748", "name": "main.dart", "number": "6534132917220
EXT Extension {"type": "Event", "kind": "Extension", "extensionKind": "Flutter.Frame", "isolateGroup": {"type": "@IsolateGroup", "id": "isolateGroups/6534132917220748", "name": "main.dart", "number": "6534132917220
EXT Extension {"type": "Event", "kind": "Extension", "extensionKind": "Flutter.Frame", "isolateGroup": {"type": "@IsolateGroup", "id": "isolateGroups/6534132917220748", "name": "main.dart", "number": "6534132917220
EXT Extension {"type": "Event", "kind": "Extension", "extensionKind": "Flutter.Frame", "isolateGroup": {"type": "@IsolateGroup", "id": "isolateGroups/6534132917220748", "name": "main.dart", "number": "6534132917220
EXT Extension {"type": "Event", "kind": "Extension", "extensionKind": "Flutter.Frame", "isolateGroup": {"type": "@IsolateGroup", "id": "isolateGroups/6534132917220748", "name": "main.dart", "number": "6534132917220
EXT Extension {"type": "Event", "kind": "Extension", "extensionKind": "Flutter.Frame", "isolateGroup": {"type": "@IsolateGroup", "id": "isolateGroups/6534132917220748", "name": "main.dart", "number": "6534132917220
EXT Extension {"type": "Event", "kind": "Extension", "extensionKind": "Flutter.Frame", "isolateGroup": {"type": "@IsolateGroup", "id": "isolateGroups/6534132917220748", "name": "main.dart", "number": "6534132917220
EXT Extension {"type": "Event", "kind": "Extension", "extensionKind": "Flutter.Frame", "isolateGroup": {"type": "@IsolateGroup", "id": "isolateGroups/6534132917220748", "name": "main.dart", "number": "6534132917220
EXT Extension {"type": "Event", "kind": "Extension", "extensionKind": "Flutter.ImageSizesForFrame", "isolateGroup": {"type": "@IsolateGroup", "id": "isolateGroups/6534132917220748", "name": "main.dart", "number": "
EXT Extension {"type": "Event", "kind": "Extension", "extensionKind": "Flutter.Frame", "isolateGroup": {"type": "@IsolateGroup", "id": "isolateGroups/6534132917220748", "name": "main.dart", "number": "6534132917220
EXT Extension {"type": "Event", "kind": "Extension", "extensionKind": "Flutter.Frame", "isolateGroup": {"type": "@IsolateGroup", "id": "isolateGroups/6534132917220748", "name": "main.dart", "number": "6534132917220
EXT Extension {"type": "Event", "kind": "Extension", "extensionKind": "Flutter.Frame", "isolateGroup": {"type": "@IsolateGroup", "id": "isolateGroups/6534132917220748", "name": "main.dart", "number": "6534132917220
EXT Extension {"type": "Event", "kind": "Extension", "extensionKind": "Flutter.Frame", "isolateGroup": {"type": "@IsolateGroup", "id": "isolateGroups/6534132917220748", "name": "main.dart", "number": "6534132917220
EXT Extension {"type": "Event", "kind": "Extension", "extensionKind": "Flutter.Frame", "isolateGroup": {"type": "@IsolateGroup", "id": "isolateGroups/6534132917220748", "name": "main.dart", "number": "6534132917220
EXT Extension {"type": "Event", "kind": "Extension", "extensionKind": "Flutter.Frame", "isolateGroup": {"type": "@IsolateGroup", "id": "isolateGroups/6534132917220748", "name": "main.dart", "number": "6534132917220
EXT Extension {"type": "Event", "kind": "Extension", "extensionKind": "Flutter.Frame", "isolateGroup": {"type": "@IsolateGroup", "id": "isolateGroups/6534132917220748", "name": "main.dart", "number": "6534132917220
EXT Extension {"type": "Event", "kind": "Extension", "extensionKind": "Flutter.Frame", "isolateGroup": {"type": "@IsolateGroup", "id": "isolateGroups/6534132917220748", "name": "main.dart", "number": "6534132917220
EXT Extension {"type": "Event", "kind": "Extension", "extensionKind": "Flutter.Frame", "isolateGroup": {"type": "@IsolateGroup", "id": "isolateGroups/6534132917220748", "name": "main.dart", "number": "6534132917220
EXT Extension {"type": "Event", "kind": "Extension", "extensionKind": "Flutter.Frame", "isolateGroup": {"type": "@IsolateGroup", "id": "isolateGroups/6534132917220748", "name": "main.dart", "number": "6534132917220
EXT Extension {"type": "Event", "kind": "Extension", "extensionKind": "Flutter.Frame", "isolateGroup": {"type": "@IsolateGroup", "id": "isolateGroups/6534132917220748", "name": "main.dart", "number": "6534132917220
EXT Extension {"type": "Event", "kind": "Extension", "extensionKind": "Flutter.Frame", "isolateGroup": {"type": "@IsolateGroup", "id": "isolateGroups/6534132917220748", "name": "main.dart", "number": "6534132917220
EXT Extension {"type": "Event", "kind": "Extension", "extensionKind": "Flutter.Frame", "isolateGroup": {"type": "@IsolateGroup", "id": "isolateGroups/6534132917220748", "name": "main.dart", "number": "6534132917220
EXT Extension {"type": "Event", "kind": "Extension", "extensionKind": "Flutter.Frame", "isolateGroup": {"type": "@IsolateGroup", "id": "isolateGroups/6534132917220748", "name": "main.dart", "number": "6534132917220
EXT Extension {"type": "Event", "kind": "Extension", "extensionKind": "Flutter.Frame", "isolateGroup": {"type": "@IsolateGroup", "id": "isolateGroups/6534132917220748", "name": "main.dart", "number": "6534132917220
EXT Extension {"type": "Event", "kind": "Extension", "extensionKind": "Flutter.ImageSizesForFrame", "isolateGroup": {"type": "@IsolateGroup", "id": "isolateGroups/6534132917220748", "name": "main.dart", "number": "
EXT Extension {"type": "Event", "kind": "Extension", "extensionKind": "Flutter.Frame", "isolateGroup": {"type": "@IsolateGroup", "id": "isolateGroups/6534132917220748", "name": "main.dart", "number": "6534132917220
EXT Extension {"type": "Event", "kind": "Extension", "extensionKind": "Flutter.Frame", "isolateGroup": {"type": "@IsolateGroup", "id": "isolateGroups/6534132917220748", "name": "main.dart", "number": "6534132917220
EXT Extension {"type": "Event", "kind": "Extension", "extensionKind": "Flutter.Frame", "isolateGroup": {"type": "@IsolateGroup", "id": "isolateGroups/6534132917220748", "name": "main.dart", "number": "6534132917220
EXT Extension {"type": "Event", "kind": "Extension", "extensionKind": "Flutter.Frame", "isolateGroup": {"type": "@IsolateGroup", "id": "isolateGroups/6534132917220748", "name": "main.dart", "number": "6534132917220
EXT Extension {"type": "Event", "kind": "Extension", "extensionKind": "Flutter.Frame", "isolateGroup": {"type": "@IsolateGroup", "id": "isolateGroups/6534132917220748", "name": "main.dart", "number": "6534132917220
EXT Extension {"type": "Event", "kind": "Extension", "extensionKind": "Flutter.Frame", "isolateGroup": {"type": "@IsolateGroup", "id": "isolateGroups/6534132917220748", "name": "main.dart", "number": "6534132917220
EXT Extension {"type": "Event", "kind": "Extension", "extensionKind": "Flutter.Frame", "isolateGroup": {"type": "@IsolateGroup", "id": "isolateGroups/6534132917220748", "name": "main.dart", "number": "6534132917220
EXT Extension {"type": "Event", "kind": "Extension", "extensionKind": "Flutter.Frame", "isolateGroup": {"type": "@IsolateGroup", "id": "isolateGroups/6534132917220748", "name": "main.dart", "number": "6534132917220
EXT Extension {"type": "Event", "kind": "Extension", "extensionKind": "Flutter.Frame", "isolateGroup": {"type": "@IsolateGroup", "id": "isolateGroups/6534132917220748", "name": "main.dart", "number": "6534132917220
EXT Extension {"type": "Event", "kind": "Extension", "extensionKind": "Flutter.Frame", "isolateGroup": {"type": "@IsolateGroup", "id": "isolateGroups/6534132917220748", "name": "main.dart", "number": "6534132917220
EXT Extension {"type": "Event", "kind": "Extension", "extensionKind": "Flutter.Frame", "isolateGroup": {"type": "@IsolateGroup", "id": "isolateGroups/6534132917220748", "name": "main.dart", "number": "6534132917220
EXT Extension {"type": "Event", "kind": "Extension", "extensionKind": "Flutter.Frame", "isolateGroup": {"type": "@IsolateGroup", "id": "isolateGroups/6534132917220748", "name": "main.dart", "number": "6534132917220
EXT Extension {"type": "Event", "kind": "Extension", "extensionKind": "Flutter.Frame", "isolateGroup": {"type": "@IsolateGroup", "id": "isolateGroups/6534132917220748", "name": "main.dart", "number": "6534132917220
EXT Extension {"type": "Event", "kind": "Extension", "extensionKind": "Flutter.Frame", "isolateGroup": {"type": "@IsolateGroup", "id": "isolateGroups/6534132917220748", "name": "main.dart", "number": "6534132917220
EXT Extension {"type": "Event", "kind": "Extension", "extensionKind": "Flutter.Frame", "isolateGroup": {"type": "@IsolateGroup", "id": "isolateGroups/6534132917220748", "name": "main.dart", "number": "6534132917220
EXT Extension {"type": "Event", "kind": "Extension", "extensionKind": "Flutter.Frame", "isolateGroup": {"type": "@IsolateGroup", "id": "isolateGroups/6534132917220748", "name": "main.dart", "number": "6534132917220
EXT Extension {"type": "Event", "kind": "Extension", "extensionKind": "Flutter.Frame", "isolateGroup": {"type": "@IsolateGroup", "id": "isolateGroups/6534132917220748", "name": "main.dart", "number": "6534132917220
EXT Extension {"type": "Event", "kind": "Extension", "extensionKind": "Flutter.Frame", "isolateGroup": {"type": "@IsolateGroup", "id": "isolateGroups/6534132917220748", "name": "main.dart", "number": "6534132917220
EXT Extension {"type": "Event", "kind": "Extension", "extensionKind": "Flutter.Frame", "isolateGroup": {"type": "@IsolateGroup", "id": "isolateGroups/6534132917220748", "name": "main.dart", "number": "6534132917220
EXT Extension {"type": "Event", "kind": "Extension", "extensionKind": "Flutter.Frame", "isolateGroup": {"type": "@IsolateGroup", "id": "isolateGroups/6534132917220748", "name": "main.dart", "number": "6534132917220
EXT Extension {"type": "Event", "kind": "Extension", "extensionKind": "Flutter.Frame", "isolateGroup": {"type": "@IsolateGroup", "id": "isolateGroups/6534132917220748", "name": "main.dart", "number": "6534132917220
EXT Extension {"type": "Event", "kind": "Extension", "extensionKind": "Flutter.Frame", "isolateGroup": {"type": "@IsolateGroup", "id": "isolateGroups/6534132917220748", "name": "main.dart", "number": "6534132917220
EXT Extension {"type": "Event", "kind": "Extension", "extensionKind": "Flutter.Frame", "isolateGroup": {"type": "@IsolateGroup", "id": "isolateGroups/6534132917220748", "name": "main.dart", "number": "6534132917220
EXT Extension {"type": "Event", "kind": "Extension", "extensionKind": "Flutter.Frame", "isolateGroup": {"type": "@IsolateGroup", "id": "isolateGroups/6534132917220748", "name": "main.dart", "number": "6534132917220
EXT Extension {"type": "Event", "kind": "Extension", "extensionKind": "Flutter.Frame", "isolateGroup": {"type": "@IsolateGroup", "id": "isolateGroups/6534132917220748", "name": "main.dart", "number": "6534132917220
EXT Extension {"type": "Event", "kind": "Extension", "extensionKind": "Flutter.Frame", "isolateGroup": {"type": "@IsolateGroup", "id": "isolateGroups/6534132917220748", "name": "main.dart", "number": "6534132917220
EXT Extension {"type": "Event", "kind": "Extension", "extensionKind": "Flutter.Frame", "isolateGroup": {"type": "@IsolateGroup", "id": "isolateGroups/6534132917220748", "name": "main.dart", "number": "6534132917220
EXT Extension {"type": "Event", "kind": "Extension", "extensionKind": "Flutter.Frame", "isolateGroup": {"type": "@IsolateGroup", "id": "isolateGroups/6534132917220748", "name": "main.dart", "number": "6534132917220
EXT Extension {"type": "Event", "kind": "Extension", "extensionKind": "Flutter.Frame", "isolateGroup": {"type": "@IsolateGroup", "id": "isolateGroups/6534132917220748", "name": "main.dart", "number": "6534132917220
EXT Extension {"type": "Event", "kind": "Extension", "extensionKind": "Flutter.Frame", "isolateGroup": {"type": "@IsolateGroup", "id": "isolateGroups/6534132917220748", "name": "main.dart", "number": "6534132917220
EXT Extension {"type": "Event", "kind": "Extension", "extensionKind": "Flutter.Frame", "isolateGroup": {"type": "@IsolateGroup", "id": "isolateGroups/6534132917220748", "name": "main.dart", "number": "6534132917220
EXT Extension {"type": "Event", "kind": "Extension", "extensionKind": "Flutter.Frame", "isolateGroup": {"type": "@IsolateGroup", "id": "isolateGroups/6534132917220748", "name": "main.dart", "number": "6534132917220
EXT Extension {"type": "Event", "kind": "Extension", "extensionKind": "Flutter.Frame", "isolateGroup": {"type": "@IsolateGroup", "id": "isolateGroups/6534132917220748", "name": "main.dart", "number": "6534132917220
EXT Extension {"type": "Event", "kind": "Extension", "extensionKind": "Flutter.Frame", "isolateGroup": {"type": "@IsolateGroup", "id": "isolateGroups/6534132917220748", "name": "main.dart", "number": "6534132917220
EXT Extension {"type": "Event", "kind": "Extension", "extensionKind": "Flutter.Frame", "isolateGroup": {"type": "@IsolateGroup", "id": "isolateGroups/6534132917220748", "name": "main.dart", "number": "6534132917220
EXT Extension {"type": "Event", "kind": "Extension", "extensionKind": "Flutter.Frame", "isolateGroup": {"type": "@IsolateGroup", "id": "isolateGroups/6534132917220748", "name": "main.dart", "number": "6534132917220
EXT Extension {"type": "Event", "kind": "Extension", "extensionKind": "Flutter.Frame", "isolateGroup": {"type": "@IsolateGroup", "id": "isolateGroups/6534132917220748", "name": "main.dart", "number": "6534132917220
EXT Extension {"type": "Event", "kind": "Extension", "extensionKind": "Flutter.Frame", "isolateGroup": {"type": "@IsolateGroup", "id": "isolateGroups/6534132917220748", "name": "main.dart", "number": "6534132917220
EXT Extension {"type": "Event", "kind": "Extension", "extensionKind": "Flutter.Frame", "isolateGroup": {"type": "@IsolateGroup", "id": "isolateGroups/6534132917220748", "name": "main.dart", "number": "6534132917220
EXT Extension {"type": "Event", "kind": "Extension", "extensionKind": "Flutter.Frame", "isolateGroup": {"type": "@IsolateGroup", "id": "isolateGroups/6534132917220748", "name": "main.dart", "number": "6534132917220
EXT Extension {"type": "Event", "kind": "Extension", "extensionKind": "Flutter.Frame", "isolateGroup": {"type": "@IsolateGroup", "id": "isolateGroups/6534132917220748", "name": "main.dart", "number": "6534132917220
EXT Extension {"type": "Event", "kind": "Extension", "extensionKind": "Flutter.Frame", "isolateGroup": {"type": "@IsolateGroup", "id": "isolateGroups/6534132917220748", "name": "main.dart", "number": "6534132917220
EXT Extension {"type": "Event", "kind": "Extension", "extensionKind": "Flutter.Frame", "isolateGroup": {"type": "@IsolateGroup", "id": "isolateGroups/6534132917220748", "name": "main.dart", "number": "6534132917220
EXT Extension {"type": "Event", "kind": "Extension", "extensionKind": "Flutter.Frame", "isolateGroup": {"type": "@IsolateGroup", "id": "isolateGroups/6534132917220748", "name": "main.dart", "number": "6534132917220
EXT Extension {"type": "Event", "kind": "Extension", "extensionKind": "Flutter.Frame", "isolateGroup": {"type": "@IsolateGroup", "id": "isolateGroups/6534132917220748", "name": "main.dart", "number": "6534132917220
EXT Extension {"type": "Event", "kind": "Extension", "extensionKind": "Flutter.Frame", "isolateGroup": {"type": "@IsolateGroup", "id": "isolateGroups/6534132917220748", "name": "main.dart", "number": "6534132917220
EXT Extension {"type": "Event", "kind": "Extension", "extensionKind": "Flutter.Frame", "isolateGroup": {"type": "@IsolateGroup", "id": "isolateGroups/6534132917220748", "name": "main.dart", "number": "6534132917220
EXT Extension {"type": "Event", "kind": "Extension", "extensionKind": "Flutter.Frame", "isolateGroup": {"type": "@IsolateGroup", "id": "isolateGroups/6534132917220748", "name": "main.dart", "number": "6534132917220
EXT Extension {"type": "Event", "kind": "Extension", "extensionKind": "Flutter.Frame", "isolateGroup": {"type": "@IsolateGroup", "id": "isolateGroups/6534132917220748", "name": "main.dart", "number": "6534132917220
EXT Extension {"type": "Event", "kind": "Extension", "extensionKind": "Flutter.Frame", "isolateGroup": {"type": "@IsolateGroup", "id": "isolateGroups/6534132917220748", "name": "main.dart", "number": "6534132917220
EXT Extension {"type": "Event", "kind": "Extension", "extensionKind": "Flutter.Frame", "isolateGroup": {"type": "@IsolateGroup", "id": "isolateGroups/6534132917220748", "name": "main.dart", "number": "6534132917220
EXT Extension {"type": "Event", "kind": "Extension", "extensionKind": "Flutter.Frame", "isolateGroup": {"type": "@IsolateGroup", "id": "isolateGroups/6534132917220748", "name": "main.dart", "number": "6534132917220
EXT Extension {"type": "Event", "kind": "Extension", "extensionKind": "Flutter.Frame", "isolateGroup": {"type": "@IsolateGroup", "id": "isolateGroups/6534132917220748", "name": "main.dart", "number": "6534132917220
EXT Extension {"type": "Event", "kind": "Extension", "extensionKind": "Flutter.Frame", "isolateGroup": {"type": "@IsolateGroup", "id": "isolateGroups/6534132917220748", "name": "main.dart", "number": "6534132917220
EXT Extension {"type": "Event", "kind": "Extension", "extensionKind": "Flutter.Frame", "isolateGroup": {"type": "@IsolateGroup", "id": "isolateGroups/6534132917220748", "name": "main.dart", "number": "6534132917220
EXT Extension {"type": "Event", "kind": "Extension", "extensionKind": "Flutter.Frame", "isolateGroup": {"type": "@IsolateGroup", "id": "isolateGroups/6534132917220748", "name": "main.dart", "number": "6534132917220
EXT Extension {"type": "Event", "kind": "Extension", "extensionKind": "Flutter.Frame", "isolateGroup": {"type": "@IsolateGroup", "id": "isolateGroups/6534132917220748", "name": "main.dart", "number": "6534132917220
EXT Extension {"type": "Event", "kind": "Extension", "extensionKind": "Flutter.Frame", "isolateGroup": {"type": "@IsolateGroup", "id": "isolateGroups/6534132917220748", "name": "main.dart", "number": "6534132917220
EXT Extension {"type": "Event", "kind": "Extension", "extensionKind": "Flutter.Frame", "isolateGroup": {"type": "@IsolateGroup", "id": "isolateGroups/6534132917220748", "name": "main.dart", "number": "6534132917220
EXT Extension {"type": "Event", "kind": "Extension", "extensionKind": "Flutter.Frame", "isolateGroup": {"type": "@IsolateGroup", "id": "isolateGroups/6534132917220748", "name": "main.dart", "number": "6534132917220
EXT Extension {"type": "Event", "kind": "Extension", "extensionKind": "Flutter.Frame", "isolateGroup": {"type": "@IsolateGroup", "id": "isolateGroups/6534132917220748", "name": "main.dart", "number": "6534132917220
EXT Extension {"type": "Event", "kind": "Extension", "extensionKind": "Flutter.Frame", "isolateGroup": {"type": "@IsolateGroup", "id": "isolateGroups/6534132917220748", "name": "main.dart", "number": "6534132917220
EXT Extension {"type": "Event", "kind": "Extension", "extensionKind": "Flutter.Frame", "isolateGroup": {"type": "@IsolateGroup", "id": "isolateGroups/6534132917220748", "name": "main.dart", "number": "6534132917220
EXT Extension {"type": "Event", "kind": "Extension", "extensionKind": "Flutter.Frame", "isolateGroup": {"type": "@IsolateGroup", "id": "isolateGroups/6534132917220748", "name": "main.dart", "number": "6534132917220
EXT Extension {"type": "Event", "kind": "Extension", "extensionKind": "Flutter.Frame", "isolateGroup": {"type": "@IsolateGroup", "id": "isolateGroups/6534132917220748", "name": "main.dart", "number": "6534132917220
EXT Extension {"type": "Event", "kind": "Extension", "extensionKind": "Flutter.Frame", "isolateGroup": {"type": "@IsolateGroup", "id": "isolateGroups/6534132917220748", "name": "main.dart", "number": "6534132917220
EXT Extension {"type": "Event", "kind": "Extension", "extensionKind": "Flutter.Frame", "isolateGroup": {"type": "@IsolateGroup", "id": "isolateGroups/6534132917220748", "name": "main.dart", "number": "6534132917220
EXT Extension {"type": "Event", "kind": "Extension", "extensionKind": "Flutter.Frame", "isolateGroup": {"type": "@IsolateGroup", "id": "isolateGroups/6534132917220748", "name": "main.dart", "number": "6534132917220
EXT Extension {"type": "Event", "kind": "Extension", "extensionKind": "Flutter.Frame", "isolateGroup": {"type": "@IsolateGroup", "id": "isolateGroups/6534132917220748", "name": "main.dart", "number": "6534132917220
EXT Extension {"type": "Event", "kind": "Extension", "extensionKind": "Flutter.Frame", "isolateGroup": {"type": "@IsolateGroup", "id": "isolateGroups/6534132917220748", "name": "main.dart", "number": "6534132917220
EXT Extension {"type": "Event", "kind": "Extension", "extensionKind": "Flutter.Frame", "isolateGroup": {"type": "@IsolateGroup", "id": "isolateGroups/6534132917220748", "name": "main.dart", "number": "6534132917220
EXT Extension {"type": "Event", "kind": "Extension", "extensionKind": "Flutter.ImageSizesForFrame", "isolateGroup": {"type": "@IsolateGroup", "id": "isolateGroups/6534132917220748", "name": "main.dart", "number": "
EXT Extension {"type": "Event", "kind": "Extension", "extensionKind": "Flutter.Frame", "isolateGroup": {"type": "@IsolateGroup", "id": "isolateGroups/6534132917220748", "name": "main.dart", "number": "6534132917220
EXT Extension {"type": "Event", "kind": "Extension", "extensionKind": "Flutter.Frame", "isolateGroup": {"type": "@IsolateGroup", "id": "isolateGroups/6534132917220748", "name": "main.dart", "number": "6534132917220
EXT Extension {"type": "Event", "kind": "Extension", "extensionKind": "Flutter.Frame", "isolateGroup": {"type": "@IsolateGroup", "id": "isolateGroups/6534132917220748", "name": "main.dart", "number": "6534132917220
EXT Extension {"type": "Event", "kind": "Extension", "extensionKind": "Flutter.Frame", "isolateGroup": {"type": "@IsolateGroup", "id": "isolateGroups/6534132917220748", "name": "main.dart", "number": "6534132917220
EXT Extension {"type": "Event", "kind": "Extension", "extensionKind": "Flutter.Frame", "isolateGroup": {"type": "@IsolateGroup", "id": "isolateGroups/6534132917220748", "name": "main.dart", "number": "6534132917220
EXT Extension {"type": "Event", "kind": "Extension", "extensionKind": "Flutter.Frame", "isolateGroup": {"type": "@IsolateGroup", "id": "isolateGroups/6534132917220748", "name": "main.dart", "number": "6534132917220
EXT Extension {"type": "Event", "kind": "Extension", "extensionKind": "Flutter.Frame", "isolateGroup": {"type": "@IsolateGroup", "id": "isolateGroups/6534132917220748", "name": "main.dart", "number": "6534132917220
EXT Extension {"type": "Event", "kind": "Extension", "extensionKind": "Flutter.Frame", "isolateGroup": {"type": "@IsolateGroup", "id": "isolateGroups/6534132917220748", "name": "main.dart", "number": "6534132917220
EXT Extension {"type": "Event", "kind": "Extension", "extensionKind": "Flutter.Frame", "isolateGroup": {"type": "@IsolateGroup", "id": "isolateGroups/6534132917220748", "name": "main.dart", "number": "6534132917220
EXT Extension {"type": "Event", "kind": "Extension", "extensionKind": "Flutter.Frame", "isolateGroup": {"type": "@IsolateGroup", "id": "isolateGroups/6534132917220748", "name": "main.dart", "number": "6534132917220
EXT Extension {"type": "Event", "kind": "Extension", "extensionKind": "Flutter.Frame", "isolateGroup": {"type": "@IsolateGroup", "id": "isolateGroups/6534132917220748", "name": "main.dart", "number": "6534132917220
EXT Extension {"type": "Event", "kind": "Extension", "extensionKind": "Flutter.Frame", "isolateGroup": {"type": "@IsolateGroup", "id": "isolateGroups/6534132917220748", "name": "main.dart", "number": "6534132917220
EXT Extension {"type": "Event", "kind": "Extension", "extensionKind": "Flutter.Frame", "isolateGroup": {"type": "@IsolateGroup", "id": "isolateGroups/6534132917220748", "name": "main.dart", "number": "6534132917220
EXT Extension {"type": "Event", "kind": "Extension", "extensionKind": "Flutter.Frame", "isolateGroup": {"type": "@IsolateGroup", "id": "isolateGroups/6534132917220748", "name": "main.dart", "number": "6534132917220
EXT Extension {"type": "Event", "kind": "Extension", "extensionKind": "Flutter.Frame", "isolateGroup": {"type": "@IsolateGroup", "id": "isolateGroups/6534132917220748", "name": "main.dart", "number": "6534132917220
EXT Extension {"type": "Event", "kind": "Extension", "extensionKind": "Flutter.Frame", "isolateGroup": {"type": "@IsolateGroup", "id": "isolateGroups/6534132917220748", "name": "main.dart", "number": "6534132917220
EXT Extension {"type": "Event", "kind": "Extension", "extensionKind": "Flutter.Frame", "isolateGroup": {"type": "@IsolateGroup", "id": "isolateGroups/6534132917220748", "name": "main.dart", "number": "6534132917220
EXT Extension {"type": "Event", "kind": "Extension", "extensionKind": "Flutter.Frame", "isolateGroup": {"type": "@IsolateGroup", "id": "isolateGroups/6534132917220748", "name": "main.dart", "number": "6534132917220
EXT Extension {"type": "Event", "kind": "Extension", "extensionKind": "Flutter.Frame", "isolateGroup": {"type": "@IsolateGroup", "id": "isolateGroups/6534132917220748", "name": "main.dart", "number": "6534132917220
EXT Extension {"type": "Event", "kind": "Extension", "extensionKind": "Flutter.Frame", "isolateGroup": {"type": "@IsolateGroup", "id": "isolateGroups/6534132917220748", "name": "main.dart", "number": "6534132917220
EXT Extension {"type": "Event", "kind": "Extension", "extensionKind": "Flutter.Frame", "isolateGroup": {"type": "@IsolateGroup", "id": "isolateGroups/6534132917220748", "name": "main.dart", "number": "6534132917220
EXT Extension {"type": "Event", "kind": "Extension", "extensionKind": "Flutter.Frame", "isolateGroup": {"type": "@IsolateGroup", "id": "isolateGroups/6534132917220748", "name": "main.dart", "number": "6534132917220
EXT Extension {"type": "Event", "kind": "Extension", "extensionKind": "Flutter.Frame", "isolateGroup": {"type": "@IsolateGroup", "id": "isolateGroups/6534132917220748", "name": "main.dart", "number": "6534132917220
EXT Extension {"type": "Event", "kind": "Extension", "extensionKind": "Flutter.Frame", "isolateGroup": {"type": "@IsolateGroup", "id": "isolateGroups/6534132917220748", "name": "main.dart", "number": "6534132917220
EXT Extension {"type": "Event", "kind": "Extension", "extensionKind": "Flutter.Frame", "isolateGroup": {"type": "@IsolateGroup", "id": "isolateGroups/6534132917220748", "name": "main.dart", "number": "6534132917220
EXT Extension {"type": "Event", "kind": "Extension", "extensionKind": "Flutter.Frame", "isolateGroup": {"type": "@IsolateGroup", "id": "isolateGroups/6534132917220748", "name": "main.dart", "number": "6534132917220
EXT Extension {"type": "Event", "kind": "Extension", "extensionKind": "Flutter.Frame", "isolateGroup": {"type": "@IsolateGroup", "id": "isolateGroups/6534132917220748", "name": "main.dart", "number": "6534132917220
EXT Extension {"type": "Event", "kind": "Extension", "extensionKind": "Flutter.Frame", "isolateGroup": {"type": "@IsolateGroup", "id": "isolateGroups/6534132917220748", "name": "main.dart", "number": "6534132917220
EXT Extension {"type": "Event", "kind": "Extension", "extensionKind": "Flutter.Frame", "isolateGroup": {"type": "@IsolateGroup", "id": "isolateGroups/6534132917220748", "name": "main.dart", "number": "6534132917220
EXT Extension {"type": "Event", "kind": "Extension", "extensionKind": "Flutter.Frame", "isolateGroup": {"type": "@IsolateGroup", "id": "isolateGroups/6534132917220748", "name": "main.dart", "number": "6534132917220
EXT Extension {"type": "Event", "kind": "Extension", "extensionKind": "Flutter.Frame", "isolateGroup": {"type": "@IsolateGroup", "id": "isolateGroups/6534132917220748", "name": "main.dart", "number": "6534132917220
EXT Extension {"type": "Event", "kind": "Extension", "extensionKind": "Flutter.Frame", "isolateGroup": {"type": "@IsolateGroup", "id": "isolateGroups/6534132917220748", "name": "main.dart", "number": "6534132917220
EXT Extension {"type": "Event", "kind": "Extension", "extensionKind": "Flutter.Frame", "isolateGroup": {"type": "@IsolateGroup", "id": "isolateGroups/6534132917220748", "name": "main.dart", "number": "6534132917220
EXT Extension {"type": "Event", "kind": "Extension", "extensionKind": "Flutter.Frame", "isolateGroup": {"type": "@IsolateGroup", "id": "isolateGroups/6534132917220748", "name": "main.dart", "number": "6534132917220
EXT Extension {"type": "Event", "kind": "Extension", "extensionKind": "Flutter.Frame", "isolateGroup": {"type": "@IsolateGroup", "id": "isolateGroups/6534132917220748", "name": "main.dart", "number": "6534132917220
EXT Extension {"type": "Event", "kind": "Extension", "extensionKind": "Flutter.Frame", "isolateGroup": {"type": "@IsolateGroup", "id": "isolateGroups/6534132917220748", "name": "main.dart", "number": "6534132917220
EXT Extension {"type": "Event", "kind": "Extension", "extensionKind": "Flutter.Frame", "isolateGroup": {"type": "@IsolateGroup", "id": "isolateGroups/6534132917220748", "name": "main.dart", "number": "6534132917220
EXT Extension {"type": "Event", "kind": "Extension", "extensionKind": "Flutter.Frame", "isolateGroup": {"type": "@IsolateGroup", "id": "isolateGroups/6534132917220748", "name": "main.dart", "number": "6534132917220
EXT Extension {"type": "Event", "kind": "Extension", "extensionKind": "Flutter.Frame", "isolateGroup": {"type": "@IsolateGroup", "id": "isolateGroups/6534132917220748", "name": "main.dart", "number": "6534132917220
EXT Extension {"type": "Event", "kind": "Extension", "extensionKind": "Flutter.Frame", "isolateGroup": {"type": "@IsolateGroup", "id": "isolateGroups/6534132917220748", "name": "main.dart", "number": "6534132917220
EXT Extension {"type": "Event", "kind": "Extension", "extensionKind": "Flutter.Frame", "isolateGroup": {"type": "@IsolateGroup", "id": "isolateGroups/6534132917220748", "name": "main.dart", "number": "6534132917220
EXT Extension {"type": "Event", "kind": "Extension", "extensionKind": "Flutter.Frame", "isolateGroup": {"type": "@IsolateGroup", "id": "isolateGroups/6534132917220748", "name": "main.dart", "number": "6534132917220
EXT Extension {"type": "Event", "kind": "Extension", "extensionKind": "Flutter.Frame", "isolateGroup": {"type": "@IsolateGroup", "id": "isolateGroups/6534132917220748", "name": "main.dart", "number": "6534132917220
EXT Extension {"type": "Event", "kind": "Extension", "extensionKind": "Flutter.Frame", "isolateGroup": {"type": "@IsolateGroup", "id": "isolateGroups/6534132917220748", "name": "main.dart", "number": "6534132917220
EXT Extension {"type": "Event", "kind": "Extension", "extensionKind": "Flutter.Frame", "isolateGroup": {"type": "@IsolateGroup", "id": "isolateGroups/6534132917220748", "name": "main.dart", "number": "6534132917220
EXT Extension {"type": "Event", "kind": "Extension", "extensionKind": "Flutter.Frame", "isolateGroup": {"type": "@IsolateGroup", "id": "isolateGroups/6534132917220748", "name": "main.dart", "number": "6534132917220
EXT Extension {"type": "Event", "kind": "Extension", "extensionKind": "Flutter.Frame", "isolateGroup": {"type": "@IsolateGroup", "id": "isolateGroups/6534132917220748", "name": "main.dart", "number": "6534132917220
EXT Extension {"type": "Event", "kind": "Extension", "extensionKind": "Flutter.Frame", "isolateGroup": {"type": "@IsolateGroup", "id": "isolateGroups/6534132917220748", "name": "main.dart", "number": "6534132917220
EXT Extension {"type": "Event", "kind": "Extension", "extensionKind": "Flutter.Frame", "isolateGroup": {"type": "@IsolateGroup", "id": "isolateGroups/6534132917220748", "name": "main.dart", "number": "6534132917220
EXT Extension {"type": "Event", "kind": "Extension", "extensionKind": "Flutter.Frame", "isolateGroup": {"type": "@IsolateGroup", "id": "isolateGroups/6534132917220748", "name": "main.dart", "number": "6534132917220
EXT Extension {"type": "Event", "kind": "Extension", "extensionKind": "Flutter.Frame", "isolateGroup": {"type": "@IsolateGroup", "id": "isolateGroups/6534132917220748", "name": "main.dart", "number": "6534132917220
EXT Extension {"type": "Event", "kind": "Extension", "extensionKind": "Flutter.Frame", "isolateGroup": {"type": "@IsolateGroup", "id": "isolateGroups/6534132917220748", "name": "main.dart", "number": "6534132917220
EXT Extension {"type": "Event", "kind": "Extension", "extensionKind": "Flutter.Frame", "isolateGroup": {"type": "@IsolateGroup", "id": "isolateGroups/6534132917220748", "name": "main.dart", "number": "6534132917220
EXT Extension {"type": "Event", "kind": "Extension", "extensionKind": "Flutter.Frame", "isolateGroup": {"type": "@IsolateGroup", "id": "isolateGroups/6534132917220748", "name": "main.dart", "number": "6534132917220
EXT Extension {"type": "Event", "kind": "Extension", "extensionKind": "Flutter.Frame", "isolateGroup": {"type": "@IsolateGroup", "id": "isolateGroups/6534132917220748", "name": "main.dart", "number": "6534132917220
EXT Extension {"type": "Event", "kind": "Extension", "extensionKind": "Flutter.Frame", "isolateGroup": {"type": "@IsolateGroup", "id": "isolateGroups/6534132917220748", "name": "main.dart", "number": "6534132917220
EXT Extension {"type": "Event", "kind": "Extension", "extensionKind": "Flutter.Frame", "isolateGroup": {"type": "@IsolateGroup", "id": "isolateGroups/6534132917220748", "name": "main.dart", "number": "6534132917220
EXT Extension {"type": "Event", "kind": "Extension", "extensionKind": "Flutter.Frame", "isolateGroup": {"type": "@IsolateGroup", "id": "isolateGroups/6534132917220748", "name": "main.dart", "number": "6534132917220
EXT Extension {"type": "Event", "kind": "Extension", "extensionKind": "Flutter.Frame", "isolateGroup": {"type": "@IsolateGroup", "id": "isolateGroups/6534132917220748", "name": "main.dart", "number": "6534132917220
EXT Extension {"type": "Event", "kind": "Extension", "extensionKind": "Flutter.Frame", "isolateGroup": {"type": "@IsolateGroup", "id": "isolateGroups/6534132917220748", "name": "main.dart", "number": "6534132917220
EXT Extension {"type": "Event", "kind": "Extension", "extensionKind": "Flutter.Frame", "isolateGroup": {"type": "@IsolateGroup", "id": "isolateGroups/6534132917220748", "name": "main.dart", "number": "6534132917220
EXT Extension {"type": "Event", "kind": "Extension", "extensionKind": "Flutter.Frame", "isolateGroup": {"type": "@IsolateGroup", "id": "isolateGroups/6534132917220748", "name": "main.dart", "number": "6534132917220
EXT Extension {"type": "Event", "kind": "Extension", "extensionKind": "Flutter.Frame", "isolateGroup": {"type": "@IsolateGroup", "id": "isolateGroups/6534132917220748", "name": "main.dart", "number": "6534132917220
EXT Extension {"type": "Event", "kind": "Extension", "extensionKind": "Flutter.Frame", "isolateGroup": {"type": "@IsolateGroup", "id": "isolateGroups/6534132917220748", "name": "main.dart", "number": "6534132917220
EXT Extension {"type": "Event", "kind": "Extension", "extensionKind": "Flutter.Frame", "isolateGroup": {"type": "@IsolateGroup", "id": "isolateGroups/6534132917220748", "name": "main.dart", "number": "6534132917220
EXT Extension {"type": "Event", "kind": "Extension", "extensionKind": "Flutter.Frame", "isolateGroup": {"type": "@IsolateGroup", "id": "isolateGroups/6534132917220748", "name": "main.dart", "number": "6534132917220
EXT Extension {"type": "Event", "kind": "Extension", "extensionKind": "Flutter.Frame", "isolateGroup": {"type": "@IsolateGroup", "id": "isolateGroups/6534132917220748", "name": "main.dart", "number": "6534132917220
EXT Extension {"type": "Event", "kind": "Extension", "extensionKind": "Flutter.Frame", "isolateGroup": {"type": "@IsolateGroup", "id": "isolateGroups/6534132917220748", "name": "main.dart", "number": "6534132917220
EXT Extension {"type": "Event", "kind": "Extension", "extensionKind": "Flutter.Frame", "isolateGroup": {"type": "@IsolateGroup", "id": "isolateGroups/6534132917220748", "name": "main.dart", "number": "6534132917220
EXT Extension {"type": "Event", "kind": "Extension", "extensionKind": "Flutter.Frame", "isolateGroup": {"type": "@IsolateGroup", "id": "isolateGroups/6534132917220748", "name": "main.dart", "number": "6534132917220
EXT Extension {"type": "Event", "kind": "Extension", "extensionKind": "Flutter.Frame", "isolateGroup": {"type": "@IsolateGroup", "id": "isolateGroups/6534132917220748", "name": "main.dart", "number": "6534132917220
EXT Extension {"type": "Event", "kind": "Extension", "extensionKind": "Flutter.Frame", "isolateGroup": {"type": "@IsolateGroup", "id": "isolateGroups/6534132917220748", "name": "main.dart", "number": "6534132917220
EXT Extension {"type": "Event", "kind": "Extension", "extensionKind": "Flutter.Frame", "isolateGroup": {"type": "@IsolateGroup", "id": "isolateGroups/6534132917220748", "name": "main.dart", "number": "6534132917220
EXT Extension {"type": "Event", "kind": "Extension", "extensionKind": "Flutter.Frame", "isolateGroup": {"type": "@IsolateGroup", "id": "isolateGroups/6534132917220748", "name": "main.dart", "number": "6534132917220
EXT Extension {"type": "Event", "kind": "Extension", "extensionKind": "Flutter.Frame", "isolateGroup": {"type": "@IsolateGroup", "id": "isolateGroups/6534132917220748", "name": "main.dart", "number": "6534132917220
EXT Extension {"type": "Event", "kind": "Extension", "extensionKind": "Flutter.Frame", "isolateGroup": {"type": "@IsolateGroup", "id": "isolateGroups/6534132917220748", "name": "main.dart", "number": "6534132917220
EXT Extension {"type": "Event", "kind": "Extension", "extensionKind": "Flutter.Frame", "isolateGroup": {"type": "@IsolateGroup", "id": "isolateGroups/6534132917220748", "name": "main.dart", "number": "6534132917220
EXT Extension {"type": "Event", "kind": "Extension", "extensionKind": "Flutter.Frame", "isolateGroup": {"type": "@IsolateGroup", "id": "isolateGroups/6534132917220748", "name": "main.dart", "number": "6534132917220
EXT Extension {"type": "Event", "kind": "Extension", "extensionKind": "Flutter.Frame", "isolateGroup": {"type": "@IsolateGroup", "id": "isolateGroups/6534132917220748", "name": "main.dart", "number": "6534132917220
EXT Extension {"type": "Event", "kind": "Extension", "extensionKind": "Flutter.Frame", "isolateGroup": {"type": "@IsolateGroup", "id": "isolateGroups/6534132917220748", "name": "main.dart", "number": "6534132917220
EXT Extension {"type": "Event", "kind": "Extension", "extensionKind": "Flutter.Frame", "isolateGroup": {"type": "@IsolateGroup", "id": "isolateGroups/6534132917220748", "name": "main.dart", "number": "6534132917220
EXT Extension {"type": "Event", "kind": "Extension", "extensionKind": "Flutter.Frame", "isolateGroup": {"type": "@IsolateGroup", "id": "isolateGroups/6534132917220748", "name": "main.dart", "number": "6534132917220
EXT Extension {"type": "Event", "kind": "Extension", "extensionKind": "Flutter.Frame", "isolateGroup": {"type": "@IsolateGroup", "id": "isolateGroups/6534132917220748", "name": "main.dart", "number": "6534132917220
EXT Extension {"type": "Event", "kind": "Extension", "extensionKind": "Flutter.Frame", "isolateGroup": {"type": "@IsolateGroup", "id": "isolateGroups/6534132917220748", "name": "main.dart", "number": "6534132917220
EXT Extension {"type": "Event", "kind": "Extension", "extensionKind": "Flutter.Frame", "isolateGroup": {"type": "@IsolateGroup", "id": "isolateGroups/6534132917220748", "name": "main.dart", "number": "6534132917220
EXT Extension {"type": "Event", "kind": "Extension", "extensionKind": "Flutter.Frame", "isolateGroup": {"type": "@IsolateGroup", "id": "isolateGroups/6534132917220748", "name": "main.dart", "number": "6534132917220
EXT Extension {"type": "Event", "kind": "Extension", "extensionKind": "Flutter.Frame", "isolateGroup": {"type": "@IsolateGroup", "id": "isolateGroups/6534132917220748", "name": "main.dart", "number": "6534132917220
EXT Extension {"type": "Event", "kind": "Extension", "extensionKind": "Flutter.Frame", "isolateGroup": {"type": "@IsolateGroup", "id": "isolateGroups/6534132917220748", "name": "main.dart", "number": "6534132917220
EXT Extension {"type": "Event", "kind": "Extension", "extensionKind": "Flutter.Frame", "isolateGroup": {"type": "@IsolateGroup", "id": "isolateGroups/6534132917220748", "name": "main.dart", "number": "6534132917220
EXT Extension {"type": "Event", "kind": "Extension", "extensionKind": "Flutter.Frame", "isolateGroup": {"type": "@IsolateGroup", "id": "isolateGroups/6534132917220748", "name": "main.dart", "number": "6534132917220
EXT Extension {"type": "Event", "kind": "Extension", "extensionKind": "Flutter.Frame", "isolateGroup": {"type": "@IsolateGroup", "id": "isolateGroups/6534132917220748", "name": "main.dart", "number": "6534132917220
EXT Extension {"type": "Event", "kind": "Extension", "extensionKind": "Flutter.Frame", "isolateGroup": {"type": "@IsolateGroup", "id": "isolateGroups/6534132917220748", "name": "main.dart", "number": "6534132917220
EXT Extension {"type": "Event", "kind": "Extension", "extensionKind": "Flutter.Frame", "isolateGroup": {"type": "@IsolateGroup", "id": "isolateGroups/6534132917220748", "name": "main.dart", "number": "6534132917220
EXT Extension {"type": "Event", "kind": "Extension", "extensionKind": "Flutter.Frame", "isolateGroup": {"type": "@IsolateGroup", "id": "isolateGroups/6534132917220748", "name": "main.dart", "number": "6534132917220
EXT Extension {"type": "Event", "kind": "Extension", "extensionKind": "Flutter.Frame", "isolateGroup": {"type": "@IsolateGroup", "id": "isolateGroups/6534132917220748", "name": "main.dart", "number": "6534132917220
EXT Extension {"type": "Event", "kind": "Extension", "extensionKind": "Flutter.Frame", "isolateGroup": {"type": "@IsolateGroup", "id": "isolateGroups/6534132917220748", "name": "main.dart", "number": "6534132917220
EXT Extension {"type": "Event", "kind": "Extension", "extensionKind": "Flutter.Frame", "isolateGroup": {"type": "@IsolateGroup", "id": "isolateGroups/6534132917220748", "name": "main.dart", "number": "6534132917220
EXT Extension {"type": "Event", "kind": "Extension", "extensionKind": "Flutter.Frame", "isolateGroup": {"type": "@IsolateGroup", "id": "isolateGroups/6534132917220748", "name": "main.dart", "number": "6534132917220
EXT Extension {"type": "Event", "kind": "Extension", "extensionKind": "Flutter.Frame", "isolateGroup": {"type": "@IsolateGroup", "id": "isolateGroups/6534132917220748", "name": "main.dart", "number": "6534132917220
EXT Extension {"type": "Event", "kind": "Extension", "extensionKind": "Flutter.Frame", "isolateGroup": {"type": "@IsolateGroup", "id": "isolateGroups/6534132917220748", "name": "main.dart", "number": "6534132917220
EXT Extension {"type": "Event", "kind": "Extension", "extensionKind": "Flutter.Frame", "isolateGroup": {"type": "@IsolateGroup", "id": "isolateGroups/6534132917220748", "name": "main.dart", "number": "6534132917220
EXT Extension {"type": "Event", "kind": "Extension", "extensionKind": "Flutter.Frame", "isolateGroup": {"type": "@IsolateGroup", "id": "isolateGroups/6534132917220748", "name": "main.dart", "number": "6534132917220
EXT Extension {"type": "Event", "kind": "Extension", "extensionKind": "Flutter.Frame", "isolateGroup": {"type": "@IsolateGroup", "id": "isolateGroups/6534132917220748", "name": "main.dart", "number": "6534132917220
EXT Extension {"type": "Event", "kind": "Extension", "extensionKind": "Flutter.Frame", "isolateGroup": {"type": "@IsolateGroup", "id": "isolateGroups/6534132917220748", "name": "main.dart", "number": "6534132917220
EXT Extension {"type": "Event", "kind": "Extension", "extensionKind": "Flutter.Frame", "isolateGroup": {"type": "@IsolateGroup", "id": "isolateGroups/6534132917220748", "name": "main.dart", "number": "6534132917220
EXT Extension {"type": "Event", "kind": "Extension", "extensionKind": "Flutter.Frame", "isolateGroup": {"type": "@IsolateGroup", "id": "isolateGroups/6534132917220748", "name": "main.dart", "number": "6534132917220
EXT Extension {"type": "Event", "kind": "Extension", "extensionKind": "Flutter.Frame", "isolateGroup": {"type": "@IsolateGroup", "id": "isolateGroups/6534132917220748", "name": "main.dart", "number": "6534132917220
EXT Extension {"type": "Event", "kind": "Extension", "extensionKind": "Flutter.Frame", "isolateGroup": {"type": "@IsolateGroup", "id": "isolateGroups/6534132917220748", "name": "main.dart", "number": "6534132917220
EXT Extension {"type": "Event", "kind": "Extension", "extensionKind": "Flutter.Frame", "isolateGroup": {"type": "@IsolateGroup", "id": "isolateGroups/6534132917220748", "name": "main.dart", "number": "6534132917220
EXT Extension {"type": "Event", "kind": "Extension", "extensionKind": "Flutter.Frame", "isolateGroup": {"type": "@IsolateGroup", "id": "isolateGroups/6534132917220748", "name": "main.dart", "number": "6534132917220
EXT Extension {"type": "Event", "kind": "Extension", "extensionKind": "Flutter.Frame", "isolateGroup": {"type": "@IsolateGroup", "id": "isolateGroups/6534132917220748", "name": "main.dart", "number": "6534132917220
EXT Extension {"type": "Event", "kind": "Extension", "extensionKind": "Flutter.Frame", "isolateGroup": {"type": "@IsolateGroup", "id": "isolateGroups/6534132917220748", "name": "main.dart", "number": "6534132917220
EXT Extension {"type": "Event", "kind": "Extension", "extensionKind": "Flutter.Frame", "isolateGroup": {"type": "@IsolateGroup", "id": "isolateGroups/6534132917220748", "name": "main.dart", "number": "6534132917220
EXT Extension {"type": "Event", "kind": "Extension", "extensionKind": "Flutter.Frame", "isolateGroup": {"type": "@IsolateGroup", "id": "isolateGroups/6534132917220748", "name": "main.dart", "number": "6534132917220
EXT Extension {"type": "Event", "kind": "Extension", "extensionKind": "Flutter.Frame", "isolateGroup": {"type": "@IsolateGroup", "id": "isolateGroups/6534132917220748", "name": "main.dart", "number": "6534132917220
EXT Extension {"type": "Event", "kind": "Extension", "extensionKind": "Flutter.Frame", "isolateGroup": {"type": "@IsolateGroup", "id": "isolateGroups/6534132917220748", "name": "main.dart", "number": "6534132917220
EXT Extension {"type": "Event", "kind": "Extension", "extensionKind": "Flutter.Frame", "isolateGroup": {"type": "@IsolateGroup", "id": "isolateGroups/6534132917220748", "name": "main.dart", "number": "6534132917220
EXT Extension {"type": "Event", "kind": "Extension", "extensionKind": "Flutter.Frame", "isolateGroup": {"type": "@IsolateGroup", "id": "isolateGroups/6534132917220748", "name": "main.dart", "number": "6534132917220
EXT Extension {"type": "Event", "kind": "Extension", "extensionKind": "Flutter.Frame", "isolateGroup": {"type": "@IsolateGroup", "id": "isolateGroups/6534132917220748", "name": "main.dart", "number": "6534132917220
EXT Extension {"type": "Event", "kind": "Extension", "extensionKind": "Flutter.Frame", "isolateGroup": {"type": "@IsolateGroup", "id": "isolateGroups/6534132917220748", "name": "main.dart", "number": "6534132917220
EXT Extension {"type": "Event", "kind": "Extension", "extensionKind": "Flutter.Frame", "isolateGroup": {"type": "@IsolateGroup", "id": "isolateGroups/6534132917220748", "name": "main.dart", "number": "6534132917220
EXT Extension {"type": "Event", "kind": "Extension", "extensionKind": "Flutter.Frame", "isolateGroup": {"type": "@IsolateGroup", "id": "isolateGroups/6534132917220748", "name": "main.dart", "number": "6534132917220
EXT Extension {"type": "Event", "kind": "Extension", "extensionKind": "Flutter.Frame", "isolateGroup": {"type": "@IsolateGroup", "id": "isolateGroups/6534132917220748", "name": "main.dart", "number": "6534132917220
EXT Extension {"type": "Event", "kind": "Extension", "extensionKind": "Flutter.Frame", "isolateGroup": {"type": "@IsolateGroup", "id": "isolateGroups/6534132917220748", "name": "main.dart", "number": "6534132917220
EXT Extension {"type": "Event", "kind": "Extension", "extensionKind": "Flutter.Frame", "isolateGroup": {"type": "@IsolateGroup", "id": "isolateGroups/6534132917220748", "name": "main.dart", "number": "6534132917220
EXT Extension {"type": "Event", "kind": "Extension", "extensionKind": "Flutter.Frame", "isolateGroup": {"type": "@IsolateGroup", "id": "isolateGroups/6534132917220748", "name": "main.dart", "number": "6534132917220
EXT Extension {"type": "Event", "kind": "Extension", "extensionKind": "Flutter.Frame", "isolateGroup": {"type": "@IsolateGroup", "id": "isolateGroups/6534132917220748", "name": "main.dart", "number": "6534132917220
EXT Extension {"type": "Event", "kind": "Extension", "extensionKind": "Flutter.Frame", "isolateGroup": {"type": "@IsolateGroup", "id": "isolateGroups/6534132917220748", "name": "main.dart", "number": "6534132917220
EXT Extension {"type": "Event", "kind": "Extension", "extensionKind": "Flutter.Frame", "isolateGroup": {"type": "@IsolateGroup", "id": "isolateGroups/6534132917220748", "name": "main.dart", "number": "6534132917220
EXT Extension {"type": "Event", "kind": "Extension", "extensionKind": "Flutter.Frame", "isolateGroup": {"type": "@IsolateGroup", "id": "isolateGroups/6534132917220748", "name": "main.dart", "number": "6534132917220
EXT Extension {"type": "Event", "kind": "Extension", "extensionKind": "Flutter.Frame", "isolateGroup": {"type": "@IsolateGroup", "id": "isolateGroups/6534132917220748", "name": "main.dart", "number": "6534132917220
EXT Extension {"type": "Event", "kind": "Extension", "extensionKind": "Flutter.Frame", "isolateGroup": {"type": "@IsolateGroup", "id": "isolateGroups/6534132917220748", "name": "main.dart", "number": "6534132917220
EXT Extension {"type": "Event", "kind": "Extension", "extensionKind": "Flutter.Frame", "isolateGroup": {"type": "@IsolateGroup", "id": "isolateGroups/6534132917220748", "name": "main.dart", "number": "6534132917220
EXT Extension {"type": "Event", "kind": "Extension", "extensionKind": "Flutter.Frame", "isolateGroup": {"type": "@IsolateGroup", "id": "isolateGroups/6534132917220748", "name": "main.dart", "number": "6534132917220
EXT Extension {"type": "Event", "kind": "Extension", "extensionKind": "Flutter.Frame", "isolateGroup": {"type": "@IsolateGroup", "id": "isolateGroups/6534132917220748", "name": "main.dart", "number": "6534132917220
EXT Extension {"type": "Event", "kind": "Extension", "extensionKind": "Flutter.Frame", "isolateGroup": {"type": "@IsolateGroup", "id": "isolateGroups/6534132917220748", "name": "main.dart", "number": "6534132917220
EXT Extension {"type": "Event", "kind": "Extension", "extensionKind": "Flutter.Frame", "isolateGroup": {"type": "@IsolateGroup", "id": "isolateGroups/6534132917220748", "name": "main.dart", "number": "6534132917220
EXT Extension {"type": "Event", "kind": "Extension", "extensionKind": "Flutter.Frame", "isolateGroup": {"type": "@IsolateGroup", "id": "isolateGroups/6534132917220748", "name": "main.dart", "number": "6534132917220
EXT Extension {"type": "Event", "kind": "Extension", "extensionKind": "Flutter.Frame", "isolateGroup": {"type": "@IsolateGroup", "id": "isolateGroups/6534132917220748", "name": "main.dart", "number": "6534132917220
EXT Extension {"type": "Event", "kind": "Extension", "extensionKind": "Flutter.Frame", "isolateGroup": {"type": "@IsolateGroup", "id": "isolateGroups/6534132917220748", "name": "main.dart", "number": "6534132917220
EXT Extension {"type": "Event", "kind": "Extension", "extensionKind": "Flutter.Frame", "isolateGroup": {"type": "@IsolateGroup", "id": "isolateGroups/6534132917220748", "name": "main.dart", "number": "6534132917220
EXT Extension {"type": "Event", "kind": "Extension", "extensionKind": "Flutter.Frame", "isolateGroup": {"type": "@IsolateGroup", "id": "isolateGroups/6534132917220748", "name": "main.dart", "number": "6534132917220
EXT Extension {"type": "Event", "kind": "Extension", "extensionKind": "Flutter.Frame", "isolateGroup": {"type": "@IsolateGroup", "id": "isolateGroups/6534132917220748", "name": "main.dart", "number": "6534132917220
EXT Extension {"type": "Event", "kind": "Extension", "extensionKind": "Flutter.Frame", "isolateGroup": {"type": "@IsolateGroup", "id": "isolateGroups/6534132917220748", "name": "main.dart", "number": "6534132917220
EXT Extension {"type": "Event", "kind": "Extension", "extensionKind": "Flutter.Frame", "isolateGroup": {"type": "@IsolateGroup", "id": "isolateGroups/6534132917220748", "name": "main.dart", "number": "6534132917220
EXT Extension {"type": "Event", "kind": "Extension", "extensionKind": "Flutter.Frame", "isolateGroup": {"type": "@IsolateGroup", "id": "isolateGroups/6534132917220748", "name": "main.dart", "number": "6534132917220
EXT Extension {"type": "Event", "kind": "Extension", "extensionKind": "Flutter.Frame", "isolateGroup": {"type": "@IsolateGroup", "id": "isolateGroups/6534132917220748", "name": "main.dart", "number": "6534132917220
EXT Extension {"type": "Event", "kind": "Extension", "extensionKind": "Flutter.Frame", "isolateGroup": {"type": "@IsolateGroup", "id": "isolateGroups/6534132917220748", "name": "main.dart", "number": "6534132917220
EXT Extension {"type": "Event", "kind": "Extension", "extensionKind": "Flutter.Frame", "isolateGroup": {"type": "@IsolateGroup", "id": "isolateGroups/6534132917220748", "name": "main.dart", "number": "6534132917220
EXT Extension {"type": "Event", "kind": "Extension", "extensionKind": "Flutter.Frame", "isolateGroup": {"type": "@IsolateGroup", "id": "isolateGroups/6534132917220748", "name": "main.dart", "number": "6534132917220
EXT Extension {"type": "Event", "kind": "Extension", "extensionKind": "Flutter.Frame", "isolateGroup": {"type": "@IsolateGroup", "id": "isolateGroups/6534132917220748", "name": "main.dart", "number": "6534132917220
EXT Extension {"type": "Event", "kind": "Extension", "extensionKind": "Flutter.Frame", "isolateGroup": {"type": "@IsolateGroup", "id": "isolateGroups/6534132917220748", "name": "main.dart", "number": "6534132917220
EXT Extension {"type": "Event", "kind": "Extension", "extensionKind": "Flutter.Frame", "isolateGroup": {"type": "@IsolateGroup", "id": "isolateGroups/6534132917220748", "name": "main.dart", "number": "6534132917220
EXT Extension {"type": "Event", "kind": "Extension", "extensionKind": "Flutter.Frame", "isolateGroup": {"type": "@IsolateGroup", "id": "isolateGroups/6534132917220748", "name": "main.dart", "number": "6534132917220
EXT Extension {"type": "Event", "kind": "Extension", "extensionKind": "Flutter.Frame", "isolateGroup": {"type": "@IsolateGroup", "id": "isolateGroups/6534132917220748", "name": "main.dart", "number": "6534132917220
EXT Extension {"type": "Event", "kind": "Extension", "extensionKind": "Flutter.Frame", "isolateGroup": {"type": "@IsolateGroup", "id": "isolateGroups/6534132917220748", "name": "main.dart", "number": "6534132917220
EXT Extension {"type": "Event", "kind": "Extension", "extensionKind": "Flutter.Frame", "isolateGroup": {"type": "@IsolateGroup", "id": "isolateGroups/6534132917220748", "name": "main.dart", "number": "6534132917220
EXT Extension {"type": "Event", "kind": "Extension", "extensionKind": "Flutter.Frame", "isolateGroup": {"type": "@IsolateGroup", "id": "isolateGroups/6534132917220748", "name": "main.dart", "number": "6534132917220
EXT Extension {"type": "Event", "kind": "Extension", "extensionKind": "Flutter.Frame", "isolateGroup": {"type": "@IsolateGroup", "id": "isolateGroups/6534132917220748", "name": "main.dart", "number": "6534132917220
EXT Extension {"type": "Event", "kind": "Extension", "extensionKind": "Flutter.Frame", "isolateGroup": {"type": "@IsolateGroup", "id": "isolateGroups/6534132917220748", "name": "main.dart", "number": "6534132917220
EXT Extension {"type": "Event", "kind": "Extension", "extensionKind": "Flutter.Frame", "isolateGroup": {"type": "@IsolateGroup", "id": "isolateGroups/6534132917220748", "name": "main.dart", "number": "6534132917220
EXT Extension {"type": "Event", "kind": "Extension", "extensionKind": "Flutter.Frame", "isolateGroup": {"type": "@IsolateGroup", "id": "isolateGroups/6534132917220748", "name": "main.dart", "number": "6534132917220
EXT Extension {"type": "Event", "kind": "Extension", "extensionKind": "Flutter.Frame", "isolateGroup": {"type": "@IsolateGroup", "id": "isolateGroups/6534132917220748", "name": "main.dart", "number": "6534132917220
EXT Extension {"type": "Event", "kind": "Extension", "extensionKind": "Flutter.Frame", "isolateGroup": {"type": "@IsolateGroup", "id": "isolateGroups/6534132917220748", "name": "main.dart", "number": "6534132917220
EXT Extension {"type": "Event", "kind": "Extension", "extensionKind": "Flutter.Frame", "isolateGroup": {"type": "@IsolateGroup", "id": "isolateGroups/6534132917220748", "name": "main.dart", "number": "6534132917220
EXT Extension {"type": "Event", "kind": "Extension", "extensionKind": "Flutter.Frame", "isolateGroup": {"type": "@IsolateGroup", "id": "isolateGroups/6534132917220748", "name": "main.dart", "number": "6534132917220
EXT Extension {"type": "Event", "kind": "Extension", "extensionKind": "Flutter.Frame", "isolateGroup": {"type": "@IsolateGroup", "id": "isolateGroups/6534132917220748", "name": "main.dart", "number": "6534132917220
EXT Extension {"type": "Event", "kind": "Extension", "extensionKind": "Flutter.Frame", "isolateGroup": {"type": "@IsolateGroup", "id": "isolateGroups/6534132917220748", "name": "main.dart", "number": "6534132917220
EXT Extension {"type": "Event", "kind": "Extension", "extensionKind": "Flutter.Frame", "isolateGroup": {"type": "@IsolateGroup", "id": "isolateGroups/6534132917220748", "name": "main.dart", "number": "6534132917220
EXT Extension {"type": "Event", "kind": "Extension", "extensionKind": "Flutter.Frame", "isolateGroup": {"type": "@IsolateGroup", "id": "isolateGroups/6534132917220748", "name": "main.dart", "number": "6534132917220
EXT Extension {"type": "Event", "kind": "Extension", "extensionKind": "Flutter.Frame", "isolateGroup": {"type": "@IsolateGroup", "id": "isolateGroups/6534132917220748", "name": "main.dart", "number": "6534132917220
EXT Extension {"type": "Event", "kind": "Extension", "extensionKind": "Flutter.Frame", "isolateGroup": {"type": "@IsolateGroup", "id": "isolateGroups/6534132917220748", "name": "main.dart", "number": "6534132917220
EXT Extension {"type": "Event", "kind": "Extension", "extensionKind": "Flutter.Frame", "isolateGroup": {"type": "@IsolateGroup", "id": "isolateGroups/6534132917220748", "name": "main.dart", "number": "6534132917220
EXT Extension {"type": "Event", "kind": "Extension", "extensionKind": "Flutter.Frame", "isolateGroup": {"type": "@IsolateGroup", "id": "isolateGroups/6534132917220748", "name": "main.dart", "number": "6534132917220
EXT Extension {"type": "Event", "kind": "Extension", "extensionKind": "Flutter.Frame", "isolateGroup": {"type": "@IsolateGroup", "id": "isolateGroups/6534132917220748", "name": "main.dart", "number": "6534132917220
EXT Extension {"type": "Event", "kind": "Extension", "extensionKind": "Flutter.Frame", "isolateGroup": {"type": "@IsolateGroup", "id": "isolateGroups/6534132917220748", "name": "main.dart", "number": "6534132917220
EXT Extension {"type": "Event", "kind": "Extension", "extensionKind": "Flutter.Frame", "isolateGroup": {"type": "@IsolateGroup", "id": "isolateGroups/6534132917220748", "name": "main.dart", "number": "6534132917220
EXT Extension {"type": "Event", "kind": "Extension", "extensionKind": "Flutter.Frame", "isolateGroup": {"type": "@IsolateGroup", "id": "isolateGroups/6534132917220748", "name": "main.dart", "number": "6534132917220
EXT Extension {"type": "Event", "kind": "Extension", "extensionKind": "Flutter.Frame", "isolateGroup": {"type": "@IsolateGroup", "id": "isolateGroups/6534132917220748", "name": "main.dart", "number": "6534132917220
EXT Extension {"type": "Event", "kind": "Extension", "extensionKind": "Flutter.Frame", "isolateGroup": {"type": "@IsolateGroup", "id": "isolateGroups/6534132917220748", "name": "main.dart", "number": "6534132917220
EXT Extension {"type": "Event", "kind": "Extension", "extensionKind": "Flutter.Frame", "isolateGroup": {"type": "@IsolateGroup", "id": "isolateGroups/6534132917220748", "name": "main.dart", "number": "6534132917220
EXT Extension {"type": "Event", "kind": "Extension", "extensionKind": "Flutter.Frame", "isolateGroup": {"type": "@IsolateGroup", "id": "isolateGroups/6534132917220748", "name": "main.dart", "number": "6534132917220
EXT Extension {"type": "Event", "kind": "Extension", "extensionKind": "Flutter.Frame", "isolateGroup": {"type": "@IsolateGroup", "id": "isolateGroups/6534132917220748", "name": "main.dart", "number": "6534132917220
EXT Extension {"type": "Event", "kind": "Extension", "extensionKind": "Flutter.Frame", "isolateGroup": {"type": "@IsolateGroup", "id": "isolateGroups/6534132917220748", "name": "main.dart", "number": "6534132917220
EXT Extension {"type": "Event", "kind": "Extension", "extensionKind": "Flutter.Frame", "isolateGroup": {"type": "@IsolateGroup", "id": "isolateGroups/6534132917220748", "name": "main.dart", "number": "6534132917220
EXT Extension {"type": "Event", "kind": "Extension", "extensionKind": "Flutter.Frame", "isolateGroup": {"type": "@IsolateGroup", "id": "isolateGroups/6534132917220748", "name": "main.dart", "number": "6534132917220
EXT Extension {"type": "Event", "kind": "Extension", "extensionKind": "Flutter.Frame", "isolateGroup": {"type": "@IsolateGroup", "id": "isolateGroups/6534132917220748", "name": "main.dart", "number": "6534132917220
EXT Extension {"type": "Event", "kind": "Extension", "extensionKind": "Flutter.Frame", "isolateGroup": {"type": "@IsolateGroup", "id": "isolateGroups/6534132917220748", "name": "main.dart", "number": "6534132917220
EXT Extension {"type": "Event", "kind": "Extension", "extensionKind": "Flutter.Frame", "isolateGroup": {"type": "@IsolateGroup", "id": "isolateGroups/6534132917220748", "name": "main.dart", "number": "6534132917220
EXT Extension {"type": "Event", "kind": "Extension", "extensionKind": "Flutter.Frame", "isolateGroup": {"type": "@IsolateGroup", "id": "isolateGroups/6534132917220748", "name": "main.dart", "number": "6534132917220
EXT Extension {"type": "Event", "kind": "Extension", "extensionKind": "Flutter.Frame", "isolateGroup": {"type": "@IsolateGroup", "id": "isolateGroups/6534132917220748", "name": "main.dart", "number": "6534132917220
EXT Extension {"type": "Event", "kind": "Extension", "extensionKind": "Flutter.Frame", "isolateGroup": {"type": "@IsolateGroup", "id": "isolateGroups/6534132917220748", "name": "main.dart", "number": "6534132917220
EXT Extension {"type": "Event", "kind": "Extension", "extensionKind": "Flutter.Frame", "isolateGroup": {"type": "@IsolateGroup", "id": "isolateGroups/6534132917220748", "name": "main.dart", "number": "6534132917220
EXT Extension {"type": "Event", "kind": "Extension", "extensionKind": "Flutter.Frame", "isolateGroup": {"type": "@IsolateGroup", "id": "isolateGroups/6534132917220748", "name": "main.dart", "number": "6534132917220
EXT Extension {"type": "Event", "kind": "Extension", "extensionKind": "Flutter.Frame", "isolateGroup": {"type": "@IsolateGroup", "id": "isolateGroups/6534132917220748", "name": "main.dart", "number": "6534132917220
EXT Extension {"type": "Event", "kind": "Extension", "extensionKind": "Flutter.Frame", "isolateGroup": {"type": "@IsolateGroup", "id": "isolateGroups/6534132917220748", "name": "main.dart", "number": "6534132917220
EXT Extension {"type": "Event", "kind": "Extension", "extensionKind": "Flutter.Frame", "isolateGroup": {"type": "@IsolateGroup", "id": "isolateGroups/6534132917220748", "name": "main.dart", "number": "6534132917220
EXT Extension {"type": "Event", "kind": "Extension", "extensionKind": "Flutter.Frame", "isolateGroup": {"type": "@IsolateGroup", "id": "isolateGroups/6534132917220748", "name": "main.dart", "number": "6534132917220
EXT Extension {"type": "Event", "kind": "Extension", "extensionKind": "Flutter.Frame", "isolateGroup": {"type": "@IsolateGroup", "id": "isolateGroups/6534132917220748", "name": "main.dart", "number": "6534132917220
EXT Extension {"type": "Event", "kind": "Extension", "extensionKind": "Flutter.Frame", "isolateGroup": {"type": "@IsolateGroup", "id": "isolateGroups/6534132917220748", "name": "main.dart", "number": "6534132917220
EXT Extension {"type": "Event", "kind": "Extension", "extensionKind": "Flutter.Frame", "isolateGroup": {"type": "@IsolateGroup", "id": "isolateGroups/6534132917220748", "name": "main.dart", "number": "6534132917220
EXT Extension {"type": "Event", "kind": "Extension", "extensionKind": "Flutter.Frame", "isolateGroup": {"type": "@IsolateGroup", "id": "isolateGroups/6534132917220748", "name": "main.dart", "number": "6534132917220
EXT Extension {"type": "Event", "kind": "Extension", "extensionKind": "Flutter.Frame", "isolateGroup": {"type": "@IsolateGroup", "id": "isolateGroups/6534132917220748", "name": "main.dart", "number": "6534132917220
EXT Extension {"type": "Event", "kind": "Extension", "extensionKind": "Flutter.Frame", "isolateGroup": {"type": "@IsolateGroup", "id": "isolateGroups/6534132917220748", "name": "main.dart", "number": "6534132917220
EXT Extension {"type": "Event", "kind": "Extension", "extensionKind": "Flutter.Frame", "isolateGroup": {"type": "@IsolateGroup", "id": "isolateGroups/6534132917220748", "name": "main.dart", "number": "6534132917220
EXT Extension {"type": "Event", "kind": "Extension", "extensionKind": "Flutter.Frame", "isolateGroup": {"type": "@IsolateGroup", "id": "isolateGroups/6534132917220748", "name": "main.dart", "number": "6534132917220
EXT Extension {"type": "Event", "kind": "Extension", "extensionKind": "Flutter.Frame", "isolateGroup": {"type": "@IsolateGroup", "id": "isolateGroups/6534132917220748", "name": "main.dart", "number": "6534132917220
EXT Extension {"type": "Event", "kind": "Extension", "extensionKind": "Flutter.Frame", "isolateGroup": {"type": "@IsolateGroup", "id": "isolateGroups/6534132917220748", "name": "main.dart", "number": "6534132917220
EXT Extension {"type": "Event", "kind": "Extension", "extensionKind": "Flutter.Frame", "isolateGroup": {"type": "@IsolateGroup", "id": "isolateGroups/6534132917220748", "name": "main.dart", "number": "6534132917220
EXT Extension {"type": "Event", "kind": "Extension", "extensionKind": "Flutter.Frame", "isolateGroup": {"type": "@IsolateGroup", "id": "isolateGroups/6534132917220748", "name": "main.dart", "number": "6534132917220
EXT Extension {"type": "Event", "kind": "Extension", "extensionKind": "Flutter.Frame", "isolateGroup": {"type": "@IsolateGroup", "id": "isolateGroups/6534132917220748", "name": "main.dart", "number": "6534132917220
EXT Extension {"type": "Event", "kind": "Extension", "extensionKind": "Flutter.Frame", "isolateGroup": {"type": "@IsolateGroup", "id": "isolateGroups/6534132917220748", "name": "main.dart", "number": "6534132917220
EXT Extension {"type": "Event", "kind": "Extension", "extensionKind": "Flutter.Frame", "isolateGroup": {"type": "@IsolateGroup", "id": "isolateGroups/6534132917220748", "name": "main.dart", "number": "6534132917220
EXT Extension {"type": "Event", "kind": "Extension", "extensionKind": "Flutter.Frame", "isolateGroup": {"type": "@IsolateGroup", "id": "isolateGroups/6534132917220748", "name": "main.dart", "number": "6534132917220
EXT Extension {"type": "Event", "kind": "Extension", "extensionKind": "Flutter.Frame", "isolateGroup": {"type": "@IsolateGroup", "id": "isolateGroups/6534132917220748", "name": "main.dart", "number": "6534132917220
EXT Extension {"type": "Event", "kind": "Extension", "extensionKind": "Flutter.Frame", "isolateGroup": {"type": "@IsolateGroup", "id": "isolateGroups/6534132917220748", "name": "main.dart", "number": "6534132917220
EXT Extension {"type": "Event", "kind": "Extension", "extensionKind": "Flutter.Frame", "isolateGroup": {"type": "@IsolateGroup", "id": "isolateGroups/6534132917220748", "name": "main.dart", "number": "6534132917220
EXT Extension {"type": "Event", "kind": "Extension", "extensionKind": "Flutter.Frame", "isolateGroup": {"type": "@IsolateGroup", "id": "isolateGroups/6534132917220748", "name": "main.dart", "number": "6534132917220
EXT Extension {"type": "Event", "kind": "Extension", "extensionKind": "Flutter.Frame", "isolateGroup": {"type": "@IsolateGroup", "id": "isolateGroups/6534132917220748", "name": "main.dart", "number": "6534132917220
EXT Extension {"type": "Event", "kind": "Extension", "extensionKind": "Flutter.Frame", "isolateGroup": {"type": "@IsolateGroup", "id": "isolateGroups/6534132917220748", "name": "main.dart", "number": "6534132917220
EXT Extension {"type": "Event", "kind": "Extension", "extensionKind": "Flutter.Frame", "isolateGroup": {"type": "@IsolateGroup", "id": "isolateGroups/6534132917220748", "name": "main.dart", "number": "6534132917220
EXT Extension {"type": "Event", "kind": "Extension", "extensionKind": "Flutter.Frame", "isolateGroup": {"type": "@IsolateGroup", "id": "isolateGroups/6534132917220748", "name": "main.dart", "number": "6534132917220
EXT Extension {"type": "Event", "kind": "Extension", "extensionKind": "Flutter.Frame", "isolateGroup": {"type": "@IsolateGroup", "id": "isolateGroups/6534132917220748", "name": "main.dart", "number": "6534132917220
EXT Extension {"type": "Event", "kind": "Extension", "extensionKind": "Flutter.Frame", "isolateGroup": {"type": "@IsolateGroup", "id": "isolateGroups/6534132917220748", "name": "main.dart", "number": "6534132917220
EXT Extension {"type": "Event", "kind": "Extension", "extensionKind": "Flutter.Frame", "isolateGroup": {"type": "@IsolateGroup", "id": "isolateGroups/6534132917220748", "name": "main.dart", "number": "6534132917220
EXT Extension {"type": "Event", "kind": "Extension", "extensionKind": "Flutter.Frame", "isolateGroup": {"type": "@IsolateGroup", "id": "isolateGroups/6534132917220748", "name": "main.dart", "number": "6534132917220
EXT Extension {"type": "Event", "kind": "Extension", "extensionKind": "Flutter.Frame", "isolateGroup": {"type": "@IsolateGroup", "id": "isolateGroups/6534132917220748", "name": "main.dart", "number": "6534132917220
EXT Extension {"type": "Event", "kind": "Extension", "extensionKind": "Flutter.Frame", "isolateGroup": {"type": "@IsolateGroup", "id": "isolateGroups/6534132917220748", "name": "main.dart", "number": "6534132917220
EXT Extension {"type": "Event", "kind": "Extension", "extensionKind": "Flutter.Frame", "isolateGroup": {"type": "@IsolateGroup", "id": "isolateGroups/6534132917220748", "name": "main.dart", "number": "6534132917220
EXT Extension {"type": "Event", "kind": "Extension", "extensionKind": "Flutter.Frame", "isolateGroup": {"type": "@IsolateGroup", "id": "isolateGroups/6534132917220748", "name": "main.dart", "number": "6534132917220
EXT Extension {"type": "Event", "kind": "Extension", "extensionKind": "Flutter.Frame", "isolateGroup": {"type": "@IsolateGroup", "id": "isolateGroups/6534132917220748", "name": "main.dart", "number": "6534132917220
EXT Extension {"type": "Event", "kind": "Extension", "extensionKind": "Flutter.Frame", "isolateGroup": {"type": "@IsolateGroup", "id": "isolateGroups/6534132917220748", "name": "main.dart", "number": "6534132917220
EXT Extension {"type": "Event", "kind": "Extension", "extensionKind": "Flutter.Frame", "isolateGroup": {"type": "@IsolateGroup", "id": "isolateGroups/6534132917220748", "name": "main.dart", "number": "6534132917220
EXT Extension {"type": "Event", "kind": "Extension", "extensionKind": "Flutter.Frame", "isolateGroup": {"type": "@IsolateGroup", "id": "isolateGroups/6534132917220748", "name": "main.dart", "number": "6534132917220
EXT Extension {"type": "Event", "kind": "Extension", "extensionKind": "Flutter.Frame", "isolateGroup": {"type": "@IsolateGroup", "id": "isolateGroups/6534132917220748", "name": "main.dart", "number": "6534132917220
EXT Extension {"type": "Event", "kind": "Extension", "extensionKind": "Flutter.Frame", "isolateGroup": {"type": "@IsolateGroup", "id": "isolateGroups/6534132917220748", "name": "main.dart", "number": "6534132917220
EXT Extension {"type": "Event", "kind": "Extension", "extensionKind": "Flutter.Frame", "isolateGroup": {"type": "@IsolateGroup", "id": "isolateGroups/6534132917220748", "name": "main.dart", "number": "6534132917220
EXT Extension {"type": "Event", "kind": "Extension", "extensionKind": "Flutter.Frame", "isolateGroup": {"type": "@IsolateGroup", "id": "isolateGroups/6534132917220748", "name": "main.dart", "number": "6534132917220
EXT Extension {"type": "Event", "kind": "Extension", "extensionKind": "Flutter.Frame", "isolateGroup": {"type": "@IsolateGroup", "id": "isolateGroups/6534132917220748", "name": "main.dart", "number": "6534132917220
EXT Extension {"type": "Event", "kind": "Extension", "extensionKind": "Flutter.Frame", "isolateGroup": {"type": "@IsolateGroup", "id": "isolateGroups/6534132917220748", "name": "main.dart", "number": "6534132917220
EXT Extension {"type": "Event", "kind": "Extension", "extensionKind": "Flutter.Frame", "isolateGroup": {"type": "@IsolateGroup", "id": "isolateGroups/6534132917220748", "name": "main.dart", "number": "6534132917220
EXT Extension {"type": "Event", "kind": "Extension", "extensionKind": "Flutter.Frame", "isolateGroup": {"type": "@IsolateGroup", "id": "isolateGroups/6534132917220748", "name": "main.dart", "number": "6534132917220
EXT Extension {"type": "Event", "kind": "Extension", "extensionKind": "Flutter.Frame", "isolateGroup": {"type": "@IsolateGroup", "id": "isolateGroups/6534132917220748", "name": "main.dart", "number": "6534132917220
EXT Extension {"type": "Event", "kind": "Extension", "extensionKind": "Flutter.Frame", "isolateGroup": {"type": "@IsolateGroup", "id": "isolateGroups/6534132917220748", "name": "main.dart", "number": "6534132917220
EXT Extension {"type": "Event", "kind": "Extension", "extensionKind": "Flutter.Frame", "isolateGroup": {"type": "@IsolateGroup", "id": "isolateGroups/6534132917220748", "name": "main.dart", "number": "6534132917220
EXT Extension {"type": "Event", "kind": "Extension", "extensionKind": "Flutter.Frame", "isolateGroup": {"type": "@IsolateGroup", "id": "isolateGroups/6534132917220748", "name": "main.dart", "number": "6534132917220
EXT Extension {"type": "Event", "kind": "Extension", "extensionKind": "Flutter.Frame", "isolateGroup": {"type": "@IsolateGroup", "id": "isolateGroups/6534132917220748", "name": "main.dart", "number": "6534132917220
EXT Extension {"type": "Event", "kind": "Extension", "extensionKind": "Flutter.Frame", "isolateGroup": {"type": "@IsolateGroup", "id": "isolateGroups/6534132917220748", "name": "main.dart", "number": "6534132917220
EXT Extension {"type": "Event", "kind": "Extension", "extensionKind": "Flutter.Frame", "isolateGroup": {"type": "@IsolateGroup", "id": "isolateGroups/6534132917220748", "name": "main.dart", "number": "6534132917220
EXT Extension {"type": "Event", "kind": "Extension", "extensionKind": "Flutter.Frame", "isolateGroup": {"type": "@IsolateGroup", "id": "isolateGroups/6534132917220748", "name": "main.dart", "number": "6534132917220
EXT Extension {"type": "Event", "kind": "Extension", "extensionKind": "Flutter.Frame", "isolateGroup": {"type": "@IsolateGroup", "id": "isolateGroups/6534132917220748", "name": "main.dart", "number": "6534132917220
EXT Extension {"type": "Event", "kind": "Extension", "extensionKind": "Flutter.Frame", "isolateGroup": {"type": "@IsolateGroup", "id": "isolateGroups/6534132917220748", "name": "main.dart", "number": "6534132917220
EXT Extension {"type": "Event", "kind": "Extension", "extensionKind": "Flutter.Frame", "isolateGroup": {"type": "@IsolateGroup", "id": "isolateGroups/6534132917220748", "name": "main.dart", "number": "6534132917220
EXT Extension {"type": "Event", "kind": "Extension", "extensionKind": "Flutter.Frame", "isolateGroup": {"type": "@IsolateGroup", "id": "isolateGroups/6534132917220748", "name": "main.dart", "number": "6534132917220
EXT Extension {"type": "Event", "kind": "Extension", "extensionKind": "Flutter.Frame", "isolateGroup": {"type": "@IsolateGroup", "id": "isolateGroups/6534132917220748", "name": "main.dart", "number": "6534132917220
EXT Extension {"type": "Event", "kind": "Extension", "extensionKind": "Flutter.Frame", "isolateGroup": {"type": "@IsolateGroup", "id": "isolateGroups/6534132917220748", "name": "main.dart", "number": "6534132917220
EXT Extension {"type": "Event", "kind": "Extension", "extensionKind": "Flutter.Frame", "isolateGroup": {"type": "@IsolateGroup", "id": "isolateGroups/6534132917220748", "name": "main.dart", "number": "6534132917220
EXT Extension {"type": "Event", "kind": "Extension", "extensionKind": "Flutter.Frame", "isolateGroup": {"type": "@IsolateGroup", "id": "isolateGroups/6534132917220748", "name": "main.dart", "number": "6534132917220
EXT Extension {"type": "Event", "kind": "Extension", "extensionKind": "Flutter.Frame", "isolateGroup": {"type": "@IsolateGroup", "id": "isolateGroups/6534132917220748", "name": "main.dart", "number": "6534132917220
EXT Extension {"type": "Event", "kind": "Extension", "extensionKind": "Flutter.Frame", "isolateGroup": {"type": "@IsolateGroup", "id": "isolateGroups/6534132917220748", "name": "main.dart", "number": "6534132917220
EXT Extension {"type": "Event", "kind": "Extension", "extensionKind": "Flutter.Frame", "isolateGroup": {"type": "@IsolateGroup", "id": "isolateGroups/6534132917220748", "name": "main.dart", "number": "6534132917220
EXT Extension {"type": "Event", "kind": "Extension", "extensionKind": "Flutter.Frame", "isolateGroup": {"type": "@IsolateGroup", "id": "isolateGroups/6534132917220748", "name": "main.dart", "number": "6534132917220
EXT Extension {"type": "Event", "kind": "Extension", "extensionKind": "Flutter.Frame", "isolateGroup": {"type": "@IsolateGroup", "id": "isolateGroups/6534132917220748", "name": "main.dart", "number": "6534132917220
EXT Extension {"type": "Event", "kind": "Extension", "extensionKind": "Flutter.Frame", "isolateGroup": {"type": "@IsolateGroup", "id": "isolateGroups/6534132917220748", "name": "main.dart", "number": "6534132917220
EXT Extension {"type": "Event", "kind": "Extension", "extensionKind": "Flutter.Frame", "isolateGroup": {"type": "@IsolateGroup", "id": "isolateGroups/6534132917220748", "name": "main.dart", "number": "6534132917220
EXT Extension {"type": "Event", "kind": "Extension", "extensionKind": "Flutter.Frame", "isolateGroup": {"type": "@IsolateGroup", "id": "isolateGroups/6534132917220748", "name": "main.dart", "number": "6534132917220
EXT Extension {"type": "Event", "kind": "Extension", "extensionKind": "Flutter.Frame", "isolateGroup": {"type": "@IsolateGroup", "id": "isolateGroups/6534132917220748", "name": "main.dart", "number": "6534132917220
EXT Extension {"type": "Event", "kind": "Extension", "extensionKind": "Flutter.Frame", "isolateGroup": {"type": "@IsolateGroup", "id": "isolateGroups/6534132917220748", "name": "main.dart", "number": "6534132917220
EXT Extension {"type": "Event", "kind": "Extension", "extensionKind": "Flutter.Frame", "isolateGroup": {"type": "@IsolateGroup", "id": "isolateGroups/6534132917220748", "name": "main.dart", "number": "6534132917220
EXT Extension {"type": "Event", "kind": "Extension", "extensionKind": "Flutter.Frame", "isolateGroup": {"type": "@IsolateGroup", "id": "isolateGroups/6534132917220748", "name": "main.dart", "number": "6534132917220
EXT Extension {"type": "Event", "kind": "Extension", "extensionKind": "Flutter.Frame", "isolateGroup": {"type": "@IsolateGroup", "id": "isolateGroups/6534132917220748", "name": "main.dart", "number": "6534132917220
EXT Extension {"type": "Event", "kind": "Extension", "extensionKind": "Flutter.Frame", "isolateGroup": {"type": "@IsolateGroup", "id": "isolateGroups/6534132917220748", "name": "main.dart", "number": "6534132917220
EXT Extension {"type": "Event", "kind": "Extension", "extensionKind": "Flutter.Frame", "isolateGroup": {"type": "@IsolateGroup", "id": "isolateGroups/6534132917220748", "name": "main.dart", "number": "6534132917220
EXT Extension {"type": "Event", "kind": "Extension", "extensionKind": "Flutter.Frame", "isolateGroup": {"type": "@IsolateGroup", "id": "isolateGroups/6534132917220748", "name": "main.dart", "number": "6534132917220
EXT Extension {"type": "Event", "kind": "Extension", "extensionKind": "Flutter.Frame", "isolateGroup": {"type": "@IsolateGroup", "id": "isolateGroups/6534132917220748", "name": "main.dart", "number": "6534132917220
EXT Extension {"type": "Event", "kind": "Extension", "extensionKind": "Flutter.Frame", "isolateGroup": {"type": "@IsolateGroup", "id": "isolateGroups/6534132917220748", "name": "main.dart", "number": "6534132917220
EXT Extension {"type": "Event", "kind": "Extension", "extensionKind": "Flutter.Frame", "isolateGroup": {"type": "@IsolateGroup", "id": "isolateGroups/6534132917220748", "name": "main.dart", "number": "6534132917220
EXT Extension {"type": "Event", "kind": "Extension", "extensionKind": "Flutter.Frame", "isolateGroup": {"type": "@IsolateGroup", "id": "isolateGroups/6534132917220748", "name": "main.dart", "number": "6534132917220
EXT Extension {"type": "Event", "kind": "Extension", "extensionKind": "Flutter.Frame", "isolateGroup": {"type": "@IsolateGroup", "id": "isolateGroups/6534132917220748", "name": "main.dart", "number": "6534132917220
EXT Extension {"type": "Event", "kind": "Extension", "extensionKind": "Flutter.Frame", "isolateGroup": {"type": "@IsolateGroup", "id": "isolateGroups/6534132917220748", "name": "main.dart", "number": "6534132917220
EXT Extension {"type": "Event", "kind": "Extension", "extensionKind": "Flutter.Frame", "isolateGroup": {"type": "@IsolateGroup", "id": "isolateGroups/6534132917220748", "name": "main.dart", "number": "6534132917220
EXT Extension {"type": "Event", "kind": "Extension", "extensionKind": "Flutter.Frame", "isolateGroup": {"type": "@IsolateGroup", "id": "isolateGroups/6534132917220748", "name": "main.dart", "number": "6534132917220
EXT Extension {"type": "Event", "kind": "Extension", "extensionKind": "Flutter.Frame", "isolateGroup": {"type": "@IsolateGroup", "id": "isolateGroups/6534132917220748", "name": "main.dart", "number": "6534132917220
EXT Extension {"type": "Event", "kind": "Extension", "extensionKind": "Flutter.Frame", "isolateGroup": {"type": "@IsolateGroup", "id": "isolateGroups/6534132917220748", "name": "main.dart", "number": "6534132917220
EXT Extension {"type": "Event", "kind": "Extension", "extensionKind": "Flutter.Frame", "isolateGroup": {"type": "@IsolateGroup", "id": "isolateGroups/6534132917220748", "name": "main.dart", "number": "6534132917220
EXT Extension {"type": "Event", "kind": "Extension", "extensionKind": "Flutter.Frame", "isolateGroup": {"type": "@IsolateGroup", "id": "isolateGroups/6534132917220748", "name": "main.dart", "number": "6534132917220
EXT Extension {"type": "Event", "kind": "Extension", "extensionKind": "Flutter.Frame", "isolateGroup": {"type": "@IsolateGroup", "id": "isolateGroups/6534132917220748", "name": "main.dart", "number": "6534132917220
EXT Extension {"type": "Event", "kind": "Extension", "extensionKind": "Flutter.Frame", "isolateGroup": {"type": "@IsolateGroup", "id": "isolateGroups/6534132917220748", "name": "main.dart", "number": "6534132917220
EXT Extension {"type": "Event", "kind": "Extension", "extensionKind": "Flutter.Frame", "isolateGroup": {"type": "@IsolateGroup", "id": "isolateGroups/6534132917220748", "name": "main.dart", "number": "6534132917220
EXT Extension {"type": "Event", "kind": "Extension", "extensionKind": "Flutter.Frame", "isolateGroup": {"type": "@IsolateGroup", "id": "isolateGroups/6534132917220748", "name": "main.dart", "number": "6534132917220
EXT Extension {"type": "Event", "kind": "Extension", "extensionKind": "Flutter.Frame", "isolateGroup": {"type": "@IsolateGroup", "id": "isolateGroups/6534132917220748", "name": "main.dart", "number": "6534132917220
EXT Extension {"type": "Event", "kind": "Extension", "extensionKind": "Flutter.Frame", "isolateGroup": {"type": "@IsolateGroup", "id": "isolateGroups/6534132917220748", "name": "main.dart", "number": "6534132917220
EXT Extension {"type": "Event", "kind": "Extension", "extensionKind": "Flutter.Frame", "isolateGroup": {"type": "@IsolateGroup", "id": "isolateGroups/6534132917220748", "name": "main.dart", "number": "6534132917220
EXT Extension {"type": "Event", "kind": "Extension", "extensionKind": "Flutter.Frame", "isolateGroup": {"type": "@IsolateGroup", "id": "isolateGroups/6534132917220748", "name": "main.dart", "number": "6534132917220
EXT Extension {"type": "Event", "kind": "Extension", "extensionKind": "Flutter.Frame", "isolateGroup": {"type": "@IsolateGroup", "id": "isolateGroups/6534132917220748", "name": "main.dart", "number": "6534132917220
EXT Extension {"type": "Event", "kind": "Extension", "extensionKind": "Flutter.Frame", "isolateGroup": {"type": "@IsolateGroup", "id": "isolateGroups/6534132917220748", "name": "main.dart", "number": "6534132917220
EXT Extension {"type": "Event", "kind": "Extension", "extensionKind": "Flutter.Frame", "isolateGroup": {"type": "@IsolateGroup", "id": "isolateGroups/6534132917220748", "name": "main.dart", "number": "6534132917220
EXT Extension {"type": "Event", "kind": "Extension", "extensionKind": "Flutter.Frame", "isolateGroup": {"type": "@IsolateGroup", "id": "isolateGroups/6534132917220748", "name": "main.dart", "number": "6534132917220
EXT Extension {"type": "Event", "kind": "Extension", "extensionKind": "Flutter.Frame", "isolateGroup": {"type": "@IsolateGroup", "id": "isolateGroups/6534132917220748", "name": "main.dart", "number": "6534132917220
EXT Extension {"type": "Event", "kind": "Extension", "extensionKind": "Flutter.Frame", "isolateGroup": {"type": "@IsolateGroup", "id": "isolateGroups/6534132917220748", "name": "main.dart", "number": "6534132917220
EXT Extension {"type": "Event", "kind": "Extension", "extensionKind": "Flutter.Frame", "isolateGroup": {"type": "@IsolateGroup", "id": "isolateGroups/6534132917220748", "name": "main.dart", "number": "6534132917220
EXT Extension {"type": "Event", "kind": "Extension", "extensionKind": "Flutter.Frame", "isolateGroup": {"type": "@IsolateGroup", "id": "isolateGroups/6534132917220748", "name": "main.dart", "number": "6534132917220
EXT Extension {"type": "Event", "kind": "Extension", "extensionKind": "Flutter.Frame", "isolateGroup": {"type": "@IsolateGroup", "id": "isolateGroups/6534132917220748", "name": "main.dart", "number": "6534132917220
EXT Extension {"type": "Event", "kind": "Extension", "extensionKind": "Flutter.Frame", "isolateGroup": {"type": "@IsolateGroup", "id": "isolateGroups/6534132917220748", "name": "main.dart", "number": "6534132917220
EXT Extension {"type": "Event", "kind": "Extension", "extensionKind": "Flutter.Frame", "isolateGroup": {"type": "@IsolateGroup", "id": "isolateGroups/6534132917220748", "name": "main.dart", "number": "6534132917220
EXT Extension {"type": "Event", "kind": "Extension", "extensionKind": "Flutter.Frame", "isolateGroup": {"type": "@IsolateGroup", "id": "isolateGroups/6534132917220748", "name": "main.dart", "number": "6534132917220
EXT Extension {"type": "Event", "kind": "Extension", "extensionKind": "Flutter.Frame", "isolateGroup": {"type": "@IsolateGroup", "id": "isolateGroups/6534132917220748", "name": "main.dart", "number": "6534132917220
EXT Extension {"type": "Event", "kind": "Extension", "extensionKind": "Flutter.Frame", "isolateGroup": {"type": "@IsolateGroup", "id": "isolateGroups/6534132917220748", "name": "main.dart", "number": "6534132917220
EXT Extension {"type": "Event", "kind": "Extension", "extensionKind": "Flutter.Frame", "isolateGroup": {"type": "@IsolateGroup", "id": "isolateGroups/6534132917220748", "name": "main.dart", "number": "6534132917220
EXT Extension {"type": "Event", "kind": "Extension", "extensionKind": "Flutter.Frame", "isolateGroup": {"type": "@IsolateGroup", "id": "isolateGroups/6534132917220748", "name": "main.dart", "number": "6534132917220
EXT Extension {"type": "Event", "kind": "Extension", "extensionKind": "Flutter.Frame", "isolateGroup": {"type": "@IsolateGroup", "id": "isolateGroups/6534132917220748", "name": "main.dart", "number": "6534132917220
EXT Extension {"type": "Event", "kind": "Extension", "extensionKind": "Flutter.Frame", "isolateGroup": {"type": "@IsolateGroup", "id": "isolateGroups/6534132917220748", "name": "main.dart", "number": "6534132917220
EXT Extension {"type": "Event", "kind": "Extension", "extensionKind": "Flutter.Frame", "isolateGroup": {"type": "@IsolateGroup", "id": "isolateGroups/6534132917220748", "name": "main.dart", "number": "6534132917220
EXT Extension {"type": "Event", "kind": "Extension", "extensionKind": "Flutter.Frame", "isolateGroup": {"type": "@IsolateGroup", "id": "isolateGroups/6534132917220748", "name": "main.dart", "number": "6534132917220
EXT Extension {"type": "Event", "kind": "Extension", "extensionKind": "Flutter.Frame", "isolateGroup": {"type": "@IsolateGroup", "id": "isolateGroups/6534132917220748", "name": "main.dart", "number": "6534132917220
EXT Extension {"type": "Event", "kind": "Extension", "extensionKind": "Flutter.Frame", "isolateGroup": {"type": "@IsolateGroup", "id": "isolateGroups/6534132917220748", "name": "main.dart", "number": "6534132917220
EXT Extension {"type": "Event", "kind": "Extension", "extensionKind": "Flutter.Frame", "isolateGroup": {"type": "@IsolateGroup", "id": "isolateGroups/6534132917220748", "name": "main.dart", "number": "6534132917220
EXT Extension {"type": "Event", "kind": "Extension", "extensionKind": "Flutter.Frame", "isolateGroup": {"type": "@IsolateGroup", "id": "isolateGroups/6534132917220748", "name": "main.dart", "number": "6534132917220
EXT Extension {"type": "Event", "kind": "Extension", "extensionKind": "Flutter.Frame", "isolateGroup": {"type": "@IsolateGroup", "id": "isolateGroups/6534132917220748", "name": "main.dart", "number": "6534132917220
EXT Extension {"type": "Event", "kind": "Extension", "extensionKind": "Flutter.Frame", "isolateGroup": {"type": "@IsolateGroup", "id": "isolateGroups/6534132917220748", "name": "main.dart", "number": "6534132917220
EXT Extension {"type": "Event", "kind": "Extension", "extensionKind": "Flutter.Frame", "isolateGroup": {"type": "@IsolateGroup", "id": "isolateGroups/6534132917220748", "name": "main.dart", "number": "6534132917220
EXT Extension {"type": "Event", "kind": "Extension", "extensionKind": "Flutter.Frame", "isolateGroup": {"type": "@IsolateGroup", "id": "isolateGroups/6534132917220748", "name": "main.dart", "number": "6534132917220
EXT Extension {"type": "Event", "kind": "Extension", "extensionKind": "Flutter.Frame", "isolateGroup": {"type": "@IsolateGroup", "id": "isolateGroups/6534132917220748", "name": "main.dart", "number": "6534132917220
EXT Extension {"type": "Event", "kind": "Extension", "extensionKind": "Flutter.Frame", "isolateGroup": {"type": "@IsolateGroup", "id": "isolateGroups/6534132917220748", "name": "main.dart", "number": "6534132917220
EXT Extension {"type": "Event", "kind": "Extension", "extensionKind": "Flutter.Frame", "isolateGroup": {"type": "@IsolateGroup", "id": "isolateGroups/6534132917220748", "name": "main.dart", "number": "6534132917220
EXT Extension {"type": "Event", "kind": "Extension", "extensionKind": "Flutter.Frame", "isolateGroup": {"type": "@IsolateGroup", "id": "isolateGroups/6534132917220748", "name": "main.dart", "number": "6534132917220
EXT Extension {"type": "Event", "kind": "Extension", "extensionKind": "Flutter.Frame", "isolateGroup": {"type": "@IsolateGroup", "id": "isolateGroups/6534132917220748", "name": "main.dart", "number": "6534132917220
EXT Extension {"type": "Event", "kind": "Extension", "extensionKind": "Flutter.Frame", "isolateGroup": {"type": "@IsolateGroup", "id": "isolateGroups/6534132917220748", "name": "main.dart", "number": "6534132917220
EXT Extension {"type": "Event", "kind": "Extension", "extensionKind": "Flutter.Frame", "isolateGroup": {"type": "@IsolateGroup", "id": "isolateGroups/6534132917220748", "name": "main.dart", "number": "6534132917220
EXT Extension {"type": "Event", "kind": "Extension", "extensionKind": "Flutter.Frame", "isolateGroup": {"type": "@IsolateGroup", "id": "isolateGroups/6534132917220748", "name": "main.dart", "number": "6534132917220
EXT Extension {"type": "Event", "kind": "Extension", "extensionKind": "Flutter.Frame", "isolateGroup": {"type": "@IsolateGroup", "id": "isolateGroups/6534132917220748", "name": "main.dart", "number": "6534132917220
EXT Extension {"type": "Event", "kind": "Extension", "extensionKind": "Flutter.Frame", "isolateGroup": {"type": "@IsolateGroup", "id": "isolateGroups/6534132917220748", "name": "main.dart", "number": "6534132917220
EXT Extension {"type": "Event", "kind": "Extension", "extensionKind": "Flutter.Frame", "isolateGroup": {"type": "@IsolateGroup", "id": "isolateGroups/6534132917220748", "name": "main.dart", "number": "6534132917220
EXT Extension {"type": "Event", "kind": "Extension", "extensionKind": "Flutter.Frame", "isolateGroup": {"type": "@IsolateGroup", "id": "isolateGroups/6534132917220748", "name": "main.dart", "number": "6534132917220
EXT Extension {"type": "Event", "kind": "Extension", "extensionKind": "Flutter.Frame", "isolateGroup": {"type": "@IsolateGroup", "id": "isolateGroups/6534132917220748", "name": "main.dart", "number": "6534132917220
EXT Extension {"type": "Event", "kind": "Extension", "extensionKind": "Flutter.Frame", "isolateGroup": {"type": "@IsolateGroup", "id": "isolateGroups/6534132917220748", "name": "main.dart", "number": "6534132917220
EXT Extension {"type": "Event", "kind": "Extension", "extensionKind": "Flutter.Frame", "isolateGroup": {"type": "@IsolateGroup", "id": "isolateGroups/6534132917220748", "name": "main.dart", "number": "6534132917220
EXT Extension {"type": "Event", "kind": "Extension", "extensionKind": "Flutter.Frame", "isolateGroup": {"type": "@IsolateGroup", "id": "isolateGroups/6534132917220748", "name": "main.dart", "number": "6534132917220
EXT Extension {"type": "Event", "kind": "Extension", "extensionKind": "Flutter.Frame", "isolateGroup": {"type": "@IsolateGroup", "id": "isolateGroups/6534132917220748", "name": "main.dart", "number": "6534132917220
EXT Extension {"type": "Event", "kind": "Extension", "extensionKind": "Flutter.Frame", "isolateGroup": {"type": "@IsolateGroup", "id": "isolateGroups/6534132917220748", "name": "main.dart", "number": "6534132917220
EXT Extension {"type": "Event", "kind": "Extension", "extensionKind": "Flutter.Frame", "isolateGroup": {"type": "@IsolateGroup", "id": "isolateGroups/6534132917220748", "name": "main.dart", "number": "6534132917220
EXT Extension {"type": "Event", "kind": "Extension", "extensionKind": "Flutter.Frame", "isolateGroup": {"type": "@IsolateGroup", "id": "isolateGroups/6534132917220748", "name": "main.dart", "number": "6534132917220
EXT Extension {"type": "Event", "kind": "Extension", "extensionKind": "Flutter.Frame", "isolateGroup": {"type": "@IsolateGroup", "id": "isolateGroups/6534132917220748", "name": "main.dart", "number": "6534132917220
EXT Extension {"type": "Event", "kind": "Extension", "extensionKind": "Flutter.Frame", "isolateGroup": {"type": "@IsolateGroup", "id": "isolateGroups/6534132917220748", "name": "main.dart", "number": "6534132917220
EXT Extension {"type": "Event", "kind": "Extension", "extensionKind": "Flutter.Frame", "isolateGroup": {"type": "@IsolateGroup", "id": "isolateGroups/6534132917220748", "name": "main.dart", "number": "6534132917220
EXT Extension {"type": "Event", "kind": "Extension", "extensionKind": "Flutter.Frame", "isolateGroup": {"type": "@IsolateGroup", "id": "isolateGroups/6534132917220748", "name": "main.dart", "number": "6534132917220
EXT Extension {"type": "Event", "kind": "Extension", "extensionKind": "Flutter.Frame", "isolateGroup": {"type": "@IsolateGroup", "id": "isolateGroups/6534132917220748", "name": "main.dart", "number": "6534132917220
EXT Extension {"type": "Event", "kind": "Extension", "extensionKind": "Flutter.Frame", "isolateGroup": {"type": "@IsolateGroup", "id": "isolateGroups/6534132917220748", "name": "main.dart", "number": "6534132917220
EXT Extension {"type": "Event", "kind": "Extension", "extensionKind": "Flutter.Frame", "isolateGroup": {"type": "@IsolateGroup", "id": "isolateGroups/6534132917220748", "name": "main.dart", "number": "6534132917220
EXT Extension {"type": "Event", "kind": "Extension", "extensionKind": "Flutter.Frame", "isolateGroup": {"type": "@IsolateGroup", "id": "isolateGroups/6534132917220748", "name": "main.dart", "number": "6534132917220
EXT Extension {"type": "Event", "kind": "Extension", "extensionKind": "Flutter.Frame", "isolateGroup": {"type": "@IsolateGroup", "id": "isolateGroups/6534132917220748", "name": "main.dart", "number": "6534132917220
EXT Extension {"type": "Event", "kind": "Extension", "extensionKind": "Flutter.Frame", "isolateGroup": {"type": "@IsolateGroup", "id": "isolateGroups/6534132917220748", "name": "main.dart", "number": "6534132917220
EXT Extension {"type": "Event", "kind": "Extension", "extensionKind": "Flutter.Frame", "isolateGroup": {"type": "@IsolateGroup", "id": "isolateGroups/6534132917220748", "name": "main.dart", "number": "6534132917220
EXT Extension {"type": "Event", "kind": "Extension", "extensionKind": "Flutter.Frame", "isolateGroup": {"type": "@IsolateGroup", "id": "isolateGroups/6534132917220748", "name": "main.dart", "number": "6534132917220
EXT Extension {"type": "Event", "kind": "Extension", "extensionKind": "Flutter.Frame", "isolateGroup": {"type": "@IsolateGroup", "id": "isolateGroups/6534132917220748", "name": "main.dart", "number": "6534132917220
EXT Extension {"type": "Event", "kind": "Extension", "extensionKind": "Flutter.Frame", "isolateGroup": {"type": "@IsolateGroup", "id": "isolateGroups/6534132917220748", "name": "main.dart", "number": "6534132917220
EXT Extension {"type": "Event", "kind": "Extension", "extensionKind": "Flutter.Frame", "isolateGroup": {"type": "@IsolateGroup", "id": "isolateGroups/6534132917220748", "name": "main.dart", "number": "6534132917220
EXT Extension {"type": "Event", "kind": "Extension", "extensionKind": "Flutter.Frame", "isolateGroup": {"type": "@IsolateGroup", "id": "isolateGroups/6534132917220748", "name": "main.dart", "number": "6534132917220
EXT Extension {"type": "Event", "kind": "Extension", "extensionKind": "Flutter.Frame", "isolateGroup": {"type": "@IsolateGroup", "id": "isolateGroups/6534132917220748", "name": "main.dart", "number": "6534132917220
EXT Extension {"type": "Event", "kind": "Extension", "extensionKind": "Flutter.Frame", "isolateGroup": {"type": "@IsolateGroup", "id": "isolateGroups/6534132917220748", "name": "main.dart", "number": "6534132917220
EXT Extension {"type": "Event", "kind": "Extension", "extensionKind": "Flutter.Frame", "isolateGroup": {"type": "@IsolateGroup", "id": "isolateGroups/6534132917220748", "name": "main.dart", "number": "6534132917220
EXT Extension {"type": "Event", "kind": "Extension", "extensionKind": "Flutter.Frame", "isolateGroup": {"type": "@IsolateGroup", "id": "isolateGroups/6534132917220748", "name": "main.dart", "number": "6534132917220
EXT Extension {"type": "Event", "kind": "Extension", "extensionKind": "Flutter.Frame", "isolateGroup": {"type": "@IsolateGroup", "id": "isolateGroups/6534132917220748", "name": "main.dart", "number": "6534132917220
EXT Extension {"type": "Event", "kind": "Extension", "extensionKind": "Flutter.Frame", "isolateGroup": {"type": "@IsolateGroup", "id": "isolateGroups/6534132917220748", "name": "main.dart", "number": "6534132917220
EXT Extension {"type": "Event", "kind": "Extension", "extensionKind": "Flutter.Frame", "isolateGroup": {"type": "@IsolateGroup", "id": "isolateGroups/6534132917220748", "name": "main.dart", "number": "6534132917220
EXT Extension {"type": "Event", "kind": "Extension", "extensionKind": "Flutter.Frame", "isolateGroup": {"type": "@IsolateGroup", "id": "isolateGroups/6534132917220748", "name": "main.dart", "number": "6534132917220
EXT Extension {"type": "Event", "kind": "Extension", "extensionKind": "Flutter.Frame", "isolateGroup": {"type": "@IsolateGroup", "id": "isolateGroups/6534132917220748", "name": "main.dart", "number": "6534132917220
EXT Extension {"type": "Event", "kind": "Extension", "extensionKind": "Flutter.Frame", "isolateGroup": {"type": "@IsolateGroup", "id": "isolateGroups/6534132917220748", "name": "main.dart", "number": "6534132917220
EXT Extension {"type": "Event", "kind": "Extension", "extensionKind": "Flutter.Frame", "isolateGroup": {"type": "@IsolateGroup", "id": "isolateGroups/6534132917220748", "name": "main.dart", "number": "6534132917220
EXT Extension {"type": "Event", "kind": "Extension", "extensionKind": "Flutter.Frame", "isolateGroup": {"type": "@IsolateGroup", "id": "isolateGroups/6534132917220748", "name": "main.dart", "number": "6534132917220
EXT Extension {"type": "Event", "kind": "Extension", "extensionKind": "Flutter.Frame", "isolateGroup": {"type": "@IsolateGroup", "id": "isolateGroups/6534132917220748", "name": "main.dart", "number": "6534132917220
EXT Extension {"type": "Event", "kind": "Extension", "extensionKind": "Flutter.Frame", "isolateGroup": {"type": "@IsolateGroup", "id": "isolateGroups/6534132917220748", "name": "main.dart", "number": "6534132917220
EXT Extension {"type": "Event", "kind": "Extension", "extensionKind": "Flutter.Frame", "isolateGroup": {"type": "@IsolateGroup", "id": "isolateGroups/6534132917220748", "name": "main.dart", "number": "6534132917220
EXT Extension {"type": "Event", "kind": "Extension", "extensionKind": "Flutter.Frame", "isolateGroup": {"type": "@IsolateGroup", "id": "isolateGroups/6534132917220748", "name": "main.dart", "number": "6534132917220
EXT Extension {"type": "Event", "kind": "Extension", "extensionKind": "Flutter.Frame", "isolateGroup": {"type": "@IsolateGroup", "id": "isolateGroups/6534132917220748", "name": "main.dart", "number": "6534132917220
EXT Extension {"type": "Event", "kind": "Extension", "extensionKind": "Flutter.Frame", "isolateGroup": {"type": "@IsolateGroup", "id": "isolateGroups/6534132917220748", "name": "main.dart", "number": "6534132917220
EXT Extension {"type": "Event", "kind": "Extension", "extensionKind": "Flutter.Frame", "isolateGroup": {"type": "@IsolateGroup", "id": "isolateGroups/6534132917220748", "name": "main.dart", "number": "6534132917220
EXT Extension {"type": "Event", "kind": "Extension", "extensionKind": "Flutter.Frame", "isolateGroup": {"type": "@IsolateGroup", "id": "isolateGroups/6534132917220748", "name": "main.dart", "number": "6534132917220
EXT Extension {"type": "Event", "kind": "Extension", "extensionKind": "Flutter.Frame", "isolateGroup": {"type": "@IsolateGroup", "id": "isolateGroups/6534132917220748", "name": "main.dart", "number": "6534132917220
EXT Extension {"type": "Event", "kind": "Extension", "extensionKind": "Flutter.Frame", "isolateGroup": {"type": "@IsolateGroup", "id": "isolateGroups/6534132917220748", "name": "main.dart", "number": "6534132917220
EXT Extension {"type": "Event", "kind": "Extension", "extensionKind": "Flutter.Frame", "isolateGroup": {"type": "@IsolateGroup", "id": "isolateGroups/6534132917220748", "name": "main.dart", "number": "6534132917220
EXT Extension {"type": "Event", "kind": "Extension", "extensionKind": "Flutter.Frame", "isolateGroup": {"type": "@IsolateGroup", "id": "isolateGroups/6534132917220748", "name": "main.dart", "number": "6534132917220
EXT Extension {"type": "Event", "kind": "Extension", "extensionKind": "Flutter.Frame", "isolateGroup": {"type": "@IsolateGroup", "id": "isolateGroups/6534132917220748", "name": "main.dart", "number": "6534132917220
EXT Extension {"type": "Event", "kind": "Extension", "extensionKind": "Flutter.Frame", "isolateGroup": {"type": "@IsolateGroup", "id": "isolateGroups/6534132917220748", "name": "main.dart", "number": "6534132917220
EXT Extension {"type": "Event", "kind": "Extension", "extensionKind": "Flutter.Frame", "isolateGroup": {"type": "@IsolateGroup", "id": "isolateGroups/6534132917220748", "name": "main.dart", "number": "6534132917220
EXT Extension {"type": "Event", "kind": "Extension", "extensionKind": "Flutter.Frame", "isolateGroup": {"type": "@IsolateGroup", "id": "isolateGroups/6534132917220748", "name": "main.dart", "number": "6534132917220
EXT Extension {"type": "Event", "kind": "Extension", "extensionKind": "Flutter.Frame", "isolateGroup": {"type": "@IsolateGroup", "id": "isolateGroups/6534132917220748", "name": "main.dart", "number": "6534132917220
EXT Extension {"type": "Event", "kind": "Extension", "extensionKind": "Flutter.Frame", "isolateGroup": {"type": "@IsolateGroup", "id": "isolateGroups/6534132917220748", "name": "main.dart", "number": "6534132917220
EXT Extension {"type": "Event", "kind": "Extension", "extensionKind": "Flutter.Frame", "isolateGroup": {"type": "@IsolateGroup", "id": "isolateGroups/6534132917220748", "name": "main.dart", "number": "6534132917220
EXT Extension {"type": "Event", "kind": "Extension", "extensionKind": "Flutter.Frame", "isolateGroup": {"type": "@IsolateGroup", "id": "isolateGroups/6534132917220748", "name": "main.dart", "number": "6534132917220
EXT Extension {"type": "Event", "kind": "Extension", "extensionKind": "Flutter.Frame", "isolateGroup": {"type": "@IsolateGroup", "id": "isolateGroups/6534132917220748", "name": "main.dart", "number": "6534132917220
EXT Extension {"type": "Event", "kind": "Extension", "extensionKind": "Flutter.Frame", "isolateGroup": {"type": "@IsolateGroup", "id": "isolateGroups/6534132917220748", "name": "main.dart", "number": "6534132917220
EXT Extension {"type": "Event", "kind": "Extension", "extensionKind": "Flutter.Frame", "isolateGroup": {"type": "@IsolateGroup", "id": "isolateGroups/6534132917220748", "name": "main.dart", "number": "6534132917220
EXT Extension {"type": "Event", "kind": "Extension", "extensionKind": "Flutter.Frame", "isolateGroup": {"type": "@IsolateGroup", "id": "isolateGroups/6534132917220748", "name": "main.dart", "number": "6534132917220
EXT Extension {"type": "Event", "kind": "Extension", "extensionKind": "Flutter.Frame", "isolateGroup": {"type": "@IsolateGroup", "id": "isolateGroups/6534132917220748", "name": "main.dart", "number": "6534132917220
EXT Extension {"type": "Event", "kind": "Extension", "extensionKind": "Flutter.Frame", "isolateGroup": {"type": "@IsolateGroup", "id": "isolateGroups/6534132917220748", "name": "main.dart", "number": "6534132917220
EXT Extension {"type": "Event", "kind": "Extension", "extensionKind": "Flutter.Frame", "isolateGroup": {"type": "@IsolateGroup", "id": "isolateGroups/6534132917220748", "name": "main.dart", "number": "6534132917220
EXT Extension {"type": "Event", "kind": "Extension", "extensionKind": "Flutter.Frame", "isolateGroup": {"type": "@IsolateGroup", "id": "isolateGroups/6534132917220748", "name": "main.dart", "number": "6534132917220
EXT Extension {"type": "Event", "kind": "Extension", "extensionKind": "Flutter.Frame", "isolateGroup": {"type": "@IsolateGroup", "id": "isolateGroups/6534132917220748", "name": "main.dart", "number": "6534132917220
EXT Extension {"type": "Event", "kind": "Extension", "extensionKind": "Flutter.Frame", "isolateGroup": {"type": "@IsolateGroup", "id": "isolateGroups/6534132917220748", "name": "main.dart", "number": "6534132917220
EXT Extension {"type": "Event", "kind": "Extension", "extensionKind": "Flutter.Frame", "isolateGroup": {"type": "@IsolateGroup", "id": "isolateGroups/6534132917220748", "name": "main.dart", "number": "6534132917220
EXT Extension {"type": "Event", "kind": "Extension", "extensionKind": "Flutter.Frame", "isolateGroup": {"type": "@IsolateGroup", "id": "isolateGroups/6534132917220748", "name": "main.dart", "number": "6534132917220
EXT Extension {"type": "Event", "kind": "Extension", "extensionKind": "Flutter.Frame", "isolateGroup": {"type": "@IsolateGroup", "id": "isolateGroups/6534132917220748", "name": "main.dart", "number": "6534132917220
EXT Extension {"type": "Event", "kind": "Extension", "extensionKind": "Flutter.Frame", "isolateGroup": {"type": "@IsolateGroup", "id": "isolateGroups/6534132917220748", "name": "main.dart", "number": "6534132917220
EXT Extension {"type": "Event", "kind": "Extension", "extensionKind": "Flutter.Frame", "isolateGroup": {"type": "@IsolateGroup", "id": "isolateGroups/6534132917220748", "name": "main.dart", "number": "6534132917220
EXT Extension {"type": "Event", "kind": "Extension", "extensionKind": "Flutter.Frame", "isolateGroup": {"type": "@IsolateGroup", "id": "isolateGroups/6534132917220748", "name": "main.dart", "number": "6534132917220
EXT Extension {"type": "Event", "kind": "Extension", "extensionKind": "Flutter.Frame", "isolateGroup": {"type": "@IsolateGroup", "id": "isolateGroups/6534132917220748", "name": "main.dart", "number": "6534132917220
EXT Extension {"type": "Event", "kind": "Extension", "extensionKind": "Flutter.Frame", "isolateGroup": {"type": "@IsolateGroup", "id": "isolateGroups/6534132917220748", "name": "main.dart", "number": "6534132917220
EXT Extension {"type": "Event", "kind": "Extension", "extensionKind": "Flutter.Frame", "isolateGroup": {"type": "@IsolateGroup", "id": "isolateGroups/6534132917220748", "name": "main.dart", "number": "6534132917220
EXT Extension {"type": "Event", "kind": "Extension", "extensionKind": "Flutter.Frame", "isolateGroup": {"type": "@IsolateGroup", "id": "isolateGroups/6534132917220748", "name": "main.dart", "number": "6534132917220
EXT Extension {"type": "Event", "kind": "Extension", "extensionKind": "Flutter.Frame", "isolateGroup": {"type": "@IsolateGroup", "id": "isolateGroups/6534132917220748", "name": "main.dart", "number": "6534132917220
EXT Extension {"type": "Event", "kind": "Extension", "extensionKind": "Flutter.Frame", "isolateGroup": {"type": "@IsolateGroup", "id": "isolateGroups/6534132917220748", "name": "main.dart", "number": "6534132917220
EXT Extension {"type": "Event", "kind": "Extension", "extensionKind": "Flutter.Frame", "isolateGroup": {"type": "@IsolateGroup", "id": "isolateGroups/6534132917220748", "name": "main.dart", "number": "6534132917220
EXT Extension {"type": "Event", "kind": "Extension", "extensionKind": "Flutter.Frame", "isolateGroup": {"type": "@IsolateGroup", "id": "isolateGroups/6534132917220748", "name": "main.dart", "number": "6534132917220
EXT Extension {"type": "Event", "kind": "Extension", "extensionKind": "Flutter.Frame", "isolateGroup": {"type": "@IsolateGroup", "id": "isolateGroups/6534132917220748", "name": "main.dart", "number": "6534132917220
EXT Extension {"type": "Event", "kind": "Extension", "extensionKind": "Flutter.Frame", "isolateGroup": {"type": "@IsolateGroup", "id": "isolateGroups/6534132917220748", "name": "main.dart", "number": "6534132917220
EXT Extension {"type": "Event", "kind": "Extension", "extensionKind": "Flutter.Frame", "isolateGroup": {"type": "@IsolateGroup", "id": "isolateGroups/6534132917220748", "name": "main.dart", "number": "6534132917220
EXT Extension {"type": "Event", "kind": "Extension", "extensionKind": "Flutter.Frame", "isolateGroup": {"type": "@IsolateGroup", "id": "isolateGroups/6534132917220748", "name": "main.dart", "number": "6534132917220
EXT Extension {"type": "Event", "kind": "Extension", "extensionKind": "Flutter.Frame", "isolateGroup": {"type": "@IsolateGroup", "id": "isolateGroups/6534132917220748", "name": "main.dart", "number": "6534132917220
EXT Extension {"type": "Event", "kind": "Extension", "extensionKind": "Flutter.Frame", "isolateGroup": {"type": "@IsolateGroup", "id": "isolateGroups/6534132917220748", "name": "main.dart", "number": "6534132917220
EXT Extension {"type": "Event", "kind": "Extension", "extensionKind": "Flutter.Navigation", "isolateGroup": {"type": "@IsolateGroup", "id": "isolateGroups/6534132917220748", "name": "main.dart", "number": "65341329
EXT Extension {"type": "Event", "kind": "Extension", "extensionKind": "Flutter.ImageSizesForFrame", "isolateGroup": {"type": "@IsolateGroup", "id": "isolateGroups/6534132917220748", "name": "main.dart", "number": "
EXT Extension {"type": "Event", "kind": "Extension", "extensionKind": "Flutter.Frame", "isolateGroup": {"type": "@IsolateGroup", "id": "isolateGroups/6534132917220748", "name": "main.dart", "number": "6534132917220
EXT Extension {"type": "Event", "kind": "Extension", "extensionKind": "Flutter.Frame", "isolateGroup": {"type": "@IsolateGroup", "id": "isolateGroups/6534132917220748", "name": "main.dart", "number": "6534132917220
EXT Extension {"type": "Event", "kind": "Extension", "extensionKind": "Flutter.Frame", "isolateGroup": {"type": "@IsolateGroup", "id": "isolateGroups/6534132917220748", "name": "main.dart", "number": "6534132917220
EXT Extension {"type": "Event", "kind": "Extension", "extensionKind": "Flutter.Frame", "isolateGroup": {"type": "@IsolateGroup", "id": "isolateGroups/6534132917220748", "name": "main.dart", "number": "6534132917220
EXT Extension {"type": "Event", "kind": "Extension", "extensionKind": "Flutter.Frame", "isolateGroup": {"type": "@IsolateGroup", "id": "isolateGroups/6534132917220748", "name": "main.dart", "number": "6534132917220
EXT Extension {"type": "Event", "kind": "Extension", "extensionKind": "Flutter.Frame", "isolateGroup": {"type": "@IsolateGroup", "id": "isolateGroups/6534132917220748", "name": "main.dart", "number": "6534132917220
EXT Extension {"type": "Event", "kind": "Extension", "extensionKind": "Flutter.Frame", "isolateGroup": {"type": "@IsolateGroup", "id": "isolateGroups/6534132917220748", "name": "main.dart", "number": "6534132917220
EXT Extension {"type": "Event", "kind": "Extension", "extensionKind": "Flutter.Frame", "isolateGroup": {"type": "@IsolateGroup", "id": "isolateGroups/6534132917220748", "name": "main.dart", "number": "6534132917220
EXT Extension {"type": "Event", "kind": "Extension", "extensionKind": "Flutter.Frame", "isolateGroup": {"type": "@IsolateGroup", "id": "isolateGroups/6534132917220748", "name": "main.dart", "number": "6534132917220
EXT Extension {"type": "Event", "kind": "Extension", "extensionKind": "Flutter.Frame", "isolateGroup": {"type": "@IsolateGroup", "id": "isolateGroups/6534132917220748", "name": "main.dart", "number": "6534132917220
EXT Extension {"type": "Event", "kind": "Extension", "extensionKind": "Flutter.Frame", "isolateGroup": {"type": "@IsolateGroup", "id": "isolateGroups/6534132917220748", "name": "main.dart", "number": "6534132917220
EXT Extension {"type": "Event", "kind": "Extension", "extensionKind": "Flutter.Frame", "isolateGroup": {"type": "@IsolateGroup", "id": "isolateGroups/6534132917220748", "name": "main.dart", "number": "6534132917220
EXT Extension {"type": "Event", "kind": "Extension", "extensionKind": "Flutter.Frame", "isolateGroup": {"type": "@IsolateGroup", "id": "isolateGroups/6534132917220748", "name": "main.dart", "number": "6534132917220
EXT Extension {"type": "Event", "kind": "Extension", "extensionKind": "Flutter.Frame", "isolateGroup": {"type": "@IsolateGroup", "id": "isolateGroups/6534132917220748", "name": "main.dart", "number": "6534132917220
EXT Extension {"type": "Event", "kind": "Extension", "extensionKind": "Flutter.Frame", "isolateGroup": {"type": "@IsolateGroup", "id": "isolateGroups/6534132917220748", "name": "main.dart", "number": "6534132917220
EXT Extension {"type": "Event", "kind": "Extension", "extensionKind": "Flutter.Frame", "isolateGroup": {"type": "@IsolateGroup", "id": "isolateGroups/6534132917220748", "name": "main.dart", "number": "6534132917220
EXT Extension {"type": "Event", "kind": "Extension", "extensionKind": "Flutter.Frame", "isolateGroup": {"type": "@IsolateGroup", "id": "isolateGroups/6534132917220748", "name": "main.dart", "number": "6534132917220
EXT Extension {"type": "Event", "kind": "Extension", "extensionKind": "Flutter.Frame", "isolateGroup": {"type": "@IsolateGroup", "id": "isolateGroups/6534132917220748", "name": "main.dart", "number": "6534132917220
EXT Extension {"type": "Event", "kind": "Extension", "extensionKind": "Flutter.Frame", "isolateGroup": {"type": "@IsolateGroup", "id": "isolateGroups/6534132917220748", "name": "main.dart", "number": "6534132917220
EXT Extension {"type": "Event", "kind": "Extension", "extensionKind": "Flutter.Frame", "isolateGroup": {"type": "@IsolateGroup", "id": "isolateGroups/6534132917220748", "name": "main.dart", "number": "6534132917220
EXT Extension {"type": "Event", "kind": "Extension", "extensionKind": "Flutter.Frame", "isolateGroup": {"type": "@IsolateGroup", "id": "isolateGroups/6534132917220748", "name": "main.dart", "number": "6534132917220
EXT Extension {"type": "Event", "kind": "Extension", "extensionKind": "Flutter.Frame", "isolateGroup": {"type": "@IsolateGroup", "id": "isolateGroups/6534132917220748", "name": "main.dart", "number": "6534132917220
EXT Extension {"type": "Event", "kind": "Extension", "extensionKind": "Flutter.Frame", "isolateGroup": {"type": "@IsolateGroup", "id": "isolateGroups/6534132917220748", "name": "main.dart", "number": "6534132917220
EXT Extension {"type": "Event", "kind": "Extension", "extensionKind": "Flutter.Frame", "isolateGroup": {"type": "@IsolateGroup", "id": "isolateGroups/6534132917220748", "name": "main.dart", "number": "6534132917220
EXT Extension {"type": "Event", "kind": "Extension", "extensionKind": "Flutter.Frame", "isolateGroup": {"type": "@IsolateGroup", "id": "isolateGroups/6534132917220748", "name": "main.dart", "number": "6534132917220
EXT Extension {"type": "Event", "kind": "Extension", "extensionKind": "Flutter.Frame", "isolateGroup": {"type": "@IsolateGroup", "id": "isolateGroups/6534132917220748", "name": "main.dart", "number": "6534132917220
EXT Extension {"type": "Event", "kind": "Extension", "extensionKind": "Flutter.Frame", "isolateGroup": {"type": "@IsolateGroup", "id": "isolateGroups/6534132917220748", "name": "main.dart", "number": "6534132917220
EXT Extension {"type": "Event", "kind": "Extension", "extensionKind": "Flutter.Frame", "isolateGroup": {"type": "@IsolateGroup", "id": "isolateGroups/6534132917220748", "name": "main.dart", "number": "6534132917220
EXT Extension {"type": "Event", "kind": "Extension", "extensionKind": "Flutter.Frame", "isolateGroup": {"type": "@IsolateGroup", "id": "isolateGroups/6534132917220748", "name": "main.dart", "number": "6534132917220
EXT Extension {"type": "Event", "kind": "Extension", "extensionKind": "Flutter.Frame", "isolateGroup": {"type": "@IsolateGroup", "id": "isolateGroups/6534132917220748", "name": "main.dart", "number": "6534132917220
EXT Extension {"type": "Event", "kind": "Extension", "extensionKind": "Flutter.Frame", "isolateGroup": {"type": "@IsolateGroup", "id": "isolateGroups/6534132917220748", "name": "main.dart", "number": "6534132917220
EXT Extension {"type": "Event", "kind": "Extension", "extensionKind": "Flutter.Frame", "isolateGroup": {"type": "@IsolateGroup", "id": "isolateGroups/6534132917220748", "name": "main.dart", "number": "6534132917220
EXT Extension {"type": "Event", "kind": "Extension", "extensionKind": "Flutter.Frame", "isolateGroup": {"type": "@IsolateGroup", "id": "isolateGroups/6534132917220748", "name": "main.dart", "number": "6534132917220
EXT Extension {"type": "Event", "kind": "Extension", "extensionKind": "Flutter.Frame", "isolateGroup": {"type": "@IsolateGroup", "id": "isolateGroups/6534132917220748", "name": "main.dart", "number": "6534132917220
EXT Extension {"type": "Event", "kind": "Extension", "extensionKind": "Flutter.Frame", "isolateGroup": {"type": "@IsolateGroup", "id": "isolateGroups/6534132917220748", "name": "main.dart", "number": "6534132917220
EXT Extension {"type": "Event", "kind": "Extension", "extensionKind": "Flutter.ImageSizesForFrame", "isolateGroup": {"type": "@IsolateGroup", "id": "isolateGroups/6534132917220748", "name": "main.dart", "number": "
EXT Extension {"type": "Event", "kind": "Extension", "extensionKind": "Flutter.Frame", "isolateGroup": {"type": "@IsolateGroup", "id": "isolateGroups/6534132917220748", "name": "main.dart", "number": "6534132917220
EXT Extension {"type": "Event", "kind": "Extension", "extensionKind": "Flutter.Frame", "isolateGroup": {"type": "@IsolateGroup", "id": "isolateGroups/6534132917220748", "name": "main.dart", "number": "6534132917220
EXT Extension {"type": "Event", "kind": "Extension", "extensionKind": "Flutter.Frame", "isolateGroup": {"type": "@IsolateGroup", "id": "isolateGroups/6534132917220748", "name": "main.dart", "number": "6534132917220
EXT Extension {"type": "Event", "kind": "Extension", "extensionKind": "Flutter.Frame", "isolateGroup": {"type": "@IsolateGroup", "id": "isolateGroups/6534132917220748", "name": "main.dart", "number": "6534132917220
EXT Extension {"type": "Event", "kind": "Extension", "extensionKind": "Flutter.Frame", "isolateGroup": {"type": "@IsolateGroup", "id": "isolateGroups/6534132917220748", "name": "main.dart", "number": "6534132917220
EXT Extension {"type": "Event", "kind": "Extension", "extensionKind": "Flutter.Frame", "isolateGroup": {"type": "@IsolateGroup", "id": "isolateGroups/6534132917220748", "name": "main.dart", "number": "6534132917220
EXT Extension {"type": "Event", "kind": "Extension", "extensionKind": "Flutter.ImageSizesForFrame", "isolateGroup": {"type": "@IsolateGroup", "id": "isolateGroups/6534132917220748", "name": "main.dart", "number": "
EXT Extension {"type": "Event", "kind": "Extension", "extensionKind": "Flutter.Frame", "isolateGroup": {"type": "@IsolateGroup", "id": "isolateGroups/6534132917220748", "name": "main.dart", "number": "6534132917220
EXT Extension {"type": "Event", "kind": "Extension", "extensionKind": "Flutter.Frame", "isolateGroup": {"type": "@IsolateGroup", "id": "isolateGroups/6534132917220748", "name": "main.dart", "number": "6534132917220
EXT Extension {"type": "Event", "kind": "Extension", "extensionKind": "Flutter.Frame", "isolateGroup": {"type": "@IsolateGroup", "id": "isolateGroups/6534132917220748", "name": "main.dart", "number": "6534132917220
EXT Extension {"type": "Event", "kind": "Extension", "extensionKind": "Flutter.Frame", "isolateGroup": {"type": "@IsolateGroup", "id": "isolateGroups/6534132917220748", "name": "main.dart", "number": "6534132917220
EXT Extension {"type": "Event", "kind": "Extension", "extensionKind": "Flutter.Frame", "isolateGroup": {"type": "@IsolateGroup", "id": "isolateGroups/6534132917220748", "name": "main.dart", "number": "6534132917220
EXT Extension {"type": "Event", "kind": "Extension", "extensionKind": "Flutter.Frame", "isolateGroup": {"type": "@IsolateGroup", "id": "isolateGroups/6534132917220748", "name": "main.dart", "number": "6534132917220
EXT Extension {"type": "Event", "kind": "Extension", "extensionKind": "Flutter.Frame", "isolateGroup": {"type": "@IsolateGroup", "id": "isolateGroups/6534132917220748", "name": "main.dart", "number": "6534132917220
EXT Extension {"type": "Event", "kind": "Extension", "extensionKind": "Flutter.Frame", "isolateGroup": {"type": "@IsolateGroup", "id": "isolateGroups/6534132917220748", "name": "main.dart", "number": "6534132917220
EXT Extension {"type": "Event", "kind": "Extension", "extensionKind": "Flutter.Frame", "isolateGroup": {"type": "@IsolateGroup", "id": "isolateGroups/6534132917220748", "name": "main.dart", "number": "6534132917220
EXT Extension {"type": "Event", "kind": "Extension", "extensionKind": "Flutter.Frame", "isolateGroup": {"type": "@IsolateGroup", "id": "isolateGroups/6534132917220748", "name": "main.dart", "number": "6534132917220
EXT Extension {"type": "Event", "kind": "Extension", "extensionKind": "Flutter.Frame", "isolateGroup": {"type": "@IsolateGroup", "id": "isolateGroups/6534132917220748", "name": "main.dart", "number": "6534132917220
EXT Extension {"type": "Event", "kind": "Extension", "extensionKind": "Flutter.Frame", "isolateGroup": {"type": "@IsolateGroup", "id": "isolateGroups/6534132917220748", "name": "main.dart", "number": "6534132917220
EXT Extension {"type": "Event", "kind": "Extension", "extensionKind": "Flutter.Frame", "isolateGroup": {"type": "@IsolateGroup", "id": "isolateGroups/6534132917220748", "name": "main.dart", "number": "6534132917220
EXT Extension {"type": "Event", "kind": "Extension", "extensionKind": "Flutter.Frame", "isolateGroup": {"type": "@IsolateGroup", "id": "isolateGroups/6534132917220748", "name": "main.dart", "number": "6534132917220
EXT Extension {"type": "Event", "kind": "Extension", "extensionKind": "Flutter.Frame", "isolateGroup": {"type": "@IsolateGroup", "id": "isolateGroups/6534132917220748", "name": "main.dart", "number": "6534132917220
EXT Extension {"type": "Event", "kind": "Extension", "extensionKind": "Flutter.Frame", "isolateGroup": {"type": "@IsolateGroup", "id": "isolateGroups/6534132917220748", "name": "main.dart", "number": "6534132917220
EXT Extension {"type": "Event", "kind": "Extension", "extensionKind": "Flutter.Frame", "isolateGroup": {"type": "@IsolateGroup", "id": "isolateGroups/6534132917220748", "name": "main.dart", "number": "6534132917220
EXT Extension {"type": "Event", "kind": "Extension", "extensionKind": "Flutter.Frame", "isolateGroup": {"type": "@IsolateGroup", "id": "isolateGroups/6534132917220748", "name": "main.dart", "number": "6534132917220
EXT Extension {"type": "Event", "kind": "Extension", "extensionKind": "Flutter.Frame", "isolateGroup": {"type": "@IsolateGroup", "id": "isolateGroups/6534132917220748", "name": "main.dart", "number": "6534132917220
EXT Extension {"type": "Event", "kind": "Extension", "extensionKind": "Flutter.Frame", "isolateGroup": {"type": "@IsolateGroup", "id": "isolateGroups/6534132917220748", "name": "main.dart", "number": "6534132917220
EXT Extension {"type": "Event", "kind": "Extension", "extensionKind": "Flutter.Frame", "isolateGroup": {"type": "@IsolateGroup", "id": "isolateGroups/6534132917220748", "name": "main.dart", "number": "6534132917220
EXT Extension {"type": "Event", "kind": "Extension", "extensionKind": "Flutter.Frame", "isolateGroup": {"type": "@IsolateGroup", "id": "isolateGroups/6534132917220748", "name": "main.dart", "number": "6534132917220
EXT Extension {"type": "Event", "kind": "Extension", "extensionKind": "Flutter.Frame", "isolateGroup": {"type": "@IsolateGroup", "id": "isolateGroups/6534132917220748", "name": "main.dart", "number": "6534132917220
EXT Extension {"type": "Event", "kind": "Extension", "extensionKind": "Flutter.Frame", "isolateGroup": {"type": "@IsolateGroup", "id": "isolateGroups/6534132917220748", "name": "main.dart", "number": "6534132917220
EXT Extension {"type": "Event", "kind": "Extension", "extensionKind": "Flutter.Frame", "isolateGroup": {"type": "@IsolateGroup", "id": "isolateGroups/6534132917220748", "name": "main.dart", "number": "6534132917220
EXT Extension {"type": "Event", "kind": "Extension", "extensionKind": "Flutter.Frame", "isolateGroup": {"type": "@IsolateGroup", "id": "isolateGroups/6534132917220748", "name": "main.dart", "number": "6534132917220
EXT Extension {"type": "Event", "kind": "Extension", "extensionKind": "Flutter.Frame", "isolateGroup": {"type": "@IsolateGroup", "id": "isolateGroups/6534132917220748", "name": "main.dart", "number": "6534132917220
EXT Extension {"type": "Event", "kind": "Extension", "extensionKind": "Flutter.Frame", "isolateGroup": {"type": "@IsolateGroup", "id": "isolateGroups/6534132917220748", "name": "main.dart", "number": "6534132917220
EXT Extension {"type": "Event", "kind": "Extension", "extensionKind": "Flutter.Frame", "isolateGroup": {"type": "@IsolateGroup", "id": "isolateGroups/6534132917220748", "name": "main.dart", "number": "6534132917220
EXT Extension {"type": "Event", "kind": "Extension", "extensionKind": "Flutter.Frame", "isolateGroup": {"type": "@IsolateGroup", "id": "isolateGroups/6534132917220748", "name": "main.dart", "number": "6534132917220
EXT Extension {"type": "Event", "kind": "Extension", "extensionKind": "Flutter.Frame", "isolateGroup": {"type": "@IsolateGroup", "id": "isolateGroups/6534132917220748", "name": "main.dart", "number": "6534132917220
EXT Extension {"type": "Event", "kind": "Extension", "extensionKind": "Flutter.Frame", "isolateGroup": {"type": "@IsolateGroup", "id": "isolateGroups/6534132917220748", "name": "main.dart", "number": "6534132917220
EXT Extension {"type": "Event", "kind": "Extension", "extensionKind": "Flutter.Frame", "isolateGroup": {"type": "@IsolateGroup", "id": "isolateGroups/6534132917220748", "name": "main.dart", "number": "6534132917220
EXT Extension {"type": "Event", "kind": "Extension", "extensionKind": "Flutter.Frame", "isolateGroup": {"type": "@IsolateGroup", "id": "isolateGroups/6534132917220748", "name": "main.dart", "number": "6534132917220
EXT Extension {"type": "Event", "kind": "Extension", "extensionKind": "Flutter.Frame", "isolateGroup": {"type": "@IsolateGroup", "id": "isolateGroups/6534132917220748", "name": "main.dart", "number": "6534132917220
EXT Extension {"type": "Event", "kind": "Extension", "extensionKind": "Flutter.Frame", "isolateGroup": {"type": "@IsolateGroup", "id": "isolateGroups/6534132917220748", "name": "main.dart", "number": "6534132917220
EXT Extension {"type": "Event", "kind": "Extension", "extensionKind": "Flutter.Frame", "isolateGroup": {"type": "@IsolateGroup", "id": "isolateGroups/6534132917220748", "name": "main.dart", "number": "6534132917220
EXT Extension {"type": "Event", "kind": "Extension", "extensionKind": "Flutter.Frame", "isolateGroup": {"type": "@IsolateGroup", "id": "isolateGroups/6534132917220748", "name": "main.dart", "number": "6534132917220
EXT Extension {"type": "Event", "kind": "Extension", "extensionKind": "Flutter.Frame", "isolateGroup": {"type": "@IsolateGroup", "id": "isolateGroups/6534132917220748", "name": "main.dart", "number": "6534132917220
EXT Extension {"type": "Event", "kind": "Extension", "extensionKind": "Flutter.Frame", "isolateGroup": {"type": "@IsolateGroup", "id": "isolateGroups/6534132917220748", "name": "main.dart", "number": "6534132917220
EXT Extension {"type": "Event", "kind": "Extension", "extensionKind": "Flutter.Frame", "isolateGroup": {"type": "@IsolateGroup", "id": "isolateGroups/6534132917220748", "name": "main.dart", "number": "6534132917220
EXT Extension {"type": "Event", "kind": "Extension", "extensionKind": "Flutter.Frame", "isolateGroup": {"type": "@IsolateGroup", "id": "isolateGroups/6534132917220748", "name": "main.dart", "number": "6534132917220
EXT Extension {"type": "Event", "kind": "Extension", "extensionKind": "Flutter.Frame", "isolateGroup": {"type": "@IsolateGroup", "id": "isolateGroups/6534132917220748", "name": "main.dart", "number": "6534132917220
EXT Extension {"type": "Event", "kind": "Extension", "extensionKind": "Flutter.Frame", "isolateGroup": {"type": "@IsolateGroup", "id": "isolateGroups/6534132917220748", "name": "main.dart", "number": "6534132917220
EXT Extension {"type": "Event", "kind": "Extension", "extensionKind": "Flutter.Frame", "isolateGroup": {"type": "@IsolateGroup", "id": "isolateGroups/6534132917220748", "name": "main.dart", "number": "6534132917220
EXT Extension {"type": "Event", "kind": "Extension", "extensionKind": "Flutter.Frame", "isolateGroup": {"type": "@IsolateGroup", "id": "isolateGroups/6534132917220748", "name": "main.dart", "number": "6534132917220
EXT Extension {"type": "Event", "kind": "Extension", "extensionKind": "Flutter.Frame", "isolateGroup": {"type": "@IsolateGroup", "id": "isolateGroups/6534132917220748", "name": "main.dart", "number": "6534132917220
EXT Extension {"type": "Event", "kind": "Extension", "extensionKind": "Flutter.Frame", "isolateGroup": {"type": "@IsolateGroup", "id": "isolateGroups/6534132917220748", "name": "main.dart", "number": "6534132917220
EXT Extension {"type": "Event", "kind": "Extension", "extensionKind": "Flutter.Frame", "isolateGroup": {"type": "@IsolateGroup", "id": "isolateGroups/6534132917220748", "name": "main.dart", "number": "6534132917220
EXT Extension {"type": "Event", "kind": "Extension", "extensionKind": "Flutter.Frame", "isolateGroup": {"type": "@IsolateGroup", "id": "isolateGroups/6534132917220748", "name": "main.dart", "number": "6534132917220
EXT Extension {"type": "Event", "kind": "Extension", "extensionKind": "Flutter.Frame", "isolateGroup": {"type": "@IsolateGroup", "id": "isolateGroups/6534132917220748", "name": "main.dart", "number": "6534132917220
EXT Extension {"type": "Event", "kind": "Extension", "extensionKind": "Flutter.Frame", "isolateGroup": {"type": "@IsolateGroup", "id": "isolateGroups/6534132917220748", "name": "main.dart", "number": "6534132917220
EXT Extension {"type": "Event", "kind": "Extension", "extensionKind": "Flutter.Frame", "isolateGroup": {"type": "@IsolateGroup", "id": "isolateGroups/6534132917220748", "name": "main.dart", "number": "6534132917220
EXT Extension {"type": "Event", "kind": "Extension", "extensionKind": "Flutter.Frame", "isolateGroup": {"type": "@IsolateGroup", "id": "isolateGroups/6534132917220748", "name": "main.dart", "number": "6534132917220
EXT Extension {"type": "Event", "kind": "Extension", "extensionKind": "Flutter.Frame", "isolateGroup": {"type": "@IsolateGroup", "id": "isolateGroups/6534132917220748", "name": "main.dart", "number": "6534132917220
EXT Extension {"type": "Event", "kind": "Extension", "extensionKind": "Flutter.Frame", "isolateGroup": {"type": "@IsolateGroup", "id": "isolateGroups/6534132917220748", "name": "main.dart", "number": "6534132917220
EXT Extension {"type": "Event", "kind": "Extension", "extensionKind": "Flutter.Frame", "isolateGroup": {"type": "@IsolateGroup", "id": "isolateGroups/6534132917220748", "name": "main.dart", "number": "6534132917220
EXT Extension {"type": "Event", "kind": "Extension", "extensionKind": "Flutter.Frame", "isolateGroup": {"type": "@IsolateGroup", "id": "isolateGroups/6534132917220748", "name": "main.dart", "number": "6534132917220
EXT Extension {"type": "Event", "kind": "Extension", "extensionKind": "Flutter.Frame", "isolateGroup": {"type": "@IsolateGroup", "id": "isolateGroups/6534132917220748", "name": "main.dart", "number": "6534132917220
EXT Extension {"type": "Event", "kind": "Extension", "extensionKind": "Flutter.Frame", "isolateGroup": {"type": "@IsolateGroup", "id": "isolateGroups/6534132917220748", "name": "main.dart", "number": "6534132917220
EXT Extension {"type": "Event", "kind": "Extension", "extensionKind": "Flutter.Frame", "isolateGroup": {"type": "@IsolateGroup", "id": "isolateGroups/6534132917220748", "name": "main.dart", "number": "6534132917220
EXT Extension {"type": "Event", "kind": "Extension", "extensionKind": "Flutter.Frame", "isolateGroup": {"type": "@IsolateGroup", "id": "isolateGroups/6534132917220748", "name": "main.dart", "number": "6534132917220
EXT Extension {"type": "Event", "kind": "Extension", "extensionKind": "Flutter.Frame", "isolateGroup": {"type": "@IsolateGroup", "id": "isolateGroups/6534132917220748", "name": "main.dart", "number": "6534132917220
EXT Extension {"type": "Event", "kind": "Extension", "extensionKind": "Flutter.Frame", "isolateGroup": {"type": "@IsolateGroup", "id": "isolateGroups/6534132917220748", "name": "main.dart", "number": "6534132917220
EXT Extension {"type": "Event", "kind": "Extension", "extensionKind": "Flutter.Frame", "isolateGroup": {"type": "@IsolateGroup", "id": "isolateGroups/6534132917220748", "name": "main.dart", "number": "6534132917220
EXT Extension {"type": "Event", "kind": "Extension", "extensionKind": "Flutter.Frame", "isolateGroup": {"type": "@IsolateGroup", "id": "isolateGroups/6534132917220748", "name": "main.dart", "number": "6534132917220
EXT Extension {"type": "Event", "kind": "Extension", "extensionKind": "Flutter.Frame", "isolateGroup": {"type": "@IsolateGroup", "id": "isolateGroups/6534132917220748", "name": "main.dart", "number": "6534132917220
EXT Extension {"type": "Event", "kind": "Extension", "extensionKind": "Flutter.Frame", "isolateGroup": {"type": "@IsolateGroup", "id": "isolateGroups/6534132917220748", "name": "main.dart", "number": "6534132917220
EXT Extension {"type": "Event", "kind": "Extension", "extensionKind": "Flutter.Frame", "isolateGroup": {"type": "@IsolateGroup", "id": "isolateGroups/6534132917220748", "name": "main.dart", "number": "6534132917220
EXT Extension {"type": "Event", "kind": "Extension", "extensionKind": "Flutter.Frame", "isolateGroup": {"type": "@IsolateGroup", "id": "isolateGroups/6534132917220748", "name": "main.dart", "number": "6534132917220
EXT Extension {"type": "Event", "kind": "Extension", "extensionKind": "Flutter.Frame", "isolateGroup": {"type": "@IsolateGroup", "id": "isolateGroups/6534132917220748", "name": "main.dart", "number": "6534132917220
EXT Extension {"type": "Event", "kind": "Extension", "extensionKind": "Flutter.Frame", "isolateGroup": {"type": "@IsolateGroup", "id": "isolateGroups/6534132917220748", "name": "main.dart", "number": "6534132917220
EXT Extension {"type": "Event", "kind": "Extension", "extensionKind": "Flutter.Frame", "isolateGroup": {"type": "@IsolateGroup", "id": "isolateGroups/6534132917220748", "name": "main.dart", "number": "6534132917220
EXT Extension {"type": "Event", "kind": "Extension", "extensionKind": "Flutter.Frame", "isolateGroup": {"type": "@IsolateGroup", "id": "isolateGroups/6534132917220748", "name": "main.dart", "number": "6534132917220
EXT Extension {"type": "Event", "kind": "Extension", "extensionKind": "Flutter.Frame", "isolateGroup": {"type": "@IsolateGroup", "id": "isolateGroups/6534132917220748", "name": "main.dart", "number": "6534132917220
EXT Extension {"type": "Event", "kind": "Extension", "extensionKind": "Flutter.Frame", "isolateGroup": {"type": "@IsolateGroup", "id": "isolateGroups/6534132917220748", "name": "main.dart", "number": "6534132917220
EXT Extension {"type": "Event", "kind": "Extension", "extensionKind": "Flutter.Frame", "isolateGroup": {"type": "@IsolateGroup", "id": "isolateGroups/6534132917220748", "name": "main.dart", "number": "6534132917220
EXT Extension {"type": "Event", "kind": "Extension", "extensionKind": "Flutter.Frame", "isolateGroup": {"type": "@IsolateGroup", "id": "isolateGroups/6534132917220748", "name": "main.dart", "number": "6534132917220
EXT Extension {"type": "Event", "kind": "Extension", "extensionKind": "Flutter.Frame", "isolateGroup": {"type": "@IsolateGroup", "id": "isolateGroups/6534132917220748", "name": "main.dart", "number": "6534132917220
EXT Extension {"type": "Event", "kind": "Extension", "extensionKind": "Flutter.Frame", "isolateGroup": {"type": "@IsolateGroup", "id": "isolateGroups/6534132917220748", "name": "main.dart", "number": "6534132917220
EXT Extension {"type": "Event", "kind": "Extension", "extensionKind": "Flutter.Frame", "isolateGroup": {"type": "@IsolateGroup", "id": "isolateGroups/6534132917220748", "name": "main.dart", "number": "6534132917220
EXT Extension {"type": "Event", "kind": "Extension", "extensionKind": "Flutter.Frame", "isolateGroup": {"type": "@IsolateGroup", "id": "isolateGroups/6534132917220748", "name": "main.dart", "number": "6534132917220
EXT Extension {"type": "Event", "kind": "Extension", "extensionKind": "Flutter.Frame", "isolateGroup": {"type": "@IsolateGroup", "id": "isolateGroups/6534132917220748", "name": "main.dart", "number": "6534132917220
EXT Extension {"type": "Event", "kind": "Extension", "extensionKind": "Flutter.Frame", "isolateGroup": {"type": "@IsolateGroup", "id": "isolateGroups/6534132917220748", "name": "main.dart", "number": "6534132917220
EXT Extension {"type": "Event", "kind": "Extension", "extensionKind": "Flutter.Frame", "isolateGroup": {"type": "@IsolateGroup", "id": "isolateGroups/6534132917220748", "name": "main.dart", "number": "6534132917220
EXT Extension {"type": "Event", "kind": "Extension", "extensionKind": "Flutter.Frame", "isolateGroup": {"type": "@IsolateGroup", "id": "isolateGroups/6534132917220748", "name": "main.dart", "number": "6534132917220
EXT Extension {"type": "Event", "kind": "Extension", "extensionKind": "Flutter.Frame", "isolateGroup": {"type": "@IsolateGroup", "id": "isolateGroups/6534132917220748", "name": "main.dart", "number": "6534132917220
EXT Extension {"type": "Event", "kind": "Extension", "extensionKind": "Flutter.Frame", "isolateGroup": {"type": "@IsolateGroup", "id": "isolateGroups/6534132917220748", "name": "main.dart", "number": "6534132917220
EXT Extension {"type": "Event", "kind": "Extension", "extensionKind": "Flutter.Frame", "isolateGroup": {"type": "@IsolateGroup", "id": "isolateGroups/6534132917220748", "name": "main.dart", "number": "6534132917220
EXT Extension {"type": "Event", "kind": "Extension", "extensionKind": "Flutter.Frame", "isolateGroup": {"type": "@IsolateGroup", "id": "isolateGroups/6534132917220748", "name": "main.dart", "number": "6534132917220
EXT Extension {"type": "Event", "kind": "Extension", "extensionKind": "Flutter.Frame", "isolateGroup": {"type": "@IsolateGroup", "id": "isolateGroups/6534132917220748", "name": "main.dart", "number": "6534132917220
EXT Extension {"type": "Event", "kind": "Extension", "extensionKind": "Flutter.Frame", "isolateGroup": {"type": "@IsolateGroup", "id": "isolateGroups/6534132917220748", "name": "main.dart", "number": "6534132917220
EXT Extension {"type": "Event", "kind": "Extension", "extensionKind": "Flutter.Frame", "isolateGroup": {"type": "@IsolateGroup", "id": "isolateGroups/6534132917220748", "name": "main.dart", "number": "6534132917220
EXT Extension {"type": "Event", "kind": "Extension", "extensionKind": "Flutter.Frame", "isolateGroup": {"type": "@IsolateGroup", "id": "isolateGroups/6534132917220748", "name": "main.dart", "number": "6534132917220
EXT Extension {"type": "Event", "kind": "Extension", "extensionKind": "Flutter.Frame", "isolateGroup": {"type": "@IsolateGroup", "id": "isolateGroups/6534132917220748", "name": "main.dart", "number": "6534132917220
EXT Extension {"type": "Event", "kind": "Extension", "extensionKind": "Flutter.Frame", "isolateGroup": {"type": "@IsolateGroup", "id": "isolateGroups/6534132917220748", "name": "main.dart", "number": "6534132917220
EXT Extension {"type": "Event", "kind": "Extension", "extensionKind": "Flutter.Frame", "isolateGroup": {"type": "@IsolateGroup", "id": "isolateGroups/6534132917220748", "name": "main.dart", "number": "6534132917220
EXT Extension {"type": "Event", "kind": "Extension", "extensionKind": "Flutter.Frame", "isolateGroup": {"type": "@IsolateGroup", "id": "isolateGroups/6534132917220748", "name": "main.dart", "number": "6534132917220
EXT Extension {"type": "Event", "kind": "Extension", "extensionKind": "Flutter.Frame", "isolateGroup": {"type": "@IsolateGroup", "id": "isolateGroups/6534132917220748", "name": "main.dart", "number": "6534132917220
EXT Extension {"type": "Event", "kind": "Extension", "extensionKind": "Flutter.Frame", "isolateGroup": {"type": "@IsolateGroup", "id": "isolateGroups/6534132917220748", "name": "main.dart", "number": "6534132917220
EXT Extension {"type": "Event", "kind": "Extension", "extensionKind": "Flutter.Frame", "isolateGroup": {"type": "@IsolateGroup", "id": "isolateGroups/6534132917220748", "name": "main.dart", "number": "6534132917220
EXT Extension {"type": "Event", "kind": "Extension", "extensionKind": "Flutter.Frame", "isolateGroup": {"type": "@IsolateGroup", "id": "isolateGroups/6534132917220748", "name": "main.dart", "number": "6534132917220
EXT Extension {"type": "Event", "kind": "Extension", "extensionKind": "Flutter.Frame", "isolateGroup": {"type": "@IsolateGroup", "id": "isolateGroups/6534132917220748", "name": "main.dart", "number": "6534132917220
EXT Extension {"type": "Event", "kind": "Extension", "extensionKind": "Flutter.Frame", "isolateGroup": {"type": "@IsolateGroup", "id": "isolateGroups/6534132917220748", "name": "main.dart", "number": "6534132917220
EXT Extension {"type": "Event", "kind": "Extension", "extensionKind": "Flutter.Frame", "isolateGroup": {"type": "@IsolateGroup", "id": "isolateGroups/6534132917220748", "name": "main.dart", "number": "6534132917220
EXT Extension {"type": "Event", "kind": "Extension", "extensionKind": "Flutter.Frame", "isolateGroup": {"type": "@IsolateGroup", "id": "isolateGroups/6534132917220748", "name": "main.dart", "number": "6534132917220
EXT Extension {"type": "Event", "kind": "Extension", "extensionKind": "Flutter.Frame", "isolateGroup": {"type": "@IsolateGroup", "id": "isolateGroups/6534132917220748", "name": "main.dart", "number": "6534132917220
EXT Extension {"type": "Event", "kind": "Extension", "extensionKind": "Flutter.Frame", "isolateGroup": {"type": "@IsolateGroup", "id": "isolateGroups/6534132917220748", "name": "main.dart", "number": "6534132917220
EXT Extension {"type": "Event", "kind": "Extension", "extensionKind": "Flutter.Frame", "isolateGroup": {"type": "@IsolateGroup", "id": "isolateGroups/6534132917220748", "name": "main.dart", "number": "6534132917220
EXT Extension {"type": "Event", "kind": "Extension", "extensionKind": "Flutter.Frame", "isolateGroup": {"type": "@IsolateGroup", "id": "isolateGroups/6534132917220748", "name": "main.dart", "number": "6534132917220
EXT Extension {"type": "Event", "kind": "Extension", "extensionKind": "Flutter.Frame", "isolateGroup": {"type": "@IsolateGroup", "id": "isolateGroups/6534132917220748", "name": "main.dart", "number": "6534132917220
EXT Extension {"type": "Event", "kind": "Extension", "extensionKind": "Flutter.Frame", "isolateGroup": {"type": "@IsolateGroup", "id": "isolateGroups/6534132917220748", "name": "main.dart", "number": "6534132917220
EXT Extension {"type": "Event", "kind": "Extension", "extensionKind": "Flutter.Frame", "isolateGroup": {"type": "@IsolateGroup", "id": "isolateGroups/6534132917220748", "name": "main.dart", "number": "6534132917220
EXT Extension {"type": "Event", "kind": "Extension", "extensionKind": "Flutter.Frame", "isolateGroup": {"type": "@IsolateGroup", "id": "isolateGroups/6534132917220748", "name": "main.dart", "number": "6534132917220
EXT Extension {"type": "Event", "kind": "Extension", "extensionKind": "Flutter.Frame", "isolateGroup": {"type": "@IsolateGroup", "id": "isolateGroups/6534132917220748", "name": "main.dart", "number": "6534132917220
EXT Extension {"type": "Event", "kind": "Extension", "extensionKind": "Flutter.Frame", "isolateGroup": {"type": "@IsolateGroup", "id": "isolateGroups/6534132917220748", "name": "main.dart", "number": "6534132917220
EXT Extension {"type": "Event", "kind": "Extension", "extensionKind": "Flutter.Frame", "isolateGroup": {"type": "@IsolateGroup", "id": "isolateGroups/6534132917220748", "name": "main.dart", "number": "6534132917220
EXT Extension {"type": "Event", "kind": "Extension", "extensionKind": "Flutter.Frame", "isolateGroup": {"type": "@IsolateGroup", "id": "isolateGroups/6534132917220748", "name": "main.dart", "number": "6534132917220
EXT Extension {"type": "Event", "kind": "Extension", "extensionKind": "Flutter.Frame", "isolateGroup": {"type": "@IsolateGroup", "id": "isolateGroups/6534132917220748", "name": "main.dart", "number": "6534132917220
EXT Extension {"type": "Event", "kind": "Extension", "extensionKind": "Flutter.Frame", "isolateGroup": {"type": "@IsolateGroup", "id": "isolateGroups/6534132917220748", "name": "main.dart", "number": "6534132917220
EXT Extension {"type": "Event", "kind": "Extension", "extensionKind": "Flutter.Frame", "isolateGroup": {"type": "@IsolateGroup", "id": "isolateGroups/6534132917220748", "name": "main.dart", "number": "6534132917220
EXT Extension {"type": "Event", "kind": "Extension", "extensionKind": "Flutter.Frame", "isolateGroup": {"type": "@IsolateGroup", "id": "isolateGroups/6534132917220748", "name": "main.dart", "number": "6534132917220
EXT Extension {"type": "Event", "kind": "Extension", "extensionKind": "Flutter.Frame", "isolateGroup": {"type": "@IsolateGroup", "id": "isolateGroups/6534132917220748", "name": "main.dart", "number": "6534132917220
EXT Extension {"type": "Event", "kind": "Extension", "extensionKind": "Flutter.Frame", "isolateGroup": {"type": "@IsolateGroup", "id": "isolateGroups/6534132917220748", "name": "main.dart", "number": "6534132917220
EXT Extension {"type": "Event", "kind": "Extension", "extensionKind": "Flutter.Frame", "isolateGroup": {"type": "@IsolateGroup", "id": "isolateGroups/6534132917220748", "name": "main.dart", "number": "6534132917220
EXT Extension {"type": "Event", "kind": "Extension", "extensionKind": "Flutter.Frame", "isolateGroup": {"type": "@IsolateGroup", "id": "isolateGroups/6534132917220748", "name": "main.dart", "number": "6534132917220
EXT Extension {"type": "Event", "kind": "Extension", "extensionKind": "Flutter.Frame", "isolateGroup": {"type": "@IsolateGroup", "id": "isolateGroups/6534132917220748", "name": "main.dart", "number": "6534132917220
EXT Extension {"type": "Event", "kind": "Extension", "extensionKind": "Flutter.Frame", "isolateGroup": {"type": "@IsolateGroup", "id": "isolateGroups/6534132917220748", "name": "main.dart", "number": "6534132917220
EXT Extension {"type": "Event", "kind": "Extension", "extensionKind": "Flutter.Frame", "isolateGroup": {"type": "@IsolateGroup", "id": "isolateGroups/6534132917220748", "name": "main.dart", "number": "6534132917220
EXT Extension {"type": "Event", "kind": "Extension", "extensionKind": "Flutter.Frame", "isolateGroup": {"type": "@IsolateGroup", "id": "isolateGroups/6534132917220748", "name": "main.dart", "number": "6534132917220
EXT Extension {"type": "Event", "kind": "Extension", "extensionKind": "Flutter.Frame", "isolateGroup": {"type": "@IsolateGroup", "id": "isolateGroups/6534132917220748", "name": "main.dart", "number": "6534132917220
EXT Extension {"type": "Event", "kind": "Extension", "extensionKind": "Flutter.Frame", "isolateGroup": {"type": "@IsolateGroup", "id": "isolateGroups/6534132917220748", "name": "main.dart", "number": "6534132917220
EXT Extension {"type": "Event", "kind": "Extension", "extensionKind": "Flutter.Frame", "isolateGroup": {"type": "@IsolateGroup", "id": "isolateGroups/6534132917220748", "name": "main.dart", "number": "6534132917220
EXT Extension {"type": "Event", "kind": "Extension", "extensionKind": "Flutter.Frame", "isolateGroup": {"type": "@IsolateGroup", "id": "isolateGroups/6534132917220748", "name": "main.dart", "number": "6534132917220
EXT Extension {"type": "Event", "kind": "Extension", "extensionKind": "Flutter.Frame", "isolateGroup": {"type": "@IsolateGroup", "id": "isolateGroups/6534132917220748", "name": "main.dart", "number": "6534132917220
EXT Extension {"type": "Event", "kind": "Extension", "extensionKind": "Flutter.Frame", "isolateGroup": {"type": "@IsolateGroup", "id": "isolateGroups/6534132917220748", "name": "main.dart", "number": "6534132917220
EXT Extension {"type": "Event", "kind": "Extension", "extensionKind": "Flutter.Frame", "isolateGroup": {"type": "@IsolateGroup", "id": "isolateGroups/6534132917220748", "name": "main.dart", "number": "6534132917220
EXT Extension {"type": "Event", "kind": "Extension", "extensionKind": "Flutter.Frame", "isolateGroup": {"type": "@IsolateGroup", "id": "isolateGroups/6534132917220748", "name": "main.dart", "number": "6534132917220
EXT Extension {"type": "Event", "kind": "Extension", "extensionKind": "Flutter.Frame", "isolateGroup": {"type": "@IsolateGroup", "id": "isolateGroups/6534132917220748", "name": "main.dart", "number": "6534132917220
EXT Extension {"type": "Event", "kind": "Extension", "extensionKind": "Flutter.Frame", "isolateGroup": {"type": "@IsolateGroup", "id": "isolateGroups/6534132917220748", "name": "main.dart", "number": "6534132917220
EXT Extension {"type": "Event", "kind": "Extension", "extensionKind": "Flutter.Frame", "isolateGroup": {"type": "@IsolateGroup", "id": "isolateGroups/6534132917220748", "name": "main.dart", "number": "6534132917220
EXT Extension {"type": "Event", "kind": "Extension", "extensionKind": "Flutter.Frame", "isolateGroup": {"type": "@IsolateGroup", "id": "isolateGroups/6534132917220748", "name": "main.dart", "number": "6534132917220
EXT Extension {"type": "Event", "kind": "Extension", "extensionKind": "Flutter.Frame", "isolateGroup": {"type": "@IsolateGroup", "id": "isolateGroups/6534132917220748", "name": "main.dart", "number": "6534132917220
EXT Extension {"type": "Event", "kind": "Extension", "extensionKind": "Flutter.Frame", "isolateGroup": {"type": "@IsolateGroup", "id": "isolateGroups/6534132917220748", "name": "main.dart", "number": "6534132917220
EXT Extension {"type": "Event", "kind": "Extension", "extensionKind": "Flutter.Frame", "isolateGroup": {"type": "@IsolateGroup", "id": "isolateGroups/6534132917220748", "name": "main.dart", "number": "6534132917220
EXT Extension {"type": "Event", "kind": "Extension", "extensionKind": "Flutter.Frame", "isolateGroup": {"type": "@IsolateGroup", "id": "isolateGroups/6534132917220748", "name": "main.dart", "number": "6534132917220
EXT Extension {"type": "Event", "kind": "Extension", "extensionKind": "Flutter.Frame", "isolateGroup": {"type": "@IsolateGroup", "id": "isolateGroups/6534132917220748", "name": "main.dart", "number": "6534132917220
EXT Extension {"type": "Event", "kind": "Extension", "extensionKind": "Flutter.Frame", "isolateGroup": {"type": "@IsolateGroup", "id": "isolateGroups/6534132917220748", "name": "main.dart", "number": "6534132917220
EXT Extension {"type": "Event", "kind": "Extension", "extensionKind": "Flutter.Frame", "isolateGroup": {"type": "@IsolateGroup", "id": "isolateGroups/6534132917220748", "name": "main.dart", "number": "6534132917220
EXT Extension {"type": "Event", "kind": "Extension", "extensionKind": "Flutter.Frame", "isolateGroup": {"type": "@IsolateGroup", "id": "isolateGroups/6534132917220748", "name": "main.dart", "number": "6534132917220
EXT Extension {"type": "Event", "kind": "Extension", "extensionKind": "Flutter.Frame", "isolateGroup": {"type": "@IsolateGroup", "id": "isolateGroups/6534132917220748", "name": "main.dart", "number": "6534132917220
EXT Extension {"type": "Event", "kind": "Extension", "extensionKind": "Flutter.Frame", "isolateGroup": {"type": "@IsolateGroup", "id": "isolateGroups/6534132917220748", "name": "main.dart", "number": "6534132917220
EXT Extension {"type": "Event", "kind": "Extension", "extensionKind": "Flutter.Frame", "isolateGroup": {"type": "@IsolateGroup", "id": "isolateGroups/6534132917220748", "name": "main.dart", "number": "6534132917220
EXT Extension {"type": "Event", "kind": "Extension", "extensionKind": "Flutter.Frame", "isolateGroup": {"type": "@IsolateGroup", "id": "isolateGroups/6534132917220748", "name": "main.dart", "number": "6534132917220
EXT Extension {"type": "Event", "kind": "Extension", "extensionKind": "Flutter.Frame", "isolateGroup": {"type": "@IsolateGroup", "id": "isolateGroups/6534132917220748", "name": "main.dart", "number": "6534132917220
EXT Extension {"type": "Event", "kind": "Extension", "extensionKind": "Flutter.Frame", "isolateGroup": {"type": "@IsolateGroup", "id": "isolateGroups/6534132917220748", "name": "main.dart", "number": "6534132917220
EXT Extension {"type": "Event", "kind": "Extension", "extensionKind": "Flutter.Frame", "isolateGroup": {"type": "@IsolateGroup", "id": "isolateGroups/6534132917220748", "name": "main.dart", "number": "6534132917220
EXT Extension {"type": "Event", "kind": "Extension", "extensionKind": "Flutter.Frame", "isolateGroup": {"type": "@IsolateGroup", "id": "isolateGroups/6534132917220748", "name": "main.dart", "number": "6534132917220
EXT Extension {"type": "Event", "kind": "Extension", "extensionKind": "Flutter.Frame", "isolateGroup": {"type": "@IsolateGroup", "id": "isolateGroups/6534132917220748", "name": "main.dart", "number": "6534132917220
CTL {"jsonrpc": "2.0", "result": {"type": "Success"}, "id": 4}
EXT Extension {"type": "Event", "kind": "Extension", "extensionKind": "Flutter.Frame", "isolateGroup": {"type": "@IsolateGroup", "id": "isolateGroups/6534132917220748", "name": "main.dart", "number": "6534132917220
EXT Extension {"type": "Event", "kind": "Extension", "extensionKind": "Flutter.Frame", "isolateGroup": {"type": "@IsolateGroup", "id": "isolateGroups/6534132917220748", "name": "main.dart", "number": "6534132917220
EXT Extension {"type": "Event", "kind": "Extension", "extensionKind": "Flutter.Frame", "isolateGroup": {"type": "@IsolateGroup", "id": "isolateGroups/6534132917220748", "name": "main.dart", "number": "6534132917220
EXT Extension {"type": "Event", "kind": "Extension", "extensionKind": "Flutter.Frame", "isolateGroup": {"type": "@IsolateGroup", "id": "isolateGroups/6534132917220748", "name": "main.dart", "number": "6534132917220
EXT Extension {"type": "Event", "kind": "Extension", "extensionKind": "Flutter.Frame", "isolateGroup": {"type": "@IsolateGroup", "id": "isolateGroups/6534132917220748", "name": "main.dart", "number": "6534132917220
EXT Extension {"type": "Event", "kind": "Extension", "extensionKind": "Flutter.Frame", "isolateGroup": {"type": "@IsolateGroup", "id": "isolateGroups/6534132917220748", "name": "main.dart", "number": "6534132917220
EXT Extension {"type": "Event", "kind": "Extension", "extensionKind": "Flutter.Frame", "isolateGroup": {"type": "@IsolateGroup", "id": "isolateGroups/6534132917220748", "name": "main.dart", "number": "6534132917220
EXT Extension {"type": "Event", "kind": "Extension", "extensionKind": "Flutter.Frame", "isolateGroup": {"type": "@IsolateGroup", "id": "isolateGroups/6534132917220748", "name": "main.dart", "number": "6534132917220
EXT Extension {"type": "Event", "kind": "Extension", "extensionKind": "Flutter.Frame", "isolateGroup": {"type": "@IsolateGroup", "id": "isolateGroups/6534132917220748", "name": "main.dart", "number": "6534132917220
EXT Extension {"type": "Event", "kind": "Extension", "extensionKind": "Flutter.Frame", "isolateGroup": {"type": "@IsolateGroup", "id": "isolateGroups/6534132917220748", "name": "main.dart", "number": "6534132917220
EXT Extension {"type": "Event", "kind": "Extension", "extensionKind": "Flutter.Frame", "isolateGroup": {"type": "@IsolateGroup", "id": "isolateGroups/6534132917220748", "name": "main.dart", "number": "6534132917220
EXT Extension {"type": "Event", "kind": "Extension", "extensionKind": "Flutter.Frame", "isolateGroup": {"type": "@IsolateGroup", "id": "isolateGroups/6534132917220748", "name": "main.dart", "number": "6534132917220
EXT Extension {"type": "Event", "kind": "Extension", "extensionKind": "Flutter.Frame", "isolateGroup": {"type": "@IsolateGroup", "id": "isolateGroups/6534132917220748", "name": "main.dart", "number": "6534132917220
EXT Extension {"type": "Event", "kind": "Extension", "extensionKind": "Flutter.Frame", "isolateGroup": {"type": "@IsolateGroup", "id": "isolateGroups/6534132917220748", "name": "main.dart", "number": "6534132917220
EXT Extension {"type": "Event", "kind": "Extension", "extensionKind": "Flutter.Frame", "isolateGroup": {"type": "@IsolateGroup", "id": "isolateGroups/6534132917220748", "name": "main.dart", "number": "6534132917220
EXT Extension {"type": "Event", "kind": "Extension", "extensionKind": "Flutter.Frame", "isolateGroup": {"type": "@IsolateGroup", "id": "isolateGroups/6534132917220748", "name": "main.dart", "number": "6534132917220
EXT Extension {"type": "Event", "kind": "Extension", "extensionKind": "Flutter.Frame", "isolateGroup": {"type": "@IsolateGroup", "id": "isolateGroups/6534132917220748", "name": "main.dart", "number": "6534132917220
EXT Extension {"type": "Event", "kind": "Extension", "extensionKind": "Flutter.Frame", "isolateGroup": {"type": "@IsolateGroup", "id": "isolateGroups/6534132917220748", "name": "main.dart", "number": "6534132917220
EXT Extension {"type": "Event", "kind": "Extension", "extensionKind": "Flutter.Frame", "isolateGroup": {"type": "@IsolateGroup", "id": "isolateGroups/6534132917220748", "name": "main.dart", "number": "6534132917220
EXT Extension {"type": "Event", "kind": "Extension", "extensionKind": "Flutter.Frame", "isolateGroup": {"type": "@IsolateGroup", "id": "isolateGroups/6534132917220748", "name": "main.dart", "number": "6534132917220
EXT Extension {"type": "Event", "kind": "Extension", "extensionKind": "Flutter.Frame", "isolateGroup": {"type": "@IsolateGroup", "id": "isolateGroups/6534132917220748", "name": "main.dart", "number": "6534132917220
EXT Extension {"type": "Event", "kind": "Extension", "extensionKind": "Flutter.Frame", "isolateGroup": {"type": "@IsolateGroup", "id": "isolateGroups/6534132917220748", "name": "main.dart", "number": "6534132917220
EXT Extension {"type": "Event", "kind": "Extension", "extensionKind": "Flutter.Frame", "isolateGroup": {"type": "@IsolateGroup", "id": "isolateGroups/6534132917220748", "name": "main.dart", "number": "6534132917220
EXT Extension {"type": "Event", "kind": "Extension", "extensionKind": "Flutter.Frame", "isolateGroup": {"type": "@IsolateGroup", "id": "isolateGroups/6534132917220748", "name": "main.dart", "number": "6534132917220
EXT Extension {"type": "Event", "kind": "Extension", "extensionKind": "Flutter.Frame", "isolateGroup": {"type": "@IsolateGroup", "id": "isolateGroups/6534132917220748", "name": "main.dart", "number": "6534132917220
EXT Extension {"type": "Event", "kind": "Extension", "extensionKind": "Flutter.Frame", "isolateGroup": {"type": "@IsolateGroup", "id": "isolateGroups/6534132917220748", "name": "main.dart", "number": "6534132917220
EXT Extension {"type": "Event", "kind": "Extension", "extensionKind": "Flutter.Frame", "isolateGroup": {"type": "@IsolateGroup", "id": "isolateGroups/6534132917220748", "name": "main.dart", "number": "6534132917220
EXT Extension {"type": "Event", "kind": "Extension", "extensionKind": "Flutter.Frame", "isolateGroup": {"type": "@IsolateGroup", "id": "isolateGroups/6534132917220748", "name": "main.dart", "number": "6534132917220
EXT Extension {"type": "Event", "kind": "Extension", "extensionKind": "Flutter.Frame", "isolateGroup": {"type": "@IsolateGroup", "id": "isolateGroups/6534132917220748", "name": "main.dart", "number": "6534132917220
EXT Extension {"type": "Event", "kind": "Extension", "extensionKind": "Flutter.Frame", "isolateGroup": {"type": "@IsolateGroup", "id": "isolateGroups/6534132917220748", "name": "main.dart", "number": "6534132917220
EXT Extension {"type": "Event", "kind": "Extension", "extensionKind": "Flutter.Frame", "isolateGroup": {"type": "@IsolateGroup", "id": "isolateGroups/6534132917220748", "name": "main.dart", "number": "6534132917220
EXT Extension {"type": "Event", "kind": "Extension", "extensionKind": "Flutter.Frame", "isolateGroup": {"type": "@IsolateGroup", "id": "isolateGroups/6534132917220748", "name": "main.dart", "number": "6534132917220
EXT Extension {"type": "Event", "kind": "Extension", "extensionKind": "Flutter.Frame", "isolateGroup": {"type": "@IsolateGroup", "id": "isolateGroups/6534132917220748", "name": "main.dart", "number": "6534132917220
EXT Extension {"type": "Event", "kind": "Extension", "extensionKind": "Flutter.Frame", "isolateGroup": {"type": "@IsolateGroup", "id": "isolateGroups/6534132917220748", "name": "main.dart", "number": "6534132917220
EXT Extension {"type": "Event", "kind": "Extension", "extensionKind": "Flutter.Frame", "isolateGroup": {"type": "@IsolateGroup", "id": "isolateGroups/6534132917220748", "name": "main.dart", "number": "6534132917220
EXT Extension {"type": "Event", "kind": "Extension", "extensionKind": "Flutter.Frame", "isolateGroup": {"type": "@IsolateGroup", "id": "isolateGroups/6534132917220748", "name": "main.dart", "number": "6534132917220
EXT Extension {"type": "Event", "kind": "Extension", "extensionKind": "Flutter.Frame", "isolateGroup": {"type": "@IsolateGroup", "id": "isolateGroups/6534132917220748", "name": "main.dart", "number": "6534132917220
EXT Extension {"type": "Event", "kind": "Extension", "extensionKind": "Flutter.Frame", "isolateGroup": {"type": "@IsolateGroup", "id": "isolateGroups/6534132917220748", "name": "main.dart", "number": "6534132917220
EXT Extension {"type": "Event", "kind": "Extension", "extensionKind": "Flutter.Frame", "isolateGroup": {"type": "@IsolateGroup", "id": "isolateGroups/6534132917220748", "name": "main.dart", "number": "6534132917220
EXT Extension {"type": "Event", "kind": "Extension", "extensionKind": "Flutter.Frame", "isolateGroup": {"type": "@IsolateGroup", "id": "isolateGroups/6534132917220748", "name": "main.dart", "number": "6534132917220
EXT Extension {"type": "Event", "kind": "Extension", "extensionKind": "Flutter.Frame", "isolateGroup": {"type": "@IsolateGroup", "id": "isolateGroups/6534132917220748", "name": "main.dart", "number": "6534132917220
EXT Extension {"type": "Event", "kind": "Extension", "extensionKind": "Flutter.Frame", "isolateGroup": {"type": "@IsolateGroup", "id": "isolateGroups/6534132917220748", "name": "main.dart", "number": "6534132917220
EXT Extension {"type": "Event", "kind": "Extension", "extensionKind": "Flutter.Frame", "isolateGroup": {"type": "@IsolateGroup", "id": "isolateGroups/6534132917220748", "name": "main.dart", "number": "6534132917220
EXT Extension {"type": "Event", "kind": "Extension", "extensionKind": "Flutter.Frame", "isolateGroup": {"type": "@IsolateGroup", "id": "isolateGroups/6534132917220748", "name": "main.dart", "number": "6534132917220
EXT Extension {"type": "Event", "kind": "Extension", "extensionKind": "Flutter.Frame", "isolateGroup": {"type": "@IsolateGroup", "id": "isolateGroups/6534132917220748", "name": "main.dart", "number": "6534132917220
EXT Extension {"type": "Event", "kind": "Extension", "extensionKind": "Flutter.Frame", "isolateGroup": {"type": "@IsolateGroup", "id": "isolateGroups/6534132917220748", "name": "main.dart", "number": "6534132917220
EXT Extension {"type": "Event", "kind": "Extension", "extensionKind": "Flutter.Frame", "isolateGroup": {"type": "@IsolateGroup", "id": "isolateGroups/6534132917220748", "name": "main.dart", "number": "6534132917220
EXT Extension {"type": "Event", "kind": "Extension", "extensionKind": "Flutter.Frame", "isolateGroup": {"type": "@IsolateGroup", "id": "isolateGroups/6534132917220748", "name": "main.dart", "number": "6534132917220
EXT Extension {"type": "Event", "kind": "Extension", "extensionKind": "Flutter.Frame", "isolateGroup": {"type": "@IsolateGroup", "id": "isolateGroups/6534132917220748", "name": "main.dart", "number": "6534132917220
EXT Extension {"type": "Event", "kind": "Extension", "extensionKind": "Flutter.Frame", "isolateGroup": {"type": "@IsolateGroup", "id": "isolateGroups/6534132917220748", "name": "main.dart", "number": "6534132917220
EXT Extension {"type": "Event", "kind": "Extension", "extensionKind": "Flutter.Frame", "isolateGroup": {"type": "@IsolateGroup", "id": "isolateGroups/6534132917220748", "name": "main.dart", "number": "6534132917220
EXT Extension {"type": "Event", "kind": "Extension", "extensionKind": "Flutter.Frame", "isolateGroup": {"type": "@IsolateGroup", "id": "isolateGroups/6534132917220748", "name": "main.dart", "number": "6534132917220
EXT Extension {"type": "Event", "kind": "Extension", "extensionKind": "Flutter.Frame", "isolateGroup": {"type": "@IsolateGroup", "id": "isolateGroups/6534132917220748", "name": "main.dart", "number": "6534132917220
EXT Extension {"type": "Event", "kind": "Extension", "extensionKind": "Flutter.Frame", "isolateGroup": {"type": "@IsolateGroup", "id": "isolateGroups/6534132917220748", "name": "main.dart", "number": "6534132917220
EXT Extension {"type": "Event", "kind": "Extension", "extensionKind": "Flutter.Frame", "isolateGroup": {"type": "@IsolateGroup", "id": "isolateGroups/6534132917220748", "name": "main.dart", "number": "6534132917220
EXT Extension {"type": "Event", "kind": "Extension", "extensionKind": "Flutter.Frame", "isolateGroup": {"type": "@IsolateGroup", "id": "isolateGroups/6534132917220748", "name": "main.dart", "number": "6534132917220
EXT Extension {"type": "Event", "kind": "Extension", "extensionKind": "Flutter.Frame", "isolateGroup": {"type": "@IsolateGroup", "id": "isolateGroups/6534132917220748", "name": "main.dart", "number": "6534132917220
EXT Extension {"type": "Event", "kind": "Extension", "extensionKind": "Flutter.Frame", "isolateGroup": {"type": "@IsolateGroup", "id": "isolateGroups/6534132917220748", "name": "main.dart", "number": "6534132917220
EXT Extension {"type": "Event", "kind": "Extension", "extensionKind": "Flutter.Frame", "isolateGroup": {"type": "@IsolateGroup", "id": "isolateGroups/6534132917220748", "name": "main.dart", "number": "6534132917220
EXT Extension {"type": "Event", "kind": "Extension", "extensionKind": "Flutter.Frame", "isolateGroup": {"type": "@IsolateGroup", "id": "isolateGroups/6534132917220748", "name": "main.dart", "number": "6534132917220
EXT Extension {"type": "Event", "kind": "Extension", "extensionKind": "Flutter.Frame", "isolateGroup": {"type": "@IsolateGroup", "id": "isolateGroups/6534132917220748", "name": "main.dart", "number": "6534132917220
EXT Extension {"type": "Event", "kind": "Extension", "extensionKind": "Flutter.Frame", "isolateGroup": {"type": "@IsolateGroup", "id": "isolateGroups/6534132917220748", "name": "main.dart", "number": "6534132917220
EXT Extension {"type": "Event", "kind": "Extension", "extensionKind": "Flutter.Frame", "isolateGroup": {"type": "@IsolateGroup", "id": "isolateGroups/6534132917220748", "name": "main.dart", "number": "6534132917220
EXT Extension {"type": "Event", "kind": "Extension", "extensionKind": "Flutter.Frame", "isolateGroup": {"type": "@IsolateGroup", "id": "isolateGroups/6534132917220748", "name": "main.dart", "number": "6534132917220
EXT Extension {"type": "Event", "kind": "Extension", "extensionKind": "Flutter.Frame", "isolateGroup": {"type": "@IsolateGroup", "id": "isolateGroups/6534132917220748", "name": "main.dart", "number": "6534132917220
EXT Extension {"type": "Event", "kind": "Extension", "extensionKind": "Flutter.Frame", "isolateGroup": {"type": "@IsolateGroup", "id": "isolateGroups/6534132917220748", "name": "main.dart", "number": "6534132917220
EXT Extension {"type": "Event", "kind": "Extension", "extensionKind": "Flutter.Frame", "isolateGroup": {"type": "@IsolateGroup", "id": "isolateGroups/6534132917220748", "name": "main.dart", "number": "6534132917220
EXT Extension {"type": "Event", "kind": "Extension", "extensionKind": "Flutter.Frame", "isolateGroup": {"type": "@IsolateGroup", "id": "isolateGroups/6534132917220748", "name": "main.dart", "number": "6534132917220
EXT Extension {"type": "Event", "kind": "Extension", "extensionKind": "Flutter.Frame", "isolateGroup": {"type": "@IsolateGroup", "id": "isolateGroups/6534132917220748", "name": "main.dart", "number": "6534132917220
EXT Extension {"type": "Event", "kind": "Extension", "extensionKind": "Flutter.Frame", "isolateGroup": {"type": "@IsolateGroup", "id": "isolateGroups/6534132917220748", "name": "main.dart", "number": "6534132917220
EXT Extension {"type": "Event", "kind": "Extension", "extensionKind": "Flutter.Frame", "isolateGroup": {"type": "@IsolateGroup", "id": "isolateGroups/6534132917220748", "name": "main.dart", "number": "6534132917220
EXT Extension {"type": "Event", "kind": "Extension", "extensionKind": "Flutter.Frame", "isolateGroup": {"type": "@IsolateGroup", "id": "isolateGroups/6534132917220748", "name": "main.dart", "number": "6534132917220
EXT Extension {"type": "Event", "kind": "Extension", "extensionKind": "Flutter.Frame", "isolateGroup": {"type": "@IsolateGroup", "id": "isolateGroups/6534132917220748", "name": "main.dart", "number": "6534132917220
EXT Extension {"type": "Event", "kind": "Extension", "extensionKind": "Flutter.Frame", "isolateGroup": {"type": "@IsolateGroup", "id": "isolateGroups/6534132917220748", "name": "main.dart", "number": "6534132917220
EXT Extension {"type": "Event", "kind": "Extension", "extensionKind": "Flutter.Frame", "isolateGroup": {"type": "@IsolateGroup", "id": "isolateGroups/6534132917220748", "name": "main.dart", "number": "6534132917220
EXT Extension {"type": "Event", "kind": "Extension", "extensionKind": "Flutter.Frame", "isolateGroup": {"type": "@IsolateGroup", "id": "isolateGroups/6534132917220748", "name": "main.dart", "number": "6534132917220
EXT Extension {"type": "Event", "kind": "Extension", "extensionKind": "Flutter.Frame", "isolateGroup": {"type": "@IsolateGroup", "id": "isolateGroups/6534132917220748", "name": "main.dart", "number": "6534132917220
EXT Extension {"type": "Event", "kind": "Extension", "extensionKind": "Flutter.Frame", "isolateGroup": {"type": "@IsolateGroup", "id": "isolateGroups/6534132917220748", "name": "main.dart", "number": "6534132917220
EXT Extension {"type": "Event", "kind": "Extension", "extensionKind": "Flutter.Frame", "isolateGroup": {"type": "@IsolateGroup", "id": "isolateGroups/6534132917220748", "name": "main.dart", "number": "6534132917220
EXT Extension {"type": "Event", "kind": "Extension", "extensionKind": "Flutter.Frame", "isolateGroup": {"type": "@IsolateGroup", "id": "isolateGroups/6534132917220748", "name": "main.dart", "number": "6534132917220
EXT Extension {"type": "Event", "kind": "Extension", "extensionKind": "Flutter.Frame", "isolateGroup": {"type": "@IsolateGroup", "id": "isolateGroups/6534132917220748", "name": "main.dart", "number": "6534132917220
EXT Extension {"type": "Event", "kind": "Extension", "extensionKind": "Flutter.ImageSizesForFrame", "isolateGroup": {"type": "@IsolateGroup", "id": "isolateGroups/6534132917220748", "name": "main.dart", "number": "
EXT Extension {"type": "Event", "kind": "Extension", "extensionKind": "Flutter.Frame", "isolateGroup": {"type": "@IsolateGroup", "id": "isolateGroups/6534132917220748", "name": "main.dart", "number": "6534132917220
EXT Extension {"type": "Event", "kind": "Extension", "extensionKind": "Flutter.ImageSizesForFrame", "isolateGroup": {"type": "@IsolateGroup", "id": "isolateGroups/6534132917220748", "name": "main.dart", "number": "
EXT Extension {"type": "Event", "kind": "Extension", "extensionKind": "Flutter.Frame", "isolateGroup": {"type": "@IsolateGroup", "id": "isolateGroups/6534132917220748", "name": "main.dart", "number": "6534132917220
EXT Extension {"type": "Event", "kind": "Extension", "extensionKind": "Flutter.Frame", "isolateGroup": {"type": "@IsolateGroup", "id": "isolateGroups/6534132917220748", "name": "main.dart", "number": "6534132917220
EXT Extension {"type": "Event", "kind": "Extension", "extensionKind": "Flutter.Frame", "isolateGroup": {"type": "@IsolateGroup", "id": "isolateGroups/6534132917220748", "name": "main.dart", "number": "6534132917220
EXT Extension {"type": "Event", "kind": "Extension", "extensionKind": "Flutter.Frame", "isolateGroup": {"type": "@IsolateGroup", "id": "isolateGroups/6534132917220748", "name": "main.dart", "number": "6534132917220
EXT Extension {"type": "Event", "kind": "Extension", "extensionKind": "Flutter.Frame", "isolateGroup": {"type": "@IsolateGroup", "id": "isolateGroups/6534132917220748", "name": "main.dart", "number": "6534132917220
EXT Extension {"type": "Event", "kind": "Extension", "extensionKind": "Flutter.Frame", "isolateGroup": {"type": "@IsolateGroup", "id": "isolateGroups/6534132917220748", "name": "main.dart", "number": "6534132917220
EXT Extension {"type": "Event", "kind": "Extension", "extensionKind": "Flutter.Frame", "isolateGroup": {"type": "@IsolateGroup", "id": "isolateGroups/6534132917220748", "name": "main.dart", "number": "6534132917220
EXT Extension {"type": "Event", "kind": "Extension", "extensionKind": "Flutter.Frame", "isolateGroup": {"type": "@IsolateGroup", "id": "isolateGroups/6534132917220748", "name": "main.dart", "number": "6534132917220
EXT Extension {"type": "Event", "kind": "Extension", "extensionKind": "Flutter.Frame", "isolateGroup": {"type": "@IsolateGroup", "id": "isolateGroups/6534132917220748", "name": "main.dart", "number": "6534132917220
EXT Extension {"type": "Event", "kind": "Extension", "extensionKind": "Flutter.Frame", "isolateGroup": {"type": "@IsolateGroup", "id": "isolateGroups/6534132917220748", "name": "main.dart", "number": "6534132917220
EXT Extension {"type": "Event", "kind": "Extension", "extensionKind": "Flutter.Frame", "isolateGroup": {"type": "@IsolateGroup", "id": "isolateGroups/6534132917220748", "name": "main.dart", "number": "6534132917220
EXT Extension {"type": "Event", "kind": "Extension", "extensionKind": "Flutter.Frame", "isolateGroup": {"type": "@IsolateGroup", "id": "isolateGroups/6534132917220748", "name": "main.dart", "number": "6534132917220
EXT Extension {"type": "Event", "kind": "Extension", "extensionKind": "Flutter.Frame", "isolateGroup": {"type": "@IsolateGroup", "id": "isolateGroups/6534132917220748", "name": "main.dart", "number": "6534132917220
EXT Extension {"type": "Event", "kind": "Extension", "extensionKind": "Flutter.Frame", "isolateGroup": {"type": "@IsolateGroup", "id": "isolateGroups/6534132917220748", "name": "main.dart", "number": "6534132917220
EXT Extension {"type": "Event", "kind": "Extension", "extensionKind": "Flutter.Frame", "isolateGroup": {"type": "@IsolateGroup", "id": "isolateGroups/6534132917220748", "name": "main.dart", "number": "6534132917220
EXT Extension {"type": "Event", "kind": "Extension", "extensionKind": "Flutter.Frame", "isolateGroup": {"type": "@IsolateGroup", "id": "isolateGroups/6534132917220748", "name": "main.dart", "number": "6534132917220
EXT Extension {"type": "Event", "kind": "Extension", "extensionKind": "Flutter.Frame", "isolateGroup": {"type": "@IsolateGroup", "id": "isolateGroups/6534132917220748", "name": "main.dart", "number": "6534132917220
EXT Extension {"type": "Event", "kind": "Extension", "extensionKind": "Flutter.Frame", "isolateGroup": {"type": "@IsolateGroup", "id": "isolateGroups/6534132917220748", "name": "main.dart", "number": "6534132917220
EXT Extension {"type": "Event", "kind": "Extension", "extensionKind": "Flutter.Frame", "isolateGroup": {"type": "@IsolateGroup", "id": "isolateGroups/6534132917220748", "name": "main.dart", "number": "6534132917220
EXT Extension {"type": "Event", "kind": "Extension", "extensionKind": "Flutter.Frame", "isolateGroup": {"type": "@IsolateGroup", "id": "isolateGroups/6534132917220748", "name": "main.dart", "number": "6534132917220
EXT Extension {"type": "Event", "kind": "Extension", "extensionKind": "Flutter.Frame", "isolateGroup": {"type": "@IsolateGroup", "id": "isolateGroups/6534132917220748", "name": "main.dart", "number": "6534132917220
EXT Extension {"type": "Event", "kind": "Extension", "extensionKind": "Flutter.ImageSizesForFrame", "isolateGroup": {"type": "@IsolateGroup", "id": "isolateGroups/6534132917220748", "name": "main.dart", "number": "
EXT Extension {"type": "Event", "kind": "Extension", "extensionKind": "Flutter.ImageSizesForFrame", "isolateGroup": {"type": "@IsolateGroup", "id": "isolateGroups/6534132917220748", "name": "main.dart", "number": "
EXT Extension {"type": "Event", "kind": "Extension", "extensionKind": "Flutter.Frame", "isolateGroup": {"type": "@IsolateGroup", "id": "isolateGroups/6534132917220748", "name": "main.dart", "number": "6534132917220
EXT Extension {"type": "Event", "kind": "Extension", "extensionKind": "Flutter.Frame", "isolateGroup": {"type": "@IsolateGroup", "id": "isolateGroups/6534132917220748", "name": "main.dart", "number": "6534132917220
EXT Extension {"type": "Event", "kind": "Extension", "extensionKind": "Flutter.Frame", "isolateGroup": {"type": "@IsolateGroup", "id": "isolateGroups/6534132917220748", "name": "main.dart", "number": "6534132917220
EXT Extension {"type": "Event", "kind": "Extension", "extensionKind": "Flutter.Frame", "isolateGroup": {"type": "@IsolateGroup", "id": "isolateGroups/6534132917220748", "name": "main.dart", "number": "6534132917220
EXT Extension {"type": "Event", "kind": "Extension", "extensionKind": "Flutter.Frame", "isolateGroup": {"type": "@IsolateGroup", "id": "isolateGroups/6534132917220748", "name": "main.dart", "number": "6534132917220
EXT Extension {"type": "Event", "kind": "Extension", "extensionKind": "Flutter.Frame", "isolateGroup": {"type": "@IsolateGroup", "id": "isolateGroups/6534132917220748", "name": "main.dart", "number": "6534132917220
EXT Extension {"type": "Event", "kind": "Extension", "extensionKind": "Flutter.Frame", "isolateGroup": {"type": "@IsolateGroup", "id": "isolateGroups/6534132917220748", "name": "main.dart", "number": "6534132917220
EXT Extension {"type": "Event", "kind": "Extension", "extensionKind": "Flutter.Frame", "isolateGroup": {"type": "@IsolateGroup", "id": "isolateGroups/6534132917220748", "name": "main.dart", "number": "6534132917220
EXT Extension {"type": "Event", "kind": "Extension", "extensionKind": "Flutter.Frame", "isolateGroup": {"type": "@IsolateGroup", "id": "isolateGroups/6534132917220748", "name": "main.dart", "number": "6534132917220
EXT Extension {"type": "Event", "kind": "Extension", "extensionKind": "Flutter.Frame", "isolateGroup": {"type": "@IsolateGroup", "id": "isolateGroups/6534132917220748", "name": "main.dart", "number": "6534132917220
EXT Extension {"type": "Event", "kind": "Extension", "extensionKind": "Flutter.Frame", "isolateGroup": {"type": "@IsolateGroup", "id": "isolateGroups/6534132917220748", "name": "main.dart", "number": "6534132917220
EXT Extension {"type": "Event", "kind": "Extension", "extensionKind": "Flutter.Frame", "isolateGroup": {"type": "@IsolateGroup", "id": "isolateGroups/6534132917220748", "name": "main.dart", "number": "6534132917220
EXT Extension {"type": "Event", "kind": "Extension", "extensionKind": "Flutter.Frame", "isolateGroup": {"type": "@IsolateGroup", "id": "isolateGroups/6534132917220748", "name": "main.dart", "number": "6534132917220
EXT Extension {"type": "Event", "kind": "Extension", "extensionKind": "Flutter.Frame", "isolateGroup": {"type": "@IsolateGroup", "id": "isolateGroups/6534132917220748", "name": "main.dart", "number": "6534132917220
EXT Extension {"type": "Event", "kind": "Extension", "extensionKind": "Flutter.Frame", "isolateGroup": {"type": "@IsolateGroup", "id": "isolateGroups/6534132917220748", "name": "main.dart", "number": "6534132917220
EXT Extension {"type": "Event", "kind": "Extension", "extensionKind": "Flutter.Frame", "isolateGroup": {"type": "@IsolateGroup", "id": "isolateGroups/6534132917220748", "name": "main.dart", "number": "6534132917220
EXT Extension {"type": "Event", "kind": "Extension", "extensionKind": "Flutter.Frame", "isolateGroup": {"type": "@IsolateGroup", "id": "isolateGroups/6534132917220748", "name": "main.dart", "number": "6534132917220
EXT Extension {"type": "Event", "kind": "Extension", "extensionKind": "Flutter.Frame", "isolateGroup": {"type": "@IsolateGroup", "id": "isolateGroups/6534132917220748", "name": "main.dart", "number": "6534132917220
EXT Extension {"type": "Event", "kind": "Extension", "extensionKind": "Flutter.Frame", "isolateGroup": {"type": "@IsolateGroup", "id": "isolateGroups/6534132917220748", "name": "main.dart", "number": "6534132917220
EXT Extension {"type": "Event", "kind": "Extension", "extensionKind": "Flutter.Frame", "isolateGroup": {"type": "@IsolateGroup", "id": "isolateGroups/6534132917220748", "name": "main.dart", "number": "6534132917220
EXT Extension {"type": "Event", "kind": "Extension", "extensionKind": "Flutter.Frame", "isolateGroup": {"type": "@IsolateGroup", "id": "isolateGroups/6534132917220748", "name": "main.dart", "number": "6534132917220
EXT Extension {"type": "Event", "kind": "Extension", "extensionKind": "Flutter.Frame", "isolateGroup": {"type": "@IsolateGroup", "id": "isolateGroups/6534132917220748", "name": "main.dart", "number": "6534132917220
EXT Extension {"type": "Event", "kind": "Extension", "extensionKind": "Flutter.Frame", "isolateGroup": {"type": "@IsolateGroup", "id": "isolateGroups/6534132917220748", "name": "main.dart", "number": "6534132917220
EXT Extension {"type": "Event", "kind": "Extension", "extensionKind": "Flutter.Frame", "isolateGroup": {"type": "@IsolateGroup", "id": "isolateGroups/6534132917220748", "name": "main.dart", "number": "6534132917220
EXT Extension {"type": "Event", "kind": "Extension", "extensionKind": "Flutter.Frame", "isolateGroup": {"type": "@IsolateGroup", "id": "isolateGroups/6534132917220748", "name": "main.dart", "number": "6534132917220
EXT Extension {"type": "Event", "kind": "Extension", "extensionKind": "Flutter.Frame", "isolateGroup": {"type": "@IsolateGroup", "id": "isolateGroups/6534132917220748", "name": "main.dart", "number": "6534132917220
EXT Extension {"type": "Event", "kind": "Extension", "extensionKind": "Flutter.Frame", "isolateGroup": {"type": "@IsolateGroup", "id": "isolateGroups/6534132917220748", "name": "main.dart", "number": "6534132917220
EXT Extension {"type": "Event", "kind": "Extension", "extensionKind": "Flutter.Frame", "isolateGroup": {"type": "@IsolateGroup", "id": "isolateGroups/6534132917220748", "name": "main.dart", "number": "6534132917220
EXT Extension {"type": "Event", "kind": "Extension", "extensionKind": "Flutter.Frame", "isolateGroup": {"type": "@IsolateGroup", "id": "isolateGroups/6534132917220748", "name": "main.dart", "number": "6534132917220
EXT Extension {"type": "Event", "kind": "Extension", "extensionKind": "Flutter.Frame", "isolateGroup": {"type": "@IsolateGroup", "id": "isolateGroups/6534132917220748", "name": "main.dart", "number": "6534132917220
EXT Extension {"type": "Event", "kind": "Extension", "extensionKind": "Flutter.Frame", "isolateGroup": {"type": "@IsolateGroup", "id": "isolateGroups/6534132917220748", "name": "main.dart", "number": "6534132917220
EXT Extension {"type": "Event", "kind": "Extension", "extensionKind": "Flutter.Frame", "isolateGroup": {"type": "@IsolateGroup", "id": "isolateGroups/6534132917220748", "name": "main.dart", "number": "6534132917220
EXT Extension {"type": "Event", "kind": "Extension", "extensionKind": "Flutter.Frame", "isolateGroup": {"type": "@IsolateGroup", "id": "isolateGroups/6534132917220748", "name": "main.dart", "number": "6534132917220
EXT Extension {"type": "Event", "kind": "Extension", "extensionKind": "Flutter.Frame", "isolateGroup": {"type": "@IsolateGroup", "id": "isolateGroups/6534132917220748", "name": "main.dart", "number": "6534132917220
EXT Extension {"type": "Event", "kind": "Extension", "extensionKind": "Flutter.Frame", "isolateGroup": {"type": "@IsolateGroup", "id": "isolateGroups/6534132917220748", "name": "main.dart", "number": "6534132917220
EXT Extension {"type": "Event", "kind": "Extension", "extensionKind": "Flutter.ImageSizesForFrame", "isolateGroup": {"type": "@IsolateGroup", "id": "isolateGroups/6534132917220748", "name": "main.dart", "number": "
EXT Extension {"type": "Event", "kind": "Extension", "extensionKind": "Flutter.Frame", "isolateGroup": {"type": "@IsolateGroup", "id": "isolateGroups/6534132917220748", "name": "main.dart", "number": "6534132917220
EXT Extension {"type": "Event", "kind": "Extension", "extensionKind": "Flutter.ImageSizesForFrame", "isolateGroup": {"type": "@IsolateGroup", "id": "isolateGroups/6534132917220748", "name": "main.dart", "number": "
EXT Extension {"type": "Event", "kind": "Extension", "extensionKind": "Flutter.ImageSizesForFrame", "isolateGroup": {"type": "@IsolateGroup", "id": "isolateGroups/6534132917220748", "name": "main.dart", "number": "
EXT Extension {"type": "Event", "kind": "Extension", "extensionKind": "Flutter.ImageSizesForFrame", "isolateGroup": {"type": "@IsolateGroup", "id": "isolateGroups/6534132917220748", "name": "main.dart", "number": "
EXT Extension {"type": "Event", "kind": "Extension", "extensionKind": "Flutter.ImageSizesForFrame", "isolateGroup": {"type": "@IsolateGroup", "id": "isolateGroups/6534132917220748", "name": "main.dart", "number": "
EXT Extension {"type": "Event", "kind": "Extension", "extensionKind": "Flutter.Frame", "isolateGroup": {"type": "@IsolateGroup", "id": "isolateGroups/6534132917220748", "name": "main.dart", "number": "6534132917220
EXT Extension {"type": "Event", "kind": "Extension", "extensionKind": "Flutter.Frame", "isolateGroup": {"type": "@IsolateGroup", "id": "isolateGroups/6534132917220748", "name": "main.dart", "number": "6534132917220
EXT Extension {"type": "Event", "kind": "Extension", "extensionKind": "Flutter.Frame", "isolateGroup": {"type": "@IsolateGroup", "id": "isolateGroups/6534132917220748", "name": "main.dart", "number": "6534132917220
EXT Extension {"type": "Event", "kind": "Extension", "extensionKind": "Flutter.Frame", "isolateGroup": {"type": "@IsolateGroup", "id": "isolateGroups/6534132917220748", "name": "main.dart", "number": "6534132917220
EXT Extension {"type": "Event", "kind": "Extension", "extensionKind": "Flutter.Frame", "isolateGroup": {"type": "@IsolateGroup", "id": "isolateGroups/6534132917220748", "name": "main.dart", "number": "6534132917220
EXT Extension {"type": "Event", "kind": "Extension", "extensionKind": "Flutter.Frame", "isolateGroup": {"type": "@IsolateGroup", "id": "isolateGroups/6534132917220748", "name": "main.dart", "number": "6534132917220
EXT Extension {"type": "Event", "kind": "Extension", "extensionKind": "Flutter.Frame", "isolateGroup": {"type": "@IsolateGroup", "id": "isolateGroups/6534132917220748", "name": "main.dart", "number": "6534132917220
EXT Extension {"type": "Event", "kind": "Extension", "extensionKind": "Flutter.Frame", "isolateGroup": {"type": "@IsolateGroup", "id": "isolateGroups/6534132917220748", "name": "main.dart", "number": "6534132917220
EXT Extension {"type": "Event", "kind": "Extension", "extensionKind": "Flutter.Frame", "isolateGroup": {"type": "@IsolateGroup", "id": "isolateGroups/6534132917220748", "name": "main.dart", "number": "6534132917220
EXT Extension {"type": "Event", "kind": "Extension", "extensionKind": "Flutter.Frame", "isolateGroup": {"type": "@IsolateGroup", "id": "isolateGroups/6534132917220748", "name": "main.dart", "number": "6534132917220
EXT Extension {"type": "Event", "kind": "Extension", "extensionKind": "Flutter.Frame", "isolateGroup": {"type": "@IsolateGroup", "id": "isolateGroups/6534132917220748", "name": "main.dart", "number": "6534132917220
EXT Extension {"type": "Event", "kind": "Extension", "extensionKind": "Flutter.Frame", "isolateGroup": {"type": "@IsolateGroup", "id": "isolateGroups/6534132917220748", "name": "main.dart", "number": "6534132917220
EXT Extension {"type": "Event", "kind": "Extension", "extensionKind": "Flutter.Frame", "isolateGroup": {"type": "@IsolateGroup", "id": "isolateGroups/6534132917220748", "name": "main.dart", "number": "6534132917220
EXT Extension {"type": "Event", "kind": "Extension", "extensionKind": "Flutter.Frame", "isolateGroup": {"type": "@IsolateGroup", "id": "isolateGroups/6534132917220748", "name": "main.dart", "number": "6534132917220
EXT Extension {"type": "Event", "kind": "Extension", "extensionKind": "Flutter.Frame", "isolateGroup": {"type": "@IsolateGroup", "id": "isolateGroups/6534132917220748", "name": "main.dart", "number": "6534132917220
EXT Extension {"type": "Event", "kind": "Extension", "extensionKind": "Flutter.Frame", "isolateGroup": {"type": "@IsolateGroup", "id": "isolateGroups/6534132917220748", "name": "main.dart", "number": "6534132917220
EXT Extension {"type": "Event", "kind": "Extension", "extensionKind": "Flutter.Frame", "isolateGroup": {"type": "@IsolateGroup", "id": "isolateGroups/6534132917220748", "name": "main.dart", "number": "6534132917220
EXT Extension {"type": "Event", "kind": "Extension", "extensionKind": "Flutter.Frame", "isolateGroup": {"type": "@IsolateGroup", "id": "isolateGroups/6534132917220748", "name": "main.dart", "number": "6534132917220
EXT Extension {"type": "Event", "kind": "Extension", "extensionKind": "Flutter.Frame", "isolateGroup": {"type": "@IsolateGroup", "id": "isolateGroups/6534132917220748", "name": "main.dart", "number": "6534132917220
EXT Extension {"type": "Event", "kind": "Extension", "extensionKind": "Flutter.Frame", "isolateGroup": {"type": "@IsolateGroup", "id": "isolateGroups/6534132917220748", "name": "main.dart", "number": "6534132917220
EXT Extension {"type": "Event", "kind": "Extension", "extensionKind": "Flutter.Frame", "isolateGroup": {"type": "@IsolateGroup", "id": "isolateGroups/6534132917220748", "name": "main.dart", "number": "6534132917220
EXT Extension {"type": "Event", "kind": "Extension", "extensionKind": "Flutter.Frame", "isolateGroup": {"type": "@IsolateGroup", "id": "isolateGroups/6534132917220748", "name": "main.dart", "number": "6534132917220
EXT Extension {"type": "Event", "kind": "Extension", "extensionKind": "Flutter.Frame", "isolateGroup": {"type": "@IsolateGroup", "id": "isolateGroups/6534132917220748", "name": "main.dart", "number": "6534132917220
EXT Extension {"type": "Event", "kind": "Extension", "extensionKind": "Flutter.Frame", "isolateGroup": {"type": "@IsolateGroup", "id": "isolateGroups/6534132917220748", "name": "main.dart", "number": "6534132917220
EXT Extension {"type": "Event", "kind": "Extension", "extensionKind": "Flutter.Frame", "isolateGroup": {"type": "@IsolateGroup", "id": "isolateGroups/6534132917220748", "name": "main.dart", "number": "6534132917220
EXT Extension {"type": "Event", "kind": "Extension", "extensionKind": "Flutter.Frame", "isolateGroup": {"type": "@IsolateGroup", "id": "isolateGroups/6534132917220748", "name": "main.dart", "number": "6534132917220
EXT Extension {"type": "Event", "kind": "Extension", "extensionKind": "Flutter.Frame", "isolateGroup": {"type": "@IsolateGroup", "id": "isolateGroups/6534132917220748", "name": "main.dart", "number": "6534132917220
EXT Extension {"type": "Event", "kind": "Extension", "extensionKind": "Flutter.Frame", "isolateGroup": {"type": "@IsolateGroup", "id": "isolateGroups/6534132917220748", "name": "main.dart", "number": "6534132917220
EXT Extension {"type": "Event", "kind": "Extension", "extensionKind": "Flutter.Frame", "isolateGroup": {"type": "@IsolateGroup", "id": "isolateGroups/6534132917220748", "name": "main.dart", "number": "6534132917220
EXT Extension {"type": "Event", "kind": "Extension", "extensionKind": "Flutter.Frame", "isolateGroup": {"type": "@IsolateGroup", "id": "isolateGroups/6534132917220748", "name": "main.dart", "number": "6534132917220
EXT Extension {"type": "Event", "kind": "Extension", "extensionKind": "Flutter.Frame", "isolateGroup": {"type": "@IsolateGroup", "id": "isolateGroups/6534132917220748", "name": "main.dart", "number": "6534132917220
EXT Extension {"type": "Event", "kind": "Extension", "extensionKind": "Flutter.Frame", "isolateGroup": {"type": "@IsolateGroup", "id": "isolateGroups/6534132917220748", "name": "main.dart", "number": "6534132917220
EXT Extension {"type": "Event", "kind": "Extension", "extensionKind": "Flutter.Frame", "isolateGroup": {"type": "@IsolateGroup", "id": "isolateGroups/6534132917220748", "name": "main.dart", "number": "6534132917220
EXT Extension {"type": "Event", "kind": "Extension", "extensionKind": "Flutter.Frame", "isolateGroup": {"type": "@IsolateGroup", "id": "isolateGroups/6534132917220748", "name": "main.dart", "number": "6534132917220
EXT Extension {"type": "Event", "kind": "Extension", "extensionKind": "Flutter.Frame", "isolateGroup": {"type": "@IsolateGroup", "id": "isolateGroups/6534132917220748", "name": "main.dart", "number": "6534132917220
EXT Extension {"type": "Event", "kind": "Extension", "extensionKind": "Flutter.Frame", "isolateGroup": {"type": "@IsolateGroup", "id": "isolateGroups/6534132917220748", "name": "main.dart", "number": "6534132917220
EXT Extension {"type": "Event", "kind": "Extension", "extensionKind": "Flutter.Frame", "isolateGroup": {"type": "@IsolateGroup", "id": "isolateGroups/6534132917220748", "name": "main.dart", "number": "6534132917220
EXT Extension {"type": "Event", "kind": "Extension", "extensionKind": "Flutter.Frame", "isolateGroup": {"type": "@IsolateGroup", "id": "isolateGroups/6534132917220748", "name": "main.dart", "number": "6534132917220
EXT Extension {"type": "Event", "kind": "Extension", "extensionKind": "Flutter.Frame", "isolateGroup": {"type": "@IsolateGroup", "id": "isolateGroups/6534132917220748", "name": "main.dart", "number": "6534132917220
EXT Extension {"type": "Event", "kind": "Extension", "extensionKind": "Flutter.Frame", "isolateGroup": {"type": "@IsolateGroup", "id": "isolateGroups/6534132917220748", "name": "main.dart", "number": "6534132917220
EXT Extension {"type": "Event", "kind": "Extension", "extensionKind": "Flutter.Frame", "isolateGroup": {"type": "@IsolateGroup", "id": "isolateGroups/6534132917220748", "name": "main.dart", "number": "6534132917220
EXT Extension {"type": "Event", "kind": "Extension", "extensionKind": "Flutter.Frame", "isolateGroup": {"type": "@IsolateGroup", "id": "isolateGroups/6534132917220748", "name": "main.dart", "number": "6534132917220
EXT Extension {"type": "Event", "kind": "Extension", "extensionKind": "Flutter.Frame", "isolateGroup": {"type": "@IsolateGroup", "id": "isolateGroups/6534132917220748", "name": "main.dart", "number": "6534132917220
EXT Extension {"type": "Event", "kind": "Extension", "extensionKind": "Flutter.Frame", "isolateGroup": {"type": "@IsolateGroup", "id": "isolateGroups/6534132917220748", "name": "main.dart", "number": "6534132917220
EXT Extension {"type": "Event", "kind": "Extension", "extensionKind": "Flutter.Frame", "isolateGroup": {"type": "@IsolateGroup", "id": "isolateGroups/6534132917220748", "name": "main.dart", "number": "6534132917220
EXT Extension {"type": "Event", "kind": "Extension", "extensionKind": "Flutter.Frame", "isolateGroup": {"type": "@IsolateGroup", "id": "isolateGroups/6534132917220748", "name": "main.dart", "number": "6534132917220
EXT Extension {"type": "Event", "kind": "Extension", "extensionKind": "Flutter.Frame", "isolateGroup": {"type": "@IsolateGroup", "id": "isolateGroups/6534132917220748", "name": "main.dart", "number": "6534132917220
EXT Extension {"type": "Event", "kind": "Extension", "extensionKind": "Flutter.Frame", "isolateGroup": {"type": "@IsolateGroup", "id": "isolateGroups/6534132917220748", "name": "main.dart", "number": "6534132917220
EXT Extension {"type": "Event", "kind": "Extension", "extensionKind": "Flutter.Frame", "isolateGroup": {"type": "@IsolateGroup", "id": "isolateGroups/6534132917220748", "name": "main.dart", "number": "6534132917220
EXT Extension {"type": "Event", "kind": "Extension", "extensionKind": "Flutter.ImageSizesForFrame", "isolateGroup": {"type": "@IsolateGroup", "id": "isolateGroups/6534132917220748", "name": "main.dart", "number": "
EXT Extension {"type": "Event", "kind": "Extension", "extensionKind": "Flutter.ImageSizesForFrame", "isolateGroup": {"type": "@IsolateGroup", "id": "isolateGroups/6534132917220748", "name": "main.dart", "number": "
EXT Extension {"type": "Event", "kind": "Extension", "extensionKind": "Flutter.Frame", "isolateGroup": {"type": "@IsolateGroup", "id": "isolateGroups/6534132917220748", "name": "main.dart", "number": "6534132917220
EXT Extension {"type": "Event", "kind": "Extension", "extensionKind": "Flutter.Frame", "isolateGroup": {"type": "@IsolateGroup", "id": "isolateGroups/6534132917220748", "name": "main.dart", "number": "6534132917220
EXT Extension {"type": "Event", "kind": "Extension", "extensionKind": "Flutter.Frame", "isolateGroup": {"type": "@IsolateGroup", "id": "isolateGroups/6534132917220748", "name": "main.dart", "number": "6534132917220
EXT Extension {"type": "Event", "kind": "Extension", "extensionKind": "Flutter.Frame", "isolateGroup": {"type": "@IsolateGroup", "id": "isolateGroups/6534132917220748", "name": "main.dart", "number": "6534132917220
EXT Extension {"type": "Event", "kind": "Extension", "extensionKind": "Flutter.Frame", "isolateGroup": {"type": "@IsolateGroup", "id": "isolateGroups/6534132917220748", "name": "main.dart", "number": "6534132917220
EXT Extension {"type": "Event", "kind": "Extension", "extensionKind": "Flutter.Frame", "isolateGroup": {"type": "@IsolateGroup", "id": "isolateGroups/6534132917220748", "name": "main.dart", "number": "6534132917220
EXT Extension {"type": "Event", "kind": "Extension", "extensionKind": "Flutter.Frame", "isolateGroup": {"type": "@IsolateGroup", "id": "isolateGroups/6534132917220748", "name": "main.dart", "number": "6534132917220
EXT Extension {"type": "Event", "kind": "Extension", "extensionKind": "Flutter.Frame", "isolateGroup": {"type": "@IsolateGroup", "id": "isolateGroups/6534132917220748", "name": "main.dart", "number": "6534132917220
EXT Extension {"type": "Event", "kind": "Extension", "extensionKind": "Flutter.Frame", "isolateGroup": {"type": "@IsolateGroup", "id": "isolateGroups/6534132917220748", "name": "main.dart", "number": "6534132917220
EXT Extension {"type": "Event", "kind": "Extension", "extensionKind": "Flutter.Frame", "isolateGroup": {"type": "@IsolateGroup", "id": "isolateGroups/6534132917220748", "name": "main.dart", "number": "6534132917220
EXT Extension {"type": "Event", "kind": "Extension", "extensionKind": "Flutter.Frame", "isolateGroup": {"type": "@IsolateGroup", "id": "isolateGroups/6534132917220748", "name": "main.dart", "number": "6534132917220
EXT Extension {"type": "Event", "kind": "Extension", "extensionKind": "Flutter.Frame", "isolateGroup": {"type": "@IsolateGroup", "id": "isolateGroups/6534132917220748", "name": "main.dart", "number": "6534132917220
EXT Extension {"type": "Event", "kind": "Extension", "extensionKind": "Flutter.Frame", "isolateGroup": {"type": "@IsolateGroup", "id": "isolateGroups/6534132917220748", "name": "main.dart", "number": "6534132917220
EXT Extension {"type": "Event", "kind": "Extension", "extensionKind": "Flutter.Frame", "isolateGroup": {"type": "@IsolateGroup", "id": "isolateGroups/6534132917220748", "name": "main.dart", "number": "6534132917220
EXT Extension {"type": "Event", "kind": "Extension", "extensionKind": "Flutter.Frame", "isolateGroup": {"type": "@IsolateGroup", "id": "isolateGroups/6534132917220748", "name": "main.dart", "number": "6534132917220
EXT Extension {"type": "Event", "kind": "Extension", "extensionKind": "Flutter.Frame", "isolateGroup": {"type": "@IsolateGroup", "id": "isolateGroups/6534132917220748", "name": "main.dart", "number": "6534132917220
EXT Extension {"type": "Event", "kind": "Extension", "extensionKind": "Flutter.Frame", "isolateGroup": {"type": "@IsolateGroup", "id": "isolateGroups/6534132917220748", "name": "main.dart", "number": "6534132917220
EXT Extension {"type": "Event", "kind": "Extension", "extensionKind": "Flutter.Frame", "isolateGroup": {"type": "@IsolateGroup", "id": "isolateGroups/6534132917220748", "name": "main.dart", "number": "6534132917220
EXT Extension {"type": "Event", "kind": "Extension", "extensionKind": "Flutter.Frame", "isolateGroup": {"type": "@IsolateGroup", "id": "isolateGroups/6534132917220748", "name": "main.dart", "number": "6534132917220
EXT Extension {"type": "Event", "kind": "Extension", "extensionKind": "Flutter.Frame", "isolateGroup": {"type": "@IsolateGroup", "id": "isolateGroups/6534132917220748", "name": "main.dart", "number": "6534132917220
EXT Extension {"type": "Event", "kind": "Extension", "extensionKind": "Flutter.Frame", "isolateGroup": {"type": "@IsolateGroup", "id": "isolateGroups/6534132917220748", "name": "main.dart", "number": "6534132917220
EXT Extension {"type": "Event", "kind": "Extension", "extensionKind": "Flutter.Frame", "isolateGroup": {"type": "@IsolateGroup", "id": "isolateGroups/6534132917220748", "name": "main.dart", "number": "6534132917220
EXT Extension {"type": "Event", "kind": "Extension", "extensionKind": "Flutter.Frame", "isolateGroup": {"type": "@IsolateGroup", "id": "isolateGroups/6534132917220748", "name": "main.dart", "number": "6534132917220
EXT Extension {"type": "Event", "kind": "Extension", "extensionKind": "Flutter.Frame", "isolateGroup": {"type": "@IsolateGroup", "id": "isolateGroups/6534132917220748", "name": "main.dart", "number": "6534132917220
EXT Extension {"type": "Event", "kind": "Extension", "extensionKind": "Flutter.Frame", "isolateGroup": {"type": "@IsolateGroup", "id": "isolateGroups/6534132917220748", "name": "main.dart", "number": "6534132917220
EXT Extension {"type": "Event", "kind": "Extension", "extensionKind": "Flutter.Frame", "isolateGroup": {"type": "@IsolateGroup", "id": "isolateGroups/6534132917220748", "name": "main.dart", "number": "6534132917220
EXT Extension {"type": "Event", "kind": "Extension", "extensionKind": "Flutter.Frame", "isolateGroup": {"type": "@IsolateGroup", "id": "isolateGroups/6534132917220748", "name": "main.dart", "number": "6534132917220
EXT Extension {"type": "Event", "kind": "Extension", "extensionKind": "Flutter.Frame", "isolateGroup": {"type": "@IsolateGroup", "id": "isolateGroups/6534132917220748", "name": "main.dart", "number": "6534132917220
EXT Extension {"type": "Event", "kind": "Extension", "extensionKind": "Flutter.Frame", "isolateGroup": {"type": "@IsolateGroup", "id": "isolateGroups/6534132917220748", "name": "main.dart", "number": "6534132917220
EXT Extension {"type": "Event", "kind": "Extension", "extensionKind": "Flutter.Frame", "isolateGroup": {"type": "@IsolateGroup", "id": "isolateGroups/6534132917220748", "name": "main.dart", "number": "6534132917220
EXT Extension {"type": "Event", "kind": "Extension", "extensionKind": "Flutter.Frame", "isolateGroup": {"type": "@IsolateGroup", "id": "isolateGroups/6534132917220748", "name": "main.dart", "number": "6534132917220
EXT Extension {"type": "Event", "kind": "Extension", "extensionKind": "Flutter.Frame", "isolateGroup": {"type": "@IsolateGroup", "id": "isolateGroups/6534132917220748", "name": "main.dart", "number": "6534132917220
EXT Extension {"type": "Event", "kind": "Extension", "extensionKind": "Flutter.Frame", "isolateGroup": {"type": "@IsolateGroup", "id": "isolateGroups/6534132917220748", "name": "main.dart", "number": "6534132917220
EXT Extension {"type": "Event", "kind": "Extension", "extensionKind": "Flutter.Frame", "isolateGroup": {"type": "@IsolateGroup", "id": "isolateGroups/6534132917220748", "name": "main.dart", "number": "6534132917220
EXT Extension {"type": "Event", "kind": "Extension", "extensionKind": "Flutter.Frame", "isolateGroup": {"type": "@IsolateGroup", "id": "isolateGroups/6534132917220748", "name": "main.dart", "number": "6534132917220
EXT Extension {"type": "Event", "kind": "Extension", "extensionKind": "Flutter.Frame", "isolateGroup": {"type": "@IsolateGroup", "id": "isolateGroups/6534132917220748", "name": "main.dart", "number": "6534132917220
EXT Extension {"type": "Event", "kind": "Extension", "extensionKind": "Flutter.Frame", "isolateGroup": {"type": "@IsolateGroup", "id": "isolateGroups/6534132917220748", "name": "main.dart", "number": "6534132917220
EXT Extension {"type": "Event", "kind": "Extension", "extensionKind": "Flutter.Frame", "isolateGroup": {"type": "@IsolateGroup", "id": "isolateGroups/6534132917220748", "name": "main.dart", "number": "6534132917220
EXT Extension {"type": "Event", "kind": "Extension", "extensionKind": "Flutter.Frame", "isolateGroup": {"type": "@IsolateGroup", "id": "isolateGroups/6534132917220748", "name": "main.dart", "number": "6534132917220
EXT Extension {"type": "Event", "kind": "Extension", "extensionKind": "Flutter.Frame", "isolateGroup": {"type": "@IsolateGroup", "id": "isolateGroups/6534132917220748", "name": "main.dart", "number": "6534132917220
EXT Extension {"type": "Event", "kind": "Extension", "extensionKind": "Flutter.Frame", "isolateGroup": {"type": "@IsolateGroup", "id": "isolateGroups/6534132917220748", "name": "main.dart", "number": "6534132917220
EXT Extension {"type": "Event", "kind": "Extension", "extensionKind": "Flutter.Frame", "isolateGroup": {"type": "@IsolateGroup", "id": "isolateGroups/6534132917220748", "name": "main.dart", "number": "6534132917220
EXT Extension {"type": "Event", "kind": "Extension", "extensionKind": "Flutter.Frame", "isolateGroup": {"type": "@IsolateGroup", "id": "isolateGroups/6534132917220748", "name": "main.dart", "number": "6534132917220
EXT Extension {"type": "Event", "kind": "Extension", "extensionKind": "Flutter.Frame", "isolateGroup": {"type": "@IsolateGroup", "id": "isolateGroups/6534132917220748", "name": "main.dart", "number": "6534132917220
EXT Extension {"type": "Event", "kind": "Extension", "extensionKind": "Flutter.Frame", "isolateGroup": {"type": "@IsolateGroup", "id": "isolateGroups/6534132917220748", "name": "main.dart", "number": "6534132917220
EXT Extension {"type": "Event", "kind": "Extension", "extensionKind": "Flutter.Frame", "isolateGroup": {"type": "@IsolateGroup", "id": "isolateGroups/6534132917220748", "name": "main.dart", "number": "6534132917220
EXT Extension {"type": "Event", "kind": "Extension", "extensionKind": "Flutter.Frame", "isolateGroup": {"type": "@IsolateGroup", "id": "isolateGroups/6534132917220748", "name": "main.dart", "number": "6534132917220
EXT Extension {"type": "Event", "kind": "Extension", "extensionKind": "Flutter.Frame", "isolateGroup": {"type": "@IsolateGroup", "id": "isolateGroups/6534132917220748", "name": "main.dart", "number": "6534132917220
EXT Extension {"type": "Event", "kind": "Extension", "extensionKind": "Flutter.Frame", "isolateGroup": {"type": "@IsolateGroup", "id": "isolateGroups/6534132917220748", "name": "main.dart", "number": "6534132917220
EXT Extension {"type": "Event", "kind": "Extension", "extensionKind": "Flutter.Frame", "isolateGroup": {"type": "@IsolateGroup", "id": "isolateGroups/6534132917220748", "name": "main.dart", "number": "6534132917220
EXT Extension {"type": "Event", "kind": "Extension", "extensionKind": "Flutter.Frame", "isolateGroup": {"type": "@IsolateGroup", "id": "isolateGroups/6534132917220748", "name": "main.dart", "number": "6534132917220
EXT Extension {"type": "Event", "kind": "Extension", "extensionKind": "Flutter.Frame", "isolateGroup": {"type": "@IsolateGroup", "id": "isolateGroups/6534132917220748", "name": "main.dart", "number": "6534132917220
EXT Extension {"type": "Event", "kind": "Extension", "extensionKind": "Flutter.Frame", "isolateGroup": {"type": "@IsolateGroup", "id": "isolateGroups/6534132917220748", "name": "main.dart", "number": "6534132917220
EXT Extension {"type": "Event", "kind": "Extension", "extensionKind": "Flutter.Frame", "isolateGroup": {"type": "@IsolateGroup", "id": "isolateGroups/6534132917220748", "name": "main.dart", "number": "6534132917220
EXT Extension {"type": "Event", "kind": "Extension", "extensionKind": "Flutter.Frame", "isolateGroup": {"type": "@IsolateGroup", "id": "isolateGroups/6534132917220748", "name": "main.dart", "number": "6534132917220
EXT Extension {"type": "Event", "kind": "Extension", "extensionKind": "Flutter.Frame", "isolateGroup": {"type": "@IsolateGroup", "id": "isolateGroups/6534132917220748", "name": "main.dart", "number": "6534132917220
EXT Extension {"type": "Event", "kind": "Extension", "extensionKind": "Flutter.Frame", "isolateGroup": {"type": "@IsolateGroup", "id": "isolateGroups/6534132917220748", "name": "main.dart", "number": "6534132917220
EXT Extension {"type": "Event", "kind": "Extension", "extensionKind": "Flutter.Frame", "isolateGroup": {"type": "@IsolateGroup", "id": "isolateGroups/6534132917220748", "name": "main.dart", "number": "6534132917220
EXT Extension {"type": "Event", "kind": "Extension", "extensionKind": "Flutter.Frame", "isolateGroup": {"type": "@IsolateGroup", "id": "isolateGroups/6534132917220748", "name": "main.dart", "number": "6534132917220
EXT Extension {"type": "Event", "kind": "Extension", "extensionKind": "Flutter.Frame", "isolateGroup": {"type": "@IsolateGroup", "id": "isolateGroups/6534132917220748", "name": "main.dart", "number": "6534132917220
EXT Extension {"type": "Event", "kind": "Extension", "extensionKind": "Flutter.Frame", "isolateGroup": {"type": "@IsolateGroup", "id": "isolateGroups/6534132917220748", "name": "main.dart", "number": "6534132917220
EXT Extension {"type": "Event", "kind": "Extension", "extensionKind": "Flutter.Frame", "isolateGroup": {"type": "@IsolateGroup", "id": "isolateGroups/6534132917220748", "name": "main.dart", "number": "6534132917220
EXT Extension {"type": "Event", "kind": "Extension", "extensionKind": "Flutter.Frame", "isolateGroup": {"type": "@IsolateGroup", "id": "isolateGroups/6534132917220748", "name": "main.dart", "number": "6534132917220
EXT Extension {"type": "Event", "kind": "Extension", "extensionKind": "Flutter.Frame", "isolateGroup": {"type": "@IsolateGroup", "id": "isolateGroups/6534132917220748", "name": "main.dart", "number": "6534132917220
EXT Extension {"type": "Event", "kind": "Extension", "extensionKind": "Flutter.Frame", "isolateGroup": {"type": "@IsolateGroup", "id": "isolateGroups/6534132917220748", "name": "main.dart", "number": "6534132917220
EXT Extension {"type": "Event", "kind": "Extension", "extensionKind": "Flutter.Frame", "isolateGroup": {"type": "@IsolateGroup", "id": "isolateGroups/6534132917220748", "name": "main.dart", "number": "6534132917220
EXT Extension {"type": "Event", "kind": "Extension", "extensionKind": "Flutter.Frame", "isolateGroup": {"type": "@IsolateGroup", "id": "isolateGroups/6534132917220748", "name": "main.dart", "number": "6534132917220
EXT Extension {"type": "Event", "kind": "Extension", "extensionKind": "Flutter.Frame", "isolateGroup": {"type": "@IsolateGroup", "id": "isolateGroups/6534132917220748", "name": "main.dart", "number": "6534132917220
EXT Extension {"type": "Event", "kind": "Extension", "extensionKind": "Flutter.Frame", "isolateGroup": {"type": "@IsolateGroup", "id": "isolateGroups/6534132917220748", "name": "main.dart", "number": "6534132917220
EXT Extension {"type": "Event", "kind": "Extension", "extensionKind": "Flutter.Frame", "isolateGroup": {"type": "@IsolateGroup", "id": "isolateGroups/6534132917220748", "name": "main.dart", "number": "6534132917220
EXT Extension {"type": "Event", "kind": "Extension", "extensionKind": "Flutter.Frame", "isolateGroup": {"type": "@IsolateGroup", "id": "isolateGroups/6534132917220748", "name": "main.dart", "number": "6534132917220
EXT Extension {"type": "Event", "kind": "Extension", "extensionKind": "Flutter.Frame", "isolateGroup": {"type": "@IsolateGroup", "id": "isolateGroups/6534132917220748", "name": "main.dart", "number": "6534132917220
EXT Extension {"type": "Event", "kind": "Extension", "extensionKind": "Flutter.Frame", "isolateGroup": {"type": "@IsolateGroup", "id": "isolateGroups/6534132917220748", "name": "main.dart", "number": "6534132917220
EXT Extension {"type": "Event", "kind": "Extension", "extensionKind": "Flutter.Frame", "isolateGroup": {"type": "@IsolateGroup", "id": "isolateGroups/6534132917220748", "name": "main.dart", "number": "6534132917220
EXT Extension {"type": "Event", "kind": "Extension", "extensionKind": "Flutter.Frame", "isolateGroup": {"type": "@IsolateGroup", "id": "isolateGroups/6534132917220748", "name": "main.dart", "number": "6534132917220
EXT Extension {"type": "Event", "kind": "Extension", "extensionKind": "Flutter.Frame", "isolateGroup": {"type": "@IsolateGroup", "id": "isolateGroups/6534132917220748", "name": "main.dart", "number": "6534132917220
EXT Extension {"type": "Event", "kind": "Extension", "extensionKind": "Flutter.Frame", "isolateGroup": {"type": "@IsolateGroup", "id": "isolateGroups/6534132917220748", "name": "main.dart", "number": "6534132917220
EXT Extension {"type": "Event", "kind": "Extension", "extensionKind": "Flutter.Frame", "isolateGroup": {"type": "@IsolateGroup", "id": "isolateGroups/6534132917220748", "name": "main.dart", "number": "6534132917220
EXT Extension {"type": "Event", "kind": "Extension", "extensionKind": "Flutter.Frame", "isolateGroup": {"type": "@IsolateGroup", "id": "isolateGroups/6534132917220748", "name": "main.dart", "number": "6534132917220
EXT Extension {"type": "Event", "kind": "Extension", "extensionKind": "Flutter.Frame", "isolateGroup": {"type": "@IsolateGroup", "id": "isolateGroups/6534132917220748", "name": "main.dart", "number": "6534132917220
EXT Extension {"type": "Event", "kind": "Extension", "extensionKind": "Flutter.Frame", "isolateGroup": {"type": "@IsolateGroup", "id": "isolateGroups/6534132917220748", "name": "main.dart", "number": "6534132917220
EXT Extension {"type": "Event", "kind": "Extension", "extensionKind": "Flutter.Frame", "isolateGroup": {"type": "@IsolateGroup", "id": "isolateGroups/6534132917220748", "name": "main.dart", "number": "6534132917220
EXT Extension {"type": "Event", "kind": "Extension", "extensionKind": "Flutter.Frame", "isolateGroup": {"type": "@IsolateGroup", "id": "isolateGroups/6534132917220748", "name": "main.dart", "number": "6534132917220
EXT Extension {"type": "Event", "kind": "Extension", "extensionKind": "Flutter.Frame", "isolateGroup": {"type": "@IsolateGroup", "id": "isolateGroups/6534132917220748", "name": "main.dart", "number": "6534132917220
EXT Extension {"type": "Event", "kind": "Extension", "extensionKind": "Flutter.Frame", "isolateGroup": {"type": "@IsolateGroup", "id": "isolateGroups/6534132917220748", "name": "main.dart", "number": "6534132917220
EXT Extension {"type": "Event", "kind": "Extension", "extensionKind": "Flutter.Frame", "isolateGroup": {"type": "@IsolateGroup", "id": "isolateGroups/6534132917220748", "name": "main.dart", "number": "6534132917220
EXT Extension {"type": "Event", "kind": "Extension", "extensionKind": "Flutter.ImageSizesForFrame", "isolateGroup": {"type": "@IsolateGroup", "id": "isolateGroups/6534132917220748", "name": "main.dart", "number": "
EXT Extension {"type": "Event", "kind": "Extension", "extensionKind": "Flutter.ImageSizesForFrame", "isolateGroup": {"type": "@IsolateGroup", "id": "isolateGroups/6534132917220748", "name": "main.dart", "number": "
EXT Extension {"type": "Event", "kind": "Extension", "extensionKind": "Flutter.ImageSizesForFrame", "isolateGroup": {"type": "@IsolateGroup", "id": "isolateGroups/6534132917220748", "name": "main.dart", "number": "
EXT Extension {"type": "Event", "kind": "Extension", "extensionKind": "Flutter.Frame", "isolateGroup": {"type": "@IsolateGroup", "id": "isolateGroups/6534132917220748", "name": "main.dart", "number": "6534132917220
EXT Extension {"type": "Event", "kind": "Extension", "extensionKind": "Flutter.Frame", "isolateGroup": {"type": "@IsolateGroup", "id": "isolateGroups/6534132917220748", "name": "main.dart", "number": "6534132917220
EXT Extension {"type": "Event", "kind": "Extension", "extensionKind": "Flutter.Frame", "isolateGroup": {"type": "@IsolateGroup", "id": "isolateGroups/6534132917220748", "name": "main.dart", "number": "6534132917220
EXT Extension {"type": "Event", "kind": "Extension", "extensionKind": "Flutter.Frame", "isolateGroup": {"type": "@IsolateGroup", "id": "isolateGroups/6534132917220748", "name": "main.dart", "number": "6534132917220
EXT Extension {"type": "Event", "kind": "Extension", "extensionKind": "Flutter.Frame", "isolateGroup": {"type": "@IsolateGroup", "id": "isolateGroups/6534132917220748", "name": "main.dart", "number": "6534132917220
EXT Extension {"type": "Event", "kind": "Extension", "extensionKind": "Flutter.Frame", "isolateGroup": {"type": "@IsolateGroup", "id": "isolateGroups/6534132917220748", "name": "main.dart", "number": "6534132917220
EXT Extension {"type": "Event", "kind": "Extension", "extensionKind": "Flutter.Frame", "isolateGroup": {"type": "@IsolateGroup", "id": "isolateGroups/6534132917220748", "name": "main.dart", "number": "6534132917220
EXT Extension {"type": "Event", "kind": "Extension", "extensionKind": "Flutter.Frame", "isolateGroup": {"type": "@IsolateGroup", "id": "isolateGroups/6534132917220748", "name": "main.dart", "number": "6534132917220
EXT Extension {"type": "Event", "kind": "Extension", "extensionKind": "Flutter.Frame", "isolateGroup": {"type": "@IsolateGroup", "id": "isolateGroups/6534132917220748", "name": "main.dart", "number": "6534132917220
EXT Extension {"type": "Event", "kind": "Extension", "extensionKind": "Flutter.Frame", "isolateGroup": {"type": "@IsolateGroup", "id": "isolateGroups/6534132917220748", "name": "main.dart", "number": "6534132917220
EXT Extension {"type": "Event", "kind": "Extension", "extensionKind": "Flutter.Frame", "isolateGroup": {"type": "@IsolateGroup", "id": "isolateGroups/6534132917220748", "name": "main.dart", "number": "6534132917220
EXT Extension {"type": "Event", "kind": "Extension", "extensionKind": "Flutter.Frame", "isolateGroup": {"type": "@IsolateGroup", "id": "isolateGroups/6534132917220748", "name": "main.dart", "number": "6534132917220
EXT Extension {"type": "Event", "kind": "Extension", "extensionKind": "Flutter.Frame", "isolateGroup": {"type": "@IsolateGroup", "id": "isolateGroups/6534132917220748", "name": "main.dart", "number": "6534132917220
EXT Extension {"type": "Event", "kind": "Extension", "extensionKind": "Flutter.Frame", "isolateGroup": {"type": "@IsolateGroup", "id": "isolateGroups/6534132917220748", "name": "main.dart", "number": "6534132917220
EXT Extension {"type": "Event", "kind": "Extension", "extensionKind": "Flutter.Frame", "isolateGroup": {"type": "@IsolateGroup", "id": "isolateGroups/6534132917220748", "name": "main.dart", "number": "6534132917220
EXT Extension {"type": "Event", "kind": "Extension", "extensionKind": "Flutter.Frame", "isolateGroup": {"type": "@IsolateGroup", "id": "isolateGroups/6534132917220748", "name": "main.dart", "number": "6534132917220
EXT Extension {"type": "Event", "kind": "Extension", "extensionKind": "Flutter.Frame", "isolateGroup": {"type": "@IsolateGroup", "id": "isolateGroups/6534132917220748", "name": "main.dart", "number": "6534132917220
EXT Extension {"type": "Event", "kind": "Extension", "extensionKind": "Flutter.Frame", "isolateGroup": {"type": "@IsolateGroup", "id": "isolateGroups/6534132917220748", "name": "main.dart", "number": "6534132917220
EXT Extension {"type": "Event", "kind": "Extension", "extensionKind": "Flutter.Frame", "isolateGroup": {"type": "@IsolateGroup", "id": "isolateGroups/6534132917220748", "name": "main.dart", "number": "6534132917220
EXT Extension {"type": "Event", "kind": "Extension", "extensionKind": "Flutter.Frame", "isolateGroup": {"type": "@IsolateGroup", "id": "isolateGroups/6534132917220748", "name": "main.dart", "number": "6534132917220
EXT Extension {"type": "Event", "kind": "Extension", "extensionKind": "Flutter.Frame", "isolateGroup": {"type": "@IsolateGroup", "id": "isolateGroups/6534132917220748", "name": "main.dart", "number": "6534132917220
EXT Extension {"type": "Event", "kind": "Extension", "extensionKind": "Flutter.Frame", "isolateGroup": {"type": "@IsolateGroup", "id": "isolateGroups/6534132917220748", "name": "main.dart", "number": "6534132917220
EXT Extension {"type": "Event", "kind": "Extension", "extensionKind": "Flutter.Frame", "isolateGroup": {"type": "@IsolateGroup", "id": "isolateGroups/6534132917220748", "name": "main.dart", "number": "6534132917220
EXT Extension {"type": "Event", "kind": "Extension", "extensionKind": "Flutter.Frame", "isolateGroup": {"type": "@IsolateGroup", "id": "isolateGroups/6534132917220748", "name": "main.dart", "number": "6534132917220
EXT Extension {"type": "Event", "kind": "Extension", "extensionKind": "Flutter.Frame", "isolateGroup": {"type": "@IsolateGroup", "id": "isolateGroups/6534132917220748", "name": "main.dart", "number": "6534132917220
EXT Extension {"type": "Event", "kind": "Extension", "extensionKind": "Flutter.Frame", "isolateGroup": {"type": "@IsolateGroup", "id": "isolateGroups/6534132917220748", "name": "main.dart", "number": "6534132917220
EXT Extension {"type": "Event", "kind": "Extension", "extensionKind": "Flutter.Frame", "isolateGroup": {"type": "@IsolateGroup", "id": "isolateGroups/6534132917220748", "name": "main.dart", "number": "6534132917220
EXT Extension {"type": "Event", "kind": "Extension", "extensionKind": "Flutter.Frame", "isolateGroup": {"type": "@IsolateGroup", "id": "isolateGroups/6534132917220748", "name": "main.dart", "number": "6534132917220
EXT Extension {"type": "Event", "kind": "Extension", "extensionKind": "Flutter.Frame", "isolateGroup": {"type": "@IsolateGroup", "id": "isolateGroups/6534132917220748", "name": "main.dart", "number": "6534132917220
EXT Extension {"type": "Event", "kind": "Extension", "extensionKind": "Flutter.Frame", "isolateGroup": {"type": "@IsolateGroup", "id": "isolateGroups/6534132917220748", "name": "main.dart", "number": "6534132917220
EXT Extension {"type": "Event", "kind": "Extension", "extensionKind": "Flutter.Frame", "isolateGroup": {"type": "@IsolateGroup", "id": "isolateGroups/6534132917220748", "name": "main.dart", "number": "6534132917220
EXT Extension {"type": "Event", "kind": "Extension", "extensionKind": "Flutter.Frame", "isolateGroup": {"type": "@IsolateGroup", "id": "isolateGroups/6534132917220748", "name": "main.dart", "number": "6534132917220
EXT Extension {"type": "Event", "kind": "Extension", "extensionKind": "Flutter.Frame", "isolateGroup": {"type": "@IsolateGroup", "id": "isolateGroups/6534132917220748", "name": "main.dart", "number": "6534132917220
EXT Extension {"type": "Event", "kind": "Extension", "extensionKind": "Flutter.Frame", "isolateGroup": {"type": "@IsolateGroup", "id": "isolateGroups/6534132917220748", "name": "main.dart", "number": "6534132917220
EXT Extension {"type": "Event", "kind": "Extension", "extensionKind": "Flutter.Frame", "isolateGroup": {"type": "@IsolateGroup", "id": "isolateGroups/6534132917220748", "name": "main.dart", "number": "6534132917220
EXT Extension {"type": "Event", "kind": "Extension", "extensionKind": "Flutter.Frame", "isolateGroup": {"type": "@IsolateGroup", "id": "isolateGroups/6534132917220748", "name": "main.dart", "number": "6534132917220
EXT Extension {"type": "Event", "kind": "Extension", "extensionKind": "Flutter.Frame", "isolateGroup": {"type": "@IsolateGroup", "id": "isolateGroups/6534132917220748", "name": "main.dart", "number": "6534132917220
EXT Extension {"type": "Event", "kind": "Extension", "extensionKind": "Flutter.Frame", "isolateGroup": {"type": "@IsolateGroup", "id": "isolateGroups/6534132917220748", "name": "main.dart", "number": "6534132917220
EXT Extension {"type": "Event", "kind": "Extension", "extensionKind": "Flutter.Frame", "isolateGroup": {"type": "@IsolateGroup", "id": "isolateGroups/6534132917220748", "name": "main.dart", "number": "6534132917220
EXT Extension {"type": "Event", "kind": "Extension", "extensionKind": "Flutter.Frame", "isolateGroup": {"type": "@IsolateGroup", "id": "isolateGroups/6534132917220748", "name": "main.dart", "number": "6534132917220
EXT Extension {"type": "Event", "kind": "Extension", "extensionKind": "Flutter.Frame", "isolateGroup": {"type": "@IsolateGroup", "id": "isolateGroups/6534132917220748", "name": "main.dart", "number": "6534132917220
EXT Extension {"type": "Event", "kind": "Extension", "extensionKind": "Flutter.Frame", "isolateGroup": {"type": "@IsolateGroup", "id": "isolateGroups/6534132917220748", "name": "main.dart", "number": "6534132917220
EXT Extension {"type": "Event", "kind": "Extension", "extensionKind": "Flutter.Frame", "isolateGroup": {"type": "@IsolateGroup", "id": "isolateGroups/6534132917220748", "name": "main.dart", "number": "6534132917220
EXT Extension {"type": "Event", "kind": "Extension", "extensionKind": "Flutter.Frame", "isolateGroup": {"type": "@IsolateGroup", "id": "isolateGroups/6534132917220748", "name": "main.dart", "number": "6534132917220
EXT Extension {"type": "Event", "kind": "Extension", "extensionKind": "Flutter.Frame", "isolateGroup": {"type": "@IsolateGroup", "id": "isolateGroups/6534132917220748", "name": "main.dart", "number": "6534132917220
EXT Extension {"type": "Event", "kind": "Extension", "extensionKind": "Flutter.Frame", "isolateGroup": {"type": "@IsolateGroup", "id": "isolateGroups/6534132917220748", "name": "main.dart", "number": "6534132917220
EXT Extension {"type": "Event", "kind": "Extension", "extensionKind": "Flutter.Frame", "isolateGroup": {"type": "@IsolateGroup", "id": "isolateGroups/6534132917220748", "name": "main.dart", "number": "6534132917220
EXT Extension {"type": "Event", "kind": "Extension", "extensionKind": "Flutter.Frame", "isolateGroup": {"type": "@IsolateGroup", "id": "isolateGroups/6534132917220748", "name": "main.dart", "number": "6534132917220
EXT Extension {"type": "Event", "kind": "Extension", "extensionKind": "Flutter.Frame", "isolateGroup": {"type": "@IsolateGroup", "id": "isolateGroups/6534132917220748", "name": "main.dart", "number": "6534132917220
STDOUT flutter: 📊 analytics: see_all_tapped {section: best_reviewed_item, module_id: 2, screen: home}STDOUT 
LOG[GETX] GOING TO ROUTE /item-view-all-screen?page=reviewed
LOG[GETX] GOING TO ROUTE /item-view-all-screen?page=reviewed
EXT Extension {"type": "Event", "kind": "Extension", "extensionKind": "Flutter.Navigation", "isolateGroup": {"type": "@IsolateGroup", "id": "isolateGroups/6534132917220748", "name": "main.dart", "number": "65341329
STDOUT flutter: [NET] GET endpoint=/api/v1/items/most-reviewedSTDOUT 
EXT Extension {"type": "Event", "kind": "Extension", "extensionKind": "Flutter.Frame", "isolateGroup": {"type": "@IsolateGroup", "id": "isolateGroups/6534132917220748", "name": "main.dart", "number": "6534132917220
EXT Extension {"type": "Event", "kind": "Extension", "extensionKind": "Flutter.Frame", "isolateGroup": {"type": "@IsolateGroup", "id": "isolateGroups/6534132917220748", "name": "main.dart", "number": "6534132917220
EXT Extension {"type": "Event", "kind": "Extension", "extensionKind": "Flutter.Frame", "isolateGroup": {"type": "@IsolateGroup", "id": "isolateGroups/6534132917220748", "name": "main.dart", "number": "6534132917220
EXT Extension {"type": "Event", "kind": "Extension", "extensionKind": "Flutter.Frame", "isolateGroup": {"type": "@IsolateGroup", "id": "isolateGroups/6534132917220748", "name": "main.dart", "number": "6534132917220
EXT Extension {"type": "Event", "kind": "Extension", "extensionKind": "Flutter.Frame", "isolateGroup": {"type": "@IsolateGroup", "id": "isolateGroups/6534132917220748", "name": "main.dart", "number": "6534132917220
EXT Extension {"type": "Event", "kind": "Extension", "extensionKind": "Flutter.Frame", "isolateGroup": {"type": "@IsolateGroup", "id": "isolateGroups/6534132917220748", "name": "main.dart", "number": "6534132917220
EXT Extension {"type": "Event", "kind": "Extension", "extensionKind": "Flutter.Frame", "isolateGroup": {"type": "@IsolateGroup", "id": "isolateGroups/6534132917220748", "name": "main.dart", "number": "6534132917220
EXT Extension {"type": "Event", "kind": "Extension", "extensionKind": "Flutter.Frame", "isolateGroup": {"type": "@IsolateGroup", "id": "isolateGroups/6534132917220748", "name": "main.dart", "number": "6534132917220
EXT Extension {"type": "Event", "kind": "Extension", "extensionKind": "Flutter.Frame", "isolateGroup": {"type": "@IsolateGroup", "id": "isolateGroups/6534132917220748", "name": "main.dart", "number": "6534132917220
EXT Extension {"type": "Event", "kind": "Extension", "extensionKind": "Flutter.Frame", "isolateGroup": {"type": "@IsolateGroup", "id": "isolateGroups/6534132917220748", "name": "main.dart", "number": "6534132917220
EXT Extension {"type": "Event", "kind": "Extension", "extensionKind": "Flutter.Frame", "isolateGroup": {"type": "@IsolateGroup", "id": "isolateGroups/6534132917220748", "name": "main.dart", "number": "6534132917220
EXT Extension {"type": "Event", "kind": "Extension", "extensionKind": "Flutter.Frame", "isolateGroup": {"type": "@IsolateGroup", "id": "isolateGroups/6534132917220748", "name": "main.dart", "number": "6534132917220
EXT Extension {"type": "Event", "kind": "Extension", "extensionKind": "Flutter.Frame", "isolateGroup": {"type": "@IsolateGroup", "id": "isolateGroups/6534132917220748", "name": "main.dart", "number": "6534132917220
EXT Extension {"type": "Event", "kind": "Extension", "extensionKind": "Flutter.Frame", "isolateGroup": {"type": "@IsolateGroup", "id": "isolateGroups/6534132917220748", "name": "main.dart", "number": "6534132917220
EXT Extension {"type": "Event", "kind": "Extension", "extensionKind": "Flutter.Frame", "isolateGroup": {"type": "@IsolateGroup", "id": "isolateGroups/6534132917220748", "name": "main.dart", "number": "6534132917220
EXT Extension {"type": "Event", "kind": "Extension", "extensionKind": "Flutter.Frame", "isolateGroup": {"type": "@IsolateGroup", "id": "isolateGroups/6534132917220748", "name": "main.dart", "number": "6534132917220
EXT Extension {"type": "Event", "kind": "Extension", "extensionKind": "Flutter.Frame", "isolateGroup": {"type": "@IsolateGroup", "id": "isolateGroups/6534132917220748", "name": "main.dart", "number": "6534132917220
EXT Extension {"type": "Event", "kind": "Extension", "extensionKind": "Flutter.Frame", "isolateGroup": {"type": "@IsolateGroup", "id": "isolateGroups/6534132917220748", "name": "main.dart", "number": "6534132917220
EXT Extension {"type": "Event", "kind": "Extension", "extensionKind": "Flutter.Frame", "isolateGroup": {"type": "@IsolateGroup", "id": "isolateGroups/6534132917220748", "name": "main.dart", "number": "6534132917220
EXT Extension {"type": "Event", "kind": "Extension", "extensionKind": "Flutter.Frame", "isolateGroup": {"type": "@IsolateGroup", "id": "isolateGroups/6534132917220748", "name": "main.dart", "number": "6534132917220
EXT Extension {"type": "Event", "kind": "Extension", "extensionKind": "Flutter.Frame", "isolateGroup": {"type": "@IsolateGroup", "id": "isolateGroups/6534132917220748", "name": "main.dart", "number": "6534132917220
EXT Extension {"type": "Event", "kind": "Extension", "extensionKind": "Flutter.Frame", "isolateGroup": {"type": "@IsolateGroup", "id": "isolateGroups/6534132917220748", "name": "main.dart", "number": "6534132917220
EXT Extension {"type": "Event", "kind": "Extension", "extensionKind": "Flutter.Frame", "isolateGroup": {"type": "@IsolateGroup", "id": "isolateGroups/6534132917220748", "name": "main.dart", "number": "6534132917220
EXT Extension {"type": "Event", "kind": "Extension", "extensionKind": "Flutter.Frame", "isolateGroup": {"type": "@IsolateGroup", "id": "isolateGroups/6534132917220748", "name": "main.dart", "number": "6534132917220
EXT Extension {"type": "Event", "kind": "Extension", "extensionKind": "Flutter.Frame", "isolateGroup": {"type": "@IsolateGroup", "id": "isolateGroups/6534132917220748", "name": "main.dart", "number": "6534132917220
EXT Extension {"type": "Event", "kind": "Extension", "extensionKind": "Flutter.Frame", "isolateGroup": {"type": "@IsolateGroup", "id": "isolateGroups/6534132917220748", "name": "main.dart", "number": "6534132917220
EXT Extension {"type": "Event", "kind": "Extension", "extensionKind": "Flutter.Frame", "isolateGroup": {"type": "@IsolateGroup", "id": "isolateGroups/6534132917220748", "name": "main.dart", "number": "6534132917220
EXT Extension {"type": "Event", "kind": "Extension", "extensionKind": "Flutter.Frame", "isolateGroup": {"type": "@IsolateGroup", "id": "isolateGroups/6534132917220748", "name": "main.dart", "number": "6534132917220
EXT Extension {"type": "Event", "kind": "Extension", "extensionKind": "Flutter.Frame", "isolateGroup": {"type": "@IsolateGroup", "id": "isolateGroups/6534132917220748", "name": "main.dart", "number": "6534132917220
EXT Extension {"type": "Event", "kind": "Extension", "extensionKind": "Flutter.Frame", "isolateGroup": {"type": "@IsolateGroup", "id": "isolateGroups/6534132917220748", "name": "main.dart", "number": "6534132917220
EXT Extension {"type": "Event", "kind": "Extension", "extensionKind": "Flutter.Frame", "isolateGroup": {"type": "@IsolateGroup", "id": "isolateGroups/6534132917220748", "name": "main.dart", "number": "6534132917220
EXT Extension {"type": "Event", "kind": "Extension", "extensionKind": "Flutter.Frame", "isolateGroup": {"type": "@IsolateGroup", "id": "isolateGroups/6534132917220748", "name": "main.dart", "number": "6534132917220
EXT Extension {"type": "Event", "kind": "Extension", "extensionKind": "Flutter.Frame", "isolateGroup": {"type": "@IsolateGroup", "id": "isolateGroups/6534132917220748", "name": "main.dart", "number": "6534132917220
EXT Extension {"type": "Event", "kind": "Extension", "extensionKind": "Flutter.Frame", "isolateGroup": {"type": "@IsolateGroup", "id": "isolateGroups/6534132917220748", "name": "main.dart", "number": "6534132917220
EXT Extension {"type": "Event", "kind": "Extension", "extensionKind": "Flutter.Frame", "isolateGroup": {"type": "@IsolateGroup", "id": "isolateGroups/6534132917220748", "name": "main.dart", "number": "6534132917220
EXT Extension {"type": "Event", "kind": "Extension", "extensionKind": "Flutter.Frame", "isolateGroup": {"type": "@IsolateGroup", "id": "isolateGroups/6534132917220748", "name": "main.dart", "number": "6534132917220
EXT Extension {"type": "Event", "kind": "Extension", "extensionKind": "Flutter.Frame", "isolateGroup": {"type": "@IsolateGroup", "id": "isolateGroups/6534132917220748", "name": "main.dart", "number": "6534132917220
EXT Extension {"type": "Event", "kind": "Extension", "extensionKind": "Flutter.Frame", "isolateGroup": {"type": "@IsolateGroup", "id": "isolateGroups/6534132917220748", "name": "main.dart", "number": "6534132917220
EXT Extension {"type": "Event", "kind": "Extension", "extensionKind": "Flutter.ImageSizesForFrame", "isolateGroup": {"type": "@IsolateGroup", "id": "isolateGroups/6534132917220748", "name": "main.dart", "number": "
EXT Extension {"type": "Event", "kind": "Extension", "extensionKind": "Flutter.Frame", "isolateGroup": {"type": "@IsolateGroup", "id": "isolateGroups/6534132917220748", "name": "main.dart", "number": "6534132917220
EXT Extension {"type": "Event", "kind": "Extension", "extensionKind": "Flutter.Frame", "isolateGroup": {"type": "@IsolateGroup", "id": "isolateGroups/6534132917220748", "name": "main.dart", "number": "6534132917220
EXT Extension {"type": "Event", "kind": "Extension", "extensionKind": "Flutter.Frame", "isolateGroup": {"type": "@IsolateGroup", "id": "isolateGroups/6534132917220748", "name": "main.dart", "number": "6534132917220
EXT Extension {"type": "Event", "kind": "Extension", "extensionKind": "Flutter.Frame", "isolateGroup": {"type": "@IsolateGroup", "id": "isolateGroups/6534132917220748", "name": "main.dart", "number": "6534132917220
EXT Extension {"type": "Event", "kind": "Extension", "extensionKind": "Flutter.Frame", "isolateGroup": {"type": "@IsolateGroup", "id": "isolateGroups/6534132917220748", "name": "main.dart", "number": "6534132917220
EXT Extension {"type": "Event", "kind": "Extension", "extensionKind": "Flutter.Frame", "isolateGroup": {"type": "@IsolateGroup", "id": "isolateGroups/6534132917220748", "name": "main.dart", "number": "6534132917220
EXT Extension {"type": "Event", "kind": "Extension", "extensionKind": "Flutter.Frame", "isolateGroup": {"type": "@IsolateGroup", "id": "isolateGroups/6534132917220748", "name": "main.dart", "number": "6534132917220
EXT Extension {"type": "Event", "kind": "Extension", "extensionKind": "Flutter.Frame", "isolateGroup": {"type": "@IsolateGroup", "id": "isolateGroups/6534132917220748", "name": "main.dart", "number": "6534132917220
EXT Extension {"type": "Event", "kind": "Extension", "extensionKind": "Flutter.Frame", "isolateGroup": {"type": "@IsolateGroup", "id": "isolateGroups/6534132917220748", "name": "main.dart", "number": "6534132917220
EXT Extension {"type": "Event", "kind": "Extension", "extensionKind": "Flutter.Frame", "isolateGroup": {"type": "@IsolateGroup", "id": "isolateGroups/6534132917220748", "name": "main.dart", "number": "6534132917220
EXT Extension {"type": "Event", "kind": "Extension", "extensionKind": "Flutter.Frame", "isolateGroup": {"type": "@IsolateGroup", "id": "isolateGroups/6534132917220748", "name": "main.dart", "number": "6534132917220
EXT Extension {"type": "Event", "kind": "Extension", "extensionKind": "Flutter.Frame", "isolateGroup": {"type": "@IsolateGroup", "id": "isolateGroups/6534132917220748", "name": "main.dart", "number": "6534132917220
EXT Extension {"type": "Event", "kind": "Extension", "extensionKind": "Flutter.Frame", "isolateGroup": {"type": "@IsolateGroup", "id": "isolateGroups/6534132917220748", "name": "main.dart", "number": "6534132917220
EXT Extension {"type": "Event", "kind": "Extension", "extensionKind": "Flutter.Frame", "isolateGroup": {"type": "@IsolateGroup", "id": "isolateGroups/6534132917220748", "name": "main.dart", "number": "6534132917220
EXT Extension {"type": "Event", "kind": "Extension", "extensionKind": "Flutter.Frame", "isolateGroup": {"type": "@IsolateGroup", "id": "isolateGroups/6534132917220748", "name": "main.dart", "number": "6534132917220
STDOUT flutter: [NET] endpoint=/api/v1/items/most-reviewed http_status=200STDOUT 
STDOUT flutter: 📊 analytics: view_item_list {item_list_id: item_view_all, item_list_name: item_view_all, item_count: 25, screen: item_view_all}STDOUT 
EXT Extension {"type": "Event", "kind": "Extension", "extensionKind": "Flutter.ImageSizesForFrame", "isolateGroup": {"type": "@IsolateGroup", "id": "isolateGroups/6534132917220748", "name": "main.dart", "number": "
EXT Extension {"type": "Event", "kind": "Extension", "extensionKind": "Flutter.ImageSizesForFrame", "isolateGroup": {"type": "@IsolateGroup", "id": "isolateGroups/6534132917220748", "name": "main.dart", "number": "
EXT Extension {"type": "Event", "kind": "Extension", "extensionKind": "Flutter.ImageSizesForFrame", "isolateGroup": {"type": "@IsolateGroup", "id": "isolateGroups/6534132917220748", "name": "main.dart", "number": "
EXT Extension {"type": "Event", "kind": "Extension", "extensionKind": "Flutter.Frame", "isolateGroup": {"type": "@IsolateGroup", "id": "isolateGroups/6534132917220748", "name": "main.dart", "number": "6534132917220
EXT Extension {"type": "Event", "kind": "Extension", "extensionKind": "Flutter.Frame", "isolateGroup": {"type": "@IsolateGroup", "id": "isolateGroups/6534132917220748", "name": "main.dart", "number": "6534132917220
EXT Extension {"type": "Event", "kind": "Extension", "extensionKind": "Flutter.Frame", "isolateGroup": {"type": "@IsolateGroup", "id": "isolateGroups/6534132917220748", "name": "main.dart", "number": "6534132917220
EXT Extension {"type": "Event", "kind": "Extension", "extensionKind": "Flutter.Frame", "isolateGroup": {"type": "@IsolateGroup", "id": "isolateGroups/6534132917220748", "name": "main.dart", "number": "6534132917220
EXT Extension {"type": "Event", "kind": "Extension", "extensionKind": "Flutter.Frame", "isolateGroup": {"type": "@IsolateGroup", "id": "isolateGroups/6534132917220748", "name": "main.dart", "number": "6534132917220
EXT Extension {"type": "Event", "kind": "Extension", "extensionKind": "Flutter.Frame", "isolateGroup": {"type": "@IsolateGroup", "id": "isolateGroups/6534132917220748", "name": "main.dart", "number": "6534132917220
EXT Extension {"type": "Event", "kind": "Extension", "extensionKind": "Flutter.Frame", "isolateGroup": {"type": "@IsolateGroup", "id": "isolateGroups/6534132917220748", "name": "main.dart", "number": "6534132917220
EXT Extension {"type": "Event", "kind": "Extension", "extensionKind": "Flutter.Frame", "isolateGroup": {"type": "@IsolateGroup", "id": "isolateGroups/6534132917220748", "name": "main.dart", "number": "6534132917220
EXT Extension {"type": "Event", "kind": "Extension", "extensionKind": "Flutter.Frame", "isolateGroup": {"type": "@IsolateGroup", "id": "isolateGroups/6534132917220748", "name": "main.dart", "number": "6534132917220
EXT Extension {"type": "Event", "kind": "Extension", "extensionKind": "Flutter.Frame", "isolateGroup": {"type": "@IsolateGroup", "id": "isolateGroups/6534132917220748", "name": "main.dart", "number": "6534132917220
EXT Extension {"type": "Event", "kind": "Extension", "extensionKind": "Flutter.Frame", "isolateGroup": {"type": "@IsolateGroup", "id": "isolateGroups/6534132917220748", "name": "main.dart", "number": "6534132917220
EXT Extension {"type": "Event", "kind": "Extension", "extensionKind": "Flutter.Frame", "isolateGroup": {"type": "@IsolateGroup", "id": "isolateGroups/6534132917220748", "name": "main.dart", "number": "6534132917220
EXT Extension {"type": "Event", "kind": "Extension", "extensionKind": "Flutter.Frame", "isolateGroup": {"type": "@IsolateGroup", "id": "isolateGroups/6534132917220748", "name": "main.dart", "number": "6534132917220
EXT Extension {"type": "Event", "kind": "Extension", "extensionKind": "Flutter.Frame", "isolateGroup": {"type": "@IsolateGroup", "id": "isolateGroups/6534132917220748", "name": "main.dart", "number": "6534132917220
EXT Extension {"type": "Event", "kind": "Extension", "extensionKind": "Flutter.Frame", "isolateGroup": {"type": "@IsolateGroup", "id": "isolateGroups/6534132917220748", "name": "main.dart", "number": "6534132917220
EXT Extension {"type": "Event", "kind": "Extension", "extensionKind": "Flutter.Frame", "isolateGroup": {"type": "@IsolateGroup", "id": "isolateGroups/6534132917220748", "name": "main.dart", "number": "6534132917220
EXT Extension {"type": "Event", "kind": "Extension", "extensionKind": "Flutter.Frame", "isolateGroup": {"type": "@IsolateGroup", "id": "isolateGroups/6534132917220748", "name": "main.dart", "number": "6534132917220
EXT Extension {"type": "Event", "kind": "Extension", "extensionKind": "Flutter.Frame", "isolateGroup": {"type": "@IsolateGroup", "id": "isolateGroups/6534132917220748", "name": "main.dart", "number": "6534132917220
EXT Extension {"type": "Event", "kind": "Extension", "extensionKind": "Flutter.Frame", "isolateGroup": {"type": "@IsolateGroup", "id": "isolateGroups/6534132917220748", "name": "main.dart", "number": "6534132917220
EXT Extension {"type": "Event", "kind": "Extension", "extensionKind": "Flutter.Frame", "isolateGroup": {"type": "@IsolateGroup", "id": "isolateGroups/6534132917220748", "name": "main.dart", "number": "6534132917220
EXT Extension {"type": "Event", "kind": "Extension", "extensionKind": "Flutter.Frame", "isolateGroup": {"type": "@IsolateGroup", "id": "isolateGroups/6534132917220748", "name": "main.dart", "number": "6534132917220
EXT Extension {"type": "Event", "kind": "Extension", "extensionKind": "Flutter.Frame", "isolateGroup": {"type": "@IsolateGroup", "id": "isolateGroups/6534132917220748", "name": "main.dart", "number": "6534132917220
EXT Extension {"type": "Event", "kind": "Extension", "extensionKind": "Flutter.Frame", "isolateGroup": {"type": "@IsolateGroup", "id": "isolateGroups/6534132917220748", "name": "main.dart", "number": "6534132917220
EXT Extension {"type": "Event", "kind": "Extension", "extensionKind": "Flutter.Frame", "isolateGroup": {"type": "@IsolateGroup", "id": "isolateGroups/6534132917220748", "name": "main.dart", "number": "6534132917220
EXT Extension {"type": "Event", "kind": "Extension", "extensionKind": "Flutter.Frame", "isolateGroup": {"type": "@IsolateGroup", "id": "isolateGroups/6534132917220748", "name": "main.dart", "number": "6534132917220
EXT Extension {"type": "Event", "kind": "Extension", "extensionKind": "Flutter.Frame", "isolateGroup": {"type": "@IsolateGroup", "id": "isolateGroups/6534132917220748", "name": "main.dart", "number": "6534132917220
EXT Extension {"type": "Event", "kind": "Extension", "extensionKind": "Flutter.Frame", "isolateGroup": {"type": "@IsolateGroup", "id": "isolateGroups/6534132917220748", "name": "main.dart", "number": "6534132917220
EXT Extension {"type": "Event", "kind": "Extension", "extensionKind": "Flutter.Frame", "isolateGroup": {"type": "@IsolateGroup", "id": "isolateGroups/6534132917220748", "name": "main.dart", "number": "6534132917220
EXT Extension {"type": "Event", "kind": "Extension", "extensionKind": "Flutter.Frame", "isolateGroup": {"type": "@IsolateGroup", "id": "isolateGroups/6534132917220748", "name": "main.dart", "number": "6534132917220
EXT Extension {"type": "Event", "kind": "Extension", "extensionKind": "Flutter.Frame", "isolateGroup": {"type": "@IsolateGroup", "id": "isolateGroups/6534132917220748", "name": "main.dart", "number": "6534132917220
EXT Extension {"type": "Event", "kind": "Extension", "extensionKind": "Flutter.Frame", "isolateGroup": {"type": "@IsolateGroup", "id": "isolateGroups/6534132917220748", "name": "main.dart", "number": "6534132917220
EXT Extension {"type": "Event", "kind": "Extension", "extensionKind": "Flutter.Frame", "isolateGroup": {"type": "@IsolateGroup", "id": "isolateGroups/6534132917220748", "name": "main.dart", "number": "6534132917220
EXT Extension {"type": "Event", "kind": "Extension", "extensionKind": "Flutter.Frame", "isolateGroup": {"type": "@IsolateGroup", "id": "isolateGroups/6534132917220748", "name": "main.dart", "number": "6534132917220
EXT Extension {"type": "Event", "kind": "Extension", "extensionKind": "Flutter.Frame", "isolateGroup": {"type": "@IsolateGroup", "id": "isolateGroups/6534132917220748", "name": "main.dart", "number": "6534132917220
EXT Extension {"type": "Event", "kind": "Extension", "extensionKind": "Flutter.Frame", "isolateGroup": {"type": "@IsolateGroup", "id": "isolateGroups/6534132917220748", "name": "main.dart", "number": "6534132917220
EXT Extension {"type": "Event", "kind": "Extension", "extensionKind": "Flutter.Frame", "isolateGroup": {"type": "@IsolateGroup", "id": "isolateGroups/6534132917220748", "name": "main.dart", "number": "6534132917220
EXT Extension {"type": "Event", "kind": "Extension", "extensionKind": "Flutter.Frame", "isolateGroup": {"type": "@IsolateGroup", "id": "isolateGroups/6534132917220748", "name": "main.dart", "number": "6534132917220
EXT Extension {"type": "Event", "kind": "Extension", "extensionKind": "Flutter.Frame", "isolateGroup": {"type": "@IsolateGroup", "id": "isolateGroups/6534132917220748", "name": "main.dart", "number": "6534132917220
EXT Extension {"type": "Event", "kind": "Extension", "extensionKind": "Flutter.Frame", "isolateGroup": {"type": "@IsolateGroup", "id": "isolateGroups/6534132917220748", "name": "main.dart", "number": "6534132917220
EXT Extension {"type": "Event", "kind": "Extension", "extensionKind": "Flutter.Frame", "isolateGroup": {"type": "@IsolateGroup", "id": "isolateGroups/6534132917220748", "name": "main.dart", "number": "6534132917220
EXT Extension {"type": "Event", "kind": "Extension", "extensionKind": "Flutter.Frame", "isolateGroup": {"type": "@IsolateGroup", "id": "isolateGroups/6534132917220748", "name": "main.dart", "number": "6534132917220
EXT Extension {"type": "Event", "kind": "Extension", "extensionKind": "Flutter.Frame", "isolateGroup": {"type": "@IsolateGroup", "id": "isolateGroups/6534132917220748", "name": "main.dart", "number": "6534132917220
EXT Extension {"type": "Event", "kind": "Extension", "extensionKind": "Flutter.Frame", "isolateGroup": {"type": "@IsolateGroup", "id": "isolateGroups/6534132917220748", "name": "main.dart", "number": "6534132917220
EXT Extension {"type": "Event", "kind": "Extension", "extensionKind": "Flutter.Frame", "isolateGroup": {"type": "@IsolateGroup", "id": "isolateGroups/6534132917220748", "name": "main.dart", "number": "6534132917220
EXT Extension {"type": "Event", "kind": "Extension", "extensionKind": "Flutter.Frame", "isolateGroup": {"type": "@IsolateGroup", "id": "isolateGroups/6534132917220748", "name": "main.dart", "number": "6534132917220
EXT Extension {"type": "Event", "kind": "Extension", "extensionKind": "Flutter.Frame", "isolateGroup": {"type": "@IsolateGroup", "id": "isolateGroups/6534132917220748", "name": "main.dart", "number": "6534132917220
EXT Extension {"type": "Event", "kind": "Extension", "extensionKind": "Flutter.Frame", "isolateGroup": {"type": "@IsolateGroup", "id": "isolateGroups/6534132917220748", "name": "main.dart", "number": "6534132917220
EXT Extension {"type": "Event", "kind": "Extension", "extensionKind": "Flutter.Frame", "isolateGroup": {"type": "@IsolateGroup", "id": "isolateGroups/6534132917220748", "name": "main.dart", "number": "6534132917220
EXT Extension {"type": "Event", "kind": "Extension", "extensionKind": "Flutter.Frame", "isolateGroup": {"type": "@IsolateGroup", "id": "isolateGroups/6534132917220748", "name": "main.dart", "number": "6534132917220
EXT Extension {"type": "Event", "kind": "Extension", "extensionKind": "Flutter.Frame", "isolateGroup": {"type": "@IsolateGroup", "id": "isolateGroups/6534132917220748", "name": "main.dart", "number": "6534132917220
EXT Extension {"type": "Event", "kind": "Extension", "extensionKind": "Flutter.Frame", "isolateGroup": {"type": "@IsolateGroup", "id": "isolateGroups/6534132917220748", "name": "main.dart", "number": "6534132917220
EXT Extension {"type": "Event", "kind": "Extension", "extensionKind": "Flutter.Frame", "isolateGroup": {"type": "@IsolateGroup", "id": "isolateGroups/6534132917220748", "name": "main.dart", "number": "6534132917220
EXT Extension {"type": "Event", "kind": "Extension", "extensionKind": "Flutter.Frame", "isolateGroup": {"type": "@IsolateGroup", "id": "isolateGroups/6534132917220748", "name": "main.dart", "number": "6534132917220
EXT Extension {"type": "Event", "kind": "Extension", "extensionKind": "Flutter.Frame", "isolateGroup": {"type": "@IsolateGroup", "id": "isolateGroups/6534132917220748", "name": "main.dart", "number": "6534132917220
EXT Extension {"type": "Event", "kind": "Extension", "extensionKind": "Flutter.Frame", "isolateGroup": {"type": "@IsolateGroup", "id": "isolateGroups/6534132917220748", "name": "main.dart", "number": "6534132917220
EXT Extension {"type": "Event", "kind": "Extension", "extensionKind": "Flutter.Frame", "isolateGroup": {"type": "@IsolateGroup", "id": "isolateGroups/6534132917220748", "name": "main.dart", "number": "6534132917220
EXT Extension {"type": "Event", "kind": "Extension", "extensionKind": "Flutter.Frame", "isolateGroup": {"type": "@IsolateGroup", "id": "isolateGroups/6534132917220748", "name": "main.dart", "number": "6534132917220
EXT Extension {"type": "Event", "kind": "Extension", "extensionKind": "Flutter.Frame", "isolateGroup": {"type": "@IsolateGroup", "id": "isolateGroups/6534132917220748", "name": "main.dart", "number": "6534132917220
EXT Extension {"type": "Event", "kind": "Extension", "extensionKind": "Flutter.Frame", "isolateGroup": {"type": "@IsolateGroup", "id": "isolateGroups/6534132917220748", "name": "main.dart", "number": "6534132917220
EXT Extension {"type": "Event", "kind": "Extension", "extensionKind": "Flutter.Frame", "isolateGroup": {"type": "@IsolateGroup", "id": "isolateGroups/6534132917220748", "name": "main.dart", "number": "6534132917220
EXT Extension {"type": "Event", "kind": "Extension", "extensionKind": "Flutter.Frame", "isolateGroup": {"type": "@IsolateGroup", "id": "isolateGroups/6534132917220748", "name": "main.dart", "number": "6534132917220
EXT Extension {"type": "Event", "kind": "Extension", "extensionKind": "Flutter.Frame", "isolateGroup": {"type": "@IsolateGroup", "id": "isolateGroups/6534132917220748", "name": "main.dart", "number": "6534132917220
EXT Extension {"type": "Event", "kind": "Extension", "extensionKind": "Flutter.Frame", "isolateGroup": {"type": "@IsolateGroup", "id": "isolateGroups/6534132917220748", "name": "main.dart", "number": "6534132917220
EXT Extension {"type": "Event", "kind": "Extension", "extensionKind": "Flutter.Frame", "isolateGroup": {"type": "@IsolateGroup", "id": "isolateGroups/6534132917220748", "name": "main.dart", "number": "6534132917220
EXT Extension {"type": "Event", "kind": "Extension", "extensionKind": "Flutter.Frame", "isolateGroup": {"type": "@IsolateGroup", "id": "isolateGroups/6534132917220748", "name": "main.dart", "number": "6534132917220
EXT Extension {"type": "Event", "kind": "Extension", "extensionKind": "Flutter.Frame", "isolateGroup": {"type": "@IsolateGroup", "id": "isolateGroups/6534132917220748", "name": "main.dart", "number": "6534132917220
EXT Extension {"type": "Event", "kind": "Extension", "extensionKind": "Flutter.Frame", "isolateGroup": {"type": "@IsolateGroup", "id": "isolateGroups/6534132917220748", "name": "main.dart", "number": "6534132917220
EXT Extension {"type": "Event", "kind": "Extension", "extensionKind": "Flutter.Frame", "isolateGroup": {"type": "@IsolateGroup", "id": "isolateGroups/6534132917220748", "name": "main.dart", "number": "6534132917220
EXT Extension {"type": "Event", "kind": "Extension", "extensionKind": "Flutter.Frame", "isolateGroup": {"type": "@IsolateGroup", "id": "isolateGroups/6534132917220748", "name": "main.dart", "number": "6534132917220
EXT Extension {"type": "Event", "kind": "Extension", "extensionKind": "Flutter.Frame", "isolateGroup": {"type": "@IsolateGroup", "id": "isolateGroups/6534132917220748", "name": "main.dart", "number": "6534132917220
EXT Extension {"type": "Event", "kind": "Extension", "extensionKind": "Flutter.Frame", "isolateGroup": {"type": "@IsolateGroup", "id": "isolateGroups/6534132917220748", "name": "main.dart", "number": "6534132917220
EXT Extension {"type": "Event", "kind": "Extension", "extensionKind": "Flutter.Frame", "isolateGroup": {"type": "@IsolateGroup", "id": "isolateGroups/6534132917220748", "name": "main.dart", "number": "6534132917220
EXT Extension {"type": "Event", "kind": "Extension", "extensionKind": "Flutter.ImageSizesForFrame", "isolateGroup": {"type": "@IsolateGroup", "id": "isolateGroups/6534132917220748", "name": "main.dart", "number": "
EXT Extension {"type": "Event", "kind": "Extension", "extensionKind": "Flutter.Frame", "isolateGroup": {"type": "@IsolateGroup", "id": "isolateGroups/6534132917220748", "name": "main.dart", "number": "6534132917220
EXT Extension {"type": "Event", "kind": "Extension", "extensionKind": "Flutter.Frame", "isolateGroup": {"type": "@IsolateGroup", "id": "isolateGroups/6534132917220748", "name": "main.dart", "number": "6534132917220
EXT Extension {"type": "Event", "kind": "Extension", "extensionKind": "Flutter.Frame", "isolateGroup": {"type": "@IsolateGroup", "id": "isolateGroups/6534132917220748", "name": "main.dart", "number": "6534132917220
EXT Extension {"type": "Event", "kind": "Extension", "extensionKind": "Flutter.Frame", "isolateGroup": {"type": "@IsolateGroup", "id": "isolateGroups/6534132917220748", "name": "main.dart", "number": "6534132917220
EXT Extension {"type": "Event", "kind": "Extension", "extensionKind": "Flutter.Frame", "isolateGroup": {"type": "@IsolateGroup", "id": "isolateGroups/6534132917220748", "name": "main.dart", "number": "6534132917220
EXT Extension {"type": "Event", "kind": "Extension", "extensionKind": "Flutter.Frame", "isolateGroup": {"type": "@IsolateGroup", "id": "isolateGroups/6534132917220748", "name": "main.dart", "number": "6534132917220
EXT Extension {"type": "Event", "kind": "Extension", "extensionKind": "Flutter.Frame", "isolateGroup": {"type": "@IsolateGroup", "id": "isolateGroups/6534132917220748", "name": "main.dart", "number": "6534132917220
EXT Extension {"type": "Event", "kind": "Extension", "extensionKind": "Flutter.ImageSizesForFrame", "isolateGroup": {"type": "@IsolateGroup", "id": "isolateGroups/6534132917220748", "name": "main.dart", "number": "
EXT Extension {"type": "Event", "kind": "Extension", "extensionKind": "Flutter.Frame", "isolateGroup": {"type": "@IsolateGroup", "id": "isolateGroups/6534132917220748", "name": "main.dart", "number": "6534132917220
EXT Extension {"type": "Event", "kind": "Extension", "extensionKind": "Flutter.Frame", "isolateGroup": {"type": "@IsolateGroup", "id": "isolateGroups/6534132917220748", "name": "main.dart", "number": "6534132917220
STDOUT flutter: 📊 analytics: filter_sheet_opened {screen: item_view_all, section: filter_sheet}STDOUT 
STDOUT flutter: [EVT] name=filter_sheet_opened params=[screen, section, module_id, zone_id]STDOUT 
EXT Extension {"type": "Event", "kind": "Extension", "extensionKind": "Flutter.Navigation", "isolateGroup": {"type": "@IsolateGroup", "id": "isolateGroups/6534132917220748", "name": "main.dart", "number": "65341329
EXT Extension {"type": "Event", "kind": "Extension", "extensionKind": "Flutter.Frame", "isolateGroup": {"type": "@IsolateGroup", "id": "isolateGroups/6534132917220748", "name": "main.dart", "number": "6534132917220
EXT Extension {"type": "Event", "kind": "Extension", "extensionKind": "Flutter.Frame", "isolateGroup": {"type": "@IsolateGroup", "id": "isolateGroups/6534132917220748", "name": "main.dart", "number": "6534132917220
EXT Extension {"type": "Event", "kind": "Extension", "extensionKind": "Flutter.Frame", "isolateGroup": {"type": "@IsolateGroup", "id": "isolateGroups/6534132917220748", "name": "main.dart", "number": "6534132917220
EXT Extension {"type": "Event", "kind": "Extension", "extensionKind": "Flutter.Frame", "isolateGroup": {"type": "@IsolateGroup", "id": "isolateGroups/6534132917220748", "name": "main.dart", "number": "6534132917220
EXT Extension {"type": "Event", "kind": "Extension", "extensionKind": "Flutter.Frame", "isolateGroup": {"type": "@IsolateGroup", "id": "isolateGroups/6534132917220748", "name": "main.dart", "number": "6534132917220
EXT Extension {"type": "Event", "kind": "Extension", "extensionKind": "Flutter.Frame", "isolateGroup": {"type": "@IsolateGroup", "id": "isolateGroups/6534132917220748", "name": "main.dart", "number": "6534132917220
EXT Extension {"type": "Event", "kind": "Extension", "extensionKind": "Flutter.Frame", "isolateGroup": {"type": "@IsolateGroup", "id": "isolateGroups/6534132917220748", "name": "main.dart", "number": "6534132917220
EXT Extension {"type": "Event", "kind": "Extension", "extensionKind": "Flutter.Frame", "isolateGroup": {"type": "@IsolateGroup", "id": "isolateGroups/6534132917220748", "name": "main.dart", "number": "6534132917220
EXT Extension {"type": "Event", "kind": "Extension", "extensionKind": "Flutter.Frame", "isolateGroup": {"type": "@IsolateGroup", "id": "isolateGroups/6534132917220748", "name": "main.dart", "number": "6534132917220
EXT Extension {"type": "Event", "kind": "Extension", "extensionKind": "Flutter.Frame", "isolateGroup": {"type": "@IsolateGroup", "id": "isolateGroups/6534132917220748", "name": "main.dart", "number": "6534132917220
EXT Extension {"type": "Event", "kind": "Extension", "extensionKind": "Flutter.Frame", "isolateGroup": {"type": "@IsolateGroup", "id": "isolateGroups/6534132917220748", "name": "main.dart", "number": "6534132917220
EXT Extension {"type": "Event", "kind": "Extension", "extensionKind": "Flutter.Frame", "isolateGroup": {"type": "@IsolateGroup", "id": "isolateGroups/6534132917220748", "name": "main.dart", "number": "6534132917220
EXT Extension {"type": "Event", "kind": "Extension", "extensionKind": "Flutter.Frame", "isolateGroup": {"type": "@IsolateGroup", "id": "isolateGroups/6534132917220748", "name": "main.dart", "number": "6534132917220
EXT Extension {"type": "Event", "kind": "Extension", "extensionKind": "Flutter.Frame", "isolateGroup": {"type": "@IsolateGroup", "id": "isolateGroups/6534132917220748", "name": "main.dart", "number": "6534132917220
EXT Extension {"type": "Event", "kind": "Extension", "extensionKind": "Flutter.Frame", "isolateGroup": {"type": "@IsolateGroup", "id": "isolateGroups/6534132917220748", "name": "main.dart", "number": "6534132917220
EXT Extension {"type": "Event", "kind": "Extension", "extensionKind": "Flutter.Frame", "isolateGroup": {"type": "@IsolateGroup", "id": "isolateGroups/6534132917220748", "name": "main.dart", "number": "6534132917220
EXT Extension {"type": "Event", "kind": "Extension", "extensionKind": "Flutter.Frame", "isolateGroup": {"type": "@IsolateGroup", "id": "isolateGroups/6534132917220748", "name": "main.dart", "number": "6534132917220
EXT Extension {"type": "Event", "kind": "Extension", "extensionKind": "Flutter.Frame", "isolateGroup": {"type": "@IsolateGroup", "id": "isolateGroups/6534132917220748", "name": "main.dart", "number": "6534132917220
EXT Extension {"type": "Event", "kind": "Extension", "extensionKind": "Flutter.Frame", "isolateGroup": {"type": "@IsolateGroup", "id": "isolateGroups/6534132917220748", "name": "main.dart", "number": "6534132917220
EXT Extension {"type": "Event", "kind": "Extension", "extensionKind": "Flutter.Frame", "isolateGroup": {"type": "@IsolateGroup", "id": "isolateGroups/6534132917220748", "name": "main.dart", "number": "6534132917220
EXT Extension {"type": "Event", "kind": "Extension", "extensionKind": "Flutter.Frame", "isolateGroup": {"type": "@IsolateGroup", "id": "isolateGroups/6534132917220748", "name": "main.dart", "number": "6534132917220
EXT Extension {"type": "Event", "kind": "Extension", "extensionKind": "Flutter.Frame", "isolateGroup": {"type": "@IsolateGroup", "id": "isolateGroups/6534132917220748", "name": "main.dart", "number": "6534132917220
EXT Extension {"type": "Event", "kind": "Extension", "extensionKind": "Flutter.Frame", "isolateGroup": {"type": "@IsolateGroup", "id": "isolateGroups/6534132917220748", "name": "main.dart", "number": "6534132917220
EXT Extension {"type": "Event", "kind": "Extension", "extensionKind": "Flutter.Frame", "isolateGroup": {"type": "@IsolateGroup", "id": "isolateGroups/6534132917220748", "name": "main.dart", "number": "6534132917220
EXT Extension {"type": "Event", "kind": "Extension", "extensionKind": "Flutter.Frame", "isolateGroup": {"type": "@IsolateGroup", "id": "isolateGroups/6534132917220748", "name": "main.dart", "number": "6534132917220
EXT Extension {"type": "Event", "kind": "Extension", "extensionKind": "Flutter.Frame", "isolateGroup": {"type": "@IsolateGroup", "id": "isolateGroups/6534132917220748", "name": "main.dart", "number": "6534132917220
EXT Extension {"type": "Event", "kind": "Extension", "extensionKind": "Flutter.Frame", "isolateGroup": {"type": "@IsolateGroup", "id": "isolateGroups/6534132917220748", "name": "main.dart", "number": "6534132917220
EXT Extension {"type": "Event", "kind": "Extension", "extensionKind": "Flutter.Frame", "isolateGroup": {"type": "@IsolateGroup", "id": "isolateGroups/6534132917220748", "name": "main.dart", "number": "6534132917220
EXT Extension {"type": "Event", "kind": "Extension", "extensionKind": "Flutter.Frame", "isolateGroup": {"type": "@IsolateGroup", "id": "isolateGroups/6534132917220748", "name": "main.dart", "number": "6534132917220
EXT Extension {"type": "Event", "kind": "Extension", "extensionKind": "Flutter.Frame", "isolateGroup": {"type": "@IsolateGroup", "id": "isolateGroups/6534132917220748", "name": "main.dart", "number": "6534132917220
EXT Extension {"type": "Event", "kind": "Extension", "extensionKind": "Flutter.Frame", "isolateGroup": {"type": "@IsolateGroup", "id": "isolateGroups/6534132917220748", "name": "main.dart", "number": "6534132917220
EXT Extension {"type": "Event", "kind": "Extension", "extensionKind": "Flutter.Frame", "isolateGroup": {"type": "@IsolateGroup", "id": "isolateGroups/6534132917220748", "name": "main.dart", "number": "6534132917220
EXT Extension {"type": "Event", "kind": "Extension", "extensionKind": "Flutter.Frame", "isolateGroup": {"type": "@IsolateGroup", "id": "isolateGroups/6534132917220748", "name": "main.dart", "number": "6534132917220
EXT Extension {"type": "Event", "kind": "Extension", "extensionKind": "Flutter.Frame", "isolateGroup": {"type": "@IsolateGroup", "id": "isolateGroups/6534132917220748", "name": "main.dart", "number": "6534132917220
EXT Extension {"type": "Event", "kind": "Extension", "extensionKind": "Flutter.Frame", "isolateGroup": {"type": "@IsolateGroup", "id": "isolateGroups/6534132917220748", "name": "main.dart", "number": "6534132917220
EXT Extension {"type": "Event", "kind": "Extension", "extensionKind": "Flutter.Frame", "isolateGroup": {"type": "@IsolateGroup", "id": "isolateGroups/6534132917220748", "name": "main.dart", "number": "6534132917220
EXT Extension {"type": "Event", "kind": "Extension", "extensionKind": "Flutter.Frame", "isolateGroup": {"type": "@IsolateGroup", "id": "isolateGroups/6534132917220748", "name": "main.dart", "number": "6534132917220
EXT Extension {"type": "Event", "kind": "Extension", "extensionKind": "Flutter.Frame", "isolateGroup": {"type": "@IsolateGroup", "id": "isolateGroups/6534132917220748", "name": "main.dart", "number": "6534132917220
EXT Extension {"type": "Event", "kind": "Extension", "extensionKind": "Flutter.Frame", "isolateGroup": {"type": "@IsolateGroup", "id": "isolateGroups/6534132917220748", "name": "main.dart", "number": "6534132917220
EXT Extension {"type": "Event", "kind": "Extension", "extensionKind": "Flutter.Frame", "isolateGroup": {"type": "@IsolateGroup", "id": "isolateGroups/6534132917220748", "name": "main.dart", "number": "6534132917220
EXT Extension {"type": "Event", "kind": "Extension", "extensionKind": "Flutter.Frame", "isolateGroup": {"type": "@IsolateGroup", "id": "isolateGroups/6534132917220748", "name": "main.dart", "number": "6534132917220
EXT Extension {"type": "Event", "kind": "Extension", "extensionKind": "Flutter.Frame", "isolateGroup": {"type": "@IsolateGroup", "id": "isolateGroups/6534132917220748", "name": "main.dart", "number": "6534132917220
EXT Extension {"type": "Event", "kind": "Extension", "extensionKind": "Flutter.ImageSizesForFrame", "isolateGroup": {"type": "@IsolateGroup", "id": "isolateGroups/6534132917220748", "name": "main.dart", "number": "
EXT Extension {"type": "Event", "kind": "Extension", "extensionKind": "Flutter.Frame", "isolateGroup": {"type": "@IsolateGroup", "id": "isolateGroups/6534132917220748", "name": "main.dart", "number": "6534132917220
EXT Extension {"type": "Event", "kind": "Extension", "extensionKind": "Flutter.Frame", "isolateGroup": {"type": "@IsolateGroup", "id": "isolateGroups/6534132917220748", "name": "main.dart", "number": "6534132917220
EXT Extension {"type": "Event", "kind": "Extension", "extensionKind": "Flutter.ImageSizesForFrame", "isolateGroup": {"type": "@IsolateGroup", "id": "isolateGroups/6534132917220748", "name": "main.dart", "number": "
EXT Extension {"type": "Event", "kind": "Extension", "extensionKind": "Flutter.Frame", "isolateGroup": {"type": "@IsolateGroup", "id": "isolateGroups/6534132917220748", "name": "main.dart", "number": "6534132917220
EXT Extension {"type": "Event", "kind": "Extension", "extensionKind": "Flutter.ImageSizesForFrame", "isolateGroup": {"type": "@IsolateGroup", "id": "isolateGroups/6534132917220748", "name": "main.dart", "number": "
EXT Extension {"type": "Event", "kind": "Extension", "extensionKind": "Flutter.Frame", "isolateGroup": {"type": "@IsolateGroup", "id": "isolateGroups/6534132917220748", "name": "main.dart", "number": "6534132917220
EXT Extension {"type": "Event", "kind": "Extension", "extensionKind": "Flutter.Frame", "isolateGroup": {"type": "@IsolateGroup", "id": "isolateGroups/6534132917220748", "name": "main.dart", "number": "6534132917220
EXT Extension {"type": "Event", "kind": "Extension", "extensionKind": "Flutter.Frame", "isolateGroup": {"type": "@IsolateGroup", "id": "isolateGroups/6534132917220748", "name": "main.dart", "number": "6534132917220
EXT Extension {"type": "Event", "kind": "Extension", "extensionKind": "Flutter.Frame", "isolateGroup": {"type": "@IsolateGroup", "id": "isolateGroups/6534132917220748", "name": "main.dart", "number": "6534132917220
EXT Extension {"type": "Event", "kind": "Extension", "extensionKind": "Flutter.Frame", "isolateGroup": {"type": "@IsolateGroup", "id": "isolateGroups/6534132917220748", "name": "main.dart", "number": "6534132917220
EXT Extension {"type": "Event", "kind": "Extension", "extensionKind": "Flutter.Frame", "isolateGroup": {"type": "@IsolateGroup", "id": "isolateGroups/6534132917220748", "name": "main.dart", "number": "6534132917220
EXT Extension {"type": "Event", "kind": "Extension", "extensionKind": "Flutter.Frame", "isolateGroup": {"type": "@IsolateGroup", "id": "isolateGroups/6534132917220748", "name": "main.dart", "number": "6534132917220
EXT Extension {"type": "Event", "kind": "Extension", "extensionKind": "Flutter.Frame", "isolateGroup": {"type": "@IsolateGroup", "id": "isolateGroups/6534132917220748", "name": "main.dart", "number": "6534132917220
EXT Extension {"type": "Event", "kind": "Extension", "extensionKind": "Flutter.Frame", "isolateGroup": {"type": "@IsolateGroup", "id": "isolateGroups/6534132917220748", "name": "main.dart", "number": "6534132917220
EXT Extension {"type": "Event", "kind": "Extension", "extensionKind": "Flutter.Frame", "isolateGroup": {"type": "@IsolateGroup", "id": "isolateGroups/6534132917220748", "name": "main.dart", "number": "6534132917220
EXT Extension {"type": "Event", "kind": "Extension", "extensionKind": "Flutter.Frame", "isolateGroup": {"type": "@IsolateGroup", "id": "isolateGroups/6534132917220748", "name": "main.dart", "number": "6534132917220
EXT Extension {"type": "Event", "kind": "Extension", "extensionKind": "Flutter.Frame", "isolateGroup": {"type": "@IsolateGroup", "id": "isolateGroups/6534132917220748", "name": "main.dart", "number": "6534132917220
EXT Extension {"type": "Event", "kind": "Extension", "extensionKind": "Flutter.Frame", "isolateGroup": {"type": "@IsolateGroup", "id": "isolateGroups/6534132917220748", "name": "main.dart", "number": "6534132917220
EXT Extension {"type": "Event", "kind": "Extension", "extensionKind": "Flutter.Frame", "isolateGroup": {"type": "@IsolateGroup", "id": "isolateGroups/6534132917220748", "name": "main.dart", "number": "6534132917220
EXT Extension {"type": "Event", "kind": "Extension", "extensionKind": "Flutter.Frame", "isolateGroup": {"type": "@IsolateGroup", "id": "isolateGroups/6534132917220748", "name": "main.dart", "number": "6534132917220
EXT Extension {"type": "Event", "kind": "Extension", "extensionKind": "Flutter.Frame", "isolateGroup": {"type": "@IsolateGroup", "id": "isolateGroups/6534132917220748", "name": "main.dart", "number": "6534132917220
EXT Extension {"type": "Event", "kind": "Extension", "extensionKind": "Flutter.Frame", "isolateGroup": {"type": "@IsolateGroup", "id": "isolateGroups/6534132917220748", "name": "main.dart", "number": "6534132917220
EXT Extension {"type": "Event", "kind": "Extension", "extensionKind": "Flutter.Frame", "isolateGroup": {"type": "@IsolateGroup", "id": "isolateGroups/6534132917220748", "name": "main.dart", "number": "6534132917220
EXT Extension {"type": "Event", "kind": "Extension", "extensionKind": "Flutter.Frame", "isolateGroup": {"type": "@IsolateGroup", "id": "isolateGroups/6534132917220748", "name": "main.dart", "number": "6534132917220
EXT Extension {"type": "Event", "kind": "Extension", "extensionKind": "Flutter.Frame", "isolateGroup": {"type": "@IsolateGroup", "id": "isolateGroups/6534132917220748", "name": "main.dart", "number": "6534132917220
EXT Extension {"type": "Event", "kind": "Extension", "extensionKind": "Flutter.Frame", "isolateGroup": {"type": "@IsolateGroup", "id": "isolateGroups/6534132917220748", "name": "main.dart", "number": "6534132917220
EXT Extension {"type": "Event", "kind": "Extension", "extensionKind": "Flutter.Frame", "isolateGroup": {"type": "@IsolateGroup", "id": "isolateGroups/6534132917220748", "name": "main.dart", "number": "6534132917220
EXT Extension {"type": "Event", "kind": "Extension", "extensionKind": "Flutter.Frame", "isolateGroup": {"type": "@IsolateGroup", "id": "isolateGroups/6534132917220748", "name": "main.dart", "number": "6534132917220
EXT Extension {"type": "Event", "kind": "Extension", "extensionKind": "Flutter.Frame", "isolateGroup": {"type": "@IsolateGroup", "id": "isolateGroups/6534132917220748", "name": "main.dart", "number": "6534132917220
EXT Extension {"type": "Event", "kind": "Extension", "extensionKind": "Flutter.Frame", "isolateGroup": {"type": "@IsolateGroup", "id": "isolateGroups/6534132917220748", "name": "main.dart", "number": "6534132917220
EXT Extension {"type": "Event", "kind": "Extension", "extensionKind": "Flutter.Frame", "isolateGroup": {"type": "@IsolateGroup", "id": "isolateGroups/6534132917220748", "name": "main.dart", "number": "6534132917220
EXT Extension {"type": "Event", "kind": "Extension", "extensionKind": "Flutter.Frame", "isolateGroup": {"type": "@IsolateGroup", "id": "isolateGroups/6534132917220748", "name": "main.dart", "number": "6534132917220
EXT Extension {"type": "Event", "kind": "Extension", "extensionKind": "Flutter.Frame", "isolateGroup": {"type": "@IsolateGroup", "id": "isolateGroups/6534132917220748", "name": "main.dart", "number": "6534132917220
EXT Extension {"type": "Event", "kind": "Extension", "extensionKind": "Flutter.Frame", "isolateGroup": {"type": "@IsolateGroup", "id": "isolateGroups/6534132917220748", "name": "main.dart", "number": "6534132917220
EXT Extension {"type": "Event", "kind": "Extension", "extensionKind": "Flutter.Frame", "isolateGroup": {"type": "@IsolateGroup", "id": "isolateGroups/6534132917220748", "name": "main.dart", "number": "6534132917220
EXT Extension {"type": "Event", "kind": "Extension", "extensionKind": "Flutter.Frame", "isolateGroup": {"type": "@IsolateGroup", "id": "isolateGroups/6534132917220748", "name": "main.dart", "number": "6534132917220
EXT Extension {"type": "Event", "kind": "Extension", "extensionKind": "Flutter.Frame", "isolateGroup": {"type": "@IsolateGroup", "id": "isolateGroups/6534132917220748", "name": "main.dart", "number": "6534132917220
EXT Extension {"type": "Event", "kind": "Extension", "extensionKind": "Flutter.Frame", "isolateGroup": {"type": "@IsolateGroup", "id": "isolateGroups/6534132917220748", "name": "main.dart", "number": "6534132917220
EXT Extension {"type": "Event", "kind": "Extension", "extensionKind": "Flutter.Frame", "isolateGroup": {"type": "@IsolateGroup", "id": "isolateGroups/6534132917220748", "name": "main.dart", "number": "6534132917220
EXT Extension {"type": "Event", "kind": "Extension", "extensionKind": "Flutter.Frame", "isolateGroup": {"type": "@IsolateGroup", "id": "isolateGroups/6534132917220748", "name": "main.dart", "number": "6534132917220
EXT Extension {"type": "Event", "kind": "Extension", "extensionKind": "Flutter.Frame", "isolateGroup": {"type": "@IsolateGroup", "id": "isolateGroups/6534132917220748", "name": "main.dart", "number": "6534132917220
EXT Extension {"type": "Event", "kind": "Extension", "extensionKind": "Flutter.Frame", "isolateGroup": {"type": "@IsolateGroup", "id": "isolateGroups/6534132917220748", "name": "main.dart", "number": "6534132917220
EXT Extension {"type": "Event", "kind": "Extension", "extensionKind": "Flutter.Frame", "isolateGroup": {"type": "@IsolateGroup", "id": "isolateGroups/6534132917220748", "name": "main.dart", "number": "6534132917220
EXT Extension {"type": "Event", "kind": "Extension", "extensionKind": "Flutter.Frame", "isolateGroup": {"type": "@IsolateGroup", "id": "isolateGroups/6534132917220748", "name": "main.dart", "number": "6534132917220
EXT Extension {"type": "Event", "kind": "Extension", "extensionKind": "Flutter.Frame", "isolateGroup": {"type": "@IsolateGroup", "id": "isolateGroups/6534132917220748", "name": "main.dart", "number": "6534132917220
EXT Extension {"type": "Event", "kind": "Extension", "extensionKind": "Flutter.Frame", "isolateGroup": {"type": "@IsolateGroup", "id": "isolateGroups/6534132917220748", "name": "main.dart", "number": "6534132917220
EXT Extension {"type": "Event", "kind": "Extension", "extensionKind": "Flutter.Frame", "isolateGroup": {"type": "@IsolateGroup", "id": "isolateGroups/6534132917220748", "name": "main.dart", "number": "6534132917220
EXT Extension {"type": "Event", "kind": "Extension", "extensionKind": "Flutter.Frame", "isolateGroup": {"type": "@IsolateGroup", "id": "isolateGroups/6534132917220748", "name": "main.dart", "number": "6534132917220
EXT Extension {"type": "Event", "kind": "Extension", "extensionKind": "Flutter.Frame", "isolateGroup": {"type": "@IsolateGroup", "id": "isolateGroups/6534132917220748", "name": "main.dart", "number": "6534132917220
EXT Extension {"type": "Event", "kind": "Extension", "extensionKind": "Flutter.Frame", "isolateGroup": {"type": "@IsolateGroup", "id": "isolateGroups/6534132917220748", "name": "main.dart", "number": "6534132917220
EXT Extension {"type": "Event", "kind": "Extension", "extensionKind": "Flutter.Frame", "isolateGroup": {"type": "@IsolateGroup", "id": "isolateGroups/6534132917220748", "name": "main.dart", "number": "6534132917220
EXT Extension {"type": "Event", "kind": "Extension", "extensionKind": "Flutter.Frame", "isolateGroup": {"type": "@IsolateGroup", "id": "isolateGroups/6534132917220748", "name": "main.dart", "number": "6534132917220
EXT Extension {"type": "Event", "kind": "Extension", "extensionKind": "Flutter.Frame", "isolateGroup": {"type": "@IsolateGroup", "id": "isolateGroups/6534132917220748", "name": "main.dart", "number": "6534132917220
EXT Extension {"type": "Event", "kind": "Extension", "extensionKind": "Flutter.Frame", "isolateGroup": {"type": "@IsolateGroup", "id": "isolateGroups/6534132917220748", "name": "main.dart", "number": "6534132917220
EXT Extension {"type": "Event", "kind": "Extension", "extensionKind": "Flutter.Frame", "isolateGroup": {"type": "@IsolateGroup", "id": "isolateGroups/6534132917220748", "name": "main.dart", "number": "6534132917220
EXT Extension {"type": "Event", "kind": "Extension", "extensionKind": "Flutter.Frame", "isolateGroup": {"type": "@IsolateGroup", "id": "isolateGroups/6534132917220748", "name": "main.dart", "number": "6534132917220
EXT Extension {"type": "Event", "kind": "Extension", "extensionKind": "Flutter.Frame", "isolateGroup": {"type": "@IsolateGroup", "id": "isolateGroups/6534132917220748", "name": "main.dart", "number": "6534132917220
EXT Extension {"type": "Event", "kind": "Extension", "extensionKind": "Flutter.Frame", "isolateGroup": {"type": "@IsolateGroup", "id": "isolateGroups/6534132917220748", "name": "main.dart", "number": "6534132917220
EXT Extension {"type": "Event", "kind": "Extension", "extensionKind": "Flutter.Frame", "isolateGroup": {"type": "@IsolateGroup", "id": "isolateGroups/6534132917220748", "name": "main.dart", "number": "6534132917220
EXT Extension {"type": "Event", "kind": "Extension", "extensionKind": "Flutter.Frame", "isolateGroup": {"type": "@IsolateGroup", "id": "isolateGroups/6534132917220748", "name": "main.dart", "number": "6534132917220
EXT Extension {"type": "Event", "kind": "Extension", "extensionKind": "Flutter.Frame", "isolateGroup": {"type": "@IsolateGroup", "id": "isolateGroups/6534132917220748", "name": "main.dart", "number": "6534132917220
EXT Extension {"type": "Event", "kind": "Extension", "extensionKind": "Flutter.Frame", "isolateGroup": {"type": "@IsolateGroup", "id": "isolateGroups/6534132917220748", "name": "main.dart", "number": "6534132917220
EXT Extension {"type": "Event", "kind": "Extension", "extensionKind": "Flutter.Frame", "isolateGroup": {"type": "@IsolateGroup", "id": "isolateGroups/6534132917220748", "name": "main.dart", "number": "6534132917220
EXT Extension {"type": "Event", "kind": "Extension", "extensionKind": "Flutter.Frame", "isolateGroup": {"type": "@IsolateGroup", "id": "isolateGroups/6534132917220748", "name": "main.dart", "number": "6534132917220
EXT Extension {"type": "Event", "kind": "Extension", "extensionKind": "Flutter.Frame", "isolateGroup": {"type": "@IsolateGroup", "id": "isolateGroups/6534132917220748", "name": "main.dart", "number": "6534132917220
EXT Extension {"type": "Event", "kind": "Extension", "extensionKind": "Flutter.Frame", "isolateGroup": {"type": "@IsolateGroup", "id": "isolateGroups/6534132917220748", "name": "main.dart", "number": "6534132917220
EXT Extension {"type": "Event", "kind": "Extension", "extensionKind": "Flutter.Frame", "isolateGroup": {"type": "@IsolateGroup", "id": "isolateGroups/6534132917220748", "name": "main.dart", "number": "6534132917220
EXT Extension {"type": "Event", "kind": "Extension", "extensionKind": "Flutter.Frame", "isolateGroup": {"type": "@IsolateGroup", "id": "isolateGroups/6534132917220748", "name": "main.dart", "number": "6534132917220
EXT Extension {"type": "Event", "kind": "Extension", "extensionKind": "Flutter.Frame", "isolateGroup": {"type": "@IsolateGroup", "id": "isolateGroups/6534132917220748", "name": "main.dart", "number": "6534132917220
EXT Extension {"type": "Event", "kind": "Extension", "extensionKind": "Flutter.Frame", "isolateGroup": {"type": "@IsolateGroup", "id": "isolateGroups/6534132917220748", "name": "main.dart", "number": "6534132917220
EXT Extension {"type": "Event", "kind": "Extension", "extensionKind": "Flutter.Frame", "isolateGroup": {"type": "@IsolateGroup", "id": "isolateGroups/6534132917220748", "name": "main.dart", "number": "6534132917220
EXT Extension {"type": "Event", "kind": "Extension", "extensionKind": "Flutter.Frame", "isolateGroup": {"type": "@IsolateGroup", "id": "isolateGroups/6534132917220748", "name": "main.dart", "number": "6534132917220
EXT Extension {"type": "Event", "kind": "Extension", "extensionKind": "Flutter.Frame", "isolateGroup": {"type": "@IsolateGroup", "id": "isolateGroups/6534132917220748", "name": "main.dart", "number": "6534132917220
EXT Extension {"type": "Event", "kind": "Extension", "extensionKind": "Flutter.Frame", "isolateGroup": {"type": "@IsolateGroup", "id": "isolateGroups/6534132917220748", "name": "main.dart", "number": "6534132917220
EXT Extension {"type": "Event", "kind": "Extension", "extensionKind": "Flutter.Frame", "isolateGroup": {"type": "@IsolateGroup", "id": "isolateGroups/6534132917220748", "name": "main.dart", "number": "6534132917220
EXT Extension {"type": "Event", "kind": "Extension", "extensionKind": "Flutter.Frame", "isolateGroup": {"type": "@IsolateGroup", "id": "isolateGroups/6534132917220748", "name": "main.dart", "number": "6534132917220
EXT Extension {"type": "Event", "kind": "Extension", "extensionKind": "Flutter.Frame", "isolateGroup": {"type": "@IsolateGroup", "id": "isolateGroups/6534132917220748", "name": "main.dart", "number": "6534132917220
EXT Extension {"type": "Event", "kind": "Extension", "extensionKind": "Flutter.Frame", "isolateGroup": {"type": "@IsolateGroup", "id": "isolateGroups/6534132917220748", "name": "main.dart", "number": "6534132917220
EXT Extension {"type": "Event", "kind": "Extension", "extensionKind": "Flutter.Frame", "isolateGroup": {"type": "@IsolateGroup", "id": "isolateGroups/6534132917220748", "name": "main.dart", "number": "6534132917220
EXT Extension {"type": "Event", "kind": "Extension", "extensionKind": "Flutter.Frame", "isolateGroup": {"type": "@IsolateGroup", "id": "isolateGroups/6534132917220748", "name": "main.dart", "number": "6534132917220
EXT Extension {"type": "Event", "kind": "Extension", "extensionKind": "Flutter.Frame", "isolateGroup": {"type": "@IsolateGroup", "id": "isolateGroups/6534132917220748", "name": "main.dart", "number": "6534132917220
EXT Extension {"type": "Event", "kind": "Extension", "extensionKind": "Flutter.Frame", "isolateGroup": {"type": "@IsolateGroup", "id": "isolateGroups/6534132917220748", "name": "main.dart", "number": "6534132917220
EXT Extension {"type": "Event", "kind": "Extension", "extensionKind": "Flutter.Frame", "isolateGroup": {"type": "@IsolateGroup", "id": "isolateGroups/6534132917220748", "name": "main.dart", "number": "6534132917220
EXT Extension {"type": "Event", "kind": "Extension", "extensionKind": "Flutter.Frame", "isolateGroup": {"type": "@IsolateGroup", "id": "isolateGroups/6534132917220748", "name": "main.dart", "number": "6534132917220
EXT Extension {"type": "Event", "kind": "Extension", "extensionKind": "Flutter.Frame", "isolateGroup": {"type": "@IsolateGroup", "id": "isolateGroups/6534132917220748", "name": "main.dart", "number": "6534132917220
EXT Extension {"type": "Event", "kind": "Extension", "extensionKind": "Flutter.Frame", "isolateGroup": {"type": "@IsolateGroup", "id": "isolateGroups/6534132917220748", "name": "main.dart", "number": "6534132917220
EXT Extension {"type": "Event", "kind": "Extension", "extensionKind": "Flutter.Frame", "isolateGroup": {"type": "@IsolateGroup", "id": "isolateGroups/6534132917220748", "name": "main.dart", "number": "6534132917220
EXT Extension {"type": "Event", "kind": "Extension", "extensionKind": "Flutter.Frame", "isolateGroup": {"type": "@IsolateGroup", "id": "isolateGroups/6534132917220748", "name": "main.dart", "number": "6534132917220
EXT Extension {"type": "Event", "kind": "Extension", "extensionKind": "Flutter.Frame", "isolateGroup": {"type": "@IsolateGroup", "id": "isolateGroups/6534132917220748", "name": "main.dart", "number": "6534132917220
EXT Extension {"type": "Event", "kind": "Extension", "extensionKind": "Flutter.Frame", "isolateGroup": {"type": "@IsolateGroup", "id": "isolateGroups/6534132917220748", "name": "main.dart", "number": "6534132917220
EXT Extension {"type": "Event", "kind": "Extension", "extensionKind": "Flutter.Frame", "isolateGroup": {"type": "@IsolateGroup", "id": "isolateGroups/6534132917220748", "name": "main.dart", "number": "6534132917220
EXT Extension {"type": "Event", "kind": "Extension", "extensionKind": "Flutter.Frame", "isolateGroup": {"type": "@IsolateGroup", "id": "isolateGroups/6534132917220748", "name": "main.dart", "number": "6534132917220
EXT Extension {"type": "Event", "kind": "Extension", "extensionKind": "Flutter.Frame", "isolateGroup": {"type": "@IsolateGroup", "id": "isolateGroups/6534132917220748", "name": "main.dart", "number": "6534132917220
EXT Extension {"type": "Event", "kind": "Extension", "extensionKind": "Flutter.Frame", "isolateGroup": {"type": "@IsolateGroup", "id": "isolateGroups/6534132917220748", "name": "main.dart", "number": "6534132917220
EXT Extension {"type": "Event", "kind": "Extension", "extensionKind": "Flutter.Frame", "isolateGroup": {"type": "@IsolateGroup", "id": "isolateGroups/6534132917220748", "name": "main.dart", "number": "6534132917220
EXT Extension {"type": "Event", "kind": "Extension", "extensionKind": "Flutter.Frame", "isolateGroup": {"type": "@IsolateGroup", "id": "isolateGroups/6534132917220748", "name": "main.dart", "number": "6534132917220
EXT Extension {"type": "Event", "kind": "Extension", "extensionKind": "Flutter.Frame", "isolateGroup": {"type": "@IsolateGroup", "id": "isolateGroups/6534132917220748", "name": "main.dart", "number": "6534132917220
EXT Extension {"type": "Event", "kind": "Extension", "extensionKind": "Flutter.Frame", "isolateGroup": {"type": "@IsolateGroup", "id": "isolateGroups/6534132917220748", "name": "main.dart", "number": "6534132917220
EXT Extension {"type": "Event", "kind": "Extension", "extensionKind": "Flutter.Frame", "isolateGroup": {"type": "@IsolateGroup", "id": "isolateGroups/6534132917220748", "name": "main.dart", "number": "6534132917220
EXT Extension {"type": "Event", "kind": "Extension", "extensionKind": "Flutter.Frame", "isolateGroup": {"type": "@IsolateGroup", "id": "isolateGroups/6534132917220748", "name": "main.dart", "number": "6534132917220
EXT Extension {"type": "Event", "kind": "Extension", "extensionKind": "Flutter.Frame", "isolateGroup": {"type": "@IsolateGroup", "id": "isolateGroups/6534132917220748", "name": "main.dart", "number": "6534132917220
EXT Extension {"type": "Event", "kind": "Extension", "extensionKind": "Flutter.Frame", "isolateGroup": {"type": "@IsolateGroup", "id": "isolateGroups/6534132917220748", "name": "main.dart", "number": "6534132917220
EXT Extension {"type": "Event", "kind": "Extension", "extensionKind": "Flutter.Frame", "isolateGroup": {"type": "@IsolateGroup", "id": "isolateGroups/6534132917220748", "name": "main.dart", "number": "6534132917220
EXT Extension {"type": "Event", "kind": "Extension", "extensionKind": "Flutter.Frame", "isolateGroup": {"type": "@IsolateGroup", "id": "isolateGroups/6534132917220748", "name": "main.dart", "number": "6534132917220
EXT Extension {"type": "Event", "kind": "Extension", "extensionKind": "Flutter.Frame", "isolateGroup": {"type": "@IsolateGroup", "id": "isolateGroups/6534132917220748", "name": "main.dart", "number": "6534132917220
EXT Extension {"type": "Event", "kind": "Extension", "extensionKind": "Flutter.Frame", "isolateGroup": {"type": "@IsolateGroup", "id": "isolateGroups/6534132917220748", "name": "main.dart", "number": "6534132917220
EXT Extension {"type": "Event", "kind": "Extension", "extensionKind": "Flutter.Frame", "isolateGroup": {"type": "@IsolateGroup", "id": "isolateGroups/6534132917220748", "name": "main.dart", "number": "6534132917220
EXT Extension {"type": "Event", "kind": "Extension", "extensionKind": "Flutter.Frame", "isolateGroup": {"type": "@IsolateGroup", "id": "isolateGroups/6534132917220748", "name": "main.dart", "number": "6534132917220
EXT Extension {"type": "Event", "kind": "Extension", "extensionKind": "Flutter.Frame", "isolateGroup": {"type": "@IsolateGroup", "id": "isolateGroups/6534132917220748", "name": "main.dart", "number": "6534132917220
EXT Extension {"type": "Event", "kind": "Extension", "extensionKind": "Flutter.Frame", "isolateGroup": {"type": "@IsolateGroup", "id": "isolateGroups/6534132917220748", "name": "main.dart", "number": "6534132917220
EXT Extension {"type": "Event", "kind": "Extension", "extensionKind": "Flutter.Frame", "isolateGroup": {"type": "@IsolateGroup", "id": "isolateGroups/6534132917220748", "name": "main.dart", "number": "6534132917220
EXT Extension {"type": "Event", "kind": "Extension", "extensionKind": "Flutter.Frame", "isolateGroup": {"type": "@IsolateGroup", "id": "isolateGroups/6534132917220748", "name": "main.dart", "number": "6534132917220
EXT Extension {"type": "Event", "kind": "Extension", "extensionKind": "Flutter.Frame", "isolateGroup": {"type": "@IsolateGroup", "id": "isolateGroups/6534132917220748", "name": "main.dart", "number": "6534132917220
EXT Extension {"type": "Event", "kind": "Extension", "extensionKind": "Flutter.Frame", "isolateGroup": {"type": "@IsolateGroup", "id": "isolateGroups/6534132917220748", "name": "main.dart", "number": "6534132917220
EXT Extension {"type": "Event", "kind": "Extension", "extensionKind": "Flutter.Frame", "isolateGroup": {"type": "@IsolateGroup", "id": "isolateGroups/6534132917220748", "name": "main.dart", "number": "6534132917220
EXT Extension {"type": "Event", "kind": "Extension", "extensionKind": "Flutter.Frame", "isolateGroup": {"type": "@IsolateGroup", "id": "isolateGroups/6534132917220748", "name": "main.dart", "number": "6534132917220
EXT Extension {"type": "Event", "kind": "Extension", "extensionKind": "Flutter.Frame", "isolateGroup": {"type": "@IsolateGroup", "id": "isolateGroups/6534132917220748", "name": "main.dart", "number": "6534132917220
EXT Extension {"type": "Event", "kind": "Extension", "extensionKind": "Flutter.Frame", "isolateGroup": {"type": "@IsolateGroup", "id": "isolateGroups/6534132917220748", "name": "main.dart", "number": "6534132917220
EXT Extension {"type": "Event", "kind": "Extension", "extensionKind": "Flutter.Frame", "isolateGroup": {"type": "@IsolateGroup", "id": "isolateGroups/6534132917220748", "name": "main.dart", "number": "6534132917220
EXT Extension {"type": "Event", "kind": "Extension", "extensionKind": "Flutter.Frame", "isolateGroup": {"type": "@IsolateGroup", "id": "isolateGroups/6534132917220748", "name": "main.dart", "number": "6534132917220
EXT Extension {"type": "Event", "kind": "Extension", "extensionKind": "Flutter.ImageSizesForFrame", "isolateGroup": {"type": "@IsolateGroup", "id": "isolateGroups/6534132917220748", "name": "main.dart", "number": "
EXT Extension {"type": "Event", "kind": "Extension", "extensionKind": "Flutter.Frame", "isolateGroup": {"type": "@IsolateGroup", "id": "isolateGroups/6534132917220748", "name": "main.dart", "number": "6534132917220
EXT Extension {"type": "Event", "kind": "Extension", "extensionKind": "Flutter.Frame", "isolateGroup": {"type": "@IsolateGroup", "id": "isolateGroups/6534132917220748", "name": "main.dart", "number": "6534132917220
EXT Extension {"type": "Event", "kind": "Extension", "extensionKind": "Flutter.Frame", "isolateGroup": {"type": "@IsolateGroup", "id": "isolateGroups/6534132917220748", "name": "main.dart", "number": "6534132917220
EXT Extension {"type": "Event", "kind": "Extension", "extensionKind": "Flutter.Frame", "isolateGroup": {"type": "@IsolateGroup", "id": "isolateGroups/6534132917220748", "name": "main.dart", "number": "6534132917220
EXT Extension {"type": "Event", "kind": "Extension", "extensionKind": "Flutter.Frame", "isolateGroup": {"type": "@IsolateGroup", "id": "isolateGroups/6534132917220748", "name": "main.dart", "number": "6534132917220
EXT Extension {"type": "Event", "kind": "Extension", "extensionKind": "Flutter.Frame", "isolateGroup": {"type": "@IsolateGroup", "id": "isolateGroups/6534132917220748", "name": "main.dart", "number": "6534132917220
EXT Extension {"type": "Event", "kind": "Extension", "extensionKind": "Flutter.Frame", "isolateGroup": {"type": "@IsolateGroup", "id": "isolateGroups/6534132917220748", "name": "main.dart", "number": "6534132917220
EXT Extension {"type": "Event", "kind": "Extension", "extensionKind": "Flutter.Frame", "isolateGroup": {"type": "@IsolateGroup", "id": "isolateGroups/6534132917220748", "name": "main.dart", "number": "6534132917220
EXT Extension {"type": "Event", "kind": "Extension", "extensionKind": "Flutter.Frame", "isolateGroup": {"type": "@IsolateGroup", "id": "isolateGroups/6534132917220748", "name": "main.dart", "number": "6534132917220
EXT Extension {"type": "Event", "kind": "Extension", "extensionKind": "Flutter.Frame", "isolateGroup": {"type": "@IsolateGroup", "id": "isolateGroups/6534132917220748", "name": "main.dart", "number": "6534132917220
EXT Extension {"type": "Event", "kind": "Extension", "extensionKind": "Flutter.Frame", "isolateGroup": {"type": "@IsolateGroup", "id": "isolateGroups/6534132917220748", "name": "main.dart", "number": "6534132917220
EXT Extension {"type": "Event", "kind": "Extension", "extensionKind": "Flutter.Frame", "isolateGroup": {"type": "@IsolateGroup", "id": "isolateGroups/6534132917220748", "name": "main.dart", "number": "6534132917220
EXT Extension {"type": "Event", "kind": "Extension", "extensionKind": "Flutter.Frame", "isolateGroup": {"type": "@IsolateGroup", "id": "isolateGroups/6534132917220748", "name": "main.dart", "number": "6534132917220
EXT Extension {"type": "Event", "kind": "Extension", "extensionKind": "Flutter.Frame", "isolateGroup": {"type": "@IsolateGroup", "id": "isolateGroups/6534132917220748", "name": "main.dart", "number": "6534132917220
EXT Extension {"type": "Event", "kind": "Extension", "extensionKind": "Flutter.Frame", "isolateGroup": {"type": "@IsolateGroup", "id": "isolateGroups/6534132917220748", "name": "main.dart", "number": "6534132917220
EXT Extension {"type": "Event", "kind": "Extension", "extensionKind": "Flutter.Frame", "isolateGroup": {"type": "@IsolateGroup", "id": "isolateGroups/6534132917220748", "name": "main.dart", "number": "6534132917220
EXT Extension {"type": "Event", "kind": "Extension", "extensionKind": "Flutter.Frame", "isolateGroup": {"type": "@IsolateGroup", "id": "isolateGroups/6534132917220748", "name": "main.dart", "number": "6534132917220
EXT Extension {"type": "Event", "kind": "Extension", "extensionKind": "Flutter.Frame", "isolateGroup": {"type": "@IsolateGroup", "id": "isolateGroups/6534132917220748", "name": "main.dart", "number": "6534132917220
EXT Extension {"type": "Event", "kind": "Extension", "extensionKind": "Flutter.Frame", "isolateGroup": {"type": "@IsolateGroup", "id": "isolateGroups/6534132917220748", "name": "main.dart", "number": "6534132917220
EXT Extension {"type": "Event", "kind": "Extension", "extensionKind": "Flutter.Frame", "isolateGroup": {"type": "@IsolateGroup", "id": "isolateGroups/6534132917220748", "name": "main.dart", "number": "6534132917220
EXT Extension {"type": "Event", "kind": "Extension", "extensionKind": "Flutter.Frame", "isolateGroup": {"type": "@IsolateGroup", "id": "isolateGroups/6534132917220748", "name": "main.dart", "number": "6534132917220
EXT Extension {"type": "Event", "kind": "Extension", "extensionKind": "Flutter.Frame", "isolateGroup": {"type": "@IsolateGroup", "id": "isolateGroups/6534132917220748", "name": "main.dart", "number": "6534132917220
EXT Extension {"type": "Event", "kind": "Extension", "extensionKind": "Flutter.Frame", "isolateGroup": {"type": "@IsolateGroup", "id": "isolateGroups/6534132917220748", "name": "main.dart", "number": "6534132917220
EXT Extension {"type": "Event", "kind": "Extension", "extensionKind": "Flutter.Frame", "isolateGroup": {"type": "@IsolateGroup", "id": "isolateGroups/6534132917220748", "name": "main.dart", "number": "6534132917220
EXT Extension {"type": "Event", "kind": "Extension", "extensionKind": "Flutter.Frame", "isolateGroup": {"type": "@IsolateGroup", "id": "isolateGroups/6534132917220748", "name": "main.dart", "number": "6534132917220
EXT Extension {"type": "Event", "kind": "Extension", "extensionKind": "Flutter.Frame", "isolateGroup": {"type": "@IsolateGroup", "id": "isolateGroups/6534132917220748", "name": "main.dart", "number": "6534132917220
EXT Extension {"type": "Event", "kind": "Extension", "extensionKind": "Flutter.Frame", "isolateGroup": {"type": "@IsolateGroup", "id": "isolateGroups/6534132917220748", "name": "main.dart", "number": "6534132917220
EXT Extension {"type": "Event", "kind": "Extension", "extensionKind": "Flutter.Frame", "isolateGroup": {"type": "@IsolateGroup", "id": "isolateGroups/6534132917220748", "name": "main.dart", "number": "6534132917220
EXT Extension {"type": "Event", "kind": "Extension", "extensionKind": "Flutter.Frame", "isolateGroup": {"type": "@IsolateGroup", "id": "isolateGroups/6534132917220748", "name": "main.dart", "number": "6534132917220
EXT Extension {"type": "Event", "kind": "Extension", "extensionKind": "Flutter.Frame", "isolateGroup": {"type": "@IsolateGroup", "id": "isolateGroups/6534132917220748", "name": "main.dart", "number": "6534132917220
STDOUT flutter: 📊 analytics: filter_applied {screen: item_view_all, section: filter_sheet, applied_filters_count: 2, sort_key: high, availability: true, list_id: item_view_all}STDOUT 
STDOUT flutter: [EVT] name=filter_applied params=[screen, section, module_id, zone_id, applied_filters_count, sort_key, availability, list_id]STDOUT 
STDOUT flutter: [NET] GET endpoint=/api/v1/items/most-reviewedSTDOUT 
EXT Extension {"type": "Event", "kind": "Extension", "extensionKind": "Flutter.Navigation", "isolateGroup": {"type": "@IsolateGroup", "id": "isolateGroups/6534132917220748", "name": "main.dart", "number": "65341329
LOG[] AnalyticsService.logEvent(filter_applied) failed: 'package:firebase_analytics/src/firebase_analytics.dart': Failed assertion: li
EXT Extension {"type": "Event", "kind": "Extension", "extensionKind": "Flutter.Frame", "isolateGroup": {"type": "@IsolateGroup", "id": "isolateGroups/6534132917220748", "name": "main.dart", "number": "6534132917220
EXT Extension {"type": "Event", "kind": "Extension", "extensionKind": "Flutter.Frame", "isolateGroup": {"type": "@IsolateGroup", "id": "isolateGroups/6534132917220748", "name": "main.dart", "number": "6534132917220
EXT Extension {"type": "Event", "kind": "Extension", "extensionKind": "Flutter.Frame", "isolateGroup": {"type": "@IsolateGroup", "id": "isolateGroups/6534132917220748", "name": "main.dart", "number": "6534132917220
EXT Extension {"type": "Event", "kind": "Extension", "extensionKind": "Flutter.Frame", "isolateGroup": {"type": "@IsolateGroup", "id": "isolateGroups/6534132917220748", "name": "main.dart", "number": "6534132917220
EXT Extension {"type": "Event", "kind": "Extension", "extensionKind": "Flutter.Frame", "isolateGroup": {"type": "@IsolateGroup", "id": "isolateGroups/6534132917220748", "name": "main.dart", "number": "6534132917220
EXT Extension {"type": "Event", "kind": "Extension", "extensionKind": "Flutter.Frame", "isolateGroup": {"type": "@IsolateGroup", "id": "isolateGroups/6534132917220748", "name": "main.dart", "number": "6534132917220
EXT Extension {"type": "Event", "kind": "Extension", "extensionKind": "Flutter.Frame", "isolateGroup": {"type": "@IsolateGroup", "id": "isolateGroups/6534132917220748", "name": "main.dart", "number": "6534132917220
EXT Extension {"type": "Event", "kind": "Extension", "extensionKind": "Flutter.Frame", "isolateGroup": {"type": "@IsolateGroup", "id": "isolateGroups/6534132917220748", "name": "main.dart", "number": "6534132917220
EXT Extension {"type": "Event", "kind": "Extension", "extensionKind": "Flutter.Frame", "isolateGroup": {"type": "@IsolateGroup", "id": "isolateGroups/6534132917220748", "name": "main.dart", "number": "6534132917220
EXT Extension {"type": "Event", "kind": "Extension", "extensionKind": "Flutter.Frame", "isolateGroup": {"type": "@IsolateGroup", "id": "isolateGroups/6534132917220748", "name": "main.dart", "number": "6534132917220
EXT Extension {"type": "Event", "kind": "Extension", "extensionKind": "Flutter.Frame", "isolateGroup": {"type": "@IsolateGroup", "id": "isolateGroups/6534132917220748", "name": "main.dart", "number": "6534132917220
EXT Extension {"type": "Event", "kind": "Extension", "extensionKind": "Flutter.Frame", "isolateGroup": {"type": "@IsolateGroup", "id": "isolateGroups/6534132917220748", "name": "main.dart", "number": "6534132917220
EXT Extension {"type": "Event", "kind": "Extension", "extensionKind": "Flutter.Frame", "isolateGroup": {"type": "@IsolateGroup", "id": "isolateGroups/6534132917220748", "name": "main.dart", "number": "6534132917220
EXT Extension {"type": "Event", "kind": "Extension", "extensionKind": "Flutter.Frame", "isolateGroup": {"type": "@IsolateGroup", "id": "isolateGroups/6534132917220748", "name": "main.dart", "number": "6534132917220
EXT Extension {"type": "Event", "kind": "Extension", "extensionKind": "Flutter.Frame", "isolateGroup": {"type": "@IsolateGroup", "id": "isolateGroups/6534132917220748", "name": "main.dart", "number": "6534132917220
EXT Extension {"type": "Event", "kind": "Extension", "extensionKind": "Flutter.Frame", "isolateGroup": {"type": "@IsolateGroup", "id": "isolateGroups/6534132917220748", "name": "main.dart", "number": "6534132917220
EXT Extension {"type": "Event", "kind": "Extension", "extensionKind": "Flutter.Frame", "isolateGroup": {"type": "@IsolateGroup", "id": "isolateGroups/6534132917220748", "name": "main.dart", "number": "6534132917220
EXT Extension {"type": "Event", "kind": "Extension", "extensionKind": "Flutter.Frame", "isolateGroup": {"type": "@IsolateGroup", "id": "isolateGroups/6534132917220748", "name": "main.dart", "number": "6534132917220
EXT Extension {"type": "Event", "kind": "Extension", "extensionKind": "Flutter.Frame", "isolateGroup": {"type": "@IsolateGroup", "id": "isolateGroups/6534132917220748", "name": "main.dart", "number": "6534132917220
EXT Extension {"type": "Event", "kind": "Extension", "extensionKind": "Flutter.Frame", "isolateGroup": {"type": "@IsolateGroup", "id": "isolateGroups/6534132917220748", "name": "main.dart", "number": "6534132917220
EXT Extension {"type": "Event", "kind": "Extension", "extensionKind": "Flutter.Frame", "isolateGroup": {"type": "@IsolateGroup", "id": "isolateGroups/6534132917220748", "name": "main.dart", "number": "6534132917220
EXT Extension {"type": "Event", "kind": "Extension", "extensionKind": "Flutter.Frame", "isolateGroup": {"type": "@IsolateGroup", "id": "isolateGroups/6534132917220748", "name": "main.dart", "number": "6534132917220
EXT Extension {"type": "Event", "kind": "Extension", "extensionKind": "Flutter.Frame", "isolateGroup": {"type": "@IsolateGroup", "id": "isolateGroups/6534132917220748", "name": "main.dart", "number": "6534132917220
EXT Extension {"type": "Event", "kind": "Extension", "extensionKind": "Flutter.Frame", "isolateGroup": {"type": "@IsolateGroup", "id": "isolateGroups/6534132917220748", "name": "main.dart", "number": "6534132917220
EXT Extension {"type": "Event", "kind": "Extension", "extensionKind": "Flutter.Frame", "isolateGroup": {"type": "@IsolateGroup", "id": "isolateGroups/6534132917220748", "name": "main.dart", "number": "6534132917220
EXT Extension {"type": "Event", "kind": "Extension", "extensionKind": "Flutter.Frame", "isolateGroup": {"type": "@IsolateGroup", "id": "isolateGroups/6534132917220748", "name": "main.dart", "number": "6534132917220
EXT Extension {"type": "Event", "kind": "Extension", "extensionKind": "Flutter.Frame", "isolateGroup": {"type": "@IsolateGroup", "id": "isolateGroups/6534132917220748", "name": "main.dart", "number": "6534132917220
EXT Extension {"type": "Event", "kind": "Extension", "extensionKind": "Flutter.Frame", "isolateGroup": {"type": "@IsolateGroup", "id": "isolateGroups/6534132917220748", "name": "main.dart", "number": "6534132917220
EXT Extension {"type": "Event", "kind": "Extension", "extensionKind": "Flutter.Frame", "isolateGroup": {"type": "@IsolateGroup", "id": "isolateGroups/6534132917220748", "name": "main.dart", "number": "6534132917220
EXT Extension {"type": "Event", "kind": "Extension", "extensionKind": "Flutter.Frame", "isolateGroup": {"type": "@IsolateGroup", "id": "isolateGroups/6534132917220748", "name": "main.dart", "number": "6534132917220
EXT Extension {"type": "Event", "kind": "Extension", "extensionKind": "Flutter.Frame", "isolateGroup": {"type": "@IsolateGroup", "id": "isolateGroups/6534132917220748", "name": "main.dart", "number": "6534132917220
EXT Extension {"type": "Event", "kind": "Extension", "extensionKind": "Flutter.Frame", "isolateGroup": {"type": "@IsolateGroup", "id": "isolateGroups/6534132917220748", "name": "main.dart", "number": "6534132917220
EXT Extension {"type": "Event", "kind": "Extension", "extensionKind": "Flutter.Frame", "isolateGroup": {"type": "@IsolateGroup", "id": "isolateGroups/6534132917220748", "name": "main.dart", "number": "6534132917220
EXT Extension {"type": "Event", "kind": "Extension", "extensionKind": "Flutter.Frame", "isolateGroup": {"type": "@IsolateGroup", "id": "isolateGroups/6534132917220748", "name": "main.dart", "number": "6534132917220
EXT Extension {"type": "Event", "kind": "Extension", "extensionKind": "Flutter.Frame", "isolateGroup": {"type": "@IsolateGroup", "id": "isolateGroups/6534132917220748", "name": "main.dart", "number": "6534132917220
EXT Extension {"type": "Event", "kind": "Extension", "extensionKind": "Flutter.Frame", "isolateGroup": {"type": "@IsolateGroup", "id": "isolateGroups/6534132917220748", "name": "main.dart", "number": "6534132917220
EXT Extension {"type": "Event", "kind": "Extension", "extensionKind": "Flutter.Frame", "isolateGroup": {"type": "@IsolateGroup", "id": "isolateGroups/6534132917220748", "name": "main.dart", "number": "6534132917220
EXT Extension {"type": "Event", "kind": "Extension", "extensionKind": "Flutter.Frame", "isolateGroup": {"type": "@IsolateGroup", "id": "isolateGroups/6534132917220748", "name": "main.dart", "number": "6534132917220
EXT Extension {"type": "Event", "kind": "Extension", "extensionKind": "Flutter.Frame", "isolateGroup": {"type": "@IsolateGroup", "id": "isolateGroups/6534132917220748", "name": "main.dart", "number": "6534132917220
EXT Extension {"type": "Event", "kind": "Extension", "extensionKind": "Flutter.Frame", "isolateGroup": {"type": "@IsolateGroup", "id": "isolateGroups/6534132917220748", "name": "main.dart", "number": "6534132917220
EXT Extension {"type": "Event", "kind": "Extension", "extensionKind": "Flutter.Frame", "isolateGroup": {"type": "@IsolateGroup", "id": "isolateGroups/6534132917220748", "name": "main.dart", "number": "6534132917220
EXT Extension {"type": "Event", "kind": "Extension", "extensionKind": "Flutter.Frame", "isolateGroup": {"type": "@IsolateGroup", "id": "isolateGroups/6534132917220748", "name": "main.dart", "number": "6534132917220
STDOUT flutter: [NET] endpoint=/api/v1/items/most-reviewed http_status=200STDOUT 
STDOUT flutter: 📊 analytics: view_item_list {item_list_id: item_view_all, item_list_name: item_view_all, item_count: 25, screen: item_view_all}STDOUT 
EXT Extension {"type": "Event", "kind": "Extension", "extensionKind": "Flutter.Frame", "isolateGroup": {"type": "@IsolateGroup", "id": "isolateGroups/6534132917220748", "name": "main.dart", "number": "6534132917220
EXT Extension {"type": "Event", "kind": "Extension", "extensionKind": "Flutter.Frame", "isolateGroup": {"type": "@IsolateGroup", "id": "isolateGroups/6534132917220748", "name": "main.dart", "number": "6534132917220
EXT Extension {"type": "Event", "kind": "Extension", "extensionKind": "Flutter.Frame", "isolateGroup": {"type": "@IsolateGroup", "id": "isolateGroups/6534132917220748", "name": "main.dart", "number": "6534132917220
EXT Extension {"type": "Event", "kind": "Extension", "extensionKind": "Flutter.Frame", "isolateGroup": {"type": "@IsolateGroup", "id": "isolateGroups/6534132917220748", "name": "main.dart", "number": "6534132917220
EXT Extension {"type": "Event", "kind": "Extension", "extensionKind": "Flutter.Frame", "isolateGroup": {"type": "@IsolateGroup", "id": "isolateGroups/6534132917220748", "name": "main.dart", "number": "6534132917220
EXT Extension {"type": "Event", "kind": "Extension", "extensionKind": "Flutter.Frame", "isolateGroup": {"type": "@IsolateGroup", "id": "isolateGroups/6534132917220748", "name": "main.dart", "number": "6534132917220
EXT Extension {"type": "Event", "kind": "Extension", "extensionKind": "Flutter.Frame", "isolateGroup": {"type": "@IsolateGroup", "id": "isolateGroups/6534132917220748", "name": "main.dart", "number": "6534132917220
EXT Extension {"type": "Event", "kind": "Extension", "extensionKind": "Flutter.Frame", "isolateGroup": {"type": "@IsolateGroup", "id": "isolateGroups/6534132917220748", "name": "main.dart", "number": "6534132917220
EXT Extension {"type": "Event", "kind": "Extension", "extensionKind": "Flutter.Frame", "isolateGroup": {"type": "@IsolateGroup", "id": "isolateGroups/6534132917220748", "name": "main.dart", "number": "6534132917220
EXT Extension {"type": "Event", "kind": "Extension", "extensionKind": "Flutter.Frame", "isolateGroup": {"type": "@IsolateGroup", "id": "isolateGroups/6534132917220748", "name": "main.dart", "number": "6534132917220
EXT Extension {"type": "Event", "kind": "Extension", "extensionKind": "Flutter.Frame", "isolateGroup": {"type": "@IsolateGroup", "id": "isolateGroups/6534132917220748", "name": "main.dart", "number": "6534132917220
EXT Extension {"type": "Event", "kind": "Extension", "extensionKind": "Flutter.Frame", "isolateGroup": {"type": "@IsolateGroup", "id": "isolateGroups/6534132917220748", "name": "main.dart", "number": "6534132917220
EXT Extension {"type": "Event", "kind": "Extension", "extensionKind": "Flutter.Frame", "isolateGroup": {"type": "@IsolateGroup", "id": "isolateGroups/6534132917220748", "name": "main.dart", "number": "6534132917220
EXT Extension {"type": "Event", "kind": "Extension", "extensionKind": "Flutter.Frame", "isolateGroup": {"type": "@IsolateGroup", "id": "isolateGroups/6534132917220748", "name": "main.dart", "number": "6534132917220
EXT Extension {"type": "Event", "kind": "Extension", "extensionKind": "Flutter.Frame", "isolateGroup": {"type": "@IsolateGroup", "id": "isolateGroups/6534132917220748", "name": "main.dart", "number": "6534132917220
EXT Extension {"type": "Event", "kind": "Extension", "extensionKind": "Flutter.Frame", "isolateGroup": {"type": "@IsolateGroup", "id": "isolateGroups/6534132917220748", "name": "main.dart", "number": "6534132917220
EXT Extension {"type": "Event", "kind": "Extension", "extensionKind": "Flutter.Frame", "isolateGroup": {"type": "@IsolateGroup", "id": "isolateGroups/6534132917220748", "name": "main.dart", "number": "6534132917220
STDOUT flutter: 📊 analytics: filter_sheet_opened {screen: item_view_all, section: filter_sheet}STDOUT 
STDOUT flutter: [EVT] name=filter_sheet_opened params=[screen, section, module_id, zone_id]STDOUT 
EXT Extension {"type": "Event", "kind": "Extension", "extensionKind": "Flutter.Navigation", "isolateGroup": {"type": "@IsolateGroup", "id": "isolateGroups/6534132917220748", "name": "main.dart", "number": "65341329
EXT Extension {"type": "Event", "kind": "Extension", "extensionKind": "Flutter.Frame", "isolateGroup": {"type": "@IsolateGroup", "id": "isolateGroups/6534132917220748", "name": "main.dart", "number": "6534132917220
EXT Extension {"type": "Event", "kind": "Extension", "extensionKind": "Flutter.Frame", "isolateGroup": {"type": "@IsolateGroup", "id": "isolateGroups/6534132917220748", "name": "main.dart", "number": "6534132917220
EXT Extension {"type": "Event", "kind": "Extension", "extensionKind": "Flutter.Frame", "isolateGroup": {"type": "@IsolateGroup", "id": "isolateGroups/6534132917220748", "name": "main.dart", "number": "6534132917220
EXT Extension {"type": "Event", "kind": "Extension", "extensionKind": "Flutter.Frame", "isolateGroup": {"type": "@IsolateGroup", "id": "isolateGroups/6534132917220748", "name": "main.dart", "number": "6534132917220
EXT Extension {"type": "Event", "kind": "Extension", "extensionKind": "Flutter.Frame", "isolateGroup": {"type": "@IsolateGroup", "id": "isolateGroups/6534132917220748", "name": "main.dart", "number": "6534132917220
EXT Extension {"type": "Event", "kind": "Extension", "extensionKind": "Flutter.Frame", "isolateGroup": {"type": "@IsolateGroup", "id": "isolateGroups/6534132917220748", "name": "main.dart", "number": "6534132917220
EXT Extension {"type": "Event", "kind": "Extension", "extensionKind": "Flutter.Frame", "isolateGroup": {"type": "@IsolateGroup", "id": "isolateGroups/6534132917220748", "name": "main.dart", "number": "6534132917220
EXT Extension {"type": "Event", "kind": "Extension", "extensionKind": "Flutter.Frame", "isolateGroup": {"type": "@IsolateGroup", "id": "isolateGroups/6534132917220748", "name": "main.dart", "number": "6534132917220
EXT Extension {"type": "Event", "kind": "Extension", "extensionKind": "Flutter.Frame", "isolateGroup": {"type": "@IsolateGroup", "id": "isolateGroups/6534132917220748", "name": "main.dart", "number": "6534132917220
EXT Extension {"type": "Event", "kind": "Extension", "extensionKind": "Flutter.Frame", "isolateGroup": {"type": "@IsolateGroup", "id": "isolateGroups/6534132917220748", "name": "main.dart", "number": "6534132917220
EXT Extension {"type": "Event", "kind": "Extension", "extensionKind": "Flutter.Frame", "isolateGroup": {"type": "@IsolateGroup", "id": "isolateGroups/6534132917220748", "name": "main.dart", "number": "6534132917220
EXT Extension {"type": "Event", "kind": "Extension", "extensionKind": "Flutter.Frame", "isolateGroup": {"type": "@IsolateGroup", "id": "isolateGroups/6534132917220748", "name": "main.dart", "number": "6534132917220
EXT Extension {"type": "Event", "kind": "Extension", "extensionKind": "Flutter.Frame", "isolateGroup": {"type": "@IsolateGroup", "id": "isolateGroups/6534132917220748", "name": "main.dart", "number": "6534132917220
EXT Extension {"type": "Event", "kind": "Extension", "extensionKind": "Flutter.Frame", "isolateGroup": {"type": "@IsolateGroup", "id": "isolateGroups/6534132917220748", "name": "main.dart", "number": "6534132917220
EXT Extension {"type": "Event", "kind": "Extension", "extensionKind": "Flutter.Frame", "isolateGroup": {"type": "@IsolateGroup", "id": "isolateGroups/6534132917220748", "name": "main.dart", "number": "6534132917220
EXT Extension {"type": "Event", "kind": "Extension", "extensionKind": "Flutter.Frame", "isolateGroup": {"type": "@IsolateGroup", "id": "isolateGroups/6534132917220748", "name": "main.dart", "number": "6534132917220
EXT Extension {"type": "Event", "kind": "Extension", "extensionKind": "Flutter.Frame", "isolateGroup": {"type": "@IsolateGroup", "id": "isolateGroups/6534132917220748", "name": "main.dart", "number": "6534132917220
EXT Extension {"type": "Event", "kind": "Extension", "extensionKind": "Flutter.Frame", "isolateGroup": {"type": "@IsolateGroup", "id": "isolateGroups/6534132917220748", "name": "main.dart", "number": "6534132917220
EXT Extension {"type": "Event", "kind": "Extension", "extensionKind": "Flutter.Frame", "isolateGroup": {"type": "@IsolateGroup", "id": "isolateGroups/6534132917220748", "name": "main.dart", "number": "6534132917220
EXT Extension {"type": "Event", "kind": "Extension", "extensionKind": "Flutter.Frame", "isolateGroup": {"type": "@IsolateGroup", "id": "isolateGroups/6534132917220748", "name": "main.dart", "number": "6534132917220
EXT Extension {"type": "Event", "kind": "Extension", "extensionKind": "Flutter.Frame", "isolateGroup": {"type": "@IsolateGroup", "id": "isolateGroups/6534132917220748", "name": "main.dart", "number": "6534132917220
EXT Extension {"type": "Event", "kind": "Extension", "extensionKind": "Flutter.Frame", "isolateGroup": {"type": "@IsolateGroup", "id": "isolateGroups/6534132917220748", "name": "main.dart", "number": "6534132917220
EXT Extension {"type": "Event", "kind": "Extension", "extensionKind": "Flutter.Frame", "isolateGroup": {"type": "@IsolateGroup", "id": "isolateGroups/6534132917220748", "name": "main.dart", "number": "6534132917220
EXT Extension {"type": "Event", "kind": "Extension", "extensionKind": "Flutter.Frame", "isolateGroup": {"type": "@IsolateGroup", "id": "isolateGroups/6534132917220748", "name": "main.dart", "number": "6534132917220
EXT Extension {"type": "Event", "kind": "Extension", "extensionKind": "Flutter.Frame", "isolateGroup": {"type": "@IsolateGroup", "id": "isolateGroups/6534132917220748", "name": "main.dart", "number": "6534132917220
EXT Extension {"type": "Event", "kind": "Extension", "extensionKind": "Flutter.Frame", "isolateGroup": {"type": "@IsolateGroup", "id": "isolateGroups/6534132917220748", "name": "main.dart", "number": "6534132917220
EXT Extension {"type": "Event", "kind": "Extension", "extensionKind": "Flutter.Frame", "isolateGroup": {"type": "@IsolateGroup", "id": "isolateGroups/6534132917220748", "name": "main.dart", "number": "6534132917220
EXT Extension {"type": "Event", "kind": "Extension", "extensionKind": "Flutter.Frame", "isolateGroup": {"type": "@IsolateGroup", "id": "isolateGroups/6534132917220748", "name": "main.dart", "number": "6534132917220
EXT Extension {"type": "Event", "kind": "Extension", "extensionKind": "Flutter.Frame", "isolateGroup": {"type": "@IsolateGroup", "id": "isolateGroups/6534132917220748", "name": "main.dart", "number": "6534132917220
EXT Extension {"type": "Event", "kind": "Extension", "extensionKind": "Flutter.Frame", "isolateGroup": {"type": "@IsolateGroup", "id": "isolateGroups/6534132917220748", "name": "main.dart", "number": "6534132917220
EXT Extension {"type": "Event", "kind": "Extension", "extensionKind": "Flutter.Frame", "isolateGroup": {"type": "@IsolateGroup", "id": "isolateGroups/6534132917220748", "name": "main.dart", "number": "6534132917220
EXT Extension {"type": "Event", "kind": "Extension", "extensionKind": "Flutter.Frame", "isolateGroup": {"type": "@IsolateGroup", "id": "isolateGroups/6534132917220748", "name": "main.dart", "number": "6534132917220
EXT Extension {"type": "Event", "kind": "Extension", "extensionKind": "Flutter.Frame", "isolateGroup": {"type": "@IsolateGroup", "id": "isolateGroups/6534132917220748", "name": "main.dart", "number": "6534132917220
EXT Extension {"type": "Event", "kind": "Extension", "extensionKind": "Flutter.Frame", "isolateGroup": {"type": "@IsolateGroup", "id": "isolateGroups/6534132917220748", "name": "main.dart", "number": "6534132917220
EXT Extension {"type": "Event", "kind": "Extension", "extensionKind": "Flutter.Frame", "isolateGroup": {"type": "@IsolateGroup", "id": "isolateGroups/6534132917220748", "name": "main.dart", "number": "6534132917220
EXT Extension {"type": "Event", "kind": "Extension", "extensionKind": "Flutter.Frame", "isolateGroup": {"type": "@IsolateGroup", "id": "isolateGroups/6534132917220748", "name": "main.dart", "number": "6534132917220
EXT Extension {"type": "Event", "kind": "Extension", "extensionKind": "Flutter.Frame", "isolateGroup": {"type": "@IsolateGroup", "id": "isolateGroups/6534132917220748", "name": "main.dart", "number": "6534132917220
EXT Extension {"type": "Event", "kind": "Extension", "extensionKind": "Flutter.Frame", "isolateGroup": {"type": "@IsolateGroup", "id": "isolateGroups/6534132917220748", "name": "main.dart", "number": "6534132917220
EXT Extension {"type": "Event", "kind": "Extension", "extensionKind": "Flutter.Frame", "isolateGroup": {"type": "@IsolateGroup", "id": "isolateGroups/6534132917220748", "name": "main.dart", "number": "6534132917220
EXT Extension {"type": "Event", "kind": "Extension", "extensionKind": "Flutter.Frame", "isolateGroup": {"type": "@IsolateGroup", "id": "isolateGroups/6534132917220748", "name": "main.dart", "number": "6534132917220
EXT Extension {"type": "Event", "kind": "Extension", "extensionKind": "Flutter.Frame", "isolateGroup": {"type": "@IsolateGroup", "id": "isolateGroups/6534132917220748", "name": "main.dart", "number": "6534132917220
EXT Extension {"type": "Event", "kind": "Extension", "extensionKind": "Flutter.Frame", "isolateGroup": {"type": "@IsolateGroup", "id": "isolateGroups/6534132917220748", "name": "main.dart", "number": "6534132917220
EXT Extension {"type": "Event", "kind": "Extension", "extensionKind": "Flutter.Frame", "isolateGroup": {"type": "@IsolateGroup", "id": "isolateGroups/6534132917220748", "name": "main.dart", "number": "6534132917220
EXT Extension {"type": "Event", "kind": "Extension", "extensionKind": "Flutter.Frame", "isolateGroup": {"type": "@IsolateGroup", "id": "isolateGroups/6534132917220748", "name": "main.dart", "number": "6534132917220
EXT Extension {"type": "Event", "kind": "Extension", "extensionKind": "Flutter.Frame", "isolateGroup": {"type": "@IsolateGroup", "id": "isolateGroups/6534132917220748", "name": "main.dart", "number": "6534132917220
STDOUT flutter: 📊 analytics: filters_cleared {screen: item_view_all, section: applied_filters_bar, cleared_filters_count: 2}STDOUT 
STDOUT flutter: [EVT] name=filters_cleared params=[screen, section, module_id, zone_id, cleared_filters_count]STDOUT 
STDOUT flutter: [NET] GET endpoint=/api/v1/items/most-reviewedSTDOUT 
EXT Extension {"type": "Event", "kind": "Extension", "extensionKind": "Flutter.Frame", "isolateGroup": {"type": "@IsolateGroup", "id": "isolateGroups/6534132917220748", "name": "main.dart", "number": "6534132917220
EXT Extension {"type": "Event", "kind": "Extension", "extensionKind": "Flutter.Frame", "isolateGroup": {"type": "@IsolateGroup", "id": "isolateGroups/6534132917220748", "name": "main.dart", "number": "6534132917220
EXT Extension {"type": "Event", "kind": "Extension", "extensionKind": "Flutter.Frame", "isolateGroup": {"type": "@IsolateGroup", "id": "isolateGroups/6534132917220748", "name": "main.dart", "number": "6534132917220
EXT Extension {"type": "Event", "kind": "Extension", "extensionKind": "Flutter.Frame", "isolateGroup": {"type": "@IsolateGroup", "id": "isolateGroups/6534132917220748", "name": "main.dart", "number": "6534132917220
EXT Extension {"type": "Event", "kind": "Extension", "extensionKind": "Flutter.Frame", "isolateGroup": {"type": "@IsolateGroup", "id": "isolateGroups/6534132917220748", "name": "main.dart", "number": "6534132917220
EXT Extension {"type": "Event", "kind": "Extension", "extensionKind": "Flutter.Frame", "isolateGroup": {"type": "@IsolateGroup", "id": "isolateGroups/6534132917220748", "name": "main.dart", "number": "6534132917220
EXT Extension {"type": "Event", "kind": "Extension", "extensionKind": "Flutter.Frame", "isolateGroup": {"type": "@IsolateGroup", "id": "isolateGroups/6534132917220748", "name": "main.dart", "number": "6534132917220
EXT Extension {"type": "Event", "kind": "Extension", "extensionKind": "Flutter.Frame", "isolateGroup": {"type": "@IsolateGroup", "id": "isolateGroups/6534132917220748", "name": "main.dart", "number": "6534132917220
EXT Extension {"type": "Event", "kind": "Extension", "extensionKind": "Flutter.Frame", "isolateGroup": {"type": "@IsolateGroup", "id": "isolateGroups/6534132917220748", "name": "main.dart", "number": "6534132917220
EXT Extension {"type": "Event", "kind": "Extension", "extensionKind": "Flutter.Frame", "isolateGroup": {"type": "@IsolateGroup", "id": "isolateGroups/6534132917220748", "name": "main.dart", "number": "6534132917220
EXT Extension {"type": "Event", "kind": "Extension", "extensionKind": "Flutter.Frame", "isolateGroup": {"type": "@IsolateGroup", "id": "isolateGroups/6534132917220748", "name": "main.dart", "number": "6534132917220
EXT Extension {"type": "Event", "kind": "Extension", "extensionKind": "Flutter.Frame", "isolateGroup": {"type": "@IsolateGroup", "id": "isolateGroups/6534132917220748", "name": "main.dart", "number": "6534132917220
EXT Extension {"type": "Event", "kind": "Extension", "extensionKind": "Flutter.Frame", "isolateGroup": {"type": "@IsolateGroup", "id": "isolateGroups/6534132917220748", "name": "main.dart", "number": "6534132917220
EXT Extension {"type": "Event", "kind": "Extension", "extensionKind": "Flutter.Frame", "isolateGroup": {"type": "@IsolateGroup", "id": "isolateGroups/6534132917220748", "name": "main.dart", "number": "6534132917220
EXT Extension {"type": "Event", "kind": "Extension", "extensionKind": "Flutter.Frame", "isolateGroup": {"type": "@IsolateGroup", "id": "isolateGroups/6534132917220748", "name": "main.dart", "number": "6534132917220
EXT Extension {"type": "Event", "kind": "Extension", "extensionKind": "Flutter.Frame", "isolateGroup": {"type": "@IsolateGroup", "id": "isolateGroups/6534132917220748", "name": "main.dart", "number": "6534132917220
EXT Extension {"type": "Event", "kind": "Extension", "extensionKind": "Flutter.Frame", "isolateGroup": {"type": "@IsolateGroup", "id": "isolateGroups/6534132917220748", "name": "main.dart", "number": "6534132917220
EXT Extension {"type": "Event", "kind": "Extension", "extensionKind": "Flutter.Frame", "isolateGroup": {"type": "@IsolateGroup", "id": "isolateGroups/6534132917220748", "name": "main.dart", "number": "6534132917220
EXT Extension {"type": "Event", "kind": "Extension", "extensionKind": "Flutter.Frame", "isolateGroup": {"type": "@IsolateGroup", "id": "isolateGroups/6534132917220748", "name": "main.dart", "number": "6534132917220
EXT Extension {"type": "Event", "kind": "Extension", "extensionKind": "Flutter.Frame", "isolateGroup": {"type": "@IsolateGroup", "id": "isolateGroups/6534132917220748", "name": "main.dart", "number": "6534132917220
EXT Extension {"type": "Event", "kind": "Extension", "extensionKind": "Flutter.Frame", "isolateGroup": {"type": "@IsolateGroup", "id": "isolateGroups/6534132917220748", "name": "main.dart", "number": "6534132917220
EXT Extension {"type": "Event", "kind": "Extension", "extensionKind": "Flutter.Frame", "isolateGroup": {"type": "@IsolateGroup", "id": "isolateGroups/6534132917220748", "name": "main.dart", "number": "6534132917220
EXT Extension {"type": "Event", "kind": "Extension", "extensionKind": "Flutter.Frame", "isolateGroup": {"type": "@IsolateGroup", "id": "isolateGroups/6534132917220748", "name": "main.dart", "number": "6534132917220
EXT Extension {"type": "Event", "kind": "Extension", "extensionKind": "Flutter.Frame", "isolateGroup": {"type": "@IsolateGroup", "id": "isolateGroups/6534132917220748", "name": "main.dart", "number": "6534132917220
EXT Extension {"type": "Event", "kind": "Extension", "extensionKind": "Flutter.Frame", "isolateGroup": {"type": "@IsolateGroup", "id": "isolateGroups/6534132917220748", "name": "main.dart", "number": "6534132917220
EXT Extension {"type": "Event", "kind": "Extension", "extensionKind": "Flutter.Frame", "isolateGroup": {"type": "@IsolateGroup", "id": "isolateGroups/6534132917220748", "name": "main.dart", "number": "6534132917220
EXT Extension {"type": "Event", "kind": "Extension", "extensionKind": "Flutter.Frame", "isolateGroup": {"type": "@IsolateGroup", "id": "isolateGroups/6534132917220748", "name": "main.dart", "number": "6534132917220
EXT Extension {"type": "Event", "kind": "Extension", "extensionKind": "Flutter.Frame", "isolateGroup": {"type": "@IsolateGroup", "id": "isolateGroups/6534132917220748", "name": "main.dart", "number": "6534132917220
EXT Extension {"type": "Event", "kind": "Extension", "extensionKind": "Flutter.Frame", "isolateGroup": {"type": "@IsolateGroup", "id": "isolateGroups/6534132917220748", "name": "main.dart", "number": "6534132917220
EXT Extension {"type": "Event", "kind": "Extension", "extensionKind": "Flutter.Frame", "isolateGroup": {"type": "@IsolateGroup", "id": "isolateGroups/6534132917220748", "name": "main.dart", "number": "6534132917220
EXT Extension {"type": "Event", "kind": "Extension", "extensionKind": "Flutter.Frame", "isolateGroup": {"type": "@IsolateGroup", "id": "isolateGroups/6534132917220748", "name": "main.dart", "number": "6534132917220
EXT Extension {"type": "Event", "kind": "Extension", "extensionKind": "Flutter.Frame", "isolateGroup": {"type": "@IsolateGroup", "id": "isolateGroups/6534132917220748", "name": "main.dart", "number": "6534132917220
EXT Extension {"type": "Event", "kind": "Extension", "extensionKind": "Flutter.Frame", "isolateGroup": {"type": "@IsolateGroup", "id": "isolateGroups/6534132917220748", "name": "main.dart", "number": "6534132917220
EXT Extension {"type": "Event", "kind": "Extension", "extensionKind": "Flutter.Frame", "isolateGroup": {"type": "@IsolateGroup", "id": "isolateGroups/6534132917220748", "name": "main.dart", "number": "6534132917220
EXT Extension {"type": "Event", "kind": "Extension", "extensionKind": "Flutter.Frame", "isolateGroup": {"type": "@IsolateGroup", "id": "isolateGroups/6534132917220748", "name": "main.dart", "number": "6534132917220
EXT Extension {"type": "Event", "kind": "Extension", "extensionKind": "Flutter.Frame", "isolateGroup": {"type": "@IsolateGroup", "id": "isolateGroups/6534132917220748", "name": "main.dart", "number": "6534132917220
EXT Extension {"type": "Event", "kind": "Extension", "extensionKind": "Flutter.Frame", "isolateGroup": {"type": "@IsolateGroup", "id": "isolateGroups/6534132917220748", "name": "main.dart", "number": "6534132917220
EXT Extension {"type": "Event", "kind": "Extension", "extensionKind": "Flutter.Frame", "isolateGroup": {"type": "@IsolateGroup", "id": "isolateGroups/6534132917220748", "name": "main.dart", "number": "6534132917220
EXT Extension {"type": "Event", "kind": "Extension", "extensionKind": "Flutter.Frame", "isolateGroup": {"type": "@IsolateGroup", "id": "isolateGroups/6534132917220748", "name": "main.dart", "number": "6534132917220
EXT Extension {"type": "Event", "kind": "Extension", "extensionKind": "Flutter.Frame", "isolateGroup": {"type": "@IsolateGroup", "id": "isolateGroups/6534132917220748", "name": "main.dart", "number": "6534132917220
EXT Extension {"type": "Event", "kind": "Extension", "extensionKind": "Flutter.Frame", "isolateGroup": {"type": "@IsolateGroup", "id": "isolateGroups/6534132917220748", "name": "main.dart", "number": "6534132917220
STDOUT flutter: [NET] endpoint=/api/v1/items/most-reviewed http_status=200STDOUT 
STDOUT flutter: 📊 analytics: view_item_list {item_list_id: item_view_all, item_list_name: item_view_all, item_count: 25, screen: item_view_all}STDOUT 
EXT Extension {"type": "Event", "kind": "Extension", "extensionKind": "Flutter.Frame", "isolateGroup": {"type": "@IsolateGroup", "id": "isolateGroups/6534132917220748", "name": "main.dart", "number": "6534132917220
EXT Extension {"type": "Event", "kind": "Extension", "extensionKind": "Flutter.Frame", "isolateGroup": {"type": "@IsolateGroup", "id": "isolateGroups/6534132917220748", "name": "main.dart", "number": "6534132917220
EXT Extension {"type": "Event", "kind": "Extension", "extensionKind": "Flutter.Frame", "isolateGroup": {"type": "@IsolateGroup", "id": "isolateGroups/6534132917220748", "name": "main.dart", "number": "6534132917220
EXT Extension {"type": "Event", "kind": "Extension", "extensionKind": "Flutter.Frame", "isolateGroup": {"type": "@IsolateGroup", "id": "isolateGroups/6534132917220748", "name": "main.dart", "number": "6534132917220
EXT Extension {"type": "Event", "kind": "Extension", "extensionKind": "Flutter.Frame", "isolateGroup": {"type": "@IsolateGroup", "id": "isolateGroups/6534132917220748", "name": "main.dart", "number": "6534132917220
EXT Extension {"type": "Event", "kind": "Extension", "extensionKind": "Flutter.Frame", "isolateGroup": {"type": "@IsolateGroup", "id": "isolateGroups/6534132917220748", "name": "main.dart", "number": "6534132917220
EXT Extension {"type": "Event", "kind": "Extension", "extensionKind": "Flutter.Frame", "isolateGroup": {"type": "@IsolateGroup", "id": "isolateGroups/6534132917220748", "name": "main.dart", "number": "6534132917220
EXT Extension {"type": "Event", "kind": "Extension", "extensionKind": "Flutter.Frame", "isolateGroup": {"type": "@IsolateGroup", "id": "isolateGroups/6534132917220748", "name": "main.dart", "number": "6534132917220
EXT Extension {"type": "Event", "kind": "Extension", "extensionKind": "Flutter.Frame", "isolateGroup": {"type": "@IsolateGroup", "id": "isolateGroups/6534132917220748", "name": "main.dart", "number": "6534132917220
EXT Extension {"type": "Event", "kind": "Extension", "extensionKind": "Flutter.Frame", "isolateGroup": {"type": "@IsolateGroup", "id": "isolateGroups/6534132917220748", "name": "main.dart", "number": "6534132917220
EXT Extension {"type": "Event", "kind": "Extension", "extensionKind": "Flutter.Navigation", "isolateGroup": {"type": "@IsolateGroup", "id": "isolateGroups/6534132917220748", "name": "main.dart", "number": "65341329
EXT Extension {"type": "Event", "kind": "Extension", "extensionKind": "Flutter.Frame", "isolateGroup": {"type": "@IsolateGroup", "id": "isolateGroups/6534132917220748", "name": "main.dart", "number": "6534132917220
EXT Extension {"type": "Event", "kind": "Extension", "extensionKind": "Flutter.Frame", "isolateGroup": {"type": "@IsolateGroup", "id": "isolateGroups/6534132917220748", "name": "main.dart", "number": "6534132917220
EXT Extension {"type": "Event", "kind": "Extension", "extensionKind": "Flutter.Frame", "isolateGroup": {"type": "@IsolateGroup", "id": "isolateGroups/6534132917220748", "name": "main.dart", "number": "6534132917220
EXT Extension {"type": "Event", "kind": "Extension", "extensionKind": "Flutter.Frame", "isolateGroup": {"type": "@IsolateGroup", "id": "isolateGroups/6534132917220748", "name": "main.dart", "number": "6534132917220
EXT Extension {"type": "Event", "kind": "Extension", "extensionKind": "Flutter.Frame", "isolateGroup": {"type": "@IsolateGroup", "id": "isolateGroups/6534132917220748", "name": "main.dart", "number": "6534132917220
EXT Extension {"type": "Event", "kind": "Extension", "extensionKind": "Flutter.Frame", "isolateGroup": {"type": "@IsolateGroup", "id": "isolateGroups/6534132917220748", "name": "main.dart", "number": "6534132917220
EXT Extension {"type": "Event", "kind": "Extension", "extensionKind": "Flutter.Frame", "isolateGroup": {"type": "@IsolateGroup", "id": "isolateGroups/6534132917220748", "name": "main.dart", "number": "6534132917220
EXT Extension {"type": "Event", "kind": "Extension", "extensionKind": "Flutter.Frame", "isolateGroup": {"type": "@IsolateGroup", "id": "isolateGroups/6534132917220748", "name": "main.dart", "number": "6534132917220
EXT Extension {"type": "Event", "kind": "Extension", "extensionKind": "Flutter.Frame", "isolateGroup": {"type": "@IsolateGroup", "id": "isolateGroups/6534132917220748", "name": "main.dart", "number": "6534132917220
EXT Extension {"type": "Event", "kind": "Extension", "extensionKind": "Flutter.Frame", "isolateGroup": {"type": "@IsolateGroup", "id": "isolateGroups/6534132917220748", "name": "main.dart", "number": "6534132917220
EXT Extension {"type": "Event", "kind": "Extension", "extensionKind": "Flutter.Frame", "isolateGroup": {"type": "@IsolateGroup", "id": "isolateGroups/6534132917220748", "name": "main.dart", "number": "6534132917220
EXT Extension {"type": "Event", "kind": "Extension", "extensionKind": "Flutter.Frame", "isolateGroup": {"type": "@IsolateGroup", "id": "isolateGroups/6534132917220748", "name": "main.dart", "number": "6534132917220
EXT Extension {"type": "Event", "kind": "Extension", "extensionKind": "Flutter.Frame", "isolateGroup": {"type": "@IsolateGroup", "id": "isolateGroups/6534132917220748", "name": "main.dart", "number": "6534132917220
EXT Extension {"type": "Event", "kind": "Extension", "extensionKind": "Flutter.Frame", "isolateGroup": {"type": "@IsolateGroup", "id": "isolateGroups/6534132917220748", "name": "main.dart", "number": "6534132917220
EXT Extension {"type": "Event", "kind": "Extension", "extensionKind": "Flutter.Frame", "isolateGroup": {"type": "@IsolateGroup", "id": "isolateGroups/6534132917220748", "name": "main.dart", "number": "6534132917220
EXT Extension {"type": "Event", "kind": "Extension", "extensionKind": "Flutter.Frame", "isolateGroup": {"type": "@IsolateGroup", "id": "isolateGroups/6534132917220748", "name": "main.dart", "number": "6534132917220
EXT Extension {"type": "Event", "kind": "Extension", "extensionKind": "Flutter.Frame", "isolateGroup": {"type": "@IsolateGroup", "id": "isolateGroups/6534132917220748", "name": "main.dart", "number": "6534132917220
EXT Extension {"type": "Event", "kind": "Extension", "extensionKind": "Flutter.Frame", "isolateGroup": {"type": "@IsolateGroup", "id": "isolateGroups/6534132917220748", "name": "main.dart", "number": "6534132917220
EXT Extension {"type": "Event", "kind": "Extension", "extensionKind": "Flutter.Frame", "isolateGroup": {"type": "@IsolateGroup", "id": "isolateGroups/6534132917220748", "name": "main.dart", "number": "6534132917220
EXT Extension {"type": "Event", "kind": "Extension", "extensionKind": "Flutter.Frame", "isolateGroup": {"type": "@IsolateGroup", "id": "isolateGroups/6534132917220748", "name": "main.dart", "number": "6534132917220
EXT Extension {"type": "Event", "kind": "Extension", "extensionKind": "Flutter.Frame", "isolateGroup": {"type": "@IsolateGroup", "id": "isolateGroups/6534132917220748", "name": "main.dart", "number": "6534132917220
EXT Extension {"type": "Event", "kind": "Extension", "extensionKind": "Flutter.Frame", "isolateGroup": {"type": "@IsolateGroup", "id": "isolateGroups/6534132917220748", "name": "main.dart", "number": "6534132917220
EXT Extension {"type": "Event", "kind": "Extension", "extensionKind": "Flutter.Frame", "isolateGroup": {"type": "@IsolateGroup", "id": "isolateGroups/6534132917220748", "name": "main.dart", "number": "6534132917220
EXT Extension {"type": "Event", "kind": "Extension", "extensionKind": "Flutter.Frame", "isolateGroup": {"type": "@IsolateGroup", "id": "isolateGroups/6534132917220748", "name": "main.dart", "number": "6534132917220
EXT Extension {"type": "Event", "kind": "Extension", "extensionKind": "Flutter.Frame", "isolateGroup": {"type": "@IsolateGroup", "id": "isolateGroups/6534132917220748", "name": "main.dart", "number": "6534132917220
EXT Extension {"type": "Event", "kind": "Extension", "extensionKind": "Flutter.Frame", "isolateGroup": {"type": "@IsolateGroup", "id": "isolateGroups/6534132917220748", "name": "main.dart", "number": "6534132917220
EXT Extension {"type": "Event", "kind": "Extension", "extensionKind": "Flutter.Frame", "isolateGroup": {"type": "@IsolateGroup", "id": "isolateGroups/6534132917220748", "name": "main.dart", "number": "6534132917220
EXT Extension {"type": "Event", "kind": "Extension", "extensionKind": "Flutter.Frame", "isolateGroup": {"type": "@IsolateGroup", "id": "isolateGroups/6534132917220748", "name": "main.dart", "number": "6534132917220
EXT Extension {"type": "Event", "kind": "Extension", "extensionKind": "Flutter.Frame", "isolateGroup": {"type": "@IsolateGroup", "id": "isolateGroups/6534132917220748", "name": "main.dart", "number": "6534132917220
EXT Extension {"type": "Event", "kind": "Extension", "extensionKind": "Flutter.Frame", "isolateGroup": {"type": "@IsolateGroup", "id": "isolateGroups/6534132917220748", "name": "main.dart", "number": "6534132917220
EXT Extension {"type": "Event", "kind": "Extension", "extensionKind": "Flutter.Frame", "isolateGroup": {"type": "@IsolateGroup", "id": "isolateGroups/6534132917220748", "name": "main.dart", "number": "6534132917220
EXT Extension {"type": "Event", "kind": "Extension", "extensionKind": "Flutter.Frame", "isolateGroup": {"type": "@IsolateGroup", "id": "isolateGroups/6534132917220748", "name": "main.dart", "number": "6534132917220
EXT Extension {"type": "Event", "kind": "Extension", "extensionKind": "Flutter.Frame", "isolateGroup": {"type": "@IsolateGroup", "id": "isolateGroups/6534132917220748", "name": "main.dart", "number": "6534132917220
EXT Extension {"type": "Event", "kind": "Extension", "extensionKind": "Flutter.Frame", "isolateGroup": {"type": "@IsolateGroup", "id": "isolateGroups/6534132917220748", "name": "main.dart", "number": "6534132917220
EXT Extension {"type": "Event", "kind": "Extension", "extensionKind": "Flutter.Frame", "isolateGroup": {"type": "@IsolateGroup", "id": "isolateGroups/6534132917220748", "name": "main.dart", "number": "6534132917220
EXT Extension {"type": "Event", "kind": "Extension", "extensionKind": "Flutter.Frame", "isolateGroup": {"type": "@IsolateGroup", "id": "isolateGroups/6534132917220748", "name": "main.dart", "number": "6534132917220
EXT Extension {"type": "Event", "kind": "Extension", "extensionKind": "Flutter.Frame", "isolateGroup": {"type": "@IsolateGroup", "id": "isolateGroups/6534132917220748", "name": "main.dart", "number": "6534132917220
EXT Extension {"type": "Event", "kind": "Extension", "extensionKind": "Flutter.Frame", "isolateGroup": {"type": "@IsolateGroup", "id": "isolateGroups/6534132917220748", "name": "main.dart", "number": "6534132917220
EXT Extension {"type": "Event", "kind": "Extension", "extensionKind": "Flutter.Frame", "isolateGroup": {"type": "@IsolateGroup", "id": "isolateGroups/6534132917220748", "name": "main.dart", "number": "6534132917220
EXT Extension {"type": "Event", "kind": "Extension", "extensionKind": "Flutter.Frame", "isolateGroup": {"type": "@IsolateGroup", "id": "isolateGroups/6534132917220748", "name": "main.dart", "number": "6534132917220
EXT Extension {"type": "Event", "kind": "Extension", "extensionKind": "Flutter.Frame", "isolateGroup": {"type": "@IsolateGroup", "id": "isolateGroups/6534132917220748", "name": "main.dart", "number": "6534132917220
EXT Extension {"type": "Event", "kind": "Extension", "extensionKind": "Flutter.Frame", "isolateGroup": {"type": "@IsolateGroup", "id": "isolateGroups/6534132917220748", "name": "main.dart", "number": "6534132917220
EXT Extension {"type": "Event", "kind": "Extension", "extensionKind": "Flutter.Frame", "isolateGroup": {"type": "@IsolateGroup", "id": "isolateGroups/6534132917220748", "name": "main.dart", "number": "6534132917220
EXT Extension {"type": "Event", "kind": "Extension", "extensionKind": "Flutter.Frame", "isolateGroup": {"type": "@IsolateGroup", "id": "isolateGroups/6534132917220748", "name": "main.dart", "number": "6534132917220
EXT Extension {"type": "Event", "kind": "Extension", "extensionKind": "Flutter.Frame", "isolateGroup": {"type": "@IsolateGroup", "id": "isolateGroups/6534132917220748", "name": "main.dart", "number": "6534132917220
EXT Extension {"type": "Event", "kind": "Extension", "extensionKind": "Flutter.Frame", "isolateGroup": {"type": "@IsolateGroup", "id": "isolateGroups/6534132917220748", "name": "main.dart", "number": "6534132917220
EXT Extension {"type": "Event", "kind": "Extension", "extensionKind": "Flutter.Frame", "isolateGroup": {"type": "@IsolateGroup", "id": "isolateGroups/6534132917220748", "name": "main.dart", "number": "6534132917220
EXT Extension {"type": "Event", "kind": "Extension", "extensionKind": "Flutter.Frame", "isolateGroup": {"type": "@IsolateGroup", "id": "isolateGroups/6534132917220748", "name": "main.dart", "number": "6534132917220
EXT Extension {"type": "Event", "kind": "Extension", "extensionKind": "Flutter.Frame", "isolateGroup": {"type": "@IsolateGroup", "id": "isolateGroups/6534132917220748", "name": "main.dart", "number": "6534132917220
EXT Extension {"type": "Event", "kind": "Extension", "extensionKind": "Flutter.Frame", "isolateGroup": {"type": "@IsolateGroup", "id": "isolateGroups/6534132917220748", "name": "main.dart", "number": "6534132917220
EXT Extension {"type": "Event", "kind": "Extension", "extensionKind": "Flutter.Frame", "isolateGroup": {"type": "@IsolateGroup", "id": "isolateGroups/6534132917220748", "name": "main.dart", "number": "6534132917220
EXT Extension {"type": "Event", "kind": "Extension", "extensionKind": "Flutter.Frame", "isolateGroup": {"type": "@IsolateGroup", "id": "isolateGroups/6534132917220748", "name": "main.dart", "number": "6534132917220
EXT Extension {"type": "Event", "kind": "Extension", "extensionKind": "Flutter.Frame", "isolateGroup": {"type": "@IsolateGroup", "id": "isolateGroups/6534132917220748", "name": "main.dart", "number": "6534132917220
EXT Extension {"type": "Event", "kind": "Extension", "extensionKind": "Flutter.Frame", "isolateGroup": {"type": "@IsolateGroup", "id": "isolateGroups/6534132917220748", "name": "main.dart", "number": "6534132917220
EXT Extension {"type": "Event", "kind": "Extension", "extensionKind": "Flutter.Frame", "isolateGroup": {"type": "@IsolateGroup", "id": "isolateGroups/6534132917220748", "name": "main.dart", "number": "6534132917220
EXT Extension {"type": "Event", "kind": "Extension", "extensionKind": "Flutter.Frame", "isolateGroup": {"type": "@IsolateGroup", "id": "isolateGroups/6534132917220748", "name": "main.dart", "number": "6534132917220
EXT Extension {"type": "Event", "kind": "Extension", "extensionKind": "Flutter.Frame", "isolateGroup": {"type": "@IsolateGroup", "id": "isolateGroups/6534132917220748", "name": "main.dart", "number": "6534132917220
STDOUT flutter: [NET] GET endpoint=/api/v1/items/most-reviewedSTDOUT 
EXT Extension {"type": "Event", "kind": "Extension", "extensionKind": "Flutter.Frame", "isolateGroup": {"type": "@IsolateGroup", "id": "isolateGroups/6534132917220748", "name": "main.dart", "number": "6534132917220
EXT Extension {"type": "Event", "kind": "Extension", "extensionKind": "Flutter.Frame", "isolateGroup": {"type": "@IsolateGroup", "id": "isolateGroups/6534132917220748", "name": "main.dart", "number": "6534132917220
EXT Extension {"type": "Event", "kind": "Extension", "extensionKind": "Flutter.Frame", "isolateGroup": {"type": "@IsolateGroup", "id": "isolateGroups/6534132917220748", "name": "main.dart", "number": "6534132917220
EXT Extension {"type": "Event", "kind": "Extension", "extensionKind": "Flutter.Frame", "isolateGroup": {"type": "@IsolateGroup", "id": "isolateGroups/6534132917220748", "name": "main.dart", "number": "6534132917220
EXT Extension {"type": "Event", "kind": "Extension", "extensionKind": "Flutter.Frame", "isolateGroup": {"type": "@IsolateGroup", "id": "isolateGroups/6534132917220748", "name": "main.dart", "number": "6534132917220
EXT Extension {"type": "Event", "kind": "Extension", "extensionKind": "Flutter.Frame", "isolateGroup": {"type": "@IsolateGroup", "id": "isolateGroups/6534132917220748", "name": "main.dart", "number": "6534132917220
EXT Extension {"type": "Event", "kind": "Extension", "extensionKind": "Flutter.Frame", "isolateGroup": {"type": "@IsolateGroup", "id": "isolateGroups/6534132917220748", "name": "main.dart", "number": "6534132917220
EXT Extension {"type": "Event", "kind": "Extension", "extensionKind": "Flutter.Frame", "isolateGroup": {"type": "@IsolateGroup", "id": "isolateGroups/6534132917220748", "name": "main.dart", "number": "6534132917220
EXT Extension {"type": "Event", "kind": "Extension", "extensionKind": "Flutter.Frame", "isolateGroup": {"type": "@IsolateGroup", "id": "isolateGroups/6534132917220748", "name": "main.dart", "number": "6534132917220
EXT Extension {"type": "Event", "kind": "Extension", "extensionKind": "Flutter.Frame", "isolateGroup": {"type": "@IsolateGroup", "id": "isolateGroups/6534132917220748", "name": "main.dart", "number": "6534132917220
EXT Extension {"type": "Event", "kind": "Extension", "extensionKind": "Flutter.Frame", "isolateGroup": {"type": "@IsolateGroup", "id": "isolateGroups/6534132917220748", "name": "main.dart", "number": "6534132917220
EXT Extension {"type": "Event", "kind": "Extension", "extensionKind": "Flutter.Frame", "isolateGroup": {"type": "@IsolateGroup", "id": "isolateGroups/6534132917220748", "name": "main.dart", "number": "6534132917220
EXT Extension {"type": "Event", "kind": "Extension", "extensionKind": "Flutter.Frame", "isolateGroup": {"type": "@IsolateGroup", "id": "isolateGroups/6534132917220748", "name": "main.dart", "number": "6534132917220
EXT Extension {"type": "Event", "kind": "Extension", "extensionKind": "Flutter.Frame", "isolateGroup": {"type": "@IsolateGroup", "id": "isolateGroups/6534132917220748", "name": "main.dart", "number": "6534132917220
EXT Extension {"type": "Event", "kind": "Extension", "extensionKind": "Flutter.Frame", "isolateGroup": {"type": "@IsolateGroup", "id": "isolateGroups/6534132917220748", "name": "main.dart", "number": "6534132917220
EXT Extension {"type": "Event", "kind": "Extension", "extensionKind": "Flutter.Frame", "isolateGroup": {"type": "@IsolateGroup", "id": "isolateGroups/6534132917220748", "name": "main.dart", "number": "6534132917220
EXT Extension {"type": "Event", "kind": "Extension", "extensionKind": "Flutter.Frame", "isolateGroup": {"type": "@IsolateGroup", "id": "isolateGroups/6534132917220748", "name": "main.dart", "number": "6534132917220
EXT Extension {"type": "Event", "kind": "Extension", "extensionKind": "Flutter.Frame", "isolateGroup": {"type": "@IsolateGroup", "id": "isolateGroups/6534132917220748", "name": "main.dart", "number": "6534132917220
EXT Extension {"type": "Event", "kind": "Extension", "extensionKind": "Flutter.Frame", "isolateGroup": {"type": "@IsolateGroup", "id": "isolateGroups/6534132917220748", "name": "main.dart", "number": "6534132917220
EXT Extension {"type": "Event", "kind": "Extension", "extensionKind": "Flutter.Frame", "isolateGroup": {"type": "@IsolateGroup", "id": "isolateGroups/6534132917220748", "name": "main.dart", "number": "6534132917220
EXT Extension {"type": "Event", "kind": "Extension", "extensionKind": "Flutter.Frame", "isolateGroup": {"type": "@IsolateGroup", "id": "isolateGroups/6534132917220748", "name": "main.dart", "number": "6534132917220
EXT Extension {"type": "Event", "kind": "Extension", "extensionKind": "Flutter.Frame", "isolateGroup": {"type": "@IsolateGroup", "id": "isolateGroups/6534132917220748", "name": "main.dart", "number": "6534132917220
EXT Extension {"type": "Event", "kind": "Extension", "extensionKind": "Flutter.Frame", "isolateGroup": {"type": "@IsolateGroup", "id": "isolateGroups/6534132917220748", "name": "main.dart", "number": "6534132917220
EXT Extension {"type": "Event", "kind": "Extension", "extensionKind": "Flutter.Frame", "isolateGroup": {"type": "@IsolateGroup", "id": "isolateGroups/6534132917220748", "name": "main.dart", "number": "6534132917220
EXT Extension {"type": "Event", "kind": "Extension", "extensionKind": "Flutter.Frame", "isolateGroup": {"type": "@IsolateGroup", "id": "isolateGroups/6534132917220748", "name": "main.dart", "number": "6534132917220
EXT Extension {"type": "Event", "kind": "Extension", "extensionKind": "Flutter.Frame", "isolateGroup": {"type": "@IsolateGroup", "id": "isolateGroups/6534132917220748", "name": "main.dart", "number": "6534132917220
EXT Extension {"type": "Event", "kind": "Extension", "extensionKind": "Flutter.Frame", "isolateGroup": {"type": "@IsolateGroup", "id": "isolateGroups/6534132917220748", "name": "main.dart", "number": "6534132917220
EXT Extension {"type": "Event", "kind": "Extension", "extensionKind": "Flutter.Frame", "isolateGroup": {"type": "@IsolateGroup", "id": "isolateGroups/6534132917220748", "name": "main.dart", "number": "6534132917220
EXT Extension {"type": "Event", "kind": "Extension", "extensionKind": "Flutter.Frame", "isolateGroup": {"type": "@IsolateGroup", "id": "isolateGroups/6534132917220748", "name": "main.dart", "number": "6534132917220
EXT Extension {"type": "Event", "kind": "Extension", "extensionKind": "Flutter.Frame", "isolateGroup": {"type": "@IsolateGroup", "id": "isolateGroups/6534132917220748", "name": "main.dart", "number": "6534132917220
EXT Extension {"type": "Event", "kind": "Extension", "extensionKind": "Flutter.Frame", "isolateGroup": {"type": "@IsolateGroup", "id": "isolateGroups/6534132917220748", "name": "main.dart", "number": "6534132917220
STDOUT flutter: [NET] endpoint=/api/v1/items/most-reviewed http_status=200STDOUT 
STDOUT flutter: 📊 analytics: view_item_list {item_list_id: item_view_all, item_list_name: item_view_all, item_count: 3, screen: item_view_all}STDOUT 
EXT Extension {"type": "Event", "kind": "Extension", "extensionKind": "Flutter.Frame", "isolateGroup": {"type": "@IsolateGroup", "id": "isolateGroups/6534132917220748", "name": "main.dart", "number": "6534132917220
EXT Extension {"type": "Event", "kind": "Extension", "extensionKind": "Flutter.Frame", "isolateGroup": {"type": "@IsolateGroup", "id": "isolateGroups/6534132917220748", "name": "main.dart", "number": "6534132917220
EXT Extension {"type": "Event", "kind": "Extension", "extensionKind": "Flutter.Frame", "isolateGroup": {"type": "@IsolateGroup", "id": "isolateGroups/6534132917220748", "name": "main.dart", "number": "6534132917220
EXT Extension {"type": "Event", "kind": "Extension", "extensionKind": "Flutter.Frame", "isolateGroup": {"type": "@IsolateGroup", "id": "isolateGroups/6534132917220748", "name": "main.dart", "number": "6534132917220
EXT Extension {"type": "Event", "kind": "Extension", "extensionKind": "Flutter.Frame", "isolateGroup": {"type": "@IsolateGroup", "id": "isolateGroups/6534132917220748", "name": "main.dart", "number": "6534132917220
EXT Extension {"type": "Event", "kind": "Extension", "extensionKind": "Flutter.Frame", "isolateGroup": {"type": "@IsolateGroup", "id": "isolateGroups/6534132917220748", "name": "main.dart", "number": "6534132917220
EXT Extension {"type": "Event", "kind": "Extension", "extensionKind": "Flutter.Frame", "isolateGroup": {"type": "@IsolateGroup", "id": "isolateGroups/6534132917220748", "name": "main.dart", "number": "6534132917220
EXT Extension {"type": "Event", "kind": "Extension", "extensionKind": "Flutter.Frame", "isolateGroup": {"type": "@IsolateGroup", "id": "isolateGroups/6534132917220748", "name": "main.dart", "number": "6534132917220
EXT Extension {"type": "Event", "kind": "Extension", "extensionKind": "Flutter.Frame", "isolateGroup": {"type": "@IsolateGroup", "id": "isolateGroups/6534132917220748", "name": "main.dart", "number": "6534132917220
EXT Extension {"type": "Event", "kind": "Extension", "extensionKind": "Flutter.Frame", "isolateGroup": {"type": "@IsolateGroup", "id": "isolateGroups/6534132917220748", "name": "main.dart", "number": "6534132917220
EXT Extension {"type": "Event", "kind": "Extension", "extensionKind": "Flutter.Frame", "isolateGroup": {"type": "@IsolateGroup", "id": "isolateGroups/6534132917220748", "name": "main.dart", "number": "6534132917220
EXT Extension {"type": "Event", "kind": "Extension", "extensionKind": "Flutter.Frame", "isolateGroup": {"type": "@IsolateGroup", "id": "isolateGroups/6534132917220748", "name": "main.dart", "number": "6534132917220
EXT Extension {"type": "Event", "kind": "Extension", "extensionKind": "Flutter.Frame", "isolateGroup": {"type": "@IsolateGroup", "id": "isolateGroups/6534132917220748", "name": "main.dart", "number": "6534132917220
STDOUT flutter: [NET] GET endpoint=/api/v1/items/most-reviewedSTDOUT 
LOG[GETX] CLOSE TO ROUTE /item-view-all-screen?page=reviewed
LOG[GETX] CLOSE TO ROUTE /item-view-all-screen?page=reviewed
EXT Extension {"type": "Event", "kind": "Extension", "extensionKind": "Flutter.Navigation", "isolateGroup": {"type": "@IsolateGroup", "id": "isolateGroups/6534132917220748", "name": "main.dart", "number": "65341329
EXT Extension {"type": "Event", "kind": "Extension", "extensionKind": "Flutter.ImageSizesForFrame", "isolateGroup": {"type": "@IsolateGroup", "id": "isolateGroups/6534132917220748", "name": "main.dart", "number": "
EXT Extension {"type": "Event", "kind": "Extension", "extensionKind": "Flutter.Frame", "isolateGroup": {"type": "@IsolateGroup", "id": "isolateGroups/6534132917220748", "name": "main.dart", "number": "6534132917220
EXT Extension {"type": "Event", "kind": "Extension", "extensionKind": "Flutter.Frame", "isolateGroup": {"type": "@IsolateGroup", "id": "isolateGroups/6534132917220748", "name": "main.dart", "number": "6534132917220
EXT Extension {"type": "Event", "kind": "Extension", "extensionKind": "Flutter.Frame", "isolateGroup": {"type": "@IsolateGroup", "id": "isolateGroups/6534132917220748", "name": "main.dart", "number": "6534132917220
EXT Extension {"type": "Event", "kind": "Extension", "extensionKind": "Flutter.Frame", "isolateGroup": {"type": "@IsolateGroup", "id": "isolateGroups/6534132917220748", "name": "main.dart", "number": "6534132917220
EXT Extension {"type": "Event", "kind": "Extension", "extensionKind": "Flutter.Frame", "isolateGroup": {"type": "@IsolateGroup", "id": "isolateGroups/6534132917220748", "name": "main.dart", "number": "6534132917220
EXT Extension {"type": "Event", "kind": "Extension", "extensionKind": "Flutter.Frame", "isolateGroup": {"type": "@IsolateGroup", "id": "isolateGroups/6534132917220748", "name": "main.dart", "number": "6534132917220
EXT Extension {"type": "Event", "kind": "Extension", "extensionKind": "Flutter.Frame", "isolateGroup": {"type": "@IsolateGroup", "id": "isolateGroups/6534132917220748", "name": "main.dart", "number": "6534132917220
EXT Extension {"type": "Event", "kind": "Extension", "extensionKind": "Flutter.Frame", "isolateGroup": {"type": "@IsolateGroup", "id": "isolateGroups/6534132917220748", "name": "main.dart", "number": "6534132917220
EXT Extension {"type": "Event", "kind": "Extension", "extensionKind": "Flutter.Frame", "isolateGroup": {"type": "@IsolateGroup", "id": "isolateGroups/6534132917220748", "name": "main.dart", "number": "6534132917220
EXT Extension {"type": "Event", "kind": "Extension", "extensionKind": "Flutter.Frame", "isolateGroup": {"type": "@IsolateGroup", "id": "isolateGroups/6534132917220748", "name": "main.dart", "number": "6534132917220
EXT Extension {"type": "Event", "kind": "Extension", "extensionKind": "Flutter.Frame", "isolateGroup": {"type": "@IsolateGroup", "id": "isolateGroups/6534132917220748", "name": "main.dart", "number": "6534132917220
EXT Extension {"type": "Event", "kind": "Extension", "extensionKind": "Flutter.Frame", "isolateGroup": {"type": "@IsolateGroup", "id": "isolateGroups/6534132917220748", "name": "main.dart", "number": "6534132917220
EXT Extension {"type": "Event", "kind": "Extension", "extensionKind": "Flutter.Frame", "isolateGroup": {"type": "@IsolateGroup", "id": "isolateGroups/6534132917220748", "name": "main.dart", "number": "6534132917220
EXT Extension {"type": "Event", "kind": "Extension", "extensionKind": "Flutter.Frame", "isolateGroup": {"type": "@IsolateGroup", "id": "isolateGroups/6534132917220748", "name": "main.dart", "number": "6534132917220
EXT Extension {"type": "Event", "kind": "Extension", "extensionKind": "Flutter.Frame", "isolateGroup": {"type": "@IsolateGroup", "id": "isolateGroups/6534132917220748", "name": "main.dart", "number": "6534132917220
EXT Extension {"type": "Event", "kind": "Extension", "extensionKind": "Flutter.Frame", "isolateGroup": {"type": "@IsolateGroup", "id": "isolateGroups/6534132917220748", "name": "main.dart", "number": "6534132917220
EXT Extension {"type": "Event", "kind": "Extension", "extensionKind": "Flutter.Frame", "isolateGroup": {"type": "@IsolateGroup", "id": "isolateGroups/6534132917220748", "name": "main.dart", "number": "6534132917220
EXT Extension {"type": "Event", "kind": "Extension", "extensionKind": "Flutter.Frame", "isolateGroup": {"type": "@IsolateGroup", "id": "isolateGroups/6534132917220748", "name": "main.dart", "number": "6534132917220
EXT Extension {"type": "Event", "kind": "Extension", "extensionKind": "Flutter.Frame", "isolateGroup": {"type": "@IsolateGroup", "id": "isolateGroups/6534132917220748", "name": "main.dart", "number": "6534132917220
EXT Extension {"type": "Event", "kind": "Extension", "extensionKind": "Flutter.Frame", "isolateGroup": {"type": "@IsolateGroup", "id": "isolateGroups/6534132917220748", "name": "main.dart", "number": "6534132917220
EXT Extension {"type": "Event", "kind": "Extension", "extensionKind": "Flutter.Frame", "isolateGroup": {"type": "@IsolateGroup", "id": "isolateGroups/6534132917220748", "name": "main.dart", "number": "6534132917220
EXT Extension {"type": "Event", "kind": "Extension", "extensionKind": "Flutter.Frame", "isolateGroup": {"type": "@IsolateGroup", "id": "isolateGroups/6534132917220748", "name": "main.dart", "number": "6534132917220
EXT Extension {"type": "Event", "kind": "Extension", "extensionKind": "Flutter.Frame", "isolateGroup": {"type": "@IsolateGroup", "id": "isolateGroups/6534132917220748", "name": "main.dart", "number": "6534132917220
EXT Extension {"type": "Event", "kind": "Extension", "extensionKind": "Flutter.Frame", "isolateGroup": {"type": "@IsolateGroup", "id": "isolateGroups/6534132917220748", "name": "main.dart", "number": "6534132917220
EXT Extension {"type": "Event", "kind": "Extension", "extensionKind": "Flutter.Frame", "isolateGroup": {"type": "@IsolateGroup", "id": "isolateGroups/6534132917220748", "name": "main.dart", "number": "6534132917220
EXT Extension {"type": "Event", "kind": "Extension", "extensionKind": "Flutter.Frame", "isolateGroup": {"type": "@IsolateGroup", "id": "isolateGroups/6534132917220748", "name": "main.dart", "number": "6534132917220
EXT Extension {"type": "Event", "kind": "Extension", "extensionKind": "Flutter.Frame", "isolateGroup": {"type": "@IsolateGroup", "id": "isolateGroups/6534132917220748", "name": "main.dart", "number": "6534132917220
EXT Extension {"type": "Event", "kind": "Extension", "extensionKind": "Flutter.Frame", "isolateGroup": {"type": "@IsolateGroup", "id": "isolateGroups/6534132917220748", "name": "main.dart", "number": "6534132917220
EXT Extension {"type": "Event", "kind": "Extension", "extensionKind": "Flutter.Frame", "isolateGroup": {"type": "@IsolateGroup", "id": "isolateGroups/6534132917220748", "name": "main.dart", "number": "6534132917220
STDOUT flutter: [NET] endpoint=/api/v1/items/most-reviewed http_status=200STDOUT 
STDOUT flutter: 📊 analytics: view_item_list {item_list_id: item_view_all, item_list_name: item_view_all, item_count: 25, screen: item_view_all}STDOUT 
EXT Extension {"type": "Event", "kind": "Extension", "extensionKind": "Flutter.Frame", "isolateGroup": {"type": "@IsolateGroup", "id": "isolateGroups/6534132917220748", "name": "main.dart", "number": "6534132917220
EXT Extension {"type": "Event", "kind": "Extension", "extensionKind": "Flutter.Frame", "isolateGroup": {"type": "@IsolateGroup", "id": "isolateGroups/6534132917220748", "name": "main.dart", "number": "6534132917220
EXT Extension {"type": "Event", "kind": "Extension", "extensionKind": "Flutter.Frame", "isolateGroup": {"type": "@IsolateGroup", "id": "isolateGroups/6534132917220748", "name": "main.dart", "number": "6534132917220
EXT Extension {"type": "Event", "kind": "Extension", "extensionKind": "Flutter.Frame", "isolateGroup": {"type": "@IsolateGroup", "id": "isolateGroups/6534132917220748", "name": "main.dart", "number": "6534132917220
EXT Extension {"type": "Event", "kind": "Extension", "extensionKind": "Flutter.ImageSizesForFrame", "isolateGroup": {"type": "@IsolateGroup", "id": "isolateGroups/6534132917220748", "name": "main.dart", "number": "
EXT Extension {"type": "Event", "kind": "Extension", "extensionKind": "Flutter.Frame", "isolateGroup": {"type": "@IsolateGroup", "id": "isolateGroups/6534132917220748", "name": "main.dart", "number": "6534132917220
EXT Extension {"type": "Event", "kind": "Extension", "extensionKind": "Flutter.Frame", "isolateGroup": {"type": "@IsolateGroup", "id": "isolateGroups/6534132917220748", "name": "main.dart", "number": "6534132917220
EXT Extension {"type": "Event", "kind": "Extension", "extensionKind": "Flutter.Frame", "isolateGroup": {"type": "@IsolateGroup", "id": "isolateGroups/6534132917220748", "name": "main.dart", "number": "6534132917220
EXT Extension {"type": "Event", "kind": "Extension", "extensionKind": "Flutter.Frame", "isolateGroup": {"type": "@IsolateGroup", "id": "isolateGroups/6534132917220748", "name": "main.dart", "number": "6534132917220
EXT Extension {"type": "Event", "kind": "Extension", "extensionKind": "Flutter.Frame", "isolateGroup": {"type": "@IsolateGroup", "id": "isolateGroups/6534132917220748", "name": "main.dart", "number": "6534132917220
EXT Extension {"type": "Event", "kind": "Extension", "extensionKind": "Flutter.Frame", "isolateGroup": {"type": "@IsolateGroup", "id": "isolateGroups/6534132917220748", "name": "main.dart", "number": "6534132917220
EXT Extension {"type": "Event", "kind": "Extension", "extensionKind": "Flutter.Frame", "isolateGroup": {"type": "@IsolateGroup", "id": "isolateGroups/6534132917220748", "name": "main.dart", "number": "6534132917220
EXT Extension {"type": "Event", "kind": "Extension", "extensionKind": "Flutter.ImageSizesForFrame", "isolateGroup": {"type": "@IsolateGroup", "id": "isolateGroups/6534132917220748", "name": "main.dart", "number": "
EXT Extension {"type": "Event", "kind": "Extension", "extensionKind": "Flutter.Frame", "isolateGroup": {"type": "@IsolateGroup", "id": "isolateGroups/6534132917220748", "name": "main.dart", "number": "6534132917220
EXT Extension {"type": "Event", "kind": "Extension", "extensionKind": "Flutter.Frame", "isolateGroup": {"type": "@IsolateGroup", "id": "isolateGroups/6534132917220748", "name": "main.dart", "number": "6534132917220
EXT Extension {"type": "Event", "kind": "Extension", "extensionKind": "Flutter.Frame", "isolateGroup": {"type": "@IsolateGroup", "id": "isolateGroups/6534132917220748", "name": "main.dart", "number": "6534132917220
EXT Extension {"type": "Event", "kind": "Extension", "extensionKind": "Flutter.Frame", "isolateGroup": {"type": "@IsolateGroup", "id": "isolateGroups/6534132917220748", "name": "main.dart", "number": "6534132917220
EXT Extension {"type": "Event", "kind": "Extension", "extensionKind": "Flutter.Frame", "isolateGroup": {"type": "@IsolateGroup", "id": "isolateGroups/6534132917220748", "name": "main.dart", "number": "6534132917220
EXT Extension {"type": "Event", "kind": "Extension", "extensionKind": "Flutter.Frame", "isolateGroup": {"type": "@IsolateGroup", "id": "isolateGroups/6534132917220748", "name": "main.dart", "number": "6534132917220
EXT Extension {"type": "Event", "kind": "Extension", "extensionKind": "Flutter.Frame", "isolateGroup": {"type": "@IsolateGroup", "id": "isolateGroups/6534132917220748", "name": "main.dart", "number": "6534132917220
EXT Extension {"type": "Event", "kind": "Extension", "extensionKind": "Flutter.Frame", "isolateGroup": {"type": "@IsolateGroup", "id": "isolateGroups/6534132917220748", "name": "main.dart", "number": "6534132917220
EXT Extension {"type": "Event", "kind": "Extension", "extensionKind": "Flutter.Frame", "isolateGroup": {"type": "@IsolateGroup", "id": "isolateGroups/6534132917220748", "name": "main.dart", "number": "6534132917220
EXT Extension {"type": "Event", "kind": "Extension", "extensionKind": "Flutter.Frame", "isolateGroup": {"type": "@IsolateGroup", "id": "isolateGroups/6534132917220748", "name": "main.dart", "number": "6534132917220
EXT Extension {"type": "Event", "kind": "Extension", "extensionKind": "Flutter.Frame", "isolateGroup": {"type": "@IsolateGroup", "id": "isolateGroups/6534132917220748", "name": "main.dart", "number": "6534132917220
EXT Extension {"type": "Event", "kind": "Extension", "extensionKind": "Flutter.Frame", "isolateGroup": {"type": "@IsolateGroup", "id": "isolateGroups/6534132917220748", "name": "main.dart", "number": "6534132917220
EXT Extension {"type": "Event", "kind": "Extension", "extensionKind": "Flutter.Frame", "isolateGroup": {"type": "@IsolateGroup", "id": "isolateGroups/6534132917220748", "name": "main.dart", "number": "6534132917220
EXT Extension {"type": "Event", "kind": "Extension", "extensionKind": "Flutter.Frame", "isolateGroup": {"type": "@IsolateGroup", "id": "isolateGroups/6534132917220748", "name": "main.dart", "number": "6534132917220
EXT Extension {"type": "Event", "kind": "Extension", "extensionKind": "Flutter.Frame", "isolateGroup": {"type": "@IsolateGroup", "id": "isolateGroups/6534132917220748", "name": "main.dart", "number": "6534132917220
EXT Extension {"type": "Event", "kind": "Extension", "extensionKind": "Flutter.Frame", "isolateGroup": {"type": "@IsolateGroup", "id": "isolateGroups/6534132917220748", "name": "main.dart", "number": "6534132917220
EXT Extension {"type": "Event", "kind": "Extension", "extensionKind": "Flutter.Frame", "isolateGroup": {"type": "@IsolateGroup", "id": "isolateGroups/6534132917220748", "name": "main.dart", "number": "6534132917220
EXT Extension {"type": "Event", "kind": "Extension", "extensionKind": "Flutter.Frame", "isolateGroup": {"type": "@IsolateGroup", "id": "isolateGroups/6534132917220748", "name": "main.dart", "number": "6534132917220
EXT Extension {"type": "Event", "kind": "Extension", "extensionKind": "Flutter.Frame", "isolateGroup": {"type": "@IsolateGroup", "id": "isolateGroups/6534132917220748", "name": "main.dart", "number": "6534132917220
EXT Extension {"type": "Event", "kind": "Extension", "extensionKind": "Flutter.Frame", "isolateGroup": {"type": "@IsolateGroup", "id": "isolateGroups/6534132917220748", "name": "main.dart", "number": "6534132917220
EXT Extension {"type": "Event", "kind": "Extension", "extensionKind": "Flutter.Frame", "isolateGroup": {"type": "@IsolateGroup", "id": "isolateGroups/6534132917220748", "name": "main.dart", "number": "6534132917220
EXT Extension {"type": "Event", "kind": "Extension", "extensionKind": "Flutter.Frame", "isolateGroup": {"type": "@IsolateGroup", "id": "isolateGroups/6534132917220748", "name": "main.dart", "number": "6534132917220
EXT Extension {"type": "Event", "kind": "Extension", "extensionKind": "Flutter.Frame", "isolateGroup": {"type": "@IsolateGroup", "id": "isolateGroups/6534132917220748", "name": "main.dart", "number": "6534132917220
EXT Extension {"type": "Event", "kind": "Extension", "extensionKind": "Flutter.Frame", "isolateGroup": {"type": "@IsolateGroup", "id": "isolateGroups/6534132917220748", "name": "main.dart", "number": "6534132917220
EXT Extension {"type": "Event", "kind": "Extension", "extensionKind": "Flutter.Frame", "isolateGroup": {"type": "@IsolateGroup", "id": "isolateGroups/6534132917220748", "name": "main.dart", "number": "6534132917220
EXT Extension {"type": "Event", "kind": "Extension", "extensionKind": "Flutter.Frame", "isolateGroup": {"type": "@IsolateGroup", "id": "isolateGroups/6534132917220748", "name": "main.dart", "number": "6534132917220
EXT Extension {"type": "Event", "kind": "Extension", "extensionKind": "Flutter.Frame", "isolateGroup": {"type": "@IsolateGroup", "id": "isolateGroups/6534132917220748", "name": "main.dart", "number": "6534132917220
EXT Extension {"type": "Event", "kind": "Extension", "extensionKind": "Flutter.Frame", "isolateGroup": {"type": "@IsolateGroup", "id": "isolateGroups/6534132917220748", "name": "main.dart", "number": "6534132917220
EXT Extension {"type": "Event", "kind": "Extension", "extensionKind": "Flutter.Frame", "isolateGroup": {"type": "@IsolateGroup", "id": "isolateGroups/6534132917220748", "name": "main.dart", "number": "6534132917220
EXT Extension {"type": "Event", "kind": "Extension", "extensionKind": "Flutter.Frame", "isolateGroup": {"type": "@IsolateGroup", "id": "isolateGroups/6534132917220748", "name": "main.dart", "number": "6534132917220
EXT Extension {"type": "Event", "kind": "Extension", "extensionKind": "Flutter.Frame", "isolateGroup": {"type": "@IsolateGroup", "id": "isolateGroups/6534132917220748", "name": "main.dart", "number": "6534132917220
EXT Extension {"type": "Event", "kind": "Extension", "extensionKind": "Flutter.Frame", "isolateGroup": {"type": "@IsolateGroup", "id": "isolateGroups/6534132917220748", "name": "main.dart", "number": "6534132917220
EXT Extension {"type": "Event", "kind": "Extension", "extensionKind": "Flutter.Frame", "isolateGroup": {"type": "@IsolateGroup", "id": "isolateGroups/6534132917220748", "name": "main.dart", "number": "6534132917220
EXT Extension {"type": "Event", "kind": "Extension", "extensionKind": "Flutter.Frame", "isolateGroup": {"type": "@IsolateGroup", "id": "isolateGroups/6534132917220748", "name": "main.dart", "number": "6534132917220
EXT Extension {"type": "Event", "kind": "Extension", "extensionKind": "Flutter.Frame", "isolateGroup": {"type": "@IsolateGroup", "id": "isolateGroups/6534132917220748", "name": "main.dart", "number": "6534132917220
EXT Extension {"type": "Event", "kind": "Extension", "extensionKind": "Flutter.Frame", "isolateGroup": {"type": "@IsolateGroup", "id": "isolateGroups/6534132917220748", "name": "main.dart", "number": "6534132917220
EXT Extension {"type": "Event", "kind": "Extension", "extensionKind": "Flutter.Frame", "isolateGroup": {"type": "@IsolateGroup", "id": "isolateGroups/6534132917220748", "name": "main.dart", "number": "6534132917220
EXT Extension {"type": "Event", "kind": "Extension", "extensionKind": "Flutter.Frame", "isolateGroup": {"type": "@IsolateGroup", "id": "isolateGroups/6534132917220748", "name": "main.dart", "number": "6534132917220
EXT Extension {"type": "Event", "kind": "Extension", "extensionKind": "Flutter.Frame", "isolateGroup": {"type": "@IsolateGroup", "id": "isolateGroups/6534132917220748", "name": "main.dart", "number": "6534132917220
EXT Extension {"type": "Event", "kind": "Extension", "extensionKind": "Flutter.Frame", "isolateGroup": {"type": "@IsolateGroup", "id": "isolateGroups/6534132917220748", "name": "main.dart", "number": "6534132917220
EXT Extension {"type": "Event", "kind": "Extension", "extensionKind": "Flutter.Frame", "isolateGroup": {"type": "@IsolateGroup", "id": "isolateGroups/6534132917220748", "name": "main.dart", "number": "6534132917220
EXT Extension {"type": "Event", "kind": "Extension", "extensionKind": "Flutter.Frame", "isolateGroup": {"type": "@IsolateGroup", "id": "isolateGroups/6534132917220748", "name": "main.dart", "number": "6534132917220
EXT Extension {"type": "Event", "kind": "Extension", "extensionKind": "Flutter.Frame", "isolateGroup": {"type": "@IsolateGroup", "id": "isolateGroups/6534132917220748", "name": "main.dart", "number": "6534132917220
EXT Extension {"type": "Event", "kind": "Extension", "extensionKind": "Flutter.Frame", "isolateGroup": {"type": "@IsolateGroup", "id": "isolateGroups/6534132917220748", "name": "main.dart", "number": "6534132917220
EXT Extension {"type": "Event", "kind": "Extension", "extensionKind": "Flutter.Frame", "isolateGroup": {"type": "@IsolateGroup", "id": "isolateGroups/6534132917220748", "name": "main.dart", "number": "6534132917220
EXT Extension {"type": "Event", "kind": "Extension", "extensionKind": "Flutter.Frame", "isolateGroup": {"type": "@IsolateGroup", "id": "isolateGroups/6534132917220748", "name": "main.dart", "number": "6534132917220
EXT Extension {"type": "Event", "kind": "Extension", "extensionKind": "Flutter.Frame", "isolateGroup": {"type": "@IsolateGroup", "id": "isolateGroups/6534132917220748", "name": "main.dart", "number": "6534132917220
EXT Extension {"type": "Event", "kind": "Extension", "extensionKind": "Flutter.Frame", "isolateGroup": {"type": "@IsolateGroup", "id": "isolateGroups/6534132917220748", "name": "main.dart", "number": "6534132917220
EXT Extension {"type": "Event", "kind": "Extension", "extensionKind": "Flutter.Frame", "isolateGroup": {"type": "@IsolateGroup", "id": "isolateGroups/6534132917220748", "name": "main.dart", "number": "6534132917220
EXT Extension {"type": "Event", "kind": "Extension", "extensionKind": "Flutter.Frame", "isolateGroup": {"type": "@IsolateGroup", "id": "isolateGroups/6534132917220748", "name": "main.dart", "number": "6534132917220
EXT Extension {"type": "Event", "kind": "Extension", "extensionKind": "Flutter.Frame", "isolateGroup": {"type": "@IsolateGroup", "id": "isolateGroups/6534132917220748", "name": "main.dart", "number": "6534132917220
EXT Extension {"type": "Event", "kind": "Extension", "extensionKind": "Flutter.Frame", "isolateGroup": {"type": "@IsolateGroup", "id": "isolateGroups/6534132917220748", "name": "main.dart", "number": "6534132917220
EXT Extension {"type": "Event", "kind": "Extension", "extensionKind": "Flutter.Frame", "isolateGroup": {"type": "@IsolateGroup", "id": "isolateGroups/6534132917220748", "name": "main.dart", "number": "6534132917220
EXT Extension {"type": "Event", "kind": "Extension", "extensionKind": "Flutter.Frame", "isolateGroup": {"type": "@IsolateGroup", "id": "isolateGroups/6534132917220748", "name": "main.dart", "number": "6534132917220
EXT Extension {"type": "Event", "kind": "Extension", "extensionKind": "Flutter.Frame", "isolateGroup": {"type": "@IsolateGroup", "id": "isolateGroups/6534132917220748", "name": "main.dart", "number": "6534132917220
EXT Extension {"type": "Event", "kind": "Extension", "extensionKind": "Flutter.Frame", "isolateGroup": {"type": "@IsolateGroup", "id": "isolateGroups/6534132917220748", "name": "main.dart", "number": "6534132917220
EXT Extension {"type": "Event", "kind": "Extension", "extensionKind": "Flutter.Frame", "isolateGroup": {"type": "@IsolateGroup", "id": "isolateGroups/6534132917220748", "name": "main.dart", "number": "6534132917220
EXT Extension {"type": "Event", "kind": "Extension", "extensionKind": "Flutter.Frame", "isolateGroup": {"type": "@IsolateGroup", "id": "isolateGroups/6534132917220748", "name": "main.dart", "number": "6534132917220
EXT Extension {"type": "Event", "kind": "Extension", "extensionKind": "Flutter.Frame", "isolateGroup": {"type": "@IsolateGroup", "id": "isolateGroups/6534132917220748", "name": "main.dart", "number": "6534132917220
EXT Extension {"type": "Event", "kind": "Extension", "extensionKind": "Flutter.Frame", "isolateGroup": {"type": "@IsolateGroup", "id": "isolateGroups/6534132917220748", "name": "main.dart", "number": "6534132917220
EXT Extension {"type": "Event", "kind": "Extension", "extensionKind": "Flutter.Frame", "isolateGroup": {"type": "@IsolateGroup", "id": "isolateGroups/6534132917220748", "name": "main.dart", "number": "6534132917220
EXT Extension {"type": "Event", "kind": "Extension", "extensionKind": "Flutter.Frame", "isolateGroup": {"type": "@IsolateGroup", "id": "isolateGroups/6534132917220748", "name": "main.dart", "number": "6534132917220
EXT Extension {"type": "Event", "kind": "Extension", "extensionKind": "Flutter.Frame", "isolateGroup": {"type": "@IsolateGroup", "id": "isolateGroups/6534132917220748", "name": "main.dart", "number": "6534132917220
EXT Extension {"type": "Event", "kind": "Extension", "extensionKind": "Flutter.Frame", "isolateGroup": {"type": "@IsolateGroup", "id": "isolateGroups/6534132917220748", "name": "main.dart", "number": "6534132917220
EXT Extension {"type": "Event", "kind": "Extension", "extensionKind": "Flutter.Frame", "isolateGroup": {"type": "@IsolateGroup", "id": "isolateGroups/6534132917220748", "name": "main.dart", "number": "6534132917220
EXT Extension {"type": "Event", "kind": "Extension", "extensionKind": "Flutter.Frame", "isolateGroup": {"type": "@IsolateGroup", "id": "isolateGroups/6534132917220748", "name": "main.dart", "number": "6534132917220
EXT Extension {"type": "Event", "kind": "Extension", "extensionKind": "Flutter.Frame", "isolateGroup": {"type": "@IsolateGroup", "id": "isolateGroups/6534132917220748", "name": "main.dart", "number": "6534132917220
EXT Extension {"type": "Event", "kind": "Extension", "extensionKind": "Flutter.Frame", "isolateGroup": {"type": "@IsolateGroup", "id": "isolateGroups/6534132917220748", "name": "main.dart", "number": "6534132917220
EXT Extension {"type": "Event", "kind": "Extension", "extensionKind": "Flutter.Frame", "isolateGroup": {"type": "@IsolateGroup", "id": "isolateGroups/6534132917220748", "name": "main.dart", "number": "6534132917220
EXT Extension {"type": "Event", "kind": "Extension", "extensionKind": "Flutter.Frame", "isolateGroup": {"type": "@IsolateGroup", "id": "isolateGroups/6534132917220748", "name": "main.dart", "number": "6534132917220
EXT Extension {"type": "Event", "kind": "Extension", "extensionKind": "Flutter.Frame", "isolateGroup": {"type": "@IsolateGroup", "id": "isolateGroups/6534132917220748", "name": "main.dart", "number": "6534132917220
EXT Extension {"type": "Event", "kind": "Extension", "extensionKind": "Flutter.Frame", "isolateGroup": {"type": "@IsolateGroup", "id": "isolateGroups/6534132917220748", "name": "main.dart", "number": "6534132917220
EXT Extension {"type": "Event", "kind": "Extension", "extensionKind": "Flutter.Frame", "isolateGroup": {"type": "@IsolateGroup", "id": "isolateGroups/6534132917220748", "name": "main.dart", "number": "6534132917220
EXT Extension {"type": "Event", "kind": "Extension", "extensionKind": "Flutter.Frame", "isolateGroup": {"type": "@IsolateGroup", "id": "isolateGroups/6534132917220748", "name": "main.dart", "number": "6534132917220
EXT Extension {"type": "Event", "kind": "Extension", "extensionKind": "Flutter.Frame", "isolateGroup": {"type": "@IsolateGroup", "id": "isolateGroups/6534132917220748", "name": "main.dart", "number": "6534132917220
EXT Extension {"type": "Event", "kind": "Extension", "extensionKind": "Flutter.Frame", "isolateGroup": {"type": "@IsolateGroup", "id": "isolateGroups/6534132917220748", "name": "main.dart", "number": "6534132917220
EXT Extension {"type": "Event", "kind": "Extension", "extensionKind": "Flutter.Frame", "isolateGroup": {"type": "@IsolateGroup", "id": "isolateGroups/6534132917220748", "name": "main.dart", "number": "6534132917220
EXT Extension {"type": "Event", "kind": "Extension", "extensionKind": "Flutter.Frame", "isolateGroup": {"type": "@IsolateGroup", "id": "isolateGroups/6534132917220748", "name": "main.dart", "number": "6534132917220
EXT Extension {"type": "Event", "kind": "Extension", "extensionKind": "Flutter.Frame", "isolateGroup": {"type": "@IsolateGroup", "id": "isolateGroups/6534132917220748", "name": "main.dart", "number": "6534132917220
EXT Extension {"type": "Event", "kind": "Extension", "extensionKind": "Flutter.Frame", "isolateGroup": {"type": "@IsolateGroup", "id": "isolateGroups/6534132917220748", "name": "main.dart", "number": "6534132917220
EXT Extension {"type": "Event", "kind": "Extension", "extensionKind": "Flutter.Frame", "isolateGroup": {"type": "@IsolateGroup", "id": "isolateGroups/6534132917220748", "name": "main.dart", "number": "6534132917220
EXT Extension {"type": "Event", "kind": "Extension", "extensionKind": "Flutter.Frame", "isolateGroup": {"type": "@IsolateGroup", "id": "isolateGroups/6534132917220748", "name": "main.dart", "number": "6534132917220
EXT Extension {"type": "Event", "kind": "Extension", "extensionKind": "Flutter.Frame", "isolateGroup": {"type": "@IsolateGroup", "id": "isolateGroups/6534132917220748", "name": "main.dart", "number": "6534132917220
EXT Extension {"type": "Event", "kind": "Extension", "extensionKind": "Flutter.Frame", "isolateGroup": {"type": "@IsolateGroup", "id": "isolateGroups/6534132917220748", "name": "main.dart", "number": "6534132917220
EXT Extension {"type": "Event", "kind": "Extension", "extensionKind": "Flutter.Frame", "isolateGroup": {"type": "@IsolateGroup", "id": "isolateGroups/6534132917220748", "name": "main.dart", "number": "6534132917220
EXT Extension {"type": "Event", "kind": "Extension", "extensionKind": "Flutter.Frame", "isolateGroup": {"type": "@IsolateGroup", "id": "isolateGroups/6534132917220748", "name": "main.dart", "number": "6534132917220
EXT Extension {"type": "Event", "kind": "Extension", "extensionKind": "Flutter.Frame", "isolateGroup": {"type": "@IsolateGroup", "id": "isolateGroups/6534132917220748", "name": "main.dart", "number": "6534132917220
EXT Extension {"type": "Event", "kind": "Extension", "extensionKind": "Flutter.Frame", "isolateGroup": {"type": "@IsolateGroup", "id": "isolateGroups/6534132917220748", "name": "main.dart", "number": "6534132917220
EXT Extension {"type": "Event", "kind": "Extension", "extensionKind": "Flutter.Frame", "isolateGroup": {"type": "@IsolateGroup", "id": "isolateGroups/6534132917220748", "name": "main.dart", "number": "6534132917220
EXT Extension {"type": "Event", "kind": "Extension", "extensionKind": "Flutter.Frame", "isolateGroup": {"type": "@IsolateGroup", "id": "isolateGroups/6534132917220748", "name": "main.dart", "number": "6534132917220
EXT Extension {"type": "Event", "kind": "Extension", "extensionKind": "Flutter.Frame", "isolateGroup": {"type": "@IsolateGroup", "id": "isolateGroups/6534132917220748", "name": "main.dart", "number": "6534132917220
EXT Extension {"type": "Event", "kind": "Extension", "extensionKind": "Flutter.Frame", "isolateGroup": {"type": "@IsolateGroup", "id": "isolateGroups/6534132917220748", "name": "main.dart", "number": "6534132917220
EXT Extension {"type": "Event", "kind": "Extension", "extensionKind": "Flutter.Frame", "isolateGroup": {"type": "@IsolateGroup", "id": "isolateGroups/6534132917220748", "name": "main.dart", "number": "6534132917220
EXT Extension {"type": "Event", "kind": "Extension", "extensionKind": "Flutter.Frame", "isolateGroup": {"type": "@IsolateGroup", "id": "isolateGroups/6534132917220748", "name": "main.dart", "number": "6534132917220
EXT Extension {"type": "Event", "kind": "Extension", "extensionKind": "Flutter.Frame", "isolateGroup": {"type": "@IsolateGroup", "id": "isolateGroups/6534132917220748", "name": "main.dart", "number": "6534132917220
EXT Extension {"type": "Event", "kind": "Extension", "extensionKind": "Flutter.Frame", "isolateGroup": {"type": "@IsolateGroup", "id": "isolateGroups/6534132917220748", "name": "main.dart", "number": "6534132917220
EXT Extension {"type": "Event", "kind": "Extension", "extensionKind": "Flutter.Frame", "isolateGroup": {"type": "@IsolateGroup", "id": "isolateGroups/6534132917220748", "name": "main.dart", "number": "6534132917220
EXT Extension {"type": "Event", "kind": "Extension", "extensionKind": "Flutter.Frame", "isolateGroup": {"type": "@IsolateGroup", "id": "isolateGroups/6534132917220748", "name": "main.dart", "number": "6534132917220
EXT Extension {"type": "Event", "kind": "Extension", "extensionKind": "Flutter.Frame", "isolateGroup": {"type": "@IsolateGroup", "id": "isolateGroups/6534132917220748", "name": "main.dart", "number": "6534132917220
EXT Extension {"type": "Event", "kind": "Extension", "extensionKind": "Flutter.Frame", "isolateGroup": {"type": "@IsolateGroup", "id": "isolateGroups/6534132917220748", "name": "main.dart", "number": "6534132917220
EXT Extension {"type": "Event", "kind": "Extension", "extensionKind": "Flutter.Frame", "isolateGroup": {"type": "@IsolateGroup", "id": "isolateGroups/6534132917220748", "name": "main.dart", "number": "6534132917220
EXT Extension {"type": "Event", "kind": "Extension", "extensionKind": "Flutter.Frame", "isolateGroup": {"type": "@IsolateGroup", "id": "isolateGroups/6534132917220748", "name": "main.dart", "number": "6534132917220
EXT Extension {"type": "Event", "kind": "Extension", "extensionKind": "Flutter.Frame", "isolateGroup": {"type": "@IsolateGroup", "id": "isolateGroups/6534132917220748", "name": "main.dart", "number": "6534132917220
EXT Extension {"type": "Event", "kind": "Extension", "extensionKind": "Flutter.Frame", "isolateGroup": {"type": "@IsolateGroup", "id": "isolateGroups/6534132917220748", "name": "main.dart", "number": "6534132917220
EXT Extension {"type": "Event", "kind": "Extension", "extensionKind": "Flutter.Frame", "isolateGroup": {"type": "@IsolateGroup", "id": "isolateGroups/6534132917220748", "name": "main.dart", "number": "6534132917220
EXT Extension {"type": "Event", "kind": "Extension", "extensionKind": "Flutter.Frame", "isolateGroup": {"type": "@IsolateGroup", "id": "isolateGroups/6534132917220748", "name": "main.dart", "number": "6534132917220
EXT Extension {"type": "Event", "kind": "Extension", "extensionKind": "Flutter.Frame", "isolateGroup": {"type": "@IsolateGroup", "id": "isolateGroups/6534132917220748", "name": "main.dart", "number": "6534132917220
EXT Extension {"type": "Event", "kind": "Extension", "extensionKind": "Flutter.Frame", "isolateGroup": {"type": "@IsolateGroup", "id": "isolateGroups/6534132917220748", "name": "main.dart", "number": "6534132917220
EXT Extension {"type": "Event", "kind": "Extension", "extensionKind": "Flutter.Frame", "isolateGroup": {"type": "@IsolateGroup", "id": "isolateGroups/6534132917220748", "name": "main.dart", "number": "6534132917220
EXT Extension {"type": "Event", "kind": "Extension", "extensionKind": "Flutter.Frame", "isolateGroup": {"type": "@IsolateGroup", "id": "isolateGroups/6534132917220748", "name": "main.dart", "number": "6534132917220
EXT Extension {"type": "Event", "kind": "Extension", "extensionKind": "Flutter.Frame", "isolateGroup": {"type": "@IsolateGroup", "id": "isolateGroups/6534132917220748", "name": "main.dart", "number": "6534132917220
EXT Extension {"type": "Event", "kind": "Extension", "extensionKind": "Flutter.Frame", "isolateGroup": {"type": "@IsolateGroup", "id": "isolateGroups/6534132917220748", "name": "main.dart", "number": "6534132917220
EXT Extension {"type": "Event", "kind": "Extension", "extensionKind": "Flutter.Frame", "isolateGroup": {"type": "@IsolateGroup", "id": "isolateGroups/6534132917220748", "name": "main.dart", "number": "6534132917220
EXT Extension {"type": "Event", "kind": "Extension", "extensionKind": "Flutter.Frame", "isolateGroup": {"type": "@IsolateGroup", "id": "isolateGroups/6534132917220748", "name": "main.dart", "number": "6534132917220
EXT Extension {"type": "Event", "kind": "Extension", "extensionKind": "Flutter.Frame", "isolateGroup": {"type": "@IsolateGroup", "id": "isolateGroups/6534132917220748", "name": "main.dart", "number": "6534132917220
EXT Extension {"type": "Event", "kind": "Extension", "extensionKind": "Flutter.Frame", "isolateGroup": {"type": "@IsolateGroup", "id": "isolateGroups/6534132917220748", "name": "main.dart", "number": "6534132917220
EXT Extension {"type": "Event", "kind": "Extension", "extensionKind": "Flutter.Frame", "isolateGroup": {"type": "@IsolateGroup", "id": "isolateGroups/6534132917220748", "name": "main.dart", "number": "6534132917220
EXT Extension {"type": "Event", "kind": "Extension", "extensionKind": "Flutter.Frame", "isolateGroup": {"type": "@IsolateGroup", "id": "isolateGroups/6534132917220748", "name": "main.dart", "number": "6534132917220
EXT Extension {"type": "Event", "kind": "Extension", "extensionKind": "Flutter.Frame", "isolateGroup": {"type": "@IsolateGroup", "id": "isolateGroups/6534132917220748", "name": "main.dart", "number": "6534132917220
EXT Extension {"type": "Event", "kind": "Extension", "extensionKind": "Flutter.Frame", "isolateGroup": {"type": "@IsolateGroup", "id": "isolateGroups/6534132917220748", "name": "main.dart", "number": "6534132917220
EXT Extension {"type": "Event", "kind": "Extension", "extensionKind": "Flutter.Frame", "isolateGroup": {"type": "@IsolateGroup", "id": "isolateGroups/6534132917220748", "name": "main.dart", "number": "6534132917220
EXT Extension {"type": "Event", "kind": "Extension", "extensionKind": "Flutter.Frame", "isolateGroup": {"type": "@IsolateGroup", "id": "isolateGroups/6534132917220748", "name": "main.dart", "number": "6534132917220
EXT Extension {"type": "Event", "kind": "Extension", "extensionKind": "Flutter.Frame", "isolateGroup": {"type": "@IsolateGroup", "id": "isolateGroups/6534132917220748", "name": "main.dart", "number": "6534132917220
EXT Extension {"type": "Event", "kind": "Extension", "extensionKind": "Flutter.Frame", "isolateGroup": {"type": "@IsolateGroup", "id": "isolateGroups/6534132917220748", "name": "main.dart", "number": "6534132917220
EXT Extension {"type": "Event", "kind": "Extension", "extensionKind": "Flutter.Frame", "isolateGroup": {"type": "@IsolateGroup", "id": "isolateGroups/6534132917220748", "name": "main.dart", "number": "6534132917220
EXT Extension {"type": "Event", "kind": "Extension", "extensionKind": "Flutter.Frame", "isolateGroup": {"type": "@IsolateGroup", "id": "isolateGroups/6534132917220748", "name": "main.dart", "number": "6534132917220
EXT Extension {"type": "Event", "kind": "Extension", "extensionKind": "Flutter.Frame", "isolateGroup": {"type": "@IsolateGroup", "id": "isolateGroups/6534132917220748", "name": "main.dart", "number": "6534132917220
EXT Extension {"type": "Event", "kind": "Extension", "extensionKind": "Flutter.Frame", "isolateGroup": {"type": "@IsolateGroup", "id": "isolateGroups/6534132917220748", "name": "main.dart", "number": "6534132917220
EXT Extension {"type": "Event", "kind": "Extension", "extensionKind": "Flutter.Frame", "isolateGroup": {"type": "@IsolateGroup", "id": "isolateGroups/6534132917220748", "name": "main.dart", "number": "6534132917220
EXT Extension {"type": "Event", "kind": "Extension", "extensionKind": "Flutter.Frame", "isolateGroup": {"type": "@IsolateGroup", "id": "isolateGroups/6534132917220748", "name": "main.dart", "number": "6534132917220
EXT Extension {"type": "Event", "kind": "Extension", "extensionKind": "Flutter.Frame", "isolateGroup": {"type": "@IsolateGroup", "id": "isolateGroups/6534132917220748", "name": "main.dart", "number": "6534132917220
EXT Extension {"type": "Event", "kind": "Extension", "extensionKind": "Flutter.Frame", "isolateGroup": {"type": "@IsolateGroup", "id": "isolateGroups/6534132917220748", "name": "main.dart", "number": "6534132917220
EXT Extension {"type": "Event", "kind": "Extension", "extensionKind": "Flutter.Frame", "isolateGroup": {"type": "@IsolateGroup", "id": "isolateGroups/6534132917220748", "name": "main.dart", "number": "6534132917220
EXT Extension {"type": "Event", "kind": "Extension", "extensionKind": "Flutter.Frame", "isolateGroup": {"type": "@IsolateGroup", "id": "isolateGroups/6534132917220748", "name": "main.dart", "number": "6534132917220
EXT Extension {"type": "Event", "kind": "Extension", "extensionKind": "Flutter.Frame", "isolateGroup": {"type": "@IsolateGroup", "id": "isolateGroups/6534132917220748", "name": "main.dart", "number": "6534132917220
EXT Extension {"type": "Event", "kind": "Extension", "extensionKind": "Flutter.Frame", "isolateGroup": {"type": "@IsolateGroup", "id": "isolateGroups/6534132917220748", "name": "main.dart", "number": "6534132917220
EXT Extension {"type": "Event", "kind": "Extension", "extensionKind": "Flutter.Frame", "isolateGroup": {"type": "@IsolateGroup", "id": "isolateGroups/6534132917220748", "name": "main.dart", "number": "6534132917220
EXT Extension {"type": "Event", "kind": "Extension", "extensionKind": "Flutter.Frame", "isolateGroup": {"type": "@IsolateGroup", "id": "isolateGroups/6534132917220748", "name": "main.dart", "number": "6534132917220
EXT Extension {"type": "Event", "kind": "Extension", "extensionKind": "Flutter.Frame", "isolateGroup": {"type": "@IsolateGroup", "id": "isolateGroups/6534132917220748", "name": "main.dart", "number": "6534132917220
EXT Extension {"type": "Event", "kind": "Extension", "extensionKind": "Flutter.Frame", "isolateGroup": {"type": "@IsolateGroup", "id": "isolateGroups/6534132917220748", "name": "main.dart", "number": "6534132917220
EXT Extension {"type": "Event", "kind": "Extension", "extensionKind": "Flutter.Frame", "isolateGroup": {"type": "@IsolateGroup", "id": "isolateGroups/6534132917220748", "name": "main.dart", "number": "6534132917220
EXT Extension {"type": "Event", "kind": "Extension", "extensionKind": "Flutter.Frame", "isolateGroup": {"type": "@IsolateGroup", "id": "isolateGroups/6534132917220748", "name": "main.dart", "number": "6534132917220
EXT Extension {"type": "Event", "kind": "Extension", "extensionKind": "Flutter.Frame", "isolateGroup": {"type": "@IsolateGroup", "id": "isolateGroups/6534132917220748", "name": "main.dart", "number": "6534132917220
EXT Extension {"type": "Event", "kind": "Extension", "extensionKind": "Flutter.Frame", "isolateGroup": {"type": "@IsolateGroup", "id": "isolateGroups/6534132917220748", "name": "main.dart", "number": "6534132917220
EXT Extension {"type": "Event", "kind": "Extension", "extensionKind": "Flutter.Frame", "isolateGroup": {"type": "@IsolateGroup", "id": "isolateGroups/6534132917220748", "name": "main.dart", "number": "6534132917220
EXT Extension {"type": "Event", "kind": "Extension", "extensionKind": "Flutter.Frame", "isolateGroup": {"type": "@IsolateGroup", "id": "isolateGroups/6534132917220748", "name": "main.dart", "number": "6534132917220
EXT Extension {"type": "Event", "kind": "Extension", "extensionKind": "Flutter.Frame", "isolateGroup": {"type": "@IsolateGroup", "id": "isolateGroups/6534132917220748", "name": "main.dart", "number": "6534132917220
EXT Extension {"type": "Event", "kind": "Extension", "extensionKind": "Flutter.Frame", "isolateGroup": {"type": "@IsolateGroup", "id": "isolateGroups/6534132917220748", "name": "main.dart", "number": "6534132917220
EXT Extension {"type": "Event", "kind": "Extension", "extensionKind": "Flutter.Frame", "isolateGroup": {"type": "@IsolateGroup", "id": "isolateGroups/6534132917220748", "name": "main.dart", "number": "6534132917220
EXT Extension {"type": "Event", "kind": "Extension", "extensionKind": "Flutter.Frame", "isolateGroup": {"type": "@IsolateGroup", "id": "isolateGroups/6534132917220748", "name": "main.dart", "number": "6534132917220
EXT Extension {"type": "Event", "kind": "Extension", "extensionKind": "Flutter.Frame", "isolateGroup": {"type": "@IsolateGroup", "id": "isolateGroups/6534132917220748", "name": "main.dart", "number": "6534132917220
EXT Extension {"type": "Event", "kind": "Extension", "extensionKind": "Flutter.Frame", "isolateGroup": {"type": "@IsolateGroup", "id": "isolateGroups/6534132917220748", "name": "main.dart", "number": "6534132917220
EXT Extension {"type": "Event", "kind": "Extension", "extensionKind": "Flutter.Frame", "isolateGroup": {"type": "@IsolateGroup", "id": "isolateGroups/6534132917220748", "name": "main.dart", "number": "6534132917220
EXT Extension {"type": "Event", "kind": "Extension", "extensionKind": "Flutter.Frame", "isolateGroup": {"type": "@IsolateGroup", "id": "isolateGroups/6534132917220748", "name": "main.dart", "number": "6534132917220
EXT Extension {"type": "Event", "kind": "Extension", "extensionKind": "Flutter.Frame", "isolateGroup": {"type": "@IsolateGroup", "id": "isolateGroups/6534132917220748", "name": "main.dart", "number": "6534132917220
EXT Extension {"type": "Event", "kind": "Extension", "extensionKind": "Flutter.Frame", "isolateGroup": {"type": "@IsolateGroup", "id": "isolateGroups/6534132917220748", "name": "main.dart", "number": "6534132917220
EXT Extension {"type": "Event", "kind": "Extension", "extensionKind": "Flutter.Frame", "isolateGroup": {"type": "@IsolateGroup", "id": "isolateGroups/6534132917220748", "name": "main.dart", "number": "6534132917220
EXT Extension {"type": "Event", "kind": "Extension", "extensionKind": "Flutter.Frame", "isolateGroup": {"type": "@IsolateGroup", "id": "isolateGroups/6534132917220748", "name": "main.dart", "number": "6534132917220
EXT Extension {"type": "Event", "kind": "Extension", "extensionKind": "Flutter.Frame", "isolateGroup": {"type": "@IsolateGroup", "id": "isolateGroups/6534132917220748", "name": "main.dart", "number": "6534132917220
EXT Extension {"type": "Event", "kind": "Extension", "extensionKind": "Flutter.Frame", "isolateGroup": {"type": "@IsolateGroup", "id": "isolateGroups/6534132917220748", "name": "main.dart", "number": "6534132917220
EXT Extension {"type": "Event", "kind": "Extension", "extensionKind": "Flutter.Frame", "isolateGroup": {"type": "@IsolateGroup", "id": "isolateGroups/6534132917220748", "name": "main.dart", "number": "6534132917220
EXT Extension {"type": "Event", "kind": "Extension", "extensionKind": "Flutter.Frame", "isolateGroup": {"type": "@IsolateGroup", "id": "isolateGroups/6534132917220748", "name": "main.dart", "number": "6534132917220
EXT Extension {"type": "Event", "kind": "Extension", "extensionKind": "Flutter.Frame", "isolateGroup": {"type": "@IsolateGroup", "id": "isolateGroups/6534132917220748", "name": "main.dart", "number": "6534132917220
EXT Extension {"type": "Event", "kind": "Extension", "extensionKind": "Flutter.Frame", "isolateGroup": {"type": "@IsolateGroup", "id": "isolateGroups/6534132917220748", "name": "main.dart", "number": "6534132917220
EXT Extension {"type": "Event", "kind": "Extension", "extensionKind": "Flutter.Frame", "isolateGroup": {"type": "@IsolateGroup", "id": "isolateGroups/6534132917220748", "name": "main.dart", "number": "6534132917220
EXT Extension {"type": "Event", "kind": "Extension", "extensionKind": "Flutter.Frame", "isolateGroup": {"type": "@IsolateGroup", "id": "isolateGroups/6534132917220748", "name": "main.dart", "number": "6534132917220
EXT Extension {"type": "Event", "kind": "Extension", "extensionKind": "Flutter.Frame", "isolateGroup": {"type": "@IsolateGroup", "id": "isolateGroups/6534132917220748", "name": "main.dart", "number": "6534132917220
EXT Extension {"type": "Event", "kind": "Extension", "extensionKind": "Flutter.Frame", "isolateGroup": {"type": "@IsolateGroup", "id": "isolateGroups/6534132917220748", "name": "main.dart", "number": "6534132917220
EXT Extension {"type": "Event", "kind": "Extension", "extensionKind": "Flutter.Frame", "isolateGroup": {"type": "@IsolateGroup", "id": "isolateGroups/6534132917220748", "name": "main.dart", "number": "6534132917220
EXT Extension {"type": "Event", "kind": "Extension", "extensionKind": "Flutter.Frame", "isolateGroup": {"type": "@IsolateGroup", "id": "isolateGroups/6534132917220748", "name": "main.dart", "number": "6534132917220
EXT Extension {"type": "Event", "kind": "Extension", "extensionKind": "Flutter.Frame", "isolateGroup": {"type": "@IsolateGroup", "id": "isolateGroups/6534132917220748", "name": "main.dart", "number": "6534132917220
EXT Extension {"type": "Event", "kind": "Extension", "extensionKind": "Flutter.Frame", "isolateGroup": {"type": "@IsolateGroup", "id": "isolateGroups/6534132917220748", "name": "main.dart", "number": "6534132917220
EXT Extension {"type": "Event", "kind": "Extension", "extensionKind": "Flutter.Frame", "isolateGroup": {"type": "@IsolateGroup", "id": "isolateGroups/6534132917220748", "name": "main.dart", "number": "6534132917220
EXT Extension {"type": "Event", "kind": "Extension", "extensionKind": "Flutter.Frame", "isolateGroup": {"type": "@IsolateGroup", "id": "isolateGroups/6534132917220748", "name": "main.dart", "number": "6534132917220
EXT Extension {"type": "Event", "kind": "Extension", "extensionKind": "Flutter.Frame", "isolateGroup": {"type": "@IsolateGroup", "id": "isolateGroups/6534132917220748", "name": "main.dart", "number": "6534132917220
EXT Extension {"type": "Event", "kind": "Extension", "extensionKind": "Flutter.Frame", "isolateGroup": {"type": "@IsolateGroup", "id": "isolateGroups/6534132917220748", "name": "main.dart", "number": "6534132917220
EXT Extension {"type": "Event", "kind": "Extension", "extensionKind": "Flutter.Frame", "isolateGroup": {"type": "@IsolateGroup", "id": "isolateGroups/6534132917220748", "name": "main.dart", "number": "6534132917220
EXT Extension {"type": "Event", "kind": "Extension", "extensionKind": "Flutter.Frame", "isolateGroup": {"type": "@IsolateGroup", "id": "isolateGroups/6534132917220748", "name": "main.dart", "number": "6534132917220
EXT Extension {"type": "Event", "kind": "Extension", "extensionKind": "Flutter.Frame", "isolateGroup": {"type": "@IsolateGroup", "id": "isolateGroups/6534132917220748", "name": "main.dart", "number": "6534132917220
EXT Extension {"type": "Event", "kind": "Extension", "extensionKind": "Flutter.Frame", "isolateGroup": {"type": "@IsolateGroup", "id": "isolateGroups/6534132917220748", "name": "main.dart", "number": "6534132917220
EXT Extension {"type": "Event", "kind": "Extension", "extensionKind": "Flutter.Frame", "isolateGroup": {"type": "@IsolateGroup", "id": "isolateGroups/6534132917220748", "name": "main.dart", "number": "6534132917220
EXT Extension {"type": "Event", "kind": "Extension", "extensionKind": "Flutter.Frame", "isolateGroup": {"type": "@IsolateGroup", "id": "isolateGroups/6534132917220748", "name": "main.dart", "number": "6534132917220
EXT Extension {"type": "Event", "kind": "Extension", "extensionKind": "Flutter.Frame", "isolateGroup": {"type": "@IsolateGroup", "id": "isolateGroups/6534132917220748", "name": "main.dart", "number": "6534132917220
EXT Extension {"type": "Event", "kind": "Extension", "extensionKind": "Flutter.Frame", "isolateGroup": {"type": "@IsolateGroup", "id": "isolateGroups/6534132917220748", "name": "main.dart", "number": "6534132917220
EXT Extension {"type": "Event", "kind": "Extension", "extensionKind": "Flutter.Frame", "isolateGroup": {"type": "@IsolateGroup", "id": "isolateGroups/6534132917220748", "name": "main.dart", "number": "6534132917220
EXT Extension {"type": "Event", "kind": "Extension", "extensionKind": "Flutter.Frame", "isolateGroup": {"type": "@IsolateGroup", "id": "isolateGroups/6534132917220748", "name": "main.dart", "number": "6534132917220
EXT Extension {"type": "Event", "kind": "Extension", "extensionKind": "Flutter.Frame", "isolateGroup": {"type": "@IsolateGroup", "id": "isolateGroups/6534132917220748", "name": "main.dart", "number": "6534132917220
EXT Extension {"type": "Event", "kind": "Extension", "extensionKind": "Flutter.Frame", "isolateGroup": {"type": "@IsolateGroup", "id": "isolateGroups/6534132917220748", "name": "main.dart", "number": "6534132917220
EXT Extension {"type": "Event", "kind": "Extension", "extensionKind": "Flutter.Frame", "isolateGroup": {"type": "@IsolateGroup", "id": "isolateGroups/6534132917220748", "name": "main.dart", "number": "6534132917220
EXT Extension {"type": "Event", "kind": "Extension", "extensionKind": "Flutter.Frame", "isolateGroup": {"type": "@IsolateGroup", "id": "isolateGroups/6534132917220748", "name": "main.dart", "number": "6534132917220
EXT Extension {"type": "Event", "kind": "Extension", "extensionKind": "Flutter.Frame", "isolateGroup": {"type": "@IsolateGroup", "id": "isolateGroups/6534132917220748", "name": "main.dart", "number": "6534132917220
EXT Extension {"type": "Event", "kind": "Extension", "extensionKind": "Flutter.Frame", "isolateGroup": {"type": "@IsolateGroup", "id": "isolateGroups/6534132917220748", "name": "main.dart", "number": "6534132917220
EXT Extension {"type": "Event", "kind": "Extension", "extensionKind": "Flutter.Frame", "isolateGroup": {"type": "@IsolateGroup", "id": "isolateGroups/6534132917220748", "name": "main.dart", "number": "6534132917220
EXT Extension {"type": "Event", "kind": "Extension", "extensionKind": "Flutter.Frame", "isolateGroup": {"type": "@IsolateGroup", "id": "isolateGroups/6534132917220748", "name": "main.dart", "number": "6534132917220
EXT Extension {"type": "Event", "kind": "Extension", "extensionKind": "Flutter.Frame", "isolateGroup": {"type": "@IsolateGroup", "id": "isolateGroups/6534132917220748", "name": "main.dart", "number": "6534132917220
EXT Extension {"type": "Event", "kind": "Extension", "extensionKind": "Flutter.Frame", "isolateGroup": {"type": "@IsolateGroup", "id": "isolateGroups/6534132917220748", "name": "main.dart", "number": "6534132917220
EXT Extension {"type": "Event", "kind": "Extension", "extensionKind": "Flutter.Frame", "isolateGroup": {"type": "@IsolateGroup", "id": "isolateGroups/6534132917220748", "name": "main.dart", "number": "6534132917220
EXT Extension {"type": "Event", "kind": "Extension", "extensionKind": "Flutter.Frame", "isolateGroup": {"type": "@IsolateGroup", "id": "isolateGroups/6534132917220748", "name": "main.dart", "number": "6534132917220
EXT Extension {"type": "Event", "kind": "Extension", "extensionKind": "Flutter.Frame", "isolateGroup": {"type": "@IsolateGroup", "id": "isolateGroups/6534132917220748", "name": "main.dart", "number": "6534132917220
EXT Extension {"type": "Event", "kind": "Extension", "extensionKind": "Flutter.Frame", "isolateGroup": {"type": "@IsolateGroup", "id": "isolateGroups/6534132917220748", "name": "main.dart", "number": "6534132917220
EXT Extension {"type": "Event", "kind": "Extension", "extensionKind": "Flutter.Frame", "isolateGroup": {"type": "@IsolateGroup", "id": "isolateGroups/6534132917220748", "name": "main.dart", "number": "6534132917220
EXT Extension {"type": "Event", "kind": "Extension", "extensionKind": "Flutter.Frame", "isolateGroup": {"type": "@IsolateGroup", "id": "isolateGroups/6534132917220748", "name": "main.dart", "number": "6534132917220
EXT Extension {"type": "Event", "kind": "Extension", "extensionKind": "Flutter.Frame", "isolateGroup": {"type": "@IsolateGroup", "id": "isolateGroups/6534132917220748", "name": "main.dart", "number": "6534132917220
EXT Extension {"type": "Event", "kind": "Extension", "extensionKind": "Flutter.Frame", "isolateGroup": {"type": "@IsolateGroup", "id": "isolateGroups/6534132917220748", "name": "main.dart", "number": "6534132917220
EXT Extension {"type": "Event", "kind": "Extension", "extensionKind": "Flutter.Frame", "isolateGroup": {"type": "@IsolateGroup", "id": "isolateGroups/6534132917220748", "name": "main.dart", "number": "6534132917220
EXT Extension {"type": "Event", "kind": "Extension", "extensionKind": "Flutter.Frame", "isolateGroup": {"type": "@IsolateGroup", "id": "isolateGroups/6534132917220748", "name": "main.dart", "number": "6534132917220
EXT Extension {"type": "Event", "kind": "Extension", "extensionKind": "Flutter.Frame", "isolateGroup": {"type": "@IsolateGroup", "id": "isolateGroups/6534132917220748", "name": "main.dart", "number": "6534132917220
EXT Extension {"type": "Event", "kind": "Extension", "extensionKind": "Flutter.Frame", "isolateGroup": {"type": "@IsolateGroup", "id": "isolateGroups/6534132917220748", "name": "main.dart", "number": "6534132917220
EXT Extension {"type": "Event", "kind": "Extension", "extensionKind": "Flutter.Frame", "isolateGroup": {"type": "@IsolateGroup", "id": "isolateGroups/6534132917220748", "name": "main.dart", "number": "6534132917220
EXT Extension {"type": "Event", "kind": "Extension", "extensionKind": "Flutter.Frame", "isolateGroup": {"type": "@IsolateGroup", "id": "isolateGroups/6534132917220748", "name": "main.dart", "number": "6534132917220
EXT Extension {"type": "Event", "kind": "Extension", "extensionKind": "Flutter.Frame", "isolateGroup": {"type": "@IsolateGroup", "id": "isolateGroups/6534132917220748", "name": "main.dart", "number": "6534132917220
EXT Extension {"type": "Event", "kind": "Extension", "extensionKind": "Flutter.Frame", "isolateGroup": {"type": "@IsolateGroup", "id": "isolateGroups/6534132917220748", "name": "main.dart", "number": "6534132917220
EXT Extension {"type": "Event", "kind": "Extension", "extensionKind": "Flutter.Frame", "isolateGroup": {"type": "@IsolateGroup", "id": "isolateGroups/6534132917220748", "name": "main.dart", "number": "6534132917220
EXT Extension {"type": "Event", "kind": "Extension", "extensionKind": "Flutter.Frame", "isolateGroup": {"type": "@IsolateGroup", "id": "isolateGroups/6534132917220748", "name": "main.dart", "number": "6534132917220
EXT Extension {"type": "Event", "kind": "Extension", "extensionKind": "Flutter.Frame", "isolateGroup": {"type": "@IsolateGroup", "id": "isolateGroups/6534132917220748", "name": "main.dart", "number": "6534132917220
EXT Extension {"type": "Event", "kind": "Extension", "extensionKind": "Flutter.Frame", "isolateGroup": {"type": "@IsolateGroup", "id": "isolateGroups/6534132917220748", "name": "main.dart", "number": "6534132917220
EXT Extension {"type": "Event", "kind": "Extension", "extensionKind": "Flutter.Frame", "isolateGroup": {"type": "@IsolateGroup", "id": "isolateGroups/6534132917220748", "name": "main.dart", "number": "6534132917220
EXT Extension {"type": "Event", "kind": "Extension", "extensionKind": "Flutter.Frame", "isolateGroup": {"type": "@IsolateGroup", "id": "isolateGroups/6534132917220748", "name": "main.dart", "number": "6534132917220
EXT Extension {"type": "Event", "kind": "Extension", "extensionKind": "Flutter.Frame", "isolateGroup": {"type": "@IsolateGroup", "id": "isolateGroups/6534132917220748", "name": "main.dart", "number": "6534132917220
EXT Extension {"type": "Event", "kind": "Extension", "extensionKind": "Flutter.Frame", "isolateGroup": {"type": "@IsolateGroup", "id": "isolateGroups/6534132917220748", "name": "main.dart", "number": "6534132917220
EXT Extension {"type": "Event", "kind": "Extension", "extensionKind": "Flutter.Frame", "isolateGroup": {"type": "@IsolateGroup", "id": "isolateGroups/6534132917220748", "name": "main.dart", "number": "6534132917220
EXT Extension {"type": "Event", "kind": "Extension", "extensionKind": "Flutter.Frame", "isolateGroup": {"type": "@IsolateGroup", "id": "isolateGroups/6534132917220748", "name": "main.dart", "number": "6534132917220
EXT Extension {"type": "Event", "kind": "Extension", "extensionKind": "Flutter.Frame", "isolateGroup": {"type": "@IsolateGroup", "id": "isolateGroups/6534132917220748", "name": "main.dart", "number": "6534132917220
EXT Extension {"type": "Event", "kind": "Extension", "extensionKind": "Flutter.Frame", "isolateGroup": {"type": "@IsolateGroup", "id": "isolateGroups/6534132917220748", "name": "main.dart", "number": "6534132917220
EXT Extension {"type": "Event", "kind": "Extension", "extensionKind": "Flutter.Frame", "isolateGroup": {"type": "@IsolateGroup", "id": "isolateGroups/6534132917220748", "name": "main.dart", "number": "6534132917220
EXT Extension {"type": "Event", "kind": "Extension", "extensionKind": "Flutter.Frame", "isolateGroup": {"type": "@IsolateGroup", "id": "isolateGroups/6534132917220748", "name": "main.dart", "number": "6534132917220
EXT Extension {"type": "Event", "kind": "Extension", "extensionKind": "Flutter.Frame", "isolateGroup": {"type": "@IsolateGroup", "id": "isolateGroups/6534132917220748", "name": "main.dart", "number": "6534132917220
EXT Extension {"type": "Event", "kind": "Extension", "extensionKind": "Flutter.Frame", "isolateGroup": {"type": "@IsolateGroup", "id": "isolateGroups/6534132917220748", "name": "main.dart", "number": "6534132917220
EXT Extension {"type": "Event", "kind": "Extension", "extensionKind": "Flutter.Frame", "isolateGroup": {"type": "@IsolateGroup", "id": "isolateGroups/6534132917220748", "name": "main.dart", "number": "6534132917220
EXT Extension {"type": "Event", "kind": "Extension", "extensionKind": "Flutter.Frame", "isolateGroup": {"type": "@IsolateGroup", "id": "isolateGroups/6534132917220748", "name": "main.dart", "number": "6534132917220
EXT Extension {"type": "Event", "kind": "Extension", "extensionKind": "Flutter.Frame", "isolateGroup": {"type": "@IsolateGroup", "id": "isolateGroups/6534132917220748", "name": "main.dart", "number": "6534132917220
EXT Extension {"type": "Event", "kind": "Extension", "extensionKind": "Flutter.Frame", "isolateGroup": {"type": "@IsolateGroup", "id": "isolateGroups/6534132917220748", "name": "main.dart", "number": "6534132917220
EXT Extension {"type": "Event", "kind": "Extension", "extensionKind": "Flutter.Frame", "isolateGroup": {"type": "@IsolateGroup", "id": "isolateGroups/6534132917220748", "name": "main.dart", "number": "6534132917220
EXT Extension {"type": "Event", "kind": "Extension", "extensionKind": "Flutter.Frame", "isolateGroup": {"type": "@IsolateGroup", "id": "isolateGroups/6534132917220748", "name": "main.dart", "number": "6534132917220
EXT Extension {"type": "Event", "kind": "Extension", "extensionKind": "Flutter.Frame", "isolateGroup": {"type": "@IsolateGroup", "id": "isolateGroups/6534132917220748", "name": "main.dart", "number": "6534132917220
EXT Extension {"type": "Event", "kind": "Extension", "extensionKind": "Flutter.Frame", "isolateGroup": {"type": "@IsolateGroup", "id": "isolateGroups/6534132917220748", "name": "main.dart", "number": "6534132917220
EXT Extension {"type": "Event", "kind": "Extension", "extensionKind": "Flutter.Frame", "isolateGroup": {"type": "@IsolateGroup", "id": "isolateGroups/6534132917220748", "name": "main.dart", "number": "6534132917220
EXT Extension {"type": "Event", "kind": "Extension", "extensionKind": "Flutter.Frame", "isolateGroup": {"type": "@IsolateGroup", "id": "isolateGroups/6534132917220748", "name": "main.dart", "number": "6534132917220
EXT Extension {"type": "Event", "kind": "Extension", "extensionKind": "Flutter.Frame", "isolateGroup": {"type": "@IsolateGroup", "id": "isolateGroups/6534132917220748", "name": "main.dart", "number": "6534132917220
EXT Extension {"type": "Event", "kind": "Extension", "extensionKind": "Flutter.Frame", "isolateGroup": {"type": "@IsolateGroup", "id": "isolateGroups/6534132917220748", "name": "main.dart", "number": "6534132917220
EXT Extension {"type": "Event", "kind": "Extension", "extensionKind": "Flutter.Frame", "isolateGroup": {"type": "@IsolateGroup", "id": "isolateGroups/6534132917220748", "name": "main.dart", "number": "6534132917220
EXT Extension {"type": "Event", "kind": "Extension", "extensionKind": "Flutter.Frame", "isolateGroup": {"type": "@IsolateGroup", "id": "isolateGroups/6534132917220748", "name": "main.dart", "number": "6534132917220
EXT Extension {"type": "Event", "kind": "Extension", "extensionKind": "Flutter.Frame", "isolateGroup": {"type": "@IsolateGroup", "id": "isolateGroups/6534132917220748", "name": "main.dart", "number": "6534132917220
EXT Extension {"type": "Event", "kind": "Extension", "extensionKind": "Flutter.Frame", "isolateGroup": {"type": "@IsolateGroup", "id": "isolateGroups/6534132917220748", "name": "main.dart", "number": "6534132917220
EXT Extension {"type": "Event", "kind": "Extension", "extensionKind": "Flutter.Frame", "isolateGroup": {"type": "@IsolateGroup", "id": "isolateGroups/6534132917220748", "name": "main.dart", "number": "6534132917220
EXT Extension {"type": "Event", "kind": "Extension", "extensionKind": "Flutter.Frame", "isolateGroup": {"type": "@IsolateGroup", "id": "isolateGroups/6534132917220748", "name": "main.dart", "number": "6534132917220
EXT Extension {"type": "Event", "kind": "Extension", "extensionKind": "Flutter.Frame", "isolateGroup": {"type": "@IsolateGroup", "id": "isolateGroups/6534132917220748", "name": "main.dart", "number": "6534132917220
EXT Extension {"type": "Event", "kind": "Extension", "extensionKind": "Flutter.Frame", "isolateGroup": {"type": "@IsolateGroup", "id": "isolateGroups/6534132917220748", "name": "main.dart", "number": "6534132917220
EXT Extension {"type": "Event", "kind": "Extension", "extensionKind": "Flutter.Frame", "isolateGroup": {"type": "@IsolateGroup", "id": "isolateGroups/6534132917220748", "name": "main.dart", "number": "6534132917220
EXT Extension {"type": "Event", "kind": "Extension", "extensionKind": "Flutter.Frame", "isolateGroup": {"type": "@IsolateGroup", "id": "isolateGroups/6534132917220748", "name": "main.dart", "number": "6534132917220
EXT Extension {"type": "Event", "kind": "Extension", "extensionKind": "Flutter.Frame", "isolateGroup": {"type": "@IsolateGroup", "id": "isolateGroups/6534132917220748", "name": "main.dart", "number": "6534132917220
EXT Extension {"type": "Event", "kind": "Extension", "extensionKind": "Flutter.Frame", "isolateGroup": {"type": "@IsolateGroup", "id": "isolateGroups/6534132917220748", "name": "main.dart", "number": "6534132917220
EXT Extension {"type": "Event", "kind": "Extension", "extensionKind": "Flutter.Frame", "isolateGroup": {"type": "@IsolateGroup", "id": "isolateGroups/6534132917220748", "name": "main.dart", "number": "6534132917220
EXT Extension {"type": "Event", "kind": "Extension", "extensionKind": "Flutter.Frame", "isolateGroup": {"type": "@IsolateGroup", "id": "isolateGroups/6534132917220748", "name": "main.dart", "number": "6534132917220
EXT Extension {"type": "Event", "kind": "Extension", "extensionKind": "Flutter.Frame", "isolateGroup": {"type": "@IsolateGroup", "id": "isolateGroups/6534132917220748", "name": "main.dart", "number": "6534132917220
EXT Extension {"type": "Event", "kind": "Extension", "extensionKind": "Flutter.Frame", "isolateGroup": {"type": "@IsolateGroup", "id": "isolateGroups/6534132917220748", "name": "main.dart", "number": "6534132917220
EXT Extension {"type": "Event", "kind": "Extension", "extensionKind": "Flutter.Frame", "isolateGroup": {"type": "@IsolateGroup", "id": "isolateGroups/6534132917220748", "name": "main.dart", "number": "6534132917220
EXT Extension {"type": "Event", "kind": "Extension", "extensionKind": "Flutter.Frame", "isolateGroup": {"type": "@IsolateGroup", "id": "isolateGroups/6534132917220748", "name": "main.dart", "number": "6534132917220
EXT Extension {"type": "Event", "kind": "Extension", "extensionKind": "Flutter.Frame", "isolateGroup": {"type": "@IsolateGroup", "id": "isolateGroups/6534132917220748", "name": "main.dart", "number": "6534132917220
EXT Extension {"type": "Event", "kind": "Extension", "extensionKind": "Flutter.Frame", "isolateGroup": {"type": "@IsolateGroup", "id": "isolateGroups/6534132917220748", "name": "main.dart", "number": "6534132917220
EXT Extension {"type": "Event", "kind": "Extension", "extensionKind": "Flutter.Frame", "isolateGroup": {"type": "@IsolateGroup", "id": "isolateGroups/6534132917220748", "name": "main.dart", "number": "6534132917220
EXT Extension {"type": "Event", "kind": "Extension", "extensionKind": "Flutter.Frame", "isolateGroup": {"type": "@IsolateGroup", "id": "isolateGroups/6534132917220748", "name": "main.dart", "number": "6534132917220
EXT Extension {"type": "Event", "kind": "Extension", "extensionKind": "Flutter.Frame", "isolateGroup": {"type": "@IsolateGroup", "id": "isolateGroups/6534132917220748", "name": "main.dart", "number": "6534132917220
EXT Extension {"type": "Event", "kind": "Extension", "extensionKind": "Flutter.Frame", "isolateGroup": {"type": "@IsolateGroup", "id": "isolateGroups/6534132917220748", "name": "main.dart", "number": "6534132917220
EXT Extension {"type": "Event", "kind": "Extension", "extensionKind": "Flutter.Frame", "isolateGroup": {"type": "@IsolateGroup", "id": "isolateGroups/6534132917220748", "name": "main.dart", "number": "6534132917220
EXT Extension {"type": "Event", "kind": "Extension", "extensionKind": "Flutter.Frame", "isolateGroup": {"type": "@IsolateGroup", "id": "isolateGroups/6534132917220748", "name": "main.dart", "number": "6534132917220
EXT Extension {"type": "Event", "kind": "Extension", "extensionKind": "Flutter.Frame", "isolateGroup": {"type": "@IsolateGroup", "id": "isolateGroups/6534132917220748", "name": "main.dart", "number": "6534132917220
EXT Extension {"type": "Event", "kind": "Extension", "extensionKind": "Flutter.Frame", "isolateGroup": {"type": "@IsolateGroup", "id": "isolateGroups/6534132917220748", "name": "main.dart", "number": "6534132917220
EXT Extension {"type": "Event", "kind": "Extension", "extensionKind": "Flutter.Frame", "isolateGroup": {"type": "@IsolateGroup", "id": "isolateGroups/6534132917220748", "name": "main.dart", "number": "6534132917220
EXT Extension {"type": "Event", "kind": "Extension", "extensionKind": "Flutter.Frame", "isolateGroup": {"type": "@IsolateGroup", "id": "isolateGroups/6534132917220748", "name": "main.dart", "number": "6534132917220
EXT Extension {"type": "Event", "kind": "Extension", "extensionKind": "Flutter.Frame", "isolateGroup": {"type": "@IsolateGroup", "id": "isolateGroups/6534132917220748", "name": "main.dart", "number": "6534132917220
EXT Extension {"type": "Event", "kind": "Extension", "extensionKind": "Flutter.Frame", "isolateGroup": {"type": "@IsolateGroup", "id": "isolateGroups/6534132917220748", "name": "main.dart", "number": "6534132917220
EXT Extension {"type": "Event", "kind": "Extension", "extensionKind": "Flutter.Frame", "isolateGroup": {"type": "@IsolateGroup", "id": "isolateGroups/6534132917220748", "name": "main.dart", "number": "6534132917220
EXT Extension {"type": "Event", "kind": "Extension", "extensionKind": "Flutter.Frame", "isolateGroup": {"type": "@IsolateGroup", "id": "isolateGroups/6534132917220748", "name": "main.dart", "number": "6534132917220
EXT Extension {"type": "Event", "kind": "Extension", "extensionKind": "Flutter.Frame", "isolateGroup": {"type": "@IsolateGroup", "id": "isolateGroups/6534132917220748", "name": "main.dart", "number": "6534132917220
EXT Extension {"type": "Event", "kind": "Extension", "extensionKind": "Flutter.Frame", "isolateGroup": {"type": "@IsolateGroup", "id": "isolateGroups/6534132917220748", "name": "main.dart", "number": "6534132917220
EXT Extension {"type": "Event", "kind": "Extension", "extensionKind": "Flutter.Frame", "isolateGroup": {"type": "@IsolateGroup", "id": "isolateGroups/6534132917220748", "name": "main.dart", "number": "6534132917220
EXT Extension {"type": "Event", "kind": "Extension", "extensionKind": "Flutter.Frame", "isolateGroup": {"type": "@IsolateGroup", "id": "isolateGroups/6534132917220748", "name": "main.dart", "number": "6534132917220
EXT Extension {"type": "Event", "kind": "Extension", "extensionKind": "Flutter.Frame", "isolateGroup": {"type": "@IsolateGroup", "id": "isolateGroups/6534132917220748", "name": "main.dart", "number": "6534132917220
EXT Extension {"type": "Event", "kind": "Extension", "extensionKind": "Flutter.Frame", "isolateGroup": {"type": "@IsolateGroup", "id": "isolateGroups/6534132917220748", "name": "main.dart", "number": "6534132917220
EXT Extension {"type": "Event", "kind": "Extension", "extensionKind": "Flutter.Frame", "isolateGroup": {"type": "@IsolateGroup", "id": "isolateGroups/6534132917220748", "name": "main.dart", "number": "6534132917220
EXT Extension {"type": "Event", "kind": "Extension", "extensionKind": "Flutter.Frame", "isolateGroup": {"type": "@IsolateGroup", "id": "isolateGroups/6534132917220748", "name": "main.dart", "number": "6534132917220
EXT Extension {"type": "Event", "kind": "Extension", "extensionKind": "Flutter.Frame", "isolateGroup": {"type": "@IsolateGroup", "id": "isolateGroups/6534132917220748", "name": "main.dart", "number": "6534132917220
EXT Extension {"type": "Event", "kind": "Extension", "extensionKind": "Flutter.Frame", "isolateGroup": {"type": "@IsolateGroup", "id": "isolateGroups/6534132917220748", "name": "main.dart", "number": "6534132917220
EXT Extension {"type": "Event", "kind": "Extension", "extensionKind": "Flutter.Frame", "isolateGroup": {"type": "@IsolateGroup", "id": "isolateGroups/6534132917220748", "name": "main.dart", "number": "6534132917220
EXT Extension {"type": "Event", "kind": "Extension", "extensionKind": "Flutter.Frame", "isolateGroup": {"type": "@IsolateGroup", "id": "isolateGroups/6534132917220748", "name": "main.dart", "number": "6534132917220
EXT Extension {"type": "Event", "kind": "Extension", "extensionKind": "Flutter.Frame", "isolateGroup": {"type": "@IsolateGroup", "id": "isolateGroups/6534132917220748", "name": "main.dart", "number": "6534132917220
EXT Extension {"type": "Event", "kind": "Extension", "extensionKind": "Flutter.Frame", "isolateGroup": {"type": "@IsolateGroup", "id": "isolateGroups/6534132917220748", "name": "main.dart", "number": "6534132917220
EXT Extension {"type": "Event", "kind": "Extension", "extensionKind": "Flutter.Frame", "isolateGroup": {"type": "@IsolateGroup", "id": "isolateGroups/6534132917220748", "name": "main.dart", "number": "6534132917220
EXT Extension {"type": "Event", "kind": "Extension", "extensionKind": "Flutter.Frame", "isolateGroup": {"type": "@IsolateGroup", "id": "isolateGroups/6534132917220748", "name": "main.dart", "number": "6534132917220
EXT Extension {"type": "Event", "kind": "Extension", "extensionKind": "Flutter.Frame", "isolateGroup": {"type": "@IsolateGroup", "id": "isolateGroups/6534132917220748", "name": "main.dart", "number": "6534132917220
EXT Extension {"type": "Event", "kind": "Extension", "extensionKind": "Flutter.Frame", "isolateGroup": {"type": "@IsolateGroup", "id": "isolateGroups/6534132917220748", "name": "main.dart", "number": "6534132917220
EXT Extension {"type": "Event", "kind": "Extension", "extensionKind": "Flutter.Frame", "isolateGroup": {"type": "@IsolateGroup", "id": "isolateGroups/6534132917220748", "name": "main.dart", "number": "6534132917220
EXT Extension {"type": "Event", "kind": "Extension", "extensionKind": "Flutter.Frame", "isolateGroup": {"type": "@IsolateGroup", "id": "isolateGroups/6534132917220748", "name": "main.dart", "number": "6534132917220
EXT Extension {"type": "Event", "kind": "Extension", "extensionKind": "Flutter.Frame", "isolateGroup": {"type": "@IsolateGroup", "id": "isolateGroups/6534132917220748", "name": "main.dart", "number": "6534132917220
EXT Extension {"type": "Event", "kind": "Extension", "extensionKind": "Flutter.Frame", "isolateGroup": {"type": "@IsolateGroup", "id": "isolateGroups/6534132917220748", "name": "main.dart", "number": "6534132917220
EXT Extension {"type": "Event", "kind": "Extension", "extensionKind": "Flutter.Frame", "isolateGroup": {"type": "@IsolateGroup", "id": "isolateGroups/6534132917220748", "name": "main.dart", "number": "6534132917220
EXT Extension {"type": "Event", "kind": "Extension", "extensionKind": "Flutter.Frame", "isolateGroup": {"type": "@IsolateGroup", "id": "isolateGroups/6534132917220748", "name": "main.dart", "number": "6534132917220
EXT Extension {"type": "Event", "kind": "Extension", "extensionKind": "Flutter.Frame", "isolateGroup": {"type": "@IsolateGroup", "id": "isolateGroups/6534132917220748", "name": "main.dart", "number": "6534132917220
EXT Extension {"type": "Event", "kind": "Extension", "extensionKind": "Flutter.Frame", "isolateGroup": {"type": "@IsolateGroup", "id": "isolateGroups/6534132917220748", "name": "main.dart", "number": "6534132917220
EXT Extension {"type": "Event", "kind": "Extension", "extensionKind": "Flutter.Frame", "isolateGroup": {"type": "@IsolateGroup", "id": "isolateGroups/6534132917220748", "name": "main.dart", "number": "6534132917220
EXT Extension {"type": "Event", "kind": "Extension", "extensionKind": "Flutter.Frame", "isolateGroup": {"type": "@IsolateGroup", "id": "isolateGroups/6534132917220748", "name": "main.dart", "number": "6534132917220
EXT Extension {"type": "Event", "kind": "Extension", "extensionKind": "Flutter.Frame", "isolateGroup": {"type": "@IsolateGroup", "id": "isolateGroups/6534132917220748", "name": "main.dart", "number": "6534132917220
EXT Extension {"type": "Event", "kind": "Extension", "extensionKind": "Flutter.Frame", "isolateGroup": {"type": "@IsolateGroup", "id": "isolateGroups/6534132917220748", "name": "main.dart", "number": "6534132917220
EXT Extension {"type": "Event", "kind": "Extension", "extensionKind": "Flutter.Frame", "isolateGroup": {"type": "@IsolateGroup", "id": "isolateGroups/6534132917220748", "name": "main.dart", "number": "6534132917220
EXT Extension {"type": "Event", "kind": "Extension", "extensionKind": "Flutter.Frame", "isolateGroup": {"type": "@IsolateGroup", "id": "isolateGroups/6534132917220748", "name": "main.dart", "number": "6534132917220
EXT Extension {"type": "Event", "kind": "Extension", "extensionKind": "Flutter.Frame", "isolateGroup": {"type": "@IsolateGroup", "id": "isolateGroups/6534132917220748", "name": "main.dart", "number": "6534132917220
EXT Extension {"type": "Event", "kind": "Extension", "extensionKind": "Flutter.Frame", "isolateGroup": {"type": "@IsolateGroup", "id": "isolateGroups/6534132917220748", "name": "main.dart", "number": "6534132917220
EXT Extension {"type": "Event", "kind": "Extension", "extensionKind": "Flutter.Frame", "isolateGroup": {"type": "@IsolateGroup", "id": "isolateGroups/6534132917220748", "name": "main.dart", "number": "6534132917220
EXT Extension {"type": "Event", "kind": "Extension", "extensionKind": "Flutter.Frame", "isolateGroup": {"type": "@IsolateGroup", "id": "isolateGroups/6534132917220748", "name": "main.dart", "number": "6534132917220
EXT Extension {"type": "Event", "kind": "Extension", "extensionKind": "Flutter.Frame", "isolateGroup": {"type": "@IsolateGroup", "id": "isolateGroups/6534132917220748", "name": "main.dart", "number": "6534132917220
EXT Extension {"type": "Event", "kind": "Extension", "extensionKind": "Flutter.Frame", "isolateGroup": {"type": "@IsolateGroup", "id": "isolateGroups/6534132917220748", "name": "main.dart", "number": "6534132917220
EXT Extension {"type": "Event", "kind": "Extension", "extensionKind": "Flutter.Frame", "isolateGroup": {"type": "@IsolateGroup", "id": "isolateGroups/6534132917220748", "name": "main.dart", "number": "6534132917220
EXT Extension {"type": "Event", "kind": "Extension", "extensionKind": "Flutter.Frame", "isolateGroup": {"type": "@IsolateGroup", "id": "isolateGroups/6534132917220748", "name": "main.dart", "number": "6534132917220
EXT Extension {"type": "Event", "kind": "Extension", "extensionKind": "Flutter.Frame", "isolateGroup": {"type": "@IsolateGroup", "id": "isolateGroups/6534132917220748", "name": "main.dart", "number": "6534132917220
EXT Extension {"type": "Event", "kind": "Extension", "extensionKind": "Flutter.Frame", "isolateGroup": {"type": "@IsolateGroup", "id": "isolateGroups/6534132917220748", "name": "main.dart", "number": "6534132917220
EXT Extension {"type": "Event", "kind": "Extension", "extensionKind": "Flutter.Frame", "isolateGroup": {"type": "@IsolateGroup", "id": "isolateGroups/6534132917220748", "name": "main.dart", "number": "6534132917220
EXT Extension {"type": "Event", "kind": "Extension", "extensionKind": "Flutter.Frame", "isolateGroup": {"type": "@IsolateGroup", "id": "isolateGroups/6534132917220748", "name": "main.dart", "number": "6534132917220
EXT Extension {"type": "Event", "kind": "Extension", "extensionKind": "Flutter.Frame", "isolateGroup": {"type": "@IsolateGroup", "id": "isolateGroups/6534132917220748", "name": "main.dart", "number": "6534132917220
EXT Extension {"type": "Event", "kind": "Extension", "extensionKind": "Flutter.Frame", "isolateGroup": {"type": "@IsolateGroup", "id": "isolateGroups/6534132917220748", "name": "main.dart", "number": "6534132917220
EXT Extension {"type": "Event", "kind": "Extension", "extensionKind": "Flutter.Frame", "isolateGroup": {"type": "@IsolateGroup", "id": "isolateGroups/6534132917220748", "name": "main.dart", "number": "6534132917220
EXT Extension {"type": "Event", "kind": "Extension", "extensionKind": "Flutter.Frame", "isolateGroup": {"type": "@IsolateGroup", "id": "isolateGroups/6534132917220748", "name": "main.dart", "number": "6534132917220
EXT Extension {"type": "Event", "kind": "Extension", "extensionKind": "Flutter.Frame", "isolateGroup": {"type": "@IsolateGroup", "id": "isolateGroups/6534132917220748", "name": "main.dart", "number": "6534132917220
EXT Extension {"type": "Event", "kind": "Extension", "extensionKind": "Flutter.Frame", "isolateGroup": {"type": "@IsolateGroup", "id": "isolateGroups/6534132917220748", "name": "main.dart", "number": "6534132917220
EXT Extension {"type": "Event", "kind": "Extension", "extensionKind": "Flutter.Frame", "isolateGroup": {"type": "@IsolateGroup", "id": "isolateGroups/6534132917220748", "name": "main.dart", "number": "6534132917220
EXT Extension {"type": "Event", "kind": "Extension", "extensionKind": "Flutter.Frame", "isolateGroup": {"type": "@IsolateGroup", "id": "isolateGroups/6534132917220748", "name": "main.dart", "number": "6534132917220
EXT Extension {"type": "Event", "kind": "Extension", "extensionKind": "Flutter.Frame", "isolateGroup": {"type": "@IsolateGroup", "id": "isolateGroups/6534132917220748", "name": "main.dart", "number": "6534132917220
EXT Extension {"type": "Event", "kind": "Extension", "extensionKind": "Flutter.Frame", "isolateGroup": {"type": "@IsolateGroup", "id": "isolateGroups/6534132917220748", "name": "main.dart", "number": "6534132917220
EXT Extension {"type": "Event", "kind": "Extension", "extensionKind": "Flutter.Frame", "isolateGroup": {"type": "@IsolateGroup", "id": "isolateGroups/6534132917220748", "name": "main.dart", "number": "6534132917220
EXT Extension {"type": "Event", "kind": "Extension", "extensionKind": "Flutter.Frame", "isolateGroup": {"type": "@IsolateGroup", "id": "isolateGroups/6534132917220748", "name": "main.dart", "number": "6534132917220
EXT Extension {"type": "Event", "kind": "Extension", "extensionKind": "Flutter.Frame", "isolateGroup": {"type": "@IsolateGroup", "id": "isolateGroups/6534132917220748", "name": "main.dart", "number": "6534132917220
EXT Extension {"type": "Event", "kind": "Extension", "extensionKind": "Flutter.Frame", "isolateGroup": {"type": "@IsolateGroup", "id": "isolateGroups/6534132917220748", "name": "main.dart", "number": "6534132917220
EXT Extension {"type": "Event", "kind": "Extension", "extensionKind": "Flutter.Frame", "isolateGroup": {"type": "@IsolateGroup", "id": "isolateGroups/6534132917220748", "name": "main.dart", "number": "6534132917220
EXT Extension {"type": "Event", "kind": "Extension", "extensionKind": "Flutter.Frame", "isolateGroup": {"type": "@IsolateGroup", "id": "isolateGroups/6534132917220748", "name": "main.dart", "number": "6534132917220
EXT Extension {"type": "Event", "kind": "Extension", "extensionKind": "Flutter.Frame", "isolateGroup": {"type": "@IsolateGroup", "id": "isolateGroups/6534132917220748", "name": "main.dart", "number": "6534132917220
EXT Extension {"type": "Event", "kind": "Extension", "extensionKind": "Flutter.Frame", "isolateGroup": {"type": "@IsolateGroup", "id": "isolateGroups/6534132917220748", "name": "main.dart", "number": "6534132917220
EXT Extension {"type": "Event", "kind": "Extension", "extensionKind": "Flutter.Frame", "isolateGroup": {"type": "@IsolateGroup", "id": "isolateGroups/6534132917220748", "name": "main.dart", "number": "6534132917220
EXT Extension {"type": "Event", "kind": "Extension", "extensionKind": "Flutter.Frame", "isolateGroup": {"type": "@IsolateGroup", "id": "isolateGroups/6534132917220748", "name": "main.dart", "number": "6534132917220
EXT Extension {"type": "Event", "kind": "Extension", "extensionKind": "Flutter.Frame", "isolateGroup": {"type": "@IsolateGroup", "id": "isolateGroups/6534132917220748", "name": "main.dart", "number": "6534132917220
EXT Extension {"type": "Event", "kind": "Extension", "extensionKind": "Flutter.Frame", "isolateGroup": {"type": "@IsolateGroup", "id": "isolateGroups/6534132917220748", "name": "main.dart", "number": "6534132917220
EXT Extension {"type": "Event", "kind": "Extension", "extensionKind": "Flutter.Frame", "isolateGroup": {"type": "@IsolateGroup", "id": "isolateGroups/6534132917220748", "name": "main.dart", "number": "6534132917220
EXT Extension {"type": "Event", "kind": "Extension", "extensionKind": "Flutter.Frame", "isolateGroup": {"type": "@IsolateGroup", "id": "isolateGroups/6534132917220748", "name": "main.dart", "number": "6534132917220
EXT Extension {"type": "Event", "kind": "Extension", "extensionKind": "Flutter.Frame", "isolateGroup": {"type": "@IsolateGroup", "id": "isolateGroups/6534132917220748", "name": "main.dart", "number": "6534132917220
EXT Extension {"type": "Event", "kind": "Extension", "extensionKind": "Flutter.Frame", "isolateGroup": {"type": "@IsolateGroup", "id": "isolateGroups/6534132917220748", "name": "main.dart", "number": "6534132917220
EXT Extension {"type": "Event", "kind": "Extension", "extensionKind": "Flutter.Frame", "isolateGroup": {"type": "@IsolateGroup", "id": "isolateGroups/6534132917220748", "name": "main.dart", "number": "6534132917220
EXT Extension {"type": "Event", "kind": "Extension", "extensionKind": "Flutter.Frame", "isolateGroup": {"type": "@IsolateGroup", "id": "isolateGroups/6534132917220748", "name": "main.dart", "number": "6534132917220
EXT Extension {"type": "Event", "kind": "Extension", "extensionKind": "Flutter.Frame", "isolateGroup": {"type": "@IsolateGroup", "id": "isolateGroups/6534132917220748", "name": "main.dart", "number": "6534132917220
EXT Extension {"type": "Event", "kind": "Extension", "extensionKind": "Flutter.Frame", "isolateGroup": {"type": "@IsolateGroup", "id": "isolateGroups/6534132917220748", "name": "main.dart", "number": "6534132917220
EXT Extension {"type": "Event", "kind": "Extension", "extensionKind": "Flutter.Frame", "isolateGroup": {"type": "@IsolateGroup", "id": "isolateGroups/6534132917220748", "name": "main.dart", "number": "6534132917220
EXT Extension {"type": "Event", "kind": "Extension", "extensionKind": "Flutter.Frame", "isolateGroup": {"type": "@IsolateGroup", "id": "isolateGroups/6534132917220748", "name": "main.dart", "number": "6534132917220
EXT Extension {"type": "Event", "kind": "Extension", "extensionKind": "Flutter.Frame", "isolateGroup": {"type": "@IsolateGroup", "id": "isolateGroups/6534132917220748", "name": "main.dart", "number": "6534132917220
EXT Extension {"type": "Event", "kind": "Extension", "extensionKind": "Flutter.Frame", "isolateGroup": {"type": "@IsolateGroup", "id": "isolateGroups/6534132917220748", "name": "main.dart", "number": "6534132917220
EXT Extension {"type": "Event", "kind": "Extension", "extensionKind": "Flutter.Frame", "isolateGroup": {"type": "@IsolateGroup", "id": "isolateGroups/6534132917220748", "name": "main.dart", "number": "6534132917220
EXT Extension {"type": "Event", "kind": "Extension", "extensionKind": "Flutter.Frame", "isolateGroup": {"type": "@IsolateGroup", "id": "isolateGroups/6534132917220748", "name": "main.dart", "number": "6534132917220
EXT Extension {"type": "Event", "kind": "Extension", "extensionKind": "Flutter.Frame", "isolateGroup": {"type": "@IsolateGroup", "id": "isolateGroups/6534132917220748", "name": "main.dart", "number": "6534132917220
EXT Extension {"type": "Event", "kind": "Extension", "extensionKind": "Flutter.Frame", "isolateGroup": {"type": "@IsolateGroup", "id": "isolateGroups/6534132917220748", "name": "main.dart", "number": "6534132917220
EXT Extension {"type": "Event", "kind": "Extension", "extensionKind": "Flutter.Frame", "isolateGroup": {"type": "@IsolateGroup", "id": "isolateGroups/6534132917220748", "name": "main.dart", "number": "6534132917220
EXT Extension {"type": "Event", "kind": "Extension", "extensionKind": "Flutter.Frame", "isolateGroup": {"type": "@IsolateGroup", "id": "isolateGroups/6534132917220748", "name": "main.dart", "number": "6534132917220
EXT Extension {"type": "Event", "kind": "Extension", "extensionKind": "Flutter.Frame", "isolateGroup": {"type": "@IsolateGroup", "id": "isolateGroups/6534132917220748", "name": "main.dart", "number": "6534132917220
EXT Extension {"type": "Event", "kind": "Extension", "extensionKind": "Flutter.Frame", "isolateGroup": {"type": "@IsolateGroup", "id": "isolateGroups/6534132917220748", "name": "main.dart", "number": "6534132917220
EXT Extension {"type": "Event", "kind": "Extension", "extensionKind": "Flutter.Frame", "isolateGroup": {"type": "@IsolateGroup", "id": "isolateGroups/6534132917220748", "name": "main.dart", "number": "6534132917220
EXT Extension {"type": "Event", "kind": "Extension", "extensionKind": "Flutter.Frame", "isolateGroup": {"type": "@IsolateGroup", "id": "isolateGroups/6534132917220748", "name": "main.dart", "number": "6534132917220
EXT Extension {"type": "Event", "kind": "Extension", "extensionKind": "Flutter.Frame", "isolateGroup": {"type": "@IsolateGroup", "id": "isolateGroups/6534132917220748", "name": "main.dart", "number": "6534132917220
EXT Extension {"type": "Event", "kind": "Extension", "extensionKind": "Flutter.Frame", "isolateGroup": {"type": "@IsolateGroup", "id": "isolateGroups/6534132917220748", "name": "main.dart", "number": "6534132917220
EXT Extension {"type": "Event", "kind": "Extension", "extensionKind": "Flutter.Frame", "isolateGroup": {"type": "@IsolateGroup", "id": "isolateGroups/6534132917220748", "name": "main.dart", "number": "6534132917220
EXT Extension {"type": "Event", "kind": "Extension", "extensionKind": "Flutter.Frame", "isolateGroup": {"type": "@IsolateGroup", "id": "isolateGroups/6534132917220748", "name": "main.dart", "number": "6534132917220
EXT Extension {"type": "Event", "kind": "Extension", "extensionKind": "Flutter.Frame", "isolateGroup": {"type": "@IsolateGroup", "id": "isolateGroups/6534132917220748", "name": "main.dart", "number": "6534132917220
EXT Extension {"type": "Event", "kind": "Extension", "extensionKind": "Flutter.Frame", "isolateGroup": {"type": "@IsolateGroup", "id": "isolateGroups/6534132917220748", "name": "main.dart", "number": "6534132917220
EXT Extension {"type": "Event", "kind": "Extension", "extensionKind": "Flutter.Frame", "isolateGroup": {"type": "@IsolateGroup", "id": "isolateGroups/6534132917220748", "name": "main.dart", "number": "6534132917220
EXT Extension {"type": "Event", "kind": "Extension", "extensionKind": "Flutter.Frame", "isolateGroup": {"type": "@IsolateGroup", "id": "isolateGroups/6534132917220748", "name": "main.dart", "number": "6534132917220
EXT Extension {"type": "Event", "kind": "Extension", "extensionKind": "Flutter.Frame", "isolateGroup": {"type": "@IsolateGroup", "id": "isolateGroups/6534132917220748", "name": "main.dart", "number": "6534132917220
EXT Extension {"type": "Event", "kind": "Extension", "extensionKind": "Flutter.Frame", "isolateGroup": {"type": "@IsolateGroup", "id": "isolateGroups/6534132917220748", "name": "main.dart", "number": "6534132917220
EXT Extension {"type": "Event", "kind": "Extension", "extensionKind": "Flutter.Frame", "isolateGroup": {"type": "@IsolateGroup", "id": "isolateGroups/6534132917220748", "name": "main.dart", "number": "6534132917220
EXT Extension {"type": "Event", "kind": "Extension", "extensionKind": "Flutter.Frame", "isolateGroup": {"type": "@IsolateGroup", "id": "isolateGroups/6534132917220748", "name": "main.dart", "number": "6534132917220
EXT Extension {"type": "Event", "kind": "Extension", "extensionKind": "Flutter.Frame", "isolateGroup": {"type": "@IsolateGroup", "id": "isolateGroups/6534132917220748", "name": "main.dart", "number": "6534132917220
EXT Extension {"type": "Event", "kind": "Extension", "extensionKind": "Flutter.Frame", "isolateGroup": {"type": "@IsolateGroup", "id": "isolateGroups/6534132917220748", "name": "main.dart", "number": "6534132917220
EXT Extension {"type": "Event", "kind": "Extension", "extensionKind": "Flutter.Frame", "isolateGroup": {"type": "@IsolateGroup", "id": "isolateGroups/6534132917220748", "name": "main.dart", "number": "6534132917220
EXT Extension {"type": "Event", "kind": "Extension", "extensionKind": "Flutter.Frame", "isolateGroup": {"type": "@IsolateGroup", "id": "isolateGroups/6534132917220748", "name": "main.dart", "number": "6534132917220
EXT Extension {"type": "Event", "kind": "Extension", "extensionKind": "Flutter.Frame", "isolateGroup": {"type": "@IsolateGroup", "id": "isolateGroups/6534132917220748", "name": "main.dart", "number": "6534132917220
EXT Extension {"type": "Event", "kind": "Extension", "extensionKind": "Flutter.Frame", "isolateGroup": {"type": "@IsolateGroup", "id": "isolateGroups/6534132917220748", "name": "main.dart", "number": "6534132917220
EXT Extension {"type": "Event", "kind": "Extension", "extensionKind": "Flutter.Frame", "isolateGroup": {"type": "@IsolateGroup", "id": "isolateGroups/6534132917220748", "name": "main.dart", "number": "6534132917220
EXT Extension {"type": "Event", "kind": "Extension", "extensionKind": "Flutter.Frame", "isolateGroup": {"type": "@IsolateGroup", "id": "isolateGroups/6534132917220748", "name": "main.dart", "number": "6534132917220
EXT Extension {"type": "Event", "kind": "Extension", "extensionKind": "Flutter.Frame", "isolateGroup": {"type": "@IsolateGroup", "id": "isolateGroups/6534132917220748", "name": "main.dart", "number": "6534132917220
EXT Extension {"type": "Event", "kind": "Extension", "extensionKind": "Flutter.Frame", "isolateGroup": {"type": "@IsolateGroup", "id": "isolateGroups/6534132917220748", "name": "main.dart", "number": "6534132917220
EXT Extension {"type": "Event", "kind": "Extension", "extensionKind": "Flutter.Frame", "isolateGroup": {"type": "@IsolateGroup", "id": "isolateGroups/6534132917220748", "name": "main.dart", "number": "6534132917220
EXT Extension {"type": "Event", "kind": "Extension", "extensionKind": "Flutter.Frame", "isolateGroup": {"type": "@IsolateGroup", "id": "isolateGroups/6534132917220748", "name": "main.dart", "number": "6534132917220
EXT Extension {"type": "Event", "kind": "Extension", "extensionKind": "Flutter.Frame", "isolateGroup": {"type": "@IsolateGroup", "id": "isolateGroups/6534132917220748", "name": "main.dart", "number": "6534132917220
EXT Extension {"type": "Event", "kind": "Extension", "extensionKind": "Flutter.Frame", "isolateGroup": {"type": "@IsolateGroup", "id": "isolateGroups/6534132917220748", "name": "main.dart", "number": "6534132917220
EXT Extension {"type": "Event", "kind": "Extension", "extensionKind": "Flutter.Frame", "isolateGroup": {"type": "@IsolateGroup", "id": "isolateGroups/6534132917220748", "name": "main.dart", "number": "6534132917220
EXT Extension {"type": "Event", "kind": "Extension", "extensionKind": "Flutter.Frame", "isolateGroup": {"type": "@IsolateGroup", "id": "isolateGroups/6534132917220748", "name": "main.dart", "number": "6534132917220
EXT Extension {"type": "Event", "kind": "Extension", "extensionKind": "Flutter.Frame", "isolateGroup": {"type": "@IsolateGroup", "id": "isolateGroups/6534132917220748", "name": "main.dart", "number": "6534132917220
EXT Extension {"type": "Event", "kind": "Extension", "extensionKind": "Flutter.Frame", "isolateGroup": {"type": "@IsolateGroup", "id": "isolateGroups/6534132917220748", "name": "main.dart", "number": "6534132917220
EXT Extension {"type": "Event", "kind": "Extension", "extensionKind": "Flutter.Frame", "isolateGroup": {"type": "@IsolateGroup", "id": "isolateGroups/6534132917220748", "name": "main.dart", "number": "6534132917220
EXT Extension {"type": "Event", "kind": "Extension", "extensionKind": "Flutter.Frame", "isolateGroup": {"type": "@IsolateGroup", "id": "isolateGroups/6534132917220748", "name": "main.dart", "number": "6534132917220
EXT Extension {"type": "Event", "kind": "Extension", "extensionKind": "Flutter.Frame", "isolateGroup": {"type": "@IsolateGroup", "id": "isolateGroups/6534132917220748", "name": "main.dart", "number": "6534132917220
EXT Extension {"type": "Event", "kind": "Extension", "extensionKind": "Flutter.Frame", "isolateGroup": {"type": "@IsolateGroup", "id": "isolateGroups/6534132917220748", "name": "main.dart", "number": "6534132917220
EXT Extension {"type": "Event", "kind": "Extension", "extensionKind": "Flutter.Frame", "isolateGroup": {"type": "@IsolateGroup", "id": "isolateGroups/6534132917220748", "name": "main.dart", "number": "6534132917220
EXT Extension {"type": "Event", "kind": "Extension", "extensionKind": "Flutter.Frame", "isolateGroup": {"type": "@IsolateGroup", "id": "isolateGroups/6534132917220748", "name": "main.dart", "number": "6534132917220
EXT Extension {"type": "Event", "kind": "Extension", "extensionKind": "Flutter.Frame", "isolateGroup": {"type": "@IsolateGroup", "id": "isolateGroups/6534132917220748", "name": "main.dart", "number": "6534132917220
EXT Extension {"type": "Event", "kind": "Extension", "extensionKind": "Flutter.Frame", "isolateGroup": {"type": "@IsolateGroup", "id": "isolateGroups/6534132917220748", "name": "main.dart", "number": "6534132917220
EXT Extension {"type": "Event", "kind": "Extension", "extensionKind": "Flutter.Frame", "isolateGroup": {"type": "@IsolateGroup", "id": "isolateGroups/6534132917220748", "name": "main.dart", "number": "6534132917220
EXT Extension {"type": "Event", "kind": "Extension", "extensionKind": "Flutter.Frame", "isolateGroup": {"type": "@IsolateGroup", "id": "isolateGroups/6534132917220748", "name": "main.dart", "number": "6534132917220
EXT Extension {"type": "Event", "kind": "Extension", "extensionKind": "Flutter.Frame", "isolateGroup": {"type": "@IsolateGroup", "id": "isolateGroups/6534132917220748", "name": "main.dart", "number": "6534132917220
EXT Extension {"type": "Event", "kind": "Extension", "extensionKind": "Flutter.Frame", "isolateGroup": {"type": "@IsolateGroup", "id": "isolateGroups/6534132917220748", "name": "main.dart", "number": "6534132917220
EXT Extension {"type": "Event", "kind": "Extension", "extensionKind": "Flutter.Frame", "isolateGroup": {"type": "@IsolateGroup", "id": "isolateGroups/6534132917220748", "name": "main.dart", "number": "6534132917220
EXT Extension {"type": "Event", "kind": "Extension", "extensionKind": "Flutter.Frame", "isolateGroup": {"type": "@IsolateGroup", "id": "isolateGroups/6534132917220748", "name": "main.dart", "number": "6534132917220
EXT Extension {"type": "Event", "kind": "Extension", "extensionKind": "Flutter.Frame", "isolateGroup": {"type": "@IsolateGroup", "id": "isolateGroups/6534132917220748", "name": "main.dart", "number": "6534132917220
EXT Extension {"type": "Event", "kind": "Extension", "extensionKind": "Flutter.Frame", "isolateGroup": {"type": "@IsolateGroup", "id": "isolateGroups/6534132917220748", "name": "main.dart", "number": "6534132917220
EXT Extension {"type": "Event", "kind": "Extension", "extensionKind": "Flutter.Frame", "isolateGroup": {"type": "@IsolateGroup", "id": "isolateGroups/6534132917220748", "name": "main.dart", "number": "6534132917220
EXT Extension {"type": "Event", "kind": "Extension", "extensionKind": "Flutter.Frame", "isolateGroup": {"type": "@IsolateGroup", "id": "isolateGroups/6534132917220748", "name": "main.dart", "number": "6534132917220
EXT Extension {"type": "Event", "kind": "Extension", "extensionKind": "Flutter.Frame", "isolateGroup": {"type": "@IsolateGroup", "id": "isolateGroups/6534132917220748", "name": "main.dart", "number": "6534132917220
EXT Extension {"type": "Event", "kind": "Extension", "extensionKind": "Flutter.Frame", "isolateGroup": {"type": "@IsolateGroup", "id": "isolateGroups/6534132917220748", "name": "main.dart", "number": "6534132917220
EXT Extension {"type": "Event", "kind": "Extension", "extensionKind": "Flutter.Frame", "isolateGroup": {"type": "@IsolateGroup", "id": "isolateGroups/6534132917220748", "name": "main.dart", "number": "6534132917220
EXT Extension {"type": "Event", "kind": "Extension", "extensionKind": "Flutter.Frame", "isolateGroup": {"type": "@IsolateGroup", "id": "isolateGroups/6534132917220748", "name": "main.dart", "number": "6534132917220
EXT Extension {"type": "Event", "kind": "Extension", "extensionKind": "Flutter.Frame", "isolateGroup": {"type": "@IsolateGroup", "id": "isolateGroups/6534132917220748", "name": "main.dart", "number": "6534132917220
EXT Extension {"type": "Event", "kind": "Extension", "extensionKind": "Flutter.Frame", "isolateGroup": {"type": "@IsolateGroup", "id": "isolateGroups/6534132917220748", "name": "main.dart", "number": "6534132917220
EXT Extension {"type": "Event", "kind": "Extension", "extensionKind": "Flutter.Frame", "isolateGroup": {"type": "@IsolateGroup", "id": "isolateGroups/6534132917220748", "name": "main.dart", "number": "6534132917220
EXT Extension {"type": "Event", "kind": "Extension", "extensionKind": "Flutter.Frame", "isolateGroup": {"type": "@IsolateGroup", "id": "isolateGroups/6534132917220748", "name": "main.dart", "number": "6534132917220
EXT Extension {"type": "Event", "kind": "Extension", "extensionKind": "Flutter.Frame", "isolateGroup": {"type": "@IsolateGroup", "id": "isolateGroups/6534132917220748", "name": "main.dart", "number": "6534132917220
EXT Extension {"type": "Event", "kind": "Extension", "extensionKind": "Flutter.Frame", "isolateGroup": {"type": "@IsolateGroup", "id": "isolateGroups/6534132917220748", "name": "main.dart", "number": "6534132917220
EXT Extension {"type": "Event", "kind": "Extension", "extensionKind": "Flutter.Frame", "isolateGroup": {"type": "@IsolateGroup", "id": "isolateGroups/6534132917220748", "name": "main.dart", "number": "6534132917220
EXT Extension {"type": "Event", "kind": "Extension", "extensionKind": "Flutter.Frame", "isolateGroup": {"type": "@IsolateGroup", "id": "isolateGroups/6534132917220748", "name": "main.dart", "number": "6534132917220
EXT Extension {"type": "Event", "kind": "Extension", "extensionKind": "Flutter.Frame", "isolateGroup": {"type": "@IsolateGroup", "id": "isolateGroups/6534132917220748", "name": "main.dart", "number": "6534132917220
EXT Extension {"type": "Event", "kind": "Extension", "extensionKind": "Flutter.Frame", "isolateGroup": {"type": "@IsolateGroup", "id": "isolateGroups/6534132917220748", "name": "main.dart", "number": "6534132917220
EXT Extension {"type": "Event", "kind": "Extension", "extensionKind": "Flutter.Frame", "isolateGroup": {"type": "@IsolateGroup", "id": "isolateGroups/6534132917220748", "name": "main.dart", "number": "6534132917220
EXT Extension {"type": "Event", "kind": "Extension", "extensionKind": "Flutter.Frame", "isolateGroup": {"type": "@IsolateGroup", "id": "isolateGroups/6534132917220748", "name": "main.dart", "number": "6534132917220
EXT Extension {"type": "Event", "kind": "Extension", "extensionKind": "Flutter.Frame", "isolateGroup": {"type": "@IsolateGroup", "id": "isolateGroups/6534132917220748", "name": "main.dart", "number": "6534132917220
EXT Extension {"type": "Event", "kind": "Extension", "extensionKind": "Flutter.Frame", "isolateGroup": {"type": "@IsolateGroup", "id": "isolateGroups/6534132917220748", "name": "main.dart", "number": "6534132917220
EXT Extension {"type": "Event", "kind": "Extension", "extensionKind": "Flutter.Frame", "isolateGroup": {"type": "@IsolateGroup", "id": "isolateGroups/6534132917220748", "name": "main.dart", "number": "6534132917220
EXT Extension {"type": "Event", "kind": "Extension", "extensionKind": "Flutter.Frame", "isolateGroup": {"type": "@IsolateGroup", "id": "isolateGroups/6534132917220748", "name": "main.dart", "number": "6534132917220
EXT Extension {"type": "Event", "kind": "Extension", "extensionKind": "Flutter.Frame", "isolateGroup": {"type": "@IsolateGroup", "id": "isolateGroups/6534132917220748", "name": "main.dart", "number": "6534132917220
EXT Extension {"type": "Event", "kind": "Extension", "extensionKind": "Flutter.Frame", "isolateGroup": {"type": "@IsolateGroup", "id": "isolateGroups/6534132917220748", "name": "main.dart", "number": "6534132917220
EXT Extension {"type": "Event", "kind": "Extension", "extensionKind": "Flutter.Frame", "isolateGroup": {"type": "@IsolateGroup", "id": "isolateGroups/6534132917220748", "name": "main.dart", "number": "6534132917220
EXT Extension {"type": "Event", "kind": "Extension", "extensionKind": "Flutter.Frame", "isolateGroup": {"type": "@IsolateGroup", "id": "isolateGroups/6534132917220748", "name": "main.dart", "number": "6534132917220
EXT Extension {"type": "Event", "kind": "Extension", "extensionKind": "Flutter.Frame", "isolateGroup": {"type": "@IsolateGroup", "id": "isolateGroups/6534132917220748", "name": "main.dart", "number": "6534132917220
EXT Extension {"type": "Event", "kind": "Extension", "extensionKind": "Flutter.Frame", "isolateGroup": {"type": "@IsolateGroup", "id": "isolateGroups/6534132917220748", "name": "main.dart", "number": "6534132917220
EXT Extension {"type": "Event", "kind": "Extension", "extensionKind": "Flutter.Frame", "isolateGroup": {"type": "@IsolateGroup", "id": "isolateGroups/6534132917220748", "name": "main.dart", "number": "6534132917220
EXT Extension {"type": "Event", "kind": "Extension", "extensionKind": "Flutter.Frame", "isolateGroup": {"type": "@IsolateGroup", "id": "isolateGroups/6534132917220748", "name": "main.dart", "number": "6534132917220
EXT Extension {"type": "Event", "kind": "Extension", "extensionKind": "Flutter.Frame", "isolateGroup": {"type": "@IsolateGroup", "id": "isolateGroups/6534132917220748", "name": "main.dart", "number": "6534132917220
EXT Extension {"type": "Event", "kind": "Extension", "extensionKind": "Flutter.Frame", "isolateGroup": {"type": "@IsolateGroup", "id": "isolateGroups/6534132917220748", "name": "main.dart", "number": "6534132917220
EXT Extension {"type": "Event", "kind": "Extension", "extensionKind": "Flutter.Frame", "isolateGroup": {"type": "@IsolateGroup", "id": "isolateGroups/6534132917220748", "name": "main.dart", "number": "6534132917220
EXT Extension {"type": "Event", "kind": "Extension", "extensionKind": "Flutter.Frame", "isolateGroup": {"type": "@IsolateGroup", "id": "isolateGroups/6534132917220748", "name": "main.dart", "number": "6534132917220
EXT Extension {"type": "Event", "kind": "Extension", "extensionKind": "Flutter.Frame", "isolateGroup": {"type": "@IsolateGroup", "id": "isolateGroups/6534132917220748", "name": "main.dart", "number": "6534132917220
EXT Extension {"type": "Event", "kind": "Extension", "extensionKind": "Flutter.Frame", "isolateGroup": {"type": "@IsolateGroup", "id": "isolateGroups/6534132917220748", "name": "main.dart", "number": "6534132917220
EXT Extension {"type": "Event", "kind": "Extension", "extensionKind": "Flutter.Frame", "isolateGroup": {"type": "@IsolateGroup", "id": "isolateGroups/6534132917220748", "name": "main.dart", "number": "6534132917220
EXT Extension {"type": "Event", "kind": "Extension", "extensionKind": "Flutter.Frame", "isolateGroup": {"type": "@IsolateGroup", "id": "isolateGroups/6534132917220748", "name": "main.dart", "number": "6534132917220
EXT Extension {"type": "Event", "kind": "Extension", "extensionKind": "Flutter.Frame", "isolateGroup": {"type": "@IsolateGroup", "id": "isolateGroups/6534132917220748", "name": "main.dart", "number": "6534132917220
EXT Extension {"type": "Event", "kind": "Extension", "extensionKind": "Flutter.Frame", "isolateGroup": {"type": "@IsolateGroup", "id": "isolateGroups/6534132917220748", "name": "main.dart", "number": "6534132917220
EXT Extension {"type": "Event", "kind": "Extension", "extensionKind": "Flutter.Frame", "isolateGroup": {"type": "@IsolateGroup", "id": "isolateGroups/6534132917220748", "name": "main.dart", "number": "6534132917220
EXT Extension {"type": "Event", "kind": "Extension", "extensionKind": "Flutter.Frame", "isolateGroup": {"type": "@IsolateGroup", "id": "isolateGroups/6534132917220748", "name": "main.dart", "number": "6534132917220
EXT Extension {"type": "Event", "kind": "Extension", "extensionKind": "Flutter.Frame", "isolateGroup": {"type": "@IsolateGroup", "id": "isolateGroups/6534132917220748", "name": "main.dart", "number": "6534132917220
EXT Extension {"type": "Event", "kind": "Extension", "extensionKind": "Flutter.Frame", "isolateGroup": {"type": "@IsolateGroup", "id": "isolateGroups/6534132917220748", "name": "main.dart", "number": "6534132917220
EXT Extension {"type": "Event", "kind": "Extension", "extensionKind": "Flutter.Frame", "isolateGroup": {"type": "@IsolateGroup", "id": "isolateGroups/6534132917220748", "name": "main.dart", "number": "6534132917220
EXT Extension {"type": "Event", "kind": "Extension", "extensionKind": "Flutter.Frame", "isolateGroup": {"type": "@IsolateGroup", "id": "isolateGroups/6534132917220748", "name": "main.dart", "number": "6534132917220
EXT Extension {"type": "Event", "kind": "Extension", "extensionKind": "Flutter.Frame", "isolateGroup": {"type": "@IsolateGroup", "id": "isolateGroups/6534132917220748", "name": "main.dart", "number": "6534132917220
EXT Extension {"type": "Event", "kind": "Extension", "extensionKind": "Flutter.Frame", "isolateGroup": {"type": "@IsolateGroup", "id": "isolateGroups/6534132917220748", "name": "main.dart", "number": "6534132917220
EXT Extension {"type": "Event", "kind": "Extension", "extensionKind": "Flutter.Frame", "isolateGroup": {"type": "@IsolateGroup", "id": "isolateGroups/6534132917220748", "name": "main.dart", "number": "6534132917220
EXT Extension {"type": "Event", "kind": "Extension", "extensionKind": "Flutter.Frame", "isolateGroup": {"type": "@IsolateGroup", "id": "isolateGroups/6534132917220748", "name": "main.dart", "number": "6534132917220
EXT Extension {"type": "Event", "kind": "Extension", "extensionKind": "Flutter.Frame", "isolateGroup": {"type": "@IsolateGroup", "id": "isolateGroups/6534132917220748", "name": "main.dart", "number": "6534132917220
EXT Extension {"type": "Event", "kind": "Extension", "extensionKind": "Flutter.Frame", "isolateGroup": {"type": "@IsolateGroup", "id": "isolateGroups/6534132917220748", "name": "main.dart", "number": "6534132917220
EXT Extension {"type": "Event", "kind": "Extension", "extensionKind": "Flutter.Frame", "isolateGroup": {"type": "@IsolateGroup", "id": "isolateGroups/6534132917220748", "name": "main.dart", "number": "6534132917220
EXT Extension {"type": "Event", "kind": "Extension", "extensionKind": "Flutter.Frame", "isolateGroup": {"type": "@IsolateGroup", "id": "isolateGroups/6534132917220748", "name": "main.dart", "number": "6534132917220
EXT Extension {"type": "Event", "kind": "Extension", "extensionKind": "Flutter.Frame", "isolateGroup": {"type": "@IsolateGroup", "id": "isolateGroups/6534132917220748", "name": "main.dart", "number": "6534132917220
EXT Extension {"type": "Event", "kind": "Extension", "extensionKind": "Flutter.Frame", "isolateGroup": {"type": "@IsolateGroup", "id": "isolateGroups/6534132917220748", "name": "main.dart", "number": "6534132917220
EXT Extension {"type": "Event", "kind": "Extension", "extensionKind": "Flutter.Frame", "isolateGroup": {"type": "@IsolateGroup", "id": "isolateGroups/6534132917220748", "name": "main.dart", "number": "6534132917220
EXT Extension {"type": "Event", "kind": "Extension", "extensionKind": "Flutter.Frame", "isolateGroup": {"type": "@IsolateGroup", "id": "isolateGroups/6534132917220748", "name": "main.dart", "number": "6534132917220
EXT Extension {"type": "Event", "kind": "Extension", "extensionKind": "Flutter.Frame", "isolateGroup": {"type": "@IsolateGroup", "id": "isolateGroups/6534132917220748", "name": "main.dart", "number": "6534132917220
EXT Extension {"type": "Event", "kind": "Extension", "extensionKind": "Flutter.Frame", "isolateGroup": {"type": "@IsolateGroup", "id": "isolateGroups/6534132917220748", "name": "main.dart", "number": "6534132917220
EXT Extension {"type": "Event", "kind": "Extension", "extensionKind": "Flutter.Frame", "isolateGroup": {"type": "@IsolateGroup", "id": "isolateGroups/6534132917220748", "name": "main.dart", "number": "6534132917220
EXT Extension {"type": "Event", "kind": "Extension", "extensionKind": "Flutter.Frame", "isolateGroup": {"type": "@IsolateGroup", "id": "isolateGroups/6534132917220748", "name": "main.dart", "number": "6534132917220
EXT Extension {"type": "Event", "kind": "Extension", "extensionKind": "Flutter.Frame", "isolateGroup": {"type": "@IsolateGroup", "id": "isolateGroups/6534132917220748", "name": "main.dart", "number": "6534132917220
EXT Extension {"type": "Event", "kind": "Extension", "extensionKind": "Flutter.Frame", "isolateGroup": {"type": "@IsolateGroup", "id": "isolateGroups/6534132917220748", "name": "main.dart", "number": "6534132917220
EXT Extension {"type": "Event", "kind": "Extension", "extensionKind": "Flutter.Frame", "isolateGroup": {"type": "@IsolateGroup", "id": "isolateGroups/6534132917220748", "name": "main.dart", "number": "6534132917220
EXT Extension {"type": "Event", "kind": "Extension", "extensionKind": "Flutter.Frame", "isolateGroup": {"type": "@IsolateGroup", "id": "isolateGroups/6534132917220748", "name": "main.dart", "number": "6534132917220
EXT Extension {"type": "Event", "kind": "Extension", "extensionKind": "Flutter.Frame", "isolateGroup": {"type": "@IsolateGroup", "id": "isolateGroups/6534132917220748", "name": "main.dart", "number": "6534132917220
EXT Extension {"type": "Event", "kind": "Extension", "extensionKind": "Flutter.Frame", "isolateGroup": {"type": "@IsolateGroup", "id": "isolateGroups/6534132917220748", "name": "main.dart", "number": "6534132917220
EXT Extension {"type": "Event", "kind": "Extension", "extensionKind": "Flutter.Frame", "isolateGroup": {"type": "@IsolateGroup", "id": "isolateGroups/6534132917220748", "name": "main.dart", "number": "6534132917220
EXT Extension {"type": "Event", "kind": "Extension", "extensionKind": "Flutter.Frame", "isolateGroup": {"type": "@IsolateGroup", "id": "isolateGroups/6534132917220748", "name": "main.dart", "number": "6534132917220
EXT Extension {"type": "Event", "kind": "Extension", "extensionKind": "Flutter.Frame", "isolateGroup": {"type": "@IsolateGroup", "id": "isolateGroups/6534132917220748", "name": "main.dart", "number": "6534132917220
EXT Extension {"type": "Event", "kind": "Extension", "extensionKind": "Flutter.Frame", "isolateGroup": {"type": "@IsolateGroup", "id": "isolateGroups/6534132917220748", "name": "main.dart", "number": "6534132917220
EXT Extension {"type": "Event", "kind": "Extension", "extensionKind": "Flutter.Frame", "isolateGroup": {"type": "@IsolateGroup", "id": "isolateGroups/6534132917220748", "name": "main.dart", "number": "6534132917220
EXT Extension {"type": "Event", "kind": "Extension", "extensionKind": "Flutter.Frame", "isolateGroup": {"type": "@IsolateGroup", "id": "isolateGroups/6534132917220748", "name": "main.dart", "number": "6534132917220
EXT Extension {"type": "Event", "kind": "Extension", "extensionKind": "Flutter.Frame", "isolateGroup": {"type": "@IsolateGroup", "id": "isolateGroups/6534132917220748", "name": "main.dart", "number": "6534132917220
EXT Extension {"type": "Event", "kind": "Extension", "extensionKind": "Flutter.Frame", "isolateGroup": {"type": "@IsolateGroup", "id": "isolateGroups/6534132917220748", "name": "main.dart", "number": "6534132917220
EXT Extension {"type": "Event", "kind": "Extension", "extensionKind": "Flutter.Frame", "isolateGroup": {"type": "@IsolateGroup", "id": "isolateGroups/6534132917220748", "name": "main.dart", "number": "6534132917220
EXT Extension {"type": "Event", "kind": "Extension", "extensionKind": "Flutter.Frame", "isolateGroup": {"type": "@IsolateGroup", "id": "isolateGroups/6534132917220748", "name": "main.dart", "number": "6534132917220
EXT Extension {"type": "Event", "kind": "Extension", "extensionKind": "Flutter.Frame", "isolateGroup": {"type": "@IsolateGroup", "id": "isolateGroups/6534132917220748", "name": "main.dart", "number": "6534132917220
EXT Extension {"type": "Event", "kind": "Extension", "extensionKind": "Flutter.Frame", "isolateGroup": {"type": "@IsolateGroup", "id": "isolateGroups/6534132917220748", "name": "main.dart", "number": "6534132917220
EXT Extension {"type": "Event", "kind": "Extension", "extensionKind": "Flutter.Frame", "isolateGroup": {"type": "@IsolateGroup", "id": "isolateGroups/6534132917220748", "name": "main.dart", "number": "6534132917220
EXT Extension {"type": "Event", "kind": "Extension", "extensionKind": "Flutter.Frame", "isolateGroup": {"type": "@IsolateGroup", "id": "isolateGroups/6534132917220748", "name": "main.dart", "number": "6534132917220
EXT Extension {"type": "Event", "kind": "Extension", "extensionKind": "Flutter.Frame", "isolateGroup": {"type": "@IsolateGroup", "id": "isolateGroups/6534132917220748", "name": "main.dart", "number": "6534132917220
EXT Extension {"type": "Event", "kind": "Extension", "extensionKind": "Flutter.Frame", "isolateGroup": {"type": "@IsolateGroup", "id": "isolateGroups/6534132917220748", "name": "main.dart", "number": "6534132917220
EXT Extension {"type": "Event", "kind": "Extension", "extensionKind": "Flutter.Frame", "isolateGroup": {"type": "@IsolateGroup", "id": "isolateGroups/6534132917220748", "name": "main.dart", "number": "6534132917220
EXT Extension {"type": "Event", "kind": "Extension", "extensionKind": "Flutter.Frame", "isolateGroup": {"type": "@IsolateGroup", "id": "isolateGroups/6534132917220748", "name": "main.dart", "number": "6534132917220
EXT Extension {"type": "Event", "kind": "Extension", "extensionKind": "Flutter.Frame", "isolateGroup": {"type": "@IsolateGroup", "id": "isolateGroups/6534132917220748", "name": "main.dart", "number": "6534132917220
EXT Extension {"type": "Event", "kind": "Extension", "extensionKind": "Flutter.Frame", "isolateGroup": {"type": "@IsolateGroup", "id": "isolateGroups/6534132917220748", "name": "main.dart", "number": "6534132917220
EXT Extension {"type": "Event", "kind": "Extension", "extensionKind": "Flutter.Frame", "isolateGroup": {"type": "@IsolateGroup", "id": "isolateGroups/6534132917220748", "name": "main.dart", "number": "6534132917220
EXT Extension {"type": "Event", "kind": "Extension", "extensionKind": "Flutter.Frame", "isolateGroup": {"type": "@IsolateGroup", "id": "isolateGroups/6534132917220748", "name": "main.dart", "number": "6534132917220
EXT Extension {"type": "Event", "kind": "Extension", "extensionKind": "Flutter.Frame", "isolateGroup": {"type": "@IsolateGroup", "id": "isolateGroups/6534132917220748", "name": "main.dart", "number": "6534132917220
EXT Extension {"type": "Event", "kind": "Extension", "extensionKind": "Flutter.Frame", "isolateGroup": {"type": "@IsolateGroup", "id": "isolateGroups/6534132917220748", "name": "main.dart", "number": "6534132917220
EXT Extension {"type": "Event", "kind": "Extension", "extensionKind": "Flutter.Frame", "isolateGroup": {"type": "@IsolateGroup", "id": "isolateGroups/6534132917220748", "name": "main.dart", "number": "6534132917220
EXT Extension {"type": "Event", "kind": "Extension", "extensionKind": "Flutter.Frame", "isolateGroup": {"type": "@IsolateGroup", "id": "isolateGroups/6534132917220748", "name": "main.dart", "number": "6534132917220
EXT Extension {"type": "Event", "kind": "Extension", "extensionKind": "Flutter.Frame", "isolateGroup": {"type": "@IsolateGroup", "id": "isolateGroups/6534132917220748", "name": "main.dart", "number": "6534132917220
EXT Extension {"type": "Event", "kind": "Extension", "extensionKind": "Flutter.Frame", "isolateGroup": {"type": "@IsolateGroup", "id": "isolateGroups/6534132917220748", "name": "main.dart", "number": "6534132917220
EXT Extension {"type": "Event", "kind": "Extension", "extensionKind": "Flutter.Frame", "isolateGroup": {"type": "@IsolateGroup", "id": "isolateGroups/6534132917220748", "name": "main.dart", "number": "6534132917220
EXT Extension {"type": "Event", "kind": "Extension", "extensionKind": "Flutter.Frame", "isolateGroup": {"type": "@IsolateGroup", "id": "isolateGroups/6534132917220748", "name": "main.dart", "number": "6534132917220
EXT Extension {"type": "Event", "kind": "Extension", "extensionKind": "Flutter.Frame", "isolateGroup": {"type": "@IsolateGroup", "id": "isolateGroups/6534132917220748", "name": "main.dart", "number": "6534132917220
EXT Extension {"type": "Event", "kind": "Extension", "extensionKind": "Flutter.Frame", "isolateGroup": {"type": "@IsolateGroup", "id": "isolateGroups/6534132917220748", "name": "main.dart", "number": "6534132917220
EXT Extension {"type": "Event", "kind": "Extension", "extensionKind": "Flutter.Frame", "isolateGroup": {"type": "@IsolateGroup", "id": "isolateGroups/6534132917220748", "name": "main.dart", "number": "6534132917220
EXT Extension {"type": "Event", "kind": "Extension", "extensionKind": "Flutter.Frame", "isolateGroup": {"type": "@IsolateGroup", "id": "isolateGroups/6534132917220748", "name": "main.dart", "number": "6534132917220
EXT Extension {"type": "Event", "kind": "Extension", "extensionKind": "Flutter.Frame", "isolateGroup": {"type": "@IsolateGroup", "id": "isolateGroups/6534132917220748", "name": "main.dart", "number": "6534132917220
EXT Extension {"type": "Event", "kind": "Extension", "extensionKind": "Flutter.Frame", "isolateGroup": {"type": "@IsolateGroup", "id": "isolateGroups/6534132917220748", "name": "main.dart", "number": "6534132917220
EXT Extension {"type": "Event", "kind": "Extension", "extensionKind": "Flutter.Frame", "isolateGroup": {"type": "@IsolateGroup", "id": "isolateGroups/6534132917220748", "name": "main.dart", "number": "6534132917220
EXT Extension {"type": "Event", "kind": "Extension", "extensionKind": "Flutter.Frame", "isolateGroup": {"type": "@IsolateGroup", "id": "isolateGroups/6534132917220748", "name": "main.dart", "number": "6534132917220
EXT Extension {"type": "Event", "kind": "Extension", "extensionKind": "Flutter.Frame", "isolateGroup": {"type": "@IsolateGroup", "id": "isolateGroups/6534132917220748", "name": "main.dart", "number": "6534132917220
EXT Extension {"type": "Event", "kind": "Extension", "extensionKind": "Flutter.Frame", "isolateGroup": {"type": "@IsolateGroup", "id": "isolateGroups/6534132917220748", "name": "main.dart", "number": "6534132917220
EXT Extension {"type": "Event", "kind": "Extension", "extensionKind": "Flutter.Frame", "isolateGroup": {"type": "@IsolateGroup", "id": "isolateGroups/6534132917220748", "name": "main.dart", "number": "6534132917220
EXT Extension {"type": "Event", "kind": "Extension", "extensionKind": "Flutter.Frame", "isolateGroup": {"type": "@IsolateGroup", "id": "isolateGroups/6534132917220748", "name": "main.dart", "number": "6534132917220
EXT Extension {"type": "Event", "kind": "Extension", "extensionKind": "Flutter.Frame", "isolateGroup": {"type": "@IsolateGroup", "id": "isolateGroups/6534132917220748", "name": "main.dart", "number": "6534132917220
EXT Extension {"type": "Event", "kind": "Extension", "extensionKind": "Flutter.Frame", "isolateGroup": {"type": "@IsolateGroup", "id": "isolateGroups/6534132917220748", "name": "main.dart", "number": "6534132917220
EXT Extension {"type": "Event", "kind": "Extension", "extensionKind": "Flutter.Frame", "isolateGroup": {"type": "@IsolateGroup", "id": "isolateGroups/6534132917220748", "name": "main.dart", "number": "6534132917220
EXT Extension {"type": "Event", "kind": "Extension", "extensionKind": "Flutter.Frame", "isolateGroup": {"type": "@IsolateGroup", "id": "isolateGroups/6534132917220748", "name": "main.dart", "number": "6534132917220
EXT Extension {"type": "Event", "kind": "Extension", "extensionKind": "Flutter.Frame", "isolateGroup": {"type": "@IsolateGroup", "id": "isolateGroups/6534132917220748", "name": "main.dart", "number": "6534132917220
EXT Extension {"type": "Event", "kind": "Extension", "extensionKind": "Flutter.Frame", "isolateGroup": {"type": "@IsolateGroup", "id": "isolateGroups/6534132917220748", "name": "main.dart", "number": "6534132917220
EXT Extension {"type": "Event", "kind": "Extension", "extensionKind": "Flutter.Frame", "isolateGroup": {"type": "@IsolateGroup", "id": "isolateGroups/6534132917220748", "name": "main.dart", "number": "6534132917220
EXT Extension {"type": "Event", "kind": "Extension", "extensionKind": "Flutter.Frame", "isolateGroup": {"type": "@IsolateGroup", "id": "isolateGroups/6534132917220748", "name": "main.dart", "number": "6534132917220
EXT Extension {"type": "Event", "kind": "Extension", "extensionKind": "Flutter.Frame", "isolateGroup": {"type": "@IsolateGroup", "id": "isolateGroups/6534132917220748", "name": "main.dart", "number": "6534132917220
EXT Extension {"type": "Event", "kind": "Extension", "extensionKind": "Flutter.Frame", "isolateGroup": {"type": "@IsolateGroup", "id": "isolateGroups/6534132917220748", "name": "main.dart", "number": "6534132917220
