== cross-check NEARS-QA3612D-THROWAWAY against reality (run file: tasks/runs/NEARS-QA3612D-THROWAWAY.json) ==
  WARN  recorded branch not found locally (may be merged + deleted, or never pushed): n/a
  WARN  recorded base not found: n/a
  PASS  duplicate-key check: no duplicate keys in NEARS-QA3612D-THROWAWAY.json
  INFO  no local-path artifacts recorded to verify
  INFO  no PR URL recorded (may be a shared-branch run — confirm against [9b])
  WARN  sessions{} release audit: NOTHING ASSERTED — 0 entries (expected for a nested conductor, NEARS-1955), not a release leak
  WARN  followups[] drain audit: NOTHING ASSERTED — 0 followups[] entries (the ordinary case, NEARS-2834), not a drain leak
  INFO  merge check: no [9b] record
  WARN  phases{} audit: lane not recorded/unrecognised (<none>) — required-phase set not assertable; 9/9b/11 presence reported as INFO only (NEARS-3146)
  INFO  phases{} 9/9b/11 presence (not asserted, lane unknown): present=[none] absent=[9 9b 11]
  PASS  no top-level phase record keys (phases{} is the only phase map)
  INFO  phases{} key vocabulary: 0 keys recorded — nothing to check
  INFO  Done-gate vs qa.ac_table[]: phases["11"].verdict is not DONE (absent) — nothing to assert
  FAIL  log-total: NO run-total line for key NEARS-QA3612D-THROWAWAY in log.jsonl (AUD-WF-09) — DO THE WRITE YOURSELF (new-task.md §[11] item 8b)
  INFO  log.jsonl per-phase coverage: phases{} empty/absent — nothing to check
  INFO  log.jsonl phase-vocabulary check: 0 log.jsonl line(s) for key NEARS-QA3612D-THROWAWAY — nothing to check
  INFO  owner-ask token audit: 0 decisions[] entries carry why_owner — nothing to assert (pre-NEARS-3307 run file, or no owner-facing ask this run)
  WARN  ledger Done row missing merge_sha (NEARS-3612): NEARS-1836
  WARN  ledger Done row missing merge_sha (NEARS-3612): NEARS-1740
  WARN  ledger Done row missing merge_sha (NEARS-3612): NEARS-1839
  WARN  ledger Done row missing merge_sha (NEARS-3612): srcid-nears-1792-remove-duplicate-wallet-logger
  WARN  ledger Done row missing merge_sha (NEARS-3612): srcid-nears-1794-bonus-list-shape-guard
  WARN  ledger Done row missing merge_sha (NEARS-3612): srcid-widgetbook-pubspec-lock-sdk-drift
  WARN  ledger Done row missing merge_sha (NEARS-3612): srcid-vmservice-getscripts-anr-hazard
  WARN  ledger Done row missing merge_sha (NEARS-3612): srcid-qa-loadmore-inflight-frame-unobservable-localhost
  WARN  ledger Done row missing merge_sha (NEARS-3612): srcid-checkout-distance-api-invalid-shape-fallback
  WARN  ledger Done row missing merge_sha (NEARS-3612): srcid-wallet-screen-unreachable-customerwalletstatus
  WARN  ledger Done row missing merge_sha (NEARS-3612): srcid-worktree-prune-false-not-merged-marker
  WARN  ledger Done row missing merge_sha (NEARS-3612): srcid-workflow-json-drift-staged-live-index
  WARN  ledger Done row missing merge_sha (NEARS-3612): srcid-workflow-json-drift-expected-cases-speed-bump
  WARN  ledger Done row missing merge_sha (NEARS-3612): srcid-ios-guest-gps-module-tap-bounces-pick-location
  WARN  ledger Done row missing merge_sha (NEARS-3612): srcid-qa-effective-capacity-survey-missing
  WARN  ledger Done row missing merge_sha (NEARS-3612): srcid-nears-1820-nointernetmessage-locale-cache
  WARN  ledger Done row missing merge_sha (NEARS-3612): srcid-nears-2244-item-campaign-model-missing-fillable
  WARN  ledger Done row missing merge_sha (NEARS-3612): srcid-nears-2373-modulerow-header-tap-noop
  WARN  ledger Done row missing merge_sha (NEARS-3612): delivery-masktokeninuri-dead-code-check
  WARN  ledger Done row missing merge_sha (NEARS-3612): srcid-deliveryapp-ios-splash-config-race-crash
  WARN  ledger Done row missing merge_sha (NEARS-3612): srcid-nested-sessions-release-assert-vacuous
  WARN  ledger Done row missing merge_sha (NEARS-3612): srcid-uncommitted-build-window-loses-work
  WARN  ledger Done row missing merge_sha (NEARS-3612): srcid-nears-2038-semantics-container-merge-bounds
  WARN  ledger Done row missing merge_sha (NEARS-3612): srcid-order-service-payment-redirect-null-deref-latent
  WARN  ledger Done row missing merge_sha (NEARS-3612): srcid-nears-1710-htmlcontroller-getbuilder-race
  WARN  ledger Done row missing merge_sha (NEARS-3612): srcid-deliveryapp-html-skeleton-shadowcolor-fastfollow
  WARN  ledger Done row missing merge_sha (NEARS-3612): srcid-nears-2414-transient-overflow-locale-scale-transition
  WARN  ledger Done row missing merge_sha (NEARS-3612): srcid-qa-device-pool-busy-idle
  WARN  ledger Done row missing merge_sha (NEARS-3612): srcid-qa-run-self-teardown
  WARN  ledger Done row missing merge_sha (NEARS-3612): srcid-nears-2396-home-fling-tap-miss-regression
  WARN  ledger Done row missing merge_sha (NEARS-3612): srcid-nears-2467-name-starve-100pct
  WARN  ledger Done row missing merge_sha (NEARS-3612): srcid-nears-2512-itemcard-cell-height-density
  WARN  ledger Done row missing merge_sha (NEARS-3612): srcid-userapp-ios-podfile-firebaseanalytics-mismatch
  WARN  ledger Done row missing merge_sha (NEARS-3612): srcid-device-pool-followup-sweep
  WARN  ledger Done row missing merge_sha (NEARS-3612): srcid-nears-2533-fcm-token-403-cold-boot
  WARN  ledger Done row missing merge_sha (NEARS-3612): srcid-nears-2514-cartscreen-setstate-after-dispose
  WARN  ledger Done row missing merge_sha (NEARS-3612): srcid-regression-menu-earnings-group-missing-open-vendor
  WARN  ledger Done row missing merge_sha (NEARS-3612): srcid-nears-2518-menu-earnings-group-missing
  WARN  ledger Done row missing merge_sha (NEARS-3612): srcid-fix-layering-splash-screen-apiclient
  WARN  ledger Done row missing merge_sha (NEARS-3612): srcid-cart-screen-ismobile-dead-branch-collapse
  WARN  ledger Done row missing merge_sha (NEARS-3612): srcid-cart-packaging-undersized-tap-targets
  WARN  ledger Done row missing merge_sha (NEARS-3612): srcid-cart-cutlery-food-seed-gap
  WARN  ledger Done row missing merge_sha (NEARS-3612): srcid-nears-2575-design-spec-checkout-empty-rx-picker
  WARN  ledger Done row missing merge_sha (NEARS-3612): srcid-nbadge-playground-null-crash
  WARN  ledger Done row missing merge_sha (NEARS-3612): srcid-rx-remove-badge-mint-dark
  WARN  ledger Done row missing merge_sha (NEARS-3612): srcid-checkout-gate-resolve-tap-target
  WARN  ledger Done row missing merge_sha (NEARS-3612): srcid-dls-upload-tile-promotion
  WARN  ledger Done row missing merge_sha (NEARS-3612): srcid-nlocationselector-onsurface-variant-gap
  WARN  ledger Done row missing merge_sha (NEARS-3612): srcid-nlocationselector-tap-target-below-min
  WARN  ledger Done row missing merge_sha (NEARS-3612): srcid-pharmacy-rx-required-seeder
  WARN  ledger Done row missing merge_sha (NEARS-3612): srcid-nears-2576-retry-payment-i18n-gap
  WARN  ledger Done row missing merge_sha (NEARS-3612): srcid-nears-2576-order-from-n-stores-bn-es-gap
  WARN  ledger Done row missing merge_sha (NEARS-3612): srcid-map-screen-latlngbounds-assertion
  WARN  ledger Done row missing merge_sha (NEARS-3612): srcid-nstorecard-nbadge-no-semanticlabel
  WARN  ledger Done row missing merge_sha (NEARS-3612): srcid-nbadge-sentence-size-legacy-counter-pill
  WARN  ledger Done row missing merge_sha (NEARS-3612): srcid-deliveryapp-payment-route-encode
  WARN  ledger Done row missing merge_sha (NEARS-3612): srcid-nears-2578-digital-payment-failed-dialog-close-tap-target
  WARN  ledger Done row missing merge_sha (NEARS-3612): srcid-nskeleton-shimmer-directional-alignment
  WARN  ledger Done row missing merge_sha (NEARS-3612): srcid-demoshowcase-wiring-probe-cleanup
  WARN  ledger Done row missing merge_sha (NEARS-3612): srcid-brand-lockup-wordmark-rtl-5-sites
  WARN  ledger Done row missing merge_sha (NEARS-3612): srcid-checkout-payment-section-offline-payment-overflow
  WARN  ledger Done row missing merge_sha (NEARS-3612): srcid-nears-2631-offline-payment-transport-double-log
  WARN  ledger Done row missing merge_sha (NEARS-3612): srcid-nears-2631-offline-payment-zero-active-methods
  WARN  ledger Done row missing merge_sha (NEARS-3612): srcid-pincode-tap-to-focus-app-wide
  WARN  ledger Done row missing merge_sha (NEARS-3612): srcid-universal-props-tap-action-5-components-nears-2592
  WARN  ledger Done row missing merge_sha (NEARS-3612): srcid-catalog-yaml-nitemcard-axes-drift
  WARN  ledger Done row missing merge_sha (NEARS-3612): srcid-nmoduleswitcher-onTap-not-gated-disabled-loading
  WARN  ledger Done row missing merge_sha (NEARS-3612): srcid-nitemcard-ci-golden-qty-stepper-drift-nears-2592
  WARN  ledger Done row missing merge_sha (NEARS-3612): srcid-store-card-widget-overflow-test-double-constrainedbox
  WARN  ledger Done row missing merge_sha (NEARS-3612): srcid-nears-1578-store-card-overflow-finder-ambiguity
  WARN  ledger Done row missing merge_sha (NEARS-3612): srcid-dls-golden-ci-image-size-mismatch
  WARN  ledger Done row missing merge_sha (NEARS-3612): srcid-quantity-stepper-tap-target-guard-failure
  WARN  ledger Done row missing merge_sha (NEARS-3612): srcid-wallet-controller-test-vacuous-isloading-assertion
  WARN  ledger Done row missing merge_sha (NEARS-3612): srcid-nears-2590-rx-picker-no-entry-point-checkout
  WARN  ledger Done row missing merge_sha (NEARS-3612): srcid-nears-2590-get-tax-403-checkout
  WARN  ledger Done row missing merge_sha (NEARS-3612): srcid-nears-2590-cart-swipe-delete-contrast
  WARN  ledger Done row missing merge_sha (NEARS-3612): srcid-digital-payment-failed-dialog-unreachable
  WARN  ledger Done row missing merge_sha (NEARS-3612): srcid-home-running-order-rail
  WARN  ledger Done row missing merge_sha (NEARS-3612): srcid-dashboard-didpopnext-rebuild-hardening
  WARN  ledger Done row missing merge_sha (NEARS-3612): srcid-nears-2642-regression-checkout-edit-address-dead-tap
  WARN  ledger Done row missing merge_sha (NEARS-3612): srcid-nears-1685-distance-shape-mismatch-deeplink
  WARN  ledger Done row missing merge_sha (NEARS-3612): srcid-getrunningorders-request-generation-guard
  WARN  ledger Done row missing merge_sha (NEARS-3612): nears2672-qa-geocode-api-500
  WARN  ledger Done row missing merge_sha (NEARS-3612): nears2672-qa-order-tracking-first-load-no-order-found
  WARN  ledger Done row missing merge_sha (NEARS-3612): configmodel-force-unwrap-dashboard
  WARN  ledger Done row missing merge_sha (NEARS-3612): srcid-store-card-closes-wallclock-window
  WARN  ledger Done row missing merge_sha (NEARS-3612): srcid-checkout-screen-reentry-setstate-crash
  WARN  ledger Done row missing merge_sha (NEARS-3612): srcid-emily-johnson-seed-phone-checkout-block
  WARN  ledger Done row missing merge_sha (NEARS-3612): srcid-f7-spec-gap-note-10-uncovered-screens
  WARN  ledger Done row missing merge_sha (NEARS-3612): srcid-nears2707-fb-app-deleted-oauth190
  WARN  ledger Done row missing merge_sha (NEARS-3612): srcid-forget-pass-navy-primary-error-contrast
  WARN  ledger Done row missing merge_sha (NEARS-3612): srcid-nears-1744-notpinput-disabled-token-gap
  WARN  ledger Done row missing merge_sha (NEARS-3612): srcid-dls-golden-baseline-review-governance-gap
  WARN  ledger Done row missing merge_sha (NEARS-3612): srcid-userapp-dm-registration-menu-row-stale-config
  WARN  ledger Done row missing merge_sha (NEARS-3612): srcid-nears-2210-uncaughtasyncerror-flutter-svg-leak
  WARN  ledger Done row missing merge_sha (NEARS-3612): srcid-unused-import-order-view-widget-pharmacy-split-test
  WARN  ledger Done row missing merge_sha (NEARS-3612): srcid-running-order-rail-prefetch-timeout
  WARN  ledger Done row missing merge_sha (NEARS-3612): srcid-nears-1876-f3-nbutton-loading-alignment
  WARN  ledger Done row missing merge_sha (NEARS-3612): srcid-regression-1634-address-geocode-race
  WARN  ledger Done row missing merge_sha (NEARS-3612): srcid-f7-flow10-menu-screen-reskin
  WARN  ledger Done row missing merge_sha (NEARS-3612): srcid-f7-flow10-address-management
  WARN  ledger Done row missing merge_sha (NEARS-3612): srcid-nears-tokens-header-brandrule1-contradiction
  WARN  ledger Done row missing merge_sha (NEARS-3612): nears-2759-dls-golden-preexisting
  WARN  ledger Done row missing merge_sha (NEARS-3612): srcid-cart-remove-variation-rangeerror
  WARN  ledger Done row missing merge_sha (NEARS-3612): srcid-location-search-autocomplete-typeerror
  WARN  ledger Done row missing merge_sha (NEARS-3612): srcid-userapp-login-signin-zero-height-bounds
  WARN  ledger Done row missing merge_sha (NEARS-3612): srcid-nears-2483-nitemcard-ar-overflow
  WARN  ledger Done row missing merge_sha (NEARS-3612): srcid-route-helper-splash-data-null-unwrap
  WARN  ledger Done row missing merge_sha (NEARS-3612): srcid-route-helper-basiccampaign-data-force-unwrap
  WARN  ledger Done row missing merge_sha (NEARS-3612): srcid-route-helper-editaddress-null-string-literal-guard
  WARN  ledger Done row missing merge_sha (NEARS-3612): srcid-pickmap-splash-route-slash-mismatch
  WARN  ledger Done row missing merge_sha (NEARS-3612): srcid-nears-2794-regression-item-widget-list-row-overflow-desktop
  WARN  ledger Done row missing merge_sha (NEARS-3612): srcid-buy-it-again-rail-hidden-midsession-login
  WARN  ledger Done row missing merge_sha (NEARS-3612): srcid-list-rating-row-overflow-rated-in-cart-narrow-rail
  WARN  ledger Done row missing merge_sha (NEARS-3612): srcid-nears-2747-fcm-registration-fail
  WARN  ledger Done row missing merge_sha (NEARS-3612): srcid-nears-2747-location-permission-timeout
  WARN  ledger Done row missing merge_sha (NEARS-3612): srcid-guest-cart-merge-notify-product-decision
  WARN  ledger Done row missing merge_sha (NEARS-3612): srcid-nears-2802-cart-merged-backend-tristate
  WARN  ledger Done row missing merge_sha (NEARS-3612): srcid-ninput-search-field-overflow-ar-320dp
  WARN  ledger Done row missing merge_sha (NEARS-3612): srcid-order-controller-addons-null-typeerror
  WARN  ledger Done row missing merge_sha (NEARS-3612): srcid-order-details-item-info-blank-render
  WARN  ledger Done row missing merge_sha (NEARS-3612): srcid-nmappreview-hybrid-composition-occlusion
  WARN  ledger Done row missing merge_sha (NEARS-3612): srcid-audit-f7-pin-code-fields-docs-correction
  WARN  ledger Done row missing merge_sha (NEARS-3612): srcid-pickmap-use-current-location-double-geocode-call
  WARN  ledger Done row missing merge_sha (NEARS-3612): srcid-userapp-updateposition-geocode-missing-token-guard
  WARN  ledger Done row missing merge_sha (NEARS-3612): srcid-userapp-fetchzone-loading-clears-before-geocode-settles
  WARN  ledger Done row missing merge_sha (NEARS-3612): srcid-userapp-pickmap-zoom-buttons-semanticlabel-not-localized
  WARN  ledger Done row missing merge_sha (NEARS-3612): srcid-crosscutting-qa-device-pool-5558-maps-5560-disk-floor
  WARN  ledger Done row missing merge_sha (NEARS-3612): srcid-pickmap-fab-buttons-missing-content-desc
  WARN  ledger Done row missing merge_sha (NEARS-3612): srcid-chat-screen-attach-icon-rtl-padding
  WARN  ledger Done row missing merge_sha (NEARS-3612): srcid-food-home-composition-test-order-dependent-failures
  WARN  ledger Done row missing merge_sha (NEARS-3612): srcid-order-tracking-setmarker-null-bounds-fab
  WARN  ledger Done row missing merge_sha (NEARS-3612): srcid-nears-2876-regression-nbutton-tertiary-loading-semantics-gap
  WARN  ledger Done row missing merge_sha (NEARS-3612): srcid-nears-2976-regression-nbutton-secondary-loading-semantics-gap
  WARN  ledger Done row missing merge_sha (NEARS-3612): srcid-hotfix-userapp-layering-guard-red
  WARN  ledger Done row missing merge_sha (NEARS-3612): srcid-userapp-new-badge-zone-only-module-pre-zone-seed
  WARN  ledger Done row missing merge_sha (NEARS-3612): srcid-userapp-address-bottom-sheet-double-handle
  WARN  ledger Done row missing merge_sha (NEARS-3612): srcid-advisors-foundation-tb1-tool-surface
  WARN  ledger Done row missing merge_sha (NEARS-3612): srcid-advisors-test-inventory-from-roster
  WARN  ledger Done row missing merge_sha (NEARS-3612): srcid-workflow-audit-2026-09-run
  WARN  ledger Done row missing merge_sha (NEARS-3612): srcid-stale-doc-refs-modulehelpers-dls-legacy
  WARN  ledger Done row missing merge_sha (NEARS-3612): srcid-aud-wf-01
  WARN  ledger Done row missing merge_sha (NEARS-3612): srcid-aud-wf-02
  WARN  ledger Done row missing merge_sha (NEARS-3612): srcid-aud-wf-03
  WARN  ledger Done row missing merge_sha (NEARS-3612): srcid-aud-wf-04
  WARN  ledger Done row missing merge_sha (NEARS-3612): srcid-aud-wf-04-monitor
  WARN  ledger Done row missing merge_sha (NEARS-3612): srcid-aud-wf-05
  WARN  ledger Done row missing merge_sha (NEARS-3612): srcid-aud-wf-06
  WARN  ledger Done row missing merge_sha (NEARS-3612): srcid-aud-wf-07
  WARN  ledger Done row missing merge_sha (NEARS-3612): srcid-aud-wf-08
  WARN  ledger Done row missing merge_sha (NEARS-3612): srcid-aud-wf-09
  WARN  ledger Done row missing merge_sha (NEARS-3612): srcid-aud-wf-10
  WARN  ledger Done row missing merge_sha (NEARS-3612): srcid-aud-wf-11
  WARN  ledger Done row missing merge_sha (NEARS-3612): srcid-aud-wf-12
  WARN  ledger Done row missing merge_sha (NEARS-3612): srcid-aud-wf-13
  WARN  ledger Done row missing merge_sha (NEARS-3612): srcid-aud-wf-14
  WARN  ledger Done row missing merge_sha (NEARS-3612): srcid-aud-wf-15
  WARN  ledger Done row missing merge_sha (NEARS-3612): srcid-aud-wf-16
  WARN  ledger Done row missing merge_sha (NEARS-3612): srcid-aud-wf-17
  WARN  ledger Done row missing merge_sha (NEARS-3612): srcid-inbox-drain-before-gate-2026-09-05
  WARN  ledger Done row missing merge_sha (NEARS-3612): srcid-tier-gate-discipline-owner-ask
  WARN  ledger Done row missing merge_sha (NEARS-3612): srcid-advisor-timeout-clock-read-bug
  WARN  ledger Done row missing merge_sha (NEARS-3612): srcid-known-absent-list-shape
  WARN  ledger Done row missing merge_sha (NEARS-3612): srcid-aud-wf-49
  WARN  ledger Done row missing merge_sha (NEARS-3612): srcid-advisors-concurrent-conductor-serialisation
  WARN  ledger Done row missing merge_sha (NEARS-3612): srcid-advisor-latency-budget8-phase-match
  WARN  ledger Done row missing merge_sha (NEARS-3612): srcid-advisor-latency-fixture-utc-timestamps
  WARN  ledger Done row missing merge_sha (NEARS-3612): srcid-pickmap-dialog-stacks-over-language-chooser-nears-3138
  WARN  ledger Done row missing merge_sha (NEARS-3612): srcid-runstate-json-parse-fix-per-ticket
  WARN  ledger Done row missing merge_sha (NEARS-3612): srcid-runstate-json-parse-fix-sprint-batch
  WARN  ledger Done row missing merge_sha (NEARS-3612): srcid-nears-2837-stitch-mcp-timeout-spike
  WARN  ledger Done row missing merge_sha (NEARS-3612): srcid-nears-3206-stitch-write-tool-retire
  WARN  ledger Done row missing merge_sha (NEARS-3612): srcid-nears3209-audit-summary-l34-stale
  WARN  ledger Done row missing merge_sha (NEARS-3612): srcid-nears3211-wf-tickets-notes-l25-stale
  WARN  ledger Done row missing merge_sha (NEARS-3612): srcid-nears3209-roadmap-l79-stale
  WARN  ledger Done row missing merge_sha (NEARS-3612): srcid-nears-3214-wf-tickets-notes-followup
  WARN  ledger Done row missing merge_sha (NEARS-3612): srcid-nears-3049-vendorapp-logout-fcm-race
  WARN  ledger Done row missing merge_sha (NEARS-3612): srcid-config-getpaymentmethods-500
  WARN  ledger Done row missing merge_sha (NEARS-3612): srcid-deliveryapp-clearshareddata-no-fanout-onlybuilder
  WARN  ledger Done row missing merge_sha (NEARS-3612): srcid-nears-3054-variant3-variant4-null-module-decision
  WARN  ledger Done row missing merge_sha (NEARS-3612): srcid-phpunit-fullsuite-crash-group-payment-reconcile-timeout
  WARN  ledger Done row missing merge_sha (NEARS-3612): srcid-nears-3257-grouppaymenttest-unmocked-http-hang
  WARN  ledger Done row missing merge_sha (NEARS-3612): srcid-nears-3257-otel-host-detector-not-inert-phpunit
  WARN  ledger Done row missing merge_sha (NEARS-3612): srcid-nears3082-broken-admin-vendor-routes
  WARN  ledger Done row missing merge_sha (NEARS-3612): srcid-installer-sql-secrets-nears-3081
  WARN  ledger Done row missing merge_sha (NEARS-3612): srcid-nears-3108-regression-system-addons-500
  WARN  ledger Done row missing merge_sha (NEARS-3612): srcid-nears-3091-order-details-500-array-offset-null
  WARN  ledger Done row missing merge_sha (NEARS-3612): srcid-byproduct-handling-20260907
  WARN  ledger Done row missing merge_sha (NEARS-3612): srcid-nears-2924-regression-fcm-push-400-404-dev-env
  WARN  ledger Done row missing merge_sha (NEARS-3612): srcid-campaign-zone-scoping-test-failure
  WARN  ledger Done row missing merge_sha (NEARS-3612): srcid-checkout-phone-country-code-defaults-wrong
  WARN  ledger Done row missing merge_sha (NEARS-3612): srcid-guest-checkout-country-iso-mismatch
  WARN  ledger Done row missing merge_sha (NEARS-3612): srcid-findings-log-promoted-newtask-vocab-contradictions
  WARN  ledger Done row missing merge_sha (NEARS-3612): srcid-findings-log-promoted-checkpoint-commit-scope-gaps
  WARN  ledger Done row missing merge_sha (NEARS-3612): srcid-findings-log-promoted-review-lessons-vocab
  WARN  ledger Done row missing merge_sha (NEARS-3612): srcid-findings-log-promoted-qa-reconnect-appid-suffix
  WARN  ledger Done row missing merge_sha (NEARS-3612): srcid-findings-log-promoted-phase-report-median-mismatch
  WARN  ledger Done row missing merge_sha (NEARS-3612): srcid-nears-3224-pos-cart-tax-500-invalid-qty
  WARN  ledger Done row missing merge_sha (NEARS-3612): srcid-nears-3224-order-edit-reject-500
  WARN  ledger Done row missing merge_sha (NEARS-3612): srcid-review-lessons-vocab-backfill
  WARN  ledger Done row missing merge_sha (NEARS-3612): srcid-nears2994-persistedmoneyroundinggatetest-traitpath
  WARN  ledger Done row missing merge_sha (NEARS-3612): srcid-nears-3425-campaign-listing-broken
  WARN  ledger Done row missing merge_sha (NEARS-3612): srcid-nears2914-findings-19253-digitafterdecimal-traitpath
  WARN  ledger Done row missing merge_sha (NEARS-3612): srcid-vendorapp-release-build-key-properties-missing
  WARN  ledger Done row missing merge_sha (NEARS-3612): srcid-userapp-release-build-key-properties-missing
  WARN  ledger Done row missing merge_sha (NEARS-3612): srcid-nears3207-missing-controller-methods
  WARN  ledger Done row missing merge_sha (NEARS-3612): srcid-findings-log-cluster-c1-3163-3167-3168-3169-3172-3174-3175-3176-3185
  WARN  ledger Done row missing merge_sha (NEARS-3612): srcid-findings-log-cluster-c2-3162-3164-3165-3173-3186-3187
  WARN  ledger Done row missing merge_sha (NEARS-3612): srcid-findings-log-cluster-c3-3177-3178-3179-3188-3226
  WARN  ledger Done row missing merge_sha (NEARS-3612): srcid-findings-log-cluster-c4-3160-3166-3170-3184-3219
  WARN  ledger Done row missing merge_sha (NEARS-3612): srcid-findings-log-cluster-c5-3158-3159-3171-3180-3181
  WARN  ledger Done row missing merge_sha (NEARS-3612): srcid-aud-struct-01
  WARN  ledger Done row missing merge_sha (NEARS-3612): srcid-aud-struct-02
  WARN  ledger Done row missing merge_sha (NEARS-3612): srcid-aud-struct-03
  WARN  ledger Done row missing merge_sha (NEARS-3612): srcid-aud-struct-04
  WARN  ledger Done row missing merge_sha (NEARS-3612): srcid-aud-struct-04-extraction
  WARN  ledger Done row missing merge_sha (NEARS-3612): srcid-aud-struct-05
  WARN  ledger Done row missing merge_sha (NEARS-3612): srcid-aud-struct-06
  WARN  ledger Done row missing merge_sha (NEARS-3612): srcid-aud-struct-07
  WARN  ledger Done row missing merge_sha (NEARS-3612): srcid-aud-struct-07-followup
  WARN  ledger Done row missing merge_sha (NEARS-3612): srcid-aud-struct-07-followup-step1
  WARN  ledger Done row missing merge_sha (NEARS-3612): srcid-aud-struct-07-followup-step2
  WARN  ledger Done row missing merge_sha (NEARS-3612): srcid-aud-struct-07-followup-step3
  WARN  ledger Done row missing merge_sha (NEARS-3612): srcid-aud-struct-07-followup-step4
  WARN  ledger Done row missing merge_sha (NEARS-3612): srcid-aud-struct-08
  WARN  ledger Done row missing merge_sha (NEARS-3612): srcid-aud-struct-09
  WARN  ledger Done row missing merge_sha (NEARS-3612): srcid-aud-struct-10
  WARN  ledger Done row missing merge_sha (NEARS-3612): srcid-aud-struct-11
  WARN  ledger Done row missing merge_sha (NEARS-3612): srcid-aud-struct-12
  WARN  ledger Done row missing merge_sha (NEARS-3612): srcid-aud-struct-13
  WARN  ledger Done row missing merge_sha (NEARS-3612): srcid-aud-struct-14
  WARN  ledger Done row missing merge_sha (NEARS-3612): srcid-aud-struct-15
  WARN  ledger Done row missing merge_sha (NEARS-3612): srcid-aud-struct-16
  WARN  ledger Done row missing merge_sha (NEARS-3612): srcid-nears-2994-buynow-repeat-order-id-mismatch
  WARN  ledger Done row missing merge_sha (NEARS-3612): srcid-aud-struct-16-deferred
  WARN  ledger Done row missing merge_sha (NEARS-3612): srcid-aud-struct-17
  WARN  ledger Done row missing merge_sha (NEARS-3612): srcid-aud-struct-18
  WARN  ledger Done row missing merge_sha (NEARS-3612): srcid-nears-3243-regression-itemcampaign-null-startend-format
  WARN  ledger Done row missing merge_sha (NEARS-3612): srcid-aud-struct-19
  WARN  ledger Done row missing merge_sha (NEARS-3612): srcid-aud-struct-19-followup-3
  WARN  ledger Done row missing merge_sha (NEARS-3612): srcid-aud-struct-20
  WARN  ledger Done row missing merge_sha (NEARS-3612): srcid-contact-search-route-missing-method
  WARN  ledger Done row missing merge_sha (NEARS-3612): srcid-aud-struct-21
  WARN  ledger Done row missing merge_sha (NEARS-3612): srcid-aud-struct-22
  WARN  ledger Done row missing merge_sha (NEARS-3612): srcid-aud-struct-23
  WARN  ledger Done row missing merge_sha (NEARS-3612): srcid-aud-struct-24
  WARN  ledger Done row missing merge_sha (NEARS-3612): srcid-aud-struct-25
  WARN  ledger Done row missing merge_sha (NEARS-3612): srcid-aud-struct-26
  WARN  ledger Done row missing merge_sha (NEARS-3612): srcid-aud-struct-27
  WARN  ledger Done row missing merge_sha (NEARS-3612): srcid-aud-struct-28
  WARN  ledger Done row missing merge_sha (NEARS-3612): srcid-aud-struct-29
  WARN  ledger Done row missing merge_sha (NEARS-3612): srcid-aud-struct-30
  WARN  ledger Done row missing merge_sha (NEARS-3612): srcid-aud-struct-31
  WARN  ledger Done row missing merge_sha (NEARS-3612): srcid-aud-struct-32
  WARN  ledger Done row missing merge_sha (NEARS-3612): srcid-aud-struct-33
  WARN  ledger Done row missing merge_sha (NEARS-3612): srcid-aud-struct-34
  WARN  ledger Done row missing merge_sha (NEARS-3612): srcid-aud-struct-35
  WARN  ledger Done row missing merge_sha (NEARS-3612): srcid-aud-struct-38
  WARN  ledger Done row missing merge_sha (NEARS-3612): srcid-aud-struct-40
  WARN  ledger Done row missing merge_sha (NEARS-3612): srcid-aud-struct-41
  WARN  ledger Done row missing merge_sha (NEARS-3612): srcid-aud-struct-42
  WARN  ledger Done row missing merge_sha (NEARS-3612): srcid-nears-3083-golden-classifier-gaps
  WARN  ledger Done row missing merge_sha (NEARS-3612): srcid-aud-struct-43
  WARN  ledger Done row missing merge_sha (NEARS-3612): srcid-nears-3084-fix-store-controller-storeitemmodel-null-crash
  WARN  ledger Done row missing merge_sha (NEARS-3612): srcid-nears-3084-fix-store-controller-item-price-sort-null-crash
  WARN  ledger Done row missing merge_sha (NEARS-3612): srcid-aud-struct-44
  WARN  ledger Done row missing merge_sha (NEARS-3612): srcid-aud-struct-45
  WARN  ledger Done row missing merge_sha (NEARS-3612): srcid-aud-struct-46
  WARN  ledger Done row missing merge_sha (NEARS-3612): srcid-aud-struct-47
  WARN  ledger Done row missing merge_sha (NEARS-3612): srcid-aud-struct-48
  WARN  ledger Done row missing merge_sha (NEARS-3612): srcid-aud-struct-51
  WARN  ledger Done row missing merge_sha (NEARS-3612): srcid-aud-struct-52
  WARN  ledger Done row missing merge_sha (NEARS-3612): srcid-nears-3305-golden-ci-macos-fallback
  WARN  ledger Done row missing merge_sha (NEARS-3612): srcid-aud-struct-53
  WARN  ledger Done row missing merge_sha (NEARS-3612): srcid-aud-struct-54
  WARN  ledger Done row missing merge_sha (NEARS-3612): srcid-aud-struct-55
  WARN  ledger Done row missing merge_sha (NEARS-3612): srcid-aud-struct-56
  WARN  ledger Done row missing merge_sha (NEARS-3612): srcid-aud-struct-57
  WARN  ledger Done row missing merge_sha (NEARS-3612): srcid-aud-struct-58
  WARN  ledger Done row missing merge_sha (NEARS-3612): srcid-aud-struct-59
  WARN  ledger Done row missing merge_sha (NEARS-3612): srcid-aud-struct-60
  WARN  ledger Done row missing merge_sha (NEARS-3612): srcid-aud-struct-61
  WARN  ledger Done row missing merge_sha (NEARS-3612): srcid-aud-struct-62
  WARN  ledger Done row missing merge_sha (NEARS-3612): srcid-aud-struct-63
  WARN  ledger Done row missing merge_sha (NEARS-3612): srcid-aud-struct-64
  WARN  ledger Done row missing merge_sha (NEARS-3612): srcid-aud-struct-65
  WARN  ledger Done row missing merge_sha (NEARS-3612): srcid-aud-struct-66
  WARN  ledger Done row missing merge_sha (NEARS-3612): srcid-aud-struct-67
  WARN  ledger Done row missing merge_sha (NEARS-3612): srcid-aud-struct-68
  WARN  ledger Done row missing merge_sha (NEARS-3612): srcid-aud-struct-69
  WARN  ledger Done row missing merge_sha (NEARS-3612): srcid-aud-struct-70
  WARN  ledger Done row missing merge_sha (NEARS-3612): srcid-aud-struct-71
  WARN  ledger Done row missing merge_sha (NEARS-3612): srcid-aud-struct-73
  WARN  ledger Done row missing merge_sha (NEARS-3612): srcid-aud-struct-74
  WARN  ledger Done row missing merge_sha (NEARS-3612): srcid-aud-struct-75
  WARN  ledger Done row missing merge_sha (NEARS-3612): srcid-aud-struct-76
  WARN  ledger Done row missing merge_sha (NEARS-3612): srcid-aud-perf-01
  WARN  ledger Done row missing merge_sha (NEARS-3612): srcid-aud-perf-02
  WARN  ledger Done row missing merge_sha (NEARS-3612): srcid-aud-perf-03
  WARN  ledger Done row missing merge_sha (NEARS-3612): srcid-aud-perf-04
  WARN  ledger Done row missing merge_sha (NEARS-3612): srcid-aud-perf-08
  WARN  ledger Done row missing merge_sha (NEARS-3612): srcid-aud-perf-09
  WARN  ledger Done row missing merge_sha (NEARS-3612): srcid-aud-perf-10
  WARN  ledger Done row missing merge_sha (NEARS-3612): srcid-aud-perf-11
  WARN  ledger Done row missing merge_sha (NEARS-3612): srcid-aud-perf-15
  WARN  ledger Done row missing merge_sha (NEARS-3612): srcid-aud-perf-16
  WARN  ledger Done row missing merge_sha (NEARS-3612): srcid-aud-perf-24
  WARN  ledger Done row missing merge_sha (NEARS-3612): srcid-aud-perf-61
  WARN  ledger Done row missing merge_sha (NEARS-3612): srcid-userapp-viewcart-bar-stale-after-add
  WARN  ledger Done row missing merge_sha (NEARS-3612): srcid-aud-sec-01
  WARN  ledger Done row missing merge_sha (NEARS-3612): srcid-nears-3347-cart-addon-qtys-null-bypass
  WARN  ledger Done row missing merge_sha (NEARS-3612): srcid-aud-sec-02
  WARN  ledger Done row missing merge_sha (NEARS-3612): srcid-pos-edit-order-unguarded-quantity-addon-sign
  WARN  ledger Done row missing merge_sha (NEARS-3612): srcid-aud-sec-08
  WARN  ledger Done row missing merge_sha (NEARS-3612): audit-f7-order-details-reskin-and-error-state
  WARN  ledger Done row missing merge_sha (NEARS-3612): audit-f7-interest-screen-category-fetch-never-resolves
  WARN  ledger Done row missing merge_sha (NEARS-3612): audit-f7-access-location-address-list-never-resolves
  WARN  ledger Done row missing merge_sha (NEARS-3612): audit-f7-home-all-stores-sliver-copy-only-failure
  WARN  ledger Done row missing merge_sha (NEARS-3612): audit-f7-add-address-no-error-surface
  WARN  ledger Done row missing merge_sha (NEARS-3612): audit-f7-chat-screen-raw-textfield-to-ninput
  WARN  ledger Done row missing merge_sha (NEARS-3612): audit-f7-new-user-setup-raw-appbar
  WARN  ledger Done row missing merge_sha (NEARS-3612): srcid-nears-2872-basic-campaign-unreachable-seed-gap
  WARN  ledger Done row missing merge_sha (NEARS-3612): audit-f7-store-screen-nearsstoreheadersliver-remnant
  WARN  ledger Done row missing merge_sha (NEARS-3612): audit-f7-cart-screen-raw-progress-and-switch-residue
  WARN  ledger Done row missing merge_sha (NEARS-3612): audit-f7-raw-textbutton-sweep-mobile
  WARN  ledger Done row missing merge_sha (NEARS-3612): audit-f7-raw-circularprogressindicator-sweep
  WARN  ledger Done row missing merge_sha (NEARS-3612): audit-f7-raw-sheet-dialog-sweep
  WARN  ledger Done row missing merge_sha (NEARS-3612): audit-f7-search-filter-widget-handrolled-chip
  WARN  ledger Done row missing merge_sha (NEARS-3612): audit-f7-search-filter-bottom-sheet-widget-handrolled-chip
  WARN  ledger Done row missing merge_sha (NEARS-3612): audit-f8-searchcontroller-storestabvisible-dead
  WARN  ledger Done row missing merge_sha (NEARS-3612): audit-f7-rate-review-raw-star-rows-to-nrating
  WARN  ledger Done row missing merge_sha (NEARS-3612): audit-f7-nearscolors-deprecated-alias-sweep
  WARN  ledger Done row missing merge_sha (NEARS-3612): access-location-current-location-a11y-label
  WARN  ledger Done row missing merge_sha (NEARS-3612): audit-f7-store-screen-instore-search-failure-no-surface
  WARN  ledger Done row missing merge_sha (NEARS-3612): audit-f7-nerrorretry-latch-non-future-retries
  WARN  ledger Done row missing merge_sha (NEARS-3612): nears-2886-qa-reconnect-no-pidfile
  WARN  ledger Done row missing merge_sha (NEARS-3612): audit-f7-parcel-module-explicit-type-filter
  WARN  ledger Done row missing merge_sha (NEARS-3612): audit-f7-map-and-tracking-map-no-watchdog
  WARN  ledger Done row missing merge_sha (NEARS-3612): audit-f7-order-tracking-group-path-no-error-surface
  WARN  ledger Done row missing merge_sha (NEARS-3612): audit-f7-nappbar-sidecar-account-props-purpose
  WARN  ledger Done row missing merge_sha (NEARS-3612): audit-f7-nsurfacecard-sidecar-excludeinksemantics
  WARN  ledger Done row missing merge_sha (NEARS-3612): audit-f7-nskeleton-sidecar-onnavy-ctor-claim
  WARN  ledger Done row missing merge_sha (NEARS-3612): audit-f7-niconbutton-sidecar-circular-purpose
  WARN  ledger Done row missing merge_sha (NEARS-3612): audit-f7-ncheckbox-sidecar-rich-ctor
  WARN  ledger Done row missing merge_sha (NEARS-3612): audit-f7-sidecar-use-cases-vs-widgetbook-drift
  WARN  ledger Done row missing merge_sha (NEARS-3612): audit-f7-uncatalogued-exports-and-sidecar-filename
  WARN  ledger Done row missing merge_sha (NEARS-3612): audit-f7-generate-catalog-test-hardcoded-count
  WARN  ledger Done row missing merge_sha (NEARS-3612): audit-f7-dls-sidecars-untouched-since-bulk-commit
  WARN  ledger Done row missing merge_sha (NEARS-3612): audit-f7-nswitch-promotion
  WARN  ledger Done row missing merge_sha (NEARS-3612): audit-f7-nlinearprogress-promotion
  WARN  ledger Done row missing merge_sha (NEARS-3612): audit-f7-orphan-widget-files-22
  WARN  ledger Done row missing merge_sha (NEARS-3612): audit-f7-dead-image-constants-and-files
  WARN  ledger Done row missing merge_sha (NEARS-3612): audit-f7-inventory-superseded-in-part
  WARN  ledger Done row missing merge_sha (NEARS-3612): audit-f7-master-spec-status-and-not-shipped-notes
  WARN  ledger Done row missing merge_sha (NEARS-3612): audit-f7-launch-plan-boxes-selfpath-log
  WARN  ledger Done row missing merge_sha (NEARS-3612): audit-f7-rename-or-repoint-space-named-f7-docs
  WARN  ledger Done row missing merge_sha (NEARS-3612): audit-f7-dls-storybook-doc-stale-block
  WARN  ledger Done row missing merge_sha (NEARS-3612): audit-f7-dls-component-catalog-doc-stale
  WARN  ledger Done row missing merge_sha (NEARS-3612): audit-f7-principles-and-rubric-falsified-claims
  WARN  ledger Done row missing merge_sha (NEARS-3612): audit-f7-widgetbook-readme-showcase-path
  WARN  ledger Done row missing merge_sha (NEARS-3612): audit-f7-dangling-citations-non-f7-docs
  WARN  ledger Done row missing merge_sha (NEARS-3612): audit-f7-ci-never-executed-no-remote-wrong-triggers
  WARN  ledger Done row missing merge_sha (NEARS-3612): userapp-home-appbar-test-mock-hasseenmoduleidsbaseline
  WARN  ledger Done row missing merge_sha (NEARS-3612): audit-f7-catalog-sync-guard-not-wired-locally
  WARN  ledger Done row missing merge_sha (NEARS-3612): audit-f7-d12-byproduct-rule-into-po-agent
  WARN  ledger Done row missing merge_sha (NEARS-3612): audit-f7-engineer-envelope-reuse-decision-not-enforced
  WARN  ledger Done row missing merge_sha (NEARS-3612): audit-f7-phase10-skip-shape-and-promotion-flag-drain
  WARN  ledger Done row missing merge_sha (NEARS-3612): audit-f7-stitch-step-timeouts-unrecorded
  WARN  ledger Done row missing merge_sha (NEARS-3612): audit-f7-workflow-profile-dls-dir-claim-stale
  WARN  ledger Done row missing merge_sha (NEARS-3612): nears-2840-stale-widgets-dls-mentions
  WARN  ledger Done row missing merge_sha (NEARS-3612): nears-3203-stale-dls-class-names
  WARN  ledger Done row missing merge_sha (NEARS-3612): audit-f7-citation-guards-inline-backtick-blindness
  WARN  ledger Done row missing merge_sha (NEARS-3612): srcid-norderstatuscard-overflow-nears-1894
  WARN  ledger Done row missing merge_sha (NEARS-3612): srcid-cart-remove-item-400-search-quick-remove
  WARN  ledger Done row missing merge_sha (NEARS-3612): srcid-cart-count-view-scoped-update-gap
  WARN  ledger Done row missing merge_sha (NEARS-3612): srcid-clearcart-online-module-id-400
  WARN  ledger Done row missing merge_sha (NEARS-3612): srcid-reorder-helper-clearcart-silent-orphan
  WARN  ledger Done row missing merge_sha (NEARS-3612): srcid-nears-2587-qa-rb1
  WARN  ledger Done row missing merge_sha (NEARS-3612): srcid-talkback-reading-order-verification
  WARN  ledger Done row missing merge_sha (NEARS-3612): srcid-2075-rtl-search-hint-not-mirrored
  WARN  ledger Done row missing merge_sha (NEARS-3612): srcid-nears-2264-sort-labels-relocalise
  WARN  ledger Done row missing merge_sha (NEARS-3612): srcid-userapp-locale-switch-reassemble-assertion
  WARN  ledger Done row missing merge_sha (NEARS-3612): srcid-2075-trending-nearby-test-order-dependent-flake
  WARN  ledger Done row missing merge_sha (NEARS-3612): srcid-2075-suite-count-reporter-json-mismatch
  WARN  ledger Done row missing merge_sha (NEARS-3612): srcid-responsivehelper-ismobile-hardcoded-true
  WARN  ledger Done row missing merge_sha (NEARS-3612): srcid-1623-payment-cart-desktop-double-checkdot
  WARN  ledger Done row missing merge_sha (NEARS-3612): srcid-store-registration-cover-caption-ar-untranslated
  WARN  ledger Done row missing merge_sha (NEARS-3612): srcid-nears-2264-arabic-i18n-nits
  WARN  ledger Done row missing merge_sha (NEARS-3612): srcid-1623-attachment-viewer-dls-test-broken-isrightmessage
  WARN  ledger Done row missing merge_sha (NEARS-3612): srcid-nears-2163-attachment-viewer-isrightmessage-compile-fail
  WARN  ledger Done row missing merge_sha (NEARS-3612): srcid-nears-2166-attachment-viewer-isrightmessage-compile-error
  WARN  ledger Done row missing merge_sha (NEARS-3612): srcid-795-multistore-checkout-zone-mismatch-generic-error
  WARN  ledger Done row missing merge_sha (NEARS-3612): srcid-checkout-add-address-null-zoneid-crash
  WARN  ledger Done row missing merge_sha (NEARS-3612): srcid-checkout-distance-fallback-nears2664
  WARN  ledger Done row missing merge_sha (NEARS-3612): srcid-2629-multistore-group-order-placement-fail
  WARN  ledger Done row missing merge_sha (NEARS-3612): srcid-795-profile-analytics-debugview-doc-gap
  WARN  ledger Done row missing merge_sha (NEARS-3612): srcid-subscription-flag-misclassified
  WARN  ledger Done row missing merge_sha (NEARS-3612): srcid-subscription-failed-cta-secondary-variant
  WARN  ledger Done row missing merge_sha (NEARS-3612): srcid-business-plan-403-customer-token
  WARN  ledger Done row missing merge_sha (NEARS-3612): srcid-processor-response-double-query-flag-mangle
  WARN  ledger Done row missing merge_sha (NEARS-3612): srcid-userapp-referral-code-notification-tap-inert
  WARN  ledger Done row missing merge_sha (NEARS-3612): srcid-payment-webview-transportkind-webview-mapping
  WARN  ledger Done row missing merge_sha (NEARS-3612): srcid-images-constants-unbundled-asset-path-sweep
  WARN  ledger Done row missing merge_sha (NEARS-3612): srcid-uitap-flag-order-reports-false-not-found
  WARN  ledger Done row missing merge_sha (NEARS-3612): srcid-public-item-reviews-serializes-full-user
  WARN  ledger Done row missing merge_sha (NEARS-3612): srcid-item-details-reviews-customer-pii-leak
  WARN  ledger Done row missing merge_sha (NEARS-3612): srcid-order-formatting-customer-leak-to-dm
  WARN  ledger Done row missing merge_sha (NEARS-3612): srcid-order-formatting-customer-leak-to-vendor
  WARN  ledger Done row missing merge_sha (NEARS-3612): srcid-deliverymen-formatting-identity-leak-to-customer
  WARN  ledger Done row missing merge_sha (NEARS-3612): srcid-vendor-get-order-delivery-man-leak
  WARN  ledger Done row missing merge_sha (NEARS-3612): srcid-deliveryman-harden-serialization-root
  WARN  ledger Done row missing merge_sha (NEARS-3612): srcid-orderlogic-track-order-dead-code
  WARN  ledger Done row missing merge_sha (NEARS-3612): srcid-tel-mailto-null-guard-sweep
  WARN  ledger Done row missing merge_sha (NEARS-3612): srcid-order-model-dead-delivery-man-fields
  WARN  ledger Done row missing merge_sha (NEARS-3612): srcid-fresh-worktree-pre-existing-test-red
  WARN  ledger Done row missing merge_sha (NEARS-3612): srcid-seed-refund-status-orders-gap
  WARN  ledger Done row missing merge_sha (NEARS-3612): srcid-uncallable-counterparty-log-terminal-state
  WARN  ledger Done row missing merge_sha (NEARS-3612): srcid-deliveryman-ref-code-write-on-read
  WARN  ledger Done row missing merge_sha (NEARS-3612): srcid-chat-userinfo-phone-email-investigation
  WARN  ledger Done row missing merge_sha (NEARS-3612): srcid-deliveryman-get-order-details-no-zone-scoping
  WARN  ledger Done row missing merge_sha (NEARS-3612): srcid-dm-scope-fail-open-null-store-id
  WARN  ledger Done row missing merge_sha (NEARS-3612): srcid-item-campaign-null-guard-stacktrace
  WARN  ledger Done row missing merge_sha (NEARS-3612): srcid-item-campaigns-empty-untestable
  WARN  ledger Done row missing merge_sha (NEARS-3612): srcid-orphan-review-null-reviewer-gap
  WARN  ledger Done row missing merge_sha (NEARS-3612): srcid-dimensions-fontsize-static-field-audit
  WARN  ledger Done row missing merge_sha (NEARS-3612): srcid-dimensions-fontsize-migration
  WARN  ledger Done row missing merge_sha (NEARS-3612): srcid-seed-delivery-man-long-name-truncation-gap
  WARN  ledger Done row missing merge_sha (NEARS-3612): srcid-vendor-delivery-man-preview-reviews-customer-pii-leak
  WARN  ledger Done row missing merge_sha (NEARS-3612): srcid-vendor-deliveryman-preview-null-dm-errorexception
  WARN  ledger Done row missing merge_sha (NEARS-3612): srcid-nears1847-docs-stale-eager-load-premise
  WARN  ledger Done row missing merge_sha (NEARS-3612): srcid-seeder-teardown-omits-env-guard-prefix
  WARN  ledger Done row missing merge_sha (NEARS-3612): srcid-food-rail-item-thumbnails-placeholder
  WARN  ledger Done row missing merge_sha (NEARS-3612): srcid-item-rating-aggregates-disagree-with-reviews
  WARN  ledger Done row missing merge_sha (NEARS-3612): srcid-homecontroller-loaddata-pharmacy-tail-toctou
  WARN  ledger Done row missing merge_sha (NEARS-3612): srcid-homecontroller-gethomeall-post-await-unguarded
  WARN  ledger Done row missing merge_sha (NEARS-3612): srcid-modulecontroller-removecachemodule-zero-callers-stale-header
  WARN  ledger Done row missing merge_sha (NEARS-3612): srcid-homecontroller-module-switch-mid-flight-undetected
  WARN  ledger Done row missing merge_sha (NEARS-3612): srcid-payment-onloadstop-error-url-noop-finding
  WARN  ledger Done row missing merge_sha (NEARS-3612): srcid-qa-doc-artisan-serve-strips-path-tty
  WARN  ledger Done row missing merge_sha (NEARS-3612): srcid-navguide-language-onboarding-replay-doc-fix
  WARN  ledger Done row missing merge_sha (NEARS-3612): srcid-userapp-test-suite-order-dependent-leak
  WARN  ledger Done row missing merge_sha (NEARS-3612): srcid-userapp-suite-count-4148-vs-3883
  WARN  ledger Done row missing merge_sha (NEARS-3612): srcid-leaked-flutter-tester-orphans-finished-lanes
  WARN  ledger Done row missing merge_sha (NEARS-3612): srcid-test-failure-identity-check-unwired
  WARN  ledger Done row missing merge_sha (NEARS-3612): srcid-doc-citation-guards-blind-to-section-form
  WARN  ledger Done row missing merge_sha (NEARS-3612): srcid-date-converter-bidi-test-wall-clock-dependent
  WARN  ledger Done row missing merge_sha (NEARS-3612): srcid-1741-phone-picker-tap-target-22dp
  WARN  ledger Done row missing merge_sha (NEARS-3612): srcid-1741-phone-validation-guard-dead
  WARN  ledger Done row missing merge_sha (NEARS-3612): srcid-nears-1772-rtl-overflow-order-status-card
  WARN  ledger Done row missing merge_sha (NEARS-3612): srcid-1741-verification-status-correlation-gap
  WARN  ledger Done row missing merge_sha (NEARS-3612): srcid-1742-signup-terms-checkbox-32dp-tap-target
  WARN  ledger Done row missing merge_sha (NEARS-3612): srcid-1774-error-panel-followup-signin-signup
  WARN  ledger Done row missing merge_sha (NEARS-3612): srcid-1741-freshness-probe-timestamp-pid
  WARN  ledger Done row missing merge_sha (NEARS-3612): srcid-locale-freeze-menudrawer-searchcontroller
  WARN  ledger Done row missing merge_sha (NEARS-3612): srcid-f7-flow-08-forget-pass-screen
  WARN  ledger Done row missing merge_sha (NEARS-3612): srcid-f7-flow-08-sign-up-widget
  WARN  ledger Done row missing merge_sha (NEARS-3612): srcid-f7-flow-08-otp-input
  WARN  ledger Done row missing merge_sha (NEARS-3612): srcid-ncheckbox-secondary-navy-contrast-regression
  WARN  ledger Done row missing merge_sha (NEARS-3612): srcid-ninput-glass-error-color-not-branched-by-glass
  WARN  ledger Done row missing merge_sha (NEARS-3612): srcid-nbutton-tertiary-style-override-hook
  WARN  ledger Done row missing merge_sha (NEARS-3612): srcid-ncheckbox-rich-compile-time-factory
  WARN  ledger Done row missing merge_sha (NEARS-3612): srcid-ncheckbox-interactive-light-fixture
  WARN  ledger Done row missing merge_sha (NEARS-3612): srcid-nears-2096-focus-ring-collapse-race
  WARN  ledger Done row missing merge_sha (NEARS-3612): srcid-signin-link-row-text-scale-stack
  WARN  ledger Done row missing merge_sha (NEARS-3612): srcid-guest-login-toast-covers-retry-and-server-message
  WARN  ledger Done row missing merge_sha (NEARS-3612): srcid-guest-cta-below-fold-small-screen
  WARN  ledger Done row missing merge_sha (NEARS-3612): srcid-menudrawer-dead-app-wide-signin-entry
  WARN  ledger Done row missing merge_sha (NEARS-3612): srcid-guestlogin-stranded-button-no-try-finally
  WARN  ledger Done row missing merge_sha (NEARS-3612): srcid-language-pill-tap-target-36dp
  WARN  ledger Done row missing merge_sha (NEARS-3612): srcid-arrow-forward-no-rtl-mirror
  WARN  ledger Done row missing merge_sha (NEARS-3612): srcid-1748-duplicate-fail-log-line
  WARN  ledger Done row missing merge_sha (NEARS-3612): srcid-1748-bottomnav-keyboard-occlusion
  WARN  ledger Done row missing merge_sha (NEARS-3612): srcid-1748-password-strength-bar-untranslated-prefix
  WARN  ledger Done row missing merge_sha (NEARS-3612): srcid-f7-flow-08-sign-in-view
  WARN  ledger Done row missing merge_sha (NEARS-3612): srcid-authcontroller-isloading-not-throw-safe
  WARN  ledger Done row missing merge_sha (NEARS-3612): srcid-nbottomsheet-transparent-surface-trap
  WARN  ledger Done row missing merge_sha (NEARS-3612): srcid-env-vars-doc-contradicts-hardened-templates
  WARN  ledger Done row missing merge_sha (NEARS-3612): srcid-grep-leading-dash-vacuous-sweep
  WARN  ledger Done row missing merge_sha (NEARS-3612): srcid-f7-flow-09-splash-screen
  WARN  ledger Done row missing merge_sha (NEARS-3612): srcid-f7-flow-09-onboarding-screen
  WARN  ledger Done row missing merge_sha (NEARS-3612): srcid-arabic-splash-lockup-missing-wordmark
  WARN  ledger Done row missing merge_sha (NEARS-3612): srcid-dls-motion-duration-scale-4th-value-decision
  WARN  ledger Done row missing merge_sha (NEARS-3612): srcid-f7-flow-12-notification-screen
  WARN  ledger Done row missing merge_sha (NEARS-3612): srcid-f7-flow-12-notification-bottom-sheet
  WARN  ledger Done row missing merge_sha (NEARS-3612): srcid-attachment-viewer-pdf-tile-disabledcolor-onsurfacevariant-drift
  WARN  ledger Done row missing merge_sha (NEARS-3612): srcid-review-delivery-man-widget-disabledcolor-onsurfacevariant-drift
  WARN  ledger Done row missing merge_sha (NEARS-3612): srcid-loyalty-status-band-fail-log-missing-nonstandard-status
  WARN  ledger Done row missing merge_sha (NEARS-3612): srcid-message-bubble-dls-delivery-address-color-mismatch
  WARN  ledger Done row missing merge_sha (NEARS-3612): srcid-chat-order-id-row-overflow
  WARN  ledger Done row missing merge_sha (NEARS-3612): srcid-dangling-admin-conversations-44-45
  WARN  ledger Done row missing merge_sha (NEARS-3612): srcid-chat-image-preview-bottom-overflow-22px
  WARN  ledger Done row missing merge_sha (NEARS-3612): srcid-chat-lightbox-close-button-inert
  WARN  ledger Done row missing merge_sha (NEARS-3612): srcid-chat-lightbox-close-rtl-no-mirror
  WARN  ledger Done row missing merge_sha (NEARS-3612): srcid-chat-image-dialog-close-rtl-no-mirror
  WARN  ledger Done row missing merge_sha (NEARS-3612): srcid-dls-nbutton-fullwidth-false-noop
  WARN  ledger Done row missing merge_sha (NEARS-3612): srcid-vendor-register-403-valid-submission
  WARN  ledger Done row missing merge_sha (NEARS-3612): srcid-chat-image-file-view-dead-code-index4-overlay
  WARN  ledger Done row missing merge_sha (NEARS-3612): srcid-chat-home-bottom-nav-hidden-tracker-card
  WARN  ledger Done row missing merge_sha (NEARS-3612): srcid-a11y-icon-labels-tail-test-exact-match
  WARN  ledger Done row missing merge_sha (NEARS-3612): srcid-n-store-card-toggled-untested
  WARN  ledger Done row missing merge_sha (NEARS-3612): srcid-a11y-substring-assertion-sweep
  WARN  ledger Done row missing merge_sha (NEARS-3612): srcid-a11y-assertion-rule-doc-home
  WARN  ledger Done row missing merge_sha (NEARS-3612): srcid-chat-test-profile-stub-dedup
  WARN  ledger Done row missing merge_sha (NEARS-3612): srcid-chat-test-profile-stub-variants
  WARN  ledger Done row missing merge_sha (NEARS-3612): srcid-f7-flow12-findings-leg-column-note
  WARN  ledger Done row missing merge_sha (NEARS-3612): srcid-f7-line-height-premise-correction
  WARN  ledger Done row missing merge_sha (NEARS-3612): srcid-f7-flow-12-delivery-man-widget
  WARN  ledger Done row missing merge_sha (NEARS-3612): srcid-f7-flow-12-review-widget
  WARN  ledger Done row missing merge_sha (NEARS-3612): srcid-f7-flow12-ntext-not-default-rule
  WARN  ledger Done row missing merge_sha (NEARS-3612): srcid-f7-flow-12-review-screen-panel
  WARN  ledger Done row missing merge_sha (NEARS-3612): srcid-doc-citation-guards-wrong-tree-and-inline-shape
  WARN  ledger Done row missing merge_sha (NEARS-3612): srcid-ios-web-label-resolver-fail-open
  WARN  ledger Done row missing merge_sha (NEARS-3612): srcid-orphan-artifact-check-non-ascii-filename
  WARN  ledger Done row missing merge_sha (NEARS-3612): srcid-tasks-runs-sprint-json-invalid-fail-open
  WARN  ledger Done row missing merge_sha (NEARS-3612): srcid-guard-footer-overstate-cleanliness
  WARN  ledger Done row missing merge_sha (NEARS-3612): srcid-qa-emulator-pool-disk-floor
  WARN  ledger Done row missing merge_sha (NEARS-3612): srcid-f7-flow-12-chatcontroller-error
  WARN  ledger Done row missing merge_sha (NEARS-3612): srcid-f7-flow-12-support-screen
  WARN  ledger Done row missing merge_sha (NEARS-3612): srcid-f7-flow-12-conversation-screen
  WARN  ledger Done row missing merge_sha (NEARS-3612): srcid-chat-refresh-failed-affordance-both-screens
  WARN  ledger Done row missing merge_sha (NEARS-3612): srcid-chat-refresh-failed-affordance-i18n-keys
  WARN  ledger Done row missing merge_sha (NEARS-3612): srcid-chat-list-row-timestamp-overlap
  WARN  ledger Done row missing merge_sha (NEARS-3612): srcid-chat-conversation-alias-nonnull-bang
  WARN  ledger Done row missing merge_sha (NEARS-3612): srcid-1652-chat-tracking-deliveryman-null
  WARN  ledger Done row missing merge_sha (NEARS-3612): srcid-order-info-widget-token-purity-fontsize
  WARN  ledger Done row missing merge_sha (NEARS-3612): srcid-drivercard-call-chat-buttons-niconbutton
  WARN  ledger Done row missing merge_sha (NEARS-3612): srcid-order-info-widget-tel-launch-guard-and-validation
  WARN  ledger Done row missing merge_sha (NEARS-3612): srcid-ui-tap-leading-flag-false-not-found
  WARN  ledger Done row missing merge_sha (NEARS-3612): srcid-track-order-seed-gap-inflight-takeaway
  WARN  ledger Done row missing merge_sha (NEARS-3612): srcid-1652-test-baseline-composition-mismatch
  WARN  ledger Done row missing merge_sha (NEARS-3612): srcid-nappbar-title-no-maxlines-overflow
  WARN  ledger Done row missing merge_sha (NEARS-3612): srcid-chat-screen-desktop-permanent-skeleton
  WARN  ledger Done row missing merge_sha (NEARS-3612): srcid-nappbar-showback-tap-target-below-min
  WARN  ledger Done row missing merge_sha (NEARS-3612): srcid-chat-screen-stitch-frame-citation-drift
  WARN  ledger Done row missing merge_sha (NEARS-3612): srcid-promote-nears-error-retry
  WARN  ledger Done row missing merge_sha (NEARS-3612): srcid-f7-flow-11-t4-add-fund-dialog-dls
  WARN  ledger Done row missing merge_sha (NEARS-3612): srcid-f7-flow-11-t6-loyalty-conversion-sheet-dls
  WARN  ledger Done row missing merge_sha (NEARS-3612): srcid-f7-flow-11-t2-loyalty-failure-states
  WARN  ledger Done row missing merge_sha (NEARS-3612): srcid-f7-flow-11-edit-profile-permanent-loader
  WARN  ledger Done row missing merge_sha (NEARS-3612): srcid-aud-da-15
  WARN  ledger Done row missing merge_sha (NEARS-3612): srcid-aud-da-27
  WARN  ledger Done row missing merge_sha (NEARS-3612): srcid-aud-da-28
  WARN  ledger Done row missing merge_sha (NEARS-3612): srcid-aud-da-30
  WARN  ledger Done row missing merge_sha (NEARS-3612): srcid-aud-da-32
  WARN  ledger Done row missing merge_sha (NEARS-3612): srcid-aud-da-33
  WARN  ledger Done row missing merge_sha (NEARS-3612): srcid-nears-860-regression-cashinhands-bang
  WARN  ledger Done row missing merge_sha (NEARS-3612): srcid-nears-860-regression-locationcard-bang
  WARN  ledger Done row missing merge_sha (NEARS-3612): srcid-nears-871-regression-stuck-loader
  WARN  ledger Done row missing merge_sha (NEARS-3612): srcid-nears-871-regression-missing-i18n-keys
  WARN  ledger Done row missing merge_sha (NEARS-3612): srcid-nears-2411-regression-pickmap-cameraidle-nullcheck
  WARN  ledger Done row missing merge_sha (NEARS-3612): srcid-nears-2567-regression-facebook-oauth-190-splash-login
  WARN  ledger Done row missing merge_sha (NEARS-3612): srcid-nears-1871-regression-facebook-oauth-190
  WARN  ledger Done row missing merge_sha (NEARS-3612): srcid-nears-2360-review-histogram-nan-percent
  WARN  ledger Done row missing merge_sha (NEARS-3612): srcid-nears-2020-item-widget-rating-row-renderflex-overflow
  WARN  ledger Done row missing merge_sha (NEARS-3612): srcid-nears-3121-regression-pickmap-desktop-renderflex-overflow
  WARN  ledger Done row missing merge_sha (NEARS-3612): srcid-aud-da-34
  WARN  ledger Done row missing merge_sha (NEARS-3612): srcid-aud-da-35
  WARN  ledger Done row missing merge_sha (NEARS-3612): srcid-aud-da-37
  WARN  ledger Done row missing merge_sha (NEARS-3612): srcid-aud-da-38
  WARN  ledger Done row missing merge_sha (NEARS-3612): srcid-aud-da-42
  WARN  ledger Done row missing merge_sha (NEARS-3612): srcid-aud-da-44
  WARN  ledger Done row missing merge_sha (NEARS-3612): srcid-aud-da-47
  WARN  ledger Done row missing merge_sha (NEARS-3612): srcid-aud-da-48
  WARN  ledger Done row missing merge_sha (NEARS-3612): srcid-aud-da-49
  WARN  ledger Done row missing merge_sha (NEARS-3612): srcid-aud-da-54
  WARN  ledger Done row missing merge_sha (NEARS-3612): srcid-aud-da-55
  WARN  ledger Done row missing merge_sha (NEARS-3612): srcid-aud-da-56
  WARN  ledger Done row missing merge_sha (NEARS-3612): srcid-aud-da-57
  WARN  ledger Done row missing merge_sha (NEARS-3612): srcid-aud-da-58
  WARN  ledger Done row missing merge_sha (NEARS-3612): srcid-aud-da-59
  WARN  ledger Done row missing merge_sha (NEARS-3612): srcid-aud-da-60
  WARN  ledger Done row missing merge_sha (NEARS-3612): srcid-aud-da-61
  WARN  ledger Done row missing merge_sha (NEARS-3612): srcid-aud-da-63
  WARN  ledger Done row missing merge_sha (NEARS-3612): srcid-aud-da-66
  WARN  ledger Done row missing merge_sha (NEARS-3612): srcid-aud-da-67
  WARN  ledger Done row missing merge_sha (NEARS-3612): srcid-location-card-touch-target
  WARN  ledger Done row missing merge_sha (NEARS-3612): srcid-aud-da-68
  WARN  ledger Done row missing merge_sha (NEARS-3612): srcid-deliveryapp-fcm-token-logout-race
  WARN  ledger Done row missing merge_sha (NEARS-3612): srcid-deliveryapp-notif-off-fcm-403
  WARN  ledger Done row missing merge_sha (NEARS-3612): srcid-deliveryapp-secure-storage-crash
  WARN  ledger Done row missing merge_sha (NEARS-3612): srcid-coupon-controller-test-stale-nears1225
  WARN  ledger Done row missing merge_sha (NEARS-3612): srcid-category-back-button-test-stale-nappbar
  WARN  ledger Done row missing merge_sha (NEARS-3612): srcid-workflow-gaps-research-capability-26-07-06
  WARN  ledger Done row missing merge_sha (NEARS-3612): srcid-insights-fixes-run-sprint
  WARN  ledger Done row missing merge_sha (NEARS-3612): srcid-mcp-toolchain-2026-06-23
  WARN  ledger Done row missing merge_sha (NEARS-3612): e1-qa1-centralized-log-check
  WARN  ledger Done row missing merge_sha (NEARS-3612): e1-qa2-visual-verification-gate
  WARN  ledger Done row missing merge_sha (NEARS-3612): e1-logging-contract-design
  WARN  ledger Done row missing merge_sha (NEARS-3612): e1-logging-contract-into-workflow
  WARN  ledger Done row missing merge_sha (NEARS-3612): e2-applogger-userapp-pilot
  WARN  ledger Done row missing merge_sha (NEARS-3612): e3e4-vendorapp-logging-mirror
  WARN  ledger Done row missing merge_sha (NEARS-3612): e3e4-deliveryapp-logging-mirror
  WARN  ledger Done row missing merge_sha (NEARS-3612): github-jira-smart-commit
  WARN  ledger Done row missing merge_sha (NEARS-3612): userapp-mvvm-cart-module
  WARN  ledger Done row missing merge_sha (NEARS-3612): userapp-mvvm-checkout-module
  WARN  ledger Done row missing merge_sha (NEARS-3612): userapp-mvvm-item-module
  WARN  ledger Done row missing merge_sha (NEARS-3612): userapp-mvvm-order-module
  WARN  ledger Done row missing merge_sha (NEARS-3612): userapp-mvvm-location-module
  WARN  ledger Done row missing merge_sha (NEARS-3612): userapp-mvvm-category-module
  WARN  ledger Done row missing merge_sha (NEARS-3612): userapp-mvvm-store-module
  WARN  ledger Done row missing merge_sha (NEARS-3612): userapp-mvvm-search-module
  WARN  ledger Done row missing merge_sha (NEARS-3612): srcid-userapp-mvvm-home-module
  WARN  ledger Done row missing merge_sha (NEARS-3612): srcid-userapp-mvvm-menu-module
  WARN  ledger Done row missing merge_sha (NEARS-3612): userapp-dashboard-nav-a11y-banner-overlay
  WARN  ledger Done row missing merge_sha (NEARS-3612): srcid-userapp-mvvm-tier4-cleanup
  WARN  ledger Done row missing merge_sha (NEARS-3612): userapp-mvvm-item-seed-data-gap
  WARN  ledger Done row missing merge_sha (NEARS-3612): srcid-userapp-orders-pagination-fix
  WARN  ledger Done row missing merge_sha (NEARS-3612): userapp-food-home-semantics-tree-crash
  WARN  ledger Done row missing merge_sha (NEARS-3612): srcid-account-enumeration-forgot-password
  WARN  ledger Done row missing merge_sha (NEARS-3612): srcid-userapp-reskin-phase0-foundation
  WARN  ledger Done row missing merge_sha (NEARS-3612): srcid-userapp-reskin-03-home-marketplace
  WARN  ledger Done row missing merge_sha (NEARS-3612): srcid-userapp-reskin-05-store-detail
  WARN  ledger Done row missing merge_sha (NEARS-3612): srcid-userapp-reskin-06-item-detail-pilot
  WARN  ledger Done row missing merge_sha (NEARS-3612): srcid-userapp-reskin-07-basket
  WARN  ledger Done row missing merge_sha (NEARS-3612): srcid-userapp-reskin-08-checkout
  WARN  ledger Done row missing merge_sha (NEARS-3612): srcid-userapp-reskin-09-order-success-tracking
  WARN  ledger Done row missing merge_sha (NEARS-3612): srcid-userapp-reskin-10-profile-menu-hub
  WARN  ledger Done row missing merge_sha (NEARS-3612): srcid-userapp-reskin-11-edit-profile
  WARN  ledger Done row missing merge_sha (NEARS-3612): srcid-userapp-reskin-12-my-orders
  WARN  ledger Done row missing merge_sha (NEARS-3612): srcid-userapp-reskin-13-address-pair
  WARN  ledger Done row missing merge_sha (NEARS-3612): srcid-userapp-reskin-14-settings-notifications
  WARN  ledger Done row missing merge_sha (NEARS-3612): srcid-userapp-reskin-15-see-all-grids
  WARN  ledger Done row missing merge_sha (NEARS-3612): srcid-userapp-reskin-16-survivor-batch-a
  WARN  ledger Done row missing merge_sha (NEARS-3612): srcid-userapp-reskin-17-rewards-cluster
  WARN  ledger Done row missing merge_sha (NEARS-3612): srcid-userapp-reskin-18-help-chat-reviews-reg
  WARN  ledger Done row missing merge_sha (NEARS-3612): srcid-userapp-reskin-19-survivor-batch-b
  WARN  ledger Done row missing merge_sha (NEARS-3612): srcid-theme-toggle-resets-locale-switch
  WARN  ledger Done row missing merge_sha (NEARS-3612): srcid-api-client-pii-debug-log
  WARN  ledger Done row missing merge_sha (NEARS-3612): srcid-userapp-closed-store-orderable-bug
  WARN  ledger Done row missing merge_sha (NEARS-3612): srcid-userapp-item-detail-modal-nav-arch
  WARN  ledger Done row missing merge_sha (NEARS-3612): srcid-userapp-access-location-funnel
  WARN  ledger Done row missing merge_sha (NEARS-3612): srcid-userapp-reset-pw-strength-meter
  WARN  ledger Done row missing merge_sha (NEARS-3612): srcid-audit-aw-01
  WARN  ledger Done row missing merge_sha (NEARS-3612): rebrand-epic
  WARN  ledger Done row missing merge_sha (NEARS-3612): deliveryapp-mobile-rum-epic
  WARN  ledger Done row missing merge_sha (NEARS-3612): vendorapp-mobile-rum-epic
  WARN  ledger Done row missing merge_sha (NEARS-3612): deliveryapp-rum-baseline-crashlytics-perf
  WARN  ledger Done row missing merge_sha (NEARS-3612): vendorapp-rum-baseline-crashlytics-perf
  WARN  ledger Done row missing merge_sha (NEARS-3612): userapp-rum-baseline-crashlytics-perf
  WARN  ledger Done row missing merge_sha (NEARS-3612): release-readiness-go-live-gates-epic
  WARN  ledger Done row missing merge_sha (NEARS-3612): observability-spike-e2e-trace
  WARN  ledger Done row missing merge_sha (NEARS-3612): observability-openobserve-selfhost
  WARN  ledger Done row missing merge_sha (NEARS-3612): observability-backend-keepsuit
  WARN  ledger Done row missing merge_sha (NEARS-3612): observability-backend-manual-spans
  WARN  ledger Done row missing merge_sha (NEARS-3612): observability-userapp-traceparent
  WARN  ledger Done row missing merge_sha (NEARS-3612): observability-dashboards-alerts
  WARN  ledger Done row missing merge_sha (NEARS-3612): observability-documentation
  WARN  ledger Done row missing merge_sha (NEARS-3612): userapp-add-to-cart-analytics-online-path
  WARN  ledger Done row missing merge_sha (NEARS-3612): userapp-renderflex-overflow-store-card
  WARN  ledger Done row missing merge_sha (NEARS-3612): smart-sector-store-routing
  WARN  ledger Done row missing merge_sha (NEARS-3612): smart-routing-be-availability-endpoint
  WARN  ledger Done row missing merge_sha (NEARS-3612): smart-routing-userapp-sector-visibility
  WARN  ledger Done row missing merge_sha (NEARS-3612): smart-routing-userapp-single-sector-skip
  WARN  ledger Done row missing merge_sha (NEARS-3612): smart-routing-userapp-single-store-deeplink
  WARN  ledger Done row missing merge_sha (NEARS-3612): backend-admin-seed-password-skew
  WARN  ledger Done row missing merge_sha (NEARS-3612): backend-vendor-import-hardcoded-password
  WARN  ledger Done row missing merge_sha (NEARS-3612): userapp-renderflex-overflow-store-items
  WARN  ledger Done row missing merge_sha (NEARS-3612): userapp-store-favourite-a11y-label
  WARN  ledger Done row missing merge_sha (NEARS-3612): new-task-enhance-teamlead-security
  WARN  ledger Done row missing merge_sha (NEARS-3612): ADM-P0-otp-bypass
  WARN  ledger Done row missing merge_sha (NEARS-3612): ADM-P0-public-routes-no-auth
  WARN  ledger Done row missing merge_sha (NEARS-3612): ADM-P1-missing-rate-limiting
  WARN  ledger Done row missing merge_sha (NEARS-3612): ADM-P1-no-pagination-api
  WARN  ledger Done row missing merge_sha (NEARS-3612): ADM-P2-no-formrequests
  WARN  ledger Done row missing merge_sha (NEARS-3612): ADM-P2-raw-model-returns
  WARN  ledger Done row missing merge_sha (NEARS-3612): UA-P0-token-logged
  WARN  ledger Done row missing merge_sha (NEARS-3612): UA-P1-hardcoded-client-id
  WARN  ledger Done row missing merge_sha (NEARS-3612): UA-P1-hardcoded-web-url
  WARN  ledger Done row missing merge_sha (NEARS-3612): SEC-A
  WARN  ledger Done row missing merge_sha (NEARS-3612): SEC-B
  WARN  ledger Done row missing merge_sha (NEARS-3612): SEC-C
  WARN  ledger Done row missing merge_sha (NEARS-3612): SEC-D
  WARN  ledger Done row missing merge_sha (NEARS-3612): SEC-E
  WARN  ledger Done row missing merge_sha (NEARS-3612): SEC-F
  WARN  ledger Done row missing merge_sha (NEARS-3612): SEC-G
  WARN  ledger Done row missing merge_sha (NEARS-3612): SEC-H
  WARN  ledger Done row missing merge_sha (NEARS-3612): WAVE5-B9
  WARN  ledger Done row missing merge_sha (NEARS-3612): WAVE5-T5
  WARN  ledger Done row missing merge_sha (NEARS-3612): WAVE5-P7
  WARN  ledger Done row missing merge_sha (NEARS-3612): WAVE5-B3
  WARN  ledger Done row missing merge_sha (NEARS-3612): WAVE5-DEAD-CODE
  WARN  ledger Done row missing merge_sha (NEARS-3612): WAVE5-B5
  WARN  ledger Done row missing merge_sha (NEARS-3612): WAVE5-B2
  WARN  ledger Done row missing merge_sha (NEARS-3612): WAVE5-B10
  WARN  ledger Done row missing merge_sha (NEARS-3612): WAVE5-R4
  WARN  ledger Done row missing merge_sha (NEARS-3612): WAVE5-R8
  WARN  ledger Done row missing merge_sha (NEARS-3612): WAVE5-P4
  WARN  ledger Done row missing merge_sha (NEARS-3612): WAVE5-P5
  WARN  ledger Done row missing merge_sha (NEARS-3612): WAVE5-P9
  WARN  ledger Done row missing merge_sha (NEARS-3612): WAVE5-A5
  WARN  ledger Done row missing merge_sha (NEARS-3612): WAVE5-A8
  WARN  ledger Done row missing merge_sha (NEARS-3612): WAVE5-S8
  WARN  ledger Done row missing merge_sha (NEARS-3612): WAVE5-GOLDEN
  WARN  ledger Done row missing merge_sha (NEARS-3612): WAVE5-S5
  WARN  ledger Done row missing merge_sha (NEARS-3612): IMP-115-1
  WARN  ledger Done row missing merge_sha (NEARS-3612): IMP-115-2
  WARN  ledger Done row missing merge_sha (NEARS-3612): IMP-115-3
  WARN  ledger Done row missing merge_sha (NEARS-3612): IMP-117-1
  WARN  ledger Done row missing merge_sha (NEARS-3612): IMP-117-2
  WARN  ledger Done row missing merge_sha (NEARS-3612): IMP-117-3
  WARN  ledger Done row missing merge_sha (NEARS-3612): IMP-117-4
  WARN  ledger Done row missing merge_sha (NEARS-3612): IMP-117-6
  WARN  ledger Done row missing merge_sha (NEARS-3612): IMP-117-7
  WARN  ledger Done row missing merge_sha (NEARS-3612): REBRAND-USERAPP
  WARN  ledger Done row missing merge_sha (NEARS-3612): REBRAND-EXEC-THEME
  WARN  ledger Done row missing merge_sha (NEARS-3612): admin-bs-primary-navy
  WARN  ledger Done row missing merge_sha (NEARS-3612): REBRAND-EXEC-ADMIN-COPY
  WARN  ledger Done row missing merge_sha (NEARS-3612): DOC-P1-1
  WARN  ledger Done row missing merge_sha (NEARS-3612): DOC-P1-2
  WARN  ledger Done row missing merge_sha (NEARS-3612): DOC-P1-3
  WARN  ledger Done row missing merge_sha (NEARS-3612): DOC-P2-4
  WARN  ledger Done row missing merge_sha (NEARS-3612): DOC-P2-5
  WARN  ledger Done row missing merge_sha (NEARS-3612): DOC-P2-6
  WARN  ledger Done row missing merge_sha (NEARS-3612): DOC-P2-7
  WARN  ledger Done row missing merge_sha (NEARS-3612): DOC-P3-8
  WARN  ledger Done row missing merge_sha (NEARS-3612): DOC-P3-9
  WARN  ledger Done row missing merge_sha (NEARS-3612): DOC-P4-10
  WARN  ledger Done row missing merge_sha (NEARS-3612): DOC-P4-11
  WARN  ledger Done row missing merge_sha (NEARS-3612): DOC-P5-12
  WARN  ledger Done row missing merge_sha (NEARS-3612): DOC-P5-13
  WARN  ledger Done row missing merge_sha (NEARS-3612): DOC-P6-14
  WARN  ledger Done row missing merge_sha (NEARS-3612): DOC-P6-15
  WARN  ledger Done row missing merge_sha (NEARS-3612): DOC-P7-16
  WARN  ledger Done row missing merge_sha (NEARS-3612): DOC-P7-17
  WARN  ledger Done row missing merge_sha (NEARS-3612): DOC-A1
  WARN  ledger Done row missing merge_sha (NEARS-3612): DOC-A2
  WARN  ledger Done row missing merge_sha (NEARS-3612): DOC-A3
  WARN  ledger Done row missing merge_sha (NEARS-3612): DOC-A4
  WARN  ledger Done row missing merge_sha (NEARS-3612): DOC-A5
  WARN  ledger Done row missing merge_sha (NEARS-3612): DOC-A6
  WARN  ledger Done row missing merge_sha (NEARS-3612): DOC-A7
  WARN  ledger Done row missing merge_sha (NEARS-3612): DOC-B1
  WARN  ledger Done row missing merge_sha (NEARS-3612): DOC-B2
  WARN  ledger Done row missing merge_sha (NEARS-3612): DOC-B3
  WARN  ledger Done row missing merge_sha (NEARS-3612): DOC-B4
  WARN  ledger Done row missing merge_sha (NEARS-3612): DOC-B5
  WARN  ledger Done row missing merge_sha (NEARS-3612): DOC-B6
  WARN  ledger Done row missing merge_sha (NEARS-3612): DOC-B7
  WARN  ledger Done row missing merge_sha (NEARS-3612): DOC-B8
  WARN  ledger Done row missing merge_sha (NEARS-3612): DOC-V3
  WARN  ledger Done row missing merge_sha (NEARS-3612): FIX-004
  WARN  ledger Done row missing merge_sha (NEARS-3612): FIX-005
  WARN  ledger Done row missing merge_sha (NEARS-3612): FIX-006
  WARN  ledger Done row missing merge_sha (NEARS-3612): FIX-007
  WARN  ledger Done row missing merge_sha (NEARS-3612): FIX-008
  WARN  ledger Done row missing merge_sha (NEARS-3612): FIX-010
  WARN  ledger Done row missing merge_sha (NEARS-3612): FIX-101
  WARN  ledger Done row missing merge_sha (NEARS-3612): FIX-102
  WARN  ledger Done row missing merge_sha (NEARS-3612): FIX-014
  WARN  ledger Done row missing merge_sha (NEARS-3612): FIX-016
  WARN  ledger Done row missing merge_sha (NEARS-3612): FIX-017
  WARN  ledger Done row missing merge_sha (NEARS-3612): FIX-018
  WARN  ledger Done row missing merge_sha (NEARS-3612): FIX-012
  WARN  ledger Done row missing merge_sha (NEARS-3612): FIX-020
  WARN  ledger Done row missing merge_sha (NEARS-3612): FIX-021
  WARN  ledger Done row missing merge_sha (NEARS-3612): FIX-022
  WARN  ledger Done row missing merge_sha (NEARS-3612): FIX-023
  WARN  ledger Done row missing merge_sha (NEARS-3612): FIX-025
  WARN  ledger Done row missing merge_sha (NEARS-3612): FIX-026
  WARN  ledger Done row missing merge_sha (NEARS-3612): FIX-029
  WARN  ledger Done row missing merge_sha (NEARS-3612): FIX-030
  WARN  ledger Done row missing merge_sha (NEARS-3612): A11Y-001
  WARN  ledger Done row missing merge_sha (NEARS-3612): A11Y-002
  WARN  ledger Done row missing merge_sha (NEARS-3612): A11Y-003
  WARN  ledger Done row missing merge_sha (NEARS-3612): A11Y-004
  WARN  ledger Done row missing merge_sha (NEARS-3612): A11Y-006
  WARN  ledger Done row missing merge_sha (NEARS-3612): IMP-001
  WARN  ledger Done row missing merge_sha (NEARS-3612): IMP-005B
  WARN  ledger Done row missing merge_sha (NEARS-3612): IMP-009
  WARN  ledger Done row missing merge_sha (NEARS-3612): IMP-013
  WARN  ledger Done row missing merge_sha (NEARS-3612): IMP-018
  WARN  ledger Done row missing merge_sha (NEARS-3612): IMP-023
  WARN  ledger Done row missing merge_sha (NEARS-3612): IMP-024
  WARN  ledger Done row missing merge_sha (NEARS-3612): IMP-025
  WARN  ledger Done row missing merge_sha (NEARS-3612): IMP-026
  WARN  ledger Done row missing merge_sha (NEARS-3612): IMP-027
  WARN  ledger Done row missing merge_sha (NEARS-3612): IMP-029
  WARN  ledger Done row missing merge_sha (NEARS-3612): IMP-016
  WARN  ledger Done row missing merge_sha (NEARS-3612): IMP-105
  WARN  ledger Done row missing merge_sha (NEARS-3612): IMP-115
  WARN  ledger Done row missing merge_sha (NEARS-3612): IMP-117
  WARN  ledger Done row missing merge_sha (NEARS-3612): IMP-118
  WARN  ledger Done row missing merge_sha (NEARS-3612): IMP-126
  WARN  ledger Done row missing merge_sha (NEARS-3612): ENH-001
  WARN  ledger Done row missing merge_sha (NEARS-3612): ENH-101
  WARN  ledger Done row missing merge_sha (NEARS-3612): be-seed-store-geo
  WARN  ledger Done row missing merge_sha (NEARS-3612): be-seed-demo-copy
  WARN  ledger Done row missing merge_sha (NEARS-3612): analytics-delivery
  WARN  ledger Done row missing merge_sha (NEARS-3612): analytics-vendor
  WARN  ledger Done row missing merge_sha (NEARS-3612): analytics-pii-name-leak
  WARN  ledger Done row missing merge_sha (NEARS-3612): seed-demo-data-all-entities
  WARN  ledger Done row missing merge_sha (NEARS-3612): seed-flash-sale-zone-balance
  WARN  ledger Done row missing merge_sha (NEARS-3612): qa-seed-zone1-demo-address
  WARN  ledger Done row missing merge_sha (NEARS-3612): ua-module-not-available-false-negative
  WARN  ledger Done row missing merge_sha (NEARS-3612): userapp-module-uri-shared-cacheid
  WARN  ledger Done row missing merge_sha (NEARS-3612): userapp-home-storecard-overflow
  WARN  ledger Done row missing merge_sha (NEARS-3612): ua-module-dialog-raw-i18n-key
  WARN  ledger Done row missing merge_sha (NEARS-3612): ua-stale-zone-content-on-switch
  WARN  ledger Done row missing merge_sha (NEARS-3612): seed-zone1-store-coords-outside-polygon
  WARN  ledger Done row missing merge_sha (NEARS-3612): rebrand-residual-demo-copy
  WARN  ledger Done row missing merge_sha (NEARS-3612): userapp-pre-existing-test-failures
  WARN  ledger Done row missing merge_sha (NEARS-3612): userapp-analytics-debug-mirror
  WARN  ledger Done row missing merge_sha (NEARS-3612): abudhabi-baqala-test-data-import
  WARN  ledger Done row missing merge_sha (NEARS-3612): baqala-import-scalar-rating-crash-fix
  WARN  ledger Done row missing merge_sha (NEARS-3612): admin-jquery-load-order
  WARN  ledger Done row missing merge_sha (NEARS-3612): admin-dashboard-inline-commonjs
  WARN  ledger Done row missing merge_sha (NEARS-3612): userapp-home-recommended-seeall-mismatch
  WARN  ledger Done row missing merge_sha (NEARS-3612): userapp-module-homes-curated-trim
  WARN  ledger Done row missing merge_sha (NEARS-3612): userapp-store-home-freshmart-redesign
  WARN  ledger Done row missing merge_sha (NEARS-3612): userapp-store-home-shell-hero
  WARN  ledger Done row missing merge_sha (NEARS-3612): userapp-store-home-chips-flashsale
  WARN  ledger Done row missing merge_sha (NEARS-3612): userapp-store-home-product-rails-seeall
  WARN  ledger Done row missing merge_sha (NEARS-3612): userapp-store-home-module-parity-darkrtl
  WARN  ledger Done row missing merge_sha (NEARS-3612): userapp-store-card-horizontal-overflow
  WARN  ledger Done row missing merge_sha (NEARS-3612): userapp-sign-in-wordmark-overflow
  WARN  ledger Done row missing merge_sha (NEARS-3612): srcid-item-detail-infinite-shimmer-no-error-state
  WARN  ledger Done row missing merge_sha (NEARS-3612): srcid-searchlocation-unguarded-error-body-index
  WARN  ledger Done row missing merge_sha (NEARS-3612): srcid-use-my-location-zoneindex-silent-failure
  WARN  ledger Done row missing merge_sha (NEARS-3612): srcid-use-my-location-loader-lifecycle-test
  WARN  ledger Done row missing merge_sha (NEARS-3612): srcid-cross-app-api-client-query-pii-logging
  WARN  ledger Done row missing merge_sha (NEARS-3612): srcid-shouldshowinterestpage-dedupe
  WARN  ledger Done row missing merge_sha (NEARS-3612): srcid-item-detail-stitch-error-loading-frames
  WARN  ledger Done row missing merge_sha (NEARS-3612): srcid-item-detail-stitch-frames-generate
  WARN  ledger Done row missing merge_sha (NEARS-3612): srcid-single-store-cold-open-rail-population
  WARN  ledger Done row missing merge_sha (NEARS-3612): srcid-grid-card-1px-overflow-logout-guest-home
  WARN  ledger Done row missing merge_sha (NEARS-3612): srcid-guesthome-largefont-column-overflow
  WARN  ledger Done row missing merge_sha (NEARS-3612): srcid-signin-column-1px-overflow-default-scale
  WARN  ledger Done row missing merge_sha (NEARS-3612): srcid-ar-locale-not-applying
  WARN  ledger Done row missing merge_sha (NEARS-3612): srcid-zone3-qa-account-password-doc-fix
  WARN  ledger Done row missing merge_sha (NEARS-3612): srcid-brand-shared-nodatascreen-illustration
  WARN  ledger Done row missing merge_sha (NEARS-3612): srcid-reskin-searchlocation-customtextfield-dls
  WARN  ledger Done row missing merge_sha (NEARS-3612): srcid-guest-order-tracking-infinite-spinner
  WARN  ledger Done row missing merge_sha (NEARS-3612): srcid-dark-mode-colorscheme-error-salmon
  WARN  ledger Done row missing merge_sha (NEARS-3612): srcid-nears-input-dark-mode-contrast
  WARN  ledger Done row missing merge_sha (NEARS-3612): kb-t1-docs-taxonomy-spec
  WARN  ledger Done row missing merge_sha (NEARS-3612): kb-t2-catalog-index-gate
  WARN  ledger Done row missing merge_sha (NEARS-3612): kb-t3-reference-agent-taxonomy
  WARN  ledger Done row missing merge_sha (NEARS-3612): kb-t4-claude-md-domain-router
  WARN  ledger Done row missing merge_sha (NEARS-3612): kb-t5-nears-reference-slim
  WARN  ledger Done row missing merge_sha (NEARS-3612): kb-t6-docs-domain-migration
  WARN  ledger Done row missing merge_sha (NEARS-3612): kb-t8-reference-integrity-sweep
  WARN  ledger Done row missing merge_sha (NEARS-3612): srcid-help-support-hero-legacy-asset
  WARN  ledger Done row missing merge_sha (NEARS-3612): srcid-images-logo-brand-gap
  WARN  ledger Done row missing merge_sha (NEARS-3612): srcid-pharmacy-featured-rail-overflow
  WARN  ledger Done row missing merge_sha (NEARS-3612): srcid-menu-screen-dark-mode-scaffold
  WARN  ledger Done row missing merge_sha (NEARS-3612): srcid-pusher-late-init-order-tracking
  WARN  ledger Done row missing merge_sha (NEARS-3612): srcid-dls-dark-mode-error-treatment
  WARN  ledger Done row missing merge_sha (NEARS-3612): srcid-nears-text-dark-mode-refactor
  WARN  ledger Done row missing merge_sha (NEARS-3612): srcid-ar-content-pass-userapp
  WARN  ledger Done row missing merge_sha (NEARS-3612): srcid-cross-app-backend-hardening
  WARN  ledger Done row missing merge_sha (NEARS-3612): srcid-schedule-at-double-bang-crash
  WARN  ledger Done row missing merge_sha (NEARS-3612): srcid-qa-order-tracking-fixture
  WARN  ledger Done row missing merge_sha (NEARS-3612): srcid-language-screen-row-polish-triple
  WARN  ledger Done row missing merge_sha (NEARS-3612): srcid-address-sheet-forced-on-launch-no-default-autoselect
  WARN  ledger Done row missing merge_sha (NEARS-3612): srcid-home-redundant-change-location-button
  WARN  ledger Done row missing merge_sha (NEARS-3612): srcid-home-promo-banner-closed-store-filter
  WARN  ledger Done row missing merge_sha (NEARS-3612): srcid-home-deliver-to-body-section-remove
  WARN  ledger Done row missing merge_sha (NEARS-3612): srcid-home-recommended-for-you-curation
  WARN  ledger Done row missing merge_sha (NEARS-3612): srcid-module-selector-grid-icons
  WARN  ledger Done row missing merge_sha (NEARS-3612): srcid-module-selector-remove-parcel
  WARN  ledger Done row missing merge_sha (NEARS-3612): srcid-category-landing-dedupe-greeting-order
  WARN  ledger Done row missing merge_sha (NEARS-3612): srcid-category-landing-conditional-sections
  WARN  ledger Done row missing merge_sha (NEARS-3612): srcid-store-page-offers-banner-category-pivot
  WARN  ledger Done row missing merge_sha (NEARS-3612): srcid-cross-store-search-per-result-store-attribution
  WARN  ledger Done row missing merge_sha (NEARS-3612): srcid-order-details-idor-null-actor
  WARN  ledger Done row missing merge_sha (NEARS-3612): srcid-payment-callback-open-redirect
  WARN  ledger Done row missing merge_sha (NEARS-3612): srcid-payment-mobile-customer-id-idor
  WARN  ledger Done row missing merge_sha (NEARS-3612): srcid-nears-1305-guest-session-token-phase2
  WARN  ledger Done row missing merge_sha (NEARS-3612): srcid-guest-token-transport-storage-hardening
  WARN  ledger Done row missing merge_sha (NEARS-3612): srcid-check-guest-cart-idor-login-flows
  WARN  ledger Done row missing merge_sha (NEARS-3612): srcid-apiguestcheck-bare-guestid-fail-open
  WARN  ledger Done row missing merge_sha (NEARS-3612): srcid-ux-design-multi-store-basket-tracking
  WARN  ledger Done row missing merge_sha (NEARS-3612): srcid-fe-2-checkout-replumb-group-payment-webview
  WARN  ledger Done row missing merge_sha (NEARS-3612): srcid-userapp-order-group-orphan-row-after-cancel
  WARN  ledger Done row missing merge_sha (NEARS-3612): srcid-taxmodule-setup-tables-empty-devdb
  WARN  ledger Done row missing merge_sha (NEARS-3612): srcid-category-icon-system-admin-static
  WARN  ledger Done row missing merge_sha (NEARS-3612): srcid-categories-bottom-nav-missing
  WARN  ledger Done row missing merge_sha (NEARS-3612): srcid-item-card-adaptive-layout-polish
  WARN  ledger Done row missing merge_sha (NEARS-3612): srcid-item-card-add-to-cart-slow
  WARN  ledger Done row missing merge_sha (NEARS-3612): srcid-userapp-categories-virtual-offers-rail
  WARN  ledger Done row missing merge_sha (NEARS-3612): srcid-fresh-finds-section-remove-or-repurpose
  WARN  ledger Done row missing merge_sha (NEARS-3612): srcid-remove-visit-again-section
  WARN  ledger Done row missing merge_sha (NEARS-3612): srcid-vendor-token-dead-store-scope
  WARN  ledger Done row missing merge_sha (NEARS-3612): srcid-vendor-managed-flash-sales-store-panel
  WARN  ledger Done row missing merge_sha (NEARS-3612): srcid-nearssectionheader-actionlink-affordance
  WARN  ledger Done row missing merge_sha (NEARS-3612): srcid-texthover-ratingcount-null-deref
  WARN  ledger Done row missing merge_sha (NEARS-3612): srcid-search-appbar-common-appbar-filter-trailing
  WARN  ledger Done row missing merge_sha (NEARS-3612): srcid-search-idle-filter-persist
  WARN  ledger Done row missing merge_sha (NEARS-3612): srcid-search-filter-icon-a11y
  WARN  ledger Done row missing merge_sha (NEARS-3612): srcid-nears-2879-regression-search-filter-icon-zero-width-paint
  WARN  ledger Done row missing merge_sha (NEARS-3612): srcid-search-test-deferred-desktop-flaky
  WARN  ledger Done row missing merge_sha (NEARS-3612): srcid-voice-search-partial-results-deprecation
  WARN  ledger Done row missing merge_sha (NEARS-3612): srcid-search-idle-chips-gap-fix
  WARN  ledger Done row missing merge_sha (NEARS-3612): srcid-monitor-platform-epic
  WARN  ledger Done row missing merge_sha (NEARS-3612): srcid-search-relevance-behaviour-suggestion-engine
  WARN  ledger Done row missing merge_sha (NEARS-3612): srcid-basket-checkout-eta-distance-calc
  WARN  ledger Done row missing merge_sha (NEARS-3612): srcid-checkout-delivery-address-zone-validation
  WARN  ledger Done row missing merge_sha (NEARS-3612): srcid-profile-menu-guest-visibility
  WARN  ledger Done row missing merge_sha (NEARS-3612): srcid-forgot-password-gradient-not-full-height
  WARN  ledger Done row missing merge_sha (NEARS-3612): srcid-remove-guest-track-order
  WARN  ledger Done row missing merge_sha (NEARS-3612): srcid-store-recommended-rail-webitemwidget-reskin
  WARN  ledger Done row missing merge_sha (NEARS-3612): srcid-item-card-align-post492-itemwidget
  WARN  ledger Done row missing merge_sha (NEARS-3612): srcid-userapp-price-helper-edge-polish
  WARN  ledger Done row missing merge_sha (NEARS-3612): srcid-guest-cashback-500-null-cast
  WARN  ledger Done row missing merge_sha (NEARS-3612): srcid-store-page-category-chip-filter-sort-top-offers-chip
  WARN  ledger Done row missing merge_sha (NEARS-3612): srcid-bottom-nav-glass-opacity-30
  WARN  ledger Done row missing merge_sha (NEARS-3612): srcid-hide-bottomnav-module-landing
  WARN  ledger Done row missing merge_sha (NEARS-3612): srcid-bottomnav-extendbody-floating
  WARN  ledger Done row missing merge_sha (NEARS-3612): srcid-seed-zero-offer-store-offers-qa
  WARN  ledger Done row missing merge_sha (NEARS-3612): srcid-remove-dead-store-banner-model-dart
  WARN  ledger Done row missing merge_sha (NEARS-3612): srcid-devhost-hardcoded-no-dart-define
  WARN  ledger Done row missing merge_sha (NEARS-3612): srcid-mirror-utf8-decode-fix-delivery-vendor-api-client
  WARN  ledger Done row missing merge_sha (NEARS-3612): srcid-userapp-slim-residual-unreachable-parcel-code
  WARN  ledger Done row missing merge_sha (NEARS-3612): srcid-delivery-vendor-locale-price-parity
  WARN  ledger Done row missing merge_sha (NEARS-3612): srcid-vendorapp-icon-key-mirror-489b
  WARN  ledger Done row missing merge_sha (NEARS-3612): srcid-userapp-launch-stale-zone-flash-auto-select
  WARN  ledger Done row missing merge_sha (NEARS-3612): srcid-home-gutter-15px-dls-token-gap
  WARN  ledger Done row missing merge_sha (NEARS-3612): srcid-userapp-favourites-menu-entry
  WARN  ledger Done row missing merge_sha (NEARS-3612): srcid-coupon-discount-type-percentage-fix
  WARN  ledger Done row missing merge_sha (NEARS-3612): srcid-variation-remove-npe
  WARN  ledger Done row missing merge_sha (NEARS-3612): srcid-cart-add-variation-500
  WARN  ledger Done row missing merge_sha (NEARS-3612): srcid-geolocator-native-crash-use-current-location
  WARN  ledger Done row missing merge_sha (NEARS-3612): srcid-backend-storelogic-zonedecode-hardening
  WARN  ledger Done row missing merge_sha (NEARS-3612): srcid-categorycontroller-silent-catch-logging-violation
  WARN  ledger Done row missing merge_sha (NEARS-3612): srcid-itemcard-oos-module-stock-gate
  WARN  ledger Done row missing merge_sha (NEARS-3612): srcid-itemcard-add-circle-44dp-hit-target
  WARN  ledger Done row missing merge_sha (NEARS-3612): srcid-itemcard-ispopularitemcart-dead-field
  WARN  ledger Done row missing merge_sha (NEARS-3612): srcid-fuller-clear-on-logout-pii-sweep
  WARN  ledger Done row missing merge_sha (NEARS-3612): srcid-getzoneid-race-config-change-vendor-reg
  WARN  ledger Done row missing merge_sha (NEARS-3612): srcid-storereg-map-renderthread-jank
  WARN  ledger Done row missing merge_sha (NEARS-3612): srcid-nears-2517-navigator-relock-popscope-dialog
  WARN  ledger Done row missing merge_sha (NEARS-3612): srcid-ordercontroller-showoneorder-orphan-cleanup-nears-2669
  WARN  ledger Done row missing merge_sha (NEARS-3612): srcid-order-formatting-store-phone-promotion
  WARN  ledger Done row missing merge_sha (NEARS-3612): srcid-zone-decode-centrallogics-categorylogic
  WARN  ledger Done row missing merge_sha (NEARS-3612): srcid-zone-decode-centrallogics-productlogic
  WARN  ledger Done row missing merge_sha (NEARS-3612): srcid-zone-decode-centrallogics-bannerlogic
  WARN  ledger Done row missing merge_sha (NEARS-3612): srcid-zone-decode-v1-itemcontroller
  WARN  ledger Done row missing merge_sha (NEARS-3612): srcid-zone-decode-v1-searchcontroller
  WARN  ledger Done row missing merge_sha (NEARS-3612): srcid-zone-decode-v1-campaigncontroller
  WARN  ledger Done row missing merge_sha (NEARS-3612): srcid-helpers-get-store-data-null-guard
  WARN  ledger Done row missing merge_sha (NEARS-3612): srcid-admin-console-noise-js-404-png
  WARN  ledger Done row missing merge_sha (NEARS-3612): srcid-pusher-init-unconditional-empty-host-hang
  WARN  ledger Done row missing merge_sha (NEARS-3612): srcid-customtooltip-controller-never-disposed
  WARN  ledger Done row missing merge_sha (NEARS-3612): srcid-newtask-product-vision-layer
  WARN  ledger Done row missing merge_sha (NEARS-3612): srcid-aud-vend-6
  WARN  ledger Done row missing merge_sha (NEARS-3612): srcid-aud-vend-7
  WARN  ledger Done row missing merge_sha (NEARS-3612): srcid-aud-vend-13
  WARN  ledger Done row missing merge_sha (NEARS-3612): srcid-aud-vend-14
  WARN  ledger Done row missing merge_sha (NEARS-3612): srcid-aud-vend-23
  WARN  ledger Done row missing merge_sha (NEARS-3612): srcid-aud-vend-24
  WARN  ledger Done row missing merge_sha (NEARS-3612): srcid-aud-vend-25
  WARN  ledger Done row missing merge_sha (NEARS-3612): srcid-aud-vend-36
  WARN  ledger Done row missing merge_sha (NEARS-3612): srcid-aud-vend-39
  WARN  ledger Done row missing merge_sha (NEARS-3612): srcid-aud-vend-44
  WARN  ledger Done row missing merge_sha (NEARS-3612): srcid-nears-929-store-reg-rtl-label-chips
  WARN  ledger Done row missing merge_sha (NEARS-3612): srcid-nears-927-a11y-icon-labels-tail
  WARN  ledger Done row missing merge_sha (NEARS-3612): srcid-enlarge-bare-icon-a11y-tap-targets-android
  WARN  ledger Done row missing merge_sha (NEARS-3612): srcid-a11y-lesson-remeasure-963-964-tap-box
  WARN  ledger Done row missing merge_sha (NEARS-3612): srcid-offline-payment-idor-missing-guest-pin
  WARN  ledger Done row missing merge_sha (NEARS-3612): srcid-resolve-owner-store-request-bag-fallback
  WARN  ledger Done row missing merge_sha (NEARS-3612): srcid-remove-dead-transactions-routes
  WARN  ledger Done row missing merge_sha (NEARS-3612): srcid-orphaned-transaction-dashboard-method
  WARN  ledger Done row missing merge_sha (NEARS-3612): srcid-c10-module-home-rail-removal-final
  WARN  ledger Done row missing merge_sha (NEARS-3612): srcid-storedetails-200-instead-of-404
  WARN  ledger Done row missing merge_sha (NEARS-3612): srcid-common-condition-chip-counts-zone-scope
  WARN  ledger Done row missing merge_sha (NEARS-3612): srcid-customer-search-logs-pipeline
  WARN  ledger Done row missing merge_sha (NEARS-3612): srcid-flash-sale-id-zone-rail-empty-state
  WARN  ledger Done row missing merge_sha (NEARS-3612): srcid-home-controller-taxi-guard-unify-predicate
  WARN  ledger Done row missing merge_sha (NEARS-3612): srcid-home-controller-taxi-guard-null-bang-npe
  WARN  ledger Done row missing merge_sha (NEARS-3612): srcid-taxi-rental-module-no-qa-path
  WARN  ledger Done row missing merge_sha (NEARS-3612): srcid-1078-taxi-cart-carve-out-gap
  WARN  ledger Done row missing merge_sha (NEARS-3612): srcid-wallet-reconcile-schedule-dead-kernel-unwired
  WARN  ledger Done row missing merge_sha (NEARS-3612): srcid-regr-flashsale-details-initstate-crash
  WARN  ledger Done row missing merge_sha (NEARS-3612): srcid-otel-circuit-breaker-blackhole-fpm-pinning
  WARN  ledger Done row missing merge_sha (NEARS-3612): srcid-otel-sdk-error-log-bypasses-logging-contract
  WARN  ledger Done row missing merge_sha (NEARS-3612): srcid-artisan-serve-discards-otel-env-overrides
  WARN  ledger Done row missing merge_sha (NEARS-3612): srcid-cap-otel-log-volume-collector-outage
  WARN  ledger Done row missing merge_sha (NEARS-3612): srcid-appurl-missing-slash-malformed-image-url
  WARN  ledger Done row missing merge_sha (NEARS-3612): srcid-stacked-unnamed-throttles-share-bucket
  WARN  ledger Done row missing merge_sha (NEARS-3612): srcid-worktree-bootstrap-gitignored-passport-keys
  WARN  ledger Done row missing merge_sha (NEARS-3612): srcid-qa-data-gaps-item-image-ar-translations
  WARN  ledger Done row missing merge_sha (NEARS-3612): srcid-sharelink-coldopen-module-mismatch-snackbar
  WARN  ledger Done row missing merge_sha (NEARS-3612): srcid-storeless-module-picker-unreachable
  WARN  ledger Done row missing merge_sha (NEARS-3612): srcid-demodata-seeder-no-db-guard
  WARN  ledger Done row missing merge_sha (NEARS-3612): srcid-flashsale-getitems-oom
  WARN  ledger Done row missing merge_sha (NEARS-3612): srcid-regr-otel-local-dev-floor
  WARN  ledger Done row missing merge_sha (NEARS-3612): srcid-regr-sectors-shown-stale-count
  WARN  ledger Done row missing merge_sha (NEARS-3612): srcid-regr-module-view-spinner-strand
  WARN  ledger Done row missing merge_sha (NEARS-3612): srcid-regr-item-rating-raw-exception-leak
  WARN  ledger Done row missing merge_sha (NEARS-3612): srcid-regr-flashsale-admin-write-module-guard
  WARN  ledger Done row missing merge_sha (NEARS-3612): srcid-regr-worktree-hygiene-trio
  WARN  ledger Done row missing merge_sha (NEARS-3612): srcid-regr-smart-commit-lint-stdin-hang
  WARN  ledger Done row missing merge_sha (NEARS-3612): srcid-regr-storelogic-pagination-count-perf
  WARN  ledger Done row missing merge_sha (NEARS-3612): srcid-deeplink-item-404-bypasses-notfound
  WARN  ledger Done row missing merge_sha (NEARS-3612): srcid-item-sheet-close-x-rtl-mirror
  WARN  ledger Done row missing merge_sha (NEARS-3612): srcid-qa-harness-port-collision
  WARN  ledger Done row missing merge_sha (NEARS-3612): srcid-bnes-locale-13-keys-behind
  WARN  ledger Done row missing merge_sha (NEARS-3612): srcid-conversation-loadmore-drops-type-filter
  WARN  ledger Done row missing merge_sha (NEARS-3612): srcid-conversationcontroller-vendor-branch-no-participant-check
  WARN  ledger Done row missing merge_sha (NEARS-3612): srcid-category-controller-subcategory-childes-race
  WARN  ledger Done row missing merge_sha (NEARS-3612): srcid-store-controller-offset-append-stale-model
  WARN  ledger Done row missing merge_sha (NEARS-3612): srcid-store-axis-category-loadmore-dupe-tiebreaker
  WARN  ledger Done row missing merge_sha (NEARS-3612): srcid-item-84-miscategorized-fresh-fruits
  WARN  ledger Done row missing merge_sha (NEARS-3612): srcid-categoryitem-loadmore-double-log-transport-throw
  WARN  ledger Done row missing merge_sha (NEARS-3612): srcid-category-item-screen-unreachable-mobile
  WARN  ledger Done row missing merge_sha (NEARS-3612): srcid-store-screen-search-mode-loadmore-unreachable
  WARN  ledger Done row missing merge_sha (NEARS-3612): srcid-paginated-consumers-below-page-limit-test-data
  WARN  ledger Done row missing merge_sha (NEARS-3612): srcid-qa-evidence-publish-primary-tree-not-worktree
  WARN  ledger Done row missing merge_sha (NEARS-3612): srcid-session-scratchpad-collision-concurrent-runs
  WARN  ledger Done row missing merge_sha (NEARS-3612): srcid-nearserrorretry-icon-mismatched-per-kind
  WARN  ledger Done row missing merge_sha (NEARS-3612): srcid-staples-error-log-missing-correlation-id
  WARN  ledger Done row missing merge_sha (NEARS-3612): srcid-es-json-retry-string-wrong
  WARN  ledger Done row missing merge_sha (NEARS-3612): srcid-login-textfields-missing-a11y-labels
  WARN  ledger Done row missing merge_sha (NEARS-3612): srcid-nearsinput-spurious-empty-semantics-node
  WARN  ledger Done row missing merge_sha (NEARS-3612): srcid-uifind-content-desc-label-match
  WARN  ledger Done row missing merge_sha (NEARS-3612): srcid-nearsinput-required-marker-announces-star
  WARN  ledger Done row missing merge_sha (NEARS-3612): srcid-regr-test-db-deadlock-concurrent-runs
  WARN  ledger Done row missing merge_sha (NEARS-3612): srcid-zone-guard-details-fail-open-absent-header
  WARN  ledger Done row missing merge_sha (NEARS-3612): srcid-selectmoduleforbannerstore-unguarded-crash
  WARN  ledger Done row missing merge_sha (NEARS-3612): srcid-target-module-precedence-revisit
  WARN  ledger Done row missing merge_sha (NEARS-3612): srcid-orphaned-cross-zone-cart-rows
  WARN  ledger Done row missing merge_sha (NEARS-3612): srcid-clarify-targetmoduleforitem-comment
  WARN  ledger Done row missing merge_sha (NEARS-3612): srcid-item-store-module-id-invariant-guard
  WARN  ledger Done row missing merge_sha (NEARS-3612): srcid-testdb-dump-carries-1074-drift
  WARN  ledger Done row missing merge_sha (NEARS-3612): srcid-store-list-filter-sort-chips-dls-spec
  WARN  ledger Done row missing merge_sha (NEARS-3612): srcid-category-errorretry-merged-semantics
  WARN  ledger Done row missing merge_sha (NEARS-3612): srcid-banner-dedupe-index-corrupts-image-url
  WARN  ledger Done row missing merge_sha (NEARS-3612): srcid-switchmodule-bang-index-no-bounds-check
  WARN  ledger Done row missing merge_sha (NEARS-3612): srcid-sectorautoselected-double-log-recovery-path
  WARN  ledger Done row missing merge_sha (NEARS-3612): srcid-cachezonesuffix-keys-scalar-not-zoneids-array
  WARN  ledger Done row missing merge_sha (NEARS-3612): srcid-cachepartitionkey-zone-encoding-incidental
  WARN  ledger Done row missing merge_sha (NEARS-3612): srcid-getmodules-cacheid-param-dead-api-surface
  WARN  ledger Done row missing merge_sha (NEARS-3612): srcid-seeded-zone-map-stale-baqala-zones
  WARN  ledger Done row missing merge_sha (NEARS-3612): srcid-acs-missing-nears565-verify-tags
  WARN  ledger Done row missing merge_sha (NEARS-3612): srcid-uifind-stale-dump-merged-semantics
  WARN  ledger Done row missing merge_sha (NEARS-3612): srcid-storecontroller-reviews-no-status-gate
  WARN  ledger Done row missing merge_sha (NEARS-3612): srcid-itemreviews-no-store-status-gate
  WARN  ledger Done row missing merge_sha (NEARS-3612): srcid-flashsale-scrollcontroller-never-attached
  WARN  ledger Done row missing merge_sha (NEARS-3612): srcid-userapp-store-not-found-branch-missing
  WARN  ledger Done row missing merge_sha (NEARS-3612): srcid-store-tax-fields-unauth-exposure
  WARN  ledger Done row missing merge_sha (NEARS-3612): srcid-search-rate-limit-separate-buckets
  WARN  ledger Done row missing merge_sha (NEARS-3612): srcid-logerror-missing-non-get-verbs
  WARN  ledger Done row missing merge_sha (NEARS-3612): srcid-cross-store-search-404-logerror-noise
  WARN  ledger Done row missing merge_sha (NEARS-3612): srcid-userapp-favourites-stuck-loading-error-retry
  WARN  ledger Done row missing merge_sha (NEARS-3612): srcid-deliveryapp-apiclient-handleerror-bypass
  WARN  ledger Done row missing merge_sha (NEARS-3612): srcid-async-error-applogger-before-crashlytics
  WARN  ledger Done row missing merge_sha (NEARS-3612): srcid-uncaught-async-fatal-true-miscount
  WARN  ledger Done row missing merge_sha (NEARS-3612): srcid-transport-throw-bypasses-handleresponse
  WARN  ledger Done row missing merge_sha (NEARS-3612): srcid-vendor-store-setup-500-delivery-time
  WARN  ledger Done row missing merge_sha (NEARS-3612): srcid-paginated-list-view-pagesize-hardcoded
  WARN  ledger Done row missing merge_sha (NEARS-3612): srcid-category-item-screen-no-load-more-error-row
  WARN  ledger Done row missing merge_sha (NEARS-3612): srcid-getsubcategorylist-stale-loadmore-flag
  WARN  ledger Done row missing merge_sha (NEARS-3612): srcid-v2-api-missing-localization-middleware
  WARN  ledger Done row missing merge_sha (NEARS-3612): srcid-passport-authorize-blade-gitignore-drift
  WARN  ledger Done row missing merge_sha (NEARS-3612): srcid-deliveryman-identity-image-not-hidden
  WARN  ledger Done row missing merge_sha (NEARS-3612): srcid-userapp-store-latlng-string-contract
  WARN  ledger Done row missing merge_sha (NEARS-3612): srcid-store-failure-view-back-arrow-tooltip-wrong-label
  WARN  ledger Done row missing merge_sha (NEARS-3612): srcid-promote-qa-failing-fetch-harness-to-tooling
  WARN  ledger Done row missing merge_sha (NEARS-3612): srcid-userapp-primarybutton-a11y-container-missing
  WARN  ledger Done row missing merge_sha (NEARS-3612): srcid-userapp-qtystepper-a11y-container-missing
  WARN  ledger Done row missing merge_sha (NEARS-3612): srcid-userapp-bottomnav-a11y-container-missing
  WARN  ledger Done row missing merge_sha (NEARS-3612): srcid-userapp-storecard-favourite-a11y-container-missing
  WARN  ledger Done row missing merge_sha (NEARS-3612): srcid-docs-1101-errorretry-geometry-correction
  WARN  ledger Done row missing merge_sha (NEARS-3612): srcid-userapp-dashboard-tabs-semantics-audit
  WARN  ledger Done row missing merge_sha (NEARS-3612): srcid-dls-navy-on-mint-token-convention
  WARN  ledger Done row missing merge_sha (NEARS-3612): srcid-code-reviewer-no-bash-tool-grant
  WARN  ledger Done row missing merge_sha (NEARS-3612): srcid-home-store-card-imageview-role
  WARN  ledger Done row missing merge_sha (NEARS-3612): srcid-home-legacy-store-cards-imageview-role
  WARN  ledger Done row missing merge_sha (NEARS-3612): srcid-uinav-ui-list-merged-node-false-pass
  WARN  ledger Done row missing merge_sha (NEARS-3612): srcid-emulator-5558-disk-hygiene
  WARN  ledger Done row missing merge_sha (NEARS-3612): srcid-run-sprint-relax-batch-boundary-gate-per-ticket
  WARN  ledger Done row missing merge_sha (NEARS-3612): srcid-newtask-auto-detect-resume-orphaned-9b-runs
  WARN  ledger Done row missing merge_sha (NEARS-3612): srcid-audit-crosscheck-provenance-vs-existence
  WARN  ledger Done row missing merge_sha (NEARS-3612): srcid-audit-crosscheck-path-traversal
  WARN  ledger Done row missing merge_sha (NEARS-3612): srcid-workflow-json-phase-alias-7b-ambiguity
  WARN  ledger Done row missing merge_sha (NEARS-3612): srcid-storeless-module-ac-trap-profile-rider
  WARN  ledger Done row missing merge_sha (NEARS-3612): srcid-confluence-3113013-macro-put-path
  WARN  ledger Done row missing merge_sha (NEARS-3612): srcid-bulk-import-update-scope-bypass
  WARN  ledger Done row missing merge_sha (NEARS-3612): srcid-bulk-import-pharmacy-wrong-row
  WARN  ledger Done row missing merge_sha (NEARS-3612): srcid-translate-writeback-dirties-lang-files
  WARN  ledger Done row missing merge_sha (NEARS-3612): srcid-item-update-500-null-images
  WARN  ledger Done row missing merge_sha (NEARS-3612): srcid-test-twin-admin-fixture-drift
  WARN  ledger Done row missing merge_sha (NEARS-3612): srcid-qa-web-nav-tooling-gaps
  WARN  ledger Done row missing merge_sha (NEARS-3612): srcid-seeded-id-map-doc-drift-store2
  WARN  ledger Done row missing merge_sha (NEARS-3612): srcid-fold-fresh-worktree-facts-workflow-profile
  WARN  ledger Done row missing merge_sha (NEARS-3612): srcid-workflow-json-golden-stale
  WARN  ledger Done row missing merge_sha (NEARS-3612): srcid-memory-md-per-spawn-load
  WARN  ledger Done row missing merge_sha (NEARS-3612): srcid-dead-doc-refs-1031-global-search-md
  WARN  ledger Done row missing merge_sha (NEARS-3612): srcid-memory-md-prune-apply
  WARN  ledger Done row missing merge_sha (NEARS-3612): srcid-lane-optimization-express-micro
  WARN  ledger Done row missing merge_sha (NEARS-3612): srcid-teams-pilot-fixcycle-packet-live-teammates
  WARN  ledger Done row missing merge_sha (NEARS-3612): srcid-worktree-prune-zero-commit-false-positive
  WARN  ledger Done row missing merge_sha (NEARS-3612): srcid-run-sprint-team-flag
  WARN  ledger Done row missing merge_sha (NEARS-3612): srcid-run-sprint-liveness-watchdog
  WARN  ledger Done row missing merge_sha (NEARS-3612): srcid-run-team-agent-teammates
  WARN  ledger Done row missing merge_sha (NEARS-3612): srcid-run-team-monitor-contract-gaps
  WARN  ledger Done row missing merge_sha (NEARS-3612): srcid-demodataseederguardtest-schema-drift
  WARN  ledger Done row missing merge_sha (NEARS-3612): srcid-item1-seed-gallery-images-missing
  WARN  ledger Done row missing merge_sha (NEARS-3612): srcid-qadatagapsseedtest-store35-fixture-drift
  WARN  ledger Done row missing merge_sha (NEARS-3612): srcid-regression-flashsalewindowrenewaltest-nears1278
  WARN  ledger Done row missing merge_sha (NEARS-3612): srcid-seed-image-673c408cef130-shared-951-items
  WARN  ledger Done row missing merge_sha (NEARS-3612): srcid-vendorstoresetup-deliverytime-actingas-bypass
  WARN  ledger Done row missing merge_sha (NEARS-3612): srcid-categoryordercount-sqlinjection-zone-default-drift
  WARN  ledger Done row missing merge_sha (NEARS-3612): srcid-flashsale-window-zone-scoping-twin-collision
  WARN  ledger Done row missing merge_sha (NEARS-3612): srcid-round722-round915-coupon-cart-pollution
  WARN  ledger Done row missing merge_sha (NEARS-3612): srcid-app-url-localhost-breaks-emulator-images
  WARN  ledger Done row missing merge_sha (NEARS-3612): srcid-workflow-json-golden-refresh
  WARN  ledger Done row missing merge_sha (NEARS-3612): srcid-workflow-golden-drift-guard
  WARN  ledger Done row missing merge_sha (NEARS-3612): srcid-runteam-unack-identity-template
  WARN  ledger Done row missing merge_sha (NEARS-3612): srcid-runmapreader-9b-done-false-green
  WARN  ledger Done row missing merge_sha (NEARS-3612): srcid-ap96-rundone-legacy-closeout-shapes
  WARN  ledger Done row missing merge_sha (NEARS-3612): srcid-boardhtml-rundone-mirror-ap96-ap99
  WARN  ledger Done row missing merge_sha (NEARS-3612): srcid-trail-11-substring-anchoring
  WARN  ledger Done row missing merge_sha (NEARS-3612): srcid-runmapreader-micro-escalation-resume-target
  WARN  ledger Done row missing merge_sha (NEARS-3612): srcid-cyclen-collapses-sendmessage-reengagement
  WARN  ledger Done row missing merge_sha (NEARS-3612): srcid-roster-release-ack-consumer
  WARN  ledger Done row missing merge_sha (NEARS-3612): srcid-ap37-partial-breakdown-unreachable-gate
  WARN  ledger Done row missing merge_sha (NEARS-3612): srcid-lifecycleraw-toctou-reresolve-reopen
  WARN  ledger Done row missing merge_sha (NEARS-3612): srcid-runmapreader-micro-lane-phase-keys
  WARN  ledger Done row missing merge_sha (NEARS-3612): srcid-lifecycle-envelope-residual-parked-row-selection
  WARN  ledger Done row missing merge_sha (NEARS-3612): srcid-narration-events-serve-quoted-envelope-verbatim
  WARN  ledger Done row missing merge_sha (NEARS-3612): srcid-legacy-path-envelope-unhardened
  WARN  ledger Done row missing merge_sha (NEARS-3612): srcid-generalize-runkey-probekey-nears-only
  WARN  ledger Done row missing merge_sha (NEARS-3612): srcid-runmapreader-statefromverdict-coerces-verdict
  WARN  ledger Done row missing merge_sha (NEARS-3612): srcid-minerecent-one-bad-agent-kills-sweep
  WARN  ledger Done row missing merge_sha (NEARS-3612): srcid-qa-device-lock-not-enforced
  WARN  ledger Done row missing merge_sha (NEARS-3612): srcid-order-cancel-refund-applied-at-missing-column
  WARN  ledger Done row missing merge_sha (NEARS-3612): srcid-gettax-buynow-item-type-500
  WARN  ledger Done row missing merge_sha (NEARS-3612): srcid-audit-crosscheck-worktree-artifact-false-positive
  WARN  ledger Done row missing merge_sha (NEARS-3612): srcid-orphaned-solution-docs-primary-tree
  WARN  ledger Done row missing merge_sha (NEARS-3612): srcid-9b-local-merge-only-default
  WARN  ledger Done row missing merge_sha (NEARS-3612): srcid-8b-task-bug-review-gate-bypass
  WARN  ledger Done row missing merge_sha (NEARS-3612): srcid-create-transaction-referrer-null-deref
  WARN  ledger Done row missing merge_sha (NEARS-3612): srcid-zone-wide-category-browse
  WARN  ledger Done row missing merge_sha (NEARS-3612): srcid-app-wide-zone-scoping-audit
  WARN  ledger Done row missing merge_sha (NEARS-3612): srcid-buy-it-again-zone-wide
  WARN  ledger Done row missing merge_sha (NEARS-3612): srcid-buyitagain-store-origin-label
  WARN  ledger Done row missing merge_sha (NEARS-3612): srcid-cart-suggested-items-multi-store
  WARN  ledger Done row missing merge_sha (NEARS-3612): srcid-cart-multistore-suggestion-rails-collapse
  WARN  ledger Done row missing merge_sha (NEARS-3612): srcid-qa-harness-flutter-run-exit144-uninstall
  WARN  ledger Done row missing merge_sha (NEARS-3612): srcid-live-verify-checkout-2store-grouped-cart
  WARN  ledger Done row missing merge_sha (NEARS-3612): srcid-list-endpoint-pagination-deadroutes
  WARN  ledger Done row missing merge_sha (NEARS-3612): srcid-drop-dead-store-details-fields
  WARN  ledger Done row missing merge_sha (NEARS-3612): srcid-dm-report-pagination-oom
  WARN  ledger Done row missing merge_sha (NEARS-3612): srcid-profile-screen-renderflex-overflow-account-settings
  WARN  ledger Done row missing merge_sha (NEARS-3612): srcid-init-widgetbook
  WARN  ledger Done row missing merge_sha (NEARS-3612): srcid-f2-token-mapping
  WARN  ledger Done row missing merge_sha (NEARS-3612): srcid-f3-move-tokens
  WARN  ledger Done row missing merge_sha (NEARS-3612): srcid-dls-f4-nicon-props-base
  WARN  ledger Done row missing merge_sha (NEARS-3612): srcid-nfilterchip-fullwidth-in-wrap
  WARN  ledger Done row missing merge_sha (NEARS-3612): srcid-nears-1600-intrinsicwidth-guard-cleanup
  WARN  ledger Done row missing merge_sha (NEARS-3612): srcid-nears-1600-nfilterchip-vertical-overflow-latent
  WARN  ledger Done row missing merge_sha (NEARS-3612): srcid-nears-1600-nfilterchip-onremove-tap-target-a11y
  WARN  ledger Done row missing merge_sha (NEARS-3612): srcid-nears-1600-substitution-preference-selector-dead-code
  WARN  ledger Done row missing merge_sha (NEARS-3612): srcid-nears-1600-module-home-empty-state-overlap-candidate
  WARN  ledger Done row missing merge_sha (NEARS-3612): srcid-1883-doubled-a11y-sign-in
  WARN  ledger Done row missing merge_sha (NEARS-3612): srcid-1883-nbutton-semanticlabel-inert
  WARN  ledger Done row missing merge_sha (NEARS-3612): srcid-1883-nbutton-loading-no-semantics
  WARN  ledger Done row missing merge_sha (NEARS-3612): srcid-1883-pincode-field-1px-unnamed
  WARN  ledger Done row missing merge_sha (NEARS-3612): srcid-1883-duplicate-show-password-names
  WARN  ledger Done row missing merge_sha (NEARS-3612): srcid-1883-a11y-census-recipe-defects
  WARN  ledger Done row missing merge_sha (NEARS-3612): srcid-nears-1930-orphan-check-cwd-self-compare
  WARN  ledger Done row missing merge_sha (NEARS-3612): srcid-dls-f4-test-infra
  WARN  ledger Done row missing merge_sha (NEARS-3612): srcid-dls-f4-info-token-promotion
  WARN  ledger Done row missing merge_sha (NEARS-3612): srcid-dls-f4-credit-token-removal
  WARN  ledger Done row missing merge_sha (NEARS-3612): srcid-storecard-availability-hue-divergence
  WARN  ledger Done row missing merge_sha (NEARS-3612): srcid-nbadge-rtl-golden-status-gap
  WARN  ledger Done row missing merge_sha (NEARS-3612): srcid-open-pill-unreachable-offhours
  WARN  ledger Done row missing merge_sha (NEARS-3612): srcid-docs-registration-backlog-nearsbadge-mirrors
  WARN  ledger Done row missing merge_sha (NEARS-3612): srcid-workflow-guards-cross-tree-false-green
  WARN  ledger Done row missing merge_sha (NEARS-3612): srcid-dls-f5-nimage
  WARN  ledger Done row missing merge_sha (NEARS-3612): srcid-dls-f5-nassetimage
  WARN  ledger Done row missing merge_sha (NEARS-3612): srcid-dls-f5-nrating
  WARN  ledger Done row missing merge_sha (NEARS-3612): srcid-dls-f5-ninkwell
  WARN  ledger Done row missing merge_sha (NEARS-3612): srcid-dls-f5-ndivider
  WARN  ledger Done row missing merge_sha (NEARS-3612): srcid-dls-f5-ncornerribbon
  WARN  ledger Done row missing merge_sha (NEARS-3612): srcid-dls-f5-ntoast
  WARN  ledger Done row missing merge_sha (NEARS-3612): srcid-dls-f5-niconbutton-reconcile
  WARN  ledger Done row missing merge_sha (NEARS-3612): srcid-dls-square-fab-iconbutton
  WARN  ledger Done row missing merge_sha (NEARS-3612): srcid-dls-f5-ndialog
  WARN  ledger Done row missing merge_sha (NEARS-3612): srcid-dls-f5-nbottomsheet
  WARN  ledger Done row missing merge_sha (NEARS-3612): srcid-dls-f5-nsnackbar
  WARN  ledger Done row missing merge_sha (NEARS-3612): srcid-dls-f5-ntooltip
  WARN  ledger Done row missing merge_sha (NEARS-3612): srcid-dls-f5-nselect
  WARN  ledger Done row missing merge_sha (NEARS-3612): srcid-dls-f5-npopupmenu
  WARN  ledger Done row missing merge_sha (NEARS-3612): srcid-dls-f5-nbadge-reconcile
  WARN  ledger Done row missing merge_sha (NEARS-3612): srcid-dls-f5-nfavourite
  WARN  ledger Done row missing merge_sha (NEARS-3612): srcid-dls-f5-nbutton-reconcile
  WARN  ledger Done row missing merge_sha (NEARS-3612): srcid-dls-f5-ninput-reconcile
  WARN  ledger Done row missing merge_sha (NEARS-3612): srcid-dls-f5-nappbar-reconcile
  WARN  ledger Done row missing merge_sha (NEARS-3612): srcid-dls-f5-nsurfacecard-reconcile
  WARN  ledger Done row missing merge_sha (NEARS-3612): srcid-dls-f5-nsectionheader-reconcile
  WARN  ledger Done row missing merge_sha (NEARS-3612): srcid-dls-f5-nspinner-boxed-reconcile
  WARN  ledger Done row missing merge_sha (NEARS-3612): srcid-dls-f5-nemptystate-reconcile
  WARN  ledger Done row missing merge_sha (NEARS-3612): srcid-dls-f5-nitemcard-rewire
  WARN  ledger Done row missing merge_sha (NEARS-3612): srcid-dls-f5-nstorecard-rewire
  WARN  ledger Done row missing merge_sha (NEARS-3612): srcid-dls-f6-1-catalog-generator
  WARN  ledger Done row missing merge_sha (NEARS-3612): srcid-ux-principles-rules-33-60-signoff
  WARN  ledger Done row missing merge_sha (NEARS-3612): srcid-f7-dls-food-time-context-bar
  WARN  ledger Done row missing merge_sha (NEARS-3612): srcid-storecard-status-dot-predicate-mismatch
  WARN  ledger Done row missing merge_sha (NEARS-3612): srcid-nmodulerow-published-extent-device-verify
  WARN  ledger Done row missing merge_sha (NEARS-3612): srcid-widgetbook-catalog-deeplinks-hash-strategy
  WARN  ledger Done row missing merge_sha (NEARS-3612): srcid-f7-flow-02-grocery-home-rebuild
  WARN  ledger Done row missing merge_sha (NEARS-3612): srcid-f7-flow-02-pharmacy-home-rebuild
  WARN  ledger Done row missing merge_sha (NEARS-3612): srcid-f7-shop-buyitagain-guest-gate-bug
  WARN  ledger Done row missing merge_sha (NEARS-3612): srcid-cuisine-store-fault-injection-drops-pivot-rows
  WARN  ledger Done row missing merge_sha (NEARS-3612): srcid-cuisinename-localizationtest-teardown-leak
  WARN  ledger Done row missing merge_sha (NEARS-3612): srcid-cuisine-ordering-seed-gap-single-cuisine-per-store
  WARN  ledger Done row missing merge_sha (NEARS-3612): srcid-f7-flow-03-category-screen
  WARN  ledger Done row missing merge_sha (NEARS-3612): srcid-nears-2446-itemwidget-bottom-overflow
  WARN  ledger Done row missing merge_sha (NEARS-3612): srcid-f7-flow-03-all-store-screen
  WARN  ledger Done row missing merge_sha (NEARS-3612): srcid-f7-flow-03-campaign-screen
  WARN  ledger Done row missing merge_sha (NEARS-3612): srcid-f7-flow-03-brands-screen
  WARN  ledger Done row missing merge_sha (NEARS-3612): srcid-f7-flow-03-brands-product-screen
  WARN  ledger Done row missing merge_sha (NEARS-3612): srcid-f7-flow-03-item-view-all-screen
  WARN  ledger Done row missing merge_sha (NEARS-3612): srcid-f7-flow-03-item-campaign-screen
  WARN  ledger Done row missing merge_sha (NEARS-3612): srcid-f7-flow-03-flash-sale-details-screen
  WARN  ledger Done row missing merge_sha (NEARS-3612): srcid-f7-flow-03-staples-screen
  WARN  ledger Done row missing merge_sha (NEARS-3612): srcid-nears1705-shareitem-dead-widget
  WARN  ledger Done row missing merge_sha (NEARS-3612): srcid-nears1705-deeplink-fail-flash
  WARN  ledger Done row missing merge_sha (NEARS-3612): srcid-uifind-ambiguous-match-silent-tap
  WARN  ledger Done row missing merge_sha (NEARS-3612): srcid-item-detail-content-tables-empty
  WARN  ledger Done row missing merge_sha (NEARS-3612): srcid-f7-flow-03-dls-tab-bar-promotion
  WARN  ledger Done row missing merge_sha (NEARS-3612): srcid-f7-flow-03-dls-food-modifier-sheet
  WARN  ledger Done row missing merge_sha (NEARS-3612): srcid-cart-min-order-row-unlabeled
  WARN  ledger Done row missing merge_sha (NEARS-3612): srcid-api-ac-must-not-assert-log-silence
  WARN  ledger Done row missing merge_sha (NEARS-3612): srcid-userapp-coupon-controller-test-async-throw-mismatch
  WARN  ledger Done row missing merge_sha (NEARS-3612): srcid-backend-variation-duplicate-label-overcharge
  WARN  ledger Done row missing merge_sha (NEARS-3612): srcid-dead-rail-common-condition-view
  WARN  ledger Done row missing merge_sha (NEARS-3612): srcid-f7-flow-04-store-item-search-screen
  WARN  ledger Done row missing merge_sha (NEARS-3612): srcid-f7-flow-04-nitemcard-row-layout
  WARN  ledger Done row missing merge_sha (NEARS-3612): srcid-f7-flow-04-module-search-screen
  WARN  ledger Done row missing merge_sha (NEARS-3612): srcid-f7-flow-04-global-search-screen
  WARN  ledger Done row missing merge_sha (NEARS-3612): srcid-f7-flow-04-cross-store-search-screen
  WARN  ledger Done row missing merge_sha (NEARS-3612): srcid-f7-flow-04-cross-store-search-header-followup
  WARN  ledger Done row missing merge_sha (NEARS-3612): srcid-f7-flow-05-cart-checkout-task
  WARN  ledger Done row missing merge_sha (NEARS-3612): srcid-f7-flow-05-cart-screen
  WARN  ledger Done row missing merge_sha (NEARS-3612): srcid-f7-flow-05-checkout-screen
  WARN  ledger Done row missing merge_sha (NEARS-3612): srcid-f7-flow-05-order-successful-screen
  WARN  ledger Done row missing merge_sha (NEARS-3612): srcid-f7-flow-05-order-placement-failed-screen
  WARN  ledger Done row missing merge_sha (NEARS-3612): srcid-f7-flow-05-digital-payment-failed-screen
  WARN  ledger Done row missing merge_sha (NEARS-3612): srcid-f7-flow-05-payment-processing-screens
  WARN  ledger Done row missing merge_sha (NEARS-3612): srcid-2579-wallet-addfund-exit-wrong-dialog
  WARN  ledger Done row missing merge_sha (NEARS-3612): srcid-wallet-addfund-backarrow-cancel-orphan-dialog
  WARN  ledger Done row missing merge_sha (NEARS-3612): srcid-checkout-digital-payment-zone-gate-gap
  WARN  ledger Done row missing merge_sha (NEARS-3612): srcid-2623-payinwevview-dead-code-gap
  WARN  ledger Done row missing merge_sha (NEARS-3612): srcid-f7-flow-05-offline-payment-screen
  WARN  ledger Done row missing merge_sha (NEARS-3612): srcid-f7-flow-06-tracking-hub-screen
  WARN  ledger Done row missing merge_sha (NEARS-3612): srcid-tracking-hub-design-blocker-2670
  WARN  ledger Done row missing merge_sha (NEARS-3612): srcid-f7-flow-06-tracking-detail-screen
  WARN  ledger Done row missing merge_sha (NEARS-3612): srcid-f7-flow-06-driver-card-dls-promotion
  WARN  ledger Done row missing merge_sha (NEARS-3612): srcid-f7-flow-07-order-screen
  WARN  ledger Done row missing merge_sha (NEARS-3612): srcid-f7-flow-07-pharmacy-split-overbroad-gate
  WARN  ledger Done row missing merge_sha (NEARS-3612): srcid-f7-flow-07-pharmacy-badge-stale-flag
  WARN  ledger Done row missing merge_sha (NEARS-3612): srcid-f7-flow-07-refund-request-screen
  WARN  ledger Done row missing merge_sha (NEARS-3612): srcid-f7-flow-09-splash-onboarding-task
  WARN  ledger Done row missing merge_sha (NEARS-3612): srcid-f7-flow-09-interest-screen
  WARN  ledger Done row missing merge_sha (NEARS-3612): srcid-qa-shared-db-no-test-account-reservation
  WARN  ledger Done row missing merge_sha (NEARS-3612): srcid-address-controller-preregistration-cross-registrant-leak
  WARN  ledger Done row missing merge_sha (NEARS-3612): srcid-category-controller-onfailure-hook-not-threaded
  WARN  ledger Done row missing merge_sha (NEARS-3612): srcid-category-fetch-success-writeback-not-epoch-guarded
  WARN  ledger Done row missing merge_sha (NEARS-3612): srcid-f7-flow-09-access-location-screen
  WARN  ledger Done row missing merge_sha (NEARS-3612): srcid-f7-flow-11-t0-profile-controller-failure-flag
  WARN  ledger Done row missing merge_sha (NEARS-3612): srcid-f7-home-screen
  WARN  ledger Done row missing merge_sha (NEARS-3612): srcid-cold-deeplink-config-race-redscreen
  WARN  ledger Done row missing merge_sha (NEARS-3612): srcid-getroute-cold-config-null-assert
  WARN  ledger Done row missing merge_sha (NEARS-3612): srcid-prescription-order-status-qa-gap
  WARN  ledger Done row missing merge_sha (NEARS-3612): srcid-campaign-repo-null-check-crash
  WARN  ledger Done row missing merge_sha (NEARS-3612): srcid-1554-module-id-force-unwrap-sweep
  WARN  ledger Done row missing merge_sha (NEARS-3612): srcid-1554-homecontroller-stale-module-guard
  WARN  ledger Done row missing merge_sha (NEARS-3612): srcid-1554-item-campaign-cacheid-wrong-uri
  WARN  ledger Done row missing merge_sha (NEARS-3612): srcid-1863-campaign-seed-zone1-active-store
  WARN  ledger Done row missing merge_sha (NEARS-3612): srcid-modulehome-allstores-coldstart-burst-scroll-freeze
  WARN  ledger Done row missing merge_sha (NEARS-3612): srcid-ui-nodes-vacuous-label-grep
  WARN  ledger Done row missing merge_sha (NEARS-3612): srcid-flashsale-shimmer-overflow
  WARN  ledger Done row missing merge_sha (NEARS-3612): srcid-userapp-running-order-overflow-320dp
  WARN  ledger Done row missing merge_sha (NEARS-3612): srcid-userapp-item-widget-bottom-overflow-320dp
  WARN  ledger Done row missing merge_sha (NEARS-3612): srcid-flashsale-shimmer-timer-legibility-wide-script
  WARN  ledger Done row missing merge_sha (NEARS-3612): srcid-flashsale-timer-loaded-header-no-shrink-guard
  WARN  ledger Done row missing merge_sha (NEARS-3612): srcid-dls-promotion-timerwidget-ncountdowncell
  WARN  ledger Done row missing merge_sha (NEARS-3612): srcid-flash-product-card-overflow-320dp
  WARN  ledger Done row missing merge_sha (NEARS-3612): srcid-nears-2435-flash-sale-timer-header-overflow
  WARN  ledger Done row missing merge_sha (NEARS-3612): srcid-nears-2435-ios-sim-lock-guard-gap
  WARN  ledger Done row missing merge_sha (NEARS-3612): srcid-nears-2435-support-screen-unused-import
  WARN  ledger Done row missing merge_sha (NEARS-3612): srcid-nears-2435-flash-card-ar-scaled-1px-overflow
  WARN  ledger Done row missing merge_sha (NEARS-3612): srcid-nears-2480-flash-product-card-overflow-2x-ar
  WARN  ledger Done row missing merge_sha (NEARS-3612): srcid-connectivity-vs-location-getzone-conflation
  WARN  ledger Done row missing merge_sha (NEARS-3612): srcid-dart-mcp-roots-primary-tree-only
  WARN  ledger Done row missing merge_sha (NEARS-3612): srcid-nears2145-fc4-chat-null-degrade-private-type
  WARN  ledger Done row missing merge_sha (NEARS-3612): srcid-nears2145-fc4-support-unused-import-route-helper
  WARN  ledger Done row missing merge_sha (NEARS-3612): srcid-flashsale-shimmer-fixed-height-slack
  WARN  ledger Done row missing merge_sha (NEARS-3612): srcid-flashsale-shimmer-2x-textscale-overflow
  WARN  ledger Done row missing merge_sha (NEARS-3612): srcid-applogger-frameworkerror-null-stack-attribution
  WARN  ledger Done row missing merge_sha (NEARS-3612): srcid-f7-dashboard-screen
  WARN  ledger Done row missing merge_sha (NEARS-3612): srcid-f7-dls-module-switcher-trigger-label
  WARN  ledger Done row missing merge_sha (NEARS-3612): srcid-nbutton-catalog-yaml-stale-labelfontweight-prop
  WARN  ledger Done row missing merge_sha (NEARS-3612): srcid-dls-catalog-test-hardcoded-count
  WARN  ledger Done row missing merge_sha (NEARS-3612): srcid-f7-dls-live-availability-pill
  WARN  ledger Done row missing merge_sha (NEARS-3612): srcid-runfile-validate-after-phase-write
  WARN  ledger Done row missing merge_sha (NEARS-3612): srcid-f7-dls-active-order-banner
  WARN  ledger Done row missing merge_sha (NEARS-3612): srcid-nicon-rtl-mirror-doubleflip-noop
  WARN  ledger Done row missing merge_sha (NEARS-3612): srcid-dls-a11y-action-coverage-gap
  WARN  ledger Done row missing merge_sha (NEARS-3612): srcid-dls-duplicate-a11y-button-node-pattern
  WARN  ledger Done row missing merge_sha (NEARS-3612): srcid-nsettingstile-missing-tap-action
  WARN  ledger Done row missing merge_sha (NEARS-3612): srcid-nitemcard-labeled-node-no-tap-action
  WARN  ledger Done row missing merge_sha (NEARS-3612): srcid-nmoduleswitcher-labeled-node-no-tap-action
  WARN  ledger Done row missing merge_sha (NEARS-3612): srcid-npopupmenu-labeled-node-no-tap-action
  WARN  ledger Done row missing merge_sha (NEARS-3612): srcid-nemptystate-nerrorretry-labeled-node-no-tap-action
  WARN  ledger Done row missing merge_sha (NEARS-3612): srcid-nmoduletile-duplicate-semantics-node-unexcluded-child
  WARN  ledger Done row missing merge_sha (NEARS-3612): srcid-dls-web-tab-key-no-focus-traversal
  WARN  ledger Done row missing merge_sha (NEARS-3612): srcid-add-fund-status-flip-1791
  WARN  ledger Done row missing merge_sha (NEARS-3612): srcid-running-order-api-no-honest-eta
  WARN  ledger Done row missing merge_sha (NEARS-3612): srcid-f7-1478-dls-test-story-gaps
  WARN  ledger Done row missing merge_sha (NEARS-3612): srcid-f7-parcel-investigation
  WARN  ledger Done row missing merge_sha (NEARS-3612): srcid-sector-routing-parcel-doc-stale
  WARN  ledger Done row missing merge_sha (NEARS-3612): srcid-dls-promo-errorretry-loadmore
  WARN  ledger Done row missing merge_sha (NEARS-3612): srcid-n-module-tile-pill-row-reserve
  WARN  ledger Done row missing merge_sha (NEARS-3612): srcid-module-memory-restore
  WARN  ledger Done row missing merge_sha (NEARS-3612): srcid-checkout-distance-response-shape-fallback-error
  WARN  ledger Done row missing merge_sha (NEARS-3612): srcid-qa-fixture-address-47-contact-mismatch
  WARN  ledger Done row missing merge_sha (NEARS-3612): srcid-open-now-store-count-backend
  WARN  ledger Done row missing merge_sha (NEARS-3612): srcid-dls-promotion-map-overlay-icon-cluster
  WARN  ledger Done row missing merge_sha (NEARS-3612): srcid-2750-profile-screen-reachability-stale
  WARN  ledger Done row missing merge_sha (NEARS-3612): srcid-f7-bug-payment-webview
  WARN  ledger Done row missing merge_sha (NEARS-3612): srcid-f7-bug-trip-push-blank
  WARN  ledger Done row missing merge_sha (NEARS-3612): srcid-f7-bug-profile-logout-delete
  WARN  ledger Done row missing merge_sha (NEARS-3612): srcid-f7-bug-search-dead-chips
  WARN  ledger Done row missing merge_sha (NEARS-3612): srcid-f7-bug-subscription-retry
  WARN  ledger Done row missing merge_sha (NEARS-3612): srcid-1526-wallet-backarrow-vs-systemback-divergence
  WARN  ledger Done row missing merge_sha (NEARS-3612): srcid-1526-backgrounded-push-no-route-unconfirmed
  WARN  ledger Done row missing merge_sha (NEARS-3612): srcid-1526-wallet-fundstatus-gateway-test-seam
  WARN  ledger Done row missing merge_sha (NEARS-3612): srcid-1526-coldstart-notification-staging-recipe
  WARN  ledger Done row missing merge_sha (NEARS-3612): srcid-1526-release-log-check-dead-instrument
  WARN  ledger Done row missing merge_sha (NEARS-3612): srcid-1491-taxi-residual-plumbing-cleanup
  WARN  ledger Done row missing merge_sha (NEARS-3612): srcid-checkout-distance-response-shape-invalid-fallback
  WARN  ledger Done row missing merge_sha (NEARS-3612): srcid-1491-taxienjoyicon-malformed-path-checkout
  WARN  ledger Done row missing merge_sha (NEARS-3612): srcid-1491-trip-payment-success-dead-rental-ref
  WARN  ledger Done row missing merge_sha (NEARS-3612): srcid-1491-qa-run-rootdir-wrong-tree
  WARN  ledger Done row missing merge_sha (NEARS-3612): srcid-cart-snackbar-unguarded-scaffoldmessenger
  WARN  ledger Done row missing merge_sha (NEARS-3612): srcid-payment-screen-popscope-debuglocked-crash
  WARN  ledger Done row missing merge_sha (NEARS-3612): srcid-flash-sale-card-price-overflow
  WARN  ledger Done row missing merge_sha (NEARS-3612): srcid-applogger-warn-kdebugmode-no-crashlytics-leg
  WARN  ledger Done row missing merge_sha (NEARS-3612): srcid-dashboard-scaffoldmessengerstate-globalkey-mismatch
  WARN  ledger Done row missing merge_sha (NEARS-3612): srcid-getxsnackbar-workaround-sites-cleanup
  WARN  ledger Done row missing merge_sha (NEARS-3612): srcid-uifind-dumpxml-failopen-no-returncode
  WARN  ledger Done row missing merge_sha (NEARS-3612): srcid-uinav-web-flutter-semantics-fail-open
  WARN  ledger Done row missing merge_sha (NEARS-3612): srcid-qa-evidence-publish-worktree-path
  WARN  ledger Done row missing merge_sha (NEARS-3612): srcid-widget-test-scaffold-harness-masks-scaffoldmessenger-failures
  WARN  ledger Done row missing merge_sha (NEARS-3612): srcid-nodatascreen-fromaddress-dead-branch
  WARN  ledger Done row missing merge_sha (NEARS-3612): srcid-module-view-icons-symbols-leftover
  WARN  ledger Done row missing merge_sha (NEARS-3612): srcid-dls-golden-test-renderbox-not-laid-out
  WARN  ledger Done row missing merge_sha (NEARS-3612): srcid-dls-nmodulerow-component
  WARN  ledger Done row missing merge_sha (NEARS-3612): srcid-nmodulerow-sliver-host-story
  WARN  ledger Done row missing merge_sha (NEARS-3612): srcid-nears-1565-catalog-sidecar-missing-usecase
  WARN  ledger Done row missing merge_sha (NEARS-3612): srcid-nmodulerow-arabic-tiles-textscale-story
  WARN  ledger Done row missing merge_sha (NEARS-3612): srcid-docs-catalog-orphans-f7-dls-family
  WARN  ledger Done row missing merge_sha (NEARS-3612): srcid-order-tracking-no-location-timeout
  WARN  ledger Done row missing merge_sha (NEARS-3612): srcid-uiautomator-empty-tree-false-notfound
  WARN  ledger Done row missing merge_sha (NEARS-3612): srcid-nactiveorderbanner-wiring-docs-stale
  WARN  ledger Done row missing merge_sha (NEARS-3612): srcid-userapp-home-nmodulerow-wiring
  WARN  ledger Done row missing merge_sha (NEARS-3612): srcid-nmodulerow-ensurevisible-ancestor-scroll
  WARN  ledger Done row missing merge_sha (NEARS-3612): srcid-userapp-firstvisit-ac1-grid-order
  WARN  ledger Done row missing merge_sha (NEARS-3612): srcid-nemptystate-subtitle-disabledcolor-contrast
  WARN  ledger Done row missing merge_sha (NEARS-3612): srcid-disabledcolor-wcag-contrast-dls-wide
  WARN  ledger Done row missing merge_sha (NEARS-3612): srcid-disabledcolor-wcag-contrast-userapp-wide
  WARN  ledger Done row missing merge_sha (NEARS-3612): srcid-disabledcolor-icon-sc1411-contrast-regression
  WARN  ledger Done row missing merge_sha (NEARS-3612): srcid-dev-env-add-fund-unreachable
  WARN  ledger Done row missing merge_sha (NEARS-3612): srcid-wallet-pulltorefresh-noop-short-list
  WARN  ledger Done row missing merge_sha (NEARS-3612): srcid-qa-lock-check-own-lock-detached-launcher
  WARN  ledger Done row missing merge_sha (NEARS-3612): srcid-wallet-refresh-puck-overlaps-balance
  WARN  ledger Done row missing merge_sha (NEARS-3612): srcid-wallet-onrefresh-missing-await
  WARN  ledger Done row missing merge_sha (NEARS-3612): srcid-uitap-popupmenu-barrier-mutates-state
  WARN  ledger Done row missing merge_sha (NEARS-3612): srcid-uinav-scroll-geometry-blind
  WARN  ledger Done row missing merge_sha (NEARS-3612): srcid-doc-citation-prose-bullet-bare-path-nn
  WARN  ledger Done row missing merge_sha (NEARS-3612): srcid-addfund-getback-pops-wallet-screen
  WARN  ledger Done row missing merge_sha (NEARS-3612): srcid-wallet-shared-isloading-addfund-reenable
  WARN  ledger Done row missing merge_sha (NEARS-3612): srcid-wallet-page-size-hardcoded-coupling
  WARN  ledger Done row missing merge_sha (NEARS-3612): srcid-uinav-ui-errors-threadtime-format-mismatch
  WARN  ledger Done row missing merge_sha (NEARS-3612): srcid-wallet-bonus-list-isloading-leak
  WARN  ledger Done row missing merge_sha (NEARS-3612): srcid-userapp-paginated-controllers-isloading-leak-sweep
  WARN  ledger Done row missing merge_sha (NEARS-3612): srcid-userapp-loadmore-parity-brands-item-viewall
  WARN  ledger Done row missing merge_sha (NEARS-3612): srcid-userapp-page-count-pagesize-mismatch-brands-item
  WARN  ledger Done row missing merge_sha (NEARS-3612): srcid-item-viewall-header-shared-pagesize-stale-total
  WARN  ledger Done row missing merge_sha (NEARS-3612): srcid-loyalty-controller-double-emit-nonfatal
  WARN  ledger Done row missing merge_sha (NEARS-3612): srcid-handleresponse-dead-no-internet-branch
  WARN  ledger Done row missing merge_sha (NEARS-3612): srcid-loyalty-repository-transactionmodel-fromjson-string-body
  WARN  ledger Done row missing merge_sha (NEARS-3612): srcid-nears-1869-pointtowallet-unguarded-money-body
  WARN  ledger Done row missing merge_sha (NEARS-3612): srcid-uinav-unquoted-flags-zsh-wordsplit
  WARN  ledger Done row missing merge_sha (NEARS-3612): srcid-banner-repository-promotional-silent-map-guard
  WARN  ledger Done row missing merge_sha (NEARS-3612): srcid-loyalty-transactions-seed-pagination-blindspot
  WARN  ledger Done row missing merge_sha (NEARS-3612): srcid-loyalty-controller-transactionlisterror-stale-writeback
  WARN  ledger Done row missing merge_sha (NEARS-3612): srcid-loyalty-isloading-multiplex-split
  WARN  ledger Done row missing merge_sha (NEARS-3612): srcid-loyalty-onrefresh-missing-await
  WARN  ledger Done row missing merge_sha (NEARS-3612): srcid-discounted-item-cacheid-key-collision
  WARN  ledger Done row missing merge_sha (NEARS-3612): srcid-wallet-coupling-test-3k1-doesnt-pin-divisor
  WARN  ledger Done row missing merge_sha (NEARS-3612): srcid-seed-gap-most-reviewed-empty
  WARN  ledger Done row missing merge_sha (NEARS-3612): srcid-f7-flow-11-t3-refer-earn-failure-state
  WARN  ledger Done row missing merge_sha (NEARS-3612): srcid-refer-earn-info-button-empty-content-desc
  WARN  ledger Done row missing merge_sha (NEARS-3612): srcid-nears-1611-doc-stale-wifi-disable-qa-step
  WARN  ledger Done row missing merge_sha (NEARS-3612): srcid-navguide-wallet-pulltorefresh-stale-post-1626
  WARN  ledger Done row missing merge_sha (NEARS-3612): srcid-1837-decoration-necessity-review
  WARN  ledger Done row missing merge_sha (NEARS-3612): srcid-1837-fullscreen-map-unlabelled
  WARN  ledger Done row missing merge_sha (NEARS-3612): srcid-1837-desktop-filter-dead-decoration
  WARN  ledger Done row missing merge_sha (NEARS-3612): srcid-1837-navguide-missing-qa-routes
  WARN  ledger Done row missing merge_sha (NEARS-3612): srcid-item-detail-offline-error-state-qa-observation
  WARN  ledger Done row missing merge_sha (NEARS-3612): srcid-refer-earn-tb1-comment-cause-backwards
  WARN  ledger Done row missing merge_sha (NEARS-3612): srcid-f7-flow-12-notification-window-seeder
  WARN  ledger Done row missing merge_sha (NEARS-3612): srcid-f7-flow-12-nappbar-subtitle
  WARN  ledger Done row missing merge_sha (NEARS-3612): srcid-splash-cache-miss-false-error
  WARN  ledger Done row missing merge_sha (NEARS-3612): srcid-deeplink-slug-entry-relocates-out-of-zone
  WARN  ledger Done row missing merge_sha (NEARS-3612): srcid-qa-device-lock-liveness-void
  WARN  ledger Done row missing merge_sha (NEARS-3612): srcid-deeplink-unmatched-module-silent-crash
  WARN  ledger Done row missing merge_sha (NEARS-3612): srcid-interest-grid-sub44px-tap-target
  WARN  ledger Done row missing merge_sha (NEARS-3612): srcid-qa-agent-no-jira-read-tool
  WARN  ledger Done row missing merge_sha (NEARS-3612): srcid-f7-flow-12-html-viewer
  WARN  ledger Done row missing merge_sha (NEARS-3612): srcid-deeplink-autoverify-fails-emulator
  WARN  ledger Done row missing merge_sha (NEARS-3612): srcid-1664-rtl-phone-trailing-plus
  WARN  ledger Done row missing merge_sha (NEARS-3612): srcid-1664-getback-noop-empty-cta
  WARN  ledger Done row missing merge_sha (NEARS-3612): srcid-qa-lock-ephemeral-pid-false-reclaim
  WARN  ledger Done row missing merge_sha (NEARS-3612): srcid-uinav-ios-errors-false-green-port
  WARN  ledger Done row missing merge_sha (NEARS-3612): srcid-ui-capture-ios-error-scan-mismatch
  WARN  ledger Done row missing merge_sha (NEARS-3612): srcid-uinav-cross-driver-validity-contract
  WARN  ledger Done row missing merge_sha (NEARS-3612): srcid-uinav-ui-nodes-unbound-variable
  WARN  ledger Done row missing merge_sha (NEARS-3612): srcid-uinav-ui-errors-recency-pid-binding
  WARN  ledger Done row missing merge_sha (NEARS-3612): srcid-uinav-ui-capture-screencap-unpinned
  WARN  ledger Done row missing merge_sha (NEARS-3612): srcid-workflow-profile-cross-cutting-routing-gap
  WARN  ledger Done row missing merge_sha (NEARS-3612): srcid-uinav-errors-verification-battery-guard
  WARN  ledger Done row missing merge_sha (NEARS-3612): srcid-review-phase-empty-range-vacuous
  WARN  ledger Done row missing merge_sha (NEARS-3612): srcid-qa-device-no-lock-file-undetected
  WARN  ledger Done row missing merge_sha (NEARS-3612): srcid-base-descent-guard-vacuous-after-rebase
  WARN  ledger Done row missing merge_sha (NEARS-3612): srcid-nears-1199-test-db-lock-liveness
  WARN  ledger Done row missing merge_sha (NEARS-3612): srcid-userapp-worktrees-share-application-id
  WARN  ledger Done row missing merge_sha (NEARS-3612): srcid-docs-catalog-check-gate-vacuous-exit
  WARN  ledger Done row missing merge_sha (NEARS-3612): srcid-workflow-profile-device-pool-stale
  WARN  ledger Done row missing merge_sha (NEARS-3612): srcid-wallet-add-fund-silent-failure-no-log
  WARN  ledger Done row missing merge_sha (NEARS-3612): srcid-deliveryapp-wallet-adjustment-shared-isloading-race
  WARN  ledger Done row missing merge_sha (NEARS-3612): srcid-deliveryapp-my-account-unpaired-error-toast
  WARN  ledger Done row missing merge_sha (NEARS-3612): NEARS-1669
  WARN  ledger Done row missing merge_sha (NEARS-3612): srcid-coupon-screen-stale-list-on-fetch-failure
  WARN  ledger Done row missing merge_sha (NEARS-3612): NEARS-1892
  WARN  ledger Done row missing merge_sha (NEARS-3612): NEARS-1893
  WARN  ledger Done row missing merge_sha (NEARS-3612): NEARS-1894
  WARN  ledger Done row missing merge_sha (NEARS-3612): srcid-nears-1586-followup-item-name-force-unwrap
  WARN  ledger Done row missing merge_sha (NEARS-3612): srcid-nears-1736-byproduct-nears-61-count-drift
  WARN  ledger Done row missing merge_sha (NEARS-3612): srcid-item-bottom-sheet-nullable-field-force-unwraps
  WARN  ledger Done row missing merge_sha (NEARS-3612): srcid-item-bottom-sheet-item-param-dead
  WARN  ledger Done row missing merge_sha (NEARS-3612): srcid-item-name-translation-write-path-reachability-spike
  WARN  ledger Done row missing merge_sha (NEARS-3612): srcid-nicon-directional-9-dead-names
  WARN  ledger Done row missing merge_sha (NEARS-3612): srcid-home-active-order-pill-ar-bottom-overflow-320dp
  WARN  ledger Done row missing merge_sha (NEARS-3612): srcid-nitemcard-stepper-height-32-tap-floor
  WARN  ledger Done row missing merge_sha (NEARS-3612): srcid-tapmin-44-vs-material-48-decision
  WARN  ledger Done row missing merge_sha (NEARS-3612): srcid-signin-email-label-navy-on-navy
  WARN  ledger Done row missing merge_sha (NEARS-3612): srcid-signup-phone-field-navy-unstyled
  WARN  ledger Done row missing merge_sha (NEARS-3612): srcid-1658-rtl-date-word-order
  WARN  ledger Done row missing merge_sha (NEARS-3612): srcid-chat-video-init-error-no-retry
  WARN  ledger Done row missing merge_sha (NEARS-3612): srcid-deliveryman-avatar-seed-image-404
  WARN  ledger Done row missing merge_sha (NEARS-3612): srcid-dls-goldens-glyph-blind
  WARN  ledger Done row missing merge_sha (NEARS-3612): srcid-image-preview-widget-inert-gates-and-false-comments
  WARN  ledger Done row missing merge_sha (NEARS-3612): srcid-userapp-storereg-zone-cleared-on-map-return
  WARN  ledger Done row missing merge_sha (NEARS-3612): srcid-storereg-stepback-resets-zone-module
  WARN  ledger Done row missing merge_sha (NEARS-3612): srcid-storereg-consolidate-zone-neg1-convention
  WARN  ledger Done row missing merge_sha (NEARS-3612): srcid-storereg-map-state-desync-stepback
  WARN  ledger Done row missing merge_sha (NEARS-3612): srcid-storereg-submitdata-isdesktop-no-return
  WARN  ledger Done row missing merge_sha (NEARS-3612): srcid-date-converter-bidi-test-flaky
  WARN  ledger Done row missing merge_sha (NEARS-3612): srcid-storereg-module-list-provisional-no-cue
  WARN  ledger Done row missing merge_sha (NEARS-3612): srcid-storereg-renderflex-overflow-widget-vs-live
  WARN  ledger Done row missing merge_sha (NEARS-3612): srcid-graphify-status-composite-cross-version-read
  WARN  ledger Done row missing merge_sha (NEARS-3612): srcid-guard-scope-invariant-comment-stale
  WARN  ledger Done row missing merge_sha (NEARS-3612): srcid-graphify-status-no-audience
  WARN  ledger Done row missing merge_sha (NEARS-3612): srcid-interactive-grep-ugrep-divergence
  WARN  ledger Done row missing merge_sha (NEARS-3612): srcid-fullscreen-mount-restore
  WARN  ledger Done row missing merge_sha (NEARS-3612): srcid-workflow-json-drift-help-drops-exit-table
  WARN  ledger Done row missing merge_sha (NEARS-3612): srcid-guard-scope-7-exemption-unpinned-delegation
  WARN  ledger Done row missing merge_sha (NEARS-3612): srcid-guard-scope-7m-dead-branches-unfixtured
  WARN  ledger Done row missing merge_sha (NEARS-3612): srcid-graphify-refresh-callerre-table-cell-blindspot
  WARN  ledger Done row missing merge_sha (NEARS-3612): srcid-worktree-prune-test-missing-assert-rc
  WARN  ledger Done row missing merge_sha (NEARS-3612): srcid-tooling-drift-reset-bootstrap-images-no-test
  WARN  ledger Done row missing merge_sha (NEARS-3612): srcid-w1-scan-omits-claude-agents
  WARN  ledger Done row missing merge_sha (NEARS-3612): srcid-nears-qa-agent-no-jira-read-grant
  WARN  ledger Done row missing merge_sha (NEARS-3612): srcid-userapp-snackbar-a11y-invisible
  WARN  ledger Done row missing merge_sha (NEARS-3612): srcid-getx-toast-bypass-liveregion
  WARN  ledger Done row missing merge_sha (NEARS-3612): srcid-a11y-absence-needs-dump-archive
  WARN  ledger Done row missing merge_sha (NEARS-3612): srcid-nears-2161-userapp-test-analyzer-lint-findings
  WARN  ledger Done row missing merge_sha (NEARS-3612): srcid-nears-2161-profile-wallet-tile-not-clickable
  WARN  ledger Done row missing merge_sha (NEARS-3612): srcid-nears-2392-profile-stattile-radius-mismatch
  WARN  ledger Done row missing merge_sha (NEARS-3612): srcid-userapp-use-my-current-location-30dp
  WARN  ledger Done row missing merge_sha (NEARS-3612): srcid-1984-rtl-physical-positioned-map-overlays
  WARN  ledger Done row missing merge_sha (NEARS-3612): srcid-add-address-fullscreen-expand-unlabelled
  WARN  ledger Done row missing merge_sha (NEARS-3612): srcid-nears-1586-followup-modal-surface
  WARN  ledger Done row missing merge_sha (NEARS-3612): srcid-nears-1738-byproduct-qa-lock-release-lane
  WARN  ledger Done row missing merge_sha (NEARS-3612): srcid-nears-1738-byproduct-orphaned-adb-driver-5558
  WARN  ledger Done row missing merge_sha (NEARS-3612): srcid-nears-1738-byproduct-uiautomator-5564-stub-dumps
  WARN  ledger Done row missing merge_sha (NEARS-3612): srcid-nears-1586-followup-nbottomsheet-show-underparam
  WARN  ledger Done row missing merge_sha (NEARS-3612): srcid-nears-1735-byproduct-dls-theme-sheet-radius-unreachable
  WARN  ledger Done row missing merge_sha (NEARS-3612): srcid-nears-1735-byproduct-generate-catalog-drops-notes-versions
  WARN  ledger Done row missing merge_sha (NEARS-3612): srcid-qa-lock-guard-shared-anchor-no-exclusion
  WARN  ledger Done row missing merge_sha (NEARS-3612): srcid-golden-lockstep-fail-open-against-index
  WARN  ledger Done row missing merge_sha (NEARS-3612): srcid-a11y-recipe-cites-nonexistent-dumpnodes
  WARN  ledger Done row missing merge_sha (NEARS-3612): srcid-guard-sweep-leading-dash-path-gap
  WARN  ledger Done row missing merge_sha (NEARS-3612): srcid-audit-crosscheck-scratchpad-path-traversal-false-fail
  WARN  ledger Done row missing merge_sha (NEARS-3612): srcid-1593-order-amount-rounded-to-whole-dirham
  WARN  ledger Done row missing merge_sha (NEARS-3612): srcid-1593-userapp-price-truncate-vs-round-divergence
  WARN  ledger Done row missing merge_sha (NEARS-3612): srcid-1593-vendor-delivery-price-helper-precision-unverified
  WARN  ledger Done row missing merge_sha (NEARS-3612): srcid-category-screen-indefinite-shimmer-on-failed-fetch
  WARN  ledger Done row missing merge_sha (NEARS-3612): srcid-stores-dangling-zone-id-437
  WARN  ledger Done row missing merge_sha (NEARS-3612): srcid-zone-scopecontains-misnamed-dead
  WARN  ledger Done row missing merge_sha (NEARS-3612): srcid-nears239-closed-with-ac-unmet
  WARN  ledger Done row missing merge_sha (NEARS-3612): srcid-2022-ci-goldens-glyph-blind
  WARN  ledger Done row missing merge_sha (NEARS-3612): srcid-2022-price-surface-text-assertions
  WARN  ledger Done row missing merge_sha (NEARS-3612): srcid-2022-backend-money-rounding-gate
  WARN  ledger Done row missing merge_sha (NEARS-3612): srcid-nrating-rtl-review-count-separator
  WARN  ledger Done row missing merge_sha (NEARS-3612): srcid-graphify-refresh-concurrency-guard
  WARN  ledger Done row missing merge_sha (NEARS-3612): srcid-nears-1987-split-qa-lock-guard-phantom-hold
  WARN  ledger Done row missing merge_sha (NEARS-3612): srcid-qa-lock-release-unprobed-phantom
  WARN  ledger Done row missing merge_sha (NEARS-3612): srcid-chat-controller-receiver-synthesis-force-unwrap
  WARN  ledger Done row missing merge_sha (NEARS-3612): srcid-chat-attachments-survive-logout
  WARN  ledger Done row missing merge_sha (NEARS-3612): srcid-nselect-disabled-no-a11y-flag
  WARN  ledger Done row missing merge_sha (NEARS-3612): srcid-storereg-desktop-submit-test-fragile-zone-hint
  WARN  ledger Done row missing merge_sha (NEARS-3612): srcid-modulelist-empty-nonnull-skips-placeholder
  WARN  ledger Done row missing merge_sha (NEARS-3612): srcid-graphify-lock-composite-cross-version-read
  WARN  ledger Done row missing merge_sha (NEARS-3612): srcid-graphify-refresh-bracket-pin-resolve-guard
  WARN  ledger Done row missing merge_sha (NEARS-3612): srcid-trip-route-row-empty-expanded-rtl
  WARN  ledger Done row missing merge_sha (NEARS-3612): srcid-relativedaylabel-dst-inday-collapse
  WARN  ledger Done row missing merge_sha (NEARS-3612): srcid-chat-controller-searchconversation-dead-code
  WARN  ledger Done row missing merge_sha (NEARS-3612): srcid-chat-screen-mobile-dead-isdesktop-gate
  WARN  ledger Done row missing merge_sha (NEARS-3612): srcid-tooling-drift-reset-fail-open-no-admin
  WARN  ledger Done row missing merge_sha (NEARS-3612): srcid-tooling-drift-reset-log-dir-override
  WARN  ledger Done row missing merge_sha (NEARS-3612): srcid-tooling-drift-reset-help-behind-repo-check
  WARN  ledger Done row missing merge_sha (NEARS-3612): srcid-qadatagapsseedtest-off-by-one-cause-unknown
  WARN  ledger Done row missing merge_sha (NEARS-3612): srcid-shared-twin-missing-cuisine-tables-vacuous-assertions
  WARN  ledger Done row missing merge_sha (NEARS-3612): srcid-shared-twin-ar-translations-baseline-dependency
  WARN  ledger Done row missing merge_sha (NEARS-3612): srcid-stray-cuisine-ar-row-likely-1650-twin-followup
  WARN  ledger Done row missing merge_sha (NEARS-3612): srcid-setup-test-db-drop-stale-sweeps-all-clones
  WARN  ledger Done row missing merge_sha (NEARS-3612): srcid-worktree-bootstrap-images-cwd-bug
  WARN  ledger Done row missing merge_sha (NEARS-3612): srcid-bootstrap-images-primary-flag-hang
  WARN  ledger Done row missing merge_sha (NEARS-3612): srcid-bootstrap-images-test-s0-stale-assertion-names
  WARN  ledger Done row missing merge_sha (NEARS-3612): srcid-bootstrap-images-worktree-flag-doc-behaviours-unpinned
  WARN  ledger Done row missing merge_sha (NEARS-3612): srcid-run-bounded-exec-load-bearing-unpinned
  WARN  ledger Done row missing merge_sha (NEARS-3612): srcid-cuisinetaxonomyschematest-down-up-empties-cuisine
  WARN  ledger Done row missing merge_sha (NEARS-3612): srcid-dropifexists-backup-before-rename-joint-fix
  WARN  ledger Done row missing merge_sha (NEARS-3612): srcid-setup-migration-ddl-fixture-leak-census
  WARN  ledger Done row missing merge_sha (NEARS-3612): srcid-nears-2114-cuisine-fixture-leak-census
  WARN  ledger Done row missing merge_sha (NEARS-3612): srcid-ac2-data-loss-guarantee-invisible-to-phpunit
  WARN  ledger Done row missing merge_sha (NEARS-3612): srcid-testdbisolationtest-permanently-skipped
  WARN  ledger Done row missing merge_sha (NEARS-3612): srcid-item-repo-type-id-cachekey-no-separator
  WARN  ledger Done row missing merge_sha (NEARS-3612): srcid-store-filter-bottomsheet-eta-chips-dead
  WARN  ledger Done row missing merge_sha (NEARS-3612): srcid-scaffoldless-test-drain-after-assert
  WARN  ledger Done row missing merge_sha (NEARS-3612): srcid-desktop-storereg-test-suppresses-overflow
  WARN  ledger Done row missing merge_sha (NEARS-3612): srcid-newtask-bionic-command
  WARN  ledger Done row missing merge_sha (NEARS-3612): srcid-newtask-bionic-gate-qa-hardening
  WARN  ledger Done row missing merge_sha (NEARS-3612): srcid-newtask-hermes-command
  WARN  ledger Done row missing merge_sha (NEARS-3612): srcid-seed-gap-food-tradinghours-suppresses-all-rails
  WARN  ledger Done row missing merge_sha (NEARS-3612): srcid-best-reviewed-rail-missing-food-home-zone2
  WARN  ledger Done row missing merge_sha (NEARS-3612): srcid-schedule-window-closes-59s-early-hhmm-parse
  WARN  ledger Done row missing merge_sha (NEARS-3612): srcid-qa-device-clock-adb-date-silently-noop
  WARN  ledger Done row missing merge_sha (NEARS-3612): srcid-store-availability-contract-2400-clarification
  WARN  ledger Done row missing merge_sha (NEARS-3612): srcid-food-empty-state-recipes-need-seeder-down
  WARN  ledger Done row missing merge_sha (NEARS-3612): srcid-chat-service-interface-picker
  WARN  ledger Done row missing merge_sha (NEARS-3612): srcid-order-info-widget-token-purity
  WARN  ledger Done row missing merge_sha (NEARS-3612): srcid-vendor-order-details-raw-model-customer-leak
  WARN  ledger Done row missing merge_sha (NEARS-3612): srcid-vendor-order-details-500-null-receiver-details
  WARN  ledger Done row missing merge_sha (NEARS-3612): srcid-deliveryman-get-order-details-pii-test-gap
  WARN  ledger Done row missing merge_sha (NEARS-3612): srcid-vendorapp-parcel-prescription-order-unreachable
  WARN  ledger Done row missing merge_sha (NEARS-3612): srcid-deliveryman-registration-setzoneindex-unguarded-index
  WARN  ledger Done row missing merge_sha (NEARS-3612): srcid-dm-header-auth-fix-unmerged-into-integration-line
  WARN  ledger Done row missing merge_sha (NEARS-3612): srcid-nselect-empty-options-sweep
  WARN  ledger Done row missing merge_sha (NEARS-3612): srcid-workflow-profile-qa-lock-stale
  WARN  ledger Done row missing merge_sha (NEARS-3612): srcid-nears-2206-dead-subscription-routes
  WARN  ledger Done row missing merge_sha (NEARS-3612): srcid-nears-2206-pending-store-unauth-write
  WARN  ledger Done row missing merge_sha (NEARS-3612): srcid-nears-2206-401-force-logout-authz-collapse
  WARN  ledger Done row missing merge_sha (NEARS-3612): srcid-nears-2224-facebook-oauth-app-deleted
  WARN  ledger Done row missing merge_sha (NEARS-3612): srcid-nears-2206-pending-store-seed-gap
  WARN  ledger Done row missing merge_sha (NEARS-3612): srcid-nears-2206-authorizestore-doc-gap
  WARN  ledger Done row missing merge_sha (NEARS-3612): srcid-nears-2206-vacuous-auth-test-state-assertions
  WARN  ledger Done row missing merge_sha (NEARS-3612): srcid-nears-2206-qadatagaps-seed-test-failures
  WARN  ledger Done row missing merge_sha (NEARS-3612): srcid-nears-2206-otel-export-log-flood
  WARN  ledger Done row missing merge_sha (NEARS-3612): srcid-nears-2264-logo-tile-mobile-mirror
  WARN  ledger Done row missing merge_sha (NEARS-3612): srcid-nears-2264-filter-chip-descender-clip
  WARN  ledger Done row missing merge_sha (NEARS-3612): srcid-nears-2264-unlogged-403-404-responses
  WARN  ledger Done row missing merge_sha (NEARS-3612): srcid-common-condition-403-noise
  WARN  ledger Done row missing merge_sha (NEARS-3612): srcid-stores-details-silent-403
  WARN  ledger Done row missing merge_sha (NEARS-3612): srcid-guestlogin-cachemodule-identity-refresh
  WARN  ledger Done row missing merge_sha (NEARS-3612): srcid-saveusertoken-unawaited-happens-before
  WARN  ledger Done row missing merge_sha (NEARS-3612): srcid-item-card-in-store-test-red-since-nears-2051
  WARN  ledger Done row missing merge_sha (NEARS-3612): srcid-nitemcard-rtl-golden-missing-rating-coverage
  WARN  ledger Done row missing merge_sha (NEARS-3612): srcid-display-fontsize-headlinemd-migration
  WARN  ledger Done row missing merge_sha (NEARS-3612): srcid-2191-ledger-audit-sweep
  WARN  ledger Done row missing merge_sha (NEARS-3612): srcid-vendorapp-itemwidget-ratingcount-leading-space-rtl
  WARN  ledger Done row missing merge_sha (NEARS-3612): srcid-checkout-total-price-test-unused-import
  WARN  ledger Done row missing merge_sha (NEARS-3612): srcid-nears-1821-preexisting-unused-imports
  WARN  ledger Done row missing merge_sha (NEARS-3612): srcid-nears-2264-dead-code-cleanup
  WARN  ledger Done row missing merge_sha (NEARS-3612): srcid-nears-2246-pubspec-lock-sdk-skew
  WARN  ledger Done row missing merge_sha (NEARS-3612): srcid-module-endpoint-zone-internals-leak
  WARN  ledger Done row missing merge_sha (NEARS-3612): srcid-unauth-route-log-amplifier-and-uninstalled-rotation
  WARN  ledger Done row missing merge_sha (NEARS-3612): srcid-vendorapp-empty-module-dropdown-dead-end
  WARN  ledger Done row missing merge_sha (NEARS-3612): srcid-security-log-tag-off-contract-flashsale
  WARN  ledger Done row missing merge_sha (NEARS-3612): srcid-vendorapp-address-controller-stale-module-write
  WARN  ledger Done row missing merge_sha (NEARS-3612): srcid-stores-zone-id-missing-index
  WARN  ledger Done row missing merge_sha (NEARS-3612): srcid-api-auth-302-redirect-instead-of-401
  WARN  ledger Done row missing merge_sha (NEARS-3612): srcid-updatetoken-generic-snackbar-any-non200
  WARN  ledger Done row missing merge_sha (NEARS-3612): srcid-userapp-null-zone-id-string-interpolation
  WARN  ledger Done row missing merge_sha (NEARS-3612): srcid-vendorapp-null-zone-id-string-interpolation
  WARN  ledger Done row missing merge_sha (NEARS-3612): srcid-vendorapp-stub-claim-stale
  WARN  ledger Done row missing merge_sha (NEARS-3612): srcid-testdbfreshnessguard-fullsuite-flake-stale-clones
  WARN  ledger Done row missing merge_sha (NEARS-3612): srcid-deliveryapp-stale-token-comments-nears-463
  WARN  ledger Done row missing merge_sha (NEARS-3612): srcid-userapp-attachment-viewer-dls-test-isrightmessage-compile-fail
  WARN  ledger Done row missing merge_sha (NEARS-3612): srcid-userapp-wallet-history-failure-state-test-unused-app-constants-import
  WARN  ledger Done row missing merge_sha (NEARS-3612): srcid-nears-2286-attachment-viewer-isrightmessage-compile-error
  WARN  ledger Done row missing merge_sha (NEARS-3612): srcid-userapp-9-info-analyzer-findings
  WARN  ledger Done row missing merge_sha (NEARS-3612): srcid-module-loading-translation-keys
  WARN  ledger Done row missing merge_sha (NEARS-3612): srcid-nitemcard-price-truncation-default-scale
-- result: 1 hard mismatch(es), 1616 soft/degraded note(s) --
