Resolving dependencies...
Downloading packages...
  _flutterfire_internals 1.3.72 (1.3.77 available)
  alchemist 0.12.1 (0.14.0 available)
  app_links 7.0.0 (7.2.1 available)
  app_links_platform_interface 2.0.2 (2.0.4 available)
  archive 4.0.9 (4.2.0 available)
  audioplayers 6.6.0 (6.8.1 available)
  audioplayers_android 5.2.1 (5.3.0 available)
  audioplayers_darwin 6.4.0 (6.5.0 available)
  audioplayers_linux 4.2.1 (4.3.0 available)
  audioplayers_platform_interface 7.1.1 (7.2.0 available)
  audioplayers_web 5.2.0 (5.3.0 available)
  audioplayers_windows 4.3.0 (4.4.1 available)
  cached_network_image 3.4.1 (4.0.0 available)
  cached_network_image_platform_interface 4.1.1 (5.0.0 available)
  cached_network_image_web 1.3.1 (2.0.0 available)
  chewie 1.13.1 (1.16.3 available)
  clock 1.1.2 (1.1.3 available)
  code_assets 1.0.0 (2.0.0 available)
  connectivity_plus 7.1.1 (7.3.1 available)
  cross_file 0.3.5+2 (0.3.5+5 available)
  dbus 0.7.12 (0.7.15 available)
  device_info_plus 12.4.0 (13.2.0 available)
  device_info_plus_platform_interface 7.0.3 (8.1.0 available)
  drift 2.31.0 (2.35.0 available)
  drift_flutter 0.2.8 (0.3.1 available)
  dropdown_button2 2.3.9 (3.1.0 available)
  equatable 2.0.8 (2.1.0 available)
  expandable_bottom_sheet 1.1.1+1 (discontinued)
  facebook_auth_desktop 2.1.1 (2.1.3 available)
  file_picker 10.3.10 (12.3.0 available)
  file_selector_linux 0.9.4 (0.9.4+1 available)
  file_selector_macos 0.9.5 (0.9.5+1 available)
  file_selector_windows 0.9.3+5 (0.9.3+6 available)
  firebase_analytics 12.4.2 (12.5.0 available)
  firebase_analytics_platform_interface 6.0.2 (6.0.7 available)
  firebase_analytics_web 0.6.1+8 (0.6.1+13 available)
  firebase_auth 6.5.2 (6.6.1 available)
  firebase_auth_platform_interface 9.0.2 (9.0.7 available)
  firebase_auth_web 6.2.2 (6.2.7 available)
  firebase_core 4.10.0 (4.14.0 available)
  firebase_core_platform_interface 7.0.1 (8.1.1 available)
  firebase_core_web 3.8.0 (3.11.0 available)
  firebase_crashlytics 5.2.3 (5.3.0 available)
  firebase_crashlytics_platform_interface 3.8.23 (3.9.0 available)
  firebase_messaging 16.3.0 (16.6.0 available)
  firebase_messaging_platform_interface 4.8.0 (4.10.0 available)
  firebase_messaging_web 4.2.0 (4.2.5 available)
  firebase_performance 0.11.4+2 (0.11.5 available)
  firebase_performance_platform_interface 0.2.0+2 (0.2.0+7 available)
  firebase_performance_web 0.1.8+8 (0.1.8+13 available)
  flutter_cache_manager 3.4.1 (3.4.2 available)
  flutter_facebook_auth 7.1.5 (7.2.0 available)
  flutter_keyboard_visibility 6.0.0 (7.0.1 available)
  flutter_keyboard_visibility_linux 1.0.0 (2.0.0 available)
  flutter_keyboard_visibility_macos 1.0.0 (2.0.0 available)
  flutter_keyboard_visibility_platform_interface 2.0.0 (3.0.0 available)
  flutter_keyboard_visibility_web 2.0.0 (3.0.0 available)
  flutter_keyboard_visibility_windows 1.0.0 (2.0.0 available)
  flutter_local_notifications 19.5.0 (22.3.1 available)
  flutter_local_notifications_linux 6.0.0 (8.0.1 available)
  flutter_local_notifications_platform_interface 9.1.0 (12.2.0 available)
  flutter_local_notifications_windows 1.0.3 (3.1.1 available)
  flutter_plugin_android_lifecycle 2.0.34 (2.0.35 available)
  flutter_secure_storage 9.2.4 (11.1.1 available)
  flutter_secure_storage_linux 1.2.3 (3.0.3 available)
  flutter_secure_storage_macos 3.1.3 (4.0.0 available)
  flutter_secure_storage_platform_interface 1.1.2 (2.1.0 available)
  flutter_secure_storage_web 1.2.1 (2.1.1 available)
  flutter_secure_storage_windows 3.1.2 (4.2.2 available)
  flutter_svg 2.2.4 (2.3.0 available)
  flutter_typeahead 5.2.0 (6.0.0 available)
  flutter_widget_from_html_core 0.17.2 (0.17.4 available)
  geolocator 14.0.2 (14.0.3 available)
  geolocator_android 5.0.2 (5.0.3 available)
  geolocator_apple 2.3.13 (2.3.14 available)
  geolocator_linux 0.2.4 (0.2.6 available)
  geolocator_platform_interface 4.2.6 (4.3.0 available)
  geolocator_web 4.1.3 (4.1.4 available)
  glob 2.1.3 (2.2.0 available)
  google_maps 8.2.0 (8.3.0 available)
  google_maps_flutter 2.14.2 (2.18.0 available)
  google_maps_flutter_android 2.19.8 (2.19.13 available)
  google_maps_flutter_ios 2.18.1 (2.18.6 available)
  google_maps_flutter_platform_interface 2.15.0 (2.16.1 available)
  google_maps_flutter_web 0.5.14+3 (0.6.3+1 available)
  google_sign_in_android 7.2.10 (7.2.17 available)
  google_sign_in_ios 6.3.0 (6.3.3 available)
  gtk 2.1.0 (2.2.0 available)
  hooks 1.0.3 (2.2.0 available)
  html 0.15.6 (0.15.7 available)
  image 4.8.0 (4.9.2 available)
  image_picker 1.2.2 (1.2.3 available)
  image_picker_android 0.8.13+17 (0.8.13+23 available)
  image_picker_ios 0.8.13+6 (0.8.13+7 available)
  intl 0.20.2 (0.20.3 available)
  jni 1.0.0 (1.0.3 available)
  jni_flutter 1.0.1 (1.0.3 available)
  js 0.6.7 (0.7.2 available)
  json_annotation 4.11.0 (4.12.0 available)
  location 8.0.1 (10.0.2 available)
  location_platform_interface 6.0.1 (7.0.0 available)
  location_web 6.0.1 (7.0.0 available)
  lottie 3.3.3 (3.5.1 available)
  matcher 0.12.19 (0.12.20 available)
  material_color_utilities 0.13.0 (0.13.1 available)
  material_symbols_icons 4.2928.1 (4.2960.0 available)
  meta 1.17.0 (1.19.0 available)
  mime 2.0.0 (2.1.0 available)
  native_toolchain_c 0.17.6 (0.19.4 available)
  objective_c 9.3.0 (9.6.0 available)
  package_config 2.2.0 (3.0.0 available)
  package_info_plus 9.0.1 (10.2.1 available)
  package_info_plus_platform_interface 3.2.1 (4.1.0 available)
  path_provider 2.1.5 (2.1.6 available)
  path_provider_linux 2.2.1 (2.2.2 available)
  path_provider_platform_interface 2.1.2 (2.1.3 available)
  pdf 3.12.0 (3.13.0 available)
  permission_handler 12.0.1 (13.0.2 available)
  permission_handler_android 13.0.1 (14.1.0 available)
  permission_handler_apple 9.4.7 (9.6.1 available)
  permission_handler_html 0.1.3+5 (0.1.4+1 available)
  permission_handler_platform_interface 4.3.0 (4.4.1 available)
  permission_handler_windows 0.2.1 (0.2.2 available)
  phone_numbers_parser 9.0.22 (9.0.26 available)
  pin_code_fields 8.0.1 (10.0.0 available)
  platform 3.1.6 (3.2.0 available)
  posix 6.5.0 (6.5.2 available)
  pub_semver 2.2.0 (2.2.1 available)
  qr 3.0.2 (4.0.0 available)
  record_use 0.6.0 (1.1.1 available)
  sanitize_html 2.1.0 (2.2.0 available)
  share_plus 12.0.2 (13.3.0 available)
  share_plus_platform_interface 6.1.0 (7.2.0 available)
  shared_preferences_android 2.4.23 (2.4.28 available)
  shared_preferences_foundation 2.5.6 (2.5.7 available)
  sign_in_with_apple 7.0.1 (8.2.0 available)
  skeletonizer 2.1.3 (3.0.0 available)
  smooth_page_indicator 2.0.1 (3.0.0 available)
  speech_to_text 7.3.0 (7.4.0 available)
  speech_to_text_platform_interface 2.3.0 (2.4.0 available)
  speech_to_text_windows 1.0.0+beta.8 (1.0.1 available)
  sqflite 2.4.2+1 (2.4.4 available)
  sqflite_android 2.4.2+3 (2.4.4 available)
  sqflite_common 2.5.6+1 (2.5.12 available)
  sqflite_darwin 2.4.2 (2.4.4 available)
  sqflite_platform_interface 2.4.0 (2.4.2 available)
  sqlite3 2.9.4 (3.5.2 available)
  sqlite3_flutter_libs 0.5.42 (0.6.0+eol available)
  stack_trace 1.12.1 (1.12.2 available)
  stream_transform 2.1.1 (2.1.2 available)
  syncfusion_flutter_core 31.2.18 (34.2.7 available)
  syncfusion_flutter_datepicker 31.2.18 (34.2.7 available)
  synchronized 3.4.0+1 (3.4.2 available)
  test_api 0.7.10 (0.7.14 available)
  timezone 0.10.1 (0.11.1 available)
  url_launcher_android 6.3.29 (6.3.33 available)
  url_launcher_ios 6.4.1 (6.4.2 available)
  url_launcher_linux 3.2.2 (3.2.3 available)
  url_launcher_macos 3.2.5 (3.2.6 available)
  url_launcher_web 2.4.2 (2.4.3 available)
  url_launcher_windows 3.1.5 (3.1.6 available)
  uuid 4.5.3 (4.6.0 available)
  vector_graphics 1.2.0 (1.2.3 available)
  vector_graphics_compiler 1.2.0 (1.3.0 available)
  vector_math 2.2.0 (2.4.2 available)
  vibration 3.1.8 (3.2.1 available)
  video_player 2.11.1 (2.14.0 available)
  video_player_android 2.9.5 (2.12.2 available)
  video_player_avfoundation 2.9.4 (2.12.0 available)
  video_player_platform_interface 6.7.0 (6.9.0 available)
  vm_service 15.2.0 (15.3.0 available)
  wakelock_plus 1.5.2 (1.8.0 available)
  wakelock_plus_platform_interface 1.5.0 (1.7.0 available)
  webdriver 3.1.0 (3.2.0 available)
  webview_flutter 4.13.1 (4.14.1 available)
  webview_flutter_android 4.12.0 (4.14.1 available)
  webview_flutter_wkwebview 3.25.1 (3.26.1 available)
  win32 5.15.0 (6.4.0 available)
  win32_registry 2.1.0 (3.0.3 available)
  xml 6.6.1 (7.0.1 available)
  yaml 3.1.3 (3.1.4 available)
  youtube_player_iframe 5.2.2 (6.0.2 available)
  youtube_player_iframe_web 3.1.2 (3.1.3 available)
Got dependencies!
1 package is discontinued.
182 packages have newer versions incompatible with dependency constraints.
Try `flutter pub outdated` for more information.
00:00 +0: loading /Users/Apple/Projects/nears-NEARS-3551-unawaited-futures-cleanup/UserApp/test/features/store/store_screen_fab_scoped_rebuild_test.dart
00:00 +0: /Users/Apple/Projects/nears-NEARS-3551-unawaited-futures-cleanup/UserApp/test/features/store/store_screen_fab_scoped_rebuild_test.dart: (setUpAll)
00:00 +0: /Users/Apple/Projects/nears-NEARS-3551-unawaited-futures-cleanup/UserApp/test/features/store/store_screen_fab_scoped_rebuild_test.dart: MECH-1: changeFavVisibility() rebuilds the FAB builder but the screen body ZERO times
00:00 +1: /Users/Apple/Projects/nears-NEARS-3551-unawaited-futures-cleanup/UserApp/test/features/store/store_screen_fab_scoped_rebuild_test.dart: MECH-1: changeFavVisibility() rebuilds the FAB builder but the screen body ZERO times
00:00 +2: /Users/Apple/Projects/nears-NEARS-3551-unawaited-futures-cleanup/UserApp/test/features/store/store_screen_fab_scoped_rebuild_test.dart: MECH-1: changeFavVisibility() rebuilds the FAB builder but the screen body ZERO times
00:00 +3: /Users/Apple/Projects/nears-NEARS-3551-unawaited-futures-cleanup/UserApp/test/features/store/store_screen_fab_scoped_rebuild_test.dart: MECH-1: changeFavVisibility() rebuilds the FAB builder but the screen body ZERO times
00:00 +4: /Users/Apple/Projects/nears-NEARS-3551-unawaited-futures-cleanup/UserApp/test/features/store/store_screen_fab_scoped_rebuild_test.dart: MECH-1: changeFavVisibility() rebuilds the FAB builder but the screen body ZERO times
00:00 +5: /Users/Apple/Projects/nears-NEARS-3551-unawaited-futures-cleanup/UserApp/test/features/store/store_screen_fab_scoped_rebuild_test.dart: MECH-1: changeFavVisibility() rebuilds the FAB builder but the screen body ZERO times
00:00 +6: /Users/Apple/Projects/nears-NEARS-3551-unawaited-futures-cleanup/UserApp/test/features/store/store_screen_fab_scoped_rebuild_test.dart: MECH-1: changeFavVisibility() rebuilds the FAB builder but the screen body ZERO times
00:00 +7: /Users/Apple/Projects/nears-NEARS-3551-unawaited-futures-cleanup/UserApp/test/features/store/store_screen_fab_scoped_rebuild_test.dart: MECH-1: changeFavVisibility() rebuilds the FAB builder but the screen body ZERO times
00:00 +8: /Users/Apple/Projects/nears-NEARS-3551-unawaited-futures-cleanup/UserApp/test/features/store/store_screen_fab_scoped_rebuild_test.dart: MECH-1: changeFavVisibility() rebuilds the FAB builder but the screen body ZERO times
00:00 +9: /Users/Apple/Projects/nears-NEARS-3551-unawaited-futures-cleanup/UserApp/test/features/store/store_screen_fab_scoped_rebuild_test.dart: MECH-1: changeFavVisibility() rebuilds the FAB builder but the screen body ZERO times
00:00 +10: /Users/Apple/Projects/nears-NEARS-3551-unawaited-futures-cleanup/UserApp/test/features/store/store_screen_fab_scoped_rebuild_test.dart: MECH-1: changeFavVisibility() rebuilds the FAB builder but the screen body ZERO times
00:00 +11: /Users/Apple/Projects/nears-NEARS-3551-unawaited-futures-cleanup/UserApp/test/features/store/store_screen_fab_scoped_rebuild_test.dart: MECH-1: changeFavVisibility() rebuilds the FAB builder but the screen body ZERO times
00:00 +12: /Users/Apple/Projects/nears-NEARS-3551-unawaited-futures-cleanup/UserApp/test/features/store/store_screen_fab_scoped_rebuild_test.dart: MECH-1: changeFavVisibility() rebuilds the FAB builder but the screen body ZERO times
00:00 +13: /Users/Apple/Projects/nears-NEARS-3551-unawaited-futures-cleanup/UserApp/test/features/store/store_screen_fab_scoped_rebuild_test.dart: MECH-1: changeFavVisibility() rebuilds the FAB builder but the screen body ZERO times
00:00 +14: /Users/Apple/Projects/nears-NEARS-3551-unawaited-futures-cleanup/UserApp/test/features/store/store_screen_fab_scoped_rebuild_test.dart: MECH-1: changeFavVisibility() rebuilds the FAB builder but the screen body ZERO times
00:00 +15: /Users/Apple/Projects/nears-NEARS-3551-unawaited-futures-cleanup/UserApp/test/features/store/store_screen_fab_scoped_rebuild_test.dart: MECH-1: changeFavVisibility() rebuilds the FAB builder but the screen body ZERO times
00:00 +16: /Users/Apple/Projects/nears-NEARS-3551-unawaited-futures-cleanup/UserApp/test/features/store/store_screen_fab_scoped_rebuild_test.dart: MECH-1: changeFavVisibility() rebuilds the FAB builder but the screen body ZERO times
00:00 +17: /Users/Apple/Projects/nears-NEARS-3551-unawaited-futures-cleanup/UserApp/test/features/store/store_screen_fab_scoped_rebuild_test.dart: MECH-1: changeFavVisibility() rebuilds the FAB builder but the screen body ZERO times
00:00 +18: /Users/Apple/Projects/nears-NEARS-3551-unawaited-futures-cleanup/UserApp/test/features/store/store_screen_fab_scoped_rebuild_test.dart: MECH-1: changeFavVisibility() rebuilds the FAB builder but the screen body ZERO times
00:00 +19: /Users/Apple/Projects/nears-NEARS-3551-unawaited-futures-cleanup/UserApp/test/features/store/store_screen_fab_scoped_rebuild_test.dart: MECH-1: changeFavVisibility() rebuilds the FAB builder but the screen body ZERO times
00:00 +20: /Users/Apple/Projects/nears-NEARS-3551-unawaited-futures-cleanup/UserApp/test/features/store/store_screen_fab_scoped_rebuild_test.dart: MECH-1: changeFavVisibility() rebuilds the FAB builder but the screen body ZERO times
00:00 +21: /Users/Apple/Projects/nears-NEARS-3551-unawaited-futures-cleanup/UserApp/test/features/store/store_screen_fab_scoped_rebuild_test.dart: MECH-1: changeFavVisibility() rebuilds the FAB builder but the screen body ZERO times
00:00 +22: /Users/Apple/Projects/nears-NEARS-3551-unawaited-futures-cleanup/UserApp/test/features/store/store_screen_fab_scoped_rebuild_test.dart: MECH-1: changeFavVisibility() rebuilds the FAB builder but the screen body ZERO times
00:00 +23: /Users/Apple/Projects/nears-NEARS-3551-unawaited-futures-cleanup/UserApp/test/features/store/store_screen_fab_scoped_rebuild_test.dart: MECH-1: changeFavVisibility() rebuilds the FAB builder but the screen body ZERO times
00:00 +24: /Users/Apple/Projects/nears-NEARS-3551-unawaited-futures-cleanup/UserApp/test/features/store/store_screen_fab_scoped_rebuild_test.dart: MECH-1: changeFavVisibility() rebuilds the FAB builder but the screen body ZERO times
00:00 +25: /Users/Apple/Projects/nears-NEARS-3551-unawaited-futures-cleanup/UserApp/test/features/store/store_screen_fab_scoped_rebuild_test.dart: MECH-1: changeFavVisibility() rebuilds the FAB builder but the screen body ZERO times
00:00 +26: /Users/Apple/Projects/nears-NEARS-3551-unawaited-futures-cleanup/UserApp/test/features/store/store_screen_fab_scoped_rebuild_test.dart: MECH-1: changeFavVisibility() rebuilds the FAB builder but the screen body ZERO times
00:00 +27: /Users/Apple/Projects/nears-NEARS-3551-unawaited-futures-cleanup/UserApp/test/features/store/store_screen_fab_scoped_rebuild_test.dart: MECH-1: changeFavVisibility() rebuilds the FAB builder but the screen body ZERO times
00:00 +28: /Users/Apple/Projects/nears-NEARS-3551-unawaited-futures-cleanup/UserApp/test/features/store/store_screen_fab_scoped_rebuild_test.dart: MECH-1: changeFavVisibility() rebuilds the FAB builder but the screen body ZERO times
00:00 +29: /Users/Apple/Projects/nears-NEARS-3551-unawaited-futures-cleanup/UserApp/test/features/store/store_screen_fab_scoped_rebuild_test.dart: MECH-1: changeFavVisibility() rebuilds the FAB builder but the screen body ZERO times
00:00 +30: /Users/Apple/Projects/nears-NEARS-3551-unawaited-futures-cleanup/UserApp/test/features/store/store_screen_fab_scoped_rebuild_test.dart: MECH-1: changeFavVisibility() rebuilds the FAB builder but the screen body ZERO times
00:00 +31: /Users/Apple/Projects/nears-NEARS-3551-unawaited-futures-cleanup/UserApp/test/features/store/store_screen_fab_scoped_rebuild_test.dart: MECH-1: changeFavVisibility() rebuilds the FAB builder but the screen body ZERO times
00:00 +32: /Users/Apple/Projects/nears-NEARS-3551-unawaited-futures-cleanup/UserApp/test/features/store/store_screen_fab_scoped_rebuild_test.dart: MECH-1: changeFavVisibility() rebuilds the FAB builder but the screen body ZERO times
00:00 +33: /Users/Apple/Projects/nears-NEARS-3551-unawaited-futures-cleanup/UserApp/test/features/store/store_screen_fab_scoped_rebuild_test.dart: MECH-1: changeFavVisibility() rebuilds the FAB builder but the screen body ZERO times
00:00 +34: /Users/Apple/Projects/nears-NEARS-3551-unawaited-futures-cleanup/UserApp/test/features/store/store_screen_fab_scoped_rebuild_test.dart: MECH-1: changeFavVisibility() rebuilds the FAB builder but the screen body ZERO times
00:00 +35: /Users/Apple/Projects/nears-NEARS-3551-unawaited-futures-cleanup/UserApp/test/features/store/store_screen_fab_scoped_rebuild_test.dart: MECH-1: changeFavVisibility() rebuilds the FAB builder but the screen body ZERO times
00:00 +36: /Users/Apple/Projects/nears-NEARS-3551-unawaited-futures-cleanup/UserApp/test/features/store/store_screen_fab_scoped_rebuild_test.dart: MECH-1: changeFavVisibility() rebuilds the FAB builder but the screen body ZERO times
00:00 +37: /Users/Apple/Projects/nears-NEARS-3551-unawaited-futures-cleanup/UserApp/test/features/store/store_screen_fab_scoped_rebuild_test.dart: MECH-1: changeFavVisibility() rebuilds the FAB builder but the screen body ZERO times
00:00 +38: /Users/Apple/Projects/nears-NEARS-3551-unawaited-futures-cleanup/UserApp/test/features/store/store_screen_fab_scoped_rebuild_test.dart: MECH-1: changeFavVisibility() rebuilds the FAB builder but the screen body ZERO times
00:00 +39: /Users/Apple/Projects/nears-NEARS-3551-unawaited-futures-cleanup/UserApp/test/features/store/store_screen_fab_scoped_rebuild_test.dart: MECH-1: changeFavVisibility() rebuilds the FAB builder but the screen body ZERO times
00:00 +39: /Users/Apple/Projects/nears-NEARS-3551-unawaited-futures-cleanup/UserApp/test/features/store/store_repository_error_flags_test.dart: sites that DO self-log: handleError:false + logError:false, and the repo log now carries the REAL status (was masked to null) getStoreOfferItemList
[FAIL] endpoint=/api/v1/categories/items/offers http_status=503 type=ApiFailure msg="store offer items fetch failed"
00:00 +40: /Users/Apple/Projects/nears-NEARS-3551-unawaited-futures-cleanup/UserApp/test/features/store/store_screen_fab_scoped_rebuild_test.dart: MECH-1: changeFavVisibility() rebuilds the FAB builder but the screen body ZERO times
00:00 +41: /Users/Apple/Projects/nears-NEARS-3551-unawaited-futures-cleanup/UserApp/test/features/store/store_screen_fab_scoped_rebuild_test.dart: MECH-1: changeFavVisibility() rebuilds the FAB builder but the screen body ZERO times
00:00 +41: /Users/Apple/Projects/nears-NEARS-3551-unawaited-futures-cleanup/UserApp/test/features/store/store_repository_error_flags_test.dart: sites that DO self-log: handleError:false + logError:false, and the repo log now carries the REAL status (was masked to null) getOfferCategoryItemList
[FAIL] endpoint=/api/v1/categories/items/ http_status=503 type=ApiFailure msg="offer category items fetch failed"
00:00 +42: /Users/Apple/Projects/nears-NEARS-3551-unawaited-futures-cleanup/UserApp/test/features/store/store_screen_fab_scoped_rebuild_test.dart: MECH-1: changeFavVisibility() rebuilds the FAB builder but the screen body ZERO times
00:00 +43: /Users/Apple/Projects/nears-NEARS-3551-unawaited-futures-cleanup/UserApp/test/features/store/store_screen_fab_scoped_rebuild_test.dart: MECH-1: changeFavVisibility() rebuilds the FAB builder but the screen body ZERO times
00:00 +43: /Users/Apple/Projects/nears-NEARS-3551-unawaited-futures-cleanup/UserApp/test/features/store/store_repository_error_flags_test.dart: sites that DO self-log: handleError:false + logError:false, and the repo log now carries the REAL status (was masked to null) getOfferCategories
[FAIL] endpoint=/api/v1/categories/offers http_status=503 type=ApiFailure msg="offer categories fetch failed"
00:00 +44: /Users/Apple/Projects/nears-NEARS-3551-unawaited-futures-cleanup/UserApp/test/features/store/store_screen_fab_scoped_rebuild_test.dart: MECH-1: changeFavVisibility() rebuilds the FAB builder but the screen body ZERO times
00:00 +45: /Users/Apple/Projects/nears-NEARS-3551-unawaited-futures-cleanup/UserApp/test/features/store/store_screen_fab_scoped_rebuild_test.dart: MECH-1: changeFavVisibility() rebuilds the FAB builder but the screen body ZERO times
00:00 +46: /Users/Apple/Projects/nears-NEARS-3551-unawaited-futures-cleanup/UserApp/test/features/store/store_screen_fab_scoped_rebuild_test.dart: MECH-1: changeFavVisibility() rebuilds the FAB builder but the screen body ZERO times
00:00 +47: /Users/Apple/Projects/nears-NEARS-3551-unawaited-futures-cleanup/UserApp/test/features/store/store_screen_fab_scoped_rebuild_test.dart: MECH-1: changeFavVisibility() rebuilds the FAB builder but the screen body ZERO times
00:00 +47: /Users/Apple/Projects/nears-NEARS-3551-unawaited-futures-cleanup/UserApp/test/features/store/store_not_found_state_test.dart: StoreController.getStoreDetails — store_not_found classification sets detailsNotFound, NOT detailsOutOfZone, no generic toast
[WARN] msg="store: details not found"
00:00 +48: /Users/Apple/Projects/nears-NEARS-3551-unawaited-futures-cleanup/UserApp/test/features/store/store_screen_fab_scoped_rebuild_test.dart: MECH-1: changeFavVisibility() rebuilds the FAB builder but the screen body ZERO times
00:00 +48: /Users/Apple/Projects/nears-NEARS-3551-unawaited-futures-cleanup/UserApp/test/features/store/store_not_found_state_test.dart: StoreController.getStoreDetails — store_not_found classification AC5: logs via AppLogger.warn — no [FAIL]/Crashlytics non-fatal
[WARN] msg="store: details not found"
00:00 +49: /Users/Apple/Projects/nears-NEARS-3551-unawaited-futures-cleanup/UserApp/test/features/store/store_screen_fab_scoped_rebuild_test.dart: MECH-1: changeFavVisibility() rebuilds the FAB builder but the screen body ZERO times
00:00 +49: /Users/Apple/Projects/nears-NEARS-3551-unawaited-futures-cleanup/UserApp/test/features/store/store_not_found_state_test.dart: StoreController.getStoreDetails — store_not_found classification resets to false on a subsequent non-not-found fetch
[WARN] msg="store: details not found"
[FAIL] endpoint=/api/v1/stores/details/ http_status=null type=ApiFailure msg="store details fetch failed (unclassified)"
00:00 +50: /Users/Apple/Projects/nears-NEARS-3551-unawaited-futures-cleanup/UserApp/test/features/store/store_catalog_states_test.dart: empty arms the two arms are copy-disjoint and only one offers an action
00:00 +51: /Users/Apple/Projects/nears-NEARS-3551-unawaited-futures-cleanup/UserApp/test/features/store/store_catalog_states_test.dart: empty arms the two arms are copy-disjoint and only one offers an action
00:00 +51: /Users/Apple/Projects/nears-NEARS-3551-unawaited-futures-cleanup/UserApp/test/features/store/store_not_found_state_test.dart: StoreController.getStoreDetails — store_not_found classification a genuine malformed-200 body (NEARS-1084) stays its OWN class, never notFound
[FAIL] endpoint=/api/v1/stores/details/ http_status=200 type=ApiFailure msg="store details: malformed 200 body"
00:00 +52: /Users/Apple/Projects/nears-NEARS-3551-unawaited-futures-cleanup/UserApp/test/features/store/store_catalog_states_test.dart: empty arms the two arms are copy-disjoint and only one offers an action
00:00 +53: /Users/Apple/Projects/nears-NEARS-3551-unawaited-futures-cleanup/UserApp/test/features/store/store_item_search_overflow_test.dart: StoreItemSearchScreen (shipped screen, live pumps) AC1/AC3: ar + 1.3x + 320dp — idle search screen renders with zero overflow, and the field stays usable (focus/type/submit)
00:00 +54: /Users/Apple/Projects/nears-NEARS-3551-unawaited-futures-cleanup/UserApp/test/features/store/store_item_search_overflow_test.dart: StoreItemSearchScreen (shipped screen, live pumps) AC1/AC3: ar + 1.3x + 320dp — idle search screen renders with zero overflow, and the field stays usable (focus/type/submit)
00:00 +55: /Users/Apple/Projects/nears-NEARS-3551-unawaited-futures-cleanup/UserApp/test/features/store/store_item_search_overflow_test.dart: StoreItemSearchScreen (shipped screen, live pumps) AC1/AC3: ar + 1.3x + 320dp — idle search screen renders with zero overflow, and the field stays usable (focus/type/submit)
00:00 +56: /Users/Apple/Projects/nears-NEARS-3551-unawaited-futures-cleanup/UserApp/test/features/store/store_item_search_overflow_test.dart: StoreItemSearchScreen (shipped screen, live pumps) AC1/AC3: ar + 1.3x + 320dp — idle search screen renders with zero overflow, and the field stays usable (focus/type/submit)
00:00 +57: /Users/Apple/Projects/nears-NEARS-3551-unawaited-futures-cleanup/UserApp/test/features/store/store_item_search_overflow_test.dart: StoreItemSearchScreen (shipped screen, live pumps) AC1/AC3: ar + 1.3x + 320dp — idle search screen renders with zero overflow, and the field stays usable (focus/type/submit)
00:00 +58: /Users/Apple/Projects/nears-NEARS-3551-unawaited-futures-cleanup/UserApp/test/features/store/store_item_search_overflow_test.dart: StoreItemSearchScreen (shipped screen, live pumps) AC1/AC3: ar + 1.3x + 320dp — idle search screen renders with zero overflow, and the field stays usable (focus/type/submit)
00:00 +59: /Users/Apple/Projects/nears-NEARS-3551-unawaited-futures-cleanup/UserApp/test/features/store/store_item_search_overflow_test.dart: StoreItemSearchScreen (shipped screen, live pumps) AC1/AC3: ar + 1.3x + 320dp — idle search screen renders with zero overflow, and the field stays usable (focus/type/submit)
00:00 +60: /Users/Apple/Projects/nears-NEARS-3551-unawaited-futures-cleanup/UserApp/test/features/store/store_item_search_overflow_test.dart: StoreItemSearchScreen (shipped screen, live pumps) AC1/AC3: ar + 1.3x + 320dp — idle search screen renders with zero overflow, and the field stays usable (focus/type/submit)
00:00 +61: /Users/Apple/Projects/nears-NEARS-3551-unawaited-futures-cleanup/UserApp/test/features/store/store_item_search_overflow_test.dart: StoreItemSearchScreen (shipped screen, live pumps) AC1/AC3: ar + 1.3x + 320dp — idle search screen renders with zero overflow, and the field stays usable (focus/type/submit)
00:00 +62: /Users/Apple/Projects/nears-NEARS-3551-unawaited-futures-cleanup/UserApp/test/features/store/store_item_search_overflow_test.dart: StoreItemSearchScreen (shipped screen, live pumps) AC1/AC3: ar + 1.3x + 320dp — idle search screen renders with zero overflow, and the field stays usable (focus/type/submit)
00:00 +63: /Users/Apple/Projects/nears-NEARS-3551-unawaited-futures-cleanup/UserApp/test/features/store/store_item_search_overflow_test.dart: StoreItemSearchScreen (shipped screen, live pumps) AC2: en + 1.0x + 320dp — app bar stays pixel-identical to the NEARS-399 §5 fix
00:01 +64: /Users/Apple/Projects/nears-NEARS-3551-unawaited-futures-cleanup/UserApp/test/features/store/bottom_cart_widget_test.dart: (setUpAll)
00:01 +64: /Users/Apple/Projects/nears-NEARS-3551-unawaited-futures-cleanup/UserApp/test/features/store/bottom_cart_widget_test.dart: light mode: white-glass fill, brXl, navyGlassLine border, blur
00:01 +65: /Users/Apple/Projects/nears-NEARS-3551-unawaited-futures-cleanup/UserApp/test/features/store/bottom_cart_widget_test.dart: content rests at bottomNavHeight (64dp) as a MINIMUM, not a hard size
00:01 +66: /Users/Apple/Projects/nears-NEARS-3551-unawaited-futures-cleanup/UserApp/test/features/store/bottom_cart_widget_test.dart: lays out with no RenderFlex overflow at a realistic width (light + dark)
00:01 +67: /Users/Apple/Projects/nears-NEARS-3551-unawaited-futures-cleanup/UserApp/test/features/store/bottom_cart_widget_test.dart: self-insets via directional Padding (space2 + bottomSafe), no SafeArea
00:01 +68: /Users/Apple/Projects/nears-NEARS-3551-unawaited-futures-cleanup/UserApp/test/features/store/bottom_cart_widget_test.dart: dark mode: navyGlassStrong fill + sky price (dark-mode guard)
00:01 +69: /Users/Apple/Projects/nears-NEARS-3551-unawaited-futures-cleanup/UserApp/test/features/store/bottom_cart_widget_test.dart: NEARS-2534: no RenderFlex overflow at 360dp width, short and long content
00:01 +70: /Users/Apple/Projects/nears-NEARS-3551-unawaited-futures-cleanup/UserApp/test/features/store/nearest_store_test.dart: null / empty list resolves to no store (rail hides)
00:01 +71: /Users/Apple/Projects/nears-NEARS-3551-unawaited-futures-cleanup/UserApp/test/features/store/nearest_store_test.dart: null / empty list resolves to no store (rail hides)
00:01 +72: /Users/Apple/Projects/nears-NEARS-3551-unawaited-futures-cleanup/UserApp/test/features/store/bottom_cart_widget_test.dart: NEARS-2534: price/count column width is bounded by geometry, not font metrics — never wider than the space left over after the badge, gaps and the 160dp button
00:01 +73: /Users/Apple/Projects/nears-NEARS-3551-unawaited-futures-cleanup/UserApp/test/features/store/bottom_cart_widget_test.dart: NEARS-2534: price/count column width is bounded by geometry, not font metrics — never wider than the space left over after the badge, gaps and the 160dp button
00:01 +74: /Users/Apple/Projects/nears-NEARS-3551-unawaited-futures-cleanup/UserApp/test/features/store/bottom_cart_widget_test.dart: NEARS-2534: price/count column width is bounded by geometry, not font metrics — never wider than the space left over after the badge, gaps and the 160dp button
00:01 +75: /Users/Apple/Projects/nears-NEARS-3551-unawaited-futures-cleanup/UserApp/test/features/store/bottom_cart_widget_test.dart: NEARS-2534: price/count column width is bounded by geometry, not font metrics — never wider than the space left over after the badge, gaps and the 160dp button
00:01 +76: /Users/Apple/Projects/nears-NEARS-3551-unawaited-futures-cleanup/UserApp/test/features/store/bottom_cart_widget_test.dart: NEARS-2979: rebuilds within one frame on a scoped cartSummaryId update (regression guard for the untagged GetBuilder — optimistic add/step only ever broadcasts update([cartSummaryId]), never a bare update())
00:01 +77: /Users/Apple/Projects/nears-NEARS-3551-unawaited-futures-cleanup/UserApp/test/features/store/bottom_cart_widget_test.dart: NEARS-2979: still rebuilds on a BARE update() (regression guard — GetX ids and the untagged group are disjoint listener sets, so nesting the cartSummaryId GetBuilder inside an outer untagged one must not drop the bare update() path getCartDataOnline/removeFromCart/clearCartList rely on)
00:01 +78: /Users/Apple/Projects/nears-NEARS-3551-unawaited-futures-cleanup/UserApp/test/features/store/bottom_cart_widget_test.dart: (tearDownAll)
00:01 +78: /Users/Apple/Projects/nears-NEARS-3551-unawaited-futures-cleanup/UserApp/test/features/store/recommended_product_model_offset_cast_test.dart: fromJson casts int limit/offset to String without throwing
00:01 +79: /Users/Apple/Projects/nears-NEARS-3551-unawaited-futures-cleanup/UserApp/test/features/store/recommended_product_model_offset_cast_test.dart: fromJson preserves null limit/offset instead of stringifying them
00:02 +80: /Users/Apple/Projects/nears-NEARS-3551-unawaited-futures-cleanup/UserApp/test/features/store/recommended_store_card_test.dart: (setUpAll)
00:02 +80: /Users/Apple/Projects/nears-NEARS-3551-unawaited-futures-cleanup/UserApp/test/features/store/recommended_store_card_test.dart: rebuilt card has overlay badges + chevron, no floating logo
00:02 +81: /Users/Apple/Projects/nears-NEARS-3551-unawaited-futures-cleanup/UserApp/test/features/store/recommended_store_card_test.dart: rebuilt card has overlay badges + chevron, no floating logo
00:02 +82: /Users/Apple/Projects/nears-NEARS-3551-unawaited-futures-cleanup/UserApp/test/features/store/recommended_store_card_test.dart: rebuilt card has overlay badges + chevron, no floating logo
00:02 +83: /Users/Apple/Projects/nears-NEARS-3551-unawaited-futures-cleanup/UserApp/test/features/store/recommended_store_card_test.dart: rebuilt card has overlay badges + chevron, no floating logo
00:02 +84: /Users/Apple/Projects/nears-NEARS-3551-unawaited-futures-cleanup/UserApp/test/features/store/recommended_store_card_test.dart: rebuilt card has overlay badges + chevron, no floating logo
00:02 +85: /Users/Apple/Projects/nears-NEARS-3551-unawaited-futures-cleanup/UserApp/test/features/store/recommended_store_card_test.dart: rebuilt card has overlay badges + chevron, no floating logo
00:02 +86: /Users/Apple/Projects/nears-NEARS-3551-unawaited-futures-cleanup/UserApp/test/features/store/recommended_store_card_test.dart: rebuilt card has overlay badges + chevron, no floating logo
00:02 +87: /Users/Apple/Projects/nears-NEARS-3551-unawaited-futures-cleanup/UserApp/test/features/store/recommended_store_card_test.dart: rebuilt card has overlay badges + chevron, no floating logo
00:02 +88: /Users/Apple/Projects/nears-NEARS-3551-unawaited-futures-cleanup/UserApp/test/features/store/recommended_store_card_test.dart: rebuilt card has overlay badges + chevron, no floating logo
00:02 +89: /Users/Apple/Projects/nears-NEARS-3551-unawaited-futures-cleanup/UserApp/test/features/store/recommended_store_card_test.dart: rebuilt card has overlay badges + chevron, no floating logo
00:02 +90: /Users/Apple/Projects/nears-NEARS-3551-unawaited-futures-cleanup/UserApp/test/features/store/recommended_store_card_test.dart: rebuilt card has overlay badges + chevron, no floating logo
00:02 +91: /Users/Apple/Projects/nears-NEARS-3551-unawaited-futures-cleanup/UserApp/test/features/store/recommended_store_card_test.dart: rebuilt card has overlay badges + chevron, no floating logo
00:02 +92: /Users/Apple/Projects/nears-NEARS-3551-unawaited-futures-cleanup/UserApp/test/features/store/recommended_store_card_test.dart: rebuilt card has overlay badges + chevron, no floating logo
00:02 +93: /Users/Apple/Projects/nears-NEARS-3551-unawaited-futures-cleanup/UserApp/test/features/store/recommended_store_card_test.dart: rebuilt card has overlay badges + chevron, no floating logo
00:02 +94: /Users/Apple/Projects/nears-NEARS-3551-unawaited-futures-cleanup/UserApp/test/features/store/recommended_store_card_test.dart: rebuilt card has overlay badges + chevron, no floating logo
00:02 +95: /Users/Apple/Projects/nears-NEARS-3551-unawaited-futures-cleanup/UserApp/test/features/store/recommended_store_card_test.dart: rebuilt card has overlay badges + chevron, no floating logo
00:02 +95: /Users/Apple/Projects/nears-NEARS-3551-unawaited-futures-cleanup/UserApp/test/features/store/store_filter_nfilterchip_toggle_test.dart: FilterWidget: tapping the discounted chip flips StoreController.isDiscountedItems via toggleDiscountedItems, and the NFilterChip Semantics(selected:) reflects it without duplication
[WARN] msg="module list empty, resolved module from store payload (store_id=7)"
00:02 +96: /Users/Apple/Projects/nears-NEARS-3551-unawaited-futures-cleanup/UserApp/test/features/store/store_profile_module_facts_test.dart: mobile hero — module-gated facts Grocery -> hours + fee, no cuisine tags
00:03 +97: /Users/Apple/Projects/nears-NEARS-3551-unawaited-futures-cleanup/UserApp/test/features/store/store_profile_module_facts_test.dart: mobile hero — module-gated facts Grocery -> hours + fee, no cuisine tags
00:03 +98: /Users/Apple/Projects/nears-NEARS-3551-unawaited-futures-cleanup/UserApp/test/features/store/store_profile_module_facts_test.dart: mobile hero — module-gated facts Grocery -> hours + fee, no cuisine tags
00:03 +99: /Users/Apple/Projects/nears-NEARS-3551-unawaited-futures-cleanup/UserApp/test/features/store/store_profile_module_facts_test.dart: mobile hero — module-gated facts Grocery -> hours + fee, no cuisine tags
00:03 +100: /Users/Apple/Projects/nears-NEARS-3551-unawaited-futures-cleanup/UserApp/test/features/store/store_profile_module_facts_test.dart: mobile hero — module-gated facts Grocery -> hours + fee, no cuisine tags
00:03 +101: /Users/Apple/Projects/nears-NEARS-3551-unawaited-futures-cleanup/UserApp/test/features/store/store_profile_module_facts_test.dart: mobile hero — module-gated facts Grocery -> hours + fee, no cuisine tags
00:03 +102: /Users/Apple/Projects/nears-NEARS-3551-unawaited-futures-cleanup/UserApp/test/features/store/store_profile_module_facts_test.dart: mobile hero — module-gated facts Grocery -> hours + fee, no cuisine tags
00:03 +103: /Users/Apple/Projects/nears-NEARS-3551-unawaited-futures-cleanup/UserApp/test/features/store/store_profile_module_facts_test.dart: mobile hero — module-gated facts Grocery -> hours + fee, no cuisine tags
00:03 +104: /Users/Apple/Projects/nears-NEARS-3551-unawaited-futures-cleanup/UserApp/test/features/store/store_profile_module_facts_test.dart: mobile hero — module-gated facts Grocery -> hours + fee, no cuisine tags
00:03 +105: /Users/Apple/Projects/nears-NEARS-3551-unawaited-futures-cleanup/UserApp/test/features/store/store_profile_module_facts_test.dart: mobile hero — module-gated facts Grocery -> hours + fee, no cuisine tags
00:03 +106: /Users/Apple/Projects/nears-NEARS-3551-unawaited-futures-cleanup/UserApp/test/features/store/store_profile_module_facts_test.dart: mobile hero — module-gated facts Grocery -> hours + fee, no cuisine tags
00:03 +107: /Users/Apple/Projects/nears-NEARS-3551-unawaited-futures-cleanup/UserApp/test/features/store/store_profile_module_facts_test.dart: mobile hero — module-gated facts Grocery -> hours + fee, no cuisine tags
00:03 +107: /Users/Apple/Projects/nears-NEARS-3551-unawaited-futures-cleanup/UserApp/test/features/store/store_status_evidence_test.dart: empty moduleList (shared-link entry) moduleTypeFor resolves from the store itself
[WARN] msg="module list empty, resolved module from store payload (store_id=6)"
00:03 +108: /Users/Apple/Projects/nears-NEARS-3551-unawaited-futures-cleanup/UserApp/test/features/store/store_profile_module_facts_test.dart: mobile hero — module-gated facts Grocery -> hours + fee, no cuisine tags
00:03 +109: /Users/Apple/Projects/nears-NEARS-3551-unawaited-futures-cleanup/UserApp/test/features/store/store_profile_module_facts_test.dart: mobile hero — module-gated facts Grocery -> hours + fee, no cuisine tags
00:03 +110: /Users/Apple/Projects/nears-NEARS-3551-unawaited-futures-cleanup/UserApp/test/features/store/store_profile_module_facts_test.dart: mobile hero — module-gated facts Grocery -> hours + fee, no cuisine tags
00:03 +111: /Users/Apple/Projects/nears-NEARS-3551-unawaited-futures-cleanup/UserApp/test/features/store/store_profile_module_facts_test.dart: mobile hero — module-gated facts Grocery -> hours + fee, no cuisine tags
00:03 +112: /Users/Apple/Projects/nears-NEARS-3551-unawaited-futures-cleanup/UserApp/test/features/store/store_profile_module_facts_test.dart: mobile hero — module-gated facts Grocery -> hours + fee, no cuisine tags
00:03 +113: /Users/Apple/Projects/nears-NEARS-3551-unawaited-futures-cleanup/UserApp/test/features/store/store_profile_module_facts_test.dart: mobile hero — module-gated facts Grocery -> hours + fee, no cuisine tags
00:03 +114: /Users/Apple/Projects/nears-NEARS-3551-unawaited-futures-cleanup/UserApp/test/features/store/store_profile_module_facts_test.dart: mobile hero — module-gated facts Grocery -> hours + fee, no cuisine tags
00:03 +115: /Users/Apple/Projects/nears-NEARS-3551-unawaited-futures-cleanup/UserApp/test/features/store/store_profile_module_facts_test.dart: mobile hero — module-gated facts Grocery -> hours + fee, no cuisine tags
00:03 +116: /Users/Apple/Projects/nears-NEARS-3551-unawaited-futures-cleanup/UserApp/test/features/store/store_filter_nfilterchip_toggle_test.dart: FilterWidget: tapping the discounted chip flips StoreController.isDiscountedItems via toggleDiscountedItems, and the NFilterChip Semantics(selected:) reflects it without duplication
00:03 +117: /Users/Apple/Projects/nears-NEARS-3551-unawaited-futures-cleanup/UserApp/test/features/store/store_filter_nfilterchip_toggle_test.dart: FilterWidget: tapping the discounted chip flips StoreController.isDiscountedItems via toggleDiscountedItems, and the NFilterChip Semantics(selected:) reflects it without duplication
00:03 +118: /Users/Apple/Projects/nears-NEARS-3551-unawaited-futures-cleanup/UserApp/test/features/store/store_filter_nfilterchip_toggle_test.dart: FilterWidget: tapping the discounted chip flips StoreController.isDiscountedItems via toggleDiscountedItems, and the NFilterChip Semantics(selected:) reflects it without duplication
00:03 +119: /Users/Apple/Projects/nears-NEARS-3551-unawaited-futures-cleanup/UserApp/test/features/store/store_filter_nfilterchip_toggle_test.dart: FilterWidget: tapping the discounted chip flips StoreController.isDiscountedItems via toggleDiscountedItems, and the NFilterChip Semantics(selected:) reflects it without duplication
00:03 +120: /Users/Apple/Projects/nears-NEARS-3551-unawaited-futures-cleanup/UserApp/test/features/store/store_details_get_notify_test.dart: NEARS-3465 REGRESSION — a synchronous initState() call site (mirrors store_screen/cart_screen) must defer the notify past the build phase fresh-fetch branch: notify fires in postFrameCallbacks, never mid-build
[FAIL] endpoint=/api/v1/stores/details/ http_status=null type=StoreDerivedDataFailure msg="store: derived-data build failed (String)"
00:03 +120: /Users/Apple/Projects/nears-NEARS-3551-unawaited-futures-cleanup/UserApp/test/features/store/store_filter_nfilterchip_toggle_test.dart: StoreFilterBottomSheetWidget: tapping the discounted chip flips the same controller wiring
[WARN] msg="module list empty, resolved module from store payload (store_id=7)"
00:03 +120: /Users/Apple/Projects/nears-NEARS-3551-unawaited-futures-cleanup/UserApp/test/features/store/store_profile_module_facts_test.dart: mobile hero — module-gated facts empty moduleList -> the Food status still renders
[WARN] msg="module list empty, resolved module from store payload (store_id=7)"
00:03 +121: /Users/Apple/Projects/nears-NEARS-3551-unawaited-futures-cleanup/UserApp/test/features/store/store_profile_module_facts_test.dart: mobile hero — module-gated facts empty moduleList -> the Food status still renders
00:03 +122: /Users/Apple/Projects/nears-NEARS-3551-unawaited-futures-cleanup/UserApp/test/features/store/store_filter_nfilterchip_toggle_test.dart: StoreFilterBottomSheetWidget: tapping the discounted chip flips the same controller wiring
00:03 +122: /Users/Apple/Projects/nears-NEARS-3551-unawaited-futures-cleanup/UserApp/test/features/store/store_details_get_notify_test.dart: fresh-fetch loading state notifies post-frame before the request settles
[FAIL] endpoint=/api/v1/stores/details/ http_status=null type=StoreDerivedDataFailure msg="store: derived-data build failed (String)"
00:03 +123: /Users/Apple/Projects/nears-NEARS-3551-unawaited-futures-cleanup/UserApp/test/features/store/store_filter_nfilterchip_toggle_test.dart: StoreFilterBottomSheetWidget: tapping the discounted chip flips the same controller wiring
00:03 +123: /Users/Apple/Projects/nears-NEARS-3551-unawaited-futures-cleanup/UserApp/test/features/store/store_profile_module_facts_test.dart: mobile hero — module-gated facts empty moduleList -> the Grocery hours + fee still render
[WARN] msg="module list empty, resolved module from store payload (store_id=7)"
00:03 +123: /Users/Apple/Projects/nears-NEARS-3551-unawaited-futures-cleanup/UserApp/test/features/store/store_details_get_notify_test.dart: REGRESSION — terminal finally still fires exactly once per fetch (bare update() + FAB-id update(), no double-notify)
[FAIL] endpoint=/api/v1/stores/details/ http_status=null type=StoreDerivedDataFailure msg="store: derived-data build failed (String)"
00:03 +124: /Users/Apple/Projects/nears-NEARS-3551-unawaited-futures-cleanup/UserApp/test/features/store/store_filter_nfilterchip_toggle_test.dart: StoreFilterBottomSheetWidget: tapping the discounted chip flips the same controller wiring
00:03 +125: /Users/Apple/Projects/nears-NEARS-3551-unawaited-futures-cleanup/UserApp/test/features/store/store_filter_nfilterchip_toggle_test.dart: StoreFilterBottomSheetWidget: tapping the discounted chip flips the same controller wiring
00:03 +126: /Users/Apple/Projects/nears-NEARS-3551-unawaited-futures-cleanup/UserApp/test/features/store/store_profile_module_facts_test.dart: mobile hero — module-gated facts state pills are all NBadge, none hand-rolled
00:03 +127: /Users/Apple/Projects/nears-NEARS-3551-unawaited-futures-cleanup/UserApp/test/features/store/store_profile_module_facts_test.dart: mobile hero — module-gated facts unresolved module -> neither block, legacy closed pill kept
00:03 +128: /Users/Apple/Projects/nears-NEARS-3551-unawaited-futures-cleanup/UserApp/test/features/store/store_profile_module_facts_test.dart: mobile hero — module-gated facts null `active` no longer throws and reads as open
00:03 +129: /Users/Apple/Projects/nears-NEARS-3551-unawaited-futures-cleanup/UserApp/test/features/store/store_profile_module_facts_test.dart: TB-1 unsubstantiated status Food, empty schedules -> NO status claim at all
00:03 +130: /Users/Apple/Projects/nears-NEARS-3551-unawaited-futures-cleanup/UserApp/test/features/store/store_profile_module_facts_test.dart: TB-1 unsubstantiated status Grocery, empty schedules -> no hours fragment
00:03 +131: /Users/Apple/Projects/nears-NEARS-3551-unawaited-futures-cleanup/UserApp/test/features/store/store_profile_module_facts_test.dart: TB-1 unsubstantiated status Food, absent schedules -> NO status claim at all
00:03 +132: /Users/Apple/Projects/nears-NEARS-3551-unawaited-futures-cleanup/UserApp/test/features/store/store_profile_module_facts_test.dart: TB-1 unsubstantiated status Grocery, absent schedules -> no hours fragment
00:03 +133: /Users/Apple/Projects/nears-NEARS-3551-unawaited-futures-cleanup/UserApp/test/features/store/store_profile_module_facts_test.dart: TB-1 unsubstantiated status desktop, empty schedules -> no status overlay, fee survives
00:03 +134: /Users/Apple/Projects/nears-NEARS-3551-unawaited-futures-cleanup/UserApp/test/features/store/store_profile_module_facts_test.dart: TB-1 unsubstantiated status an explicitly INACTIVE store may still be called closed
00:03 +135: /Users/Apple/Projects/nears-NEARS-3551-unawaited-futures-cleanup/UserApp/test/features/store/store_profile_module_facts_test.dart: desktop host — same facts (AC10) Grocery -> hours + fee rows
00:03 +136: /Users/Apple/Projects/nears-NEARS-3551-unawaited-futures-cleanup/UserApp/test/features/store/store_profile_module_facts_test.dart: desktop host — same facts (AC10) Food -> cuisine tags + always-on status overlay
00:03 +137: /Users/Apple/Projects/nears-NEARS-3551-unawaited-futures-cleanup/UserApp/test/features/store/store_profile_module_facts_test.dart: desktop host — same facts (AC10) null `active` no longer throws (the removed force-unwrap)
00:03 +138: /Users/Apple/Projects/nears-NEARS-3551-unawaited-futures-cleanup/UserApp/test/features/store/store_profile_module_facts_test.dart: 324 fits the worst-case Grocery hero at 1.0x: the action row is not clipped
00:03 +139: /Users/Apple/Projects/nears-NEARS-3551-unawaited-futures-cleanup/UserApp/test/features/store/store_profile_module_facts_test.dart: 324 fits the worst-case Grocery hero at 1.3x: the action row is not clipped
00:03 +140: /Users/Apple/Projects/nears-NEARS-3551-unawaited-futures-cleanup/UserApp/test/features/store/store_profile_module_facts_test.dart: 324 fits the worst-case Food hero at 1.0x: the action row is not clipped
00:03 +141: /Users/Apple/Projects/nears-NEARS-3551-unawaited-futures-cleanup/UserApp/test/features/store/store_profile_module_facts_test.dart: 324 fits the worst-case Food hero at 1.3x: the action row is not clipped
00:03 +142: /Users/Apple/Projects/nears-NEARS-3551-unawaited-futures-cleanup/UserApp/test/features/store/store_profile_module_facts_test.dart: hero height and shimmer hero height stay in lockstep
00:04 +143: /Users/Apple/Projects/nears-NEARS-3551-unawaited-futures-cleanup/UserApp/test/features/store/cart_suggested_item_model_offset_cast_test.dart: fromJson casts int limit/offset to String without throwing
00:04 +144: /Users/Apple/Projects/nears-NEARS-3551-unawaited-futures-cleanup/UserApp/test/features/store/cart_suggested_item_model_offset_cast_test.dart: fromJson preserves null limit/offset instead of stringifying them
00:04 +145: /Users/Apple/Projects/nears-NEARS-3551-unawaited-futures-cleanup/UserApp/test/features/store/store_repository_cache_zone_key_test.dart: (setUpAll)
00:04 +145: /Users/Apple/Projects/nears-NEARS-3551-unawaited-futures-cleanup/UserApp/test/features/store/store_repository_cache_zone_key_test.dart: NEARS-1167 — StoreRepository composes the zone suffix into every disk-cache key getList(isStoreList) writes a zone-suffixed key
00:04 +146: /Users/Apple/Projects/nears-NEARS-3551-unawaited-futures-cleanup/UserApp/test/features/store/store_repository_cache_zone_key_test.dart: NEARS-1167 — StoreRepository composes the zone suffix into every disk-cache key getList(isStoreList) writes a zone-suffixed key
00:04 +147: /Users/Apple/Projects/nears-NEARS-3551-unawaited-futures-cleanup/UserApp/test/features/store/store_repository_cache_zone_key_test.dart: NEARS-1167 — StoreRepository composes the zone suffix into every disk-cache key getList(isStoreList) writes a zone-suffixed key
00:04 +148: /Users/Apple/Projects/nears-NEARS-3551-unawaited-futures-cleanup/UserApp/test/features/store/store_repository_cache_zone_key_test.dart: NEARS-1167 — StoreRepository composes the zone suffix into every disk-cache key getList(isStoreList) writes a zone-suffixed key
00:04 +149: /Users/Apple/Projects/nears-NEARS-3551-unawaited-futures-cleanup/UserApp/test/features/store/store_repository_cache_zone_key_test.dart: NEARS-1167 — StoreRepository composes the zone suffix into every disk-cache key getList(isStoreList) writes a zone-suffixed key
00:04 +150: /Users/Apple/Projects/nears-NEARS-3551-unawaited-futures-cleanup/UserApp/test/features/store/store_repository_cache_zone_key_test.dart: NEARS-1167 — StoreRepository composes the zone suffix into every disk-cache key getList(isStoreList) writes a zone-suffixed key
00:04 +151: /Users/Apple/Projects/nears-NEARS-3551-unawaited-futures-cleanup/UserApp/test/features/store/store_repository_cache_zone_key_test.dart: NEARS-1167 — StoreRepository composes the zone suffix into every disk-cache key getList(isStoreList) writes a zone-suffixed key
00:04 +152: /Users/Apple/Projects/nears-NEARS-3551-unawaited-futures-cleanup/UserApp/test/features/store/store_repository_cache_zone_key_test.dart: NEARS-1167 — StoreRepository composes the zone suffix into every disk-cache key getList(isStoreList) writes a zone-suffixed key
00:04 +153: /Users/Apple/Projects/nears-NEARS-3551-unawaited-futures-cleanup/UserApp/test/features/store/store_repository_cache_zone_key_test.dart: NEARS-1167 — StoreRepository composes the zone suffix into every disk-cache key getList(isStoreList) writes a zone-suffixed key
00:04 +154: /Users/Apple/Projects/nears-NEARS-3551-unawaited-futures-cleanup/UserApp/test/features/store/store_repository_cache_zone_key_test.dart: NEARS-1167 — StoreRepository composes the zone suffix into every disk-cache key getList(isStoreList) writes a zone-suffixed key
00:04 +155: /Users/Apple/Projects/nears-NEARS-3551-unawaited-futures-cleanup/UserApp/test/features/store/store_repository_cache_zone_key_test.dart: NEARS-1167 — StoreRepository composes the zone suffix into every disk-cache key getList(isStoreList) writes a zone-suffixed key
00:04 +156: /Users/Apple/Projects/nears-NEARS-3551-unawaited-futures-cleanup/UserApp/test/features/store/store_repository_cache_zone_key_test.dart: NEARS-1167 — StoreRepository composes the zone suffix into every disk-cache key getList(isStoreList) writes a zone-suffixed key
00:04 +157: /Users/Apple/Projects/nears-NEARS-3551-unawaited-futures-cleanup/UserApp/test/features/store/store_out_of_zone_dialog_test.dart: classified 403 out_of_zone on the store-screen surface shows ZoneWarningDialog, no store set
00:04 +158: /Users/Apple/Projects/nears-NEARS-3551-unawaited-futures-cleanup/UserApp/test/features/store/store_out_of_zone_dialog_test.dart: classified 403 out_of_zone on the store-screen surface shows ZoneWarningDialog, no store set
00:04 +159: /Users/Apple/Projects/nears-NEARS-3551-unawaited-futures-cleanup/UserApp/test/features/store/store_out_of_zone_dialog_test.dart: classified 403 out_of_zone on the store-screen surface shows ZoneWarningDialog, no store set
00:04 +160: /Users/Apple/Projects/nears-NEARS-3551-unawaited-futures-cleanup/UserApp/test/features/store/store_out_of_zone_dialog_test.dart: classified 403 out_of_zone on the store-screen surface shows ZoneWarningDialog, no store set
00:04 +161: /Users/Apple/Projects/nears-NEARS-3551-unawaited-futures-cleanup/UserApp/test/features/store/store_out_of_zone_dialog_test.dart: classified 403 out_of_zone on the store-screen surface shows ZoneWarningDialog, no store set
00:04 +162: /Users/Apple/Projects/nears-NEARS-3551-unawaited-futures-cleanup/UserApp/test/features/store/store_out_of_zone_dialog_test.dart: classified 403 out_of_zone on the store-screen surface shows ZoneWarningDialog, no store set
00:04 +163: /Users/Apple/Projects/nears-NEARS-3551-unawaited-futures-cleanup/UserApp/test/features/store/store_out_of_zone_dialog_test.dart: classified 403 out_of_zone on the store-screen surface shows ZoneWarningDialog, no store set
00:04 +164: /Users/Apple/Projects/nears-NEARS-3551-unawaited-futures-cleanup/UserApp/test/features/store/store_out_of_zone_dialog_test.dart: classified 403 out_of_zone on the store-screen surface shows ZoneWarningDialog, no store set
00:04 +165: /Users/Apple/Projects/nears-NEARS-3551-unawaited-futures-cleanup/UserApp/test/features/store/store_out_of_zone_dialog_test.dart: classified 403 out_of_zone on the store-screen surface shows ZoneWarningDialog, no store set
00:04 +166: /Users/Apple/Projects/nears-NEARS-3551-unawaited-futures-cleanup/UserApp/test/features/store/store_out_of_zone_dialog_test.dart: classified 403 out_of_zone on the store-screen surface shows ZoneWarningDialog, no store set
00:04 +167: /Users/Apple/Projects/nears-NEARS-3551-unawaited-futures-cleanup/UserApp/test/features/store/store_out_of_zone_dialog_test.dart: classified 403 out_of_zone on the store-screen surface shows ZoneWarningDialog, no store set
[WARN] msg="store: details out of zone"
[FAIL] endpoint=/api/v1/stores/details/ http_status=403 type=ApiFailure msg="store: details out of zone"
00:04 +168: /Users/Apple/Projects/nears-NEARS-3551-unawaited-futures-cleanup/UserApp/test/features/store/store_out_of_zone_dialog_test.dart: classified 403 out_of_zone on the store-screen surface shows ZoneWarningDialog, no store set
00:04 +169: /Users/Apple/Projects/nears-NEARS-3551-unawaited-futures-cleanup/UserApp/test/features/store/store_out_of_zone_dialog_test.dart: classified 403 out_of_zone on the store-screen surface shows ZoneWarningDialog, no store set
00:04 +170: /Users/Apple/Projects/nears-NEARS-3551-unawaited-futures-cleanup/UserApp/test/features/store/store_out_of_zone_dialog_test.dart: classified 403 out_of_zone on the store-screen surface shows ZoneWarningDialog, no store set
00:05 +171: /Users/Apple/Projects/nears-NEARS-3551-unawaited-futures-cleanup/UserApp/test/features/store/load_more_failure_part1_test.dart: NEARS-1109 PaginatedListView: a throwing page P1 PAGE-SKIP PIN: a failed page 2 rolls the cursor back — the next fetch asks for 2 again, NEVER 3
00:05 +171: /Users/Apple/Projects/nears-NEARS-3551-unawaited-futures-cleanup/UserApp/test/features/store/store_out_of_zone_dialog_test.dart: checkout-context 403 (default flag): NO dialog, NO route change — cart preserved
[WARN] msg="store: details out of zone"
[FAIL] endpoint=/api/v1/stores/details/ http_status=403 type=ApiFailure msg="store: details out of zone"
00:05 +172: /Users/Apple/Projects/nears-NEARS-3551-unawaited-futures-cleanup/UserApp/test/features/store/load_more_failure_part1_test.dart: NEARS-1109 PaginatedListView: a throwing page P1 PAGE-SKIP PIN: a failed page 2 rolls the cursor back — the next fetch asks for 2 again, NEVER 3
00:05 +172: /Users/Apple/Projects/nears-NEARS-3551-unawaited-futures-cleanup/UserApp/test/features/store/store_out_of_zone_dialog_test.dart: unclassified failure shows NO zone dialog (generic snackbar)
[FAIL] endpoint=/api/v1/stores/details/ http_status=null type=ApiFailure msg="store details fetch failed (unclassified)"
00:05 +172: /Users/Apple/Projects/nears-NEARS-3551-unawaited-futures-cleanup/UserApp/test/features/store/load_more_failure_part1_test.dart: NEARS-1109 PaginatedListView: a throwing page P1 PAGE-SKIP PIN: a failed page 2 rolls the cursor back — the next fetch asks for 2 again, NEVER 3
[WARN] msg="paginated list: onPaginate(2) failed, retry re-allowed (ApiFailure)"
00:05 +173: /Users/Apple/Projects/nears-NEARS-3551-unawaited-futures-cleanup/UserApp/test/features/store/load_more_failure_part1_test.dart: NEARS-1109 PaginatedListView: a throwing page P1 PAGE-SKIP PIN: a failed page 2 rolls the cursor back — the next fetch asks for 2 again, NEVER 3
00:05 +173: /Users/Apple/Projects/nears-NEARS-3551-unawaited-futures-cleanup/UserApp/test/features/store/store_out_of_zone_dialog_test.dart: backend message on an unclassified structured error is surfaced
[FAIL] endpoint=/api/v1/stores/details/ http_status=500 type=ApiFailure msg="store details fetch failed (unclassified)"
00:05 +174: /Users/Apple/Projects/nears-NEARS-3551-unawaited-futures-cleanup/UserApp/test/features/store/load_more_failure_part1_test.dart: NEARS-1109 PaginatedListView: a throwing page P1 PAGE-SKIP PIN: a failed page 2 rolls the cursor back — the next fetch asks for 2 again, NEVER 3
00:05 +174: /Users/Apple/Projects/nears-NEARS-3551-unawaited-futures-cleanup/UserApp/test/features/store/store_out_of_zone_dialog_test.dart: checkout suppress: 403 out_of_zone sets detailsOutOfZone, NO snackbar, NO dialog
[WARN] msg="store: details out of zone"
[FAIL] endpoint=/api/v1/stores/details/ http_status=403 type=ApiFailure msg="store: details out of zone"
00:05 +175: /Users/Apple/Projects/nears-NEARS-3551-unawaited-futures-cleanup/UserApp/test/features/store/load_more_failure_part1_test.dart: NEARS-1109 PaginatedListView: a throwing page P1 PAGE-SKIP PIN: a failed page 2 rolls the cursor back — the next fetch asks for 2 again, NEVER 3
00:05 +175: /Users/Apple/Projects/nears-NEARS-3551-unawaited-futures-cleanup/UserApp/test/features/store/store_out_of_zone_dialog_test.dart: detailsOutOfZone resets to false on a subsequent non-out-of-zone fetch
[WARN] msg="store: details out of zone"
[FAIL] endpoint=/api/v1/stores/details/ http_status=403 type=ApiFailure msg="store: details out of zone"
[FAIL] endpoint=/api/v1/stores/details/ http_status=null type=ApiFailure msg="store details fetch failed (unclassified)"
00:05 +176: /Users/Apple/Projects/nears-NEARS-3551-unawaited-futures-cleanup/UserApp/test/features/store/load_more_failure_part1_test.dart: NEARS-1109 PaginatedListView: a throwing page P1 PAGE-SKIP PIN: a failed page 2 rolls the cursor back — the next fetch asks for 2 again, NEVER 3
00:05 +177: /Users/Apple/Projects/nears-NEARS-3551-unawaited-futures-cleanup/UserApp/test/features/store/load_more_failure_part1_test.dart: NEARS-1109 PaginatedListView: a throwing page P2 the failure renders the inline row in the spinner slot — not a spinner, not the page-level NearsErrorRetry
[WARN] msg="paginated list: onPaginate(2) failed, retry re-allowed (ApiFailure)"
00:05 +178: /Users/Apple/Projects/nears-NEARS-3551-unawaited-futures-cleanup/UserApp/test/features/store/load_more_failure_part1_test.dart: NEARS-1109 PaginatedListView: a throwing page PIN B-seal / P3: the error row seals the scroll listener — a scroll jiggle does NOT silently auto-retry
[WARN] msg="paginated list: onPaginate(2) failed, retry re-allowed (ApiFailure)"
00:05 +179: /Users/Apple/Projects/nears-NEARS-3551-unawaited-futures-cleanup/UserApp/test/features/store/load_more_failure_part1_test.dart: NEARS-1109 PaginatedListView: a throwing page PIN B-rebuild: a bare rebuild (same session) does NOT clear the row — the store grid rebuilds constantly under GetBuilder, and an auto-clear there would restore the silent request storm
[WARN] msg="paginated list: onPaginate(2) failed, retry re-allowed (ApiFailure)"
00:05 +180: /Users/Apple/Projects/nears-NEARS-3551-unawaited-futures-cleanup/UserApp/test/features/store/load_more_failure_part1_test.dart: NEARS-1109 PaginatedListView: a throwing page PIN A-reset: a NEW SESSION with the model offset unchanged (1 → 1) clears the seal and page 2 is fetched again — the exact live kill path: a failed page 2 then a category switch
[WARN] msg="paginated list: onPaginate(2) failed, retry re-allowed (ApiFailure)"
00:05 +181: /Users/Apple/Projects/nears-NEARS-3551-unawaited-futures-cleanup/UserApp/test/features/store/load_more_failure_part1_test.dart: NEARS-1109 PaginatedListView: a throwing page PIN C-shared: a consumer that supplies NO sessionId (the 6 shared users) is never sealed and keeps advancing 2 → 3 → 4
00:05 +182: /Users/Apple/Projects/nears-NEARS-3551-unawaited-futures-cleanup/UserApp/test/features/store/load_more_failure_part1_test.dart: NEARS-1109 PaginatedListView: a throwing page PIN C-degrade: a THROWING consumer that supplies no sessionId degrades to SAFE — no row, and never sealed (it could not clear one)
[WARN] msg="paginated list: onPaginate(2) failed, retry re-allowed (ApiFailure) — not surfaced: no sessionId"
[WARN] msg="paginated list: onPaginate(2) failed, retry re-allowed (ApiFailure) — not surfaced: no sessionId"
00:05 +183: /Users/Apple/Projects/nears-NEARS-3551-unawaited-futures-cleanup/UserApp/test/features/store/load_more_failure_part1_test.dart: NEARS-1109 PaginatedListView: a throwing page a successful Retry clears the row and pagination continues
[WARN] msg="paginated list: onPaginate(2) failed, retry re-allowed (ApiFailure)"
00:05 +184: /Users/Apple/Projects/nears-NEARS-3551-unawaited-futures-cleanup/UserApp/test/features/store/all_store_screen_error_retry_test.dart: (setUpAll)
00:05 +184: /Users/Apple/Projects/nears-NEARS-3551-unawaited-futures-cleanup/UserApp/test/features/store/all_store_screen_error_retry_test.dart: AC1: a failed fetch renders NErrorRetry, not the shimmer
00:06 +185: /Users/Apple/Projects/nears-NEARS-3551-unawaited-futures-cleanup/UserApp/test/features/store/all_store_screen_error_retry_test.dart: AC1: a failed fetch renders NErrorRetry, not the shimmer
00:06 +186: /Users/Apple/Projects/nears-NEARS-3551-unawaited-futures-cleanup/UserApp/test/features/store/all_store_screen_error_retry_test.dart: AC1: a failed fetch renders NErrorRetry, not the shimmer
00:06 +187: /Users/Apple/Projects/nears-NEARS-3551-unawaited-futures-cleanup/UserApp/test/features/store/all_store_screen_error_retry_test.dart: AC1: a failed fetch renders NErrorRetry, not the shimmer
00:06 +188: /Users/Apple/Projects/nears-NEARS-3551-unawaited-futures-cleanup/UserApp/test/features/store/all_store_screen_error_retry_test.dart: AC1: a failed fetch renders NErrorRetry, not the shimmer
00:06 +189: /Users/Apple/Projects/nears-NEARS-3551-unawaited-futures-cleanup/UserApp/test/features/store/all_store_screen_error_retry_test.dart: AC1: a failed fetch renders NErrorRetry, not the shimmer
00:06 +190: /Users/Apple/Projects/nears-NEARS-3551-unawaited-futures-cleanup/UserApp/test/features/store/all_store_screen_error_retry_test.dart: AC1: a failed fetch renders NErrorRetry, not the shimmer
00:06 +191: /Users/Apple/Projects/nears-NEARS-3551-unawaited-futures-cleanup/UserApp/test/features/store/nears_store_header_test.dart: cover photo present -> NImage gets the cover URL, no fallback gradient
00:06 +192: /Users/Apple/Projects/nears-NEARS-3551-unawaited-futures-cleanup/UserApp/test/features/store/nears_store_header_test.dart: cover photo present -> NImage gets the cover URL, no fallback gradient
00:06 +193: /Users/Apple/Projects/nears-NEARS-3551-unawaited-futures-cleanup/UserApp/test/features/store/nears_store_header_test.dart: cover photo present -> NImage gets the cover URL, no fallback gradient
00:06 +194: /Users/Apple/Projects/nears-NEARS-3551-unawaited-futures-cleanup/UserApp/test/features/store/nears_store_header_test.dart: cover photo present -> NImage gets the cover URL, no fallback gradient
00:06 +195: /Users/Apple/Projects/nears-NEARS-3551-unawaited-futures-cleanup/UserApp/test/features/store/nears_store_header_test.dart: cover photo present -> NImage gets the cover URL, no fallback gradient
00:06 +196: /Users/Apple/Projects/nears-NEARS-3551-unawaited-futures-cleanup/UserApp/test/features/store/nears_store_header_test.dart: cover photo present -> NImage gets the cover URL, no fallback gradient
00:06 +197: /Users/Apple/Projects/nears-NEARS-3551-unawaited-futures-cleanup/UserApp/test/features/store/nears_store_header_test.dart: cover photo present -> NImage gets the cover URL, no fallback gradient
00:06 +198: /Users/Apple/Projects/nears-NEARS-3551-unawaited-futures-cleanup/UserApp/test/features/store/nears_store_header_test.dart: cover photo present -> NImage gets the cover URL, no fallback gradient
00:06 +199: /Users/Apple/Projects/nears-NEARS-3551-unawaited-futures-cleanup/UserApp/test/features/store/nears_store_header_test.dart: cover photo present -> NImage gets the cover URL, no fallback gradient
00:06 +200: /Users/Apple/Projects/nears-NEARS-3551-unawaited-futures-cleanup/UserApp/test/features/store/nears_store_header_test.dart: cover photo present -> NImage gets the cover URL, no fallback gradient
00:06 +201: /Users/Apple/Projects/nears-NEARS-3551-unawaited-futures-cleanup/UserApp/test/features/store/nears_store_header_test.dart: cover photo present -> NImage gets the cover URL, no fallback gradient
00:06 +202: /Users/Apple/Projects/nears-NEARS-3551-unawaited-futures-cleanup/UserApp/test/features/store/nears_store_header_test.dart: cover photo present -> NImage gets the cover URL, no fallback gradient
00:06 +203: /Users/Apple/Projects/nears-NEARS-3551-unawaited-futures-cleanup/UserApp/test/features/store/nears_store_header_test.dart: cover photo present -> NImage gets the cover URL, no fallback gradient
00:06 +204: /Users/Apple/Projects/nears-NEARS-3551-unawaited-futures-cleanup/UserApp/test/features/store/nears_store_header_test.dart: cover photo present -> NImage gets the cover URL, no fallback gradient
00:06 +205: /Users/Apple/Projects/nears-NEARS-3551-unawaited-futures-cleanup/UserApp/test/features/store/nears_store_header_test.dart: cover photo present -> NImage gets the cover URL, no fallback gradient
00:06 +206: /Users/Apple/Projects/nears-NEARS-3551-unawaited-futures-cleanup/UserApp/test/features/store/nears_store_header_test.dart: cover photo present -> NImage gets the cover URL, no fallback gradient
00:06 +207: /Users/Apple/Projects/nears-NEARS-3551-unawaited-futures-cleanup/UserApp/test/features/store/store_screen_slug_forwarding_test.dart: deep-link open with a populated slug forwards the slug to the repository
00:06 +208: /Users/Apple/Projects/nears-NEARS-3551-unawaited-futures-cleanup/UserApp/test/features/store/store_screen_slug_forwarding_test.dart: deep-link open with a populated slug forwards the slug to the repository
00:06 +209: /Users/Apple/Projects/nears-NEARS-3551-unawaited-futures-cleanup/UserApp/test/features/store/store_screen_slug_forwarding_test.dart: deep-link open with a populated slug forwards the slug to the repository
00:06 +210: /Users/Apple/Projects/nears-NEARS-3551-unawaited-futures-cleanup/UserApp/test/features/store/store_screen_slug_forwarding_test.dart: deep-link open with a populated slug forwards the slug to the repository
00:06 +211: /Users/Apple/Projects/nears-NEARS-3551-unawaited-futures-cleanup/UserApp/test/features/store/store_screen_slug_forwarding_test.dart: deep-link open with a populated slug forwards the slug to the repository
00:06 +212: /Users/Apple/Projects/nears-NEARS-3551-unawaited-futures-cleanup/UserApp/test/features/store/store_screen_slug_forwarding_test.dart: deep-link open with a populated slug forwards the slug to the repository
00:06 +213: /Users/Apple/Projects/nears-NEARS-3551-unawaited-futures-cleanup/UserApp/test/features/store/store_screen_slug_forwarding_test.dart: deep-link open with a populated slug forwards the slug to the repository
[FAIL] endpoint=/api/v1/stores/details/ http_status=null type=ApiFailure msg="store details fetch failed (unclassified)"
00:06 +213: /Users/Apple/Projects/nears-NEARS-3551-unawaited-futures-cleanup/UserApp/test/features/store/store_screen_null_config_fab_test.dart: T1 defect pin: a null configModel builds StoreScreen without throwing and hides the prescription FAB
[FAIL] endpoint=/api/v1/stores/details/ http_status=null type=ApiFailure msg="store details fetch failed (unclassified)"
00:06 +214: /Users/Apple/Projects/nears-NEARS-3551-unawaited-futures-cleanup/UserApp/test/features/store/store_screen_slug_forwarding_test.dart: deep-link open with a populated slug forwards the slug to the repository
00:06 +215: /Users/Apple/Projects/nears-NEARS-3551-unawaited-futures-cleanup/UserApp/test/features/store/store_screen_null_config_fab_test.dart: T1 defect pin: a null configModel builds StoreScreen without throwing and hides the prescription FAB
00:06 +216: /Users/Apple/Projects/nears-NEARS-3551-unawaited-futures-cleanup/UserApp/test/features/store/nears_store_header_test.dart: rich-meta store does not overflow through header collapse (RTL)
00:07 +217: /Users/Apple/Projects/nears-NEARS-3551-unawaited-futures-cleanup/UserApp/test/features/store/store_screen_null_config_fab_test.dart: T5 race pin: config still null AFTER the store details land — every other arm satisfied — still no crash, FAB hidden
00:07 +218: /Users/Apple/Projects/nears-NEARS-3551-unawaited-futures-cleanup/UserApp/test/features/store/nears_store_header_test.dart: rich-meta store does not overflow through header collapse (LTR)
00:07 +219: /Users/Apple/Projects/nears-NEARS-3551-unawaited-futures-cleanup/UserApp/test/features/store/store_screen_null_config_fab_test.dart: T2 negative control: a fully loaded config + prescription store + logged-in user still RENDERS the prescription FAB
00:07 +220: /Users/Apple/Projects/nears-NEARS-3551-unawaited-futures-cleanup/UserApp/test/features/store/store_screen_null_config_fab_test.dart: T3 hardening: a non-null config with a null moduleConfig hides the FAB without throwing
00:07 +221: /Users/Apple/Projects/nears-NEARS-3551-unawaited-futures-cleanup/UserApp/test/features/store/store_screen_null_config_fab_test.dart: T4 hardening: a full config with a null store.prescriptionOrder hides the FAB without throwing
00:07 +222: /Users/Apple/Projects/nears-NEARS-3551-unawaited-futures-cleanup/UserApp/test/features/store/store_screen_null_config_fab_test.dart: (tearDownAll)
00:07 +222: /Users/Apple/Projects/nears-NEARS-3551-unawaited-futures-cleanup/UserApp/test/features/store/store_card_distance_suppression_test.dart: (setUpAll)
00:07 +222: /Users/Apple/Projects/nears-NEARS-3551-unawaited-futures-cleanup/UserApp/test/features/store/store_card_distance_suppression_test.dart: no resolved location => NO "km" distance label (AC2/AC4)
00:07 +223: /Users/Apple/Projects/nears-NEARS-3551-unawaited-futures-cleanup/UserApp/test/features/store/store_card_distance_suppression_test.dart: (0,0) "unset" address => NO "km" distance label (AC2)
00:07 +224: /Users/Apple/Projects/nears-NEARS-3551-unawaited-futures-cleanup/UserApp/test/features/store/store_card_distance_suppression_test.dart: resolved location => distance label IS shown (AC3)
00:07 +225: /Users/Apple/Projects/nears-NEARS-3551-unawaited-futures-cleanup/UserApp/test/features/store/store_card_distance_suppression_test.dart: (tearDownAll)
00:08 +225: /Users/Apple/Projects/nears-NEARS-3551-unawaited-futures-cleanup/UserApp/test/features/store/store_controller_test.dart: (setUpAll)
00:08 +225: /Users/Apple/Projects/nears-NEARS-3551-unawaited-futures-cleanup/UserApp/test/features/store/store_controller_test.dart: storeItemPriceFilterMax returns the max price (sorted last) across loaded items
00:08 +226: /Users/Apple/Projects/nears-NEARS-3551-unawaited-futures-cleanup/UserApp/test/features/store/store_controller_test.dart: storeItemPriceFilterMax empty item list -> 1000 default
00:08 +227: /Users/Apple/Projects/nears-NEARS-3551-unawaited-futures-cleanup/UserApp/test/features/store/store_controller_test.dart: storeItemPriceFilterMax null _storeItemModel (items not loaded) -> 1000 default
00:08 +228: /Users/Apple/Projects/nears-NEARS-3551-unawaited-futures-cleanup/UserApp/test/features/store/store_controller_test.dart: storeItemPriceFilterMax a null item price is excluded, max is computed across the remaining prices
00:08 +229: /Users/Apple/Projects/nears-NEARS-3551-unawaited-futures-cleanup/UserApp/test/features/store/store_controller_test.dart: allStoreTitle featured wins first
00:08 +230: /Users/Apple/Projects/nears-NEARS-3551-unawaited-futures-cleanup/UserApp/test/features/store/store_controller_test.dart: allStoreTitle popular + showRestaurantText:true + not-nearby -> popular_restaurants
00:08 +231: /Users/Apple/Projects/nears-NEARS-3551-unawaited-futures-cleanup/UserApp/test/features/store/store_controller_test.dart: allStoreTitle popular + showRestaurantText:true + nearby -> best_store_nearby
00:08 +232: /Users/Apple/Projects/nears-NEARS-3551-unawaited-futures-cleanup/UserApp/test/features/store/store_controller_test.dart: allStoreTitle popular + showRestaurantText:false + not-nearby -> popular_stores
00:08 +233: /Users/Apple/Projects/nears-NEARS-3551-unawaited-futures-cleanup/UserApp/test/features/store/store_controller_test.dart: allStoreTitle popular + showRestaurantText:false + nearby -> best_store_nearby
00:08 +234: /Users/Apple/Projects/nears-NEARS-3551-unawaited-futures-cleanup/UserApp/test/features/store/store_controller_test.dart: allStoreTitle recommended -> recommended_store
00:08 +235: /Users/Apple/Projects/nears-NEARS-3551-unawaited-futures-cleanup/UserApp/test/features/store/store_controller_test.dart: allStoreTitle fallthrough -> new_on <appName>
00:08 +236: /Users/Apple/Projects/nears-NEARS-3551-unawaited-futures-cleanup/UserApp/test/features/store/store_controller_test.dart: activeAllStoreList popular branch
00:08 +237: /Users/Apple/Projects/nears-NEARS-3551-unawaited-futures-cleanup/UserApp/test/features/store/store_controller_test.dart: activeAllStoreList recommended branch
00:08 +238: /Users/Apple/Projects/nears-NEARS-3551-unawaited-futures-cleanup/UserApp/test/features/store/store_controller_test.dart: activeAllStoreList fallthrough -> latest
00:08 +239: /Users/Apple/Projects/nears-NEARS-3551-unawaited-futures-cleanup/UserApp/test/features/store/store_controller_test.dart: activeAllStoreList featured wins first and returns the (unloaded) featured list = null
00:08 +240: /Users/Apple/Projects/nears-NEARS-3551-unawaited-futures-cleanup/UserApp/test/features/store/store_controller_test.dart: activeAllStoreListFailed popular: cold cache + client failure sets the flag (AC1)
00:08 +241: /Users/Apple/Projects/nears-NEARS-3551-unawaited-futures-cleanup/UserApp/test/features/store/store_controller_test.dart: activeAllStoreListFailed popular: a warm cache survives a client failure — no flag, no clobber (AC3, mirrors the _storeModel==null guard)
00:08 +242: /Users/Apple/Projects/nears-NEARS-3551-unawaited-futures-cleanup/UserApp/test/features/store/store_controller_test.dart: activeAllStoreListFailed popular: a successful reload after a failure clears the flag (AC2)
00:08 +243: /Users/Apple/Projects/nears-NEARS-3551-unawaited-futures-cleanup/UserApp/test/features/store/store_controller_test.dart: activeAllStoreListFailed latest (fallthrough branch): cold cache + client failure sets the flag
00:08 +244: /Users/Apple/Projects/nears-NEARS-3551-unawaited-futures-cleanup/UserApp/test/features/store/store_controller_test.dart: activeAllStoreListFailed recommended: cold cache + client failure sets the flag
00:08 +245: /Users/Apple/Projects/nears-NEARS-3551-unawaited-futures-cleanup/UserApp/test/features/store/store_controller_test.dart: activeAllStoreListFailed featured: cold cache + client failure sets the flag
00:08 +246: /Users/Apple/Projects/nears-NEARS-3551-unawaited-futures-cleanup/UserApp/test/features/store/store_controller_test.dart: activeAllStoreListFailed featured: a successful fetch clears the flag
00:08 +247: /Users/Apple/Projects/nears-NEARS-3551-unawaited-futures-cleanup/UserApp/test/features/store/store_controller_test.dart: activeAllStoreListFailed branch selection matches activeAllStoreList (featured wins first)
00:08 +248: /Users/Apple/Projects/nears-NEARS-3551-unawaited-futures-cleanup/UserApp/test/features/store/store_controller_test.dart: activeAllStoreListFailed clearZoneStores resets all 4 flags — a stale failure must not survive a zone switch (NEARS-2447-R1)
00:08 +249: /Users/Apple/Projects/nears-NEARS-3551-unawaited-futures-cleanup/UserApp/test/features/store/store_controller_test.dart: searchItemsFailed AC1/AC3: a failed first-page search sets searchItemsFailed
00:08 +250: /Users/Apple/Projects/nears-NEARS-3551-unawaited-futures-cleanup/UserApp/test/features/store/store_controller_test.dart: searchItemsFailed a successful first-page search clears searchItemsFailed
00:08 +251: /Users/Apple/Projects/nears-NEARS-3551-unawaited-futures-cleanup/UserApp/test/features/store/store_controller_test.dart: searchItemsFailed AC2: retry re-issues the same searchText/storeID/type
00:08 +252: /Users/Apple/Projects/nears-NEARS-3551-unawaited-futures-cleanup/UserApp/test/features/store/store_controller_test.dart: searchItemsFailed load-more (offset > 1) failure does NOT set searchItemsFailed
00:08 +253: /Users/Apple/Projects/nears-NEARS-3551-unawaited-futures-cleanup/UserApp/test/features/store/store_controller_test.dart: searchItemsFailed a new search query clears a stale failure before the fetch resolves
00:08 +254: /Users/Apple/Projects/nears-NEARS-3551-unawaited-futures-cleanup/UserApp/test/features/store/store_controller_test.dart: searchItemsFailed epoch guard: a slower superseded search failing AFTER a newer search already succeeded does not clobber the newer session (review-lessons: stale-async-writeback-seals-new-session)
00:08 +255: /Users/Apple/Projects/nears-NEARS-3551-unawaited-futures-cleanup/UserApp/test/features/store/store_controller_test.dart: showAllStoreTypeChips type chips: food && !featured && !recommended
00:08 +256: /Users/Apple/Projects/nears-NEARS-3551-unawaited-futures-cleanup/UserApp/test/features/store/store_controller_test.dart: setCategoryList seeds [all] + only the store-matching categories, in order
00:08 +257: /Users/Apple/Projects/nears-NEARS-3551-unawaited-futures-cleanup/UserApp/test/features/store/store_grid_error_retry_test.dart: (setUpAll)
00:08 +258: /Users/Apple/Projects/nears-NEARS-3551-unawaited-futures-cleanup/UserApp/test/features/store/store_grid_error_retry_test.dart: (setUpAll)
00:08 +259: /Users/Apple/Projects/nears-NEARS-3551-unawaited-futures-cleanup/UserApp/test/features/store/store_grid_error_retry_test.dart: (setUpAll)
00:08 +260: /Users/Apple/Projects/nears-NEARS-3551-unawaited-futures-cleanup/UserApp/test/features/store/store_grid_error_retry_test.dart: (setUpAll)
00:08 +260: /Users/Apple/Projects/nears-NEARS-3551-unawaited-futures-cleanup/UserApp/test/features/store/store_controller_test.dart: getStoreDetails epoch guard (NEARS-3540) a slower out-of-zone call for a DIFFERENT store resolving after a newer in-zone call succeeded does not clobber the newer store/flags
[WARN] msg="store: details out of zone"
[FAIL] endpoint=/api/v1/stores/details/ http_status=403 type=ApiFailure msg="store: details out of zone"
00:08 +261: /Users/Apple/Projects/nears-NEARS-3551-unawaited-futures-cleanup/UserApp/test/features/store/store_grid_error_retry_test.dart: storeItemsFailed flag initial state is false
00:08 +262: /Users/Apple/Projects/nears-NEARS-3551-unawaited-futures-cleanup/UserApp/test/features/store/store_grid_error_retry_test.dart: storeItemsFailed flag initial state is false
00:08 +263: /Users/Apple/Projects/nears-NEARS-3551-unawaited-futures-cleanup/UserApp/test/features/store/store_grid_error_retry_test.dart: storeItemsFailed flag initial state is false
00:08 +264: /Users/Apple/Projects/nears-NEARS-3551-unawaited-futures-cleanup/UserApp/test/features/store/store_grid_error_retry_test.dart: storeItemsFailed flag initial state is false
00:08 +265: /Users/Apple/Projects/nears-NEARS-3551-unawaited-futures-cleanup/UserApp/test/features/store/store_grid_error_retry_test.dart: storeItemsFailed flag initial state is false
00:08 +266: /Users/Apple/Projects/nears-NEARS-3551-unawaited-futures-cleanup/UserApp/test/features/store/store_grid_error_retry_test.dart: storeItemsFailed flag initial state is false
00:08 +267: /Users/Apple/Projects/nears-NEARS-3551-unawaited-futures-cleanup/UserApp/test/features/store/store_grid_error_retry_test.dart: storeItemsFailed flag initial state is false
00:08 +268: /Users/Apple/Projects/nears-NEARS-3551-unawaited-futures-cleanup/UserApp/test/features/store/store_grid_error_retry_test.dart: storeItemsFailed flag initial state is false
00:08 +269: /Users/Apple/Projects/nears-NEARS-3551-unawaited-futures-cleanup/UserApp/test/features/store/store_grid_error_retry_test.dart: storeItemsFailed flag initial state is false
00:08 +270: /Users/Apple/Projects/nears-NEARS-3551-unawaited-futures-cleanup/UserApp/test/features/store/store_card_rtl_logo_overlap_test.dart: logo and store name do NOT overlap under RTL (both mirror together)
00:08 +271: /Users/Apple/Projects/nears-NEARS-3551-unawaited-futures-cleanup/UserApp/test/features/store/store_card_rtl_logo_overlap_test.dart: logo and store name do NOT overlap under RTL (both mirror together)
00:08 +272: /Users/Apple/Projects/nears-NEARS-3551-unawaited-futures-cleanup/UserApp/test/features/store/store_card_rtl_logo_overlap_test.dart: logo and store name do NOT overlap under RTL (both mirror together)
00:08 +273: /Users/Apple/Projects/nears-NEARS-3551-unawaited-futures-cleanup/UserApp/test/features/store/store_card_rtl_logo_overlap_test.dart: logo and store name do NOT overlap under RTL (both mirror together)
00:08 +274: /Users/Apple/Projects/nears-NEARS-3551-unawaited-futures-cleanup/UserApp/test/features/store/store_card_rtl_logo_overlap_test.dart: logo and store name do NOT overlap under RTL (both mirror together)
00:08 +275: /Users/Apple/Projects/nears-NEARS-3551-unawaited-futures-cleanup/UserApp/test/features/store/store_card_rtl_logo_overlap_test.dart: logo and store name do NOT overlap under RTL (both mirror together)
00:08 +276: /Users/Apple/Projects/nears-NEARS-3551-unawaited-futures-cleanup/UserApp/test/features/store/store_card_rtl_logo_overlap_test.dart: logo and store name do NOT overlap under RTL (both mirror together)
00:08 +277: /Users/Apple/Projects/nears-NEARS-3551-unawaited-futures-cleanup/UserApp/test/features/store/store_card_rtl_logo_overlap_test.dart: logo and store name do NOT overlap under RTL (both mirror together)
00:08 +278: /Users/Apple/Projects/nears-NEARS-3551-unawaited-futures-cleanup/UserApp/test/features/store/store_card_rtl_logo_overlap_test.dart: logo and store name do NOT overlap under RTL (both mirror together)
00:08 +279: /Users/Apple/Projects/nears-NEARS-3551-unawaited-futures-cleanup/UserApp/test/features/store/store_card_rtl_logo_overlap_test.dart: logo and store name do NOT overlap under RTL (both mirror together)
00:08 +280: /Users/Apple/Projects/nears-NEARS-3551-unawaited-futures-cleanup/UserApp/test/features/store/store_card_rtl_logo_overlap_test.dart: logo and store name do NOT overlap under RTL (both mirror together)
00:08 +281: /Users/Apple/Projects/nears-NEARS-3551-unawaited-futures-cleanup/UserApp/test/features/store/store_card_rtl_logo_overlap_test.dart: logo and store name do NOT overlap under RTL (both mirror together)
00:08 +282: /Users/Apple/Projects/nears-NEARS-3551-unawaited-futures-cleanup/UserApp/test/features/store/store_card_rtl_logo_overlap_test.dart: logo and store name do NOT overlap under RTL (both mirror together)
00:08 +283: /Users/Apple/Projects/nears-NEARS-3551-unawaited-futures-cleanup/UserApp/test/features/store/store_card_rtl_logo_overlap_test.dart: logo and store name do NOT overlap under RTL (both mirror together)
00:08 +284: /Users/Apple/Projects/nears-NEARS-3551-unawaited-futures-cleanup/UserApp/test/features/store/store_card_rtl_logo_overlap_test.dart: logo and store name do NOT overlap under RTL (both mirror together)
00:08 +285: /Users/Apple/Projects/nears-NEARS-3551-unawaited-futures-cleanup/UserApp/test/features/store/store_card_rtl_logo_overlap_test.dart: logo and store name do NOT overlap under RTL (both mirror together)
00:08 +286: /Users/Apple/Projects/nears-NEARS-3551-unawaited-futures-cleanup/UserApp/test/features/store/store_card_rtl_logo_overlap_test.dart: logo and store name do NOT overlap under RTL (both mirror together)
00:08 +287: /Users/Apple/Projects/nears-NEARS-3551-unawaited-futures-cleanup/UserApp/test/features/store/store_card_rtl_logo_overlap_test.dart: logo and store name do NOT overlap under RTL (both mirror together)
00:08 +288: /Users/Apple/Projects/nears-NEARS-3551-unawaited-futures-cleanup/UserApp/test/features/store/store_card_rtl_logo_overlap_test.dart: logo and store name do NOT overlap under RTL (both mirror together)
00:08 +289: /Users/Apple/Projects/nears-NEARS-3551-unawaited-futures-cleanup/UserApp/test/features/store/store_card_rtl_logo_overlap_test.dart: logo and store name do NOT overlap under RTL (both mirror together)
00:08 +290: /Users/Apple/Projects/nears-NEARS-3551-unawaited-futures-cleanup/UserApp/test/features/store/store_card_rtl_logo_overlap_test.dart: logo and store name do NOT overlap under RTL (both mirror together)
00:08 +291: /Users/Apple/Projects/nears-NEARS-3551-unawaited-futures-cleanup/UserApp/test/features/store/store_card_rtl_logo_overlap_test.dart: logo and store name do NOT overlap under RTL (both mirror together)
00:08 +291: /Users/Apple/Projects/nears-NEARS-3551-unawaited-futures-cleanup/UserApp/test/features/store/store_deeplink_zone_scope_test.dart: AC4 — zone_id-null store reached via slug renders the SAME ZoneWarningDialog as a real out-of-zone 403, store stays null, no CheckoutController side effects
[WARN] msg="store: slug entry resolved a zone_id-null store"
00:08 +291: /Users/Apple/Projects/nears-NEARS-3551-unawaited-futures-cleanup/UserApp/test/features/store/load_more_failure_part2_test.dart: NEARS-1109 StoreController: load-more failure signal P1e PAGE-SKIP PIN (end-to-end): after a failed page 2 the grid asks the service for page 2 AGAIN and NEVER for page 3
[WARN] msg="paginated list: onPaginate(2) failed, retry re-allowed (ApiFailure)"
00:08 +292: /Users/Apple/Projects/nears-NEARS-3551-unawaited-futures-cleanup/UserApp/test/features/store/store_card_rtl_logo_overlap_test.dart: logo and store name do NOT overlap under RTL (both mirror together)
00:08 +293: /Users/Apple/Projects/nears-NEARS-3551-unawaited-futures-cleanup/UserApp/test/features/store/store_deeplink_zone_scope_test.dart: AC4 — zone_id-null store reached via slug renders the SAME ZoneWarningDialog as a real out-of-zone 403, store stays null, no CheckoutController side effects
00:08 +294: /Users/Apple/Projects/nears-NEARS-3551-unawaited-futures-cleanup/UserApp/test/features/store/store_deeplink_zone_scope_test.dart: AC4 — zone_id-null store reached via slug renders the SAME ZoneWarningDialog as a real out-of-zone 403, store stays null, no CheckoutController side effects
00:08 +295: /Users/Apple/Projects/nears-NEARS-3551-unawaited-futures-cleanup/UserApp/test/features/store/store_deeplink_zone_scope_test.dart: AC4 — zone_id-null store reached via slug renders the SAME ZoneWarningDialog as a real out-of-zone 403, store stays null, no CheckoutController side effects
00:08 +296: /Users/Apple/Projects/nears-NEARS-3551-unawaited-futures-cleanup/UserApp/test/features/store/load_more_failure_part2_test.dart: NEARS-1109 StoreController: load-more failure signal P1e PAGE-SKIP PIN (end-to-end): after a failed page 2 the grid asks the service for page 2 AGAIN and NEVER for page 3
00:08 +297: /Users/Apple/Projects/nears-NEARS-3551-unawaited-futures-cleanup/UserApp/test/features/store/load_more_failure_part2_test.dart: NEARS-1109 StoreController: load-more failure signal P1e PAGE-SKIP PIN (end-to-end): after a failed page 2 the grid asks the service for page 2 AGAIN and NEVER for page 3
00:08 +298: /Users/Apple/Projects/nears-NEARS-3551-unawaited-futures-cleanup/UserApp/test/features/store/load_more_failure_part2_test.dart: NEARS-1109 StoreController: load-more failure signal P1e PAGE-SKIP PIN (end-to-end): after a failed page 2 the grid asks the service for page 2 AGAIN and NEVER for page 3
00:08 +299: /Users/Apple/Projects/nears-NEARS-3551-unawaited-futures-cleanup/UserApp/test/features/store/load_more_failure_part2_test.dart: NEARS-1109 StoreController: load-more failure signal P6e PAGE-SKIP PIN (end-to-end, isSearching): a failed page 2 while searching IN-STORE re-fires page 2, NEVER page 3
[WARN] msg="paginated list: onPaginate(2) failed, retry re-allowed (ApiFailure)"
00:08 +300: /Users/Apple/Projects/nears-NEARS-3551-unawaited-futures-cleanup/UserApp/test/features/store/load_more_failure_part2_test.dart: NEARS-1109 StoreController: load-more failure signal an empty query is NOT a page failure (it fetches nothing)
[ERR] msg="error snackbar shown"
00:08 +301: /Users/Apple/Projects/nears-NEARS-3551-unawaited-futures-cleanup/UserApp/test/features/store/load_more_failure_part2_test.dart: NEARS-1109 StoreController: load-more failure signal PIN filter-wiring: toggling the Price chip ON sends filter: [discounted] on items/search, and OFF reverts to filter: []
00:08 +302: /Users/Apple/Projects/nears-NEARS-3551-unawaited-futures-cleanup/UserApp/test/features/store/load_more_failure_part2_test.dart: NEARS-1176 StoreController: stale offset>1 response after a session switch a fast category switch A -> B mid A's page-2 fetch discards A's stale response — no append into B, no crash when B's page 1 has not landed yet
00:08 +303: /Users/Apple/Projects/nears-NEARS-3551-unawaited-futures-cleanup/UserApp/test/features/store/load_more_failure_part2_test.dart: NEARS-1176 StoreController: stale offset>1 response after a session switch normal same-category load-more (no session switch) still appends correctly
00:08 +304: /Users/Apple/Projects/nears-NEARS-3551-unawaited-futures-cleanup/UserApp/test/features/store/load_more_failure_part2_test.dart: (tearDownAll)
00:08 +304: /Users/Apple/Projects/nears-NEARS-3551-unawaited-futures-cleanup/UserApp/test/features/store/store_load_failure_back_test.dart: REGRESSION PIN: on a cold deep-link (a route underneath, deeplink still pending) back ESCAPES HOME — it never pops onto the spent splash
00:09 +305: /Users/Apple/Projects/nears-NEARS-3551-unawaited-futures-cleanup/UserApp/test/features/store/store_load_failure_back_test.dart: REGRESSION PIN: pushed over the store list with NO pending deeplink, back POPS to the list — those users are not bounced Home
00:09 +306: /Users/Apple/Projects/nears-NEARS-3551-unawaited-futures-cleanup/UserApp/test/features/store/store_load_failure_back_test.dart: REGRESSION PIN: an auto-opened single store escapes HOME even though a route sits underneath and no deeplink is pending
00:09 +307: /Users/Apple/Projects/nears-NEARS-3551-unawaited-futures-cleanup/UserApp/test/features/store/food_open_now_predicates_test.dart: F2 — a row that exists whose window has passed PREMISE: the two predicates disagree here, and only here
00:09 +308: /Users/Apple/Projects/nears-NEARS-3551-unawaited-futures-cleanup/UserApp/test/features/store/food_open_now_predicates_test.dart: F2 — a row that exists whose window has passed openNowStores drops it; the whole-module gate goes false
00:09 +309: /Users/Apple/Projects/nears-NEARS-3551-unawaited-futures-cleanup/UserApp/test/features/store/food_open_now_predicates_test.dart: F2 — a row that exists whose window has passed an open store alongside it survives the same filter
00:09 +310: /Users/Apple/Projects/nears-NEARS-3551-unawaited-futures-cleanup/UserApp/test/features/store/food_open_now_predicates_test.dart: F2 — a row that exists whose window has passed F1 — an INACTIVE store is closed, and is not dropped by the list
00:09 +311: /Users/Apple/Projects/nears-NEARS-3551-unawaited-futures-cleanup/UserApp/test/features/store/food_open_now_predicates_test.dart: F2 — a row that exists whose window has passed F1 REGRESSION: inactive AND unscheduled is CLOSED, not open
00:09 +312: /Users/Apple/Projects/nears-NEARS-3551-unawaited-futures-cleanup/UserApp/test/features/store/food_open_now_predicates_test.dart: F2 — a row that exists whose window has passed ...and the fix does NOT close a store whose active is merely unknown
00:09 +313: /Users/Apple/Projects/nears-NEARS-3551-unawaited-futures-cleanup/UserApp/test/features/store/food_open_now_predicates_test.dart: F2 — a row that exists whose window has passed a store with NO schedule data degrades to open, never hidden
00:09 +314: /Users/Apple/Projects/nears-NEARS-3551-unawaited-futures-cleanup/UserApp/test/features/store/food_open_now_predicates_test.dart: F2 — a row that exists whose window has passed a null `active` does not throw
00:09 +315: /Users/Apple/Projects/nears-NEARS-3551-unawaited-futures-cleanup/UserApp/test/features/store/food_open_now_predicates_test.dart: F6 — the day-aware next opening SPLIT WINDOW: the afternoon service is found, not skipped
00:09 +316: /Users/Apple/Projects/nears-NEARS-3551-unawaited-futures-cleanup/UserApp/test/features/store/food_open_now_predicates_test.dart: F6 — the day-aware next opening DAY LOSS: later today beats earlier tomorrow
00:09 +317: /Users/Apple/Projects/nears-NEARS-3551-unawaited-futures-cleanup/UserApp/test/features/store/food_open_now_predicates_test.dart: F6 — the day-aware next opening a window already open today rolls to the next opening
00:09 +318: /Users/Apple/Projects/nears-NEARS-3551-unawaited-futures-cleanup/UserApp/test/features/store/food_open_now_predicates_test.dart: F6 — the day-aware next opening inactive / unscheduled stores contribute nothing
00:09 +319: /Users/Apple/Projects/nears-NEARS-3551-unawaited-futures-cleanup/UserApp/test/features/store/food_open_now_predicates_test.dart: F6 — the day-aware next opening a seconds-tailed row still resolves
00:09 +320: /Users/Apple/Projects/nears-NEARS-3551-unawaited-futures-cleanup/UserApp/test/features/store/food_open_now_predicates_test.dart: the Fastest Delivery sort key MIDPOINT, not the lower bound: "20-30" beats "20-40"
00:09 +321: /Users/Apple/Projects/nears-NEARS-3551-unawaited-futures-cleanup/UserApp/test/features/store/food_open_now_predicates_test.dart: the Fastest Delivery sort key falls back to the distance estimate, then to null
00:09 +322: /Users/Apple/Projects/nears-NEARS-3551-unawaited-futures-cleanup/UserApp/test/features/store/food_open_now_predicates_test.dart: the mirrored cuisine field an absent payload parses to empty, so the chips self-hide
00:09 +323: /Users/Apple/Projects/nears-NEARS-3551-unawaited-futures-cleanup/UserApp/test/features/store/food_open_now_predicates_test.dart: the mirrored cuisine field ids parse tolerantly, including a stringified id
00:09 +324: /Users/Apple/Projects/nears-NEARS-3551-unawaited-futures-cleanup/UserApp/test/features/store/food_open_now_predicates_test.dart: the mirrored cuisine field the NAMED payload shape parses, tolerating a stringified id
00:09 +325: /Users/Apple/Projects/nears-NEARS-3551-unawaited-futures-cleanup/UserApp/test/features/store/food_open_now_predicates_test.dart: the mirrored cuisine field an absent position parses to null, never to a default rank
00:09 +326: /Users/Apple/Projects/nears-NEARS-3551-unawaited-futures-cleanup/UserApp/test/features/store/food_open_now_predicates_test.dart: the mirrored cuisine field a malformed entry is dropped rather than thrown on
00:09 +327: /Users/Apple/Projects/nears-NEARS-3551-unawaited-futures-cleanup/UserApp/test/features/store/food_open_now_predicates_test.dart: CuisineOption.fromStores — the chip set distinct across stores; with NO positions, first-seen order
00:09 +328: /Users/Apple/Projects/nears-NEARS-3551-unawaited-futures-cleanup/UserApp/test/features/store/food_open_now_predicates_test.dart: CuisineOption.fromStores — the chip set POSITION: the curator order wins over first-seen order
00:09 +329: /Users/Apple/Projects/nears-NEARS-3551-unawaited-futures-cleanup/UserApp/test/features/store/food_open_now_predicates_test.dart: CuisineOption.fromStores — the chip set POSITION: a stringified position still orders
00:09 +330: /Users/Apple/Projects/nears-NEARS-3551-unawaited-futures-cleanup/UserApp/test/features/store/food_open_now_predicates_test.dart: CuisineOption.fromStores — the chip set POSITION: unpositioned entries sort LAST, keeping first-seen order among themselves
00:09 +331: /Users/Apple/Projects/nears-NEARS-3551-unawaited-futures-cleanup/UserApp/test/features/store/food_open_now_predicates_test.dart: CuisineOption.fromStores — the chip set POSITION: equal positions yield first-seen order
00:09 +332: /Users/Apple/Projects/nears-NEARS-3551-unawaited-futures-cleanup/UserApp/test/features/store/food_open_now_predicates_test.dart: CuisineOption.fromStores — the chip set TRANSLATION JOIN FAILED: a nameless cuisine yields NO chip
00:09 +333: /Users/Apple/Projects/nears-NEARS-3551-unawaited-futures-cleanup/UserApp/test/features/store/food_open_now_predicates_test.dart: CuisineOption.fromStores — the chip set an absent array, an empty list and a null list all yield no chips
00:09 +334: /Users/Apple/Projects/nears-NEARS-3551-unawaited-futures-cleanup/UserApp/test/features/store/food_open_now_predicates_test.dart: CuisineOption.fromStores — the chip set CLOSED stores still contribute their cuisine to the chip set
00:09 +335: /Users/Apple/Projects/nears-NEARS-3551-unawaited-futures-cleanup/UserApp/test/features/store/store_module_nullguard_test.dart: filterRestaurantLinkUrl — module null-guard (AC1, AC3) module null -> the module= segment is dropped, not a throw
00:09 +336: /Users/Apple/Projects/nears-NEARS-3551-unawaited-futures-cleanup/UserApp/test/features/store/store_module_nullguard_test.dart: filterRestaurantLinkUrl — module null-guard (AC1, AC3) empty slug + module null -> still no throw, no module= segment
00:09 +337: /Users/Apple/Projects/nears-NEARS-3551-unawaited-futures-cleanup/UserApp/test/features/store/store_module_nullguard_test.dart: filterRestaurantLinkUrl — module null-guard (AC1, AC3) module non-null -> module= segment present, unchanged shape (AC3)
00:09 +338: /Users/Apple/Projects/nears-NEARS-3551-unawaited-futures-cleanup/UserApp/test/features/store/store_module_nullguard_test.dart: StoreDescriptionViewWidget location tap — module null-guard (AC2, AC3) desktop layout: module null -> tap degrades, no _TypeError
00:09 +339: /Users/Apple/Projects/nears-NEARS-3551-unawaited-futures-cleanup/UserApp/test/features/store/store_module_nullguard_test.dart: StoreDescriptionViewWidget location tap — module null-guard (AC2, AC3) desktop layout: module null -> tap degrades, no _TypeError
00:09 +340: /Users/Apple/Projects/nears-NEARS-3551-unawaited-futures-cleanup/UserApp/test/features/store/store_module_nullguard_test.dart: StoreDescriptionViewWidget location tap — module null-guard (AC2, AC3) desktop layout: module null -> tap degrades, no _TypeError
00:09 +341: /Users/Apple/Projects/nears-NEARS-3551-unawaited-futures-cleanup/UserApp/test/features/store/store_module_nullguard_test.dart: StoreDescriptionViewWidget location tap — module null-guard (AC2, AC3) desktop layout: module null -> tap degrades, no _TypeError
00:09 +342: /Users/Apple/Projects/nears-NEARS-3551-unawaited-futures-cleanup/UserApp/test/features/store/store_module_nullguard_test.dart: StoreDescriptionViewWidget location tap — module null-guard (AC2, AC3) desktop layout: module null -> tap degrades, no _TypeError
00:09 +343: /Users/Apple/Projects/nears-NEARS-3551-unawaited-futures-cleanup/UserApp/test/features/store/store_module_nullguard_test.dart: StoreDescriptionViewWidget location tap — module null-guard (AC2, AC3) desktop layout: module null -> tap degrades, no _TypeError
00:09 +344: /Users/Apple/Projects/nears-NEARS-3551-unawaited-futures-cleanup/UserApp/test/features/store/store_module_nullguard_test.dart: StoreDescriptionViewWidget location tap — module null-guard (AC2, AC3) desktop layout: module null -> tap degrades, no _TypeError
00:09 +345: /Users/Apple/Projects/nears-NEARS-3551-unawaited-futures-cleanup/UserApp/test/features/store/store_module_nullguard_test.dart: StoreDescriptionViewWidget location tap — module null-guard (AC2, AC3) desktop layout: module null -> tap degrades, no _TypeError
00:09 +346: /Users/Apple/Projects/nears-NEARS-3551-unawaited-futures-cleanup/UserApp/test/features/store/store_module_nullguard_test.dart: StoreDescriptionViewWidget location tap — module null-guard (AC2, AC3) desktop layout: module null -> tap degrades, no _TypeError
00:09 +347: /Users/Apple/Projects/nears-NEARS-3551-unawaited-futures-cleanup/UserApp/test/features/store/store_module_nullguard_test.dart: StoreDescriptionViewWidget location tap — module null-guard (AC2, AC3) desktop layout: module null -> tap degrades, no _TypeError
00:09 +348: /Users/Apple/Projects/nears-NEARS-3551-unawaited-futures-cleanup/UserApp/test/features/store/store_module_nullguard_test.dart: StoreDescriptionViewWidget location tap — module null-guard (AC2, AC3) desktop layout: module null -> tap degrades, no _TypeError
00:10 +348: /Users/Apple/Projects/nears-NEARS-3551-unawaited-futures-cleanup/UserApp/test/features/store/store_deeplink_module_scoped_widgets_test.dart: FilterWidget — currently_available_items chip Food STORE behind a Grocery AMBIENT module -> the Food-only chip still renders (store-scoped, not ambient)
[WARN] msg="module list empty, resolved module from store payload (store_id=7)"
00:10 +349: /Users/Apple/Projects/nears-NEARS-3551-unawaited-futures-cleanup/UserApp/test/features/store/store_deeplink_module_scoped_widgets_test.dart: FilterWidget — currently_available_items chip Food STORE behind a Grocery AMBIENT module -> the Food-only chip still renders (store-scoped, not ambient)
00:10 +350: /Users/Apple/Projects/nears-NEARS-3551-unawaited-futures-cleanup/UserApp/test/features/store/store_deeplink_module_scoped_widgets_test.dart: FilterWidget — currently_available_items chip Food STORE behind a Grocery AMBIENT module -> the Food-only chip still renders (store-scoped, not ambient)
00:10 +351: /Users/Apple/Projects/nears-NEARS-3551-unawaited-futures-cleanup/UserApp/test/features/store/campaign_screen_error_retry_test.dart: a failed campaign-detail fetch renders NErrorRetry, not a bare shimmer
00:10 +352: /Users/Apple/Projects/nears-NEARS-3551-unawaited-futures-cleanup/UserApp/test/features/store/campaign_screen_error_retry_test.dart: a failed campaign-detail fetch renders NErrorRetry, not a bare shimmer
00:10 +353: /Users/Apple/Projects/nears-NEARS-3551-unawaited-futures-cleanup/UserApp/test/features/store/campaign_screen_error_retry_test.dart: a failed campaign-detail fetch renders NErrorRetry, not a bare shimmer
00:10 +354: /Users/Apple/Projects/nears-NEARS-3551-unawaited-futures-cleanup/UserApp/test/features/store/campaign_screen_error_retry_test.dart: a failed campaign-detail fetch renders NErrorRetry, not a bare shimmer
00:10 +354: /Users/Apple/Projects/nears-NEARS-3551-unawaited-futures-cleanup/UserApp/test/features/store/store_deeplink_module_scoped_widgets_test.dart: StoreFilterBottomSheetWidget — currently_available_items chip Food STORE behind a Grocery AMBIENT module -> the Food-only chip still renders (store-scoped, not ambient)
[WARN] msg="module list empty, resolved module from store payload (store_id=7)"
00:10 +355: /Users/Apple/Projects/nears-NEARS-3551-unawaited-futures-cleanup/UserApp/test/features/store/campaign_screen_error_retry_test.dart: a failed campaign-detail fetch renders NErrorRetry, not a bare shimmer
00:10 +355: /Users/Apple/Projects/nears-NEARS-3551-unawaited-futures-cleanup/UserApp/test/features/store/store_deeplink_module_scoped_widgets_test.dart: StoreDescriptionViewWidget — location tap module-config lookup Food STORE behind a Grocery AMBIENT module -> getModuleConfig is called with the STORE's own moduleType, never the ambient one
[WARN] msg="module list empty, resolved module from store payload (store_id=7)"
00:10 +356: /Users/Apple/Projects/nears-NEARS-3551-unawaited-futures-cleanup/UserApp/test/features/store/campaign_screen_error_retry_test.dart: a failed campaign-detail fetch renders NErrorRetry, not a bare shimmer
00:10 +356: /Users/Apple/Projects/nears-NEARS-3551-unawaited-futures-cleanup/UserApp/test/features/store/store_deeplink_module_scoped_widgets_test.dart: StoreDescriptionViewWidget — location tap module-config lookup DESKTOP branch: getModuleConfig is also called with the STORE's own moduleType, never the ambient one
[WARN] msg="module list empty, resolved module from store payload (store_id=7)"
00:10 +357: /Users/Apple/Projects/nears-NEARS-3551-unawaited-futures-cleanup/UserApp/test/features/store/campaign_screen_error_retry_test.dart: a failed campaign-detail fetch renders NErrorRetry, not a bare shimmer
00:10 +358: /Users/Apple/Projects/nears-NEARS-3551-unawaited-futures-cleanup/UserApp/test/features/store/load_more_failure_part3_test.dart: NEARS-1109 StoreItemSearchScreen (the app-bar Search icon target) P7e PAGE-SKIP PIN (end-to-end, the shipped screen): a failed page 2 renders the row and re-fires page 2 — NEVER page 3
00:10 +359: /Users/Apple/Projects/nears-NEARS-3551-unawaited-futures-cleanup/UserApp/test/features/store/load_more_failure_part3_test.dart: NEARS-1109 StoreItemSearchScreen (the app-bar Search icon target) P7e PAGE-SKIP PIN (end-to-end, the shipped screen): a failed page 2 renders the row and re-fires page 2 — NEVER page 3
00:10 +360: /Users/Apple/Projects/nears-NEARS-3551-unawaited-futures-cleanup/UserApp/test/features/store/load_more_failure_part3_test.dart: NEARS-1109 StoreItemSearchScreen (the app-bar Search icon target) P7e PAGE-SKIP PIN (end-to-end, the shipped screen): a failed page 2 renders the row and re-fires page 2 — NEVER page 3
00:10 +361: /Users/Apple/Projects/nears-NEARS-3551-unawaited-futures-cleanup/UserApp/test/features/store/load_more_failure_part3_test.dart: NEARS-1109 StoreItemSearchScreen (the app-bar Search icon target) P7e PAGE-SKIP PIN (end-to-end, the shipped screen): a failed page 2 renders the row and re-fires page 2 — NEVER page 3
00:10 +362: /Users/Apple/Projects/nears-NEARS-3551-unawaited-futures-cleanup/UserApp/test/features/store/load_more_failure_part3_test.dart: NEARS-1109 StoreItemSearchScreen (the app-bar Search icon target) P7e PAGE-SKIP PIN (end-to-end, the shipped screen): a failed page 2 renders the row and re-fires page 2 — NEVER page 3
00:10 +363: /Users/Apple/Projects/nears-NEARS-3551-unawaited-futures-cleanup/UserApp/test/features/store/load_more_failure_part3_test.dart: NEARS-1109 StoreItemSearchScreen (the app-bar Search icon target) P7e PAGE-SKIP PIN (end-to-end, the shipped screen): a failed page 2 renders the row and re-fires page 2 — NEVER page 3
00:10 +364: /Users/Apple/Projects/nears-NEARS-3551-unawaited-futures-cleanup/UserApp/test/features/store/load_more_failure_part3_test.dart: NEARS-1109 StoreItemSearchScreen (the app-bar Search icon target) P7e PAGE-SKIP PIN (end-to-end, the shipped screen): a failed page 2 renders the row and re-fires page 2 — NEVER page 3
00:10 +365: /Users/Apple/Projects/nears-NEARS-3551-unawaited-futures-cleanup/UserApp/test/features/store/load_more_failure_part3_test.dart: NEARS-1109 StoreItemSearchScreen (the app-bar Search icon target) P7e PAGE-SKIP PIN (end-to-end, the shipped screen): a failed page 2 renders the row and re-fires page 2 — NEVER page 3
00:10 +366: /Users/Apple/Projects/nears-NEARS-3551-unawaited-futures-cleanup/UserApp/test/features/store/load_more_failure_part3_test.dart: NEARS-1109 StoreItemSearchScreen (the app-bar Search icon target) P7e PAGE-SKIP PIN (end-to-end, the shipped screen): a failed page 2 renders the row and re-fires page 2 — NEVER page 3
00:10 +367: /Users/Apple/Projects/nears-NEARS-3551-unawaited-futures-cleanup/UserApp/test/features/store/load_more_failure_part3_test.dart: NEARS-1109 StoreItemSearchScreen (the app-bar Search icon target) P7e PAGE-SKIP PIN (end-to-end, the shipped screen): a failed page 2 renders the row and re-fires page 2 — NEVER page 3
00:10 +368: /Users/Apple/Projects/nears-NEARS-3551-unawaited-futures-cleanup/UserApp/test/features/store/load_more_failure_part3_test.dart: NEARS-1109 StoreItemSearchScreen (the app-bar Search icon target) P7e PAGE-SKIP PIN (end-to-end, the shipped screen): a failed page 2 renders the row and re-fires page 2 — NEVER page 3
00:10 +369: /Users/Apple/Projects/nears-NEARS-3551-unawaited-futures-cleanup/UserApp/test/features/store/load_more_failure_part3_test.dart: NEARS-1109 StoreItemSearchScreen (the app-bar Search icon target) P7e PAGE-SKIP PIN (end-to-end, the shipped screen): a failed page 2 renders the row and re-fires page 2 — NEVER page 3
00:10 +370: /Users/Apple/Projects/nears-NEARS-3551-unawaited-futures-cleanup/UserApp/test/features/store/load_more_failure_part3_test.dart: NEARS-1109 StoreItemSearchScreen (the app-bar Search icon target) P7e PAGE-SKIP PIN (end-to-end, the shipped screen): a failed page 2 renders the row and re-fires page 2 — NEVER page 3
00:10 +371: /Users/Apple/Projects/nears-NEARS-3551-unawaited-futures-cleanup/UserApp/test/features/store/load_more_failure_part3_test.dart: NEARS-1109 StoreItemSearchScreen (the app-bar Search icon target) P7e PAGE-SKIP PIN (end-to-end, the shipped screen): a failed page 2 renders the row and re-fires page 2 — NEVER page 3
00:10 +372: /Users/Apple/Projects/nears-NEARS-3551-unawaited-futures-cleanup/UserApp/test/features/store/load_more_failure_part3_test.dart: NEARS-1109 StoreItemSearchScreen (the app-bar Search icon target) P7e PAGE-SKIP PIN (end-to-end, the shipped screen): a failed page 2 renders the row and re-fires page 2 — NEVER page 3
[WARN] msg="paginated list: onPaginate(2) failed, retry re-allowed (ApiFailure)"
00:10 +373: /Users/Apple/Projects/nears-NEARS-3551-unawaited-futures-cleanup/UserApp/test/features/store/load_more_failure_part3_test.dart: NEARS-1109 StoreItemSearchScreen (the app-bar Search icon target) P7e PAGE-SKIP PIN (end-to-end, the shipped screen): a failed page 2 renders the row and re-fires page 2 — NEVER page 3
00:10 +373: /Users/Apple/Projects/nears-NEARS-3551-unawaited-futures-cleanup/UserApp/test/features/store/store_details_malformed_body_test.dart: StoreController.getStoreDetails — the screen guard actually fires REGRESSION PIN: an unknown store (malformed 200) leaves BOTH isLoading == false AND store == null — the two conditions store_screen's NearsErrorRetry guard needs
[FAIL] endpoint=/api/v1/stores/details/ http_status=200 type=ApiFailure msg="store details: malformed 200 body"
00:10 +374: /Users/Apple/Projects/nears-NEARS-3551-unawaited-futures-cleanup/UserApp/test/features/store/load_more_failure_part3_test.dart: NEARS-1109 StoreItemSearchScreen (the app-bar Search icon target) P7e PAGE-SKIP PIN (end-to-end, the shipped screen): a failed page 2 renders the row and re-fires page 2 — NEVER page 3
00:10 +375: /Users/Apple/Projects/nears-NEARS-3551-unawaited-futures-cleanup/UserApp/test/features/store/load_more_failure_part3_test.dart: NEARS-1109 StoreItemSearchScreen (the app-bar Search icon target) P7e PAGE-SKIP PIN (end-to-end, the shipped screen): a failed page 2 renders the row and re-fires page 2 — NEVER page 3
00:10 +376: /Users/Apple/Projects/nears-NEARS-3551-unawaited-futures-cleanup/UserApp/test/features/store/load_more_failure_part3_test.dart: NEARS-1109 StoreItemSearchScreen (the app-bar Search icon target) P7e PAGE-SKIP PIN (end-to-end, the shipped screen): a failed page 2 renders the row and re-fires page 2 — NEVER page 3
00:10 +377: /Users/Apple/Projects/nears-NEARS-3551-unawaited-futures-cleanup/UserApp/test/features/store/load_more_failure_part3_test.dart: NEARS-1109 StoreItemSearchScreen (the app-bar Search icon target) P7e PAGE-SKIP PIN (end-to-end, the shipped screen): a failed page 2 renders the row and re-fires page 2 — NEVER page 3
00:10 +378: /Users/Apple/Projects/nears-NEARS-3551-unawaited-futures-cleanup/UserApp/test/features/store/store_details_malformed_body_test.dart: StoreController.getStoreDetails — the screen guard actually fires that failure is logged exactly once, PII-safe: an ApiFailure sentinel carrying the real status + correlationId, never a raw exception
[FAIL] endpoint=/api/v1/stores/details/ http_status=200 type=ApiFailure msg="store details: malformed 200 body" correlation_id=req-1084
00:10 +379: /Users/Apple/Projects/nears-NEARS-3551-unawaited-futures-cleanup/UserApp/test/features/store/load_more_failure_part3_test.dart: NEARS-1109 StoreItemSearchScreen (the app-bar Search icon target) PIN A-screen (the shipped screen): after a failed page 2, a NEW QUERY re-enables pagination — page 2 IS fetched and the stale row is gone
00:10 +379: /Users/Apple/Projects/nears-NEARS-3551-unawaited-futures-cleanup/UserApp/test/features/store/store_details_malformed_body_test.dart: StoreController.getStoreDetails — the screen guard actually fires NEARS-1084 (step 2): a THROW in the derived-data build still resolves the screen — store == null, isLoading == false, PII-safe sentinel log
[FAIL] endpoint=/api/v1/stores/details/ http_status=null type=StoreDerivedDataFailure msg="store: derived-data build failed (String)"
00:10 +380: /Users/Apple/Projects/nears-NEARS-3551-unawaited-futures-cleanup/UserApp/test/features/store/load_more_failure_part3_test.dart: NEARS-1109 StoreItemSearchScreen (the app-bar Search icon target) PIN A-screen (the shipped screen): after a failed page 2, a NEW QUERY re-enables pagination — page 2 IS fetched and the stale row is gone
00:11 +380: /Users/Apple/Projects/nears-NEARS-3551-unawaited-futures-cleanup/UserApp/test/features/store/store_details_malformed_body_test.dart: StoreController.getStoreDetails — the screen guard actually fires NEARS-1098 REGRESSION PIN: a THROW *during the fetch* (the Store.fromJson numeric-lat TypeError) resolves the Future instead of rejecting it — store == null, isLoading == false, ONE PII-safe sentinel log
[FAIL] endpoint=/api/v1/stores/details/ http_status=null type=StoreDetailsFetchFailure msg="store details: response parse failed (_TypeError)"
00:11 +381: /Users/Apple/Projects/nears-NEARS-3551-unawaited-futures-cleanup/UserApp/test/features/store/load_more_failure_part3_test.dart: NEARS-1109 StoreItemSearchScreen (the app-bar Search icon target) PIN A-screen (the shipped screen): after a failed page 2, a NEW QUERY re-enables pagination — page 2 IS fetched and the stale row is gone
[WARN] msg="paginated list: onPaginate(2) failed, retry re-allowed (ApiFailure)"
00:11 +382: /Users/Apple/Projects/nears-NEARS-3551-unawaited-futures-cleanup/UserApp/test/features/store/campaign_screen_reskin_test.dart: desktop hero header is painted with navyDeep (not the old hex)
00:11 +383: /Users/Apple/Projects/nears-NEARS-3551-unawaited-futures-cleanup/UserApp/test/features/store/campaign_screen_reskin_test.dart: desktop hero header is painted with navyDeep (not the old hex)
00:11 +384: /Users/Apple/Projects/nears-NEARS-3551-unawaited-futures-cleanup/UserApp/test/features/store/campaign_screen_reskin_test.dart: mobile renders the static schedule + daily-time pills (BR-2)
00:11 +385: /Users/Apple/Projects/nears-NEARS-3551-unawaited-futures-cleanup/UserApp/test/features/store/campaign_screen_reskin_test.dart: mobile schedule pills use the DLS NIcon (fix-cycle 1)
00:11 +386: /Users/Apple/Projects/nears-NEARS-3551-unawaited-futures-cleanup/UserApp/test/features/store/campaign_screen_reskin_test.dart: mobile renders with no exception in ThemeMode.light
00:11 +387: /Users/Apple/Projects/nears-NEARS-3551-unawaited-futures-cleanup/UserApp/test/features/store/campaign_screen_reskin_test.dart: mobile renders with no exception in ThemeMode.dark
00:11 +388: /Users/Apple/Projects/nears-NEARS-3551-unawaited-futures-cleanup/UserApp/test/features/store/campaign_screen_reskin_test.dart: desktop hero info-column uses directional padding (RTL-safe, fix-cycle 1)
00:11 +389: /Users/Apple/Projects/nears-NEARS-3551-unawaited-futures-cleanup/UserApp/test/features/store/campaign_screen_reskin_test.dart: NEARS-2872 — mobile top chrome renders via the DLS NAppBar in Scaffold.appBar, not a scrolling sliver (AC1, fix-cycle 1: F1's pin regression)
00:11 +390: /Users/Apple/Projects/nears-NEARS-3551-unawaited-futures-cleanup/UserApp/test/features/store/campaign_screen_reskin_test.dart: mobile renders with no exception in RTL
00:11 +391: /Users/Apple/Projects/nears-NEARS-3551-unawaited-futures-cleanup/UserApp/test/features/store/campaign_screen_reskin_test.dart: NEARS-2811 — mobile schedule pill survives a long Arabic CLDR month name (سبتمبر) with no RenderFlex overflow
00:11 +392: All tests passed!
