# vmlog connected 16:52:10
[Logging] GETX: Instance "LocationController" has been created null
[Logging] GETX: Instance "LocationController" has been initialized null
[Logging] GETX: GOING TO ROUTE /location-rationale?page=/splash null
[Logging] GETX: GOING TO ROUTE /location-rationale?page=/splash null
[Logging] GETX: REPLACE ROUTE /location-rationale?page=/splash null
[Logging] GETX: NEW ROUTE /pick-map?page=/splash&route=false null
[Logging] GETX: REPLACE ROUTE /location-rationale?page=/splash null
[Logging] GETX: NEW ROUTE /pick-map?page=/splash&route=false null
[Logging] GETX: Instance "CartController" has been created null
[Logging] GETX: Instance "CartServiceInterface" has been created null
[Logging] GETX: Instance "CartRepositoryInterface<dynamic>" has been created null
[Logging] GETX: Instance "CartController" has been initialized null
[Logging] GETX: Instance "StoreController" has been created null
[Logging] GETX: Instance "StoreServiceInterface" has been created null
[Logging] GETX: Instance "StoreRepositoryInterface" has been created null
[Logging] GETX: Instance "StoreController" has been initialized null
[Logging] GETX: Instance "ItemController" has been created null
[Logging] GETX: Instance "ItemServiceInterface" has been created null
[Logging] GETX: Instance "ItemRepositoryInterface" has been created null
[Logging] GETX: Instance "ItemController" has been initialized null
[Logging] GETX: Instance "HomeController" has been created null
[Logging] GETX: Instance "HomeServiceInterface" has been created null
[Logging] GETX: Instance "HomeRepositoryInterface<dynamic>" has been created null
[Logging] GETX: Instance "HomeController" has been initialized null
[Logging] GETX: Instance "CheckoutController" has been created null
[Logging] GETX: Instance "CheckoutServiceInterface" has been created null
[Logging] GETX: Instance "CheckoutRepositoryInterface" has been created null
[Logging] GETX: Instance "CheckoutController" has been initialized null
[Logging] GETX: Instance "AddressDeliveryOptionController" has been created null
[Logging] GETX: Instance "AddressDeliveryOptionController" has been initialized null
[Logging] GETX: Instance "CheckoutPaymentController" has been created null
[Logging] GETX: Instance "CheckoutPaymentController" has been initialized null
[Logging] GETX: Instance "PlaceOrderController" has been created null
[Logging] GETX: Instance "PlaceOrderController" has been initialized null
[Logging] GETX: Instance "PricingSummaryController" has been created null
[Logging] GETX: Instance "PricingSummaryController" has been initialized null
[Logging] GETX: GOING TO ROUTE /?module=null&from-splash=false null
[Logging] GETX: GOING TO ROUTE /?module=null&from-splash=false null
[Logging] GETX: REMOVING ROUTE /pick-map?page=/splash&route=false null
[Logging] GETX: REMOVING ROUTE /pick-map?page=/splash&route=false null
[Logging] GETX: REMOVING ROUTE /language?page=splash null
[Logging] GETX: REMOVING ROUTE /language?page=splash null
[Logging] GETX: Instance "OrderController" has been created null
[Logging] GETX: Instance "OrderServiceInterface" has been created null
[Logging] GETX: Instance "OrderRepositoryInterface" has been created null
[Logging] GETX: Instance "OrderController" has been initialized null
[Logging] GETX: Instance "NotificationController" has been created null
[Logging] GETX: Instance "NotificationServiceInterface" has been created null
[Logging] GETX: Instance "NotificationRepositoryInterface" has been created null
[Logging] GETX: Instance "NotificationController" has been initialized null
[Logging] GETX: Instance "ProfileController" has been created null
[Logging] GETX: Instance "ProfileServiceInterface" has been created null
[Logging] GETX: Instance "ProfileRepositoryInterface" has been created null
[Logging] GETX: Instance "ProfileController" has been initialized null
[Logging] GETX: Instance "FlashSaleController" has been created null
[Logging] GETX: Instance "FlashSaleServiceInterface" has been created null
[Logging] GETX: Instance "FlashSaleRepositoryInterface<dynamic>" has been created null
[Logging] GETX: Instance "FlashSaleController" has been initialized null
[Logging] GETX: Instance "BannerController" has been created null
[Logging] GETX: Instance "BannerServiceInterface" has been created null
[Logging] GETX: Instance "BannerRepositoryInterface" has been created null
[Logging] GETX: Instance "BannerController" has been initialized null
[Logging] GETX: Instance "CategoryController" has been created null
[Logging] GETX: Instance "CategoryServiceInterface" has been created null
[Logging] GETX: Instance "CategoryRepositoryInterface" has been created null
[Logging] GETX: Instance "CategoryController" has been initialized null
[Logging] GETX: Instance "CampaignController" has been created null
[Logging] GETX: Instance "CampaignServiceInterface" has been created null
[Logging] GETX: Instance "CampaignRepositoryInterface" has been created null
[Logging] GETX: Instance "CampaignController" has been initialized null
[Logging] GETX: Instance "AdvertisementController" has been created null
[Logging] GETX: Instance "AdvertisementServiceInterface" has been created null
[Logging] GETX: Instance "AdvertisementRepositoryInterface" has been created null
[Logging] GETX: Instance "AdvertisementController" has been initialized null
[Logging] GETX: Instance "FavouriteController" has been created null
[Logging] GETX: Instance "FavouriteServiceInterface" has been created null
[Logging] GETX: Instance "FavouriteRepositoryInterface<dynamic>" has been created null
[Logging] GETX: Instance "FavouriteController" has been initialized null
[Logging] GETX: GOING TO ROUTE /sign-in?page=/?module=null&from-splash=false null
[Logging] GETX: GOING TO ROUTE /sign-in?page=/?module=null&from-splash=false null
[Logging] GETX: CLOSE TO ROUTE /sign-in?page=/?module=null&from-splash=false null
[Logging] GETX: CLOSE TO ROUTE /sign-in?page=/?module=null&from-splash=false null
[Logging] GETX: Instance "MenuController" has been created null
[Logging] GETX: Instance "MenuController" has been initialized null
[Logging] GETX: GOING TO ROUTE /setting-screen null
[Logging] GETX: GOING TO ROUTE /setting-screen null
[Logging] GETX: Instance "NotificationPreferencesController" has been created null
[Logging] GETX: Instance "NotificationPreferencesServiceInterface" has been created null
[Logging] GETX: Instance "NotificationPreferencesRepositoryInterface" has been created null
[Logging] GETX: Instance "NotificationPreferencesController" has been initialized null
[Logging] GETX: Instance "CouponController" has been created null
[Logging] GETX: Instance "CouponServiceInterface" has been created null
[Logging] GETX: Instance "CouponRepositoryInterface" has been created null
[Logging] GETX: Instance "CouponController" has been initialized null
[Logging] GETX: CLOSE TO ROUTE /setting-screen null
[Logging] GETX: CLOSE TO ROUTE /setting-screen null
[Logging] GETX: Instance "SearchController" has been created null
[Logging] GETX: Instance "SearchServiceInterface" has been created null
[Logging] GETX: Instance "SearchRepositoryInterface" has been created null
[Logging] GETX: Instance "GlobalSearchServiceInterface" has been created null
[Logging] GETX: Instance "GlobalSearchRepositoryInterface" has been created null
[Logging] GETX: Instance "SearchController" has been initialized null
[Logging] GETX: GOING TO ROUTE /store/burger-palace?id=4&page=store&module=food-restaurant null
[Logging] GETX: GOING TO ROUTE /store/burger-palace?id=4&page=store&module=food-restaurant null
[Logging] GETX: OPEN BOTTOMSHEET 971543831 null
[Logging] GETX: OPEN BOTTOMSHEET 971543831 null
[Logging] GETX: CLOSE BOTTOMSHEET 971543831 null
[Logging] GETX: CLOSE BOTTOMSHEET 971543831 null
[Logging] GETX: CLOSE TO ROUTE /store/burger-palace?id=4&page=store&module=food-restaurant null
[Logging] GETX: CLOSE TO ROUTE /store/burger-palace?id=4&page=store&module=food-restaurant null
[Logging] GETX: GOING TO ROUTE /store/burger-palace?id=4&page=store&module=food-restaurant null
[Logging] GETX: GOING TO ROUTE /store/burger-palace?id=4&page=store&module=food-restaurant null
# rpc {"jsonrpc":"2.0","result":{"type":"Success"},"id":1}
[Stdout] flutter: 📊 analytics: language_confirmed {language_code: en, screen: choose_language, section: footer_cta, source: first_run, changed_from_default: 0}[Stdout] 
[Stdout] flutter: [NET] GET endpoint=/api/v1/module[Stdout] 
[Stdout] flutter: [FAIL] endpoint=/api/v1/module http_status=null type=ApiFailure transport_error=socket msg="api request threw" correlation_id=8886ec94-4df2-44c1-88a0-5683fd6b5a5a[Stdout] 
[Stdout] flutter: [FAIL] endpoint=/api/v1/module http_status=null type=ModuleFetchFailure msg="zone module list fetch failed"[Stdout] 
[Stdout] flutter: [FAIL] endpoint=null http_status=null type=FcmTokenFetchFailure msg="FCM registration id fetch failed"[Stdout] 
[Stdout] flutter: [NET] POST endpoint=/api/v1/auth/guest/request[Stdout] 
[Stdout] flutter: [FAIL] endpoint=/api/v1/auth/guest/request http_status=null type=ApiFailure transport_error=socket msg="api request threw" correlation_id=f0097b67-d719-4611-bc89-0771ea4b4b14[Stdout] 
[Stdout] flutter: 📊 analytics: cold_start_completed {cold_start_ms: 67964, blocked_on: config, destination: pick_location}[Stdout] 
[Stdout] flutter: 📊 analytics: location_rationale_shown {screen: location_rationale, section: body, source: first_run}[Stdout] 
[Stdout] flutter: 📊 analytics: location_rationale_action {action: not_now, screen: location_rationale, section: footer_cta, source: first_run}[Stdout] 
[Stdout] flutter: [NET] GET endpoint=/api/v1/zone/list[Stdout] 
[Stdout] flutter: [FAIL] endpoint=/api/v1/zone/list http_status=null type=ApiFailure transport_error=socket msg="api request threw" correlation_id=3369638a-d12f-400b-8989-120580c7755d[Stdout] 
[Stdout] flutter: [FAIL] endpoint=null http_status=null type=GetPositionFailure msg="location: getPosition threw (TimeoutException) — trying the AD1 fallback ladder"[Stdout] 
[Stdout] flutter: [INFO] msg="location: fallback ladder -> stale last-known GPS fix"[Stdout] 
[Stdout] flutter: [INFO] msg="location: getCurrentLocation resolved via fallback rung=staleLastKnown"[Stdout] 
[Stdout] flutter: 📊 analytics: location_fallback_used {screen: pick_map, section: location_fallback, step: staleLastKnown}[Stdout] 
[Stdout] flutter: [NET] GET endpoint=/api/v1/config/geocode-api[Stdout] 
[Stdout] flutter: [NET] GET endpoint=/api/v1/config/get-zone-id[Stdout] 
[Stdout] flutter: [FAIL] endpoint=/api/v1/config/get-zone-id http_status=null type=ApiFailure transport_error=socket msg="api request threw" correlation_id=d901fe33-3209-4997-8937-ab30deaa340f[Stdout] 
[Stdout] flutter: [INFO] msg="location: inZone=false"[Stdout] 
[Stdout] flutter: [FAIL] endpoint=/api/v1/config/geocode-api http_status=null type=ApiFailure transport_error=socket msg="api request threw" correlation_id=338366c0-2031-4589-a1c6-33902ca55d4f[Stdout] 
[Stdout] flutter: [WARN] msg="location: my-location unavailable — fell back to default"[Stdout] 
[Stdout] flutter: [NET] GET endpoint=/api/v1/config/geocode-api[Stdout] 
[Stdout] flutter: [NET] GET endpoint=/api/v1/config/get-zone-id[Stdout] 
[Stdout] flutter: [FAIL] endpoint=/api/v1/config/get-zone-id http_status=null type=ApiFailure transport_error=socket msg="api request threw" correlation_id=b5fa89e8-46b4-4e29-9e4d-6ac1ced18ddc[Stdout] 
[Stdout] flutter: [INFO] msg="location: inZone=false"[Stdout] 
[Stdout] flutter: [FAIL] endpoint=/api/v1/config/geocode-api http_status=null type=ApiFailure transport_error=socket msg="api request threw" correlation_id=7e851e38-e51a-4654-8585-8986c06d4b87[Stdout] 
[Stdout] flutter: 📊 analytics: my_location_tapped {screen: pick_map, section: map_controls, result: success}[Stdout] 
[Stdout] flutter: [NET] GET endpoint=/api/v1/config/geocode-api[Stdout] 
[Stdout] flutter: [NET] GET endpoint=/api/v1/config/get-zone-id[Stdout] 
[Stdout] flutter: [NET] endpoint=/api/v1/config/get-zone-id http_status=200[Stdout] 
[Stdout] flutter: [INFO] msg="location: inZone=true"[Stdout] 
[Stdout] flutter: [NET] endpoint=/api/v1/config/geocode-api http_status=200[Stdout] 
[Stdout] flutter: 📊 analytics: my_location_tapped {screen: pick_map, section: map_controls, result: success}[Stdout] 
[Stdout] flutter: [INFO] msg="pick-map: saving location and navigating"[Stdout] 
[Stdout] flutter: [NET] GET endpoint=/api/v1/config/get-zone-id[Stdout] 
[Stdout] flutter: [NET] endpoint=/api/v1/config/get-zone-id http_status=200[Stdout] 
[Stdout] flutter: [INFO] msg="location: inZone=true"[Stdout] 
[Stdout] flutter: [WARN] msg="cart getCartDataOnline: fetch skipped reason=no_module config_loaded=true"[Stdout] 
[Stdout] flutter: 📊 analytics: location_confirmed {zone_id: 1, source: gps, screen: pick_map, section: confirm_cta, in_zone: 1}[Stdout] 
[Stdout] flutter: [FAIL] endpoint=null http_status=null type=FcmTopicConfigFailure msg="configureFirebaseMessaging: FCM topic subscribe/unsubscribe failed"[Stdout] 
[Stdout] flutter: [INFO] msg="home load started"[Stdout] 
[Stdout] flutter: [INFO] msg="location handleRoute canRoute=false"[Stdout] 
[Stdout] flutter: [INFO] msg="location: zone resolved from short-TTL coord cache (T2 dedupe)"[Stdout] 
[Stdout] flutter: [INFO] msg="location: inZone=true"[Stdout] 
[Stdout] flutter: [INFO] msg="route: initial route module=null"[Stdout] 
[Stdout] flutter: [INFO] msg="home load skipped: already loading"[Stdout] 
[Stdout] flutter: [INFO] msg="location: zone resolved from short-TTL coord cache (T2 dedupe)"[Stdout] 
[Stdout] flutter: [INFO] msg="location: inZone=true"[Stdout] 
[Stdout] flutter: [NET] GET endpoint=/api/v1/banners[Stdout] 
[Stdout] flutter: [NET] GET endpoint=/api/v1/module[Stdout] 
[Stdout] flutter: [NET] GET endpoint=/api/v1/stores/get-stores/all[Stdout] 
[Stdout] flutter: [NET] endpoint=/api/v1/stores/get-stores/all http_status=200[Stdout] 
[Stdout] flutter: [NET] endpoint=/api/v1/banners http_status=200[Stdout] 
[Stdout] flutter: [NET] endpoint=/api/v1/module http_status=200[Stdout] 
[Stdout] flutter: 📊 analytics: sectors_shown {sectors_count: 5, zone_id: 1}[Stdout] 
[Stdout] flutter: 📊 analytics: module_restored {module_id: 2, zone_id: 1, module: food, source: most_stores, modules_available: 5, screen: home, section: module_tabs}[Stdout] 
[Stdout] flutter: [INFO] msg="home load started"[Stdout] 
[Stdout] flutter: [INFO] msg="location: zone resolved from short-TTL coord cache (T2 dedupe)"[Stdout] 
[Stdout] flutter: [INFO] msg="location: inZone=true"[Stdout] 
[Stdout] flutter: [NET] GET endpoint=/api/v1/home/all[Stdout] 
[Stdout] flutter: [NET] endpoint=/api/v1/home/all http_status=200[Stdout] 
[Stdout] flutter: [NET] GET endpoint=/api/v1/other-banners[Stdout] 
[Stdout] flutter: [NET] GET endpoint=/api/v1/flash-sales[Stdout] 
[Stdout] flutter: [NET] GET endpoint=/api/v1/items/popular[Stdout] 
[Stdout] flutter: [NET] GET endpoint=/api/v1/items/most-reviewed[Stdout] 
[Stdout] flutter: [NET] GET endpoint=/api/v1/campaigns/basic[Stdout] 
[Stdout] flutter: [NET] GET endpoint=/api/v1/campaigns/item[Stdout] 
[Stdout] flutter: [NET] GET endpoint=/api/v1/items/recommended[Stdout] 
[Stdout] flutter: [NET] GET endpoint=/api/v1/stores/get-stores/all[Stdout] 
[Stdout] flutter: [NET] GET endpoint=/api/v1/advertisement/list[Stdout] 
[Stdout] flutter: [NET] GET endpoint=/api/v1/module[Stdout] 
[Stdout] flutter: 📊 analytics: login_suggestion_shown {trigger: timer, screen: login_suggestion_sheet, source: home}[Stdout] 
[Stdout] flutter: [NET] endpoint=/api/v1/other-banners http_status=200[Stdout] 
[Stdout] flutter: [NET] endpoint=/api/v1/module http_status=200[Stdout] 
[Stdout] flutter: [FAIL] endpoint=null http_status=null type=FcmTokenFetchFailure msg="FCM registration id fetch failed"[Stdout] 
[Stdout] flutter: [NET] POST endpoint=/api/v1/auth/guest/request[Stdout] 
[Stdout] flutter: [NET] endpoint=/api/v1/flash-sales http_status=200[Stdout] 
[Stdout] flutter: [NET] endpoint=/api/v1/items/popular http_status=200[Stdout] 
[Stdout] flutter: [NET] endpoint=/api/v1/items/most-reviewed http_status=200[Stdout] 
[Stdout] flutter: [NET] endpoint=/api/v1/campaigns/basic http_status=200[Stdout] 
[Stdout] flutter: [NET] endpoint=/api/v1/campaigns/item http_status=200[Stdout] 
[Stdout] flutter: [NET] endpoint=/api/v1/items/recommended http_status=200[Stdout] 
[Stdout] flutter: [NET] endpoint=/api/v1/stores/get-stores/all http_status=200[Stdout] 
[Stdout] flutter: 📊 analytics: view_item_list {item_list_id: store_card_popular_items, item_list_name: store_card_popular_items, item_count: 5, screen: home, store_id: 4, section: stores_list, position: 1}[Stdout] 
[Stdout] flutter: 📊 analytics: view_item_list {item_list_id: store_card_popular_items, item_list_name: store_card_popular_items, item_count: 5, screen: home, store_id: 5, section: stores_list, position: 2}[Stdout] 
[Stdout] flutter: 📊 analytics: view_item_list {item_list_id: store_card_popular_items, item_list_name: store_card_popular_items, item_count: 5, screen: home, store_id: 6, section: stores_list, position: 3}[Stdout] 
[Stdout] flutter: 📊 analytics: view_item_list {item_list_id: store_card_popular_items, item_list_name: store_card_popular_items, item_count: 5, screen: home, store_id: 39, section: stores_list, position: 4}[Stdout] 
[Stdout] flutter: 📊 analytics: view_item_list {item_list_id: store_card_popular_items, item_list_name: store_card_popular_items, item_count: 5, screen: home, store_id: 40, section: stores_list, position: 5}[Stdout] 
[Stdout] flutter: 📊 analytics: view_item_list {item_list_id: store_card_popular_items, item_list_name: store_card_popular_items, item_count: 5, screen: home, store_id: 41, section: stores_list, position: 6}[Stdout] 
[Stdout] flutter: 📊 analytics: view_store_list {item_list_id: stores_list, item_list_name: stores_list, count: 7, screen: home, with_popular_items_count: 6}[Stdout] 
[Stdout] flutter: [WARN] msg="isAvailable: minute-precision end time, treating as inclusive to :59 (item boundary degrade)"[Stdout] 
[Stdout] flutter: [WARN] msg="isAvailable: minute-precision end time, treating as inclusive to :59 (item boundary degrade)"[Stdout] 
[Stdout] flutter: [WARN] msg="isAvailable: minute-precision end time, treating as inclusive to :59 (item boundary degrade)"[Stdout] 
[Stdout] flutter: [NET] endpoint=/api/v1/advertisement/list http_status=200[Stdout] 
[Stdout] flutter: [NET] endpoint=/api/v1/auth/guest/request http_status=200[Stdout] 
[Stdout] flutter: [NET] GET endpoint=/api/v1/customer/cart/list[Stdout] 
[Stdout] flutter: [NET] endpoint=/api/v1/customer/cart/list http_status=200[Stdout] 
[Stdout] flutter: 📊 analytics: login_suggestion_action {action: login, screen: login_suggestion_sheet, section: footer_cta, trigger: timer}[Stdout] 
[Stdout] flutter: 📊 analytics: login_viewed {source: sign_in}[Stdout] 
[Stdout] flutter: [NET] POST endpoint=/api/v1/auth/login[Stdout] 
[Stdout] flutter: [NET] endpoint=/api/v1/auth/login http_status=200[Stdout] 
[Stdout] flutter: [NET] GET endpoint=/api/v1/customer/info[Stdout] 
[Stdout] flutter: [NET] endpoint=/api/v1/customer/info http_status=200[Stdout] 
[Stdout] flutter: [NET] POST endpoint=/api/v1/customer/cm-firebase-token[Stdout] 
[Stdout] flutter: [NET] endpoint=/api/v1/customer/cm-firebase-token http_status=200[Stdout] 
[Stdout] flutter: [NET] GET endpoint=/api/v1/customer/info[Stdout] 
[Stdout] flutter: 📊 analytics: login {method: email}[Stdout] 
[Stdout] flutter: [NET] GET endpoint=/api/v1/customer/order/buy-it-again[Stdout] 
[Stdout] flutter: [NET] GET endpoint=/api/v1/customer/order/running-orders[Stdout] 
[Stdout] flutter: [NET] GET endpoint=/api/v1/customer/cart/list[Stdout] 
[Stdout] flutter: [NET] endpoint=/api/v1/customer/cart/list http_status=200[Stdout] 
[Stdout] flutter: [NET] endpoint=/api/v1/customer/order/buy-it-again http_status=200[Stdout] 
[Stdout] flutter: [NET] endpoint=/api/v1/customer/info http_status=200[Stdout] 
[Stdout] flutter: [NET] endpoint=/api/v1/customer/order/running-orders http_status=200[Stdout] 
[Stdout] flutter: [NET] GET endpoint=/api/v1/config[Stdout] 
[Stdout] flutter: 📊 analytics: screen_view {screen_name: profile, source: bottom_nav}[Stdout] 
[Stdout] flutter: [EVT] name=screen_view params=[screen_name, source][Stdout] 
[Stdout] flutter: [NET] endpoint=/api/v1/config http_status=200[Stdout] 
[Stdout] flutter: 📊 analytics: profile_menu_tapped {row: settings, position: 7, screen: profile, section: menu_list, source: bottom_nav}[Stdout] 
[Stdout] flutter: [EVT] name=profile_menu_tapped params=[row, position, screen, section, source][Stdout] 
[Stdout] flutter: 📊 analytics: settings_row_tapped {row: language, screen: settings, section: appearance, position: 1}[Stdout] 
[Stdout] flutter: [EVT] name=settings_row_tapped params=[row, screen, section, position][Stdout] 
[Stdout] flutter: 📊 analytics: screen_view {screen: language_sheet, source: settings}[Stdout] 
[Stdout] flutter: [EVT] name=screen_view params=[screen, source][Stdout] 
[Stdout] flutter: 📊 analytics: screen_view {screen_name: settings, section: language_sheet, source: profile_menu}[Stdout] 
[Stdout] flutter: 📊 analytics: language_changed {language_code: ar, previous_language_code: en, screen: settings, section: language_list, source: settings, position: 2, module_id: 2, zone_id: 1}[Stdout] 
[Stdout] flutter: [INFO] msg="home load started"[Stdout] 
[Stdout] flutter: 📊 analytics: language_changed {language_code: ar, screen: settings, section: appearance, source: settings}[Stdout] 
[Stdout] flutter: [EVT] name=language_changed params=[language_code, screen, section, source][Stdout] 
[Stdout] flutter: [NET] GET endpoint=/api/v1/config/get-zone-id[Stdout] 
[Stdout] flutter: [NET] endpoint=/api/v1/config/get-zone-id http_status=200[Stdout] 
[Stdout] flutter: [INFO] msg="location: inZone=true"[Stdout] 
[Stdout] flutter: [NET] GET endpoint=/api/v1/home/all[Stdout] 
[Stdout] flutter: [NET] endpoint=/api/v1/home/all http_status=200[Stdout] 
[Stdout] flutter: [NET] GET endpoint=/api/v1/other-banners[Stdout] 
[Stdout] flutter: [NET] GET endpoint=/api/v1/customer/info[Stdout] 
[Stdout] flutter: [NET] GET endpoint=/api/v1/flash-sales[Stdout] 
[Stdout] flutter: [NET] GET endpoint=/api/v1/items/popular[Stdout] 
[Stdout] flutter: [NET] GET endpoint=/api/v1/items/most-reviewed[Stdout] 
[Stdout] flutter: [NET] GET endpoint=/api/v1/campaigns/basic[Stdout] 
[Stdout] flutter: [NET] GET endpoint=/api/v1/campaigns/item[Stdout] 
[Stdout] flutter: [NET] GET endpoint=/api/v1/items/recommended[Stdout] 
[Stdout] flutter: [NET] GET endpoint=/api/v1/stores/get-stores/all[Stdout] 
[Stdout] flutter: [NET] GET endpoint=/api/v1/advertisement/list[Stdout] 
[Stdout] flutter: [NET] endpoint=/api/v1/advertisement/list http_status=200[Stdout] 
[Stdout] flutter: [NET] endpoint=/api/v1/customer/info http_status=200[Stdout] 
[Stdout] flutter: [NET] GET endpoint=/api/v1/customer/notifications[Stdout] 
[Stdout] flutter: [NET] GET endpoint=/api/v1/coupon/list[Stdout] 
[Stdout] flutter: [NET] endpoint=/api/v1/other-banners http_status=200[Stdout] 
[Stdout] flutter: [NET] endpoint=/api/v1/items/popular http_status=200[Stdout] 
[Stdout] flutter: [NET] endpoint=/api/v1/flash-sales http_status=200[Stdout] 
[Stdout] flutter: [NET] GET endpoint=/api/v1/module[Stdout] 
[Stdout] flutter: [NET] endpoint=/api/v1/items/most-reviewed http_status=200[Stdout] 
[Stdout] flutter: [NET] endpoint=/api/v1/campaigns/basic http_status=200[Stdout] 
[Stdout] flutter: [NET] endpoint=/api/v1/campaigns/item http_status=200[Stdout] 
[Stdout] flutter: [NET] endpoint=/api/v1/items/recommended http_status=200[Stdout] 
[Stdout] flutter: [NET] endpoint=/api/v1/stores/get-stores/all http_status=200[Stdout] 
[Stdout] flutter: 📊 analytics: view_item_list {item_list_id: store_card_popular_items, item_list_name: store_card_popular_items, item_count: 5, screen: home, store_id: 4, section: stores_list, position: 1}[Stdout] 
[Stdout] flutter: 📊 analytics: view_item_list {item_list_id: store_card_popular_items, item_list_name: store_card_popular_items, item_count: 5, screen: home, store_id: 5, section: stores_list, position: 2}[Stdout] 
[Stdout] flutter: 📊 analytics: view_item_list {item_list_id: store_card_popular_items, item_list_name: store_card_popular_items, item_count: 5, screen: home, store_id: 6, section: stores_list, position: 3}[Stdout] 
[Stdout] flutter: 📊 analytics: view_item_list {item_list_id: store_card_popular_items, item_list_name: store_card_popular_items, item_count: 5, screen: home, store_id: 39, section: stores_list, position: 4}[Stdout] 
[Stdout] flutter: 📊 analytics: view_item_list {item_list_id: store_card_popular_items, item_list_name: store_card_popular_items, item_count: 5, screen: home, store_id: 40, section: stores_list, position: 5}[Stdout] 
[Stdout] flutter: 📊 analytics: view_item_list {item_list_id: store_card_popular_items, item_list_name: store_card_popular_items, item_count: 5, screen: home, store_id: 41, section: stores_list, position: 6}[Stdout] 
[Stdout] flutter: 📊 analytics: view_store_list {item_list_id: stores_list, item_list_name: stores_list, count: 7, screen: home, with_popular_items_count: 6}[Stdout] 
[Stdout] flutter: [NET] GET endpoint=/api/v1/customer/order/buy-it-again[Stdout] 
[Stdout] flutter: [NET] endpoint=/api/v1/customer/notifications http_status=200[Stdout] 
[Stdout] flutter: [NET] endpoint=/api/v1/coupon/list http_status=200[Stdout] 
[Stdout] flutter: 📊 analytics: view_promotion {promotion_count: 0, eligible_count: 0, expiring_count: 0, screen: coupons, source: profile_menu}[Stdout] 
[Stdout] flutter: [NET] endpoint=/api/v1/module http_status=200[Stdout] 
[Stdout] flutter: [NET] endpoint=/api/v1/customer/order/buy-it-again http_status=200[Stdout] 
[Stdout] flutter: [NET] GET endpoint=/api/v1/customer/order/running-orders[Stdout] 
[Stdout] flutter: [INFO] msg="home load started"[Stdout] 
[Stdout] flutter: [NET] GET endpoint=/api/v1/config/get-zone-id[Stdout] 
[Stdout] flutter: [NET] endpoint=/api/v1/customer/order/running-orders http_status=200[Stdout] 
[Stdout] flutter: [NET] endpoint=/api/v1/config/get-zone-id http_status=200[Stdout] 
[Stdout] flutter: [INFO] msg="location: inZone=true"[Stdout] 
[Stdout] flutter: [NET] GET endpoint=/api/v1/home/all[Stdout] 
[Stdout] flutter: [NET] endpoint=/api/v1/home/all http_status=200[Stdout] 
[Stdout] flutter: [NET] GET endpoint=/api/v1/customer/info[Stdout] 
[Stdout] flutter: [NET] GET endpoint=/api/v1/items/popular[Stdout] 
[Stdout] flutter: [NET] GET endpoint=/api/v1/items/most-reviewed[Stdout] 
[Stdout] flutter: 📊 analytics: view_item_list {item_list_id: store_card_popular_items, item_list_name: store_card_popular_items, item_count: 5, screen: home, store_id: 4, section: stores_list, position: 1}[Stdout] 
[Stdout] flutter: 📊 analytics: view_item_list {item_list_id: store_card_popular_items, item_list_name: store_card_popular_items, item_count: 5, screen: home, store_id: 5, section: stores_list, position: 2}[Stdout] 
[Stdout] flutter: 📊 analytics: view_item_list {item_list_id: store_card_popular_items, item_list_name: store_card_popular_items, item_count: 5, screen: home, store_id: 6, section: stores_list, position: 3}[Stdout] 
[Stdout] flutter: 📊 analytics: view_item_list {item_list_id: store_card_popular_items, item_list_name: store_card_popular_items, item_count: 5, screen: home, store_id: 39, section: stores_list, position: 4}[Stdout] 
[Stdout] flutter: 📊 analytics: view_item_list {item_list_id: store_card_popular_items, item_list_name: store_card_popular_items, item_count: 5, screen: home, store_id: 40, section: stores_list, position: 5}[Stdout] 
[Stdout] flutter: 📊 analytics: view_item_list {item_list_id: store_card_popular_items, item_list_name: store_card_popular_items, item_count: 5, screen: home, store_id: 41, section: stores_list, position: 6}[Stdout] 
[Stdout] flutter: 📊 analytics: view_store_list {item_list_id: stores_list, item_list_name: stores_list, count: 7, screen: home, with_popular_items_count: 6}[Stdout] 
[Stdout] flutter: [NET] GET endpoint=/api/v1/customer/order/buy-it-again[Stdout] 
[Stdout] flutter: [NET] GET endpoint=/api/v1/stores/get-stores/all[Stdout] 
[Stdout] flutter: [NET] GET endpoint=/api/v1/advertisement/list[Stdout] 
[Stdout] flutter: [NET] endpoint=/api/v1/advertisement/list http_status=200[Stdout] 
[Stdout] flutter: [NET] endpoint=/api/v1/customer/info http_status=200[Stdout] 
[Stdout] flutter: [NET] GET endpoint=/api/v1/coupon/list[Stdout] 
[Stdout] flutter: [NET] endpoint=/api/v1/customer/order/buy-it-again http_status=200[Stdout] 
[Stdout] flutter: [NET] endpoint=/api/v1/items/most-reviewed http_status=200[Stdout] 
[Stdout] flutter: [NET] endpoint=/api/v1/items/popular http_status=200[Stdout] 
[Stdout] flutter: [NET] GET endpoint=/api/v1/module[Stdout] 
[Stdout] flutter: [NET] endpoint=/api/v1/stores/get-stores/all http_status=200[Stdout] 
[Stdout] flutter: 📊 analytics: view_item_list {item_list_id: store_card_popular_items, item_list_name: store_card_popular_items, item_count: 5, screen: home, store_id: 4, section: stores_list, position: 1}[Stdout] 
[Stdout] flutter: 📊 analytics: view_item_list {item_list_id: store_card_popular_items, item_list_name: store_card_popular_items, item_count: 5, screen: home, store_id: 5, section: stores_list, position: 2}[Stdout] 
[Stdout] flutter: 📊 analytics: view_item_list {item_list_id: store_card_popular_items, item_list_name: store_card_popular_items, item_count: 5, screen: home, store_id: 6, section: stores_list, position: 3}[Stdout] 
[Stdout] flutter: 📊 analytics: view_item_list {item_list_id: store_card_popular_items, item_list_name: store_card_popular_items, item_count: 5, screen: home, store_id: 39, section: stores_list, position: 4}[Stdout] 
[Stdout] flutter: 📊 analytics: view_item_list {item_list_id: store_card_popular_items, item_list_name: store_card_popular_items, item_count: 5, screen: home, store_id: 40, section: stores_list, position: 5}[Stdout] 
[Stdout] flutter: 📊 analytics: view_item_list {item_list_id: store_card_popular_items, item_list_name: store_card_popular_items, item_count: 5, screen: home, store_id: 41, section: stores_list, position: 6}[Stdout] 
[Stdout] flutter: 📊 analytics: view_store_list {item_list_id: stores_list, item_list_name: stores_list, count: 7, screen: home, with_popular_items_count: 6}[Stdout] 
[Stdout] flutter: [NET] endpoint=/api/v1/coupon/list http_status=200[Stdout] 
[Stdout] flutter: 📊 analytics: view_promotion {promotion_count: 0, eligible_count: 0, expiring_count: 0, screen: coupons, source: profile_menu}[Stdout] 
[Stdout] flutter: [NET] endpoint=/api/v1/module http_status=200[Stdout] 
[Stdout] flutter: [NET] GET endpoint=/api/v1/categories/popular[Stdout] 
[Stdout] flutter: [NET] GET endpoint=/api/v1/customer/suggested-items[Stdout] 
[Stdout] flutter: [NET] endpoint=/api/v1/categories/popular http_status=200[Stdout] 
[Stdout] flutter: [NET] endpoint=/api/v1/customer/suggested-items http_status=200[Stdout] 
[Stdout] flutter: [INFO] msg="home load started"[Stdout] 
[Stdout] flutter: [NET] GET endpoint=/api/v1/config/get-zone-id[Stdout] 
[Stdout] flutter: [NET] endpoint=/api/v1/config/get-zone-id http_status=200[Stdout] 
[Stdout] flutter: [INFO] msg="location: inZone=true"[Stdout] 
[Stdout] flutter: [NET] GET endpoint=/api/v1/home/all[Stdout] 
[Stdout] flutter: [NET] endpoint=/api/v1/home/all http_status=200[Stdout] 
[Stdout] flutter: [NET] GET endpoint=/api/v1/customer/info[Stdout] 
[Stdout] flutter: [NET] GET endpoint=/api/v1/items/popular[Stdout] 
[Stdout] flutter: [NET] GET endpoint=/api/v1/items/most-reviewed[Stdout] 
[Stdout] flutter: 📊 analytics: view_item_list {item_list_id: store_card_popular_items, item_list_name: store_card_popular_items, item_count: 5, screen: home, store_id: 4, section: stores_list, position: 1}[Stdout] 
[Stdout] flutter: 📊 analytics: view_item_list {item_list_id: store_card_popular_items, item_list_name: store_card_popular_items, item_count: 5, screen: home, store_id: 5, section: stores_list, position: 2}[Stdout] 
[Stdout] flutter: 📊 analytics: view_item_list {item_list_id: store_card_popular_items, item_list_name: store_card_popular_items, item_count: 5, screen: home, store_id: 6, section: stores_list, position: 3}[Stdout] 
[Stdout] flutter: 📊 analytics: view_item_list {item_list_id: store_card_popular_items, item_list_name: store_card_popular_items, item_count: 5, screen: home, store_id: 39, section: stores_list, position: 4}[Stdout] 
[Stdout] flutter: 📊 analytics: view_item_list {item_list_id: store_card_popular_items, item_list_name: store_card_popular_items, item_count: 5, screen: home, store_id: 40, section: stores_list, position: 5}[Stdout] 
[Stdout] flutter: 📊 analytics: view_item_list {item_list_id: store_card_popular_items, item_list_name: store_card_popular_items, item_count: 5, screen: home, store_id: 41, section: stores_list, position: 6}[Stdout] 
[Stdout] flutter: 📊 analytics: view_store_list {item_list_id: stores_list, item_list_name: stores_list, count: 7, screen: home, with_popular_items_count: 6}[Stdout] 
[Stdout] flutter: [NET] GET endpoint=/api/v1/customer/order/buy-it-again[Stdout] 
[Stdout] flutter: [NET] GET endpoint=/api/v1/stores/get-stores/all[Stdout] 
[Stdout] flutter: [NET] GET endpoint=/api/v1/advertisement/list[Stdout] 
[Stdout] flutter: [NET] endpoint=/api/v1/customer/info http_status=200[Stdout] 
[Stdout] flutter: [NET] GET endpoint=/api/v1/coupon/list[Stdout] 
[Stdout] flutter: [NET] endpoint=/api/v1/advertisement/list http_status=200[Stdout] 
[Stdout] flutter: [NET] endpoint=/api/v1/customer/order/buy-it-again http_status=200[Stdout] 
[Stdout] flutter: [NET] endpoint=/api/v1/items/most-reviewed http_status=200[Stdout] 
[Stdout] flutter: [NET] endpoint=/api/v1/items/popular http_status=200[Stdout] 
[Stdout] flutter: [NET] GET endpoint=/api/v1/module[Stdout] 
[Stdout] flutter: [NET] endpoint=/api/v1/stores/get-stores/all http_status=200[Stdout] 
[Stdout] flutter: 📊 analytics: view_item_list {item_list_id: store_card_popular_items, item_list_name: store_card_popular_items, item_count: 5, screen: home, store_id: 4, section: stores_list, position: 1}[Stdout] 
[Stdout] flutter: 📊 analytics: view_item_list {item_list_id: store_card_popular_items, item_list_name: store_card_popular_items, item_count: 5, screen: home, store_id: 5, section: stores_list, position: 2}[Stdout] 
[Stdout] flutter: 📊 analytics: view_item_list {item_list_id: store_card_popular_items, item_list_name: store_card_popular_items, item_count: 5, screen: home, store_id: 6, section: stores_list, position: 3}[Stdout] 
[Stdout] flutter: 📊 analytics: view_item_list {item_list_id: store_card_popular_items, item_list_name: store_card_popular_items, item_count: 5, screen: home, store_id: 39, section: stores_list, position: 4}[Stdout] 
[Stdout] flutter: 📊 analytics: view_item_list {item_list_id: store_card_popular_items, item_list_name: store_card_popular_items, item_count: 5, screen: home, store_id: 40, section: stores_list, position: 5}[Stdout] 
[Stdout] flutter: 📊 analytics: view_item_list {item_list_id: store_card_popular_items, item_list_name: store_card_popular_items, item_count: 5, screen: home, store_id: 41, section: stores_list, position: 6}[Stdout] 
[Stdout] flutter: 📊 analytics: view_store_list {item_list_id: stores_list, item_list_name: stores_list, count: 7, screen: home, with_popular_items_count: 6}[Stdout] 
[Stdout] flutter: [NET] endpoint=/api/v1/module http_status=200[Stdout] 
[Stdout] flutter: [NET] endpoint=/api/v1/coupon/list http_status=200[Stdout] 
[Stdout] flutter: 📊 analytics: view_promotion {promotion_count: 0, eligible_count: 0, expiring_count: 0, screen: coupons, source: profile_menu}[Stdout] 
[Stdout] flutter: 📊 analytics: select_store {store_id: 4, screen: home, item_list_id: stores_list, item_list_name: stores_list, source: store_card, index: 0, has_popular_items: 1, is_open: 1, popular_item_count: 15}[Stdout] 
[Stdout] flutter: [NET] GET endpoint=/api/v1/cashback/list[Stdout] 
[Stdout] flutter: [NET] GET endpoint=/api/v1/customer/wish-list[Stdout] 
[Stdout] flutter: [NET] GET endpoint=/api/v1/customer/cart/list[Stdout] 
[Stdout] flutter: [INFO] msg="route: waiting for module=food-restaurant"[Stdout] 
[Stdout] flutter: [INFO] msg="route: checkModuleId configNull=false hasAddress=true fromDeeplink=false"[Stdout] 
[Stdout] flutter: [INFO] msg="route: not from deeplink, skipping module fetch"[Stdout] 
[Stdout] flutter: [INFO] msg="route: module future state=ConnectionState.waiting hasData=false hasError=false"[Stdout] 
[Stdout] flutter: [INFO] msg="route: module future state=ConnectionState.done hasData=false hasError=false"[Stdout] 
[Stdout] flutter: [NET] GET endpoint=/api/v1/stores/details/4[Stdout] 
[Stdout] flutter: [NET] endpoint=/api/v1/customer/cart/list http_status=200[Stdout] 
[Stdout] flutter: [NET] endpoint=/api/v1/customer/wish-list http_status=200[Stdout] 
[Stdout] flutter: 📊 analytics: view_item_list {item_list_id: favourite_items, item_list_name: favourite_items, item_count: 0, screen: favourites}[Stdout] 
[Stdout] flutter: 📊 analytics: view_store_list {item_list_id: favourite_stores, item_list_name: favourite_stores, count: 0, screen: favourites}[Stdout] 
[Stdout] flutter: [NET] endpoint=/api/v1/cashback/list http_status=200[Stdout] 
[Stdout] flutter: [NET] endpoint=/api/v1/stores/details/4 http_status=200[Stdout] 
[Stdout] flutter: [NET] GET endpoint=/api/v1/config/distance-api[Stdout] 
[Stdout] flutter: 📊 analytics: view_store {store_id: 4, screen: home, item_list_id: stores_list, item_list_name: stores_list, source: store_card, index: 0, has_popular_items: 1, is_open: 1}[Stdout] 
[Stdout] flutter: [NET] GET endpoint=/api/v1/categories/offers[Stdout] 
[Stdout] flutter: [NET] GET endpoint=/api/v1/items/recommended[Stdout] 
[Stdout] flutter: [NET] GET endpoint=/api/v1/items/latest[Stdout] 
[Stdout] flutter: [NET] endpoint=/api/v1/items/latest http_status=200[Stdout] 
[Stdout] flutter: [NET] endpoint=/api/v1/config/distance-api http_status=200[Stdout] 
[Stdout] flutter: [NET] GET endpoint=/api/v1/vehicle/extra_charge[Stdout] 
[Stdout] flutter: [NET] endpoint=/api/v1/categories/offers http_status=200[Stdout] 
[Stdout] flutter: [NET] endpoint=/api/v1/items/recommended http_status=200[Stdout] 
[Stdout] flutter: [NET] endpoint=/api/v1/vehicle/extra_charge http_status=200[Stdout] 
[Stdout] flutter: [NET] GET endpoint=/api/v1/items/details/16[Stdout] 
[Stdout] flutter: [NET] endpoint=/api/v1/items/details/16 http_status=200[Stdout] 
[Stdout] flutter: 📊 analytics: view_item {item_id: 16, item_category: 14, price: 8.99, value: 8.99, screen: store_screen, item_list_id: recommended_items, item_list_name: recommended_items, index: 0, store_id: 4, is_available: 1}[Stdout] 
[Stdout] flutter: 📊 analytics: screen_view {screen_name: product_sheet, source: product_card}[Stdout] 
[Stdout] flutter: [NET] GET endpoint=/api/v1/items/details/16[Stdout] 
[Stdout] flutter: [NET] endpoint=/api/v1/items/details/16 http_status=200[Stdout] 
[Stdout] flutter: 📊 analytics: view_item {item_id: 16, item_category: 14, price: 8.99, value: 8.99, screen: store_screen, item_list_id: recommended_items, item_list_name: recommended_items, index: 0, store_id: 4, is_available: 1}[Stdout] 
[Stdout] flutter: [NET] GET endpoint=/api/v1/cashback/list[Stdout] 
[Stdout] flutter: [NET] GET endpoint=/api/v1/customer/wish-list[Stdout] 
[Stdout] flutter: [NET] POST endpoint=/api/v1/customer/cart/add[Stdout] 
[Stdout] flutter: [NET] GET endpoint=/api/v1/customer/cart/list[Stdout] 
[Stdout] flutter: [NET] endpoint=/api/v1/customer/cart/list http_status=200[Stdout] 
[Stdout] flutter: [NET] endpoint=/api/v1/customer/wish-list http_status=200[Stdout] 
[Stdout] flutter: 📊 analytics: view_item_list {item_list_id: favourite_items, item_list_name: favourite_items, item_count: 0, screen: favourites}[Stdout] 
[Stdout] flutter: 📊 analytics: view_store_list {item_list_id: favourite_stores, item_list_name: favourite_stores, count: 0, screen: favourites}[Stdout] 
[Stdout] flutter: [NET] endpoint=/api/v1/cashback/list http_status=200[Stdout] 
[Stdout] flutter: [NET] endpoint=/api/v1/customer/cart/add http_status=200[Stdout] 
[Stdout] flutter: 📊 analytics: add_to_cart {item_id: 16, price: 8.99, quantity: 1, currency: AED, value: 8.99, screen: product_sheet, item_list_id: product_details, item_list_name: product_details, store_id: 4, is_available: 1, module_id: 2}[Stdout] 
[Stdout] flutter: [NET] GET endpoint=/api/v1/customer/order/running-orders[Stdout] 
[Stdout] flutter: 📊 analytics: app_bar_action_tapped {action: back, screen: store_detail, module_id: 2, section: app_bar}[Stdout] 
[Stdout] flutter: [EVT] name=app_bar_action_tapped params=[action, screen, module_id, section][Stdout] 
[Stdout] flutter: [NET] endpoint=/api/v1/customer/order/running-orders http_status=200[Stdout] 
[Stdout] flutter: 📊 analytics: select_store {store_id: 4, screen: home, item_list_id: stores_list, item_list_name: stores_list, source: store_card, index: 0, has_popular_items: 1, is_open: 1, popular_item_count: 15}[Stdout] 
[Stdout] flutter: [NET] GET endpoint=/api/v1/cashback/list[Stdout] 
[Stdout] flutter: [NET] GET endpoint=/api/v1/customer/wish-list[Stdout] 
[Stdout] flutter: [NET] GET endpoint=/api/v1/customer/cart/list[Stdout] 
[Stdout] flutter: [INFO] msg="route: waiting for module=food-restaurant"[Stdout] 
[Stdout] flutter: [INFO] msg="route: checkModuleId configNull=false hasAddress=true fromDeeplink=false"[Stdout] 
[Stdout] flutter: [INFO] msg="route: not from deeplink, skipping module fetch"[Stdout] 
[Stdout] flutter: [INFO] msg="route: module future state=ConnectionState.waiting hasData=false hasError=false"[Stdout] 
[Stdout] flutter: [INFO] msg="route: module future state=ConnectionState.done hasData=false hasError=false"[Stdout] 
[Stdout] flutter: [NET] GET endpoint=/api/v1/stores/details/4[Stdout] 
[Stdout] flutter: [NET] endpoint=/api/v1/customer/wish-list http_status=200[Stdout] 
[Stdout] flutter: 📊 analytics: view_item_list {item_list_id: favourite_items, item_list_name: favourite_items, item_count: 0, screen: favourites}[Stdout] 
[Stdout] flutter: 📊 analytics: view_store_list {item_list_id: favourite_stores, item_list_name: favourite_stores, count: 0, screen: favourites}[Stdout] 
[Stdout] flutter: [NET] endpoint=/api/v1/cashback/list http_status=200[Stdout] 
[Stdout] flutter: [NET] endpoint=/api/v1/stores/details/4 http_status=200[Stdout] 
[Stdout] flutter: [NET] GET endpoint=/api/v1/config/distance-api[Stdout] 
[Stdout] flutter: 📊 analytics: view_store {store_id: 4, screen: home, item_list_id: stores_list, item_list_name: stores_list, source: store_card, index: 0, has_popular_items: 1, is_open: 1}[Stdout] 
[Stdout] flutter: [NET] GET endpoint=/api/v1/categories/offers[Stdout] 
[Stdout] flutter: [NET] GET endpoint=/api/v1/items/recommended[Stdout] 
[Stdout] flutter: [NET] GET endpoint=/api/v1/items/latest[Stdout] 
[Stdout] flutter: [NET] endpoint=/api/v1/customer/cart/list http_status=200[Stdout] 
[Stdout] flutter: [NET] endpoint=/api/v1/items/recommended http_status=200[Stdout] 
[Stdout] flutter: [NET] endpoint=/api/v1/items/latest http_status=200[Stdout] 
[Stdout] flutter: [NET] endpoint=/api/v1/config/distance-api http_status=200[Stdout] 
[Stdout] flutter: [NET] GET endpoint=/api/v1/vehicle/extra_charge[Stdout] 
[Stdout] flutter: [NET] endpoint=/api/v1/categories/offers http_status=200[Stdout] 
[Stdout] flutter: [NET] endpoint=/api/v1/vehicle/extra_charge http_status=200[Stdout] 
# rpc {"jsonrpc":"2.0","result":{"type":"Success"},"id":2}
# rpc {"jsonrpc":"2.0","result":{"type":"Success"},"id":3}
[Extension] Flutter.ServiceExtensionStateChanged {"extension": "ext.flutter.activeDevToolsServerAddress", "value": "http://127.0.0.1:52873/33m4_zkfQ5c=/devtools/"}
[Extension] Flutter.ServiceExtensionStateChanged {"extension": "ext.flutter.connectedVmServiceUri", "value": "http://127.0.0.1:52873/33m4_zkfQ5c=/"}
[Extension] Flutter.Navigation {"route": {"description": "GetPageRoute<dynamic>(/location-rationale?page=/splash)", "settings": {"name": "/location-rationale?page=/splash"}}}
[Extension] Flutter.ImageSizesForFrame {"assets/image/delivery_location.png": {"source": "assets/image/delivery_location.png", "displaySize": {"width": 313.0909090909091, "height": 288.0}, "imageSize": {"width": 1148.0, "height": 1056.0}, "displaySizeInBytes": 480907, "decodedSizeInBytes": 6465536}}
[Extension] Flutter.Navigation {"route": {"description": "GetPageRoute<dynamic>(/pick-map?page=/splash&route=false)", "settings": {"name": "/pick-map?page=/splash&route=false"}}}
[Extension] Flutter.Navigation {"route": {"description": "GetPageRoute<dynamic>(/?module=null&from-splash=false)", "settings": {"name": "/?module=null&from-splash=false"}}}
[Extension] Flutter.ImageSizesForFrame {"assets/image/most_popular_icon.png": {"source": "assets/image/most_popular_icon.png", "displaySize": {"width": 60.0, "height": 60.0}, "imageSize": {"width": 44.0, "height": 57.0}, "displaySizeInBytes": 19200, "decodedSizeInBytes": 13376}}
[Extension] Flutter.Navigation {"route": {"description": "ModalBottomSheetRoute<dynamic>", "settings": {"name": null}}}
[Extension] Flutter.ImageSizesForFrame {"<Unknown Image(400\u00d7400)>": {"source": "<Unknown Image(400\u00d7400)>", "displaySize": {"width": 528.0, "height": 435.0}, "imageSize": {"width": 400.0, "height": 400.0}, "displaySizeInBytes": 1224960, "decodedSizeInBytes": 853333}}
[Extension] Flutter.ImageSizesForFrame {"<Unknown Image(400\u00d7400)>": {"source": "<Unknown Image(400\u00d7400)>", "displaySize": {"width": 528.0, "height": 435.0}, "imageSize": {"width": 400.0, "height": 400.0}, "displaySizeInBytes": 1224960, "decodedSizeInBytes": 853333}}
[Extension] Flutter.ImageSizesForFrame {"<Unknown Image(400\u00d7400)>": {"source": "<Unknown Image(400\u00d7400)>", "displaySize": {"width": 480.0, "height": 382.5}, "imageSize": {"width": 400.0, "height": 400.0}, "displaySizeInBytes": 979200, "decodedSizeInBytes": 853333}}
[Extension] Flutter.ImageSizesForFrame {"<Unknown Image(400\u00d7400)>": {"source": "<Unknown Image(400\u00d7400)>", "displaySize": {"width": 528.0, "height": 382.5}, "imageSize": {"width": 400.0, "height": 400.0}, "displaySizeInBytes": 1077120, "decodedSizeInBytes": 853333}, "assets/image/most_popular_icon.png": {"source": "assets/image
[Extension] Flutter.ImageSizesForFrame {"<Unknown Image(400\u00d7400)>": {"source": "<Unknown Image(400\u00d7400)>", "displaySize": {"width": 528.0, "height": 382.5}, "imageSize": {"width": 400.0, "height": 400.0}, "displaySizeInBytes": 1077120, "decodedSizeInBytes": 853333}}
[Extension] Flutter.ImageSizesForFrame {"assets/image/most_popular_icon.png": {"source": "assets/image/most_popular_icon.png", "displaySize": {"width": 60.0, "height": 60.0}, "imageSize": {"width": 44.0, "height": 57.0}, "displaySizeInBytes": 19200, "decodedSizeInBytes": 13376}}
[Extension] Flutter.ImageSizesForFrame {"<Unknown Image(528\u00d7176)>": {"source": "<Unknown Image(528\u00d7176)>", "displaySize": {"width": 528.0, "height": 382.5}, "imageSize": {"width": 528.0, "height": 176.0}, "displaySizeInBytes": 1077120, "decodedSizeInBytes": 495616}, "<Unknown Image(400\u00d7400)>": {"source": "<Unknown Image(40
[Extension] Flutter.ImageSizesForFrame {"assets/image/most_popular_icon.png": {"source": "assets/image/most_popular_icon.png", "displaySize": {"width": 60.0, "height": 60.0}, "imageSize": {"width": 44.0, "height": 57.0}, "displaySizeInBytes": 19200, "decodedSizeInBytes": 13376}}
[Extension] Flutter.Navigation {"route": {"description": "ModalBottomSheetRoute<dynamic>", "settings": {"name": null}}}
[Extension] Flutter.Navigation {"route": {"description": "GetPageRoute<dynamic>(/sign-in?page=/?module=null&from-splash=false)", "settings": {"name": "/sign-in?page=/?module=null&from-splash=false"}}}
[Extension] Flutter.ImageSizesForFrame {"assets/image/email_with_phone.png": {"source": "assets/image/email_with_phone.png", "displaySize": {"width": 54.0, "height": 54.0}, "imageSize": {"width": 72.0, "height": 72.0}, "displaySizeInBytes": 15552, "decodedSizeInBytes": 27648}}
[Extension] Flutter.Navigation {"route": {"description": "GetPageRoute<dynamic>(/sign-in?page=/?module=null&from-splash=false)", "settings": {"name": "/sign-in?page=/?module=null&from-splash=false"}}}
[Extension] Flutter.ImageSizesForFrame {"<Unknown Image(400\u00d7400)>": {"source": "<Unknown Image(400\u00d7400)>", "displaySize": {"width": 528.0, "height": 435.0}, "imageSize": {"width": 400.0, "height": 400.0}, "displaySizeInBytes": 1224960, "decodedSizeInBytes": 853333}, "assets/image/most_popular_icon.png": {"source": "assets/image
[Extension] Flutter.ImageSizesForFrame {"assets/image/email_with_phone.png": {"source": "assets/image/email_with_phone.png", "displaySize": {"width": 54.0, "height": 54.0}, "imageSize": {"width": 72.0, "height": 72.0}, "displaySizeInBytes": 15552, "decodedSizeInBytes": 27648}}
[Extension] Flutter.ImageSizesForFrame {"<Unknown Image(400\u00d7400)>": {"source": "<Unknown Image(400\u00d7400)>", "displaySize": {"width": 528.0, "height": 435.0}, "imageSize": {"width": 400.0, "height": 400.0}, "displaySizeInBytes": 1224960, "decodedSizeInBytes": 853333}, "assets/image/most_popular_icon.png": {"source": "assets/image
[Extension] Flutter.ImageSizesForFrame {"<Unknown Image(400\u00d7400)>": {"source": "<Unknown Image(400\u00d7400)>", "displaySize": {"width": 528.0, "height": 382.5}, "imageSize": {"width": 400.0, "height": 400.0}, "displaySizeInBytes": 1077120, "decodedSizeInBytes": 853333}, "assets/image/most_popular_icon.png": {"source": "assets/image
[Extension] Flutter.ImageSizesForFrame {"assets/image/most_popular_icon.png": {"source": "assets/image/most_popular_icon.png", "displaySize": {"width": 60.0, "height": 60.0}, "imageSize": {"width": 44.0, "height": 57.0}, "displaySizeInBytes": 19200, "decodedSizeInBytes": 13376}}
[Extension] Flutter.ImageSizesForFrame {"<Unknown Image(400\u00d7400)>": {"source": "<Unknown Image(400\u00d7400)>", "displaySize": {"width": 528.0, "height": 435.0}, "imageSize": {"width": 400.0, "height": 400.0}, "displaySizeInBytes": 1224960, "decodedSizeInBytes": 853333}, "<Unknown Image(528\u00d7176)>": {"source": "<Unknown Image(52
[Extension] Flutter.ImageSizesForFrame {"assets/image/most_popular_icon.png": {"source": "assets/image/most_popular_icon.png", "displaySize": {"width": 60.0, "height": 60.0}, "imageSize": {"width": 44.0, "height": 57.0}, "displaySizeInBytes": 19200, "decodedSizeInBytes": 13376}}
[Extension] Flutter.ImageSizesForFrame {"<Unknown Image(400\u00d7400)>": {"source": "<Unknown Image(400\u00d7400)>", "displaySize": {"width": 528.0, "height": 435.0}, "imageSize": {"width": 400.0, "height": 400.0}, "displaySizeInBytes": 1224960, "decodedSizeInBytes": 853333}, "<Unknown Image(528\u00d7176)>": {"source": "<Unknown Image(52
[Extension] Flutter.ImageSizesForFrame {"assets/image/guest_icon.png": {"source": "assets/image/guest_icon.png", "displaySize": {"width": 96.0, "height": 96.0}, "imageSize": {"width": 280.0, "height": 280.0}, "displaySizeInBytes": 49152, "decodedSizeInBytes": 418133}, "assets/image/most_popular_icon.png": {"source": "assets/image/most_po
[Extension] Flutter.ImageSizesForFrame {"<Unknown Image(400\u00d7400)>": {"source": "<Unknown Image(400\u00d7400)>", "displaySize": {"width": 528.0, "height": 435.0}, "imageSize": {"width": 400.0, "height": 400.0}, "displaySizeInBytes": 1224960, "decodedSizeInBytes": 853333}, "<Unknown Image(528\u00d7176)>": {"source": "<Unknown Image(52
[Extension] Flutter.ImageSizesForFrame {"assets/image/most_popular_icon.png": {"source": "assets/image/most_popular_icon.png", "displaySize": {"width": 52.5, "height": 52.5}, "imageSize": {"width": 44.0, "height": 57.0}, "displaySizeInBytes": 14700, "decodedSizeInBytes": 13376}, "assets/image/guest_icon.png": {"source": "assets/image/gue
[Extension] Flutter.ImageSizesForFrame {"assets/image/most_popular_icon.png": {"source": "assets/image/most_popular_icon.png", "displaySize": {"width": 52.5, "height": 52.5}, "imageSize": {"width": 44.0, "height": 57.0}, "displaySizeInBytes": 14700, "decodedSizeInBytes": 13376}}
[Extension] Flutter.ImageSizesForFrame {"<Unknown Image(400\u00d7400)>": {"source": "<Unknown Image(400\u00d7400)>", "displaySize": {"width": 420.0, "height": 334.6875}, "imageSize": {"width": 400.0, "height": 400.0}, "displaySizeInBytes": 749700, "decodedSizeInBytes": 853333}}
[Extension] Flutter.ImageSizesForFrame {"<Unknown Image(400\u00d7400)>": {"source": "<Unknown Image(400\u00d7400)>", "displaySize": {"width": 462.0, "height": 380.625}, "imageSize": {"width": 400.0, "height": 400.0}, "displaySizeInBytes": 937860, "decodedSizeInBytes": 853333}, "<Unknown Image(462\u00d7154)>": {"source": "<Unknown Image(4
[Extension] Flutter.ImageSizesForFrame {"assets/image/guest_icon.png": {"source": "assets/image/guest_icon.png", "displaySize": {"width": 84.0, "height": 84.0}, "imageSize": {"width": 280.0, "height": 280.0}, "displaySizeInBytes": 37632, "decodedSizeInBytes": 418133}}
[Extension] Flutter.ImageSizesForFrame {"<Unknown Image(84\u00d784)>": {"source": "<Unknown Image(84\u00d784)>", "displaySize": {"width": 84.0, "height": 84.0}, "imageSize": {"width": 84.0, "height": 84.0}, "displaySizeInBytes": 37632, "decodedSizeInBytes": 37632}, "assets/image/guest_icon.png": {"source": "assets/image/guest_icon.png", 
[Extension] Flutter.ImageSizesForFrame {"<Unknown Image(84\u00d784)>": {"source": "<Unknown Image(84\u00d784)>", "displaySize": {"width": 84.0, "height": 84.0}, "imageSize": {"width": 84.0, "height": 84.0}, "displaySizeInBytes": 37632, "decodedSizeInBytes": 37632}, "assets/image/guest_icon.png": {"source": "assets/image/guest_icon.png", 
[Extension] Flutter.ImageSizesForFrame {"assets/image/guest_icon.png": {"source": "assets/image/guest_icon.png", "displaySize": {"width": 84.0, "height": 84.0}, "imageSize": {"width": 280.0, "height": 280.0}, "displaySizeInBytes": 37632, "decodedSizeInBytes": 418133}}
[Extension] Flutter.ImageSizesForFrame {"<Unknown Image(84\u00d784)>": {"source": "<Unknown Image(84\u00d784)>", "displaySize": {"width": 84.0, "height": 84.0}, "imageSize": {"width": 84.0, "height": 84.0}, "displaySizeInBytes": 37632, "decodedSizeInBytes": 37632}, "assets/image/guest_icon.png": {"source": "assets/image/guest_icon.png", 
[Extension] Flutter.ImageSizesForFrame {"<Unknown Image(84\u00d784)>": {"source": "<Unknown Image(84\u00d784)>", "displaySize": {"width": 84.0, "height": 84.0}, "imageSize": {"width": 84.0, "height": 84.0}, "displaySizeInBytes": 37632, "decodedSizeInBytes": 37632}, "assets/image/guest_icon.png": {"source": "assets/image/guest_icon.png", 
[Extension] Flutter.ImageSizesForFrame {"<Unknown Image(84\u00d784)>": {"source": "<Unknown Image(84\u00d784)>", "displaySize": {"width": 84.0, "height": 84.0}, "imageSize": {"width": 84.0, "height": 84.0}, "displaySizeInBytes": 37632, "decodedSizeInBytes": 37632}, "assets/image/guest_icon.png": {"source": "assets/image/guest_icon.png", 
[Extension] Flutter.ImageSizesForFrame {"<Unknown Image(84\u00d784)>": {"source": "<Unknown Image(84\u00d784)>", "displaySize": {"width": 84.0, "height": 84.0}, "imageSize": {"width": 84.0, "height": 84.0}, "displaySizeInBytes": 37632, "decodedSizeInBytes": 37632}, "assets/image/guest_icon.png": {"source": "assets/image/guest_icon.png", 
[Extension] Flutter.ImageSizesForFrame {"assets/image/guest_icon.png": {"source": "assets/image/guest_icon.png", "displaySize": {"width": 84.0, "height": 84.0}, "imageSize": {"width": 280.0, "height": 280.0}, "displaySizeInBytes": 37632, "decodedSizeInBytes": 418133}}
[Extension] Flutter.ImageSizesForFrame {"assets/image/guest_icon.png": {"source": "assets/image/guest_icon.png", "displaySize": {"width": 84.0, "height": 84.0}, "imageSize": {"width": 280.0, "height": 280.0}, "displaySizeInBytes": 37632, "decodedSizeInBytes": 418133}, "<Unknown Image(74\u00d774)>": {"source": "<Unknown Image(74\u00d774)>
[Extension] Flutter.ImageSizesForFrame {"<Unknown Image(84\u00d784)>": {"source": "<Unknown Image(84\u00d784)>", "displaySize": {"width": 84.0, "height": 84.0}, "imageSize": {"width": 84.0, "height": 84.0}, "displaySizeInBytes": 37632, "decodedSizeInBytes": 37632}, "assets/image/guest_icon.png": {"source": "assets/image/guest_icon.png", 
[Extension] Flutter.ImageSizesForFrame {"assets/image/guest_icon.png": {"source": "assets/image/guest_icon.png", "displaySize": {"width": 84.0, "height": 84.0}, "imageSize": {"width": 280.0, "height": 280.0}, "displaySizeInBytes": 37632, "decodedSizeInBytes": 418133}}
[Extension] Flutter.ImageSizesForFrame {"assets/image/guest_icon.png": {"source": "assets/image/guest_icon.png", "displaySize": {"width": 84.0, "height": 84.0}, "imageSize": {"width": 280.0, "height": 280.0}, "displaySizeInBytes": 37632, "decodedSizeInBytes": 418133}, "<Unknown Image(74\u00d774)>": {"source": "<Unknown Image(74\u00d774)>
[Extension] Flutter.ImageSizesForFrame {"<Unknown Image(84\u00d7112)>": {"source": "<Unknown Image(84\u00d7112)>", "displaySize": {"width": 84.0, "height": 84.0}, "imageSize": {"width": 84.0, "height": 112.0}, "displaySizeInBytes": 37632, "decodedSizeInBytes": 50176}, "<Unknown Image(84\u00d784)>": {"source": "<Unknown Image(84\u00d784)>
[Extension] Flutter.ImageSizesForFrame {"<Unknown Image(84\u00d784)>": {"source": "<Unknown Image(84\u00d784)>", "displaySize": {"width": 84.0, "height": 84.0}, "imageSize": {"width": 84.0, "height": 84.0}, "displaySizeInBytes": 37632, "decodedSizeInBytes": 37632}}
[Extension] Flutter.ImageSizesForFrame {"assets/image/most_popular_icon.png": {"source": "assets/image/most_popular_icon.png", "displaySize": {"width": 52.5, "height": 52.5}, "imageSize": {"width": 44.0, "height": 57.0}, "displaySizeInBytes": 14700, "decodedSizeInBytes": 13376}}
[Extension] Flutter.Navigation {"route": {"description": "GetPageRoute<dynamic>(/setting-screen)", "settings": {"name": "/setting-screen"}}}
[Extension] Flutter.Navigation {"route": {"description": "ModalBottomSheetRoute<dynamic>", "settings": {"name": null}}}
[Extension] Flutter.Navigation {"route": {"description": "ModalBottomSheetRoute<dynamic>", "settings": {"name": null}}}
[Extension] Flutter.Navigation {"route": {"description": "GetPageRoute<dynamic>(/setting-screen)", "settings": {"name": "/setting-screen"}}}
[Extension] Flutter.ImageSizesForFrame {"<Unknown Image(400\u00d7400)>": {"source": "<Unknown Image(400\u00d7400)>", "displaySize": {"width": 462.0, "height": 380.625}, "imageSize": {"width": 400.0, "height": 400.0}, "displaySizeInBytes": 937860, "decodedSizeInBytes": 853333}, "<Unknown Image(462\u00d7154)>": {"source": "<Unknown Image(4
[Extension] Flutter.ImageSizesForFrame {"<Unknown Image(84\u00d784)>": {"source": "<Unknown Image(84\u00d784)>", "displaySize": {"width": 84.0, "height": 84.0}, "imageSize": {"width": 84.0, "height": 84.0}, "displaySizeInBytes": 37632, "decodedSizeInBytes": 37632}, "<Unknown Image(84\u00d7112)>": {"source": "<Unknown Image(84\u00d7112)>"
[Extension] Flutter.ImageSizesForFrame {"assets/image/most_popular_icon.png": {"source": "assets/image/most_popular_icon.png", "displaySize": {"width": 52.5, "height": 52.5}, "imageSize": {"width": 44.0, "height": 57.0}, "displaySizeInBytes": 14700, "decodedSizeInBytes": 13376}}
[Extension] Flutter.ImageSizesForFrame {"<Unknown Image(84\u00d784)>": {"source": "<Unknown Image(84\u00d784)>", "displaySize": {"width": 84.0, "height": 84.0}, "imageSize": {"width": 84.0, "height": 84.0}, "displaySizeInBytes": 37632, "decodedSizeInBytes": 37632}, "<Unknown Image(84\u00d7112)>": {"source": "<Unknown Image(84\u00d7112)>"
[Extension] Flutter.ImageSizesForFrame {"<Unknown Image(400\u00d7400)>": {"source": "<Unknown Image(400\u00d7400)>", "displaySize": {"width": 462.0, "height": 334.6875}, "imageSize": {"width": 400.0, "height": 400.0}, "displaySizeInBytes": 824670, "decodedSizeInBytes": 853333}, "assets/image/most_popular_icon.png": {"source": "assets/ima
[Extension] Flutter.ImageSizesForFrame {"<Unknown Image(84\u00d784)>": {"source": "<Unknown Image(84\u00d784)>", "displaySize": {"width": 84.0, "height": 84.0}, "imageSize": {"width": 84.0, "height": 84.0}, "displaySizeInBytes": 37632, "decodedSizeInBytes": 37632}, "<Unknown Image(84\u00d7112)>": {"source": "<Unknown Image(84\u00d7112)>"
[Extension] Flutter.ImageSizesForFrame {"assets/image/most_popular_icon.png": {"source": "assets/image/most_popular_icon.png", "displaySize": {"width": 52.5, "height": 52.5}, "imageSize": {"width": 44.0, "height": 57.0}, "displaySizeInBytes": 14700, "decodedSizeInBytes": 13376}}
[Extension] Flutter.ImageSizesForFrame {"<Unknown Image(400\u00d7400)>": {"source": "<Unknown Image(400\u00d7400)>", "displaySize": {"width": 462.0, "height": 380.625}, "imageSize": {"width": 400.0, "height": 400.0}, "displaySizeInBytes": 937860, "decodedSizeInBytes": 853333}, "<Unknown Image(462\u00d7154)>": {"source": "<Unknown Image(4
[Extension] Flutter.ImageSizesForFrame {"assets/image/most_popular_icon.png": {"source": "assets/image/most_popular_icon.png", "displaySize": {"width": 52.5, "height": 52.5}, "imageSize": {"width": 44.0, "height": 57.0}, "displaySizeInBytes": 14700, "decodedSizeInBytes": 13376}}
[Extension] Flutter.ImageSizesForFrame {"<Unknown Image(400\u00d7400)>": {"source": "<Unknown Image(400\u00d7400)>", "displaySize": {"width": 462.0, "height": 380.625}, "imageSize": {"width": 400.0, "height": 400.0}, "displaySizeInBytes": 937860, "decodedSizeInBytes": 853333}, "<Unknown Image(462\u00d7154)>": {"source": "<Unknown Image(4
[Extension] Flutter.ImageSizesForFrame {"assets/image/most_popular_icon.png": {"source": "assets/image/most_popular_icon.png", "displaySize": {"width": 52.5, "height": 52.5}, "imageSize": {"width": 44.0, "height": 57.0}, "displaySizeInBytes": 14700, "decodedSizeInBytes": 13376}}
[Extension] Flutter.ImageSizesForFrame {"<Unknown Image(400\u00d7400)>": {"source": "<Unknown Image(400\u00d7400)>", "displaySize": {"width": 462.0, "height": 380.625}, "imageSize": {"width": 400.0, "height": 400.0}, "displaySizeInBytes": 937860, "decodedSizeInBytes": 853333}, "<Unknown Image(462\u00d7154)>": {"source": "<Unknown Image(4
[Extension] Flutter.ImageSizesForFrame {"assets/image/most_popular_icon.png": {"source": "assets/image/most_popular_icon.png", "displaySize": {"width": 52.5, "height": 52.5}, "imageSize": {"width": 44.0, "height": 57.0}, "displaySizeInBytes": 14700, "decodedSizeInBytes": 13376}}
[Extension] Flutter.ImageSizesForFrame {"<Unknown Image(84\u00d784)>": {"source": "<Unknown Image(84\u00d784)>", "displaySize": {"width": 84.0, "height": 84.0}, "imageSize": {"width": 84.0, "height": 84.0}, "displaySizeInBytes": 37632, "decodedSizeInBytes": 37632}, "<Unknown Image(84\u00d7112)>": {"source": "<Unknown Image(84\u00d7112)>"
[Extension] Flutter.ImageSizesForFrame {"assets/image/most_popular_icon.png": {"source": "assets/image/most_popular_icon.png", "displaySize": {"width": 52.5, "height": 52.5}, "imageSize": {"width": 44.0, "height": 57.0}, "displaySizeInBytes": 14700, "decodedSizeInBytes": 13376}}
[Extension] Flutter.ImageSizesForFrame {"<Unknown Image(400\u00d7400)>": {"source": "<Unknown Image(400\u00d7400)>", "displaySize": {"width": 462.0, "height": 380.625}, "imageSize": {"width": 400.0, "height": 400.0}, "displaySizeInBytes": 937860, "decodedSizeInBytes": 853333}, "<Unknown Image(462\u00d7154)>": {"source": "<Unknown Image(4
[Extension] Flutter.ImageSizesForFrame {"<Unknown Image(400\u00d7400)>": {"source": "<Unknown Image(400\u00d7400)>", "displaySize": {"width": 462.0, "height": 380.625}, "imageSize": {"width": 400.0, "height": 400.0}, "displaySizeInBytes": 937860, "decodedSizeInBytes": 853333}, "<Unknown Image(462\u00d7154)>": {"source": "<Unknown Image(4
[Extension] Flutter.ImageSizesForFrame {"assets/image/most_popular_icon.png": {"source": "assets/image/most_popular_icon.png", "displaySize": {"width": 52.5, "height": 52.5}, "imageSize": {"width": 44.0, "height": 57.0}, "displaySizeInBytes": 14700, "decodedSizeInBytes": 13376}}
[Extension] Flutter.ImageSizesForFrame {"<Unknown Image(84\u00d784)>": {"source": "<Unknown Image(84\u00d784)>", "displaySize": {"width": 84.0, "height": 84.0}, "imageSize": {"width": 84.0, "height": 84.0}, "displaySizeInBytes": 37632, "decodedSizeInBytes": 37632}, "<Unknown Image(84\u00d7112)>": {"source": "<Unknown Image(84\u00d7112)>"
[Extension] Flutter.ImageSizesForFrame {"assets/image/most_popular_icon.png": {"source": "assets/image/most_popular_icon.png", "displaySize": {"width": 52.5, "height": 52.5}, "imageSize": {"width": 44.0, "height": 57.0}, "displaySizeInBytes": 14700, "decodedSizeInBytes": 13376}}
[Extension] Flutter.ImageSizesForFrame {"<Unknown Image(900\u00d7400)>": {"source": "<Unknown Image(900\u00d7400)>", "displaySize": {"width": 1027.5, "height": 315.0}, "imageSize": {"width": 900.0, "height": 400.0}, "displaySizeInBytes": 1726200, "decodedSizeInBytes": 1920000}, "<Unknown Image(126\u00d7126)>": {"source": "<Unknown Image(
[Extension] Flutter.ImageSizesForFrame {"assets/image/most_popular_icon.png": {"source": "assets/image/most_popular_icon.png", "displaySize": {"width": 52.5, "height": 52.5}, "imageSize": {"width": 44.0, "height": 57.0}, "displaySizeInBytes": 14700, "decodedSizeInBytes": 13376}}
[Extension] Flutter.ImageSizesForFrame {"<Unknown Image(900\u00d7400)>": {"source": "<Unknown Image(900\u00d7400)>", "displaySize": {"width": 1027.5, "height": 315.0}, "imageSize": {"width": 900.0, "height": 400.0}, "displaySizeInBytes": 1726200, "decodedSizeInBytes": 1920000}, "<Unknown Image(126\u00d7126)>": {"source": "<Unknown Image(
[Extension] Flutter.ImageSizesForFrame {"assets/image/most_popular_icon.png": {"source": "assets/image/most_popular_icon.png", "displaySize": {"width": 52.5, "height": 52.5}, "imageSize": {"width": 44.0, "height": 57.0}, "displaySizeInBytes": 14700, "decodedSizeInBytes": 13376}}
[Extension] Flutter.ImageSizesForFrame {"<Unknown Image(400\u00d7400)>": {"source": "<Unknown Image(400\u00d7400)>", "displaySize": {"width": 462.0, "height": 380.625}, "imageSize": {"width": 400.0, "height": 400.0}, "displaySizeInBytes": 937860, "decodedSizeInBytes": 853333}, "<Unknown Image(462\u00d7154)>": {"source": "<Unknown Image(4
[Extension] Flutter.ImageSizesForFrame {"<Unknown Image(400\u00d7400)>": {"source": "<Unknown Image(400\u00d7400)>", "displaySize": {"width": 462.0, "height": 380.625}, "imageSize": {"width": 400.0, "height": 400.0}, "displaySizeInBytes": 937860, "decodedSizeInBytes": 853333}, "<Unknown Image(462\u00d7154)>": {"source": "<Unknown Image(4
[Extension] Flutter.ImageSizesForFrame {"assets/image/most_popular_icon.png": {"source": "assets/image/most_popular_icon.png", "displaySize": {"width": 52.5, "height": 52.5}, "imageSize": {"width": 44.0, "height": 57.0}, "displaySizeInBytes": 14700, "decodedSizeInBytes": 13376}}
[Extension] Flutter.ImageSizesForFrame {"<Unknown Image(400\u00d7400)>": {"source": "<Unknown Image(400\u00d7400)>", "displaySize": {"width": 462.0, "height": 380.625}, "imageSize": {"width": 400.0, "height": 400.0}, "displaySizeInBytes": 937860, "decodedSizeInBytes": 853333}, "<Unknown Image(462\u00d7154)>": {"source": "<Unknown Image(4
[Extension] Flutter.ImageSizesForFrame {"<Unknown Image(400\u00d7400)>": {"source": "<Unknown Image(400\u00d7400)>", "displaySize": {"width": 462.0, "height": 380.625}, "imageSize": {"width": 400.0, "height": 400.0}, "displaySizeInBytes": 937860, "decodedSizeInBytes": 853333}, "<Unknown Image(462\u00d7154)>": {"source": "<Unknown Image(4
[Extension] Flutter.ImageSizesForFrame {"assets/image/most_popular_icon.png": {"source": "assets/image/most_popular_icon.png", "displaySize": {"width": 52.5, "height": 52.5}, "imageSize": {"width": 44.0, "height": 57.0}, "displaySizeInBytes": 14700, "decodedSizeInBytes": 13376}}
[Extension] Flutter.ImageSizesForFrame {"<Unknown Image(168\u00d7168)>": {"source": "<Unknown Image(168\u00d7168)>", "displaySize": {"width": 162.75, "height": 162.75}, "imageSize": {"width": 168.0, "height": 168.0}, "displaySizeInBytes": 141267, "decodedSizeInBytes": 150528}, "<Unknown Image(63\u00d763)>": {"source": "<Unknown Image(63\
[Extension] Flutter.ImageSizesForFrame {"<Unknown Image(168\u00d7168)>": {"source": "<Unknown Image(168\u00d7168)>", "displaySize": {"width": 162.75, "height": 162.75}, "imageSize": {"width": 168.0, "height": 168.0}, "displaySizeInBytes": 141267, "decodedSizeInBytes": 150528}}
[Extension] Flutter.ImageSizesForFrame {"<Unknown Image(168\u00d7168)>": {"source": "<Unknown Image(168\u00d7168)>", "displaySize": {"width": 162.75, "height": 162.75}, "imageSize": {"width": 168.0, "height": 168.0}, "displaySizeInBytes": 141267, "decodedSizeInBytes": 150528}}
[Extension] Flutter.ImageSizesForFrame {"<Unknown Image(400\u00d7400)>": {"source": "<Unknown Image(400\u00d7400)>", "displaySize": {"width": 462.0, "height": 380.625}, "imageSize": {"width": 400.0, "height": 400.0}, "displaySizeInBytes": 937860, "decodedSizeInBytes": 853333}, "assets/image/most_popular_icon.png": {"source": "assets/imag
[Extension] Flutter.ImageSizesForFrame {"<Unknown Image(400\u00d7400)>": {"source": "<Unknown Image(400\u00d7400)>", "displaySize": {"width": 462.0, "height": 380.625}, "imageSize": {"width": 400.0, "height": 400.0}, "displaySizeInBytes": 937860, "decodedSizeInBytes": 853333}, "<Unknown Image(462\u00d7154)>": {"source": "<Unknown Image(4
[Extension] Flutter.ImageSizesForFrame {"assets/image/most_popular_icon.png": {"source": "assets/image/most_popular_icon.png", "displaySize": {"width": 52.5, "height": 52.5}, "imageSize": {"width": 44.0, "height": 57.0}, "displaySizeInBytes": 14700, "decodedSizeInBytes": 13376}}
[Extension] Flutter.ImageSizesForFrame {"<Unknown Image(84\u00d784)>": {"source": "<Unknown Image(84\u00d784)>", "displaySize": {"width": 84.0, "height": 84.0}, "imageSize": {"width": 84.0, "height": 84.0}, "displaySizeInBytes": 37632, "decodedSizeInBytes": 37632}, "<Unknown Image(84\u00d7112)>": {"source": "<Unknown Image(84\u00d7112)>"
[Extension] Flutter.ImageSizesForFrame {"<Unknown Image(400\u00d7400)>": {"source": "<Unknown Image(400\u00d7400)>", "displaySize": {"width": 462.0, "height": 334.6875}, "imageSize": {"width": 400.0, "height": 400.0}, "displaySizeInBytes": 824670, "decodedSizeInBytes": 853333}, "assets/image/most_popular_icon.png": {"source": "assets/ima
[Extension] Flutter.ImageSizesForFrame {"<Unknown Image(84\u00d784)>": {"source": "<Unknown Image(84\u00d784)>", "displaySize": {"width": 84.0, "height": 84.0}, "imageSize": {"width": 84.0, "height": 84.0}, "displaySizeInBytes": 37632, "decodedSizeInBytes": 37632}, "<Unknown Image(84\u00d7112)>": {"source": "<Unknown Image(84\u00d7112)>"
[Extension] Flutter.ImageSizesForFrame {"assets/image/most_popular_icon.png": {"source": "assets/image/most_popular_icon.png", "displaySize": {"width": 52.5, "height": 52.5}, "imageSize": {"width": 44.0, "height": 57.0}, "displaySizeInBytes": 14700, "decodedSizeInBytes": 13376}}
[Extension] Flutter.ImageSizesForFrame {"<Unknown Image(84\u00d784)>": {"source": "<Unknown Image(84\u00d784)>", "displaySize": {"width": 84.0, "height": 84.0}, "imageSize": {"width": 84.0, "height": 84.0}, "displaySizeInBytes": 37632, "decodedSizeInBytes": 37632}, "<Unknown Image(84\u00d7112)>": {"source": "<Unknown Image(84\u00d7112)>"
[Extension] Flutter.ImageSizesForFrame {"assets/image/most_popular_icon.png": {"source": "assets/image/most_popular_icon.png", "displaySize": {"width": 52.5, "height": 52.5}, "imageSize": {"width": 44.0, "height": 57.0}, "displaySizeInBytes": 14700, "decodedSizeInBytes": 13376}}
[Extension] Flutter.ImageSizesForFrame {"<Unknown Image(900\u00d7400)>": {"source": "<Unknown Image(900\u00d7400)>", "displaySize": {"width": 1027.5, "height": 315.0}, "imageSize": {"width": 900.0, "height": 400.0}, "displaySizeInBytes": 1726200, "decodedSizeInBytes": 1920000}, "<Unknown Image(126\u00d7126)>": {"source": "<Unknown Image(
[Extension] Flutter.ImageSizesForFrame {"assets/image/most_popular_icon.png": {"source": "assets/image/most_popular_icon.png", "displaySize": {"width": 52.5, "height": 52.5}, "imageSize": {"width": 44.0, "height": 57.0}, "displaySizeInBytes": 14700, "decodedSizeInBytes": 13376}}
[Extension] Flutter.ImageSizesForFrame {"<Unknown Image(900\u00d7400)>": {"source": "<Unknown Image(900\u00d7400)>", "displaySize": {"width": 1027.5, "height": 315.0}, "imageSize": {"width": 900.0, "height": 400.0}, "displaySizeInBytes": 1726200, "decodedSizeInBytes": 1920000}, "<Unknown Image(126\u00d7126)>": {"source": "<Unknown Image(
[Extension] Flutter.ImageSizesForFrame {"assets/image/most_popular_icon.png": {"source": "assets/image/most_popular_icon.png", "displaySize": {"width": 52.5, "height": 52.5}, "imageSize": {"width": 44.0, "height": 57.0}, "displaySizeInBytes": 14700, "decodedSizeInBytes": 13376}}
[Extension] Flutter.ImageSizesForFrame {"<Unknown Image(900\u00d7400)>": {"source": "<Unknown Image(900\u00d7400)>", "displaySize": {"width": 1027.5, "height": 315.0}, "imageSize": {"width": 900.0, "height": 400.0}, "displaySizeInBytes": 1726200, "decodedSizeInBytes": 1920000}, "<Unknown Image(126\u00d7126)>": {"source": "<Unknown Image(
[Extension] Flutter.ImageSizesForFrame {"assets/image/most_popular_icon.png": {"source": "assets/image/most_popular_icon.png", "displaySize": {"width": 52.5, "height": 52.5}, "imageSize": {"width": 44.0, "height": 57.0}, "displaySizeInBytes": 14700, "decodedSizeInBytes": 13376}}
[Extension] Flutter.ImageSizesForFrame {"<Unknown Image(900\u00d7400)>": {"source": "<Unknown Image(900\u00d7400)>", "displaySize": {"width": 1027.5, "height": 315.0}, "imageSize": {"width": 900.0, "height": 400.0}, "displaySizeInBytes": 1726200, "decodedSizeInBytes": 1920000}, "<Unknown Image(126\u00d7126)>": {"source": "<Unknown Image(
[Extension] Flutter.ImageSizesForFrame {"assets/image/most_popular_icon.png": {"source": "assets/image/most_popular_icon.png", "displaySize": {"width": 52.5, "height": 52.5}, "imageSize": {"width": 44.0, "height": 57.0}, "displaySizeInBytes": 14700, "decodedSizeInBytes": 13376}}
[Extension] Flutter.ImageSizesForFrame {"<Unknown Image(147\u00d7147)>": {"source": "<Unknown Image(147\u00d7147)>", "displaySize": {"width": 147.0, "height": 147.0}, "imageSize": {"width": 147.0, "height": 147.0}, "displaySizeInBytes": 115248, "decodedSizeInBytes": 115248}}
[Extension] Flutter.ImageSizesForFrame {"<Unknown Image(126\u00d7126)>": {"source": "<Unknown Image(126\u00d7126)>", "displaySize": {"width": 126.0, "height": 126.0}, "imageSize": {"width": 126.0, "height": 126.0}, "displaySizeInBytes": 84672, "decodedSizeInBytes": 84672}, "<Unknown Image(147\u00d7147)>": {"source": "<Unknown Image(147\u
[Extension] Flutter.ImageSizesForFrame {"<Unknown Image(900\u00d7400)>": {"source": "<Unknown Image(900\u00d7400)>", "displaySize": {"width": 1027.5, "height": 315.0}, "imageSize": {"width": 900.0, "height": 400.0}, "displaySizeInBytes": 1726200, "decodedSizeInBytes": 1920000}, "<Unknown Image(147\u00d7147)>": {"source": "<Unknown Image(
[Extension] Flutter.ImageSizesForFrame {"assets/image/most_popular_icon.png": {"source": "assets/image/most_popular_icon.png", "displaySize": {"width": 52.5, "height": 52.5}, "imageSize": {"width": 44.0, "height": 57.0}, "displaySizeInBytes": 14700, "decodedSizeInBytes": 13376}}
[Extension] Flutter.ImageSizesForFrame {"<Unknown Image(900\u00d7400)>": {"source": "<Unknown Image(900\u00d7400)>", "displaySize": {"width": 1027.5, "height": 315.0}, "imageSize": {"width": 900.0, "height": 400.0}, "displaySizeInBytes": 1726200, "decodedSizeInBytes": 1920000}, "<Unknown Image(126\u00d7126)>": {"source": "<Unknown Image(
[Extension] Flutter.ImageSizesForFrame {"assets/image/most_popular_icon.png": {"source": "assets/image/most_popular_icon.png", "displaySize": {"width": 52.5, "height": 52.5}, "imageSize": {"width": 44.0, "height": 57.0}, "displaySizeInBytes": 14700, "decodedSizeInBytes": 13376}}
[Extension] Flutter.ImageSizesForFrame {"<Unknown Image(400\u00d7400)>": {"source": "<Unknown Image(400\u00d7400)>", "displaySize": {"width": 462.0, "height": 380.625}, "imageSize": {"width": 400.0, "height": 400.0}, "displaySizeInBytes": 937860, "decodedSizeInBytes": 853333}, "<Unknown Image(462\u00d7154)>": {"source": "<Unknown Image(4
[Extension] Flutter.ImageSizesForFrame {"assets/image/most_popular_icon.png": {"source": "assets/image/most_popular_icon.png", "displaySize": {"width": 52.5, "height": 52.5}, "imageSize": {"width": 44.0, "height": 57.0}, "displaySizeInBytes": 14700, "decodedSizeInBytes": 13376}}
[Extension] Flutter.Navigation {"route": {"description": "GetPageRoute<dynamic>(/store/burger-palace?id=4&page=store&module=food-restaurant)", "settings": {"name": "/store/burger-palace?id=4&page=store&module=food-restaurant", "arguments": "\"StoreScreen\""}}}
[Extension] Flutter.ImageSizesForFrame {"<Unknown Image(900\u00d7400)>": {"source": "<Unknown Image(900\u00d7400)>", "displaySize": {"width": 1027.5, "height": 315.0}, "imageSize": {"width": 900.0, "height": 400.0}, "displaySizeInBytes": 1726200, "decodedSizeInBytes": 1920000}, "<Unknown Image(126\u00d7126)>": {"source": "<Unknown Image(
[Extension] Flutter.ImageSizesForFrame {"<Unknown Image(900\u00d7400)>": {"source": "<Unknown Image(900\u00d7400)>", "displaySize": {"width": 1027.5, "height": 315.0}, "imageSize": {"width": 900.0, "height": 400.0}, "displaySizeInBytes": 1726200, "decodedSizeInBytes": 1920000}, "<Unknown Image(126\u00d7126)>": {"source": "<Unknown Image(
[Extension] Flutter.ImageSizesForFrame {"<Unknown Image(900\u00d7400)>": {"source": "<Unknown Image(900\u00d7400)>", "displaySize": {"width": 1027.5, "height": 315.0}, "imageSize": {"width": 900.0, "height": 400.0}, "displaySizeInBytes": 1726200, "decodedSizeInBytes": 1920000}, "<Unknown Image(126\u00d7126)>": {"source": "<Unknown Image(
[Extension] Flutter.ImageSizesForFrame {"<Unknown Image(147\u00d7147)>": {"source": "<Unknown Image(147\u00d7147)>", "displaySize": {"width": 136.5, "height": 136.5}, "imageSize": {"width": 147.0, "height": 147.0}, "displaySizeInBytes": 99372, "decodedSizeInBytes": 115248}}
[Extension] Flutter.ImageSizesForFrame {"<Unknown Image(900\u00d7400)>": {"source": "<Unknown Image(900\u00d7400)>", "displaySize": {"width": 1080.0, "height": 1071.5}, "imageSize": {"width": 900.0, "height": 400.0}, "displaySizeInBytes": 6171840, "decodedSizeInBytes": 1920000}}
[Extension] Flutter.ImageSizesForFrame {"<Unknown Image(294\u00d7294)>": {"source": "<Unknown Image(294\u00d7294)>", "displaySize": {"width": 294.0, "height": 294.0}, "imageSize": {"width": 294.0, "height": 294.0}, "displaySizeInBytes": 460992, "decodedSizeInBytes": 460992}}
[Extension] Flutter.ImageSizesForFrame {"<Unknown Image(394\u00d7394)>": {"source": "<Unknown Image(394\u00d7394)>", "displaySize": {"width": 393.75, "height": 378.0}, "imageSize": {"width": 394.0, "height": 394.0}, "displaySizeInBytes": 793800, "decodedSizeInBytes": 827925}}
[Extension] Flutter.ImageSizesForFrame {"<Unknown Image(900\u00d7400)>": {"source": "<Unknown Image(900\u00d7400)>", "displaySize": {"width": 1080.0, "height": 1027.1298828125002}, "imageSize": {"width": 900.0, "height": 400.0}, "displaySizeInBytes": 5916268, "decodedSizeInBytes": 1920000}}
[Extension] Flutter.ImageSizesForFrame {"<Unknown Image(900\u00d7400)>": {"source": "<Unknown Image(900\u00d7400)>", "displaySize": {"width": 1080.0, "height": 977.5400390625002}, "imageSize": {"width": 900.0, "height": 400.0}, "displaySizeInBytes": 5630630, "decodedSizeInBytes": 1920000}}
[Extension] Flutter.ImageSizesForFrame {"<Unknown Image(900\u00d7400)>": {"source": "<Unknown Image(900\u00d7400)>", "displaySize": {"width": 1080.0, "height": 938.3906250000002}, "imageSize": {"width": 900.0, "height": 400.0}, "displaySizeInBytes": 5405130, "decodedSizeInBytes": 1920000}}
[Extension] Flutter.ImageSizesForFrame {"<Unknown Image(900\u00d7400)>": {"source": "<Unknown Image(900\u00d7400)>", "displaySize": {"width": 1080.0, "height": 894.0205078125001}, "imageSize": {"width": 900.0, "height": 400.0}, "displaySizeInBytes": 5149558, "decodedSizeInBytes": 1920000}}
[Extension] Flutter.ImageSizesForFrame {"<Unknown Image(900\u00d7400)>": {"source": "<Unknown Image(900\u00d7400)>", "displaySize": {"width": 1080.0, "height": 810.5}, "imageSize": {"width": 900.0, "height": 400.0}, "displaySizeInBytes": 4668480, "decodedSizeInBytes": 1920000}}
[Extension] Flutter.ImageSizesForFrame {"<Unknown Image(900\u00d7400)>": {"source": "<Unknown Image(900\u00d7400)>", "displaySize": {"width": 1080.0, "height": 726.9804687499999}, "imageSize": {"width": 900.0, "height": 400.0}, "displaySizeInBytes": 4187407, "decodedSizeInBytes": 1920000}}
[Extension] Flutter.ImageSizesForFrame {"<Unknown Image(900\u00d7400)>": {"source": "<Unknown Image(900\u00d7400)>", "displaySize": {"width": 1080.0, "height": 638.2402343749999}, "imageSize": {"width": 900.0, "height": 400.0}, "displaySizeInBytes": 3676263, "decodedSizeInBytes": 1920000}, "<Unknown Image(294\u00d7294)>": {"source": "<Un
[Extension] Flutter.ImageSizesForFrame {"<Unknown Image(900\u00d7400)>": {"source": "<Unknown Image(900\u00d7400)>", "displaySize": {"width": 1080.0, "height": 552.1103515624999}, "imageSize": {"width": 900.0, "height": 400.0}, "displaySizeInBytes": 3180155, "decodedSizeInBytes": 1920000}}
[Extension] Flutter.ImageSizesForFrame {"<Unknown Image(900\u00d7400)>": {"source": "<Unknown Image(900\u00d7400)>", "displaySize": {"width": 1080.0, "height": 458.1503906249999}, "imageSize": {"width": 900.0, "height": 400.0}, "displaySizeInBytes": 2638946, "decodedSizeInBytes": 1920000}}
[Extension] Flutter.ImageSizesForFrame {"<Unknown Image(900\u00d7400)>": {"source": "<Unknown Image(900\u00d7400)>", "displaySize": {"width": 1080.0, "height": 372.0205078125}, "imageSize": {"width": 900.0, "height": 400.0}, "displaySizeInBytes": 2142838, "decodedSizeInBytes": 1920000}}
[Extension] Flutter.ImageSizesForFrame {"<Unknown Image(900\u00d7400)>": {"source": "<Unknown Image(900\u00d7400)>", "displaySize": {"width": 1080.0, "height": 294.5}, "imageSize": {"width": 900.0, "height": 400.0}, "displaySizeInBytes": 1696320, "decodedSizeInBytes": 1920000}}
[Extension] Flutter.ImageSizesForFrame {"<Unknown Image(294\u00d7294)>": {"source": "<Unknown Image(294\u00d7294)>", "displaySize": {"width": 294.0, "height": 294.0}, "imageSize": {"width": 294.0, "height": 294.0}, "displaySizeInBytes": 460992, "decodedSizeInBytes": 460992}}
[Extension] Flutter.ImageSizesForFrame {"<Unknown Image(900\u00d7400)>": {"source": "<Unknown Image(900\u00d7400)>", "displaySize": {"width": 1080.0, "height": 341.4945595265224}, "imageSize": {"width": 900.0, "height": 400.0}, "displaySizeInBytes": 1967008, "decodedSizeInBytes": 1920000}}
[Extension] Flutter.ImageSizesForFrame {"<Unknown Image(900\u00d7400)>": {"source": "<Unknown Image(900\u00d7400)>", "displaySize": {"width": 1080.0, "height": 430.2338173390224}, "imageSize": {"width": 900.0, "height": 400.0}, "displaySizeInBytes": 2478146, "decodedSizeInBytes": 1920000}}
[Extension] Flutter.ImageSizesForFrame {"<Unknown Image(900\u00d7400)>": {"source": "<Unknown Image(900\u00d7400)>", "displaySize": {"width": 1080.0, "height": 466.77385640152227}, "imageSize": {"width": 900.0, "height": 400.0}, "displaySizeInBytes": 2688617, "decodedSizeInBytes": 1920000}}
[Extension] Flutter.ImageSizesForFrame {"<Unknown Image(900\u00d7400)>": {"source": "<Unknown Image(900\u00d7400)>", "displaySize": {"width": 1080.0, "height": 558.1244423390223}, "imageSize": {"width": 900.0, "height": 400.0}, "displaySizeInBytes": 3214796, "decodedSizeInBytes": 1920000}}
[Extension] Flutter.ImageSizesForFrame {"<Unknown Image(900\u00d7400)>": {"source": "<Unknown Image(900\u00d7400)>", "displaySize": {"width": 1080.0, "height": 641.6439735890223}, "imageSize": {"width": 900.0, "height": 400.0}, "displaySizeInBytes": 3695869, "decodedSizeInBytes": 1920000}}
[Extension] Flutter.ImageSizesForFrame {"<Unknown Image(900\u00d7400)>": {"source": "<Unknown Image(900\u00d7400)>", "displaySize": {"width": 1080.0, "height": 727.773856401522}, "imageSize": {"width": 900.0, "height": 400.0}, "displaySizeInBytes": 4191977, "decodedSizeInBytes": 1920000}}
[Extension] Flutter.ImageSizesForFrame {"<Unknown Image(900\u00d7400)>": {"source": "<Unknown Image(900\u00d7400)>", "displaySize": {"width": 1080.0, "height": 821.7338173390218}, "imageSize": {"width": 900.0, "height": 400.0}, "displaySizeInBytes": 4733186, "decodedSizeInBytes": 1920000}}
[Extension] Flutter.ImageSizesForFrame {"<Unknown Image(900\u00d7400)>": {"source": "<Unknown Image(900\u00d7400)>", "displaySize": {"width": 1080.0, "height": 910.4740517140218}, "imageSize": {"width": 900.0, "height": 400.0}, "displaySizeInBytes": 5244330, "decodedSizeInBytes": 1920000}}
[Extension] Flutter.ImageSizesForFrame {"<Unknown Image(900\u00d7400)>": {"source": "<Unknown Image(900\u00d7400)>", "displaySize": {"width": 1080.0, "height": 1001.8246376515219}, "imageSize": {"width": 900.0, "height": 400.0}, "displaySizeInBytes": 5770509, "decodedSizeInBytes": 1920000}}
[Extension] Flutter.ImageSizesForFrame {"<Unknown Image(900\u00d7400)>": {"source": "<Unknown Image(900\u00d7400)>", "displaySize": {"width": 1080.0, "height": 1012.2640907765219}, "imageSize": {"width": 900.0, "height": 400.0}, "displaySizeInBytes": 5830641, "decodedSizeInBytes": 1920000}}
[Extension] Flutter.ImageSizesForFrame {"<Unknown Image(900\u00d7400)>": {"source": "<Unknown Image(900\u00d7400)>", "displaySize": {"width": 1080.0, "height": 1071.5}, "imageSize": {"width": 900.0, "height": 400.0}, "displaySizeInBytes": 6171840, "decodedSizeInBytes": 1920000}}
[Extension] Flutter.Navigation {"route": {"description": "ModalBottomSheetRoute<dynamic>", "settings": {"name": null}}}
[Extension] Flutter.Navigation {"route": {"description": "ModalBottomSheetRoute<dynamic>", "settings": {"name": null}}}
[Extension] Flutter.Navigation {"route": {"description": "GetModalBottomSheetRoute<dynamic>", "settings": {"name": null}}}
[Extension] Flutter.ImageSizesForFrame {"<Unknown Image(400\u00d7400)>": {"source": "<Unknown Image(400\u00d7400)>", "displaySize": {"width": 975.0, "height": 731.2500000000001}, "imageSize": {"width": 400.0, "height": 400.0}, "displaySizeInBytes": 3802500, "decodedSizeInBytes": 853333}}
[Extension] Flutter.Navigation {"route": {"description": "GetModalBottomSheetRoute<dynamic>", "settings": {"name": null}}}
[Extension] Flutter.Navigation {"route": {"description": "GetPageRoute<dynamic>(/store/burger-palace?id=4&page=store&module=food-restaurant)", "settings": {"name": "/store/burger-palace?id=4&page=store&module=food-restaurant", "arguments": "\"StoreScreen\""}}}
[Extension] Flutter.ImageSizesForFrame {"<Unknown Image(900\u00d7400)>": {"source": "<Unknown Image(900\u00d7400)>", "displaySize": {"width": 1027.5, "height": 315.0}, "imageSize": {"width": 900.0, "height": 400.0}, "displaySizeInBytes": 1726200, "decodedSizeInBytes": 1920000}, "<Unknown Image(126\u00d7126)>": {"source": "<Unknown Image(
[Extension] Flutter.ImageSizesForFrame {"<Unknown Image(900\u00d7400)>": {"source": "<Unknown Image(900\u00d7400)>", "displaySize": {"width": 1027.5, "height": 315.0}, "imageSize": {"width": 900.0, "height": 400.0}, "displaySizeInBytes": 1726200, "decodedSizeInBytes": 1920000}, "<Unknown Image(126\u00d7126)>": {"source": "<Unknown Image(
[Extension] Flutter.ImageSizesForFrame {"assets/image/most_popular_icon.png": {"source": "assets/image/most_popular_icon.png", "displaySize": {"width": 52.5, "height": 52.5}, "imageSize": {"width": 44.0, "height": 57.0}, "displaySizeInBytes": 14700, "decodedSizeInBytes": 13376}}
[Extension] Flutter.ImageSizesForFrame {"<Unknown Image(400\u00d7400)>": {"source": "<Unknown Image(400\u00d7400)>", "displaySize": {"width": 462.0, "height": 380.625}, "imageSize": {"width": 400.0, "height": 400.0}, "displaySizeInBytes": 937860, "decodedSizeInBytes": 853333}, "<Unknown Image(462\u00d7154)>": {"source": "<Unknown Image(4
[Extension] Flutter.ImageSizesForFrame {"assets/image/most_popular_icon.png": {"source": "assets/image/most_popular_icon.png", "displaySize": {"width": 52.5, "height": 52.5}, "imageSize": {"width": 44.0, "height": 57.0}, "displaySizeInBytes": 14700, "decodedSizeInBytes": 13376}}
[Extension] Flutter.ImageSizesForFrame {"<Unknown Image(400\u00d7400)>": {"source": "<Unknown Image(400\u00d7400)>", "displaySize": {"width": 462.0, "height": 380.625}, "imageSize": {"width": 400.0, "height": 400.0}, "displaySizeInBytes": 937860, "decodedSizeInBytes": 853333}, "<Unknown Image(462\u00d7154)>": {"source": "<Unknown Image(4
[Extension] Flutter.ImageSizesForFrame {"assets/image/most_popular_icon.png": {"source": "assets/image/most_popular_icon.png", "displaySize": {"width": 52.5, "height": 52.5}, "imageSize": {"width": 44.0, "height": 57.0}, "displaySizeInBytes": 14700, "decodedSizeInBytes": 13376}}
[Extension] Flutter.Navigation {"route": {"description": "GetPageRoute<dynamic>(/store/burger-palace?id=4&page=store&module=food-restaurant)", "settings": {"name": "/store/burger-palace?id=4&page=store&module=food-restaurant", "arguments": "\"StoreScreen\""}}}
[Extension] Flutter.ImageSizesForFrame {"<Unknown Image(900\u00d7400)>": {"source": "<Unknown Image(900\u00d7400)>", "displaySize": {"width": 1027.5, "height": 315.0}, "imageSize": {"width": 900.0, "height": 400.0}, "displaySizeInBytes": 1726200, "decodedSizeInBytes": 1920000}, "<Unknown Image(126\u00d7126)>": {"source": "<Unknown Image(
[Extension] Flutter.ImageSizesForFrame {"<Unknown Image(900\u00d7400)>": {"source": "<Unknown Image(900\u00d7400)>", "displaySize": {"width": 1027.5, "height": 315.0}, "imageSize": {"width": 900.0, "height": 400.0}, "displaySizeInBytes": 1726200, "decodedSizeInBytes": 1920000}, "<Unknown Image(126\u00d7126)>": {"source": "<Unknown Image(
[Extension] Flutter.ImageSizesForFrame {"<Unknown Image(900\u00d7400)>": {"source": "<Unknown Image(900\u00d7400)>", "displaySize": {"width": 1027.5, "height": 315.0}, "imageSize": {"width": 900.0, "height": 400.0}, "displaySizeInBytes": 1726200, "decodedSizeInBytes": 1920000}, "<Unknown Image(126\u00d7126)>": {"source": "<Unknown Image(
[Extension] Flutter.ImageSizesForFrame {"<Unknown Image(394\u00d7394)>": {"source": "<Unknown Image(394\u00d7394)>", "displaySize": {"width": 393.75, "height": 378.0}, "imageSize": {"width": 394.0, "height": 394.0}, "displaySizeInBytes": 793800, "decodedSizeInBytes": 827925}, "<Unknown Image(900\u00d7400)>": {"source": "<Unknown Image(90
[Extension] Flutter.ImageSizesForFrame {"<Unknown Image(394\u00d7394)>": {"source": "<Unknown Image(394\u00d7394)>", "displaySize": {"width": 393.75, "height": 378.0}, "imageSize": {"width": 394.0, "height": 394.0}, "displaySizeInBytes": 793800, "decodedSizeInBytes": 827925}, "<Unknown Image(900\u00d7400)>": {"source": "<Unknown Image(90
[Extension] Flutter.ImageSizesForFrame {"<Unknown Image(394\u00d7394)>": {"source": "<Unknown Image(394\u00d7394)>", "displaySize": {"width": 393.75, "height": 378.0}, "imageSize": {"width": 394.0, "height": 394.0}, "displaySizeInBytes": 793800, "decodedSizeInBytes": 827925}, "<Unknown Image(900\u00d7400)>": {"source": "<Unknown Image(90
[Extension] Flutter.ImageSizesForFrame {"<Unknown Image(394\u00d7394)>": {"source": "<Unknown Image(394\u00d7394)>", "displaySize": {"width": 393.75, "height": 378.0}, "imageSize": {"width": 394.0, "height": 394.0}, "displaySizeInBytes": 793800, "decodedSizeInBytes": 827925}, "<Unknown Image(900\u00d7400)>": {"source": "<Unknown Image(90
[Extension] Flutter.ImageSizesForFrame {"<Unknown Image(394\u00d7394)>": {"source": "<Unknown Image(394\u00d7394)>", "displaySize": {"width": 393.75, "height": 378.0}, "imageSize": {"width": 394.0, "height": 394.0}, "displaySizeInBytes": 793800, "decodedSizeInBytes": 827925}, "<Unknown Image(900\u00d7400)>": {"source": "<Unknown Image(90
# rpc {"jsonrpc":"2.0","result":{"type":"Success"},"id":4}
# rpc {"jsonrpc":"2.0","result":{"type":"Success"},"id":5}
[Extension] Flutter.ImageSizesForFrame {"<Unknown Image(394\u00d7394)>": {"source": "<Unknown Image(394\u00d7394)>", "displaySize": {"width": 393.75, "height": 378.0}, "imageSize": {"width": 394.0, "height": 394.0}, "displaySizeInBytes": 793800, "decodedSizeInBytes": 827925}, "<Unknown Image(900\u00d7400)>": {"source": "<Unknown Image(90
[Logging] GETX: CLOSE TO ROUTE /store/burger-palace?id=4&page=store&module=food-restaurant null
[Logging] GETX: CLOSE TO ROUTE /store/burger-palace?id=4&page=store&module=food-restaurant null
[Stdout] flutter: [NET] GET endpoint=/api/v1/customer/order/running-orders[Stdout] 
[Extension] Flutter.Navigation {"route": {"description": "GetPageRoute<dynamic>(/store/burger-palace?id=4&page=store&module=food-restaurant)", "settings": {"name": "/store/burger-palace?id=4&page=store&module=food-restaurant", "arguments": "\"StoreScreen\""}}}
[Stdout] flutter: 📊 analytics: app_bar_action_tapped {action: back, screen: store_detail, module_id: 2, section: app_bar}[Stdout] 
[Stdout] flutter: [EVT] name=app_bar_action_tapped params=[action, screen, module_id, section][Stdout] 
[Extension] Flutter.ImageSizesForFrame {"<Unknown Image(900\u00d7400)>": {"source": "<Unknown Image(900\u00d7400)>", "displaySize": {"width": 1027.5, "height": 315.0}, "imageSize": {"width": 900.0, "height": 400.0}, "displaySizeInBytes": 1726200, "decodedSizeInBytes": 1920000}, "<Unknown Image(126\u00d7126)>": {"source": "<Unknown Image(
[Extension] Flutter.ImageSizesForFrame {"<Unknown Image(900\u00d7400)>": {"source": "<Unknown Image(900\u00d7400)>", "displaySize": {"width": 1027.5, "height": 315.0}, "imageSize": {"width": 900.0, "height": 400.0}, "displaySizeInBytes": 1726200, "decodedSizeInBytes": 1920000}, "<Unknown Image(126\u00d7126)>": {"source": "<Unknown Image(
[Stdout] flutter: [NET] endpoint=/api/v1/customer/order/running-orders http_status=200[Stdout] 
[Extension] Flutter.ImageSizesForFrame {"assets/image/most_popular_icon.png": {"source": "assets/image/most_popular_icon.png", "displaySize": {"width": 52.5, "height": 52.5}, "imageSize": {"width": 44.0, "height": 57.0}, "displaySizeInBytes": 14700, "decodedSizeInBytes": 13376}}
[Extension] Flutter.ImageSizesForFrame {"<Unknown Image(400\u00d7400)>": {"source": "<Unknown Image(400\u00d7400)>", "displaySize": {"width": 462.0, "height": 380.625}, "imageSize": {"width": 400.0, "height": 400.0}, "displaySizeInBytes": 937860, "decodedSizeInBytes": 853333}, "<Unknown Image(462\u00d7154)>": {"source": "<Unknown Image(4
[Extension] Flutter.ImageSizesForFrame {"<Unknown Image(126\u00d7126)>": {"source": "<Unknown Image(126\u00d7126)>", "displaySize": {"width": 126.0, "height": 126.0}, "imageSize": {"width": 126.0, "height": 126.0}, "displaySizeInBytes": 84672, "decodedSizeInBytes": 84672}, "<Unknown Image(147\u00d7147)>": {"source": "<Unknown Image(147\u
[Extension] Flutter.ImageSizesForFrame {"<Unknown Image(900\u00d7400)>": {"source": "<Unknown Image(900\u00d7400)>", "displaySize": {"width": 1029.5, "height": 315.0}, "imageSize": {"width": 900.0, "height": 400.0}, "displaySizeInBytes": 1729560, "decodedSizeInBytes": 1920000}, "<Unknown Image(126\u00d7126)>": {"source": "<Unknown Image(
[Extension] Flutter.ImageSizesForFrame {"<Unknown Image(900\u00d7400)>": {"source": "<Unknown Image(900\u00d7400)>", "displaySize": {"width": 1029.5, "height": 315.0}, "imageSize": {"width": 900.0, "height": 400.0}, "displaySizeInBytes": 1729560, "decodedSizeInBytes": 1920000}, "<Unknown Image(126\u00d7126)>": {"source": "<Unknown Image(
[Extension] Flutter.ImageSizesForFrame {"assets/image/most_popular_icon.png": {"source": "assets/image/most_popular_icon.png", "displaySize": {"width": 52.5, "height": 52.5}, "imageSize": {"width": 44.0, "height": 57.0}, "displaySizeInBytes": 14700, "decodedSizeInBytes": 13376}}
[Extension] Flutter.ImageSizesForFrame {"<Unknown Image(126\u00d7126)>": {"source": "<Unknown Image(126\u00d7126)>", "displaySize": {"width": 126.0, "height": 126.0}, "imageSize": {"width": 126.0, "height": 126.0}, "displaySizeInBytes": 84672, "decodedSizeInBytes": 84672}, "<Unknown Image(147\u00d7147)>": {"source": "<Unknown Image(147\u
[Extension] Flutter.ImageSizesForFrame {"<Unknown Image(126\u00d7126)>": {"source": "<Unknown Image(126\u00d7126)>", "displaySize": {"width": 126.0, "height": 126.0}, "imageSize": {"width": 126.0, "height": 126.0}, "displaySizeInBytes": 84672, "decodedSizeInBytes": 84672}, "<Unknown Image(147\u00d7147)>": {"source": "<Unknown Image(147\u
[Extension] Flutter.ImageSizesForFrame {"<Unknown Image(126\u00d7126)>": {"source": "<Unknown Image(126\u00d7126)>", "displaySize": {"width": 126.0, "height": 126.0}, "imageSize": {"width": 126.0, "height": 126.0}, "displaySizeInBytes": 84672, "decodedSizeInBytes": 84672}, "<Unknown Image(147\u00d7147)>": {"source": "<Unknown Image(147\u
[Extension] Flutter.ImageSizesForFrame {"<Unknown Image(126\u00d7126)>": {"source": "<Unknown Image(126\u00d7126)>", "displaySize": {"width": 126.0, "height": 126.0}, "imageSize": {"width": 126.0, "height": 126.0}, "displaySizeInBytes": 84672, "decodedSizeInBytes": 84672}, "<Unknown Image(147\u00d7147)>": {"source": "<Unknown Image(147\u
[Extension] Flutter.ImageSizesForFrame {"assets/image/most_popular_icon.png": {"source": "assets/image/most_popular_icon.png", "displaySize": {"width": 52.5, "height": 52.5}, "imageSize": {"width": 44.0, "height": 57.0}, "displaySizeInBytes": 14700, "decodedSizeInBytes": 13376}}
[Extension] Flutter.ImageSizesForFrame {"<Unknown Image(400\u00d7400)>": {"source": "<Unknown Image(400\u00d7400)>", "displaySize": {"width": 462.0, "height": 380.625}, "imageSize": {"width": 400.0, "height": 400.0}, "displaySizeInBytes": 937860, "decodedSizeInBytes": 853333}, "<Unknown Image(462\u00d7154)>": {"source": "<Unknown Image(4
[Extension] Flutter.ImageSizesForFrame {"assets/image/most_popular_icon.png": {"source": "assets/image/most_popular_icon.png", "displaySize": {"width": 52.5, "height": 52.5}, "imageSize": {"width": 44.0, "height": 57.0}, "displaySizeInBytes": 14700, "decodedSizeInBytes": 13376}}
[Extension] Flutter.ImageSizesForFrame {"<Unknown Image(400\u00d7400)>": {"source": "<Unknown Image(400\u00d7400)>", "displaySize": {"width": 462.0, "height": 380.625}, "imageSize": {"width": 400.0, "height": 400.0}, "displaySizeInBytes": 937860, "decodedSizeInBytes": 853333}, "<Unknown Image(462\u00d7154)>": {"source": "<Unknown Image(4
[Extension] Flutter.ImageSizesForFrame {"<Unknown Image(400\u00d7400)>": {"source": "<Unknown Image(400\u00d7400)>", "displaySize": {"width": 462.0, "height": 380.625}, "imageSize": {"width": 400.0, "height": 400.0}, "displaySizeInBytes": 937860, "decodedSizeInBytes": 853333}, "<Unknown Image(462\u00d7154)>": {"source": "<Unknown Image(4
[Extension] Flutter.ImageSizesForFrame {"assets/image/most_popular_icon.png": {"source": "assets/image/most_popular_icon.png", "displaySize": {"width": 52.5, "height": 52.5}, "imageSize": {"width": 44.0, "height": 57.0}, "displaySizeInBytes": 14700, "decodedSizeInBytes": 13376}}
[Stdout] flutter: 📊 analytics: select_store {store_id: 4, screen: home, item_list_id: stores_list, item_list_name: stores_list, source: store_card, index: 0, has_popular_items: 1, is_open: 1, popular_item_count: 15}[Stdout] 
[Logging] GETX: GOING TO ROUTE /store/burger-palace?id=4&page=store&module=food-restaurant null
[Logging] GETX: GOING TO ROUTE /store/burger-palace?id=4&page=store&module=food-restaurant null
[Extension] Flutter.Navigation {"route": {"description": "GetPageRoute<dynamic>(/store/burger-palace?id=4&page=store&module=food-restaurant)", "settings": {"name": "/store/burger-palace?id=4&page=store&module=food-restaurant", "arguments": "\"StoreScreen\""}}}
[Stdout] flutter: [NET] GET endpoint=/api/v1/cashback/list[Stdout] 
[Stdout] flutter: [NET] GET endpoint=/api/v1/customer/wish-list[Stdout] 
[Stdout] flutter: [NET] GET endpoint=/api/v1/customer/cart/list[Stdout] 
[Stdout] flutter: [INFO] msg="route: waiting for module=food-restaurant"[Stdout] 
[Stdout] flutter: [INFO] msg="route: checkModuleId configNull=false hasAddress=true fromDeeplink=false"[Stdout] 
[Stdout] flutter: [INFO] msg="route: not from deeplink, skipping module fetch"[Stdout] 
[Stdout] flutter: [INFO] msg="route: module future state=ConnectionState.waiting hasData=false hasError=false"[Stdout] 
[Extension] Flutter.ImageSizesForFrame {"<Unknown Image(126\u00d7126)>": {"source": "<Unknown Image(126\u00d7126)>", "displaySize": {"width": 126.0, "height": 126.0}, "imageSize": {"width": 126.0, "height": 126.0}, "displaySizeInBytes": 84672, "decodedSizeInBytes": 84672}, "<Unknown Image(147\u00d7147)>": {"source": "<Unknown Image(147\u
[Stdout] flutter: [INFO] msg="route: module future state=ConnectionState.done hasData=false hasError=false"[Stdout] 
[Stdout] flutter: [NET] GET endpoint=/api/v1/stores/details/4[Stdout] 
[Extension] Flutter.ImageSizesForFrame {"<Unknown Image(126\u00d7126)>": {"source": "<Unknown Image(126\u00d7126)>", "displaySize": {"width": 126.0, "height": 126.0}, "imageSize": {"width": 126.0, "height": 126.0}, "displaySizeInBytes": 84672, "decodedSizeInBytes": 84672}, "<Unknown Image(147\u00d7147)>": {"source": "<Unknown Image(147\u
[Extension] Flutter.ImageSizesForFrame {"<Unknown Image(126\u00d7126)>": {"source": "<Unknown Image(126\u00d7126)>", "displaySize": {"width": 126.0, "height": 126.0}, "imageSize": {"width": 126.0, "height": 126.0}, "displaySizeInBytes": 84672, "decodedSizeInBytes": 84672}, "<Unknown Image(147\u00d7147)>": {"source": "<Unknown Image(147\u
[Stdout] flutter: [NET] endpoint=/api/v1/customer/wish-list http_status=200[Stdout] 
[Stdout] flutter: 📊 analytics: view_item_list {item_list_id: favourite_items, item_list_name: favourite_items, item_count: 0, screen: favourites}[Stdout] 
[Stdout] flutter: 📊 analytics: view_store_list {item_list_id: favourite_stores, item_list_name: favourite_stores, count: 0, screen: favourites}[Stdout] 
[Stdout] flutter: [NET] endpoint=/api/v1/cashback/list http_status=200[Stdout] 
[Stdout] flutter: [NET] endpoint=/api/v1/stores/details/4 http_status=200[Stdout] 
[Stdout] flutter: [NET] GET endpoint=/api/v1/config/distance-api[Stdout] 
[Stdout] flutter: 📊 analytics: view_store {store_id: 4, screen: home, item_list_id: stores_list, item_list_name: stores_list, source: store_card, index: 0, has_popular_items: 1, is_open: 1}[Stdout] 
[Stdout] flutter: [NET] GET endpoint=/api/v1/categories/offers[Stdout] 
[Stdout] flutter: [NET] GET endpoint=/api/v1/items/recommended[Stdout] 
[Stdout] flutter: [NET] GET endpoint=/api/v1/items/latest[Stdout] 
[Stdout] flutter: [NET] endpoint=/api/v1/customer/cart/list http_status=200[Stdout] 
[Extension] Flutter.ImageSizesForFrame {"<Unknown Image(394\u00d7394)>": {"source": "<Unknown Image(394\u00d7394)>", "displaySize": {"width": 393.75, "height": 378.0}, "imageSize": {"width": 394.0, "height": 394.0}, "displaySizeInBytes": 793800, "decodedSizeInBytes": 827925}, "<Unknown Image(147\u00d7147)>": {"source": "<Unknown Image(14
[Extension] Flutter.ImageSizesForFrame {"<Unknown Image(394\u00d7394)>": {"source": "<Unknown Image(394\u00d7394)>", "displaySize": {"width": 393.75, "height": 378.0}, "imageSize": {"width": 394.0, "height": 394.0}, "displaySizeInBytes": 793800, "decodedSizeInBytes": 827925}}
[Extension] Flutter.ImageSizesForFrame {"<Unknown Image(900\u00d7400)>": {"source": "<Unknown Image(900\u00d7400)>", "displaySize": {"width": 1082.0, "height": 1071.5}, "imageSize": {"width": 900.0, "height": 400.0}, "displaySizeInBytes": 6183269, "decodedSizeInBytes": 1920000}}
[Stdout] flutter: [NET] endpoint=/api/v1/items/latest http_status=200[Stdout] 
[Extension] Flutter.ImageSizesForFrame {"<Unknown Image(394\u00d7394)>": {"source": "<Unknown Image(394\u00d7394)>", "displaySize": {"width": 393.75, "height": 378.0}, "imageSize": {"width": 394.0, "height": 394.0}, "displaySizeInBytes": 793800, "decodedSizeInBytes": 827925}}
[Stdout] flutter: [NET] endpoint=/api/v1/config/distance-api http_status=200[Stdout] 
[Stdout] flutter: [NET] GET endpoint=/api/v1/vehicle/extra_charge[Stdout] 
[Stdout] flutter: [NET] endpoint=/api/v1/categories/offers http_status=200[Stdout] 
[Extension] Flutter.ImageSizesForFrame {"<Unknown Image(394\u00d7394)>": {"source": "<Unknown Image(394\u00d7394)>", "displaySize": {"width": 393.75, "height": 378.0}, "imageSize": {"width": 394.0, "height": 394.0}, "displaySizeInBytes": 793800, "decodedSizeInBytes": 827925}}
[Stdout] flutter: [NET] endpoint=/api/v1/items/recommended http_status=200[Stdout] 
[Extension] Flutter.ImageSizesForFrame {"<Unknown Image(394\u00d7394)>": {"source": "<Unknown Image(394\u00d7394)>", "displaySize": {"width": 393.75, "height": 378.0}, "imageSize": {"width": 394.0, "height": 394.0}, "displaySizeInBytes": 793800, "decodedSizeInBytes": 827925}}
[Stdout] flutter: [NET] endpoint=/api/v1/vehicle/extra_charge http_status=200[Stdout] 
[Extension] Flutter.ImageSizesForFrame {"<Unknown Image(394\u00d7394)>": {"source": "<Unknown Image(394\u00d7394)>", "displaySize": {"width": 393.75, "height": 378.0}, "imageSize": {"width": 394.0, "height": 394.0}, "displaySizeInBytes": 793800, "decodedSizeInBytes": 827925}}
[Extension] Flutter.ImageSizesForFrame {"<Unknown Image(394\u00d7394)>": {"source": "<Unknown Image(394\u00d7394)>", "displaySize": {"width": 393.75, "height": 378.0}, "imageSize": {"width": 394.0, "height": 394.0}, "displaySizeInBytes": 793800, "decodedSizeInBytes": 827925}}
[Extension] Flutter.ImageSizesForFrame {"<Unknown Image(900\u00d7400)>": {"source": "<Unknown Image(900\u00d7400)>", "displaySize": {"width": 1082.0, "height": 1011.4130859375}, "imageSize": {"width": 900.0, "height": 400.0}, "displaySizeInBytes": 5836527, "decodedSizeInBytes": 1920000}, "<Unknown Image(147\u00d7147)>": {"source": "<Unkn
[Extension] Flutter.ImageSizesForFrame {"<Unknown Image(900\u00d7400)>": {"source": "<Unknown Image(900\u00d7400)>", "displaySize": {"width": 1082.0, "height": 966.9999999999999}, "imageSize": {"width": 900.0, "height": 400.0}, "displaySizeInBytes": 5580234, "decodedSizeInBytes": 1920000}, "<Unknown Image(147\u00d7147)>": {"source": "<Un
[Extension] Flutter.ImageSizesForFrame {"<Unknown Image(900\u00d7400)>": {"source": "<Unknown Image(900\u00d7400)>", "displaySize": {"width": 1082.0, "height": 948.7128906249999}, "imageSize": {"width": 900.0, "height": 400.0}, "displaySizeInBytes": 5474705, "decodedSizeInBytes": 1920000}, "<Unknown Image(147\u00d7147)>": {"source": "<Un
[Extension] Flutter.ImageSizesForFrame {"<Unknown Image(900\u00d7400)>": {"source": "<Unknown Image(900\u00d7400)>", "displaySize": {"width": 1082.0, "height": 805.0253906249997}, "imageSize": {"width": 900.0, "height": 400.0}, "displaySizeInBytes": 4645533, "decodedSizeInBytes": 1920000}, "<Unknown Image(147\u00d7147)>": {"source": "<Un
[Extension] Flutter.ImageSizesForFrame {"<Unknown Image(900\u00d7400)>": {"source": "<Unknown Image(900\u00d7400)>", "displaySize": {"width": 1082.0, "height": 593.4130859374994}, "imageSize": {"width": 900.0, "height": 400.0}, "displaySizeInBytes": 3424389, "decodedSizeInBytes": 1920000}, "<Unknown Image(147\u00d7147)>": {"source": "<Un
[Extension] Flutter.ImageSizesForFrame {"<Unknown Image(900\u00d7400)>": {"source": "<Unknown Image(900\u00d7400)>", "displaySize": {"width": 1082.0, "height": 423.60058593749955}, "imageSize": {"width": 900.0, "height": 400.0}, "displaySizeInBytes": 2444457, "decodedSizeInBytes": 1920000}}
[Extension] Flutter.ImageSizesForFrame {"<Unknown Image(900\u00d7400)>": {"source": "<Unknown Image(900\u00d7400)>", "displaySize": {"width": 1082.0, "height": 294.5}, "imageSize": {"width": 900.0, "height": 400.0}, "displaySizeInBytes": 1699461, "decodedSizeInBytes": 1920000}, "<Unknown Image(294\u00d7294)>": {"source": "<Unknown Image(
[Extension] Flutter.ImageSizesForFrame {"<Unknown Image(294\u00d7294)>": {"source": "<Unknown Image(294\u00d7294)>", "displaySize": {"width": 294.0, "height": 294.0}, "imageSize": {"width": 294.0, "height": 294.0}, "displaySizeInBytes": 460992, "decodedSizeInBytes": 460992}}
[Extension] Flutter.ImageSizesForFrame {"<Unknown Image(900\u00d7400)>": {"source": "<Unknown Image(900\u00d7400)>", "displaySize": {"width": 1082.0, "height": 304.78254666575793}, "imageSize": {"width": 900.0, "height": 400.0}, "displaySizeInBytes": 1758798, "decodedSizeInBytes": 1920000}}
[Extension] Flutter.ImageSizesForFrame {"<Unknown Image(900\u00d7400)>": {"source": "<Unknown Image(900\u00d7400)>", "displaySize": {"width": 1082.0, "height": 396.220046665758}, "imageSize": {"width": 900.0, "height": 400.0}, "displaySizeInBytes": 2286453, "decodedSizeInBytes": 1920000}}
[Extension] Flutter.ImageSizesForFrame {"<Unknown Image(900\u00d7400)>": {"source": "<Unknown Image(900\u00d7400)>", "displaySize": {"width": 1082.0, "height": 568.6458279157581}, "imageSize": {"width": 900.0, "height": 400.0}, "displaySizeInBytes": 3281465, "decodedSizeInBytes": 1920000}}
[Extension] Flutter.ImageSizesForFrame {"<Unknown Image(900\u00d7400)>": {"source": "<Unknown Image(900\u00d7400)>", "displaySize": {"width": 1082.0, "height": 746.2952419782579}, "imageSize": {"width": 900.0, "height": 400.0}, "displaySizeInBytes": 4306621, "decodedSizeInBytes": 1920000}, "<Unknown Image(147\u00d7147)>": {"source": "<Un
[Extension] Flutter.ImageSizesForFrame {"<Unknown Image(900\u00d7400)>": {"source": "<Unknown Image(900\u00d7400)>", "displaySize": {"width": 1082.0, "height": 921.3323513532582}, "imageSize": {"width": 900.0, "height": 400.0}, "displaySizeInBytes": 5316701, "decodedSizeInBytes": 1920000}, "<Unknown Image(147\u00d7147)>": {"source": "<Un
[Extension] Flutter.ImageSizesForFrame {"<Unknown Image(900\u00d7400)>": {"source": "<Unknown Image(900\u00d7400)>", "displaySize": {"width": 1082.0, "height": 1046.7327419782582}, "imageSize": {"width": 900.0, "height": 400.0}, "displaySizeInBytes": 6040345, "decodedSizeInBytes": 1920000}, "<Unknown Image(147\u00d7147)>": {"source": "<U
[Extension] Flutter.ImageSizesForFrame {"<Unknown Image(900\u00d7400)>": {"source": "<Unknown Image(900\u00d7400)>", "displaySize": {"width": 1082.0, "height": 1071.5}, "imageSize": {"width": 900.0, "height": 400.0}, "displaySizeInBytes": 6183269, "decodedSizeInBytes": 1920000}, "<Unknown Image(147\u00d7147)>": {"source": "<Unknown Image
[Extension] Flutter.ImageSizesForFrame {"<Unknown Image(900\u00d7400)>": {"source": "<Unknown Image(900\u00d7400)>", "displaySize": {"width": 1082.0, "height": 1066.2744140625}, "imageSize": {"width": 900.0, "height": 400.0}, "displaySizeInBytes": 6153114, "decodedSizeInBytes": 1920000}, "<Unknown Image(147\u00d7147)>": {"source": "<Unkn
[Extension] Flutter.ImageSizesForFrame {"<Unknown Image(900\u00d7400)>": {"source": "<Unknown Image(900\u00d7400)>", "displaySize": {"width": 1082.0, "height": 1071.5}, "imageSize": {"width": 900.0, "height": 400.0}, "displaySizeInBytes": 6183269, "decodedSizeInBytes": 1920000}, "<Unknown Image(147\u00d7147)>": {"source": "<Unknown Image
[Extension] Flutter.ImageSizesForFrame {"<Unknown Image(394\u00d7394)>": {"source": "<Unknown Image(394\u00d7394)>", "displaySize": {"width": 393.75, "height": 378.0}, "imageSize": {"width": 394.0, "height": 394.0}, "displaySizeInBytes": 793800, "decodedSizeInBytes": 827925}}
[Extension] Flutter.ImageSizesForFrame {"<Unknown Image(394\u00d7394)>": {"source": "<Unknown Image(394\u00d7394)>", "displaySize": {"width": 393.75, "height": 378.0}, "imageSize": {"width": 394.0, "height": 394.0}, "displaySizeInBytes": 793800, "decodedSizeInBytes": 827925}}
[Extension] Flutter.ImageSizesForFrame {"<Unknown Image(394\u00d7394)>": {"source": "<Unknown Image(394\u00d7394)>", "displaySize": {"width": 393.75, "height": 378.0}, "imageSize": {"width": 394.0, "height": 394.0}, "displaySizeInBytes": 793800, "decodedSizeInBytes": 827925}}
[Extension] Flutter.ImageSizesForFrame {"<Unknown Image(394\u00d7394)>": {"source": "<Unknown Image(394\u00d7394)>", "displaySize": {"width": 393.75, "height": 378.0}, "imageSize": {"width": 394.0, "height": 394.0}, "displaySizeInBytes": 793800, "decodedSizeInBytes": 827925}}
[Extension] Flutter.ImageSizesForFrame {"<Unknown Image(394\u00d7394)>": {"source": "<Unknown Image(394\u00d7394)>", "displaySize": {"width": 393.75, "height": 378.0}, "imageSize": {"width": 394.0, "height": 394.0}, "displaySizeInBytes": 793800, "decodedSizeInBytes": 827925}}
[Extension] Flutter.ImageSizesForFrame {"<Unknown Image(394\u00d7394)>": {"source": "<Unknown Image(394\u00d7394)>", "displaySize": {"width": 393.75, "height": 378.0}, "imageSize": {"width": 394.0, "height": 394.0}, "displaySizeInBytes": 793800, "decodedSizeInBytes": 827925}}
[Extension] Flutter.ImageSizesForFrame {"<Unknown Image(394\u00d7394)>": {"source": "<Unknown Image(394\u00d7394)>", "displaySize": {"width": 393.75, "height": 378.0}, "imageSize": {"width": 394.0, "height": 394.0}, "displaySizeInBytes": 793800, "decodedSizeInBytes": 827925}}
[Extension] Flutter.ImageSizesForFrame {"<Unknown Image(394\u00d7394)>": {"source": "<Unknown Image(394\u00d7394)>", "displaySize": {"width": 393.75, "height": 378.0}, "imageSize": {"width": 394.0, "height": 394.0}, "displaySizeInBytes": 793800, "decodedSizeInBytes": 827925}}
[Extension] Flutter.ImageSizesForFrame {"<Unknown Image(394\u00d7394)>": {"source": "<Unknown Image(394\u00d7394)>", "displaySize": {"width": 393.75, "height": 378.0}, "imageSize": {"width": 394.0, "height": 394.0}, "displaySizeInBytes": 793800, "decodedSizeInBytes": 827925}}
[Extension] Flutter.ImageSizesForFrame {"<Unknown Image(394\u00d7394)>": {"source": "<Unknown Image(394\u00d7394)>", "displaySize": {"width": 393.75, "height": 378.0}, "imageSize": {"width": 394.0, "height": 394.0}, "displaySizeInBytes": 793800, "decodedSizeInBytes": 827925}}
[Extension] Flutter.ImageSizesForFrame {"<Unknown Image(900\u00d7400)>": {"source": "<Unknown Image(900\u00d7400)>", "displaySize": {"width": 1082.0, "height": 1040.150390625}, "imageSize": {"width": 900.0, "height": 400.0}, "displaySizeInBytes": 6002361, "decodedSizeInBytes": 1920000}, "<Unknown Image(147\u00d7147)>": {"source": "<Unkno
[Extension] Flutter.ImageSizesForFrame {"<Unknown Image(900\u00d7400)>": {"source": "<Unknown Image(900\u00d7400)>", "displaySize": {"width": 1082.0, "height": 995.7373046875001}, "imageSize": {"width": 900.0, "height": 400.0}, "displaySizeInBytes": 5746068, "decodedSizeInBytes": 1920000}, "<Unknown Image(147\u00d7147)>": {"source": "<Un
[Extension] Flutter.ImageSizesForFrame {"<Unknown Image(900\u00d7400)>": {"source": "<Unknown Image(900\u00d7400)>", "displaySize": {"width": 1082.0, "height": 956.5498046875001}, "imageSize": {"width": 900.0, "height": 400.0}, "displaySizeInBytes": 5519930, "decodedSizeInBytes": 1920000}, "<Unknown Image(147\u00d7147)>": {"source": "<Un
[Extension] Flutter.ImageSizesForFrame {"<Unknown Image(900\u00d7400)>": {"source": "<Unknown Image(900\u00d7400)>", "displaySize": {"width": 1082.0, "height": 825.9248046875}, "imageSize": {"width": 900.0, "height": 400.0}, "displaySizeInBytes": 4766136, "decodedSizeInBytes": 1920000}, "<Unknown Image(147\u00d7147)>": {"source": "<Unkno
[Extension] Flutter.ImageSizesForFrame {"<Unknown Image(900\u00d7400)>": {"source": "<Unknown Image(900\u00d7400)>", "displaySize": {"width": 1082.0, "height": 601.2499999999998}, "imageSize": {"width": 900.0, "height": 400.0}, "displaySizeInBytes": 3469613, "decodedSizeInBytes": 1920000}, "<Unknown Image(147\u00d7147)>": {"source": "<Un
[Extension] Flutter.ImageSizesForFrame {"<Unknown Image(900\u00d7400)>": {"source": "<Unknown Image(900\u00d7400)>", "displaySize": {"width": 1082.0, "height": 392.2499999999999}, "imageSize": {"width": 900.0, "height": 400.0}, "displaySizeInBytes": 2263543, "decodedSizeInBytes": 1920000}}
[Extension] Flutter.ImageSizesForFrame {"<Unknown Image(900\u00d7400)>": {"source": "<Unknown Image(900\u00d7400)>", "displaySize": {"width": 1082.0, "height": 294.5}, "imageSize": {"width": 900.0, "height": 400.0}, "displaySizeInBytes": 1699461, "decodedSizeInBytes": 1920000}, "<Unknown Image(294\u00d7294)>": {"source": "<Unknown Image(
[Extension] Flutter.ImageSizesForFrame {"<Unknown Image(294\u00d7294)>": {"source": "<Unknown Image(294\u00d7294)>", "displaySize": {"width": 294.0, "height": 294.0}, "imageSize": {"width": 294.0, "height": 294.0}, "displaySizeInBytes": 460992, "decodedSizeInBytes": 460992}}
[Extension] Flutter.Navigation {"route": {"description": "ModalBottomSheetRoute<dynamic>", "settings": {"name": null}}}
[Extension] Flutter.Navigation {"route": {"description": "ModalBottomSheetRoute<dynamic>", "settings": {"name": null}}}
[Stdout] flutter: [NET] POST endpoint=/api/v1/customer/cart/add[Stdout] 
[Stdout] flutter: [NET] endpoint=/api/v1/customer/cart/add http_status=200[Stdout] 
[Stdout] flutter: 📊 analytics: add_to_cart {item_id: 120, price: 33.22, quantity: 1, currency: AED, value: 33.22, screen: store_screen, item_list_id: store_items_list, item_list_name: store_items_list, index: 5, store_id: 4, is_available: 1, module_id: 2}[Stdout] 
[Extension] Flutter.ImageSizesForFrame {"<Unknown Image(394\u00d7394)>": {"source": "<Unknown Image(394\u00d7394)>", "displaySize": {"width": 393.75, "height": 378.0}, "imageSize": {"width": 394.0, "height": 394.0}, "displaySizeInBytes": 793800, "decodedSizeInBytes": 827925}}
[Extension] Flutter.ImageSizesForFrame {"<Unknown Image(900\u00d7400)>": {"source": "<Unknown Image(900\u00d7400)>", "displaySize": {"width": 1082.0, "height": 296.73743221991975}, "imageSize": {"width": 900.0, "height": 400.0}, "displaySizeInBytes": 1712372, "decodedSizeInBytes": 1920000}}
[Extension] Flutter.ImageSizesForFrame {"<Unknown Image(900\u00d7400)>": {"source": "<Unknown Image(900\u00d7400)>", "displaySize": {"width": 1082.0, "height": 379.54291812312664}, "imageSize": {"width": 900.0, "height": 400.0}, "displaySizeInBytes": 2190215, "decodedSizeInBytes": 1920000}}
[Extension] Flutter.ImageSizesForFrame {"<Unknown Image(900\u00d7400)>": {"source": "<Unknown Image(900\u00d7400)>", "displaySize": {"width": 1082.0, "height": 520.1870038793824}, "imageSize": {"width": 900.0, "height": 400.0}, "displaySizeInBytes": 3001825, "decodedSizeInBytes": 1920000}}
[Extension] Flutter.ImageSizesForFrame {"<Unknown Image(900\u00d7400)>": {"source": "<Unknown Image(900\u00d7400)>", "displaySize": {"width": 1082.0, "height": 651.8316908550935}, "imageSize": {"width": 900.0, "height": 400.0}, "displaySizeInBytes": 3761503, "decodedSizeInBytes": 1920000}, "<Unknown Image(147\u00d7147)>": {"source": "<Un
[Extension] Flutter.ImageSizesForFrame {"<Unknown Image(900\u00d7400)>": {"source": "<Unknown Image(900\u00d7400)>", "displaySize": {"width": 1082.0, "height": 738.6562656943212}, "imageSize": {"width": 900.0, "height": 400.0}, "displaySizeInBytes": 4262539, "decodedSizeInBytes": 1920000}, "<Unknown Image(147\u00d7147)>": {"source": "<Un
[Extension] Flutter.ImageSizesForFrame {"<Unknown Image(900\u00d7400)>": {"source": "<Unknown Image(900\u00d7400)>", "displaySize": {"width": 1082.0, "height": 779.5254634697471}, "imageSize": {"width": 900.0, "height": 400.0}, "displaySizeInBytes": 4498381, "decodedSizeInBytes": 1920000}, "<Unknown Image(147\u00d7147)>": {"source": "<Un
[Extension] Flutter.ImageSizesForFrame {"<Unknown Image(900\u00d7400)>": {"source": "<Unknown Image(900\u00d7400)>", "displaySize": {"width": 1082.0, "height": 800.9781972162839}, "imageSize": {"width": 900.0, "height": 400.0}, "displaySizeInBytes": 4622178, "decodedSizeInBytes": 1920000}, "<Unknown Image(147\u00d7147)>": {"source": "<Un
[Extension] Flutter.ImageSizesForFrame {"<Unknown Image(900\u00d7400)>": {"source": "<Unknown Image(900\u00d7400)>", "displaySize": {"width": 1082.0, "height": 802.5965545857598}, "imageSize": {"width": 900.0, "height": 400.0}, "displaySizeInBytes": 4631517, "decodedSizeInBytes": 1920000}, "<Unknown Image(147\u00d7147)>": {"source": "<Un
[Extension] Flutter.ImageSizesForFrame {"<Unknown Image(394\u00d7394)>": {"source": "<Unknown Image(394\u00d7394)>", "displaySize": {"width": 393.75, "height": 378.0}, "imageSize": {"width": 394.0, "height": 394.0}, "displaySizeInBytes": 793800, "decodedSizeInBytes": 827925}}
[Extension] Flutter.ImageSizesForFrame {"<Unknown Image(394\u00d7394)>": {"source": "<Unknown Image(394\u00d7394)>", "displaySize": {"width": 393.75, "height": 378.0}, "imageSize": {"width": 394.0, "height": 394.0}, "displaySizeInBytes": 793800, "decodedSizeInBytes": 827925}}
[Extension] Flutter.ImageSizesForFrame {"<Unknown Image(394\u00d7394)>": {"source": "<Unknown Image(394\u00d7394)>", "displaySize": {"width": 393.75, "height": 378.0}, "imageSize": {"width": 394.0, "height": 394.0}, "displaySizeInBytes": 793800, "decodedSizeInBytes": 827925}}
[Extension] Flutter.ImageSizesForFrame {"<Unknown Image(394\u00d7394)>": {"source": "<Unknown Image(394\u00d7394)>", "displaySize": {"width": 393.75, "height": 378.0}, "imageSize": {"width": 394.0, "height": 394.0}, "displaySizeInBytes": 793800, "decodedSizeInBytes": 827925}}
[Extension] Flutter.ImageSizesForFrame {"<Unknown Image(394\u00d7394)>": {"source": "<Unknown Image(394\u00d7394)>", "displaySize": {"width": 393.75, "height": 378.0}, "imageSize": {"width": 394.0, "height": 394.0}, "displaySizeInBytes": 793800, "decodedSizeInBytes": 827925}}
[Extension] Flutter.ImageSizesForFrame {"<Unknown Image(394\u00d7394)>": {"source": "<Unknown Image(394\u00d7394)>", "displaySize": {"width": 393.75, "height": 378.0}, "imageSize": {"width": 394.0, "height": 394.0}, "displaySizeInBytes": 793800, "decodedSizeInBytes": 827925}}
[Extension] Flutter.ImageSizesForFrame {"<Unknown Image(394\u00d7394)>": {"source": "<Unknown Image(394\u00d7394)>", "displaySize": {"width": 393.75, "height": 378.0}, "imageSize": {"width": 394.0, "height": 394.0}, "displaySizeInBytes": 793800, "decodedSizeInBytes": 827925}}
[Extension] Flutter.ImageSizesForFrame {"<Unknown Image(394\u00d7394)>": {"source": "<Unknown Image(394\u00d7394)>", "displaySize": {"width": 393.75, "height": 378.0}, "imageSize": {"width": 394.0, "height": 394.0}, "displaySizeInBytes": 793800, "decodedSizeInBytes": 827925}}
[Extension] Flutter.ImageSizesForFrame {"<Unknown Image(394\u00d7394)>": {"source": "<Unknown Image(394\u00d7394)>", "displaySize": {"width": 393.75, "height": 378.0}, "imageSize": {"width": 394.0, "height": 394.0}, "displaySizeInBytes": 793800, "decodedSizeInBytes": 827925}}
[Logging] GETX: CLOSE TO ROUTE /store/burger-palace?id=4&page=store&module=food-restaurant null
[Logging] GETX: CLOSE TO ROUTE /store/burger-palace?id=4&page=store&module=food-restaurant null
[Stdout] flutter: [NET] GET endpoint=/api/v1/customer/order/running-orders[Stdout] 
[Extension] Flutter.Navigation {"route": {"description": "GetPageRoute<dynamic>(/store/burger-palace?id=4&page=store&module=food-restaurant)", "settings": {"name": "/store/burger-palace?id=4&page=store&module=food-restaurant", "arguments": "\"StoreScreen\""}}}
[Extension] Flutter.ImageSizesForFrame {"<Unknown Image(900\u00d7400)>": {"source": "<Unknown Image(900\u00d7400)>", "displaySize": {"width": 1029.5, "height": 315.0}, "imageSize": {"width": 900.0, "height": 400.0}, "displaySizeInBytes": 1729560, "decodedSizeInBytes": 1920000}, "<Unknown Image(126\u00d7126)>": {"source": "<Unknown Image(
[Extension] Flutter.ImageSizesForFrame {"<Unknown Image(900\u00d7400)>": {"source": "<Unknown Image(900\u00d7400)>", "displaySize": {"width": 1029.5, "height": 315.0}, "imageSize": {"width": 900.0, "height": 400.0}, "displaySizeInBytes": 1729560, "decodedSizeInBytes": 1920000}, "<Unknown Image(126\u00d7126)>": {"source": "<Unknown Image(
[Stdout] flutter: [NET] endpoint=/api/v1/customer/order/running-orders http_status=200[Stdout] 
[Extension] Flutter.ImageSizesForFrame {"assets/image/most_popular_icon.png": {"source": "assets/image/most_popular_icon.png", "displaySize": {"width": 52.5, "height": 52.5}, "imageSize": {"width": 44.0, "height": 57.0}, "displaySizeInBytes": 14700, "decodedSizeInBytes": 13376}}
[Extension] Flutter.ImageSizesForFrame {"<Unknown Image(400\u00d7400)>": {"source": "<Unknown Image(400\u00d7400)>", "displaySize": {"width": 462.0, "height": 380.625}, "imageSize": {"width": 400.0, "height": 400.0}, "displaySizeInBytes": 937860, "decodedSizeInBytes": 853333}, "<Unknown Image(462\u00d7154)>": {"source": "<Unknown Image(4
[Extension] Flutter.ImageSizesForFrame {"<Unknown Image(400\u00d7400)>": {"source": "<Unknown Image(400\u00d7400)>", "displaySize": {"width": 462.0, "height": 380.625}, "imageSize": {"width": 400.0, "height": 400.0}, "displaySizeInBytes": 937860, "decodedSizeInBytes": 853333}, "<Unknown Image(462\u00d7154)>": {"source": "<Unknown Image(4
[Extension] Flutter.ImageSizesForFrame {"assets/image/most_popular_icon.png": {"source": "assets/image/most_popular_icon.png", "displaySize": {"width": 52.5, "height": 52.5}, "imageSize": {"width": 44.0, "height": 57.0}, "displaySizeInBytes": 14700, "decodedSizeInBytes": 13376}}
[Extension] Flutter.ImageSizesForFrame {"<Unknown Image(400\u00d7400)>": {"source": "<Unknown Image(400\u00d7400)>", "displaySize": {"width": 462.0, "height": 380.625}, "imageSize": {"width": 400.0, "height": 400.0}, "displaySizeInBytes": 937860, "decodedSizeInBytes": 853333}, "<Unknown Image(462\u00d7154)>": {"source": "<Unknown Image(4
[Extension] Flutter.ImageSizesForFrame {"assets/image/most_popular_icon.png": {"source": "assets/image/most_popular_icon.png", "displaySize": {"width": 52.5, "height": 52.5}, "imageSize": {"width": 44.0, "height": 57.0}, "displaySizeInBytes": 14700, "decodedSizeInBytes": 13376}}
[Stdout] flutter: 📊 analytics: select_store {store_id: 4, screen: home, item_list_id: stores_list, item_list_name: stores_list, source: store_card, index: 0, has_popular_items: 1, is_open: 1, popular_item_count: 15}[Stdout] 
[Logging] GETX: GOING TO ROUTE /store/burger-palace?id=4&page=store&module=food-restaurant null
[Logging] GETX: GOING TO ROUTE /store/burger-palace?id=4&page=store&module=food-restaurant null
[Extension] Flutter.Navigation {"route": {"description": "GetPageRoute<dynamic>(/store/burger-palace?id=4&page=store&module=food-restaurant)", "settings": {"name": "/store/burger-palace?id=4&page=store&module=food-restaurant", "arguments": "\"StoreScreen\""}}}
[Stdout] flutter: [NET] GET endpoint=/api/v1/cashback/list[Stdout] 
[Stdout] flutter: [NET] GET endpoint=/api/v1/customer/wish-list[Stdout] 
[Stdout] flutter: [NET] GET endpoint=/api/v1/customer/cart/list[Stdout] 
[Stdout] flutter: [INFO] msg="route: waiting for module=food-restaurant"[Stdout] 
[Stdout] flutter: [INFO] msg="route: checkModuleId configNull=false hasAddress=true fromDeeplink=false"[Stdout] 
[Stdout] flutter: [INFO] msg="route: not from deeplink, skipping module fetch"[Stdout] 
[Stdout] flutter: [INFO] msg="route: module future state=ConnectionState.waiting hasData=false hasError=false"[Stdout] 
[Extension] Flutter.ImageSizesForFrame {"<Unknown Image(900\u00d7400)>": {"source": "<Unknown Image(900\u00d7400)>", "displaySize": {"width": 1029.5, "height": 315.0}, "imageSize": {"width": 900.0, "height": 400.0}, "displaySizeInBytes": 1729560, "decodedSizeInBytes": 1920000}, "<Unknown Image(126\u00d7126)>": {"source": "<Unknown Image(
[Stdout] flutter: [INFO] msg="route: module future state=ConnectionState.done hasData=false hasError=false"[Stdout] 
[Stdout] flutter: [NET] GET endpoint=/api/v1/stores/details/4[Stdout] 
[Extension] Flutter.ImageSizesForFrame {"<Unknown Image(900\u00d7400)>": {"source": "<Unknown Image(900\u00d7400)>", "displaySize": {"width": 1029.5, "height": 315.0}, "imageSize": {"width": 900.0, "height": 400.0}, "displaySizeInBytes": 1729560, "decodedSizeInBytes": 1920000}, "<Unknown Image(126\u00d7126)>": {"source": "<Unknown Image(
[Extension] Flutter.ImageSizesForFrame {"<Unknown Image(900\u00d7400)>": {"source": "<Unknown Image(900\u00d7400)>", "displaySize": {"width": 1029.5, "height": 315.0}, "imageSize": {"width": 900.0, "height": 400.0}, "displaySizeInBytes": 1729560, "decodedSizeInBytes": 1920000}, "<Unknown Image(126\u00d7126)>": {"source": "<Unknown Image(
[Stdout] flutter: [NET] endpoint=/api/v1/customer/wish-list http_status=200[Stdout] 
[Stdout] flutter: 📊 analytics: view_item_list {item_list_id: favourite_items, item_list_name: favourite_items, item_count: 0, screen: favourites}[Stdout] 
[Stdout] flutter: 📊 analytics: view_store_list {item_list_id: favourite_stores, item_list_name: favourite_stores, count: 0, screen: favourites}[Stdout] 
[Stdout] flutter: [NET] endpoint=/api/v1/cashback/list http_status=200[Stdout] 
[Stdout] flutter: [NET] endpoint=/api/v1/stores/details/4 http_status=200[Stdout] 
[Stdout] flutter: [NET] GET endpoint=/api/v1/config/distance-api[Stdout] 
[Stdout] flutter: 📊 analytics: view_store {store_id: 4, screen: home, item_list_id: stores_list, item_list_name: stores_list, source: store_card, index: 0, has_popular_items: 1, is_open: 1}[Stdout] 
[Stdout] flutter: [NET] GET endpoint=/api/v1/categories/offers[Stdout] 
[Stdout] flutter: [NET] GET endpoint=/api/v1/items/recommended[Stdout] 
[Stdout] flutter: [NET] GET endpoint=/api/v1/items/latest[Stdout] 
[Stdout] flutter: [NET] endpoint=/api/v1/customer/cart/list http_status=200[Stdout] 
[Extension] Flutter.ImageSizesForFrame {"<Unknown Image(394\u00d7394)>": {"source": "<Unknown Image(394\u00d7394)>", "displaySize": {"width": 393.75, "height": 378.0}, "imageSize": {"width": 394.0, "height": 394.0}, "displaySizeInBytes": 793800, "decodedSizeInBytes": 827925}, "<Unknown Image(900\u00d7400)>": {"source": "<Unknown Image(90
[Extension] Flutter.ImageSizesForFrame {"<Unknown Image(394\u00d7394)>": {"source": "<Unknown Image(394\u00d7394)>", "displaySize": {"width": 393.75, "height": 378.0}, "imageSize": {"width": 394.0, "height": 394.0}, "displaySizeInBytes": 793800, "decodedSizeInBytes": 827925}, "<Unknown Image(900\u00d7400)>": {"source": "<Unknown Image(90
[Stdout] flutter: [NET] endpoint=/api/v1/items/latest http_status=200[Stdout] 
[Extension] Flutter.ImageSizesForFrame {"<Unknown Image(394\u00d7394)>": {"source": "<Unknown Image(394\u00d7394)>", "displaySize": {"width": 393.75, "height": 378.0}, "imageSize": {"width": 394.0, "height": 394.0}, "displaySizeInBytes": 793800, "decodedSizeInBytes": 827925}, "<Unknown Image(900\u00d7400)>": {"source": "<Unknown Image(90
[Stdout] flutter: [NET] endpoint=/api/v1/config/distance-api http_status=200[Stdout] 
[Stdout] flutter: [NET] GET endpoint=/api/v1/vehicle/extra_charge[Stdout] 
[Stdout] flutter: [NET] endpoint=/api/v1/categories/offers http_status=200[Stdout] 
[Extension] Flutter.ImageSizesForFrame {"<Unknown Image(394\u00d7394)>": {"source": "<Unknown Image(394\u00d7394)>", "displaySize": {"width": 393.75, "height": 378.0}, "imageSize": {"width": 394.0, "height": 394.0}, "displaySizeInBytes": 793800, "decodedSizeInBytes": 827925}, "<Unknown Image(900\u00d7400)>": {"source": "<Unknown Image(90
[Stdout] flutter: [NET] endpoint=/api/v1/items/recommended http_status=200[Stdout] 
[Extension] Flutter.ImageSizesForFrame {"<Unknown Image(394\u00d7394)>": {"source": "<Unknown Image(394\u00d7394)>", "displaySize": {"width": 393.75, "height": 378.0}, "imageSize": {"width": 394.0, "height": 394.0}, "displaySizeInBytes": 793800, "decodedSizeInBytes": 827925}, "<Unknown Image(900\u00d7400)>": {"source": "<Unknown Image(90
[Stdout] flutter: [NET] endpoint=/api/v1/vehicle/extra_charge http_status=200[Stdout] 
[Extension] Flutter.ImageSizesForFrame {"<Unknown Image(394\u00d7394)>": {"source": "<Unknown Image(394\u00d7394)>", "displaySize": {"width": 393.75, "height": 378.0}, "imageSize": {"width": 394.0, "height": 394.0}, "displaySizeInBytes": 793800, "decodedSizeInBytes": 827925}, "<Unknown Image(900\u00d7400)>": {"source": "<Unknown Image(90
[Logging] GETX: CLOSE TO ROUTE /store/burger-palace?id=4&page=store&module=food-restaurant null
[Logging] GETX: CLOSE TO ROUTE /store/burger-palace?id=4&page=store&module=food-restaurant null
[Stdout] flutter: [NET] GET endpoint=/api/v1/customer/order/running-orders[Stdout] 
[Extension] Flutter.Navigation {"route": {"description": "GetPageRoute<dynamic>(/store/burger-palace?id=4&page=store&module=food-restaurant)", "settings": {"name": "/store/burger-palace?id=4&page=store&module=food-restaurant", "arguments": "\"StoreScreen\""}}}
[Extension] Flutter.ImageSizesForFrame {"<Unknown Image(900\u00d7400)>": {"source": "<Unknown Image(900\u00d7400)>", "displaySize": {"width": 1029.5, "height": 315.0}, "imageSize": {"width": 900.0, "height": 400.0}, "displaySizeInBytes": 1729560, "decodedSizeInBytes": 1920000}, "<Unknown Image(126\u00d7126)>": {"source": "<Unknown Image(
[Extension] Flutter.ImageSizesForFrame {"<Unknown Image(900\u00d7400)>": {"source": "<Unknown Image(900\u00d7400)>", "displaySize": {"width": 1029.5, "height": 315.0}, "imageSize": {"width": 900.0, "height": 400.0}, "displaySizeInBytes": 1729560, "decodedSizeInBytes": 1920000}, "<Unknown Image(126\u00d7126)>": {"source": "<Unknown Image(
[Stdout] flutter: [NET] endpoint=/api/v1/customer/order/running-orders http_status=200[Stdout] 
[Extension] Flutter.ImageSizesForFrame {"assets/image/most_popular_icon.png": {"source": "assets/image/most_popular_icon.png", "displaySize": {"width": 52.5, "height": 52.5}, "imageSize": {"width": 44.0, "height": 57.0}, "displaySizeInBytes": 14700, "decodedSizeInBytes": 13376}}
[Extension] Flutter.ImageSizesForFrame {"<Unknown Image(400\u00d7400)>": {"source": "<Unknown Image(400\u00d7400)>", "displaySize": {"width": 462.0, "height": 380.625}, "imageSize": {"width": 400.0, "height": 400.0}, "displaySizeInBytes": 937860, "decodedSizeInBytes": 853333}, "<Unknown Image(462\u00d7154)>": {"source": "<Unknown Image(4
[Extension] Flutter.ImageSizesForFrame {"assets/image/most_popular_icon.png": {"source": "assets/image/most_popular_icon.png", "displaySize": {"width": 20.0, "height": 20.0}, "imageSize": {"width": 44.0, "height": 57.0}, "displaySizeInBytes": 2133, "decodedSizeInBytes": 13376}}
[Extension] Flutter.ImageSizesForFrame {"<Unknown Image(160\u00d7160)>": {"source": "<Unknown Image(160\u00d7160)>", "displaySize": {"width": 160.0, "height": 127.5}, "imageSize": {"width": 160.0, "height": 160.0}, "displaySizeInBytes": 108800, "decodedSizeInBytes": 136533}, "<Unknown Image(176\u00d7176)>": {"source": "<Unknown Image(176
[Extension] Flutter.ImageSizesForFrame {"assets/image/most_popular_icon.png": {"source": "assets/image/most_popular_icon.png", "displaySize": {"width": 20.0, "height": 20.0}, "imageSize": {"width": 44.0, "height": 57.0}, "displaySizeInBytes": 2133, "decodedSizeInBytes": 13376}}
[Extension] Flutter.ImageSizesForFrame {"<Unknown Image(900\u00d7300)>": {"source": "<Unknown Image(900\u00d7300)>", "displaySize": {"width": 1430.0, "height": 120.0}, "imageSize": {"width": 900.0, "height": 300.0}, "displaySizeInBytes": 915200, "decodedSizeInBytes": 1440000}, "<Unknown Image(56\u00d756)>": {"source": "<Unknown Image(56\
[Extension] Flutter.ImageSizesForFrame {"<Unknown Image(900\u00d7300)>": {"source": "<Unknown Image(900\u00d7300)>", "displaySize": {"width": 1430.0, "height": 120.0}, "imageSize": {"width": 900.0, "height": 300.0}, "displaySizeInBytes": 915200, "decodedSizeInBytes": 1440000}, "<Unknown Image(48\u00d748)>": {"source": "<Unknown Image(48\
[Extension] Flutter.ImageSizesForFrame {"assets/image/most_popular_icon.png": {"source": "assets/image/most_popular_icon.png", "displaySize": {"width": 20.0, "height": 20.0}, "imageSize": {"width": 44.0, "height": 57.0}, "displaySizeInBytes": 2133, "decodedSizeInBytes": 13376}}
[Extension] Flutter.ImageSizesForFrame {"<Unknown Image(900\u00d7300)>": {"source": "<Unknown Image(900\u00d7300)>", "displaySize": {"width": 1430.0, "height": 120.0}, "imageSize": {"width": 900.0, "height": 300.0}, "displaySizeInBytes": 915200, "decodedSizeInBytes": 1440000}, "<Unknown Image(48\u00d748)>": {"source": "<Unknown Image(48\
[Extension] Flutter.ImageSizesForFrame {"<Unknown Image(56\u00d756)>": {"source": "<Unknown Image(56\u00d756)>", "displaySize": {"width": 56.0, "height": 56.0}, "imageSize": {"width": 56.0, "height": 56.0}, "displaySizeInBytes": 16725, "decodedSizeInBytes": 16725}}
[Extension] Flutter.ImageSizesForFrame {"assets/image/most_popular_icon.png": {"source": "assets/image/most_popular_icon.png", "displaySize": {"width": 20.0, "height": 20.0}, "imageSize": {"width": 44.0, "height": 57.0}, "displaySizeInBytes": 2133, "decodedSizeInBytes": 13376}}
[Stdout] flutter: 📊 analytics: select_store {store_id: 4, screen: home, item_list_id: stores_list, item_list_name: stores_list, source: store_card, index: 0, has_popular_items: 1, is_open: 1, popular_item_count: 15}[Stdout] 
[Logging] GETX: GOING TO ROUTE /store/burger-palace?id=4&page=store&module=food-restaurant null
[Logging] GETX: GOING TO ROUTE /store/burger-palace?id=4&page=store&module=food-restaurant null
[Extension] Flutter.Navigation {"route": {"description": "GetPageRoute<dynamic>(/store/burger-palace?id=4&page=store&module=food-restaurant)", "settings": {"name": "/store/burger-palace?id=4&page=store&module=food-restaurant", "arguments": "\"StoreScreen\""}}}
[Stdout] flutter: [NET] GET endpoint=/api/v1/cashback/list[Stdout] 
[Stdout] flutter: [NET] GET endpoint=/api/v1/customer/wish-list[Stdout] 
[Stdout] flutter: [NET] GET endpoint=/api/v1/customer/cart/list[Stdout] 
[Stdout] flutter: [INFO] msg="route: waiting for module=food-restaurant"[Stdout] 
[Stdout] flutter: [INFO] msg="route: checkModuleId configNull=false hasAddress=true fromDeeplink=false"[Stdout] 
[Stdout] flutter: [INFO] msg="route: not from deeplink, skipping module fetch"[Stdout] 
[Stdout] flutter: [INFO] msg="route: module future state=ConnectionState.waiting hasData=false hasError=false"[Stdout] 
[Stdout] flutter: [INFO] msg="route: module future state=ConnectionState.done hasData=false hasError=false"[Stdout] 
[Stdout] flutter: [NET] GET endpoint=/api/v1/stores/details/4[Stdout] 
[Stdout] flutter: [NET] endpoint=/api/v1/customer/wish-list http_status=200[Stdout] 
[Stdout] flutter: 📊 analytics: view_item_list {item_list_id: favourite_items, item_list_name: favourite_items, item_count: 0, screen: favourites}[Stdout] 
[Stdout] flutter: 📊 analytics: view_store_list {item_list_id: favourite_stores, item_list_name: favourite_stores, count: 0, screen: favourites}[Stdout] 
[Stdout] flutter: [NET] endpoint=/api/v1/cashback/list http_status=200[Stdout] 
[Stdout] flutter: [NET] endpoint=/api/v1/stores/details/4 http_status=200[Stdout] 
[Stdout] flutter: [NET] GET endpoint=/api/v1/config/distance-api[Stdout] 
[Stdout] flutter: 📊 analytics: view_store {store_id: 4, screen: home, item_list_id: stores_list, item_list_name: stores_list, source: store_card, index: 0, has_popular_items: 1, is_open: 1}[Stdout] 
[Stdout] flutter: [NET] GET endpoint=/api/v1/categories/offers[Stdout] 
[Stdout] flutter: [NET] GET endpoint=/api/v1/items/recommended[Stdout] 
[Stdout] flutter: [NET] GET endpoint=/api/v1/items/latest[Stdout] 
[Stdout] flutter: [NET] endpoint=/api/v1/customer/cart/list http_status=200[Stdout] 
[Extension] Flutter.ImageSizesForFrame {"assets/image/landing_google_play.png": {"source": "assets/image/landing_google_play.png", "displaySize": {"width": 118.09523809523807, "height": 40.0}, "imageSize": {"width": 372.0, "height": 126.0}, "displaySizeInBytes": 25193, "decodedSizeInBytes": 249984}, "assets/image/landing_app_store.png": 
[Extension] Flutter.ImageSizesForFrame {"assets/image/most_popular_icon.png": {"source": "assets/image/most_popular_icon.png", "displaySize": {"width": 20.0, "height": 20.0}, "imageSize": {"width": 44.0, "height": 57.0}, "displaySizeInBytes": 2133, "decodedSizeInBytes": 13376}}
[Extension] Flutter.ImageSizesForFrame {"assets/image/landing_google_play.png": {"source": "assets/image/landing_google_play.png", "displaySize": {"width": 118.09523809523807, "height": 40.0}, "imageSize": {"width": 372.0, "height": 126.0}, "displaySizeInBytes": 25193, "decodedSizeInBytes": 249984}, "assets/image/landing_app_store.png": 
[Extension] Flutter.ImageSizesForFrame {"<Unknown Image(84\u00d784)>": {"source": "<Unknown Image(84\u00d784)>", "displaySize": {"width": 84.0, "height": 84.0}, "imageSize": {"width": 84.0, "height": 84.0}, "displaySizeInBytes": 37632, "decodedSizeInBytes": 37632}, "assets/image/landing_google_play.png": {"source": "assets/image/landing_
[Extension] Flutter.ImageSizesForFrame {"<Unknown Image(84\u00d784)>": {"source": "<Unknown Image(84\u00d784)>", "displaySize": {"width": 84.0, "height": 84.0}, "imageSize": {"width": 84.0, "height": 84.0}, "displaySizeInBytes": 37632, "decodedSizeInBytes": 37632}, "assets/image/landing_google_play.png": {"source": "assets/image/landing_
[Stdout] flutter: [NET] endpoint=/api/v1/items/latest http_status=200[Stdout] 
[Extension] Flutter.ImageSizesForFrame {"assets/image/landing_google_play.png": {"source": "assets/image/landing_google_play.png", "displaySize": {"width": 118.09523809523807, "height": 40.0}, "imageSize": {"width": 372.0, "height": 126.0}, "displaySizeInBytes": 25193, "decodedSizeInBytes": 249984}, "assets/image/landing_app_store.png": 
[Stdout] flutter: [NET] endpoint=/api/v1/config/distance-api http_status=200[Stdout] 
[Stdout] flutter: [NET] GET endpoint=/api/v1/vehicle/extra_charge[Stdout] 
[Extension] Flutter.ImageSizesForFrame {"assets/image/landing_google_play.png": {"source": "assets/image/landing_google_play.png", "displaySize": {"width": 118.09523809523807, "height": 40.0}, "imageSize": {"width": 372.0, "height": 126.0}, "displaySizeInBytes": 25193, "decodedSizeInBytes": 249984}, "assets/image/landing_app_store.png": 
[Extension] Flutter.ImageSizesForFrame {"assets/image/landing_google_play.png": {"source": "assets/image/landing_google_play.png", "displaySize": {"width": 118.09523809523807, "height": 40.0}, "imageSize": {"width": 372.0, "height": 126.0}, "displaySizeInBytes": 25193, "decodedSizeInBytes": 249984}, "assets/image/landing_app_store.png": 
[Stdout] flutter: [NET] endpoint=/api/v1/categories/offers http_status=200[Stdout] 
[Extension] Flutter.ImageSizesForFrame {"<Unknown Image(400\u00d7400)>": {"source": "<Unknown Image(400\u00d7400)>", "displaySize": {"width": 955.0, "height": 636.6666666666667}, "imageSize": {"width": 400.0, "height": 400.0}, "displaySizeInBytes": 3242755, "decodedSizeInBytes": 853333}, "assets/image/landing_google_play.png": {"source":
[Stdout] flutter: [NET] endpoint=/api/v1/items/recommended http_status=200[Stdout] 
[Extension] Flutter.ImageSizesForFrame {"<Unknown Image(400\u00d7400)>": {"source": "<Unknown Image(400\u00d7400)>", "displaySize": {"width": 955.0, "height": 636.6666666666667}, "imageSize": {"width": 400.0, "height": 400.0}, "displaySizeInBytes": 3242755, "decodedSizeInBytes": 853333}, "assets/image/landing_google_play.png": {"source":
[Stdout] flutter: [NET] endpoint=/api/v1/vehicle/extra_charge http_status=200[Stdout] 
[Extension] Flutter.ImageSizesForFrame {"<Unknown Image(400\u00d7400)>": {"source": "<Unknown Image(400\u00d7400)>", "displaySize": {"width": 955.0, "height": 636.6666666666667}, "imageSize": {"width": 400.0, "height": 400.0}, "displaySizeInBytes": 3242755, "decodedSizeInBytes": 853333}}
[Extension] Flutter.ImageSizesForFrame {"assets/image/landing_google_play.png": {"source": "assets/image/landing_google_play.png", "displaySize": {"width": 118.09523809523807, "height": 40.0}, "imageSize": {"width": 372.0, "height": 126.0}, "displaySizeInBytes": 25193, "decodedSizeInBytes": 249984}, "assets/image/landing_app_store.png": 
[Extension] Flutter.ImageSizesForFrame {"<Unknown Image(400\u00d7400)>": {"source": "<Unknown Image(400\u00d7400)>", "displaySize": {"width": 955.0, "height": 636.6666666666667}, "imageSize": {"width": 400.0, "height": 400.0}, "displaySizeInBytes": 3242755, "decodedSizeInBytes": 853333}, "assets/image/landing_google_play.png": {"source":
[Extension] Flutter.ImageSizesForFrame {"<Unknown Image(400\u00d7400)>": {"source": "<Unknown Image(400\u00d7400)>", "displaySize": {"width": 955.0, "height": 636.6666666666667}, "imageSize": {"width": 400.0, "height": 400.0}, "displaySizeInBytes": 3242755, "decodedSizeInBytes": 853333}, "assets/image/landing_google_play.png": {"source":
[Extension] Flutter.ImageSizesForFrame {"<Unknown Image(400\u00d7400)>": {"source": "<Unknown Image(400\u00d7400)>", "displaySize": {"width": 955.0, "height": 636.6666666666667}, "imageSize": {"width": 400.0, "height": 400.0}, "displaySizeInBytes": 3242755, "decodedSizeInBytes": 853333}, "assets/image/landing_google_play.png": {"source":
[Extension] Flutter.ImageSizesForFrame {"assets/image/landing_google_play.png": {"source": "assets/image/landing_google_play.png", "displaySize": {"width": 118.09523809523807, "height": 40.0}, "imageSize": {"width": 372.0, "height": 126.0}, "displaySizeInBytes": 25193, "decodedSizeInBytes": 249984}, "assets/image/landing_app_store.png": 
[Extension] Flutter.ImageSizesForFrame {"assets/image/landing_google_play.png": {"source": "assets/image/landing_google_play.png", "displaySize": {"width": 118.09523809523807, "height": 40.0}, "imageSize": {"width": 372.0, "height": 126.0}, "displaySizeInBytes": 25193, "decodedSizeInBytes": 249984}, "assets/image/landing_app_store.png": 
[Extension] Flutter.ImageSizesForFrame {"assets/image/landing_google_play.png": {"source": "assets/image/landing_google_play.png", "displaySize": {"width": 118.09523809523807, "height": 40.0}, "imageSize": {"width": 372.0, "height": 126.0}, "displaySizeInBytes": 25193, "decodedSizeInBytes": 249984}, "assets/image/landing_app_store.png": 
[Extension] Flutter.ImageSizesForFrame {"assets/image/landing_google_play.png": {"source": "assets/image/landing_google_play.png", "displaySize": {"width": 118.09523809523807, "height": 40.0}, "imageSize": {"width": 372.0, "height": 126.0}, "displaySizeInBytes": 25193, "decodedSizeInBytes": 249984}, "assets/image/landing_app_store.png": 
[Extension] Flutter.ImageSizesForFrame {"assets/image/landing_google_play.png": {"source": "assets/image/landing_google_play.png", "displaySize": {"width": 118.09523809523807, "height": 40.0}, "imageSize": {"width": 372.0, "height": 126.0}, "displaySizeInBytes": 25193, "decodedSizeInBytes": 249984}, "assets/image/landing_app_store.png": 
[Extension] Flutter.ImageSizesForFrame {"assets/image/landing_google_play.png": {"source": "assets/image/landing_google_play.png", "displaySize": {"width": 118.09523809523807, "height": 40.0}, "imageSize": {"width": 372.0, "height": 126.0}, "displaySizeInBytes": 25193, "decodedSizeInBytes": 249984}, "assets/image/landing_app_store.png": 
[Extension] Flutter.ImageSizesForFrame {"assets/image/landing_google_play.png": {"source": "assets/image/landing_google_play.png", "displaySize": {"width": 118.09523809523807, "height": 40.0}, "imageSize": {"width": 372.0, "height": 126.0}, "displaySizeInBytes": 25193, "decodedSizeInBytes": 249984}, "assets/image/landing_app_store.png": 
[Extension] Flutter.ImageSizesForFrame {"assets/image/landing_google_play.png": {"source": "assets/image/landing_google_play.png", "displaySize": {"width": 118.09523809523807, "height": 40.0}, "imageSize": {"width": 372.0, "height": 126.0}, "displaySizeInBytes": 25193, "decodedSizeInBytes": 249984}, "assets/image/landing_app_store.png": 
[Extension] Flutter.ImageSizesForFrame {"assets/image/landing_google_play.png": {"source": "assets/image/landing_google_play.png", "displaySize": {"width": 118.09523809523807, "height": 40.0}, "imageSize": {"width": 372.0, "height": 126.0}, "displaySizeInBytes": 25193, "decodedSizeInBytes": 249984}, "assets/image/landing_app_store.png": 
[Extension] Flutter.ImageSizesForFrame {"assets/image/landing_google_play.png": {"source": "assets/image/landing_google_play.png", "displaySize": {"width": 118.09523809523807, "height": 40.0}, "imageSize": {"width": 372.0, "height": 126.0}, "displaySizeInBytes": 25193, "decodedSizeInBytes": 249984}, "assets/image/landing_app_store.png": 
[Extension] Flutter.ImageSizesForFrame {"assets/image/landing_google_play.png": {"source": "assets/image/landing_google_play.png", "displaySize": {"width": 118.09523809523807, "height": 40.0}, "imageSize": {"width": 372.0, "height": 126.0}, "displaySizeInBytes": 25193, "decodedSizeInBytes": 249984}, "assets/image/landing_app_store.png": 
[Extension] Flutter.ImageSizesForFrame {"assets/image/landing_google_play.png": {"source": "assets/image/landing_google_play.png", "displaySize": {"width": 118.09523809523807, "height": 40.0}, "imageSize": {"width": 372.0, "height": 126.0}, "displaySizeInBytes": 25193, "decodedSizeInBytes": 249984}, "assets/image/landing_app_store.png": 
[Extension] Flutter.ImageSizesForFrame {"<Unknown Image(400\u00d7400)>": {"source": "<Unknown Image(400\u00d7400)>", "displaySize": {"width": 955.0, "height": 636.6666666666667}, "imageSize": {"width": 400.0, "height": 400.0}, "displaySizeInBytes": 3242755, "decodedSizeInBytes": 853333}, "assets/image/landing_google_play.png": {"source":
[Extension] Flutter.ImageSizesForFrame {"<Unknown Image(400\u00d7400)>": {"source": "<Unknown Image(400\u00d7400)>", "displaySize": {"width": 955.0, "height": 636.6666666666667}, "imageSize": {"width": 400.0, "height": 400.0}, "displaySizeInBytes": 3242755, "decodedSizeInBytes": 853333}, "assets/image/landing_google_play.png": {"source":
[Extension] Flutter.ImageSizesForFrame {"<Unknown Image(400\u00d7400)>": {"source": "<Unknown Image(400\u00d7400)>", "displaySize": {"width": 955.0, "height": 636.6666666666667}, "imageSize": {"width": 400.0, "height": 400.0}, "displaySizeInBytes": 3242755, "decodedSizeInBytes": 853333}, "assets/image/landing_google_play.png": {"source":
[Extension] Flutter.ImageSizesForFrame {"<Unknown Image(400\u00d7400)>": {"source": "<Unknown Image(400\u00d7400)>", "displaySize": {"width": 955.0, "height": 636.6666666666667}, "imageSize": {"width": 400.0, "height": 400.0}, "displaySizeInBytes": 3242755, "decodedSizeInBytes": 853333}, "assets/image/landing_google_play.png": {"source":
[Extension] Flutter.ImageSizesForFrame {"<Unknown Image(400\u00d7400)>": {"source": "<Unknown Image(400\u00d7400)>", "displaySize": {"width": 955.0, "height": 636.6666666666667}, "imageSize": {"width": 400.0, "height": 400.0}, "displaySizeInBytes": 3242755, "decodedSizeInBytes": 853333}, "assets/image/landing_google_play.png": {"source":
[Extension] Flutter.ImageSizesForFrame {"<Unknown Image(400\u00d7400)>": {"source": "<Unknown Image(400\u00d7400)>", "displaySize": {"width": 955.0, "height": 636.6666666666667}, "imageSize": {"width": 400.0, "height": 400.0}, "displaySizeInBytes": 3242755, "decodedSizeInBytes": 853333}, "assets/image/landing_google_play.png": {"source":
[Extension] Flutter.ImageSizesForFrame {"assets/image/landing_google_play.png": {"source": "assets/image/landing_google_play.png", "displaySize": {"width": 118.09523809523807, "height": 40.0}, "imageSize": {"width": 372.0, "height": 126.0}, "displaySizeInBytes": 25193, "decodedSizeInBytes": 249984}, "assets/image/landing_app_store.png": 
[Extension] Flutter.ImageSizesForFrame {"assets/image/landing_google_play.png": {"source": "assets/image/landing_google_play.png", "displaySize": {"width": 118.09523809523807, "height": 40.0}, "imageSize": {"width": 372.0, "height": 126.0}, "displaySizeInBytes": 25193, "decodedSizeInBytes": 249984}, "assets/image/landing_app_store.png": 
[Extension] Flutter.ImageSizesForFrame {"assets/image/landing_google_play.png": {"source": "assets/image/landing_google_play.png", "displaySize": {"width": 118.09523809523807, "height": 40.0}, "imageSize": {"width": 372.0, "height": 126.0}, "displaySizeInBytes": 25193, "decodedSizeInBytes": 249984}, "assets/image/landing_app_store.png": 
[Extension] Flutter.ImageSizesForFrame {"assets/image/landing_google_play.png": {"source": "assets/image/landing_google_play.png", "displaySize": {"width": 118.09523809523807, "height": 40.0}, "imageSize": {"width": 372.0, "height": 126.0}, "displaySizeInBytes": 25193, "decodedSizeInBytes": 249984}, "assets/image/landing_app_store.png": 
[Stdout] flutter: [NET] GET endpoint=/api/v1/items/search[Stdout] 
[Extension] Flutter.ImageSizesForFrame {"assets/image/landing_google_play.png": {"source": "assets/image/landing_google_play.png", "displaySize": {"width": 118.09523809523807, "height": 40.0}, "imageSize": {"width": 372.0, "height": 126.0}, "displaySizeInBytes": 25193, "decodedSizeInBytes": 249984}, "assets/image/landing_app_store.png": 
[Extension] Flutter.ImageSizesForFrame {"assets/image/landing_google_play.png": {"source": "assets/image/landing_google_play.png", "displaySize": {"width": 118.09523809523807, "height": 40.0}, "imageSize": {"width": 372.0, "height": 126.0}, "displaySizeInBytes": 25193, "decodedSizeInBytes": 249984}, "assets/image/landing_app_store.png": 
[Extension] Flutter.ImageSizesForFrame {"assets/image/landing_google_play.png": {"source": "assets/image/landing_google_play.png", "displaySize": {"width": 118.09523809523807, "height": 40.0}, "imageSize": {"width": 372.0, "height": 126.0}, "displaySizeInBytes": 25193, "decodedSizeInBytes": 249984}, "assets/image/landing_app_store.png": 
[Extension] Flutter.ImageSizesForFrame {"assets/image/landing_google_play.png": {"source": "assets/image/landing_google_play.png", "displaySize": {"width": 118.09523809523807, "height": 40.0}, "imageSize": {"width": 372.0, "height": 126.0}, "displaySizeInBytes": 25193, "decodedSizeInBytes": 249984}, "assets/image/landing_app_store.png": 
[Extension] Flutter.ImageSizesForFrame {"assets/image/landing_google_play.png": {"source": "assets/image/landing_google_play.png", "displaySize": {"width": 118.09523809523807, "height": 40.0}, "imageSize": {"width": 372.0, "height": 126.0}, "displaySizeInBytes": 25193, "decodedSizeInBytes": 249984}, "assets/image/landing_app_store.png": 
[Extension] Flutter.ImageSizesForFrame {"assets/image/landing_google_play.png": {"source": "assets/image/landing_google_play.png", "displaySize": {"width": 118.09523809523807, "height": 40.0}, "imageSize": {"width": 372.0, "height": 126.0}, "displaySizeInBytes": 25193, "decodedSizeInBytes": 249984}, "assets/image/landing_app_store.png": 
[Extension] Flutter.ImageSizesForFrame {"assets/image/landing_google_play.png": {"source": "assets/image/landing_google_play.png", "displaySize": {"width": 118.09523809523807, "height": 40.0}, "imageSize": {"width": 372.0, "height": 126.0}, "displaySizeInBytes": 25193, "decodedSizeInBytes": 249984}, "assets/image/landing_app_store.png": 
[Extension] Flutter.ImageSizesForFrame {"assets/image/landing_google_play.png": {"source": "assets/image/landing_google_play.png", "displaySize": {"width": 118.09523809523807, "height": 40.0}, "imageSize": {"width": 372.0, "height": 126.0}, "displaySizeInBytes": 25193, "decodedSizeInBytes": 249984}, "assets/image/landing_app_store.png": 
[Extension] Flutter.ImageSizesForFrame {"assets/image/landing_google_play.png": {"source": "assets/image/landing_google_play.png", "displaySize": {"width": 118.09523809523807, "height": 40.0}, "imageSize": {"width": 372.0, "height": 126.0}, "displaySizeInBytes": 25193, "decodedSizeInBytes": 249984}, "assets/image/landing_app_store.png": 
[Extension] Flutter.ImageSizesForFrame {"assets/image/landing_google_play.png": {"source": "assets/image/landing_google_play.png", "displaySize": {"width": 118.09523809523807, "height": 40.0}, "imageSize": {"width": 372.0, "height": 126.0}, "displaySizeInBytes": 25193, "decodedSizeInBytes": 249984}, "assets/image/landing_app_store.png": 
[Stdout] flutter: [NET] endpoint=/api/v1/items/search http_status=200[Stdout] 
[Extension] Flutter.ImageSizesForFrame {"<Unknown Image(400\u00d7400)>": {"source": "<Unknown Image(400\u00d7400)>", "displaySize": {"width": 955.0, "height": 636.6666666666667}, "imageSize": {"width": 400.0, "height": 400.0}, "displaySizeInBytes": 3242755, "decodedSizeInBytes": 853333}, "assets/image/landing_google_play.png": {"source":
[Extension] Flutter.ImageSizesForFrame {"<Unknown Image(400\u00d7400)>": {"source": "<Unknown Image(400\u00d7400)>", "displaySize": {"width": 955.0, "height": 636.6666666666667}, "imageSize": {"width": 400.0, "height": 400.0}, "displaySizeInBytes": 3242755, "decodedSizeInBytes": 853333}}
[Extension] Flutter.ImageSizesForFrame {"<Unknown Image(400\u00d7400)>": {"source": "<Unknown Image(400\u00d7400)>", "displaySize": {"width": 955.0, "height": 636.6666666666667}, "imageSize": {"width": 400.0, "height": 400.0}, "displaySizeInBytes": 3242755, "decodedSizeInBytes": 853333}, "assets/image/landing_google_play.png": {"source":
[Extension] Flutter.ImageSizesForFrame {"<Unknown Image(400\u00d7400)>": {"source": "<Unknown Image(400\u00d7400)>", "displaySize": {"width": 955.0, "height": 636.6666666666667}, "imageSize": {"width": 400.0, "height": 400.0}, "displaySizeInBytes": 3242755, "decodedSizeInBytes": 853333}, "assets/image/landing_google_play.png": {"source":
[Extension] Flutter.ImageSizesForFrame {"<Unknown Image(400\u00d7400)>": {"source": "<Unknown Image(400\u00d7400)>", "displaySize": {"width": 955.0, "height": 636.6666666666667}, "imageSize": {"width": 400.0, "height": 400.0}, "displaySizeInBytes": 3242755, "decodedSizeInBytes": 853333}, "assets/image/landing_google_play.png": {"source":
[Extension] Flutter.ImageSizesForFrame {"<Unknown Image(400\u00d7400)>": {"source": "<Unknown Image(400\u00d7400)>", "displaySize": {"width": 955.0, "height": 636.6666666666667}, "imageSize": {"width": 400.0, "height": 400.0}, "displaySizeInBytes": 3242755, "decodedSizeInBytes": 853333}, "assets/image/landing_google_play.png": {"source":
[Extension] Flutter.ImageSizesForFrame {"<Unknown Image(400\u00d7400)>": {"source": "<Unknown Image(400\u00d7400)>", "displaySize": {"width": 955.0, "height": 636.6666666666667}, "imageSize": {"width": 400.0, "height": 400.0}, "displaySizeInBytes": 3242755, "decodedSizeInBytes": 853333}, "assets/image/landing_google_play.png": {"source":
[Extension] Flutter.ImageSizesForFrame {"<Unknown Image(400\u00d7400)>": {"source": "<Unknown Image(400\u00d7400)>", "displaySize": {"width": 955.0, "height": 636.6666666666667}, "imageSize": {"width": 400.0, "height": 400.0}, "displaySizeInBytes": 3242755, "decodedSizeInBytes": 853333}, "assets/image/landing_google_play.png": {"source":
[Extension] Flutter.ImageSizesForFrame {"assets/image/landing_google_play.png": {"source": "assets/image/landing_google_play.png", "displaySize": {"width": 118.09523809523807, "height": 40.0}, "imageSize": {"width": 372.0, "height": 126.0}, "displaySizeInBytes": 25193, "decodedSizeInBytes": 249984}, "assets/image/landing_app_store.png": 
[Extension] Flutter.ImageSizesForFrame {"assets/image/landing_google_play.png": {"source": "assets/image/landing_google_play.png", "displaySize": {"width": 118.09523809523807, "height": 40.0}, "imageSize": {"width": 372.0, "height": 126.0}, "displaySizeInBytes": 25193, "decodedSizeInBytes": 249984}, "assets/image/landing_app_store.png": 
[Extension] Flutter.ImageSizesForFrame {"assets/image/landing_google_play.png": {"source": "assets/image/landing_google_play.png", "displaySize": {"width": 118.09523809523807, "height": 40.0}, "imageSize": {"width": 372.0, "height": 126.0}, "displaySizeInBytes": 25193, "decodedSizeInBytes": 249984}, "assets/image/landing_app_store.png": 
[Extension] Flutter.ImageSizesForFrame {"assets/image/landing_google_play.png": {"source": "assets/image/landing_google_play.png", "displaySize": {"width": 118.09523809523807, "height": 40.0}, "imageSize": {"width": 372.0, "height": 126.0}, "displaySizeInBytes": 25193, "decodedSizeInBytes": 249984}, "assets/image/landing_app_store.png": 
[Extension] Flutter.ImageSizesForFrame {"assets/image/landing_google_play.png": {"source": "assets/image/landing_google_play.png", "displaySize": {"width": 118.09523809523807, "height": 40.0}, "imageSize": {"width": 372.0, "height": 126.0}, "displaySizeInBytes": 25193, "decodedSizeInBytes": 249984}, "assets/image/landing_app_store.png": 
[Extension] Flutter.ImageSizesForFrame {"assets/image/landing_google_play.png": {"source": "assets/image/landing_google_play.png", "displaySize": {"width": 118.09523809523807, "height": 40.0}, "imageSize": {"width": 372.0, "height": 126.0}, "displaySizeInBytes": 25193, "decodedSizeInBytes": 249984}, "assets/image/landing_app_store.png": 
[Extension] Flutter.ImageSizesForFrame {"assets/image/landing_google_play.png": {"source": "assets/image/landing_google_play.png", "displaySize": {"width": 118.09523809523807, "height": 40.0}, "imageSize": {"width": 372.0, "height": 126.0}, "displaySizeInBytes": 25193, "decodedSizeInBytes": 249984}, "assets/image/landing_app_store.png": 
[Extension] Flutter.ImageSizesForFrame {"assets/image/landing_google_play.png": {"source": "assets/image/landing_google_play.png", "displaySize": {"width": 118.09523809523807, "height": 40.0}, "imageSize": {"width": 372.0, "height": 126.0}, "displaySizeInBytes": 25193, "decodedSizeInBytes": 249984}, "assets/image/landing_app_store.png": 
[Extension] Flutter.ImageSizesForFrame {"<Unknown Image(400\u00d7400)>": {"source": "<Unknown Image(400\u00d7400)>", "displaySize": {"width": 955.0, "height": 636.6666666666667}, "imageSize": {"width": 400.0, "height": 400.0}, "displaySizeInBytes": 3242755, "decodedSizeInBytes": 853333}}
[Extension] Flutter.ImageSizesForFrame {"<Unknown Image(400\u00d7400)>": {"source": "<Unknown Image(400\u00d7400)>", "displaySize": {"width": 955.0, "height": 636.6666666666667}, "imageSize": {"width": 400.0, "height": 400.0}, "displaySizeInBytes": 3242755, "decodedSizeInBytes": 853333}, "assets/image/landing_google_play.png": {"source":
[Extension] Flutter.ImageSizesForFrame {"<Unknown Image(400\u00d7400)>": {"source": "<Unknown Image(400\u00d7400)>", "displaySize": {"width": 955.0, "height": 636.6666666666667}, "imageSize": {"width": 400.0, "height": 400.0}, "displaySizeInBytes": 3242755, "decodedSizeInBytes": 853333}, "assets/image/landing_google_play.png": {"source":
[Extension] Flutter.ImageSizesForFrame {"assets/image/landing_google_play.png": {"source": "assets/image/landing_google_play.png", "displaySize": {"width": 118.09523809523807, "height": 40.0}, "imageSize": {"width": 372.0, "height": 126.0}, "displaySizeInBytes": 25193, "decodedSizeInBytes": 249984}, "assets/image/landing_app_store.png": 
[Extension] Flutter.ImageSizesForFrame {"assets/image/landing_google_play.png": {"source": "assets/image/landing_google_play.png", "displaySize": {"width": 118.09523809523807, "height": 40.0}, "imageSize": {"width": 372.0, "height": 126.0}, "displaySizeInBytes": 25193, "decodedSizeInBytes": 249984}, "assets/image/landing_app_store.png": 
[Extension] Flutter.ImageSizesForFrame {"assets/image/landing_google_play.png": {"source": "assets/image/landing_google_play.png", "displaySize": {"width": 118.09523809523807, "height": 40.0}, "imageSize": {"width": 372.0, "height": 126.0}, "displaySizeInBytes": 25193, "decodedSizeInBytes": 249984}, "assets/image/landing_app_store.png": 
[Extension] Flutter.ImageSizesForFrame {"assets/image/landing_google_play.png": {"source": "assets/image/landing_google_play.png", "displaySize": {"width": 118.09523809523807, "height": 40.0}, "imageSize": {"width": 372.0, "height": 126.0}, "displaySizeInBytes": 25193, "decodedSizeInBytes": 249984}, "assets/image/landing_app_store.png": 
[Extension] Flutter.ImageSizesForFrame {"assets/image/landing_google_play.png": {"source": "assets/image/landing_google_play.png", "displaySize": {"width": 118.09523809523807, "height": 40.0}, "imageSize": {"width": 372.0, "height": 126.0}, "displaySizeInBytes": 25193, "decodedSizeInBytes": 249984}, "assets/image/landing_app_store.png": 
[Extension] Flutter.ImageSizesForFrame {"<Unknown Image(400\u00d7400)>": {"source": "<Unknown Image(400\u00d7400)>", "displaySize": {"width": 955.0, "height": 636.6666666666667}, "imageSize": {"width": 400.0, "height": 400.0}, "displaySizeInBytes": 3242755, "decodedSizeInBytes": 853333}, "assets/image/landing_google_play.png": {"source":
[Extension] Flutter.ImageSizesForFrame {"<Unknown Image(400\u00d7400)>": {"source": "<Unknown Image(400\u00d7400)>", "displaySize": {"width": 955.0, "height": 636.6666666666667}, "imageSize": {"width": 400.0, "height": 400.0}, "displaySizeInBytes": 3242755, "decodedSizeInBytes": 853333}, "assets/image/landing_google_play.png": {"source":
[Extension] Flutter.ImageSizesForFrame {"<Unknown Image(400\u00d7400)>": {"source": "<Unknown Image(400\u00d7400)>", "displaySize": {"width": 955.0, "height": 636.6666666666667}, "imageSize": {"width": 400.0, "height": 400.0}, "displaySizeInBytes": 3242755, "decodedSizeInBytes": 853333}, "assets/image/landing_google_play.png": {"source":
[Extension] Flutter.ImageSizesForFrame {"<Unknown Image(400\u00d7400)>": {"source": "<Unknown Image(400\u00d7400)>", "displaySize": {"width": 955.0, "height": 636.6666666666667}, "imageSize": {"width": 400.0, "height": 400.0}, "displaySizeInBytes": 3242755, "decodedSizeInBytes": 853333}, "assets/image/landing_google_play.png": {"source":
[Extension] Flutter.ImageSizesForFrame {"<Unknown Image(400\u00d7400)>": {"source": "<Unknown Image(400\u00d7400)>", "displaySize": {"width": 955.0, "height": 636.6666666666667}, "imageSize": {"width": 400.0, "height": 400.0}, "displaySizeInBytes": 3242755, "decodedSizeInBytes": 853333}, "assets/image/landing_google_play.png": {"source":
[Extension] Flutter.ImageSizesForFrame {"<Unknown Image(400\u00d7400)>": {"source": "<Unknown Image(400\u00d7400)>", "displaySize": {"width": 955.0, "height": 636.6666666666667}, "imageSize": {"width": 400.0, "height": 400.0}, "displaySizeInBytes": 3242755, "decodedSizeInBytes": 853333}, "assets/image/landing_google_play.png": {"source":
[Extension] Flutter.ImageSizesForFrame {"<Unknown Image(400\u00d7400)>": {"source": "<Unknown Image(400\u00d7400)>", "displaySize": {"width": 955.0, "height": 636.6666666666667}, "imageSize": {"width": 400.0, "height": 400.0}, "displaySizeInBytes": 3242755, "decodedSizeInBytes": 853333}, "assets/image/landing_google_play.png": {"source":
[Extension] Flutter.ImageSizesForFrame {"<Unknown Image(400\u00d7400)>": {"source": "<Unknown Image(400\u00d7400)>", "displaySize": {"width": 955.0, "height": 636.6666666666667}, "imageSize": {"width": 400.0, "height": 400.0}, "displaySizeInBytes": 3242755, "decodedSizeInBytes": 853333}, "assets/image/landing_google_play.png": {"source":
[Extension] Flutter.ImageSizesForFrame {"<Unknown Image(400\u00d7400)>": {"source": "<Unknown Image(400\u00d7400)>", "displaySize": {"width": 955.0, "height": 636.6666666666667}, "imageSize": {"width": 400.0, "height": 400.0}, "displaySizeInBytes": 3242755, "decodedSizeInBytes": 853333}, "assets/image/landing_google_play.png": {"source":
[Extension] Flutter.ImageSizesForFrame {"<Unknown Image(400\u00d7400)>": {"source": "<Unknown Image(400\u00d7400)>", "displaySize": {"width": 955.0, "height": 636.6666666666667}, "imageSize": {"width": 400.0, "height": 400.0}, "displaySizeInBytes": 3242755, "decodedSizeInBytes": 853333}, "assets/image/landing_google_play.png": {"source":
[Extension] Flutter.ImageSizesForFrame {"<Unknown Image(400\u00d7400)>": {"source": "<Unknown Image(400\u00d7400)>", "displaySize": {"width": 955.0, "height": 636.6666666666667}, "imageSize": {"width": 400.0, "height": 400.0}, "displaySizeInBytes": 3242755, "decodedSizeInBytes": 853333}, "assets/image/landing_google_play.png": {"source":
[Extension] Flutter.ImageSizesForFrame {"<Unknown Image(400\u00d7400)>": {"source": "<Unknown Image(400\u00d7400)>", "displaySize": {"width": 955.0, "height": 636.6666666666667}, "imageSize": {"width": 400.0, "height": 400.0}, "displaySizeInBytes": 3242755, "decodedSizeInBytes": 853333}, "assets/image/landing_google_play.png": {"source":
[Extension] Flutter.ImageSizesForFrame {"<Unknown Image(400\u00d7400)>": {"source": "<Unknown Image(400\u00d7400)>", "displaySize": {"width": 955.0, "height": 636.6666666666667}, "imageSize": {"width": 400.0, "height": 400.0}, "displaySizeInBytes": 3242755, "decodedSizeInBytes": 853333}, "assets/image/landing_google_play.png": {"source":
[Extension] Flutter.ImageSizesForFrame {"<Unknown Image(400\u00d7400)>": {"source": "<Unknown Image(400\u00d7400)>", "displaySize": {"width": 955.0, "height": 636.6666666666667}, "imageSize": {"width": 400.0, "height": 400.0}, "displaySizeInBytes": 3242755, "decodedSizeInBytes": 853333}, "assets/image/landing_google_play.png": {"source":
[Extension] Flutter.ImageSizesForFrame {"<Unknown Image(400\u00d7400)>": {"source": "<Unknown Image(400\u00d7400)>", "displaySize": {"width": 955.0, "height": 636.6666666666667}, "imageSize": {"width": 400.0, "height": 400.0}, "displaySizeInBytes": 3242755, "decodedSizeInBytes": 853333}, "assets/image/landing_google_play.png": {"source":
[Stdout] flutter: [NET] GET endpoint=/api/v1/items/search[Stdout] 
[Extension] Flutter.ImageSizesForFrame {"assets/image/landing_google_play.png": {"source": "assets/image/landing_google_play.png", "displaySize": {"width": 118.09523809523807, "height": 40.0}, "imageSize": {"width": 372.0, "height": 126.0}, "displaySizeInBytes": 25193, "decodedSizeInBytes": 249984}, "assets/image/landing_app_store.png": 
[Stdout] flutter: [NET] endpoint=/api/v1/items/search http_status=200[Stdout] 
[Extension] Flutter.ImageSizesForFrame {"<Unknown Image(400\u00d7400)>": {"source": "<Unknown Image(400\u00d7400)>", "displaySize": {"width": 955.0, "height": 636.6666666666667}, "imageSize": {"width": 400.0, "height": 400.0}, "displaySizeInBytes": 3242755, "decodedSizeInBytes": 853333}, "assets/image/landing_google_play.png": {"source":
[Extension] Flutter.ImageSizesForFrame {"<Unknown Image(400\u00d7400)>": {"source": "<Unknown Image(400\u00d7400)>", "displaySize": {"width": 955.0, "height": 636.6666666666667}, "imageSize": {"width": 400.0, "height": 400.0}, "displaySizeInBytes": 3242755, "decodedSizeInBytes": 853333}}
[Extension] Flutter.ImageSizesForFrame {"<Unknown Image(400\u00d7400)>": {"source": "<Unknown Image(400\u00d7400)>", "displaySize": {"width": 955.0, "height": 636.6666666666667}, "imageSize": {"width": 400.0, "height": 400.0}, "displaySizeInBytes": 3242755, "decodedSizeInBytes": 853333}}
[Extension] Flutter.ImageSizesForFrame {"<Unknown Image(400\u00d7400)>": {"source": "<Unknown Image(400\u00d7400)>", "displaySize": {"width": 955.0, "height": 636.6666666666667}, "imageSize": {"width": 400.0, "height": 400.0}, "displaySizeInBytes": 3242755, "decodedSizeInBytes": 853333}}
[Extension] Flutter.ImageSizesForFrame {"<Unknown Image(400\u00d7400)>": {"source": "<Unknown Image(400\u00d7400)>", "displaySize": {"width": 955.0, "height": 636.6666666666667}, "imageSize": {"width": 400.0, "height": 400.0}, "displaySizeInBytes": 3242755, "decodedSizeInBytes": 853333}, "assets/image/landing_google_play.png": {"source":
[Extension] Flutter.ImageSizesForFrame {"<Unknown Image(400\u00d7400)>": {"source": "<Unknown Image(400\u00d7400)>", "displaySize": {"width": 955.0, "height": 636.6666666666667}, "imageSize": {"width": 400.0, "height": 400.0}, "displaySizeInBytes": 3242755, "decodedSizeInBytes": 853333}, "assets/image/landing_google_play.png": {"source":
[Extension] Flutter.ImageSizesForFrame {"<Unknown Image(400\u00d7400)>": {"source": "<Unknown Image(400\u00d7400)>", "displaySize": {"width": 955.0, "height": 636.6666666666667}, "imageSize": {"width": 400.0, "height": 400.0}, "displaySizeInBytes": 3242755, "decodedSizeInBytes": 853333}, "assets/image/landing_google_play.png": {"source":
[Extension] Flutter.ImageSizesForFrame {"<Unknown Image(400\u00d7400)>": {"source": "<Unknown Image(400\u00d7400)>", "displaySize": {"width": 955.0, "height": 636.6666666666667}, "imageSize": {"width": 400.0, "height": 400.0}, "displaySizeInBytes": 3242755, "decodedSizeInBytes": 853333}, "assets/image/landing_google_play.png": {"source":
[Logging] GETX: CLOSE TO ROUTE /store/burger-palace?id=4&page=store&module=food-restaurant null
[Logging] GETX: CLOSE TO ROUTE /store/burger-palace?id=4&page=store&module=food-restaurant null
[Stdout] flutter: [NET] GET endpoint=/api/v1/customer/order/running-orders[Stdout] 
[Extension] Flutter.Navigation {"route": {"description": "GetPageRoute<dynamic>(/store/burger-palace?id=4&page=store&module=food-restaurant)", "settings": {"name": "/store/burger-palace?id=4&page=store&module=food-restaurant", "arguments": "\"StoreScreen\""}}}
[Extension] Flutter.ImageSizesForFrame {"assets/image/landing_google_play.png": {"source": "assets/image/landing_google_play.png", "displaySize": {"width": 118.09523809523807, "height": 40.0}, "imageSize": {"width": 372.0, "height": 126.0}, "displaySizeInBytes": 25193, "decodedSizeInBytes": 249984}, "assets/image/landing_app_store.png": 
[Extension] Flutter.ImageSizesForFrame {"assets/image/landing_google_play.png": {"source": "assets/image/landing_google_play.png", "displaySize": {"width": 118.09523809523807, "height": 40.0}, "imageSize": {"width": 372.0, "height": 126.0}, "displaySizeInBytes": 25193, "decodedSizeInBytes": 249984}, "assets/image/landing_app_store.png": 
[Extension] Flutter.ImageSizesForFrame {"<Unknown Image(900\u00d7400)>": {"source": "<Unknown Image(900\u00d7400)>", "displaySize": {"width": 1430.0, "height": 120.0}, "imageSize": {"width": 900.0, "height": 400.0}, "displaySizeInBytes": 915200, "decodedSizeInBytes": 1920000}, "<Unknown Image(48\u00d748)>": {"source": "<Unknown Image(48\
[Stdout] flutter: [NET] endpoint=/api/v1/customer/order/running-orders http_status=200[Stdout] 
[Extension] Flutter.ImageSizesForFrame {"assets/image/most_popular_icon.png": {"source": "assets/image/most_popular_icon.png", "displaySize": {"width": 20.0, "height": 20.0}, "imageSize": {"width": 44.0, "height": 57.0}, "displaySizeInBytes": 2133, "decodedSizeInBytes": 13376}}
[Extension] Flutter.ImageSizesForFrame {"<Unknown Image(160\u00d7160)>": {"source": "<Unknown Image(160\u00d7160)>", "displaySize": {"width": 160.0, "height": 127.5}, "imageSize": {"width": 160.0, "height": 160.0}, "displaySizeInBytes": 108800, "decodedSizeInBytes": 136533}, "<Unknown Image(176\u00d7176)>": {"source": "<Unknown Image(176
[Extension] Flutter.ImageSizesForFrame {"assets/image/most_popular_icon.png": {"source": "assets/image/most_popular_icon.png", "displaySize": {"width": 20.0, "height": 20.0}, "imageSize": {"width": 44.0, "height": 57.0}, "displaySizeInBytes": 2133, "decodedSizeInBytes": 13376}}
[Extension] Flutter.ImageSizesForFrame {"<Unknown Image(160\u00d7160)>": {"source": "<Unknown Image(160\u00d7160)>", "displaySize": {"width": 160.0, "height": 127.5}, "imageSize": {"width": 160.0, "height": 160.0}, "displaySizeInBytes": 108800, "decodedSizeInBytes": 136533}, "<Unknown Image(176\u00d7176)>": {"source": "<Unknown Image(176
[Extension] Flutter.ImageSizesForFrame {"assets/image/most_popular_icon.png": {"source": "assets/image/most_popular_icon.png", "displaySize": {"width": 20.0, "height": 20.0}, "imageSize": {"width": 44.0, "height": 57.0}, "displaySizeInBytes": 2133, "decodedSizeInBytes": 13376}}
[Stdout] flutter: 📊 analytics: select_store {store_id: 4, screen: home, item_list_id: stores_list, item_list_name: stores_list, source: store_card, index: 0, has_popular_items: 1, is_open: 1, popular_item_count: 15}[Stdout] 
[Logging] GETX: GOING TO ROUTE /store/burger-palace?id=4&page=store&module=food-restaurant null
[Logging] GETX: GOING TO ROUTE /store/burger-palace?id=4&page=store&module=food-restaurant null
[Extension] Flutter.Navigation {"route": {"description": "GetPageRoute<dynamic>(/store/burger-palace?id=4&page=store&module=food-restaurant)", "settings": {"name": "/store/burger-palace?id=4&page=store&module=food-restaurant", "arguments": "\"StoreScreen\""}}}
[Stdout] flutter: [NET] GET endpoint=/api/v1/cashback/list[Stdout] 
[Stdout] flutter: [NET] GET endpoint=/api/v1/customer/wish-list[Stdout] 
[Stdout] flutter: [NET] GET endpoint=/api/v1/customer/cart/list[Stdout] 
[Stdout] flutter: [INFO] msg="route: waiting for module=food-restaurant"[Stdout] 
[Stdout] flutter: [INFO] msg="route: checkModuleId configNull=false hasAddress=true fromDeeplink=false"[Stdout] 
[Stdout] flutter: [INFO] msg="route: not from deeplink, skipping module fetch"[Stdout] 
[Stdout] flutter: [INFO] msg="route: module future state=ConnectionState.waiting hasData=false hasError=false"[Stdout] 
[Extension] Flutter.ImageSizesForFrame {"<Unknown Image(900\u00d7400)>": {"source": "<Unknown Image(900\u00d7400)>", "displaySize": {"width": 1430.0, "height": 120.0}, "imageSize": {"width": 900.0, "height": 400.0}, "displaySizeInBytes": 915200, "decodedSizeInBytes": 1920000}, "<Unknown Image(48\u00d748)>": {"source": "<Unknown Image(48\
[Stdout] flutter: [INFO] msg="route: module future state=ConnectionState.done hasData=false hasError=false"[Stdout] 
[Stdout] flutter: [NET] GET endpoint=/api/v1/stores/details/4[Stdout] 
[Extension] Flutter.ImageSizesForFrame {"<Unknown Image(900\u00d7400)>": {"source": "<Unknown Image(900\u00d7400)>", "displaySize": {"width": 1430.0, "height": 120.0}, "imageSize": {"width": 900.0, "height": 400.0}, "displaySizeInBytes": 915200, "decodedSizeInBytes": 1920000}, "<Unknown Image(48\u00d748)>": {"source": "<Unknown Image(48\
[Stdout] flutter: [NET] endpoint=/api/v1/cashback/list http_status=200[Stdout] 
[Stdout] flutter: [NET] endpoint=/api/v1/customer/wish-list http_status=200[Stdout] 
[Stdout] flutter: 📊 analytics: view_item_list {item_list_id: favourite_items, item_list_name: favourite_items, item_count: 0, screen: favourites}[Stdout] 
[Stdout] flutter: 📊 analytics: view_store_list {item_list_id: favourite_stores, item_list_name: favourite_stores, count: 0, screen: favourites}[Stdout] 
[Stdout] flutter: [NET] endpoint=/api/v1/stores/details/4 http_status=200[Stdout] 
[Stdout] flutter: [NET] GET endpoint=/api/v1/config/distance-api[Stdout] 
[Stdout] flutter: 📊 analytics: view_store {store_id: 4, screen: home, item_list_id: stores_list, item_list_name: stores_list, source: store_card, index: 0, has_popular_items: 1, is_open: 1}[Stdout] 
[Stdout] flutter: [NET] GET endpoint=/api/v1/categories/offers[Stdout] 
[Stdout] flutter: [NET] GET endpoint=/api/v1/items/recommended[Stdout] 
[Stdout] flutter: [NET] GET endpoint=/api/v1/items/latest[Stdout] 
[Stdout] flutter: [NET] endpoint=/api/v1/customer/cart/list http_status=200[Stdout] 
[Extension] Flutter.ImageSizesForFrame {"<Unknown Image(900\u00d7400)>": {"source": "<Unknown Image(900\u00d7400)>", "displaySize": {"width": 1430.0, "height": 120.0}, "imageSize": {"width": 900.0, "height": 400.0}, "displaySizeInBytes": 915200, "decodedSizeInBytes": 1920000}, "<Unknown Image(48\u00d748)>": {"source": "<Unknown Image(48\
[Stdout] flutter: [NET] endpoint=/api/v1/items/latest http_status=200[Stdout] 
[Extension] Flutter.ImageSizesForFrame {"<Unknown Image(84\u00d784)>": {"source": "<Unknown Image(84\u00d784)>", "displaySize": {"width": 84.0, "height": 84.0}, "imageSize": {"width": 84.0, "height": 84.0}, "displaySizeInBytes": 37632, "decodedSizeInBytes": 37632}, "<Unknown Image(400\u00d7400)>": {"source": "<Unknown Image(400\u00d7400)
[Extension] Flutter.ImageSizesForFrame {"<Unknown Image(400\u00d7400)>": {"source": "<Unknown Image(400\u00d7400)>", "displaySize": {"width": 955.0, "height": 636.6666666666667}, "imageSize": {"width": 400.0, "height": 400.0}, "displaySizeInBytes": 3242755, "decodedSizeInBytes": 853333}}
[Stdout] flutter: [NET] endpoint=/api/v1/config/distance-api http_status=200[Stdout] 
[Stdout] flutter: [NET] GET endpoint=/api/v1/vehicle/extra_charge[Stdout] 
[Stdout] flutter: [NET] endpoint=/api/v1/categories/offers http_status=200[Stdout] 
[Extension] Flutter.ImageSizesForFrame {"<Unknown Image(84\u00d784)>": {"source": "<Unknown Image(84\u00d784)>", "displaySize": {"width": 84.0, "height": 84.0}, "imageSize": {"width": 84.0, "height": 84.0}, "displaySizeInBytes": 37632, "decodedSizeInBytes": 37632}, "<Unknown Image(400\u00d7400)>": {"source": "<Unknown Image(400\u00d7400)
[Stdout] flutter: [NET] endpoint=/api/v1/items/recommended http_status=200[Stdout] 
[Extension] Flutter.ImageSizesForFrame {"<Unknown Image(84\u00d784)>": {"source": "<Unknown Image(84\u00d784)>", "displaySize": {"width": 84.0, "height": 84.0}, "imageSize": {"width": 84.0, "height": 84.0}, "displaySizeInBytes": 37632, "decodedSizeInBytes": 37632}, "<Unknown Image(400\u00d7400)>": {"source": "<Unknown Image(400\u00d7400)
[Stdout] flutter: [NET] endpoint=/api/v1/vehicle/extra_charge http_status=200[Stdout] 
[Extension] Flutter.ImageSizesForFrame {"<Unknown Image(84\u00d784)>": {"source": "<Unknown Image(84\u00d784)>", "displaySize": {"width": 84.0, "height": 84.0}, "imageSize": {"width": 84.0, "height": 84.0}, "displaySizeInBytes": 37632, "decodedSizeInBytes": 37632}, "<Unknown Image(400\u00d7400)>": {"source": "<Unknown Image(400\u00d7400)
[Extension] Flutter.ImageSizesForFrame {"<Unknown Image(84\u00d784)>": {"source": "<Unknown Image(84\u00d784)>", "displaySize": {"width": 84.0, "height": 84.0}, "imageSize": {"width": 84.0, "height": 84.0}, "displaySizeInBytes": 37632, "decodedSizeInBytes": 37632}, "<Unknown Image(400\u00d7400)>": {"source": "<Unknown Image(400\u00d7400)
[Extension] Flutter.ImageSizesForFrame {"assets/image/landing_google_play.png": {"source": "assets/image/landing_google_play.png", "displaySize": {"width": 118.09523809523807, "height": 40.0}, "imageSize": {"width": 372.0, "height": 126.0}, "displaySizeInBytes": 25193, "decodedSizeInBytes": 249984}, "assets/image/landing_app_store.png": 
[Extension] Flutter.ImageSizesForFrame {"assets/image/landing_google_play.png": {"source": "assets/image/landing_google_play.png", "displaySize": {"width": 118.09523809523807, "height": 40.0}, "imageSize": {"width": 372.0, "height": 126.0}, "displaySizeInBytes": 25193, "decodedSizeInBytes": 249984}, "assets/image/landing_app_store.png": 
[Extension] Flutter.ImageSizesForFrame {"assets/image/landing_google_play.png": {"source": "assets/image/landing_google_play.png", "displaySize": {"width": 118.09523809523807, "height": 40.0}, "imageSize": {"width": 372.0, "height": 126.0}, "displaySizeInBytes": 25193, "decodedSizeInBytes": 249984}, "assets/image/landing_app_store.png": 
[Extension] Flutter.ImageSizesForFrame {"assets/image/landing_google_play.png": {"source": "assets/image/landing_google_play.png", "displaySize": {"width": 118.09523809523807, "height": 40.0}, "imageSize": {"width": 372.0, "height": 126.0}, "displaySizeInBytes": 25193, "decodedSizeInBytes": 249984}, "assets/image/landing_app_store.png": 
[Extension] Flutter.ImageSizesForFrame {"assets/image/landing_google_play.png": {"source": "assets/image/landing_google_play.png", "displaySize": {"width": 118.09523809523807, "height": 40.0}, "imageSize": {"width": 372.0, "height": 126.0}, "displaySizeInBytes": 25193, "decodedSizeInBytes": 249984}, "assets/image/landing_app_store.png": 
[Extension] Flutter.ImageSizesForFrame {"assets/image/landing_google_play.png": {"source": "assets/image/landing_google_play.png", "displaySize": {"width": 118.09523809523807, "height": 40.0}, "imageSize": {"width": 372.0, "height": 126.0}, "displaySizeInBytes": 25193, "decodedSizeInBytes": 249984}, "assets/image/landing_app_store.png": 
[Extension] Flutter.ImageSizesForFrame {"<Unknown Image(84\u00d784)>": {"source": "<Unknown Image(84\u00d784)>", "displaySize": {"width": 84.0, "height": 84.0}, "imageSize": {"width": 84.0, "height": 84.0}, "displaySizeInBytes": 37632, "decodedSizeInBytes": 37632}, "<Unknown Image(400\u00d7400)>": {"source": "<Unknown Image(400\u00d7400)
[Extension] Flutter.ImageSizesForFrame {"<Unknown Image(84\u00d784)>": {"source": "<Unknown Image(84\u00d784)>", "displaySize": {"width": 84.0, "height": 84.0}, "imageSize": {"width": 84.0, "height": 84.0}, "displaySizeInBytes": 37632, "decodedSizeInBytes": 37632}, "<Unknown Image(400\u00d7400)>": {"source": "<Unknown Image(400\u00d7400)
[Extension] Flutter.ImageSizesForFrame {"<Unknown Image(84\u00d784)>": {"source": "<Unknown Image(84\u00d784)>", "displaySize": {"width": 84.0, "height": 84.0}, "imageSize": {"width": 84.0, "height": 84.0}, "displaySizeInBytes": 37632, "decodedSizeInBytes": 37632}, "<Unknown Image(400\u00d7400)>": {"source": "<Unknown Image(400\u00d7400)
[Extension] Flutter.ImageSizesForFrame {"<Unknown Image(84\u00d784)>": {"source": "<Unknown Image(84\u00d784)>", "displaySize": {"width": 84.0, "height": 84.0}, "imageSize": {"width": 84.0, "height": 84.0}, "displaySizeInBytes": 37632, "decodedSizeInBytes": 37632}, "<Unknown Image(400\u00d7400)>": {"source": "<Unknown Image(400\u00d7400)
[Extension] Flutter.ImageSizesForFrame {"<Unknown Image(84\u00d784)>": {"source": "<Unknown Image(84\u00d784)>", "displaySize": {"width": 84.0, "height": 84.0}, "imageSize": {"width": 84.0, "height": 84.0}, "displaySizeInBytes": 37632, "decodedSizeInBytes": 37632}, "<Unknown Image(400\u00d7400)>": {"source": "<Unknown Image(400\u00d7400)
[Extension] Flutter.ImageSizesForFrame {"<Unknown Image(84\u00d784)>": {"source": "<Unknown Image(84\u00d784)>", "displaySize": {"width": 84.0, "height": 84.0}, "imageSize": {"width": 84.0, "height": 84.0}, "displaySizeInBytes": 37632, "decodedSizeInBytes": 37632}, "<Unknown Image(400\u00d7400)>": {"source": "<Unknown Image(400\u00d7400)
[Extension] Flutter.ImageSizesForFrame {"<Unknown Image(84\u00d784)>": {"source": "<Unknown Image(84\u00d784)>", "displaySize": {"width": 84.0, "height": 84.0}, "imageSize": {"width": 84.0, "height": 84.0}, "displaySizeInBytes": 37632, "decodedSizeInBytes": 37632}, "<Unknown Image(400\u00d7400)>": {"source": "<Unknown Image(400\u00d7400)
[Extension] Flutter.ImageSizesForFrame {"assets/image/landing_google_play.png": {"source": "assets/image/landing_google_play.png", "displaySize": {"width": 118.09523809523807, "height": 40.0}, "imageSize": {"width": 372.0, "height": 126.0}, "displaySizeInBytes": 25193, "decodedSizeInBytes": 249984}, "assets/image/landing_app_store.png": 
[Stdout] flutter: [NET] GET endpoint=/api/v1/items/search[Stdout] 
[Extension] Flutter.ImageSizesForFrame {"<Unknown Image(84\u00d784)>": {"source": "<Unknown Image(84\u00d784)>", "displaySize": {"width": 84.0, "height": 84.0}, "imageSize": {"width": 84.0, "height": 84.0}, "displaySizeInBytes": 37632, "decodedSizeInBytes": 37632}, "assets/image/landing_google_play.png": {"source": "assets/image/landing_
[Extension] Flutter.ImageSizesForFrame {"<Unknown Image(84\u00d784)>": {"source": "<Unknown Image(84\u00d784)>", "displaySize": {"width": 84.0, "height": 84.0}, "imageSize": {"width": 84.0, "height": 84.0}, "displaySizeInBytes": 37632, "decodedSizeInBytes": 37632}, "assets/image/landing_google_play.png": {"source": "assets/image/landing_
[Extension] Flutter.ImageSizesForFrame {"<Unknown Image(84\u00d784)>": {"source": "<Unknown Image(84\u00d784)>", "displaySize": {"width": 84.0, "height": 84.0}, "imageSize": {"width": 84.0, "height": 84.0}, "displaySizeInBytes": 37632, "decodedSizeInBytes": 37632}, "assets/image/landing_google_play.png": {"source": "assets/image/landing_
[Extension] Flutter.ImageSizesForFrame {"<Unknown Image(84\u00d784)>": {"source": "<Unknown Image(84\u00d784)>", "displaySize": {"width": 84.0, "height": 84.0}, "imageSize": {"width": 84.0, "height": 84.0}, "displaySizeInBytes": 37632, "decodedSizeInBytes": 37632}, "assets/image/landing_google_play.png": {"source": "assets/image/landing_
[Extension] Flutter.ImageSizesForFrame {"<Unknown Image(84\u00d784)>": {"source": "<Unknown Image(84\u00d784)>", "displaySize": {"width": 84.0, "height": 84.0}, "imageSize": {"width": 84.0, "height": 84.0}, "displaySizeInBytes": 37632, "decodedSizeInBytes": 37632}, "assets/image/landing_google_play.png": {"source": "assets/image/landing_
[Extension] Flutter.ImageSizesForFrame {"<Unknown Image(84\u00d784)>": {"source": "<Unknown Image(84\u00d784)>", "displaySize": {"width": 84.0, "height": 84.0}, "imageSize": {"width": 84.0, "height": 84.0}, "displaySizeInBytes": 37632, "decodedSizeInBytes": 37632}, "assets/image/landing_google_play.png": {"source": "assets/image/landing_
[Extension] Flutter.ImageSizesForFrame {"<Unknown Image(84\u00d784)>": {"source": "<Unknown Image(84\u00d784)>", "displaySize": {"width": 84.0, "height": 84.0}, "imageSize": {"width": 84.0, "height": 84.0}, "displaySizeInBytes": 37632, "decodedSizeInBytes": 37632}, "assets/image/landing_google_play.png": {"source": "assets/image/landing_
[Extension] Flutter.ImageSizesForFrame {"<Unknown Image(84\u00d784)>": {"source": "<Unknown Image(84\u00d784)>", "displaySize": {"width": 84.0, "height": 84.0}, "imageSize": {"width": 84.0, "height": 84.0}, "displaySizeInBytes": 37632, "decodedSizeInBytes": 37632}, "assets/image/landing_google_play.png": {"source": "assets/image/landing_
[Extension] Flutter.ImageSizesForFrame {"<Unknown Image(84\u00d784)>": {"source": "<Unknown Image(84\u00d784)>", "displaySize": {"width": 84.0, "height": 84.0}, "imageSize": {"width": 84.0, "height": 84.0}, "displaySizeInBytes": 37632, "decodedSizeInBytes": 37632}, "assets/image/landing_google_play.png": {"source": "assets/image/landing_
[Extension] Flutter.ImageSizesForFrame {"<Unknown Image(84\u00d784)>": {"source": "<Unknown Image(84\u00d784)>", "displaySize": {"width": 84.0, "height": 84.0}, "imageSize": {"width": 84.0, "height": 84.0}, "displaySizeInBytes": 37632, "decodedSizeInBytes": 37632}, "assets/image/landing_google_play.png": {"source": "assets/image/landing_
[Stdout] flutter: [NET] endpoint=/api/v1/items/search http_status=200[Stdout] 
[Extension] Flutter.ImageSizesForFrame {"<Unknown Image(84\u00d784)>": {"source": "<Unknown Image(84\u00d784)>", "displaySize": {"width": 84.0, "height": 84.0}, "imageSize": {"width": 84.0, "height": 84.0}, "displaySizeInBytes": 37632, "decodedSizeInBytes": 37632}, "<Unknown Image(400\u00d7400)>": {"source": "<Unknown Image(400\u00d7400)
[Extension] Flutter.ImageSizesForFrame {"<Unknown Image(400\u00d7400)>": {"source": "<Unknown Image(400\u00d7400)>", "displaySize": {"width": 955.0, "height": 636.6666666666667}, "imageSize": {"width": 400.0, "height": 400.0}, "displaySizeInBytes": 3242755, "decodedSizeInBytes": 853333}}
[Extension] Flutter.ImageSizesForFrame {"<Unknown Image(84\u00d784)>": {"source": "<Unknown Image(84\u00d784)>", "displaySize": {"width": 84.0, "height": 84.0}, "imageSize": {"width": 84.0, "height": 84.0}, "displaySizeInBytes": 37632, "decodedSizeInBytes": 37632}, "assets/image/landing_google_play.png": {"source": "assets/image/landing_
[Extension] Flutter.ImageSizesForFrame {"<Unknown Image(84\u00d784)>": {"source": "<Unknown Image(84\u00d784)>", "displaySize": {"width": 84.0, "height": 84.0}, "imageSize": {"width": 84.0, "height": 84.0}, "displaySizeInBytes": 37632, "decodedSizeInBytes": 37632}, "<Unknown Image(400\u00d7400)>": {"source": "<Unknown Image(400\u00d7400)
[Logging] GETX: CLOSE TO ROUTE /store/burger-palace?id=4&page=store&module=food-restaurant null
[Logging] GETX: CLOSE TO ROUTE /store/burger-palace?id=4&page=store&module=food-restaurant null
[Stdout] flutter: [NET] GET endpoint=/api/v1/customer/order/running-orders[Stdout] 
[Extension] Flutter.Navigation {"route": {"description": "GetPageRoute<dynamic>(/store/burger-palace?id=4&page=store&module=food-restaurant)", "settings": {"name": "/store/burger-palace?id=4&page=store&module=food-restaurant", "arguments": "\"StoreScreen\""}}}
[Extension] Flutter.ImageSizesForFrame {"<Unknown Image(900\u00d7400)>": {"source": "<Unknown Image(900\u00d7400)>", "displaySize": {"width": 1430.0, "height": 120.0}, "imageSize": {"width": 900.0, "height": 400.0}, "displaySizeInBytes": 915200, "decodedSizeInBytes": 1920000}, "<Unknown Image(48\u00d748)>": {"source": "<Unknown Image(48\
[Extension] Flutter.ImageSizesForFrame {"<Unknown Image(900\u00d7400)>": {"source": "<Unknown Image(900\u00d7400)>", "displaySize": {"width": 1430.0, "height": 120.0}, "imageSize": {"width": 900.0, "height": 400.0}, "displaySizeInBytes": 915200, "decodedSizeInBytes": 1920000}, "<Unknown Image(48\u00d748)>": {"source": "<Unknown Image(48\
[Stdout] flutter: [NET] endpoint=/api/v1/customer/order/running-orders http_status=200[Stdout] 
[Extension] Flutter.ImageSizesForFrame {"assets/image/most_popular_icon.png": {"source": "assets/image/most_popular_icon.png", "displaySize": {"width": 20.0, "height": 20.0}, "imageSize": {"width": 44.0, "height": 57.0}, "displaySizeInBytes": 2133, "decodedSizeInBytes": 13376}}
[Extension] Flutter.ImageSizesForFrame {"<Unknown Image(160\u00d7160)>": {"source": "<Unknown Image(160\u00d7160)>", "displaySize": {"width": 160.0, "height": 127.5}, "imageSize": {"width": 160.0, "height": 160.0}, "displaySizeInBytes": 108800, "decodedSizeInBytes": 136533}, "<Unknown Image(176\u00d7176)>": {"source": "<Unknown Image(176
[Extension] Flutter.ImageSizesForFrame {"<Unknown Image(160\u00d7160)>": {"source": "<Unknown Image(160\u00d7160)>", "displaySize": {"width": 160.0, "height": 127.5}, "imageSize": {"width": 160.0, "height": 160.0}, "displaySizeInBytes": 108800, "decodedSizeInBytes": 136533}, "<Unknown Image(176\u00d7176)>": {"source": "<Unknown Image(176
[Extension] Flutter.ImageSizesForFrame {"assets/image/most_popular_icon.png": {"source": "assets/image/most_popular_icon.png", "displaySize": {"width": 20.0, "height": 20.0}, "imageSize": {"width": 44.0, "height": 57.0}, "displaySizeInBytes": 2133, "decodedSizeInBytes": 13376}}
[Stdout] flutter: 📊 analytics: select_store {store_id: 4, screen: home, item_list_id: stores_list, item_list_name: stores_list, source: store_card, index: 0, has_popular_items: 1, is_open: 1, popular_item_count: 15}[Stdout] 
[Logging] GETX: GOING TO ROUTE /store/burger-palace?id=4&page=store&module=food-restaurant null
[Logging] GETX: GOING TO ROUTE /store/burger-palace?id=4&page=store&module=food-restaurant null
[Extension] Flutter.Navigation {"route": {"description": "GetPageRoute<dynamic>(/store/burger-palace?id=4&page=store&module=food-restaurant)", "settings": {"name": "/store/burger-palace?id=4&page=store&module=food-restaurant", "arguments": "\"StoreScreen\""}}}
[Stdout] flutter: [NET] GET endpoint=/api/v1/cashback/list[Stdout] 
[Stdout] flutter: [NET] GET endpoint=/api/v1/customer/wish-list[Stdout] 
[Stdout] flutter: [NET] GET endpoint=/api/v1/customer/cart/list[Stdout] 
[Stdout] flutter: [INFO] msg="route: waiting for module=food-restaurant"[Stdout] 
[Stdout] flutter: [INFO] msg="route: checkModuleId configNull=false hasAddress=true fromDeeplink=false"[Stdout] 
[Stdout] flutter: [INFO] msg="route: not from deeplink, skipping module fetch"[Stdout] 
[Stdout] flutter: [INFO] msg="route: module future state=ConnectionState.waiting hasData=false hasError=false"[Stdout] 
[Extension] Flutter.ImageSizesForFrame {"<Unknown Image(900\u00d7400)>": {"source": "<Unknown Image(900\u00d7400)>", "displaySize": {"width": 1430.0, "height": 120.0}, "imageSize": {"width": 900.0, "height": 400.0}, "displaySizeInBytes": 915200, "decodedSizeInBytes": 1920000}, "<Unknown Image(48\u00d748)>": {"source": "<Unknown Image(48\
[Stdout] flutter: [INFO] msg="route: module future state=ConnectionState.done hasData=false hasError=false"[Stdout] 
[Stdout] flutter: [NET] GET endpoint=/api/v1/stores/details/4[Stdout] 
[Extension] Flutter.ImageSizesForFrame {"<Unknown Image(900\u00d7400)>": {"source": "<Unknown Image(900\u00d7400)>", "displaySize": {"width": 1430.0, "height": 120.0}, "imageSize": {"width": 900.0, "height": 400.0}, "displaySizeInBytes": 915200, "decodedSizeInBytes": 1920000}, "<Unknown Image(48\u00d748)>": {"source": "<Unknown Image(48\
[Extension] Flutter.ImageSizesForFrame {"<Unknown Image(900\u00d7400)>": {"source": "<Unknown Image(900\u00d7400)>", "displaySize": {"width": 1430.0, "height": 120.0}, "imageSize": {"width": 900.0, "height": 400.0}, "displaySizeInBytes": 915200, "decodedSizeInBytes": 1920000}, "<Unknown Image(48\u00d748)>": {"source": "<Unknown Image(48\
[Stdout] flutter: [NET] endpoint=/api/v1/customer/wish-list http_status=200[Stdout] 
[Stdout] flutter: 📊 analytics: view_item_list {item_list_id: favourite_items, item_list_name: favourite_items, item_count: 0, screen: favourites}[Stdout] 
[Stdout] flutter: 📊 analytics: view_store_list {item_list_id: favourite_stores, item_list_name: favourite_stores, count: 0, screen: favourites}[Stdout] 
[Stdout] flutter: [NET] endpoint=/api/v1/cashback/list http_status=200[Stdout] 
[Stdout] flutter: [NET] endpoint=/api/v1/stores/details/4 http_status=200[Stdout] 
[Stdout] flutter: [NET] GET endpoint=/api/v1/config/distance-api[Stdout] 
[Stdout] flutter: 📊 analytics: view_store {store_id: 4, screen: home, item_list_id: stores_list, item_list_name: stores_list, source: store_card, index: 0, has_popular_items: 1, is_open: 1}[Stdout] 
[Stdout] flutter: [NET] GET endpoint=/api/v1/categories/offers[Stdout] 
[Stdout] flutter: [NET] GET endpoint=/api/v1/items/recommended[Stdout] 
[Stdout] flutter: [NET] GET endpoint=/api/v1/items/latest[Stdout] 
[Stdout] flutter: [NET] endpoint=/api/v1/customer/cart/list http_status=200[Stdout] 
[Extension] Flutter.ImageSizesForFrame {"assets/image/landing_google_play.png": {"source": "assets/image/landing_google_play.png", "displaySize": {"width": 118.09523809523807, "height": 40.0}, "imageSize": {"width": 372.0, "height": 126.0}, "displaySizeInBytes": 25193, "decodedSizeInBytes": 249984}, "assets/image/landing_app_store.png": 
[Extension] Flutter.ImageSizesForFrame {"<Unknown Image(84\u00d784)>": {"source": "<Unknown Image(84\u00d784)>", "displaySize": {"width": 84.0, "height": 84.0}, "imageSize": {"width": 84.0, "height": 84.0}, "displaySizeInBytes": 37632, "decodedSizeInBytes": 37632}}
[Stdout] flutter: [NET] endpoint=/api/v1/config/distance-api http_status=200[Stdout] 
[Stdout] flutter: [NET] GET endpoint=/api/v1/vehicle/extra_charge[Stdout] 
[Stdout] flutter: [NET] endpoint=/api/v1/categories/offers http_status=200[Stdout] 
[Extension] Flutter.ImageSizesForFrame {"<Unknown Image(84\u00d784)>": {"source": "<Unknown Image(84\u00d784)>", "displaySize": {"width": 84.0, "height": 84.0}, "imageSize": {"width": 84.0, "height": 84.0}, "displaySizeInBytes": 37632, "decodedSizeInBytes": 37632}, "assets/image/landing_google_play.png": {"source": "assets/image/landing_
[Stdout] flutter: [NET] endpoint=/api/v1/items/recommended http_status=200[Stdout] 
[Extension] Flutter.ImageSizesForFrame {"<Unknown Image(84\u00d784)>": {"source": "<Unknown Image(84\u00d784)>", "displaySize": {"width": 84.0, "height": 84.0}, "imageSize": {"width": 84.0, "height": 84.0}, "displaySizeInBytes": 37632, "decodedSizeInBytes": 37632}, "assets/image/landing_google_play.png": {"source": "assets/image/landing_
[Stdout] flutter: [NET] endpoint=/api/v1/items/latest http_status=200[Stdout] 
[Extension] Flutter.ImageSizesForFrame {"<Unknown Image(84\u00d784)>": {"source": "<Unknown Image(84\u00d784)>", "displaySize": {"width": 84.0, "height": 84.0}, "imageSize": {"width": 84.0, "height": 84.0}, "displaySizeInBytes": 37632, "decodedSizeInBytes": 37632}, "<Unknown Image(400\u00d7400)>": {"source": "<Unknown Image(400\u00d7400)
[Extension] Flutter.ImageSizesForFrame {"<Unknown Image(400\u00d7400)>": {"source": "<Unknown Image(400\u00d7400)>", "displaySize": {"width": 955.0, "height": 636.6666666666667}, "imageSize": {"width": 400.0, "height": 400.0}, "displaySizeInBytes": 3242755, "decodedSizeInBytes": 853333}}
[Stdout] flutter: [NET] endpoint=/api/v1/vehicle/extra_charge http_status=200[Stdout] 
[Extension] Flutter.ImageSizesForFrame {"<Unknown Image(84\u00d784)>": {"source": "<Unknown Image(84\u00d784)>", "displaySize": {"width": 84.0, "height": 84.0}, "imageSize": {"width": 84.0, "height": 84.0}, "displaySizeInBytes": 37632, "decodedSizeInBytes": 37632}, "<Unknown Image(400\u00d7400)>": {"source": "<Unknown Image(400\u00d7400)
[Extension] Flutter.ImageSizesForFrame {"<Unknown Image(84\u00d784)>": {"source": "<Unknown Image(84\u00d784)>", "displaySize": {"width": 84.0, "height": 84.0}, "imageSize": {"width": 84.0, "height": 84.0}, "displaySizeInBytes": 37632, "decodedSizeInBytes": 37632}, "<Unknown Image(400\u00d7400)>": {"source": "<Unknown Image(400\u00d7400)
[Logging] GETX: CLOSE TO ROUTE /store/burger-palace?id=4&page=store&module=food-restaurant null
[Logging] GETX: CLOSE TO ROUTE /store/burger-palace?id=4&page=store&module=food-restaurant null
[Stdout] flutter: [NET] GET endpoint=/api/v1/customer/order/running-orders[Stdout] 
[Extension] Flutter.Navigation {"route": {"description": "GetPageRoute<dynamic>(/store/burger-palace?id=4&page=store&module=food-restaurant)", "settings": {"name": "/store/burger-palace?id=4&page=store&module=food-restaurant", "arguments": "\"StoreScreen\""}}}
[Extension] Flutter.ImageSizesForFrame {"<Unknown Image(900\u00d7400)>": {"source": "<Unknown Image(900\u00d7400)>", "displaySize": {"width": 1430.0, "height": 120.0}, "imageSize": {"width": 900.0, "height": 400.0}, "displaySizeInBytes": 915200, "decodedSizeInBytes": 1920000}, "<Unknown Image(48\u00d748)>": {"source": "<Unknown Image(48\
[Extension] Flutter.ImageSizesForFrame {"<Unknown Image(900\u00d7400)>": {"source": "<Unknown Image(900\u00d7400)>", "displaySize": {"width": 1430.0, "height": 120.0}, "imageSize": {"width": 900.0, "height": 400.0}, "displaySizeInBytes": 915200, "decodedSizeInBytes": 1920000}, "<Unknown Image(48\u00d748)>": {"source": "<Unknown Image(48\
[Stdout] flutter: [NET] endpoint=/api/v1/customer/order/running-orders http_status=200[Stdout] 
[Extension] Flutter.ImageSizesForFrame {"assets/image/most_popular_icon.png": {"source": "assets/image/most_popular_icon.png", "displaySize": {"width": 20.0, "height": 20.0}, "imageSize": {"width": 44.0, "height": 57.0}, "displaySizeInBytes": 2133, "decodedSizeInBytes": 13376}}
