--------- beginning of main
09-02 18:00:11.689 W/skia    (  478): AGTM parsing failed flags.readFromStream(s) at 159
09-02 18:00:11.689 W/skia    (  478): AGTM parsing failed flags.readFromStream(s) at 159
09-02 18:00:11.689 W/skia    (  478): AGTM parsing failed flags.readFromStream(s) at 159
09-02 18:00:11.689 W/skia    (  478): AGTM parsing failed flags.readFromStream(s) at 159
09-02 18:00:11.689 W/skia    (  478): AGTM parsing failed flags.readFromStream(s) at 159
09-02 18:00:11.689 W/skia    (  478): AGTM parsing failed flags.readFromStream(s) at 159
09-02 18:00:11.689 D/BaseActivity( 1025): Launcher flags updated: [state_started|state_resumed|state_deferred_resumed|state_window_focused|state_user_active] +[state_window_focused]
09-02 18:00:11.691 W/InputChannel-JNI(  643): Channel already disposed.
09-02 18:00:11.693 I/GoogleInputMethodService( 1522): GoogleInputMethodService.onFinishInput():2159 
09-02 18:00:11.693 I/Module  ( 1522): DeviceLockedStatusModuleProvider$Module.updateDeviceLockedStatus():103 repeatCheckTimes = 0, locked = false
09-02 18:00:11.694 I/GoogleInputMethodService( 1522): GoogleInputMethodService.onStartInput():1434 onStartInput(EditorInfo{EditorInfo{packageName=com.google.android.apps.nexuslauncher, inputType=0, inputTypeString=NULL, enableLearning=false, autoCorrection=false, autoComplete=false, imeOptions=0, privateImeOptions=null, actionName=UNSPECIFIED, actionLabel=null, initialSelStart=-1, initialSelEnd=-1, initialCapsMode=0, label=null, fieldId=0, fieldName=null, extras=null, hintText=null, hintLocales=[]}}, false)
09-02 18:00:11.694 I/AndroidIME( 1522): LatinIMEBase.updateInputViewCoverNavigation():312 Update input view padding, isNavbarOverInputWindow=true, bottom inset=144
09-02 18:00:11.694 I/Module  ( 1522): DeviceLockedStatusModuleProvider$Module.updateDeviceLockedStatus():103 repeatCheckTimes = 1, locked = false
09-02 18:00:11.705 V/BaseDepthController( 1025): Applying blur: 0 to Surface(name=VRI-com.google.android.apps.nexuslauncher/com.google.android.apps.nexuslauncher.NexusLauncherActivity#1241)/@0x8cc8f18 applyImmediately: false
09-02 18:00:11.705 W/skia    (  478): AGTM parsing failed flags.readFromStream(s) at 159
09-02 18:00:11.705 W/skia    (  478): AGTM parsing failed flags.readFromStream(s) at 159
09-02 18:00:11.705 W/skia    (  478): AGTM parsing failed flags.readFromStream(s) at 159
09-02 18:00:11.705 W/skia    (  478): AGTM parsing failed flags.readFromStream(s) at 159
09-02 18:00:11.705 W/skia    (  478): AGTM parsing failed flags.readFromStream(s) at 159
09-02 18:00:11.705 W/skia    (  478): AGTM parsing failed flags.readFromStream(s) at 159
09-02 18:00:11.705 W/skia    (  478): AGTM parsing failed flags.readFromStream(s) at 159
09-02 18:00:11.705 W/skia    (  478): AGTM parsing failed flags.readFromStream(s) at 159
09-02 18:00:11.707 D/BaseDepthController( 1025): shouldBlurWorkspace: false targetState: Normal currentStableState: Normal mCurrentBlur: 0 mLauncher.getDepthBlurTargets(): [com.android.launcher3.Workspace{7426d71 V.ED..... ........ 0,0-1344,2992 #7f0a0486 app:id/workspace}, com.android.launcher3.Hotseat{b073756 V.ED..... .......D 0,2425-1344,2992 #7f0a01f6 app:id/hotseat}]
09-02 18:00:11.721 V/BaseDepthController( 1025): Applying blur: 0 to Surface(name=VRI-com.google.android.apps.nexuslauncher/com.google.android.apps.nexuslauncher.NexusLauncherActivity#1241)/@0x8cc8f18 applyImmediately: false
09-02 18:00:11.721 D/BaseDepthController( 1025): shouldBlurWorkspace: false targetState: Normal currentStableState: Normal mCurrentBlur: 0 mLauncher.getDepthBlurTargets(): [com.android.launcher3.Workspace{7426d71 V.ED..... ........ 0,0-1344,2992 #7f0a0486 app:id/workspace}, com.android.launcher3.Hotseat{b073756 V.ED..... .......D 0,2425-1344,2992 #7f0a01f6 app:id/hotseat}]
09-02 18:00:11.721 W/skia    (  478): AGTM parsing failed flags.readFromStream(s) at 159
09-02 18:00:11.721 W/skia    (  478): AGTM parsing failed flags.readFromStream(s) at 159
09-02 18:00:11.721 W/skia    (  478): AGTM parsing failed flags.readFromStream(s) at 159
09-02 18:00:11.721 W/skia    (  478): AGTM parsing failed flags.readFromStream(s) at 159
09-02 18:00:11.721 W/skia    (  478): AGTM parsing failed flags.readFromStream(s) at 159
09-02 18:00:11.721 W/skia    (  478): AGTM parsing failed flags.readFromStream(s) at 159
09-02 18:00:11.721 W/skia    (  478): AGTM parsing failed flags.readFromStream(s) at 159
09-02 18:00:11.721 W/skia    (  478): AGTM parsing failed flags.readFromStream(s) at 159
09-02 18:00:11.742 W/skia    (  478): AGTM parsing failed flags.readFromStream(s) at 159
09-02 18:00:11.742 W/skia    (  478): AGTM parsing failed flags.readFromStream(s) at 159
09-02 18:00:11.742 W/skia    (  478): AGTM parsing failed flags.readFromStream(s) at 159
09-02 18:00:11.742 W/skia    (  478): AGTM parsing failed flags.readFromStream(s) at 159
09-02 18:00:11.742 W/skia    (  478): AGTM parsing failed flags.readFromStream(s) at 159
09-02 18:00:11.742 W/skia    (  478): AGTM parsing failed flags.readFromStream(s) at 159
09-02 18:00:11.742 V/BaseDepthController( 1025): Applying blur: 0 to Surface(name=VRI-com.google.android.apps.nexuslauncher/com.google.android.apps.nexuslauncher.NexusLauncherActivity#1241)/@0x8cc8f18 applyImmediately: false
09-02 18:00:11.742 W/skia    (  478): AGTM parsing failed flags.readFromStream(s) at 159
09-02 18:00:11.742 W/skia    (  478): AGTM parsing failed flags.readFromStream(s) at 159
09-02 18:00:11.742 D/BaseDepthController( 1025): shouldBlurWorkspace: false targetState: Normal currentStableState: Normal mCurrentBlur: 0 mLauncher.getDepthBlurTargets(): [com.android.launcher3.Workspace{7426d71 V.ED..... ........ 0,0-1344,2992 #7f0a0486 app:id/workspace}, com.android.launcher3.Hotseat{b073756 V.ED..... ........ 0,2425-1344,2992 #7f0a01f6 app:id/hotseat}]
09-02 18:00:11.756 V/BaseDepthController( 1025): Applying blur: 0 to Surface(name=VRI-com.google.android.apps.nexuslauncher/com.google.android.apps.nexuslauncher.NexusLauncherActivity#1241)/@0x8cc8f18 applyImmediately: false
09-02 18:00:11.756 W/skia    (  478): AGTM parsing failed flags.readFromStream(s) at 159
09-02 18:00:11.756 W/skia    (  478): AGTM parsing failed flags.readFromStream(s) at 159
09-02 18:00:11.756 D/BaseDepthController( 1025): shouldBlurWorkspace: false targetState: Normal currentStableState: Normal mCurrentBlur: 0 mLauncher.getDepthBlurTargets(): [com.android.launcher3.Workspace{7426d71 V.ED..... ........ 0,0-1344,2992 #7f0a0486 app:id/workspace}, com.android.launcher3.Hotseat{b073756 V.ED..... ........ 0,2425-1344,2992 #7f0a01f6 app:id/hotseat}]
09-02 18:00:11.756 W/skia    (  478): AGTM parsing failed flags.readFromStream(s) at 159
09-02 18:00:11.756 W/skia    (  478): AGTM parsing failed flags.readFromStream(s) at 159
09-02 18:00:11.756 W/skia    (  478): AGTM parsing failed flags.readFromStream(s) at 159
09-02 18:00:11.756 W/skia    (  478): AGTM parsing failed flags.readFromStream(s) at 159
09-02 18:00:11.756 W/skia    (  478): AGTM parsing failed flags.readFromStream(s) at 159
09-02 18:00:11.756 W/skia    (  478): AGTM parsing failed flags.readFromStream(s) at 159
09-02 18:00:11.772 W/skia    (  478): AGTM parsing failed flags.readFromStream(s) at 159
09-02 18:00:11.772 W/skia    (  478): AGTM parsing failed flags.readFromStream(s) at 159
09-02 18:00:11.772 W/skia    (  478): AGTM parsing failed flags.readFromStream(s) at 159
09-02 18:00:11.772 W/skia    (  478): AGTM parsing failed flags.readFromStream(s) at 159
09-02 18:00:11.772 W/skia    (  478): AGTM parsing failed flags.readFromStream(s) at 159
09-02 18:00:11.772 W/skia    (  478): AGTM parsing failed flags.readFromStream(s) at 159
09-02 18:00:11.772 W/skia    (  478): AGTM parsing failed flags.readFromStream(s) at 159
09-02 18:00:11.772 V/BaseDepthController( 1025): Applying blur: 0 to Surface(name=VRI-com.google.android.apps.nexuslauncher/com.google.android.apps.nexuslauncher.NexusLauncherActivity#1241)/@0x8cc8f18 applyImmediately: false
09-02 18:00:11.772 W/skia    (  478): AGTM parsing failed flags.readFromStream(s) at 159
09-02 18:00:11.772 D/BaseDepthController( 1025): shouldBlurWorkspace: false targetState: Normal currentStableState: Normal mCurrentBlur: 0 mLauncher.getDepthBlurTargets(): [com.android.launcher3.Workspace{7426d71 V.ED..... ........ 0,0-1344,2992 #7f0a0486 app:id/workspace}, com.android.launcher3.Hotseat{b073756 V.ED..... ........ 0,2425-1344,2992 #7f0a01f6 app:id/hotseat}]
09-02 18:00:11.774 W/skia    (  478): AGTM parsing failed flags.readFromStream(s) at 159
09-02 18:00:11.774 W/skia    (  478): AGTM parsing failed flags.readFromStream(s) at 159
09-02 18:00:11.783 I/adbd    (  486): adbd service requested 'shell,v2,TERM=xterm-256color,raw:am start -n com.izzes.nears.nears_nears_2813_guest_token_purge_desyn/com.izzes.nears.MainActivity'
09-02 18:00:11.789 V/BaseDepthController( 1025): Applying blur: 0 to Surface(name=VRI-com.google.android.apps.nexuslauncher/com.google.android.apps.nexuslauncher.NexusLauncherActivity#1241)/@0x8cc8f18 applyImmediately: false
09-02 18:00:11.789 W/skia    (  478): AGTM parsing failed flags.readFromStream(s) at 159
09-02 18:00:11.789 W/skia    (  478): AGTM parsing failed flags.readFromStream(s) at 159
09-02 18:00:11.789 W/skia    (  478): AGTM parsing failed flags.readFromStream(s) at 159
09-02 18:00:11.789 W/skia    (  478): AGTM parsing failed flags.readFromStream(s) at 159
09-02 18:00:11.789 W/skia    (  478): AGTM parsing failed flags.readFromStream(s) at 159
09-02 18:00:11.789 W/skia    (  478): AGTM parsing failed flags.readFromStream(s) at 159
09-02 18:00:11.789 W/skia    (  478): AGTM parsing failed flags.readFromStream(s) at 159
09-02 18:00:11.789 W/skia    (  478): AGTM parsing failed flags.readFromStream(s) at 159
09-02 18:00:11.789 D/BaseDepthController( 1025): shouldBlurWorkspace: false targetState: Normal currentStableState: Normal mCurrentBlur: 0 mLauncher.getDepthBlurTargets(): [com.android.launcher3.Workspace{7426d71 V.ED..... ........ 0,0-1344,2992 #7f0a0486 app:id/workspace}, com.android.launcher3.Hotseat{b073756 V.ED..... ........ 0,2425-1344,2992 #7f0a01f6 app:id/hotseat}]
--------- beginning of system
09-02 18:00:11.793 W/ActivityTaskManager(  643): callingPackage for (uid=2000, pid=10989) has no WPC
09-02 18:00:11.793 V/GrammaticalInflectionUtils(  643): AttributionSource: android.content.AttributionSource@6f7df068 does not have READ_SYSTEM_GRAMMATICAL_GENDER permission.
09-02 18:00:11.794 D/RecentsView( 1025): onTaskDisplayChanged: 42, new displayId = 0
09-02 18:00:11.795 I/libbinder.BpBinder(  478): onLastStrongRef automatically unlinking death recipients for binder (0xb4007b5a540295a0) with descriptor: '(not cached)'
09-02 18:00:11.796 I/ActivityTaskManager(  643): Add Task{a63bb75 #41 type=standard A=10235:com.izzes.nears.nears_nears_2813_guest_token_purge_desyn} to hidden list because adding Task{227321d #42 type=standard A=10235:com.izzes.nears.nears_nears_2813_guest_token_purge_desyn}
09-02 18:00:11.796 D/CompatChangeReporter(  643): Compat change id reported: 377864165; UID 10235; state: ENABLED
09-02 18:00:11.796 V/ActivityTaskManager(  643): TaskLaunchParamsModifier: phase=3 task=Task{227321d #42 type=standard A=10235:com.izzes.nears.nears_nears_2813_guest_token_purge_desyn} activity=ActivityRecord{233048820 u0 com.izzes.nears.nears_nears_2813_guest_token_purge_desyn/com.izzes.nears.MainActivity t-1} display-from-task=0 display-id=0 task-display-area-windowing-mode=1 suggested-display-area=DefaultTaskDisplayArea@161843453 inherit-from-task=fullscreen non-freeform-task-display-area display-area=DefaultTaskDisplayArea@161843453 skip-bounds-fullscreen
09-02 18:00:11.796 I/ActivityTaskManager(  643): START u0 {flg=0x10000000 xflg=0x5 cmp=com.izzes.nears.nears_nears_2813_guest_token_purge_desyn/com.izzes.nears.MainActivity} with LAUNCH_SINGLE_TOP from uid 2000 (com.android.shell) (BAL_ALLOW_PERMISSION) result code=0
09-02 18:00:11.796 D/BaseActivity( 1025): Launcher flags updated: [state_started|state_resumed|state_deferred_resumed|state_window_focused|state_user_active] -[]
09-02 18:00:11.797 D/BaseActivity( 1025): Launcher flags updated: [state_started|state_resumed|state_deferred_resumed|state_window_focused] -[state_user_active]
09-02 18:00:11.797 D/BaseActivity( 1025): Launcher flags updated: [state_started|state_window_focused] -[state_resumed|state_deferred_resumed]
09-02 18:00:11.797 W/SplitSelectStateCtor( 1025): Missing session instanceIds
09-02 18:00:11.797 D/WindowManagerShell(  893): setLauncherKeepClearAreaHeight: visible=false, height=567
09-02 18:00:11.797 V/GrammaticalInflectionUtils(  643): AttributionSource: android.content.AttributionSource@6f7df068 does not have READ_SYSTEM_GRAMMATICAL_GENDER permission.
09-02 18:00:11.798 D/StatsLog( 1025): LAUNCHER_SPLIT_SELECTION_EXIT_INTERRUPTED
09-02 18:00:11.798 V/RecentTasksController(  893): Notify recent tasks changed
09-02 18:00:11.798 D/ShellDesktopMode(  893): DesktopRepository(0): Removes freeform task: taskId=41
09-02 18:00:11.798 W/ShellDesktopMode(  893): DesktopRepository(0): No display id found for task: taskId=41
09-02 18:00:11.798 V/RecentTasksController(  893): Notify recent tasks changed
09-02 18:00:11.799 V/WindowManagerShell(  893): Transition requested (#77): android.os.BinderProxy@5560176 TransitionRequestInfo { type = OPEN, triggerTask = TaskInfo{userId=0 taskId=42 effectiveUid=10235 displayId=0 isRunning=true baseIntent=Intent { flg=0x10000000 cmp=com.izzes.nears.nears_nears_2813_guest_token_purge_desyn/com.izzes.nears.MainActivity } baseActivity=ComponentInfo{com.izzes.nears.nears_nears_2813_guest_token_purge_desyn/com.izzes.nears.MainActivity} topActivity=ComponentInfo{com.izzes.nears.nears_nears_2813_guest_token_purge_desyn/com.izzes.nears.MainActivity} origActivity=null realActivity=ComponentInfo{com.izzes.nears.nears_nears_2813_guest_token_purge_desyn/com.izzes.nears.MainActivity} realActivityIsAppLockEnabled=false numActivities=1 lastActiveTime=33518345 supportsMultiWindow=true supportsMultiWindowWithoutConstraints=true resizeMode=1 isResizeable=true minWidth=-1 minHeight=-1 defaultMinSize=220 token=WCT{android.os.BinderProxy@154c377} topActivityType=1 pictureInPictureParams=null shouldDockBigOverlays=false launchIntoPipHostTaskId=-1 lastParentTaskIdBeforePip=-1 displayCutoutSafeInsets=Rect(0, 159 - 0, 0) topActivityInfo=ActivityInfo{9afabe4 com.izzes.nears.MainActivity} launchCookies=[] positionInParent=Point(0, 0) parentTaskId=-1 isFocused=false isInteractive=false isVisible=false isVisibleRequested=false isTopActivityNoDisplay=false isSleeping=false locusId=null displayAreaFeatureId=1 isTopActivityTransparent=false isActivityStackTransparent=false lastNonFullscreenBounds=null leafTaskBoundsFromOptions= false capturedLink=null capturedLinkTimestamp=0 requestedVisibleTypes=503 topActivityRequestOpenInBrowserEducationTimestamp=0 appCompatTaskInfo=AppCompatTaskInfo { topActivityInSizeCompat=false isLeafTask= true eligibleForLetterboxEducation= false isLetterboxEducationEnabled= true isLetterboxDoubleTapEnabled= false eligibleForUserAspectRatioButton= false topActivityBoundsLetterboxed= false isFromLetterboxDoubleTap= false topActivityLetterboxVerticalPosition= -1 topActivityLetterboxHorizontalPosition= -1 topActivityLetterboxWidth=-1 topActivityLetterboxHeight=-1 topActivityAppBounds=Rect(0, 0 - 1344, 2992) isUserFullscreenOverrideEnabled=false isSystemFullscreenOverrideEnabled=false hasMinAspectRatioOverride=false topActivityLetterboxBounds=null topNonResizableActivityAspectRatio=-1.0} topActivityMainWindowFrame=null isAppBubble=false}, pipChange = null, remoteTransitionInfo = null, displayChanges = null, requestedLocation = null, userChange = null, windowingLayerChange = null, fullscreenRequestChange = null, flags = 0, debugId = 77 }
09-02 18:00:11.799 W/DisconnectHandler(  893): No disconnect change found in the transition, not handling request.
09-02 18:00:11.799 V/ShellDesktopMode(  893): DesktopTasksController: skipping handleRequest reason=triggerTask's display doesn't support desktop mode
09-02 18:00:11.799 I/AppsFilter(  643): interaction: PackageSetting{3a89cd com.izzes.nearsdelivery/10229} -> PackageSetting{f89d319 com.izzes.nears.nears_nears_2813_guest_token_purge_desyn/10235} BLOCKED
09-02 18:00:11.799 I/AppsFilter(  643): interaction: PackageSetting{7ded93 com.izzes.nears/10228} -> PackageSetting{f89d319 com.izzes.nears.nears_nears_2813_guest_token_purge_desyn/10235} BLOCKED
09-02 18:00:11.799 I/AppsFilter(  643): interaction: PackageSetting{6b321d0 com.izzes.nearsvendor/10232} -> PackageSetting{f89d319 com.izzes.nears.nears_nears_2813_guest_token_purge_desyn/10235} BLOCKED
09-02 18:00:11.799 D/ShellSplitScreen(  893): logExit: no-op, mLoggerSessionId is null
09-02 18:00:11.799 I/Surface (  893): Creating surface for consumer unnamed-893-26 with slotExpansion=1 for 64 slots
09-02 18:00:11.804 V/WindowManager(  643): Defer transition id=77 for TaskFragmentTransaction=android.os.Binder@a56afde
09-02 18:00:11.805 D/CompatChangeReporter(  643): Compat change id reported: 463899193; UID 10235; state: ENABLED
09-02 18:00:11.805 W/skia    (  478): AGTM parsing failed flags.readFromStream(s) at 159
09-02 18:00:11.805 W/skia    (  478): AGTM parsing failed flags.readFromStream(s) at 159
09-02 18:00:11.805 W/skia    (  478): AGTM parsing failed flags.readFromStream(s) at 159
09-02 18:00:11.805 W/skia    (  478): AGTM parsing failed flags.readFromStream(s) at 159
09-02 18:00:11.805 W/skia    (  478): AGTM parsing failed flags.readFromStream(s) at 159
09-02 18:00:11.805 W/skia    (  478): AGTM parsing failed flags.readFromStream(s) at 159
09-02 18:00:11.805 D/Zygote  (  430): Forked child process 10993
09-02 18:00:11.805 W/skia    (  478): AGTM parsing failed flags.readFromStream(s) at 159
09-02 18:00:11.805 W/skia    (  478): AGTM parsing failed flags.readFromStream(s) at 159
09-02 18:00:11.806 D/RecentTasksList( 1025): invalidateLoadedTasks - previous requestLoadId: -1
09-02 18:00:11.806 W/InputChannel-JNI(  643): Channel already disposed.
09-02 18:00:11.807 D/RecentTasksList( 1025): invalidateLoadedTasks - previous requestLoadId: -1
09-02 18:00:11.807 I/ActivityManager(  643): Start proc 10993:com.izzes.nears.nears_nears_2813_guest_token_purge_desyn/u0a235 for next-top-activity {com.izzes.nears.nears_nears_2813_guest_token_purge_desyn/com.izzes.nears.MainActivity}
09-02 18:00:11.807 E/ConsumerBase(  893): [ImageReader-480x480f1u2816m2-893-10] abandonLocked: ConsumerBase is abandoned!
09-02 18:00:11.808 V/BaseDepthController( 1025): Applying blur: 0 to Surface(name=VRI-com.google.android.apps.nexuslauncher/com.google.android.apps.nexuslauncher.NexusLauncherActivity#1241)/@0x8cc8f18 applyImmediately: false
09-02 18:00:11.808 D/BaseDepthController( 1025): shouldBlurWorkspace: false targetState: Normal currentStableState: Normal mCurrentBlur: 0 mLauncher.getDepthBlurTargets(): [com.android.launcher3.Workspace{7426d71 V.ED..... ........ 0,0-1344,2992 #7f0a0486 app:id/workspace}, com.android.launcher3.Hotseat{b073756 V.ED..... ........ 0,2425-1344,2992 #7f0a01f6 app:id/hotseat}]
09-02 18:00:11.808 I/libprocessgroup(10993): Created cgroup /sys/fs/cgroup/apps/uid_10235/pid_10993
09-02 18:00:11.809 V/WindowManager(  643): Continue transition id=77 for TaskFragmentTransaction=android.os.Binder@a56afde
09-02 18:00:11.810 I/Zygote  (10993): Process 10993 created for com.izzes.nears.nears_nears_2813_guest_token_purge_desyn
09-02 18:00:11.810 I/ken_purge_desyn(10993): Late-enabling -Xcheck:jni
09-02 18:00:11.811 D/WindowManager(  643): setClientSurface Surface(name=VRI-Splash Screen com.izzes.nears.nears_nears_2813_guest_token_purge_desyn#1252)/@0x1ca8caf for db1c48c Splash Screen com.izzes.nears.nears_nears_2813_guest_token_purge_desyn
09-02 18:00:11.812 I/Surface (  893): Creating surface for consumer unnamed-893-27 with slotExpansion=1 for 64 slots
09-02 18:00:11.812 I/Surface (  893): Creating surface for consumer VRI[nears_nears_2813_guest_token_purge_desyn]#16(BLAST Consumer)16 with slotExpansion=1 for 64 slots
09-02 18:00:11.816 I/ken_purge_desyn(10993): Using generational CollectorTypeCMC GC.
09-02 18:00:11.818 I/adbd    (  486): jdwp connection from 10993
09-02 18:00:11.821 V/WindowManager(  643): Sent Transition (#77) createdAt=09-02 18:00:11.793 via request=TransitionRequestInfo { type = OPEN, triggerTask = TaskInfo{userId=0 taskId=42 effectiveUid=10235 displayId=0 isRunning=true baseIntent=Intent { flg=0x10000000 cmp=com.izzes.nears.nears_nears_2813_guest_token_purge_desyn/com.izzes.nears.MainActivity } baseActivity=ComponentInfo{com.izzes.nears.nears_nears_2813_guest_token_purge_desyn/com.izzes.nears.MainActivity} topActivity=ComponentInfo{com.izzes.nears.nears_nears_2813_guest_token_purge_desyn/com.izzes.nears.MainActivity} origActivity=null realActivity=ComponentInfo{com.izzes.nears.nears_nears_2813_guest_token_purge_desyn/com.izzes.nears.MainActivity} realActivityIsAppLockEnabled=false numActivities=1 lastActiveTime=33518345 supportsMultiWindow=true supportsMultiWindowWithoutConstraints=true resizeMode=1 isResizeable=true minWidth=-1 minHeight=-1 defaultMinSize=220 token=WCT{RemoteToken{bfd239a Task{227321d #42 type=standard A=10235:com.izzes.nears.nears_nears_2813_guest_token_purge_desyn}}} topActivityType=1 pictureInPictureParams=null shouldDockBigOverlays=false launchIntoPipHostTaskId=-1 lastParentTaskIdBeforePip=-1 displayCutoutSafeInsets=Rect(0, 159 - 0, 0) topActivityInfo=ActivityInfo{ebd44cb com.izzes.nears.MainActivity} launchCookies=[] positionInParent=Point(0, 0) parentTaskId=-1 isFocused=false isInteractive=false isVisible=false isVisibleRequested=false isTopActivityNoDisplay=false isSleeping=false locusId=null displayAreaFeatureId=1 isTopActivityTransparent=false isActivityStackTransparent=false lastNonFullscreenBounds=null leafTaskBoundsFromOptions= false capturedLink=null capturedLinkTimestamp=0 requestedVisibleTypes=503 topActivityRequestOpenInBrowserEducationTimestamp=0 appCompatTaskInfo=AppCompatTaskInfo { topActivityInSizeCompat=false isLeafTask= true eligibleForLetterboxEducation= false isLetterboxEducationEnabled= true isLetterboxDoubleTapEnabled= false eligibleForUserAspectRatioButton= false topActivityBoundsLetterboxed= false isFromLetterboxDoubleTap= false topActivityLetterboxVerticalPosition= -1 topActivityLetterboxHorizontalPosition= -1 topActivityLetterboxWidth=-1 topActivityLetterboxHeight=-1 topActivityAppBounds=Rect(0, 0 - 1344, 2992) isUserFullscreenOverrideEnabled=false isSystemFullscreenOverrideEnabled=false hasMinAspectRatioOverride=false topActivityLetterboxBounds=null topNonResizableActivityAspectRatio=-1.0} topActivityMainWindowFrame=null isAppBubble=false}, pipChange = null, remoteTransitionInfo = null, displayChanges = null, requestedLocation = null, userChange = null, windowingLayerChange = null, fullscreenRequestChange = null, flags = 0, debugId = 77 }
09-02 18:00:11.821 V/WindowManager(  643):     startWCT=WindowContainerTransaction { changes= {} hops= [] flags= 0 errorCallbackToken=null taskFragmentOrganizer=null }
09-02 18:00:11.821 V/WindowManager(  643):     info={id=77 t=OPEN f=0x0 trk=0 r=[0@Point(0, 0)] c=[
09-02 18:00:11.821 V/WindowManager(  643):         {WCT{RemoteToken{bfd239a Task{227321d #42 type=standard A=10235:com.izzes.nears.nears_nears_2813_guest_token_purge_desyn}}} m=OPEN f=MOVE_TO_TOP|FLAG_CHANGED_INTERACTIVE leash=Surface(name=Task=42#1249)/@0x87568bc sb=Rect(0, 0 - 1344, 2992) eb=Rect(0, 0 - 1344, 2992) epz=Point(1344, 2992) d=0 taskParent=-1 winMode=1 userId=0},
09-02 18:00:11.821 V/WindowManager(  643):         {WCT{RemoteToken{f4b34bc Task{64f2513 #1 type=home}}} m=TO_BACK f=SHOW_WALLPAPER|FLAG_CHANGED_INTERACTIVE leash=Surface(name=Task=1#35)/@0x99e388d sb=Rect(0, 0 - 1344, 2992) eb=Rect(0, 0 - 1344, 2992) epz=Point(1344, 2992) d=0 taskParent=-1 winMode=1 userId=0},
09-02 18:00:11.821 V/WindowManager(  643):         {m=TO_BACK f=IS_WALLPAPER leash=Surface(name=WallpaperWindowToken{2080b6a}#54)/@0x9b26524 sb=Rect(0, 0 - 1344, 2992) eb=Rect(0, 0 - 1344, 2992) epz=Point(1344, 2992) d=0}
09-02 18:00:11.821 V/WindowManager(  643):     ]}
09-02 18:00:11.821 V/BaseDepthController( 1025): Applying blur: 0 to Surface(name=VRI-com.google.android.apps.nexuslauncher/com.google.android.apps.nexuslauncher.NexusLauncherActivity#1241)/@0x8cc8f18 applyImmediately: false
09-02 18:00:11.821 D/BaseDepthController( 1025): shouldBlurWorkspace: false targetState: Normal currentStableState: Normal mCurrentBlur: 0 mLauncher.getDepthBlurTargets(): [com.android.launcher3.Workspace{7426d71 V.ED..... ........ 0,0-1344,2992 #7f0a0486 app:id/workspace}, com.android.launcher3.Hotseat{b073756 V.ED..... ........ 0,2425-1344,2992 #7f0a01f6 app:id/hotseat}]
09-02 18:00:11.822 W/skia    (  478): AGTM parsing failed flags.readFromStream(s) at 159
09-02 18:00:11.822 W/skia    (  478): AGTM parsing failed flags.readFromStream(s) at 159
09-02 18:00:11.822 W/skia    (  478): AGTM parsing failed flags.readFromStream(s) at 159
09-02 18:00:11.822 W/skia    (  478): AGTM parsing failed flags.readFromStream(s) at 159
09-02 18:00:11.822 W/skia    (  478): AGTM parsing failed flags.readFromStream(s) at 159
09-02 18:00:11.822 W/skia    (  478): AGTM parsing failed flags.readFromStream(s) at 159
09-02 18:00:11.822 W/skia    (  478): AGTM parsing failed flags.readFromStream(s) at 159
09-02 18:00:11.822 W/skia    (  478): AGTM parsing failed flags.readFromStream(s) at 159
09-02 18:00:11.822 D/nativeloader(10993): Load libframework-connectivity-tiramisu-jni.so using APEX ns com_android_tethering for caller /apex/com.android.tethering/javalib/framework-connectivity-t.jar: ok
09-02 18:00:11.824 V/ShellTaskOrganizer(  893): Task appeared taskId=42 listener=FullscreenTaskListener
09-02 18:00:11.824 V/ShellTaskOrganizer(  893): Fullscreen Task Appeared: #42
09-02 18:00:11.824 V/RecentTasksController(  893): Notify recent tasks changed
09-02 18:00:11.827 V/WindowManagerShell(  893): onTransitionReady(transaction=2761663993722)
09-02 18:00:11.827 V/WindowManagerShell(  893): onTransitionReady (#77) android.os.BinderProxy@5560176: {id=77 t=OPEN f=0x0 trk=0 r=[0@Point(0, 0)] c=[
09-02 18:00:11.827 V/WindowManagerShell(  893):         {m=OPEN f=MOVE_TO_TOP|FLAG_CHANGED_INTERACTIVE leash=Surface(name=Task=42#1249)/@0x9d63f80 sb=Rect(0, 0 - 1344, 2992) eb=Rect(0, 0 - 1344, 2992) epz=Point(1344, 2992) d=0 taskParent=-1 winMode=1 userId=0},
09-02 18:00:11.827 V/WindowManagerShell(  893):         {m=TO_BACK f=SHOW_WALLPAPER|FLAG_CHANGED_INTERACTIVE leash=Surface(name=Task=1#35)/@0x49239b9 sb=Rect(0, 0 - 1344, 2992) eb=Rect(0, 0 - 1344, 2992) epz=Point(1344, 2992) d=0 taskParent=-1 winMode=1 userId=0},
09-02 18:00:11.827 V/WindowManagerShell(  893):         {m=TO_BACK f=IS_WALLPAPER leash=Surface(name=WallpaperWindowToken{2080b6a}#54)/@0xdef21fe sb=Rect(0, 0 - 1344, 2992) eb=Rect(0, 0 - 1344, 2992) epz=Point(1344, 2992) d=0}
09-02 18:00:11.827 V/WindowManagerShell(  893):     ]}
09-02 18:00:11.827 V/WindowManagerShell(  893): Transition (#77) android.os.BinderProxy@5560176@0 ready while (#76) android.os.BinderProxy@120ad97@0 is still animating. Notify the animating transition in case they can be merged
09-02 18:00:11.828 D/BaseActivity( 1025): Launcher flags updated: [state_started] -[state_window_focused]
09-02 18:00:11.829 V/WindowManagerShell(  893):    Requesting merge (#77) into remote: RemoteTransition { remoteTransition = android.window.IRemoteTransition$Stub$Proxy@302e988, appThread = android.app.IApplicationThread$Stub$Proxy@2950f21, debugName = QuickstepLaunchHome, filter = {types=[] flags=0x0 notFlags=0x100 checks=[{atype=home independent=true modes=[OPEN,TO_FRONT] flags=NONE mustBeTask=false order=ANY topActivity=ComponentInfo{com.google.android.apps.nexuslauncher/com.google.android.apps.nexuslauncher.NexusLauncherActivity} launchCookie=null windowingMode=undefined isCrossDisplayMove=false},{atype=standard independent=true modes=[CLOSE,TO_BACK] flags=NONE mustBeTask=false order=ANY topActivity=null launchCookie=null windowingMode=undefined isCrossDisplayMove=false},{NOT atype=undefined independent=true modes=[] flags=NONE mustBeTask=true order=ANY topActivity=null launchCookie=null customAnim=true windowingMode=undefined isCrossDisplayMove=false}]} }
09-02 18:00:11.830 V/WindowManagerShell(  893): Received remote transition finished callback for (#76)
09-02 18:00:11.831 V/WindowManagerShell(  893): Transition animation finished (aborted=false), notifying core (#76) android.os.BinderProxy@120ad97@0
09-02 18:00:11.832 V/WindowManager(  643): Finish Transition (#76): created at 09-02 18:00:11.618 collect-started=0.032ms request-sent=0.086ms started=3.983ms ready=35.061ms sent=36.556ms commit=16.799ms finished=213.723ms
09-02 18:00:11.832 E/libbinder.IPCThreadState(  643): Binder transaction failure. id: 4693540, cmd: BR_DEAD_REPLY (29189), error: -22 (Invalid argument)
09-02 18:00:11.832 W/ActivityManager(  643): pid 643 system sent binder code 7 with flags 1 and got error -32
09-02 18:00:11.832 W/WindowManager(  643): Exception thrown during dispatchAppVisibility Window{cbba1d2 u0 com.izzes.nears.nears_nears_2813_guest_token_purge_desyn/com.izzes.nears.MainActivity EXITING}
09-02 18:00:11.832 W/WindowManager(  643): android.os.DeadObjectException
09-02 18:00:11.832 W/WindowManager(  643): 	at android.os.BinderProxy.transactNative(Native Method)
09-02 18:00:11.832 W/WindowManager(  643): 	at android.os.BinderProxy.transact(BinderProxy.java:626)
09-02 18:00:11.832 W/WindowManager(  643): 	at android.view.IWindow$Stub$Proxy.dispatchAppVisibility(IWindow.java:602)
09-02 18:00:11.832 W/WindowManager(  643): 	at com.android.server.wm.WindowState.sendAppVisibilityToClients(WindowState.java:3388)
09-02 18:00:11.832 W/WindowManager(  643): 	at com.android.server.wm.WindowContainer.sendAppVisibilityToClients(WindowContainer.java:1245)
09-02 18:00:11.832 W/WindowManager(  643): 	at com.android.server.wm.WindowToken.setClientVisible(WindowToken.java:392)
09-02 18:00:11.832 W/WindowManager(  643): 	at com.android.server.wm.ActivityRecord.commitVisibility(ActivityRecord.java:5654)
09-02 18:00:11.832 W/WindowManager(  643): 	at com.android.server.wm.Transition.finishTransition(Transition.java:1629)
09-02 18:00:11.832 W/WindowManager(  643): 	at com.android.server.wm.TransitionController.finishTransition(TransitionController.java:1220)
09-02 18:00:11.832 W/WindowManager(  643): 	at com.android.server.wm.WindowOrganizerController.finishTransition(WindowOrganizerController.java:533)
09-02 18:00:11.832 W/WindowManager(  643): 	at android.window.IWindowOrganizerController$Stub.onTransact(IWindowOrganizerController.java:265)
09-02 18:00:11.832 W/WindowManager(  643): 	at com.android.server.wm.WindowOrganizerController.onTransact(WindowOrganizerController.java:239)
09-02 18:00:11.832 W/WindowManager(  643): 	at android.os.Binder.execTransactInternal(Binder.java:1364)
09-02 18:00:11.832 W/WindowManager(  643): 	at android.os.Binder.execTransact(Binder.java:1323)
09-02 18:00:11.832 W/Process (  643): Unable to open /proc/10764/status
09-02 18:00:11.834 V/WindowManagerShell(  893): Playing animation for (#77) android.os.BinderProxy@5560176@0
09-02 18:00:11.834 D/ShellSplitScreen(  893): startAnimation: transition=77 isSplitActive=false
09-02 18:00:11.834 V/ShellRecents(  893): RecentsTransitionHandler.startAnimation: no controller found
09-02 18:00:11.834 V/ShellDesktopMode(  893): DesktopMixedTransitionHandler: No pending desktop transition
09-02 18:00:11.834 V/WindowManagerShell(  893): Transition doesn't have explicit remote, search filters for match for {id=77 t=OPEN f=0x0 trk=0 r=[0@Point(0, 0)] c=[{m=OPEN f=MOVE_TO_TOP|FLAG_CHANGED_INTERACTIVE leash=Surface(name=Task=42#1249)/@0x9d63f80 sb=Rect(0, 0 - 1344, 2992) eb=Rect(0, 0 - 1344, 2992) epz=Point(1344, 2992) d=0 taskParent=-1 winMode=1 userId=0},{m=TO_BACK f=SHOW_WALLPAPER|FLAG_CHANGED_INTERACTIVE leash=Surface(name=Task=1#35)/@0x49239b9 sb=Rect(0, 0 - 1344, 2992) eb=Rect(0, 0 - 1344, 2992) epz=Point(1344, 2992) d=0 taskParent=-1 winMode=1 userId=0},{m=TO_BACK f=IS_WALLPAPER leash=Surface(name=WallpaperWindowToken{2080b6a}#54)/@0xdef21fe sb=Rect(0, 0 - 1344, 2992) eb=Rect(0, 0 - 1344, 2992) epz=Point(1344, 2992) d=0}]}
09-02 18:00:11.834 V/WindowManagerShell(  893):  Checking filter Pair{{types=[] flags=0x0 notFlags=0x0 checks=[{atype=undefined independent=true modes=[CLOSE,TO_BACK] flags=IN_TASK_WITH_EMBEDDED_ACTIVITY mustBeTask=false order=ANY topActivity=null launchCookie=null taskFragmentToken=android.os.BinderProxy@998cbe9 windowingMode=undefined isCrossDisplayMove=false}]} RemoteTransition { remoteTransition = android.window.IRemoteTransition$Stub$Proxy@366006e, appThread = android.app.IApplicationThread$Stub$Proxy@9a3e30f, debugName = overlayBackTransition, filter = {types=[] flags=0x0 notFlags=0x0 checks=[{atype=undefined independent=true modes=[CLOSE,TO_BACK] flags=IN_TASK_WITH_EMBEDDED_ACTIVITY mustBeTask=false order=ANY topActivity=null launchCookie=null taskFragmentToken=android.os.BinderProxy@998cbe9 windowingMode=undefined isCrossDisplayMove=false}]} }}
09-02 18:00:11.834 V/WindowManagerShell(  893):  Checking filter Pair{{types=[] flags=0x0 notFlags=0x0 checks=[{atype=dream independent=true modes=[OPEN,TO_FRONT] flags=NONE mustBeTask=false order=ANY topActivity=null launchCookie=null windowingMode=undefined isCrossDisplayMove=false},{atype=home independent=true modes=[CLOSE,TO_BACK] flags=NONE mustBeTask=false order=ANY topActivity=null launchCookie=null windowingMode=undefined isCrossDisplayMove=false}]} RemoteTransition { remoteTransition = android.window.IRemoteTransition$Stub$Proxy@6906f9c, appThread = android.app.IApplicationThread$Stub$Proxy@c293da5, debugName = LauncherToDream, filter = {types=[] flags=0x0 notFlags=0x0 checks=[{atype=dream independent=true modes=[OPEN,TO_FRONT] flags=NONE mustBeTask=false order=ANY topActivity=null launchCookie=null windowingMode=undefined isCrossDisplayMove=false},{atype=home independent=true modes=[CLOSE,TO_BACK] flags=NONE mustBeTask=false order=ANY topActivity=null launchCookie=null windowingMode=undefined isCrossDisplayMove=false}]} }}
09-02 18:00:11.834 V/WindowManagerShell(  893):  Checking filter Pair{{types=[] flags=0x0 notFlags=0x0 checks=[{atype=standard independent=false modes=[CHANGE] flags=NONE mustBeTask=true order=ANY topActivity=null launchCookie=null windowingMode=undefined isCrossDisplayMove=true}]} RemoteTransition { remoteTransition = android.window.IRemoteTransition$Stub$Proxy@f5b57a, appThread = android.app.IApplicationThread$Stub$Proxy@c45a12b, debugName = QuickstepDisplayMove, filter = {types=[] flags=0x0 notFlags=0x0 checks=[{atype=standard independent=false modes=[CHANGE] flags=NONE mustBeTask=true order=ANY topActivity=null launchCookie=null windowingMode=undefined isCrossDisplayMove=true}]} }}
09-02 18:00:11.834 V/WindowManagerShell(  893):  Checking filter Pair{{types=[] flags=0x0 notFlags=0x100 checks=[{atype=home independent=true modes=[OPEN,TO_FRONT] flags=NONE mustBeTask=false order=ANY topActivity=ComponentInfo{com.google.android.apps.nexuslauncher/com.google.android.apps.nexuslauncher.NexusLauncherActivity} launchCookie=null windowingMode=undefined isCrossDisplayMove=false},{atype=standard independent=true modes=[CLOSE,TO_BACK] flags=NONE mustBeTask=false order=ANY topActivity=null launchCookie=null windowingMode=undefined isCrossDisplayMove=false},{NOT atype=undefined independent=true modes=[] flags=NONE mustBeTask=true order=ANY topActivity=null launchCookie=null customAnim=true windowingMode=undefined isCrossDisplayMove=false}]} RemoteTransition { remoteTransition = android.window.IRemoteTransition$Stub$Proxy@302e988, appThread = android.app.IApplicationThread$Stub$Proxy@2950f21, debugName = QuickstepLaunchHome, filter = {types=[] flags=0x0 notFlags=0x100 checks=[{atype=home independent=true modes=[OPEN,TO_FRONT] flags=NONE mustBeTask=false order=ANY topActivity=ComponentInfo{com.google.android.apps.nexuslauncher/com.google.android.apps.nexuslauncher.NexusLauncherActivity} launchCookie=null windowingMode=undefined isCrossDisplayMove=false},{atype=standard independent=true modes=[CLOSE,TO_BACK] flags=NONE mustBeTask=false order=ANY topActivity=null launchCookie=null windowingMode=undefined isCrossDisplayMove=false},{NOT atype=undefined independent=true modes=[] flags=NONE mustBeTask=true order=ANY topActivity=null launchCookie=null customAnim=true windowingMode=undefined isCrossDisplayMove=false}]} }}
09-02 18:00:11.834 V/WindowManagerShell(  893):  Checking filter Pair{{types=[OPEN,TO_FRONT] flags=0x0 notFlags=0x0 checks=[{atype=standard independent=true modes=[OPEN,TO_FRONT] flags=NONE mustBeTask=true order=ANY topActivity=null launchCookie=null windowingMode=freeform isCrossDisplayMove=false}]} RemoteTransition { remoteTransition = android.window.IRemoteTransition$Stub$Proxy@5549036, appThread = null, debugName = DesktopWindowLimitUnminimize, filter = {types=[OPEN,TO_FRONT] flags=0x0 notFlags=0x0 checks=[{atype=standard independent=true modes=[OPEN,TO_FRONT] flags=NONE mustBeTask=true order=ANY topActivity=null launchCookie=null windowingMode=freeform isCrossDisplayMove=false}]} }}
09-02 18:00:11.834 V/WindowManagerShell(  893):  Delegate animation for (#77) to null
09-02 18:00:11.834 V/WindowManagerShell(  893): start default transition animation, info = {id=77 t=OPEN f=0x0 trk=0 r=[0@Point(0, 0)] c=[{m=OPEN f=MOVE_TO_TOP|FLAG_CHANGED_INTERACTIVE leash=Surface(name=Task=42#1249)/@0x9d63f80 sb=Rect(0, 0 - 1344, 2992) eb=Rect(0, 0 - 1344, 2992) epz=Point(1344, 2992) d=0 taskParent=-1 winMode=1 userId=0},{m=TO_BACK f=SHOW_WALLPAPER|FLAG_CHANGED_INTERACTIVE leash=Surface(name=Task=1#35)/@0x49239b9 sb=Rect(0, 0 - 1344, 2992) eb=Rect(0, 0 - 1344, 2992) epz=Point(1344, 2992) d=0 taskParent=-1 winMode=1 userId=0},{m=TO_BACK f=IS_WALLPAPER leash=Surface(name=WallpaperWindowToken{2080b6a}#54)/@0xdef21fe sb=Rect(0, 0 - 1344, 2992) eb=Rect(0, 0 - 1344, 2992) epz=Point(1344, 2992) d=0}]}
09-02 18:00:11.835 V/WindowManagerShell(  893): loadAnimation: anim=android.view.animation.AnimationSet@41fd3ac animAttr=0x13 type=OPEN isEntrance=false
09-02 18:00:11.835 V/WindowManagerShell(  893): loadAnimation: anim=android.view.animation.AnimationSet@713b875 animAttr=0x12 type=OPEN isEntrance=true
09-02 18:00:11.835 V/WindowManagerShell(  893):  animated by com.android.wm.shell.transition.DefaultTransitionHandler@24c58ee
09-02 18:00:11.836 D/ApplicationLoaders(10993): Returning zygote-cached class loader: /system/framework/org.apache.http.legacy.jar
09-02 18:00:11.836 D/ApplicationLoaders(10993): Returning zygote-cached class loader: /system_ext/framework/androidx.window.extensions.jar
09-02 18:00:11.836 D/ApplicationLoaders(10993): Returning zygote-cached class loader: /system_ext/framework/androidx.window.sidecar.jar
09-02 18:00:11.838 V/BaseDepthController( 1025): Applying blur: 0 to Surface(name=VRI-com.google.android.apps.nexuslauncher/com.google.android.apps.nexuslauncher.NexusLauncherActivity#1241)/@0x8cc8f18 applyImmediately: false
09-02 18:00:11.839 V/ShellTaskOrganizer(  893): Task vanished taskId=41
09-02 18:00:11.839 D/BaseDepthController( 1025): shouldBlurWorkspace: false targetState: Normal currentStableState: Normal mCurrentBlur: 0 mLauncher.getDepthBlurTargets(): [com.android.launcher3.Workspace{7426d71 V.ED..... ........ 0,0-1344,2992 #7f0a0486 app:id/workspace}, com.android.launcher3.Hotseat{b073756 V.ED..... .......D 0,2425-1344,2992 #7f0a01f6 app:id/hotseat}]
09-02 18:00:11.839 V/ShellTaskOrganizer(  893): Fullscreen Task Vanished: #41
09-02 18:00:11.839 V/ShellDesktopMode(  893): Task Vanished: #41 closed=true
09-02 18:00:11.841 V/RecentTasksController(  893): Notify recent tasks changed
09-02 18:00:11.841 D/ShellDesktopMode(  893): AppToWebRepository: Task 41 is vanishing. Removing task data from repository
09-02 18:00:11.843 V/AppCompat(  893): SingleSurfaceLetterboxController: []
09-02 18:00:11.843 V/AppCompat(  893): MultiSurfaceLetterboxController: []
09-02 18:00:11.843 V/AppCompat(  893): LetterboxInputController: []
09-02 18:00:11.843 V/AppCompat(  893): RoundedCornersLetterboxController: {}
09-02 18:00:11.843 D/RecentTasksList( 1025): invalidateLoadedTasks - previous requestLoadId: -1
09-02 18:00:11.843 D/RecentsView( 1025): onTaskRemoved: 41, not handling task stack changes
09-02 18:00:11.843 D/RecentsView( 1025): onTaskRemoved: 41, not handling task stack changes
09-02 18:00:11.855 V/BaseDepthController( 1025): Applying blur: 0 to Surface(name=VRI-com.google.android.apps.nexuslauncher/com.google.android.apps.nexuslauncher.NexusLauncherActivity#1241)/@0x8cc8f18 applyImmediately: false
09-02 18:00:11.855 D/BaseDepthController( 1025): shouldBlurWorkspace: false targetState: Normal currentStableState: Normal mCurrentBlur: 0 mLauncher.getDepthBlurTargets(): [com.android.launcher3.Workspace{7426d71 V.ED..... ........ 0,0-1344,2992 #7f0a0486 app:id/workspace}, com.android.launcher3.Hotseat{b073756 V.ED..... .......D 0,2425-1344,2992 #7f0a01f6 app:id/hotseat}]
09-02 18:00:11.859 D/RecentTasksList( 1025): invalidateLoadedTasks - previous requestLoadId: -1
09-02 18:00:11.871 E/BpTransactionCompletedListener(  478): Failed to transact (-32)
09-02 18:00:11.871 E/BpTransactionCompletedListener(  478): Failed to transact (-32)
09-02 18:00:11.872 V/BaseDepthController( 1025): Applying blur: 0 to Surface(name=VRI-com.google.android.apps.nexuslauncher/com.google.android.apps.nexuslauncher.NexusLauncherActivity#1241)/@0x8cc8f18 applyImmediately: false
09-02 18:00:11.872 D/BaseDepthController( 1025): setEarlyWakeup: true
09-02 18:00:11.872 D/BaseDepthController( 1025): shouldBlurWorkspace: false targetState: Normal currentStableState: Normal mCurrentBlur: 0 mLauncher.getDepthBlurTargets(): [com.android.launcher3.Workspace{7426d71 V.ED..... ........ 0,0-1344,2992 #7f0a0486 app:id/workspace}, com.android.launcher3.Hotseat{b073756 V.ED..... ........ 0,2425-1344,2992 #7f0a01f6 app:id/hotseat}]
09-02 18:00:11.874 W/skia    (  478): AGTM parsing failed flags.readFromStream(s) at 159
09-02 18:00:11.874 W/skia    (  478): AGTM parsing failed flags.readFromStream(s) at 159
09-02 18:00:11.888 V/BaseDepthController( 1025): Applying blur: 0 to Surface(name=VRI-com.google.android.apps.nexuslauncher/com.google.android.apps.nexuslauncher.NexusLauncherActivity#1241)/@0x8cc8f18 applyImmediately: false
09-02 18:00:11.888 D/BaseDepthController( 1025): shouldBlurWorkspace: false targetState: Normal currentStableState: Normal mCurrentBlur: 0 mLauncher.getDepthBlurTargets(): [com.android.launcher3.Workspace{7426d71 V.ED..... ........ 0,0-1344,2992 #7f0a0486 app:id/workspace}, com.android.launcher3.Hotseat{b073756 V.ED..... ........ 0,2425-1344,2992 #7f0a01f6 app:id/hotseat}]
09-02 18:00:11.904 V/RecentTasksController(  893): Notify recent tasks changed
09-02 18:00:11.904 D/RecentTasksList( 1025): invalidateLoadedTasks - previous requestLoadId: -1
09-02 18:00:11.905 V/BaseDepthController( 1025): Applying blur: 0 to Surface(name=VRI-com.google.android.apps.nexuslauncher/com.google.android.apps.nexuslauncher.NexusLauncherActivity#1241)/@0x8cc8f18 applyImmediately: false
09-02 18:00:11.905 D/BaseDepthController( 1025): shouldBlurWorkspace: false targetState: Normal currentStableState: Normal mCurrentBlur: 0 mLauncher.getDepthBlurTargets(): [com.android.launcher3.Workspace{7426d71 V.ED..... ........ 0,0-1344,2992 #7f0a0486 app:id/workspace}, com.android.launcher3.Hotseat{b073756 V.ED..... ........ 0,2425-1344,2992 #7f0a01f6 app:id/hotseat}]
09-02 18:00:11.907 V/RecentTasksController(  893): generateList(getRecentTasks)
09-02 18:00:11.908 V/RecentTasksController(  893): initializeDesksMap - allDeskIds: []
09-02 18:00:11.908 V/RecentTasksController(  893): Task 42 is not an active desktop task
09-02 18:00:11.908 V/RecentTasksController(  893): Added fullscreen task: 42
09-02 18:00:11.908 V/RecentTasksController(  893): Task 33 is not an active desktop task
09-02 18:00:11.908 V/RecentTasksController(  893): Added fullscreen task: 33
09-02 18:00:11.908 V/RecentTasksController(  893): Task 30 is not an active desktop task
09-02 18:00:11.908 V/RecentTasksController(  893): Added fullscreen task: 30
09-02 18:00:11.908 V/RecentTasksController(  893): generateList - complete
09-02 18:00:11.909 D/PreloadThumbnailUseCase( 1025): Preloading thumbnails for task ids: [[id=30 windowingMode=0 user=0 lastActiveTime=7673] null, [id=33 windowingMode=1 user=0 lastActiveTime=6865709] null, [id=42 windowingMode=1 user=0 lastActiveTime=33518345] null]
09-02 18:00:11.922 V/BaseDepthController( 1025): Applying blur: 0 to Surface(name=VRI-com.google.android.apps.nexuslauncher/com.google.android.apps.nexuslauncher.NexusLauncherActivity#1241)/@0x8cc8f18 applyImmediately: false
09-02 18:00:11.922 D/BaseDepthController( 1025): shouldBlurWorkspace: false targetState: Normal currentStableState: Normal mCurrentBlur: 0 mLauncher.getDepthBlurTargets(): [com.android.launcher3.Workspace{7426d71 V.ED..... ........ 0,0-1344,2992 #7f0a0486 app:id/workspace}, com.android.launcher3.Hotseat{b073756 V.ED..... ........ 0,2425-1344,2992 #7f0a01f6 app:id/hotseat}]
09-02 18:00:11.938 V/BaseDepthController( 1025): Applying blur: 0 to Surface(name=VRI-com.google.android.apps.nexuslauncher/com.google.android.apps.nexuslauncher.NexusLauncherActivity#1241)/@0x8cc8f18 applyImmediately: false
09-02 18:00:11.938 D/BaseDepthController( 1025): shouldBlurWorkspace: false targetState: Normal currentStableState: Normal mCurrentBlur: 0 mLauncher.getDepthBlurTargets(): [com.android.launcher3.Workspace{7426d71 V.ED..... ........ 0,0-1344,2992 #7f0a0486 app:id/workspace}, com.android.launcher3.Hotseat{b073756 V.ED..... ........ 0,2425-1344,2992 #7f0a01f6 app:id/hotseat}]
09-02 18:00:11.955 V/BaseDepthController( 1025): Applying blur: 0 to Surface(name=VRI-com.google.android.apps.nexuslauncher/com.google.android.apps.nexuslauncher.NexusLauncherActivity#1241)/@0x8cc8f18 applyImmediately: false
09-02 18:00:11.955 D/BaseDepthController( 1025): shouldBlurWorkspace: false targetState: Normal currentStableState: Normal mCurrentBlur: 0 mLauncher.getDepthBlurTargets(): [com.android.launcher3.Workspace{7426d71 V.ED..... ........ 0,0-1344,2992 #7f0a0486 app:id/workspace}, com.android.launcher3.Hotseat{b073756 V.ED..... ........ 0,2425-1344,2992 #7f0a01f6 app:id/hotseat}]
09-02 18:00:11.973 V/BaseDepthController( 1025): Applying blur: 0 to Surface(name=VRI-com.google.android.apps.nexuslauncher/com.google.android.apps.nexuslauncher.NexusLauncherActivity#1241)/@0x8cc8f18 applyImmediately: false
09-02 18:00:11.973 D/BaseDepthController( 1025): shouldBlurWorkspace: false targetState: Normal currentStableState: Normal mCurrentBlur: 0 mLauncher.getDepthBlurTargets(): [com.android.launcher3.Workspace{7426d71 V.ED..... ........ 0,0-1344,2992 #7f0a0486 app:id/workspace}, com.android.launcher3.Hotseat{b073756 V.ED..... ........ 0,2425-1344,2992 #7f0a01f6 app:id/hotseat}]
09-02 18:00:11.975 W/skia    (  478): AGTM parsing failed flags.readFromStream(s) at 159
09-02 18:00:11.975 W/skia    (  478): AGTM parsing failed flags.readFromStream(s) at 159
09-02 18:00:11.989 V/BaseDepthController( 1025): Applying blur: 0 to Surface(name=VRI-com.google.android.apps.nexuslauncher/com.google.android.apps.nexuslauncher.NexusLauncherActivity#1241)/@0x8cc8f18 applyImmediately: false
09-02 18:00:11.989 D/BaseDepthController( 1025): shouldBlurWorkspace: false targetState: Normal currentStableState: Normal mCurrentBlur: 0 mLauncher.getDepthBlurTargets(): [com.android.launcher3.Workspace{7426d71 V.ED..... ........ 0,0-1344,2992 #7f0a0486 app:id/workspace}, com.android.launcher3.Hotseat{b073756 V.ED..... ........ 0,2425-1344,2992 #7f0a01f6 app:id/hotseat}]
09-02 18:00:12.007 V/BaseDepthController( 1025): Applying blur: 0 to Surface(name=VRI-com.google.android.apps.nexuslauncher/com.google.android.apps.nexuslauncher.NexusLauncherActivity#1241)/@0x8cc8f18 applyImmediately: false
09-02 18:00:12.007 D/BaseDepthController( 1025): shouldBlurWorkspace: false targetState: Normal currentStableState: Normal mCurrentBlur: 0 mLauncher.getDepthBlurTargets(): [com.android.launcher3.Workspace{7426d71 V.ED..... ........ 0,0-1344,2992 #7f0a0486 app:id/workspace}, com.android.launcher3.Hotseat{b073756 V.ED..... ........ 0,2425-1344,2992 #7f0a01f6 app:id/hotseat}]
09-02 18:00:12.023 V/BaseDepthController( 1025): Applying blur: 0 to Surface(name=VRI-com.google.android.apps.nexuslauncher/com.google.android.apps.nexuslauncher.NexusLauncherActivity#1241)/@0x8cc8f18 applyImmediately: false
09-02 18:00:12.023 D/BaseDepthController( 1025): shouldBlurWorkspace: false targetState: Normal currentStableState: Normal mCurrentBlur: 0 mLauncher.getDepthBlurTargets(): [com.android.launcher3.Workspace{7426d71 V.ED..... ........ 0,0-1344,2992 #7f0a0486 app:id/workspace}, com.android.launcher3.Hotseat{b073756 V.ED..... ........ 0,2425-1344,2992 #7f0a01f6 app:id/hotseat}]
09-02 18:00:12.040 V/BaseDepthController( 1025): Applying blur: 0 to Surface(name=VRI-com.google.android.apps.nexuslauncher/com.google.android.apps.nexuslauncher.NexusLauncherActivity#1241)/@0x8cc8f18 applyImmediately: false
09-02 18:00:12.040 D/BaseDepthController( 1025): shouldBlurWorkspace: false targetState: Normal currentStableState: Normal mCurrentBlur: 0 mLauncher.getDepthBlurTargets(): [com.android.launcher3.Workspace{7426d71 V.ED..... ........ 0,0-1344,2992 #7f0a0486 app:id/workspace}, com.android.launcher3.Hotseat{b073756 V.ED..... ........ 0,2425-1344,2992 #7f0a01f6 app:id/hotseat}]
09-02 18:00:12.055 V/BaseDepthController( 1025): Applying blur: 0 to Surface(name=VRI-com.google.android.apps.nexuslauncher/com.google.android.apps.nexuslauncher.NexusLauncherActivity#1241)/@0x8cc8f18 applyImmediately: false
09-02 18:00:12.055 D/BaseDepthController( 1025): shouldBlurWorkspace: false targetState: Normal currentStableState: Normal mCurrentBlur: 0 mLauncher.getDepthBlurTargets(): [com.android.launcher3.Workspace{7426d71 V.ED..... ........ 0,0-1344,2992 #7f0a0486 app:id/workspace}, com.android.launcher3.Hotseat{b073756 V.ED..... ........ 0,2425-1344,2992 #7f0a01f6 app:id/hotseat}]
09-02 18:00:12.073 V/BaseDepthController( 1025): Applying blur: 0 to Surface(name=VRI-com.google.android.apps.nexuslauncher/com.google.android.apps.nexuslauncher.NexusLauncherActivity#1241)/@0x8cc8f18 applyImmediately: false
09-02 18:00:12.073 D/BaseDepthController( 1025): shouldBlurWorkspace: false targetState: Normal currentStableState: Normal mCurrentBlur: 0 mLauncher.getDepthBlurTargets(): [com.android.launcher3.Workspace{7426d71 V.ED..... ........ 0,0-1344,2992 #7f0a0486 app:id/workspace}, com.android.launcher3.Hotseat{b073756 V.ED..... ........ 0,2425-1344,2992 #7f0a01f6 app:id/hotseat}]
09-02 18:00:12.075 W/skia    (  478): AGTM parsing failed flags.readFromStream(s) at 159
09-02 18:00:12.075 W/skia    (  478): AGTM parsing failed flags.readFromStream(s) at 159
09-02 18:00:12.075 W/skia    (  478): AGTM parsing failed flags.readFromStream(s) at 159
09-02 18:00:12.088 V/BaseDepthController( 1025): Applying blur: 0 to Surface(name=VRI-com.google.android.apps.nexuslauncher/com.google.android.apps.nexuslauncher.NexusLauncherActivity#1241)/@0x8cc8f18 applyImmediately: false
09-02 18:00:12.088 D/BaseDepthController( 1025): shouldBlurWorkspace: false targetState: Normal currentStableState: Normal mCurrentBlur: 0 mLauncher.getDepthBlurTargets(): [com.android.launcher3.Workspace{7426d71 V.ED..... ........ 0,0-1344,2992 #7f0a0486 app:id/workspace}, com.android.launcher3.Hotseat{b073756 V.ED..... ........ 0,2425-1344,2992 #7f0a01f6 app:id/hotseat}]
09-02 18:00:12.097 D/nativeloader(10993): Configuring clns-9 for other apk /data/app/~~C_s1EVRzuKS6Dc9_GMGc7g==/com.izzes.nears.nears_nears_2813_guest_token_purge_desyn-F7qvrLb1_TU4HjUDHg5JZw==/base.apk. target_sdk_version=36, uses_libraries=, library_path=/data/app/~~C_s1EVRzuKS6Dc9_GMGc7g==/com.izzes.nears.nears_nears_2813_guest_token_purge_desyn-F7qvrLb1_TU4HjUDHg5JZw==/lib/arm64:/data/app/~~C_s1EVRzuKS6Dc9_GMGc7g==/com.izzes.nears.nears_nears_2813_guest_token_purge_desyn-F7qvrLb1_TU4HjUDHg5JZw==/base.apk!/lib/arm64-v8a, permitted_path=/data:/mnt/expand:/data/user/0/com.izzes.nears.nears_nears_2813_guest_token_purge_desyn
09-02 18:00:12.103 V/GraphicsEnvironment(10993): Currently set values for:
09-02 18:00:12.103 V/GraphicsEnvironment(10993):   angle_gl_driver_selection_pkgs=[]
09-02 18:00:12.103 V/GraphicsEnvironment(10993):   angle_gl_driver_selection_values=[]
09-02 18:00:12.103 V/GraphicsEnvironment(10993): com.izzes.nears.nears_nears_2813_guest_token_purge_desyn is not listed in per-application setting
09-02 18:00:12.103 V/GraphicsEnvironment(10993): No special selections for ANGLE, returning default driver choice
09-02 18:00:12.104 V/GraphicsEnvironment(10993): Neither updatable production driver nor prerelease driver is supported.
09-02 18:00:12.105 V/BaseDepthController( 1025): Applying blur: 0 to Surface(name=VRI-com.google.android.apps.nexuslauncher/com.google.android.apps.nexuslauncher.NexusLauncherActivity#1241)/@0x8cc8f18 applyImmediately: false
09-02 18:00:12.105 D/BaseDepthController( 1025): shouldBlurWorkspace: false targetState: Normal currentStableState: Normal mCurrentBlur: 0 mLauncher.getDepthBlurTargets(): [com.android.launcher3.Workspace{7426d71 V.ED..... ........ 0,0-1344,2992 #7f0a0486 app:id/workspace}, com.android.launcher3.Hotseat{b073756 V.ED..... ........ 0,2425-1344,2992 #7f0a01f6 app:id/hotseat}]
09-02 18:00:12.108 W/FirebaseApp(10993): Default FirebaseApp failed to initialize because no default options were found. This usually means that com.google.gms:google-services was not applied to your gradle project.
09-02 18:00:12.108 I/FirebaseInitProvider(10993): FirebaseApp initialization unsuccessful
09-02 18:00:12.109 D/FLTFireContextHolder(10993): received application context.
09-02 18:00:12.113 I/HalDevMgr(  643): bestIfaceCreationProposal is null, requestIface=STA, existingIface=[name=wlan0 type=STA]
09-02 18:00:12.130 V/BaseDepthController( 1025): Applying blur: 0 to Surface(name=VRI-com.google.android.apps.nexuslauncher/com.google.android.apps.nexuslauncher.NexusLauncherActivity#1241)/@0x8cc8f18 applyImmediately: false
09-02 18:00:12.130 D/BaseDepthController( 1025): shouldBlurWorkspace: false targetState: Normal currentStableState: Normal mCurrentBlur: 0 mLauncher.getDepthBlurTargets(): [com.android.launcher3.Workspace{7426d71 V.ED..... ........ 0,0-1344,2992 #7f0a0486 app:id/workspace}, com.android.launcher3.Hotseat{b073756 V.ED..... ........ 0,2425-1344,2992 #7f0a01f6 app:id/hotseat}]
09-02 18:00:12.139 V/BaseDepthController( 1025): Applying blur: 0 to Surface(name=VRI-com.google.android.apps.nexuslauncher/com.google.android.apps.nexuslauncher.NexusLauncherActivity#1241)/@0x8cc8f18 applyImmediately: false
09-02 18:00:12.139 D/BaseDepthController( 1025): shouldBlurWorkspace: false targetState: Normal currentStableState: Normal mCurrentBlur: 0 mLauncher.getDepthBlurTargets(): [com.android.launcher3.Workspace{7426d71 V.ED..... ........ 0,0-1344,2992 #7f0a0486 app:id/workspace}, com.android.launcher3.Hotseat{b073756 V.ED..... ........ 0,2425-1344,2992 #7f0a01f6 app:id/hotseat}]
09-02 18:00:12.144 W/com.facebook.UserSettingsManager(10993): You haven't set a value for AdvertiserIDCollectionEnabled. Set the flag to TRUE if you want to collect Advertiser ID for better advertising and analytics results. To request user consent before collecting data, set the flag value to FALSE, then change to TRUE once user consent is received. Learn more: https://developers.facebook.com/docs/app-events/getting-started-app-events-android#disable-auto-events.
09-02 18:00:12.153 W/com.facebook.internal.NativeProtocol(10993): Apps that target Android API 30+ (Android 11+) cannot call Facebook native apps unless the package visibility needs are declared. Please follow https://developers.facebook.com/docs/android/troubleshooting/#faq_267321845055988 to make the declaration.
09-02 18:00:12.155 V/BaseDepthController( 1025): Applying blur: 0 to Surface(name=VRI-com.google.android.apps.nexuslauncher/com.google.android.apps.nexuslauncher.NexusLauncherActivity#1241)/@0x8cc8f18 applyImmediately: false
09-02 18:00:12.155 D/BaseDepthController( 1025): shouldBlurWorkspace: false targetState: Normal currentStableState: Normal mCurrentBlur: 0 mLauncher.getDepthBlurTargets(): [com.android.launcher3.Workspace{7426d71 V.ED..... ........ 0,0-1344,2992 #7f0a0486 app:id/workspace}, com.android.launcher3.Hotseat{b073756 V.ED..... ........ 0,2425-1344,2992 #7f0a01f6 app:id/hotseat}]
09-02 18:00:12.157 V/WindowManagerShell(  893): Transition animation finished (aborted=false), notifying core (#77) android.os.BinderProxy@5560176@0
09-02 18:00:12.159 V/WindowManager(  643): Finish Transition (#77): created at 09-02 18:00:11.793 collect-started=0.008ms request-sent=2.642ms started=14.957ms ready=26.281ms sent=27.133ms commit=19.285ms finished=364.1ms
09-02 18:00:12.159 D/WallpaperService(  893): onVisibilityChanged(false): com.android.systemui.wallpapers.ImageWallpaper$CanvasEngine@80cfa09
09-02 18:00:12.159 V/WindowManagerShell(  893): Track 0 became idle
09-02 18:00:12.159 V/WindowManagerShell(  893): All active transition animations finished
09-02 18:00:12.160 D/VRI[NexusLauncherActivity]( 1025): visibilityChanged oldVisibility=true newVisibility=false
09-02 18:00:12.162 I/DisplayManager(10993): Choreographer implicitly registered for the refresh rate.
09-02 18:00:12.171 V/BaseDepthController( 1025): Applying blur: 0 to Surface(name=VRI-com.google.android.apps.nexuslauncher/com.google.android.apps.nexuslauncher.NexusLauncherActivity#1241)/@0x8cc8f18 applyImmediately: false
09-02 18:00:12.171 D/BaseDepthController( 1025): shouldBlurWorkspace: false targetState: Normal currentStableState: Normal mCurrentBlur: 0 mLauncher.getDepthBlurTargets(): [com.android.launcher3.Workspace{7426d71 V.ED..... ........ 0,0-1344,2992 #7f0a0486 app:id/workspace}, com.android.launcher3.Hotseat{b073756 V.ED..... ........ 0,2425-1344,2992 #7f0a01f6 app:id/hotseat}]
09-02 18:00:12.172 D/SmartspaceInteractor( 1025): notifySmartspaceEvent: SmartspaceTargetEvent{mSmartspaceTarget=null, mSmartspaceActionId='null', mEventType=7}
09-02 18:00:12.174 I/AiAiEcho( 1651): AmbientDataPredictorImpl No tracked ambient data found for ID: null; for event type: 7, skipping event processing.
09-02 18:00:12.175 W/skia    (  478): AGTM parsing failed flags.readFromStream(s) at 159
09-02 18:00:12.180 D/FlutterJNI(10993): Beginning load of flutter...
09-02 18:00:12.180 I/ResourceExtractor(10993): Found extracted resources res_timestamp-3-1788357279903
09-02 18:00:12.188 D/BaseDepthController( 1025): mSurface is not valid
09-02 18:00:12.190 D/nativeloader(10993): Load /data/app/~~C_s1EVRzuKS6Dc9_GMGc7g==/com.izzes.nears.nears_nears_2813_guest_token_purge_desyn-F7qvrLb1_TU4HjUDHg5JZw==/lib/arm64/libflutter.so using class loader ns clns-9 (caller=/data/app/~~C_s1EVRzuKS6Dc9_GMGc7g==/com.izzes.nears.nears_nears_2813_guest_token_purge_desyn-F7qvrLb1_TU4HjUDHg5JZw==/base.apk!classes22.dex): ok
09-02 18:00:12.195 D/FlutterJNI(10993): flutter (null) was loaded normally!
09-02 18:00:12.196 D/FileUtils(  643): Rounded bytes from 3155017728 to 4000000000
09-02 18:00:12.198 I/GFXSTREAM(10993): [eglDisplay.cpp(297)] Opening libGLESv1_CM_emulation.so
09-02 18:00:12.198 I/GFXSTREAM(10993): [eglDisplay.cpp(297)] Opening libGLESv2_emulation.so
09-02 18:00:12.199 W/libc    (10993): Access denied finding property "vendor.mesa.virtgpu.kumquat"
09-02 18:00:12.203 W/HWUI    (10993): Failed to choose config with EGL_SWAP_BEHAVIOR_PRESERVED, retrying without...
09-02 18:00:12.203 W/HWUI    (10993): Failed to initialize 101010-2 format, error = EGL_SUCCESS
09-02 18:00:12.205 D/BaseDepthController( 1025): mSurface is not valid
09-02 18:00:12.211 W/ken_purge_desyn(10993): type=1400 audit(0.0:167): avc:  denied  { read } for  name="max_map_count" dev="proc" ino=21033 scontext=u:r:untrusted_app_34:s0:c235,c256,c512,c768 tcontext=u:object_r:proc_max_map_count:s0 tclass=file permissive=0 app=com.izzes.nears.nears_nears_2813_guest_token_purge_desyn
09-02 18:00:12.222 D/BaseDepthController( 1025): mSurface is not valid
09-02 18:00:12.223 W/libc    (10993): Access denied finding property "vendor.mesa.virtgpu.kumquat"
09-02 18:00:12.230 I/flutter (10993): [IMPORTANT:flutter/shell/platform/android/android_context_gl_impeller.cc(104)] Using the Impeller rendering backend (OpenGLES).
09-02 18:00:12.232 W/libc    (10993): Access denied finding property "vendor.mesa.virtgpu.kumquat"
09-02 18:00:12.238 D/BaseDepthController( 1025): mSurface is not valid
09-02 18:00:12.255 D/BaseDepthController( 1025): mSurface is not valid
09-02 18:00:12.272 D/BaseDepthController( 1025): mSurface is not valid
09-02 18:00:12.275 W/skia    (  478): AGTM parsing failed flags.readFromStream(s) at 159
09-02 18:00:12.304 I/flutter (10993): The Dart VM service is listening on http://127.0.0.1:44981/DGsyLDllIBI=/
09-02 18:00:12.305 D/BaseDepthController( 1025): mSurface is not valid
09-02 18:00:12.321 D/BaseDepthController( 1025): mSurface is not valid
09-02 18:00:12.357 D/BaseDepthController( 1025): mSurface is not valid
09-02 18:00:12.376 W/skia    (  478): AGTM parsing failed flags.readFromStream(s) at 159
09-02 18:00:12.388 D/BaseDepthController( 1025): mSurface is not valid
09-02 18:00:12.438 D/BaseDepthController( 1025): mSurface is not valid
09-02 18:00:12.477 W/skia    (  478): AGTM parsing failed flags.readFromStream(s) at 159
09-02 18:00:12.505 D/BaseDepthController( 1025): mSurface is not valid
09-02 18:00:12.519 D/com.llfbandit.app_links(10993): Intent { flg=0x10000000 xflg=0x5 cmp=com.izzes.nears.nears_nears_2813_guest_token_purge_desyn/com.izzes.nears.MainActivity }
09-02 18:00:12.536 I/DynamiteModule(10993): Considering local module com.google.android.gms.measurement.dynamite:185 and remote module com.google.android.gms.measurement.dynamite:205
09-02 18:00:12.536 I/DynamiteModule(10993): Selected remote version of com.google.android.gms.measurement.dynamite, version >= 205
09-02 18:00:12.536 V/DynamiteModule(10993): Dynamite loader version >= 2, using loadModule2NoCrashUtils
09-02 18:00:12.545 W/System  (10993): ClassLoader referenced unknown path: 
09-02 18:00:12.545 D/nativeloader(10993): Configuring clns-10 for other apk . target_sdk_version=37, uses_libraries=, library_path=/data/app/~~WyeRuaG1egMURVerGLSCXQ==/com.google.android.gms-7IVUXcrLbyN86ZSGS2KfJw==/lib/arm64:/data/app/~~WyeRuaG1egMURVerGLSCXQ==/com.google.android.gms-7IVUXcrLbyN86ZSGS2KfJw==/base.apk!/lib/arm64-v8a, permitted_path=/data:/mnt/expand:/data/user/0/com.google.android.gms
09-02 18:00:12.561 D/FLTFireContextHolder(10993): received application context.
09-02 18:00:12.568 D/DesktopExperienceFlags(10993): Toggle override initialized to: false
09-02 18:00:12.573 D/CompatChangeReporter(10993): Compat change id reported: 377864165; UID 10235; state: ENABLED
09-02 18:00:12.577 W/skia    (  478): AGTM parsing failed flags.readFromStream(s) at 159
09-02 18:00:12.584 D/FlutterGeolocator(10993): Attaching Geolocator to activity
09-02 18:00:12.587 I/PhenotypeResourceReader( 1223): unable to find any Phenotype resource metadata for com.izzes.nears.nears_nears_2813_guest_token_purge_desyn
09-02 18:00:12.589 I/ken_purge_desyn(10993): hiddenapi: Accessing hidden method Ldalvik/system/VMStack;->getStackClass2()Ljava/lang/Class; (runtime_flags=0, domain=core-platform, api=unsupported) from Lm7/aon; (domain=app, TargetSdkVersion=36) using reflection: allowed
09-02 18:00:12.595 D/nativeloader(10993): Load /data/app/~~C_s1EVRzuKS6Dc9_GMGc7g==/com.izzes.nears.nears_nears_2813_guest_token_purge_desyn-F7qvrLb1_TU4HjUDHg5JZw==/lib/arm64/libdartjni.so using class loader ns clns-9 (caller=/data/app/~~C_s1EVRzuKS6Dc9_GMGc7g==/com.izzes.nears.nears_nears_2813_guest_token_purge_desyn-F7qvrLb1_TU4HjUDHg5JZw==/base.apk!classes12.dex): ok
09-02 18:00:12.597 E/ken_purge_desyn(10993): No package ID 6a found for resource ID 0x6a0b0013.
09-02 18:00:12.598 I/FA      (10993): App measurement initialized, version: 181006
09-02 18:00:12.598 I/FA      (10993): To enable debug logging run: adb shell setprop log.tag.FA VERBOSE
09-02 18:00:12.598 I/FA      (10993): To enable faster debug mode event logging run:
09-02 18:00:12.598 I/FA      (10993):   adb shell setprop debug.firebase.analytics.app com.izzes.nears.nears_nears_2813_guest_token_purge_desyn
09-02 18:00:12.599 E/FA      (10993): Missing google_app_id. Firebase Analytics disabled. See https://goo.gl/NAOOOI
09-02 18:00:12.599 E/FA      (10993): Uploading is not possible. App measurement disabled
09-02 18:00:12.620 I/ken_purge_desyn(10993): hiddenapi: Accessing hidden method Landroid/view/accessibility/AccessibilityNodeInfo;->getSourceNodeId()J (runtime_flags=0, domain=platform, api=unsupported,test-api) from Lio/flutter/view/AccessibilityViewEmbedder$ReflectionAccessors; (domain=app, TargetSdkVersion=36) using reflection: allowed
09-02 18:00:12.620 I/ken_purge_desyn(10993): hiddenapi: Accessing hidden method Landroid/view/accessibility/AccessibilityRecord;->getSourceNodeId()J (runtime_flags=0, domain=platform, api=unsupported) from Lio/flutter/view/AccessibilityViewEmbedder$ReflectionAccessors; (domain=app, TargetSdkVersion=36) using reflection: allowed
09-02 18:00:12.620 I/ken_purge_desyn(10993): hiddenapi: Accessing hidden field Landroid/view/accessibility/AccessibilityNodeInfo;->mChildNodeIds:Landroid/util/LongArray; (runtime_flags=0, domain=platform, api=unsupported) from Lio/flutter/view/AccessibilityViewEmbedder$ReflectionAccessors; (domain=app, TargetSdkVersion=36) using reflection: allowed
09-02 18:00:12.620 I/ken_purge_desyn(10993): hiddenapi: Accessing hidden method Landroid/util/LongArray;->get(I)J (runtime_flags=0, domain=platform, api=unsupported) from Lio/flutter/view/AccessibilityViewEmbedder$ReflectionAccessors; (domain=app, TargetSdkVersion=36) using reflection: allowed
09-02 18:00:12.626 D/FlutterRenderer(10993): Width is zero. 0,0
09-02 18:00:12.630 I/FA      (10993): Tag Manager is not found and thus will not be used
09-02 18:00:12.632 D/ActivityManager(  643): sync unfroze 1576 com.google.android.gms for 6
09-02 18:00:12.633 W/HWUI    (10993): Unknown dataspace 0
09-02 18:00:12.635 W/libc    (10993): Access denied finding property "vendor.mesa.virtgpu.kumquat"
09-02 18:00:12.639 D/ActivityManager(  643): sync unfroze 3638 com.google.android.adservices.api for 6
09-02 18:00:12.642 W/InputChannel-JNI(  643): Channel already disposed.
09-02 18:00:12.643 D/BoundBrokerSvc( 1576): onBind: Intent { act=com.google.android.gms.measurement.START xflg=0x4 pkg=com.google.android.gms }
09-02 18:00:12.643 D/BoundBrokerSvc( 1576): Loading bound service for intent: Intent { act=com.google.android.gms.measurement.START xflg=0x4 pkg=com.google.android.gms }
09-02 18:00:12.644 W/ProcessStats(  643): Tracking association SourceState{f33e6d1 com.google.android.gms/10216 BTop #10417} whose proc state 2 is better than process ProcessState{aa5eade com.google.android.adservices.api/10207 pkg=com.google.android.adservices.api} proc state 14 (3 skipped)
09-02 18:00:12.671 D/ScalingWorkspaceRevealAnim( 1025): onAnimationEnd, workspace and hotseat are visible
09-02 18:00:12.671 D/BaseDepthController( 1025): mSurface is not valid
09-02 18:00:12.677 W/skia    (  478): AGTM parsing failed flags.readFromStream(s) at 159
09-02 18:00:12.736 D/FlutterGeolocator(10993): Creating service.
09-02 18:00:12.736 D/FlutterGeolocator(10993): Binding to location service.
09-02 18:00:12.737 D/FlutterLocationService(10993): Creating service.
09-02 18:00:12.739 D/FlutterLocationService(10993): Binding to location service.
09-02 18:00:12.740 D/WindowOnBackDispatcher(10993): setTopOnBackInvokedCallback (unwrapped): android.app.Activity$$ExternalSyntheticLambda0@e10b41f
09-02 18:00:12.741 D/CoreBackPreview(  643): Window{a18b74e u0 com.izzes.nears.nears_nears_2813_guest_token_purge_desyn/com.izzes.nears.MainActivity}: Setting back callback OnBackInvokedCallbackInfo{mCallback=android.window.IOnBackInvokedCallback$Stub$Proxy@2310a05, mPriority=-1, mIsAnimationCallback=false, mOverrideBehavior=0}
09-02 18:00:12.744 I/WindowExtensionsImpl(10993): Initializing Window Extensions, vendor API level=10, activity embedding enabled=true
09-02 18:00:12.746 W/UiContextUtils(10993): Requested context is a non-UI Context. Creating a UI-Context with display: 0. Context: Context=android.app.Application@39940b1, of which baseContext=android.app.ContextImpl@1fc0aa3
09-02 18:00:12.751 D/VRI[MainActivity](10993): WindowInsets changed: 1344x2992 statusBars:[0,159,0,0] navigationBars:[0,0,0,72] mandatorySystemGestures:[0,195,0,96] 
09-02 18:00:12.751 D/FlutterRenderer(10993): Width is zero. 0,0
09-02 18:00:12.752 I/ken_purge_desyn(10993): Compiler allocated 5317KB to compile void android.view.ViewRootImpl.performTraversals(long)
09-02 18:00:12.753 D/WindowManager(  643): setClientSurface Surface(name=VRI-com.izzes.nears.nears_nears_2813_guest_token_purge_desyn/com.izzes.nears.MainActivity#1259)/@0x2506226 for a18b74e com.izzes.nears.nears_nears_2813_guest_token_purge_desyn/com.izzes.nears.MainActivity
09-02 18:00:12.754 I/Surface (10993): Creating surface for consumer unnamed-10993-0 with slotExpansion=1 for 64 slots
09-02 18:00:12.755 I/Surface (10993): Creating surface for consumer VRI[MainActivity]#0(BLAST Consumer)0 with slotExpansion=1 for 64 slots
09-02 18:00:12.756 D/FlutterJNI(10993): Sending viewport metrics to the engine.
09-02 18:00:12.761 I/Surface (10993): Creating surface for consumer unnamed-10993-1 with slotExpansion=1 for 64 slots
09-02 18:00:12.761 I/Surface (10993): Creating surface for consumer 4f6da15 SurfaceView[com.izzes.nears.nears_nears_2813_guest_token_purge_desyn/com.izzes.nears.MainActivity]#1(BLAST Consumer)1 with slotExpansion=1 for 64 slots
09-02 18:00:12.778 W/skia    (  478): AGTM parsing failed flags.readFromStream(s) at 159
09-02 18:00:12.878 W/skia    (  478): AGTM parsing failed flags.readFromStream(s) at 159
09-02 18:00:13.015 D/FlutterGeolocator(10993): Geolocator foreground service connected
09-02 18:00:13.015 D/FlutterGeolocator(10993): Initializing Geolocator services
09-02 18:00:13.015 D/FlutterGeolocator(10993): Flutter engine connected. Connected engine count 1
09-02 18:00:13.015 D/LocationPlugin(10993): Service connected: ComponentInfo{com.izzes.nears.nears_nears_2813_guest_token_purge_desyn/com.lyokone.location.FlutterLocationService}
09-02 18:00:13.023 W/skia    (  478): AGTM parsing failed flags.readFromStream(s) at 159
09-02 18:00:13.027 D/WindowLayoutComponentImpl(10993): Register WindowLayoutInfoListener on Context=com.izzes.nears.MainActivity@56a9076, of which baseContext=android.app.ContextImpl@b10ebfc
09-02 18:00:13.028 D/FlutterJNI(10993): Sending viewport metrics to the engine.
09-02 18:00:13.031 D/FirebaseSessions(10993): Dependency to CRASHLYTICS added.
09-02 18:00:13.032 I/FirebaseApp(10993): Device unlocked: initializing all Firebase APIs for app [DEFAULT]
09-02 18:00:13.036 I/FirebaseCrashlytics(10993): Initializing Firebase Crashlytics 20.0.6 for com.izzes.nears.nears_nears_2813_guest_token_purge_desyn
09-02 18:00:13.047 D/FirebaseSessions(10993): Subscriber CRASHLYTICS registered.
09-02 18:00:13.064 D/FileUtils(  643): Rounded bytes from 3155017728 to 4000000000
09-02 18:00:13.069 D/nativeloader(10993): Load /data/app/~~C_s1EVRzuKS6Dc9_GMGc7g==/com.izzes.nears.nears_nears_2813_guest_token_purge_desyn-F7qvrLb1_TU4HjUDHg5JZw==/lib/arm64/libdatastore_shared_counter.so using class loader ns clns-9 (caller=/data/app/~~C_s1EVRzuKS6Dc9_GMGc7g==/com.izzes.nears.nears_nears_2813_guest_token_purge_desyn-F7qvrLb1_TU4HjUDHg5JZw==/base.apk!classes23.dex): ok
09-02 18:00:13.072 I/FirebaseCrashlytics(10993): No version control information found
09-02 18:00:13.078 D/FirebaseSessions(10993): Initializing Firebase Sessions 3.0.6.
09-02 18:00:13.078 D/FirebaseSessions(10993): No Sessions subscribers. Not listening to lifecycle events.
09-02 18:00:13.084 D/FirebaseSessions(10993): Notified CRASHLYTICS of new session 7fdf697d60e04c03be41b0c72dc835ea
09-02 18:00:13.127 D/FileUtils(  643): Rounded bytes from 3155017728 to 4000000000
09-02 18:00:13.143 I/FontLog ( 1223): (REDACTED) Received query %s, URI %s
09-02 18:00:13.143 I/FontLog ( 1223): (REDACTED) Query [%s] resolved to %s
09-02 18:00:13.144 I/FontLog ( 1223): (REDACTED) Fetch %s end status %s
09-02 18:00:13.144 I/FontLog ( 1223): (REDACTED) Pulling font file for id = %d, cache size = %d
09-02 18:00:13.144 I/HWUI    (10993): Using FreeType backend (prop=Auto)
09-02 18:00:13.146 I/FontLog ( 1223): (REDACTED) Pulling font file for id = %d, cache size = %d
09-02 18:00:13.199 I/keystore2(  314): system/security/keystore2/src/database.rs:1206 - Setting synchronous=EXTRA
09-02 18:00:13.233 I/AeadWrapper(10993): ciphertext prefix matches a key, but cannot decrypt: javax.crypto.AEADBadTagException: error:1e000065:Cipher functions:OPENSSL_internal:BAD_DECRYPT
09-02 18:00:13.240 I/flutter (10993): ----------------FIREBASE CRASHLYTICS----------------
09-02 18:00:13.240 I/flutter (10993): The following exception was thrown secure guest token read failed; cleared corrupted entry:
09-02 18:00:13.240 I/flutter (10993): ApiFailure(status: null)
09-02 18:00:13.240 I/flutter (10993): #0      StandardMethodCodec.decodeEnvelope (package:flutter/src/services/message_codecs.dart:653:7)
09-02 18:00:13.240 I/flutter (10993): #1      MethodChannel._invokeMethod (package:flutter/src/services/platform_channel.dart:366:18)
09-02 18:00:13.240 I/flutter (10993): <asynchronous suspension>
09-02 18:00:13.240 I/flutter (10993): #2      ApiClient.getStoredGuestToken (package:sixam_mart/api/api_client.dart:277:11)
09-02 18:00:13.240 I/flutter (10993): <asynchronous suspension>
09-02 18:00:13.240 I/flutter (10993): #3      main (package:sixam_mart/main.dart:303:36)
09-02 18:00:13.240 I/flutter (10993): <asynchronous suspension>
09-02 18:00:13.240 I/flutter (10993): ----------------------------------------------------
09-02 18:00:13.257 I/flutter (10993): [FAIL] endpoint=null http_status=null type=ApiFailure msg="secure guest token read failed; cleared corrupted entry"
09-02 18:00:13.260 D/FileUtils(  643): Rounded bytes from 3155017728 to 4000000000
09-02 18:00:13.302 I/flutter (10993): 📊 analytics: app_open {}
09-02 18:00:13.330 I/flutter (10993): [INFO] msg="route: building splash route, hasData=false"
09-02 18:00:13.471 I/flutter (10993): [INFO] msg="route: navigating to splash screen"
09-02 18:00:13.475 I/flutter (10993): [INFO] msg="splash: location prefetch initiated"
09-02 18:00:13.540 W/skia    (  478): AGTM parsing failed flags.readFromStream(s) at 159
09-02 18:00:13.691 W/skia    (  478): AGTM parsing failed flags.readFromStream(s) at 159
09-02 18:00:13.693 I/ActivityTaskManager(  643): Displayed com.izzes.nears.nears_nears_2813_guest_token_purge_desyn/com.izzes.nears.MainActivity for user 0: +1s900ms
09-02 18:00:13.693 I/ActivityTaskManager(  643): Fully drawn com.izzes.nears.nears_nears_2813_guest_token_purge_desyn/com.izzes.nears.MainActivity: +1s900ms
09-02 18:00:13.791 E/com.facebook.GraphResponse(10993): {HttpStatus: 400, errorCode: 190, subErrorCode: -1, errorType: OAuthException, errorMessage: Error validating application. Application has been deleted.}
09-02 18:00:13.791 E/com.facebook.GraphResponse(10993): {HttpStatus: 400, errorCode: 190, subErrorCode: -1, errorType: OAuthException, errorMessage: Error validating application. Application has been deleted.}
09-02 18:00:13.792 W/skia    (  478): AGTM parsing failed flags.readFromStream(s) at 159
09-02 18:00:13.792 W/skia    (  478): AGTM parsing failed flags.readFromStream(s) at 159
09-02 18:00:13.792 W/skia    (  478): AGTM parsing failed flags.readFromStream(s) at 159
09-02 18:00:13.804 E/com.facebook.GraphResponse(10993): {HttpStatus: 400, errorCode: 190, subErrorCode: -1, errorType: OAuthException, errorMessage: Error validating application. Application has been deleted.}
09-02 18:00:13.818 E/FA      (10993): Missing google_app_id. Firebase Analytics disabled. See https://goo.gl/NAOOOI
09-02 18:00:13.824 I/flutter (10993): [INFO] msg="splash: deeplink resolved canRoute=true"
09-02 18:00:13.824 I/flutter (10993): [INFO] msg="splash: routing"
09-02 18:00:13.826 I/flutter (10993): [NET] GET endpoint=/api/v1/config
09-02 18:00:13.830 D/ConnectivityService(  643): requestNetwork for uid/pid:10235/10993 activeRequest: null callbackRequest: 702 [NetworkRequest [ REQUEST id=703, [ Capabilities: INTERNET&NOT_RESTRICTED&TRUSTED&NOT_VCN_MANAGED&NOT_BANDWIDTH_CONSTRAINED Uid: 10235 RequestorUid: 10235 RequestorPkg: com.izzes.nears.nears_nears_2813_guest_token_purge_desyn UnderlyingNetworks: Null] ]] callback flags: 0 order: 2147483647 isUidTracked: false declaredMethods: AVAIL|LOST|NC
09-02 18:00:13.831 D/WifiNetworkFactory(  643): got request NetworkRequest [ REQUEST id=703, [ Capabilities: INTERNET&NOT_RESTRICTED&TRUSTED&NOT_VCN_MANAGED&NOT_BANDWIDTH_CONSTRAINED Uid: 10235 RequestorUid: 10235 RequestorPkg: com.izzes.nears.nears_nears_2813_guest_token_purge_desyn UnderlyingNetworks: Null] ]
09-02 18:00:13.831 D/ConnectivityService(  643): NetReassign [703 : null → 101] [c 0] [a 0] [i 0]
09-02 18:00:13.831 D/UntrustedWifiNetworkFactory(  643): got request NetworkRequest [ REQUEST id=703, [ Capabilities: INTERNET&NOT_RESTRICTED&TRUSTED&NOT_VCN_MANAGED&NOT_BANDWIDTH_CONSTRAINED Uid: 10235 RequestorUid: 10235 RequestorPkg: com.izzes.nears.nears_nears_2813_guest_token_purge_desyn UnderlyingNetworks: Null] ]
09-02 18:00:13.831 D/OemPaidWifiNetworkFactory(  643): got request NetworkRequest [ REQUEST id=703, [ Capabilities: INTERNET&NOT_RESTRICTED&TRUSTED&NOT_VCN_MANAGED&NOT_BANDWIDTH_CONSTRAINED Uid: 10235 RequestorUid: 10235 RequestorPkg: com.izzes.nears.nears_nears_2813_guest_token_purge_desyn UnderlyingNetworks: Null] ]
09-02 18:00:13.831 D/MultiInternetWifiNetworkFactory(  643): got request NetworkRequest [ REQUEST id=703, [ Capabilities: INTERNET&NOT_RESTRICTED&TRUSTED&NOT_VCN_MANAGED&NOT_BANDWIDTH_CONSTRAINED Uid: 10235 RequestorUid: 10235 RequestorPkg: com.izzes.nears.nears_nears_2813_guest_token_purge_desyn UnderlyingNetworks: Null] ]
09-02 18:00:13.850 I/ImeTracker(  643): com.izzes.nears.nears_nears_2813_guest_token_purge_desyn:bfbc8fa8: onRequestHide at ORIGIN_SERVER reason HIDE_UNSPECIFIED_WINDOW fromUser false userId 0 displayId 0
09-02 18:00:13.851 D/InputMethodManagerService(  643): Attach new input but force hide
09-02 18:00:13.851 I/ImeTracker(  643): com.izzes.nears.nears_nears_2813_guest_token_purge_desyn:c1f4b0b: onRequestHide at ORIGIN_SERVER reason HIDE_SOFT_INPUT fromUser false userId 0 displayId 0
09-02 18:00:13.851 I/ImeTracker(  643): com.izzes.nears.nears_nears_2813_guest_token_purge_desyn:c1f4b0b: onCancelled at PHASE_SERVER_SHOULD_HIDE
09-02 18:00:13.851 W/InputChannel-JNI(  643): Channel already disposed.
09-02 18:00:13.852 I/GoogleInputMethodService( 1522): GoogleInputMethodService.onFinishInput():2159 
09-02 18:00:13.852 I/Module  ( 1522): DeviceLockedStatusModuleProvider$Module.updateDeviceLockedStatus():103 repeatCheckTimes = 0, locked = false
09-02 18:00:13.852 I/ImeTracker(  643): system_server:97c73d7e: onRequestHide at ORIGIN_SERVER reason IME_REQUESTED_CHANGED_LISTENER fromUser false displayId 0
09-02 18:00:13.852 I/GoogleInputMethodService( 1522): GoogleInputMethodService.onStartInput():1434 onStartInput(EditorInfo{EditorInfo{packageName=com.izzes.nears.nears_nears_2813_guest_token_purge_desyn, inputType=0, inputTypeString=NULL, enableLearning=false, autoCorrection=false, autoComplete=false, imeOptions=0, privateImeOptions=null, actionName=UNSPECIFIED, actionLabel=null, initialSelStart=-1, initialSelEnd=-1, initialCapsMode=0, label=null, fieldId=0, fieldName=null, extras=null, hintText=null, hintLocales=[]}}, false)
09-02 18:00:13.852 I/AndroidIME( 1522): LatinIMEBase.updateInputViewCoverNavigation():312 Update input view padding, isNavbarOverInputWindow=true, bottom inset=144
09-02 18:00:13.852 I/Module  ( 1522): DeviceLockedStatusModuleProvider$Module.updateDeviceLockedStatus():103 repeatCheckTimes = 1, locked = false
09-02 18:00:13.853 I/ImeTracker(  643): system_server:97c73d7e: onCancelled at PHASE_SERVER_SHOULD_HIDE
09-02 18:00:13.858 W/PackageConfigPersister(  643): App-specific configuration not found for packageName: com.izzes.nears.nears_nears_2813_guest_token_purge_desyn and userId: 0
09-02 18:00:13.877 D/InsetsController(10993): hide(ime())
09-02 18:00:13.877 I/ImeTracker(10993): com.izzes.nears.nears_nears_2813_guest_token_purge_desyn:bfbc8fa8: onCancelled at PHASE_CLIENT_ALREADY_HIDDEN
09-02 18:00:13.879 I/FLTFireBGExecutor(10993): Creating background FlutterEngine instance, with args: []
09-02 18:00:13.880 W/libc    (10993): Access denied finding property "vendor.mesa.virtgpu.kumquat"
09-02 18:00:13.887 I/flutter (10993): [IMPORTANT:flutter/shell/platform/android/android_context_gl_impeller.cc(104)] Using the Impeller rendering backend (OpenGLES).
09-02 18:00:13.887 D/FLTFireContextHolder(10993): received application context.
09-02 18:00:13.888 W/libc    (10993): Access denied finding property "vendor.mesa.virtgpu.kumquat"
09-02 18:00:13.892 W/skia    (  478): AGTM parsing failed flags.readFromStream(s) at 159
09-02 18:00:13.892 W/skia    (  478): AGTM parsing failed flags.readFromStream(s) at 159
09-02 18:00:13.892 W/skia    (  478): AGTM parsing failed flags.readFromStream(s) at 159
09-02 18:00:13.992 W/skia    (  478): AGTM parsing failed flags.readFromStream(s) at 159
09-02 18:00:13.993 W/skia    (  478): AGTM parsing failed flags.readFromStream(s) at 159
09-02 18:00:13.993 W/skia    (  478): AGTM parsing failed flags.readFromStream(s) at 159
09-02 18:00:14.026 E/com.facebook.GraphResponse(10993): {HttpStatus: 400, errorCode: 190, subErrorCode: -1, errorType: OAuthException, errorMessage: Error validating application. Application has been deleted.}
09-02 18:00:14.070 E/com.facebook.GraphResponse(10993): {HttpStatus: 400, errorCode: 190, subErrorCode: -1, errorType: OAuthException, errorMessage: Error validating application. Application has been deleted.}
09-02 18:00:14.076 D/BaseActivity( 1025): Launcher flags updated: [] -[state_started]
09-02 18:00:14.076 D/BaseDepthController( 1025): setSurface:
09-02 18:00:14.076 D/BaseDepthController( 1025): 	mWaitingOnSurfaceValidity: true
09-02 18:00:14.076 D/BaseDepthController( 1025): 	mBaseSurface: null
09-02 18:00:14.076 D/BaseDepthController( 1025): mSurface is null and mCurrentBlur is: 0
09-02 18:00:14.076 D/BaseDepthController( 1025): setEarlyWakeup: false
09-02 18:00:14.077 D/LauncherStateManager( 1025): StateManager.goToState: fromState: Normal, toState: Normal, partial trace:
09-02 18:00:14.077 D/LauncherStateManager( 1025): 	at com.android.launcher3.statemanager.StateManager.moveToRestState(go/retraceme 4b96215a9d9b4c1494121442fbf9d6e89857c91e1d76ddcc689701971259418a:26)
09-02 18:00:14.077 D/LauncherStateManager( 1025): 	at com.android.launcher3.statemanager.StateManager.moveToRestState(go/retraceme 4b96215a9d9b4c1494121442fbf9d6e89857c91e1d76ddcc689701971259418a:35)
09-02 18:00:14.077 D/LauncherStateManager( 1025): 	at com.android.launcher3.statemanager.StatefulActivity.onStop(go/retraceme 4b96215a9d9b4c1494121442fbf9d6e89857c91e1d76ddcc689701971259418a:31)
09-02 18:00:14.077 D/LauncherStateManager( 1025): StateManager.onRepeatStateSetAborted: state: Normal
09-02 18:00:14.077 D/KeyboardStateManager( 1025): hideKeyboard
09-02 18:00:14.077 D/KeyboardStateManager( 1025): isImeShown: false
09-02 18:00:14.077 D/StatsLog( 1025): LAUNCHER_ONSTOP
09-02 18:00:14.077 D/StatsLog( 1025): LAUNCHER_GOOGLE_SEARCH_RESTORE_LIST_SIZE_AFTER_ACTIVITY_RESTART
09-02 18:00:14.093 W/skia    (  478): AGTM parsing failed flags.readFromStream(s) at 159
09-02 18:00:14.093 W/skia    (  478): AGTM parsing failed flags.readFromStream(s) at 159
09-02 18:00:14.093 W/skia    (  478): AGTM parsing failed flags.readFromStream(s) at 159
09-02 18:00:14.100 W/System  ( 1025): A resource failed to call release. 
09-02 18:00:14.100 W/System  ( 1025): A resource failed to call release. 
09-02 18:00:14.100 W/System  ( 1025): A resource failed to call release. 
09-02 18:00:14.110 I/flutter (10993): [INFO] msg="FCM registration id obtained"
09-02 18:00:14.111 I/flutter (10993): [NET] POST endpoint=/api/v1/auth/guest/request
09-02 18:00:14.112 D/FlutterGeolocator(10993): Geolocator foreground service connected
09-02 18:00:14.112 D/FlutterGeolocator(10993): Initializing Geolocator services
09-02 18:00:14.112 D/FlutterGeolocator(10993): Flutter engine connected. Connected engine count 2
09-02 18:00:14.113 I/FLTFireMsgService(10993): FlutterFirebaseMessagingBackgroundService started!
09-02 18:00:14.160 I/FusedLocation( 1223): stationary throttling disengaged [CONTEXT service_id=6 ]
09-02 18:00:14.167 I/FusedOrientationManager( 1223): Registering orientation client. [CONTEXT service_id=6 ]
09-02 18:00:14.170 W/Looper  ( 1223): Looper already prepared for this thread with a different value for the LOOPER_PREPARE_ALLOW_NON_CALLBACKS option.
09-02 18:00:14.174 I/ActivityScheduler( 1223): nextTriggerTime: 33596036, in 75313ms, detectorType: 39, FULL_TYPE alarmWindowMillis: 1666
09-02 18:00:14.175 W/Settings( 1223): Setting airplane_mode_on has moved from android.provider.Settings.System to android.provider.Settings.Global, returning read-only value.
09-02 18:00:14.176 W/SystemServiceRegistry( 1223): No service published for: wifirtt
09-02 18:00:14.176 E/Nl80211Native(  643): getChannelsMhzForBand: Wiphy index not recorded for band 8
09-02 18:00:14.176 E/Nl80211Native(  643): getChannelsMhzForBand: Wiphy index not recorded for band 16
09-02 18:00:14.176 D/Nl80211Native(  643): Ignoring unsupported scan type 0
09-02 18:00:14.177 I/Nl80211Proxy(  643): Sending Nl80211 message: GenericNetlinkMsg{ nlHeader{StructNlMsgHdr{ nlmsg_len{160}, nlmsg_type{29()}, nlmsg_flags{5(NLM_F_REQUEST|NLM_F_ACK)}, nlmsg_seq{696}, nlmsg_pid{0} }}, genNlHeader{StructGenNlMsgHdr{ command{33}, version{1}, reserved{0} }}, attributes{[StructNlAttr{ nla_len{8}, nla_type{-32723}, nla_value{04000000}, }, StructNlAttr{ nla_len{8}, nla_type{3}, nla_value{10000000}, }, StructNlAttr{ nla_len{116}, nla_type{-32724}, nla_value{080000006C09000008000100710900000800020076090000080003007B09000008000400800900000800050085090000080006008A090000080007008F0900000800080094090000080009009909000008000A009E09000008000B00A309000008000C00A809000008000D00B4090000}, }, StructNlAttr{ nla_len{8}, nla_type{158}, nla_value{00000000}, }]} }
09-02 18:00:14.177 I/Nl80211Proxy(  643): Received NLMSG_ERROR with error 0 for message GenericNetlinkMsg{ nlHeader{StructNlMsgHdr{ nlmsg_len{160}, nlmsg_type{29()}, nlmsg_flags{5(NLM_F_REQUEST|NLM_F_ACK)}, nlmsg_seq{696}, nlmsg_pid{0} }}, genNlHeader{StructGenNlMsgHdr{ command{33}, version{1}, reserved{0} }}, attributes{[StructNlAttr{ nla_len{8}, nla_type{-32723}, nla_value{04000000}, }, StructNlAttr{ nla_len{8}, nla_type{3}, nla_value{10000000}, }, StructNlAttr{ nla_len{116}, nla_type{-32724}, nla_value{080000006C09000008000100710900000800020076090000080003007B09000008000400800900000800050085090000080006008A090000080007008F0900000800080094090000080009009909000008000A009E09000008000B00A309000008000C00A809000008000D00B4090000}, }, StructNlAttr{ nla_len{8}, nla_type{158}, nla_value{00000000}, }]} }
09-02 18:00:14.194 W/skia    (  478): AGTM parsing failed flags.readFromStream(s) at 159
09-02 18:00:14.194 W/skia    (  478): AGTM parsing failed flags.readFromStream(s) at 159
09-02 18:00:14.194 W/skia    (  478): AGTM parsing failed flags.readFromStream(s) at 159
09-02 18:00:14.234 I/flutter (10993): [NET] endpoint=/api/v1/config http_status=200
09-02 18:00:14.242 I/flutter (10993): [INFO] msg="splash: deeplink resolved canRoute=true"
09-02 18:00:14.242 I/flutter (10993): [INFO] msg="splash: routing"
09-02 18:00:14.248 I/flutter (10993): [INFO] msg="FCM registration id obtained"
09-02 18:00:14.249 I/flutter (10993): [NET] POST endpoint=/api/v1/auth/guest/request
09-02 18:00:14.294 W/skia    (  478): AGTM parsing failed flags.readFromStream(s) at 159
09-02 18:00:14.294 W/skia    (  478): AGTM parsing failed flags.readFromStream(s) at 159
09-02 18:00:14.325 I/flutter (10993): [NET] endpoint=/api/v1/auth/guest/request http_status=200
09-02 18:00:14.339 E/com.facebook.GraphResponse(10993): {HttpStatus: 400, errorCode: 190, subErrorCode: -1, errorType: OAuthException, errorMessage: Error validating application. Application has been deleted.}
09-02 18:00:14.339 I/flutter (10993): [NET] GET endpoint=/api/v1/config/get-zone-id
09-02 18:00:14.340 I/flutter (10993): [NET] GET endpoint=/api/v1/module
09-02 18:00:14.393 E/com.facebook.GraphResponse(10993): {HttpStatus: 400, errorCode: 190, subErrorCode: -1, errorType: OAuthException, errorMessage: Error validating application. Application has been deleted.}
09-02 18:00:14.394 W/skia    (  478): AGTM parsing failed flags.readFromStream(s) at 159
09-02 18:00:14.394 W/skia    (  478): AGTM parsing failed flags.readFromStream(s) at 159
09-02 18:00:14.414 I/flutter (10993): [NET] endpoint=/api/v1/auth/guest/request http_status=200
09-02 18:00:14.429 I/flutter (10993): [INFO] msg="splash-nav: duplicate boot resolution skipped (config cache+network chain)"
09-02 18:00:14.495 W/skia    (  478): AGTM parsing failed flags.readFromStream(s) at 159
09-02 18:00:14.496 W/skia    (  478): AGTM parsing failed flags.readFromStream(s) at 159
09-02 18:00:14.530 I/flutter (10993): [NET] endpoint=/api/v1/module http_status=200
09-02 18:00:14.563 E/com.facebook.GraphResponse(10993): {HttpStatus: 400, errorCode: 190, subErrorCode: -1, errorType: OAuthException, errorMessage: Error validating application. Application has been deleted.}
09-02 18:00:14.597 W/skia    (  478): AGTM parsing failed flags.readFromStream(s) at 159
09-02 18:00:14.597 W/skia    (  478): AGTM parsing failed flags.readFromStream(s) at 159
09-02 18:00:14.631 I/flutter (10993): [NET] endpoint=/api/v1/config/get-zone-id http_status=200
09-02 18:00:14.631 I/flutter (10993): [INFO] msg="location: inZone=true"
09-02 18:00:14.636 I/flutter (10993): 📊 analytics: sectors_shown {sectors_count: 3, zone_id: 1}
09-02 18:00:14.650 I/flutter (10993): [INFO] msg="route: initial route module=null"
09-02 18:00:14.680 I/flutter (10993): [INFO] msg="home load started"
09-02 18:00:14.697 W/skia    (  478): AGTM parsing failed flags.readFromStream(s) at 159
09-02 18:00:14.697 W/skia    (  478): AGTM parsing failed flags.readFromStream(s) at 159
09-02 18:00:14.701 I/adbd    (  486): adbd service requested 'shell,v2,TERM=xterm-256color,raw:dumpsys package com.google.android.gms'
09-02 18:00:14.737 I/artd    ( 3561): GetBestInfo: odex next to the dex file (/data/app/~~WyeRuaG1egMURVerGLSCXQ==/com.google.android.gms-7IVUXcrLbyN86ZSGS2KfJw==/oat/arm64/base.odex) is kOatUpToDate with filter 'speed-profile' executable 'false'
09-02 18:00:14.738 I/artd    ( 3561): GetBestInfo: dm (/data/app/~~WyeRuaG1egMURVerGLSCXQ==/com.google.android.gms-7IVUXcrLbyN86ZSGS2KfJw==/split_AdsDynamite_installtime.dm) is kOatUpToDate with filter 'verify' executable 'false'
09-02 18:00:14.739 I/artd    ( 3561): GetBestInfo: odex next to the dex file (/data/app/~~WyeRuaG1egMURVerGLSCXQ==/com.google.android.gms-7IVUXcrLbyN86ZSGS2KfJw==/oat/arm64/split_CronetDynamite_installtime.odex) is kOatUpToDate with filter 'speed-profile' executable 'false'
09-02 18:00:14.739 I/artd    ( 3561): GetBestInfo: dm (/data/app/~~WyeRuaG1egMURVerGLSCXQ==/com.google.android.gms-7IVUXcrLbyN86ZSGS2KfJw==/split_DynamiteLoader_installtime.dm) is kOatUpToDate with filter 'verify' executable 'false'
09-02 18:00:14.740 I/artd    ( 3561): GetBestInfo: dm (/data/app/~~WyeRuaG1egMURVerGLSCXQ==/com.google.android.gms-7IVUXcrLbyN86ZSGS2KfJw==/split_DynamiteModulesA_installtime.dm) is kOatUpToDate with filter 'verify' executable 'false'
09-02 18:00:14.740 I/artd    ( 3561): GetBestInfo: dm (/data/app/~~WyeRuaG1egMURVerGLSCXQ==/com.google.android.gms-7IVUXcrLbyN86ZSGS2KfJw==/split_DynamiteModulesC_installtime.dm) is kOatUpToDate with filter 'verify' executable 'false'
09-02 18:00:14.741 I/artd    ( 3561): GetBestInfo: dm (/data/app/~~WyeRuaG1egMURVerGLSCXQ==/com.google.android.gms-7IVUXcrLbyN86ZSGS2KfJw==/split_GoogleCertificates_installtime.dm) is kOatUpToDate with filter 'verify' executable 'false'
09-02 18:00:14.742 I/artd    ( 3561): GetBestInfo: dm (/data/app/~~WyeRuaG1egMURVerGLSCXQ==/com.google.android.gms-7IVUXcrLbyN86ZSGS2KfJw==/split_MapsDynamite_installtime.dm) is kOatUpToDate with filter 'verify' executable 'false'
09-02 18:00:14.742 I/artd    ( 3561): GetBestInfo: dm (/data/app/~~WyeRuaG1egMURVerGLSCXQ==/com.google.android.gms-7IVUXcrLbyN86ZSGS2KfJw==/split_MeasurementDynamite_installtime.dm) is kOatUpToDate with filter 'verify' executable 'false'
09-02 18:00:14.743 I/artd    ( 3561): GetBestInfo: /data/user_de/0/com.google.android.gms/app_chimera/m/00000001/CronetDynamite.apk has no usable artifacts
09-02 18:00:14.743 I/artd    ( 3561): GetBestInfo: vdex next to the dex file (/data/user/0/com.google.android.gms/app_dg_cache/F43216EC192C66BFB5A30C3CDD57E8C5C9005730/oat/arm64/the.vdex) is kOatUpToDate with filter 'verify' executable 'false'
09-02 18:00:14.744 I/artd    ( 3561): GetBestInfo: /data/user_de/0/com.google.android.gms/app_chimera/m/00000002/DynamiteLoader.apk has no usable artifacts
09-02 18:00:14.744 I/artd    ( 3561): GetBestInfo: /data/user_de/0/com.google.android.gms/app_chimera/m/00000006/MapsDynamite.apk has no usable artifacts
09-02 18:00:14.744 I/artd    ( 3561): GetBestInfo: vdex next to the dex file (/data/user/0/com.google.android.gms/app_dg_cache/AEB5BC832EBF3852F39BA4BE495DD40566104436/oat/arm64/the.vdex) is kOatUpToDate with filter 'verify' executable 'false'
09-02 18:00:14.745 I/artd    ( 3561): GetBestInfo: /data/user_de/0/com.google.android.gms/app_chimera/m/00000012/dl-MlkitBarcodeUi.optional_263234100400.apk has no usable artifacts
09-02 18:00:14.745 I/artd    ( 3561): GetBestInfo: /data/user_de/0/com.google.android.gms/app_chimera/m/00000005/GoogleCertificates.apk has no usable artifacts
09-02 18:00:14.746 I/artd    ( 3561): GetBestInfo: /data/user_de/0/com.google.android.gms/app_chimera/m/00000017/dl-MapsCoreDynamite.integ_260830204100400.apk has no usable artifacts
09-02 18:00:14.746 I/artd    ( 3561): GetBestInfo: /data/user_de/0/com.google.android.gms/app_chimera/m/00000008/dl-MlkitOcrCommon.optional_261136100400.apk has no usable artifacts
09-02 18:00:14.747 I/artd    ( 3561): GetBestInfo: /data/user_de/0/com.google.android.gms/app_chimera/m/0000000f/dl-PlayCloudSearch.optional_261136100000.apk has no usable artifacts
09-02 18:00:14.747 I/artd    ( 3561): GetBestInfo: /data/user_de/0/com.google.android.gms/app_chimera/m/00000009/dl-VisionOcr.optional_261136100000.apk has no usable artifacts
09-02 18:00:14.748 I/artd    ( 3561): GetBestInfo: /data/user_de/0/com.google.android.gms/app_chimera/m/00000016/dl-VisionOcr.optional_263234100000.apk has no usable artifacts
09-02 18:00:14.748 I/artd    ( 3561): GetBestInfo: /data/user_de/0/com.google.android.gms/app_chimera/m/00000015/dl-IdentityCredentialsPlatform.optional_263234100400.apk has no usable artifacts
09-02 18:00:14.749 I/artd    ( 3561): GetBestInfo: /data/user_de/0/com.google.android.gms/app_chimera/m/00000013/dl-MlkitOcrCommon.optional_263234100400.apk has no usable artifacts
09-02 18:00:14.750 I/artd    ( 3561): GetBestInfo: /data/user_de/0/com.google.android.gms/app_chimera/m/0000000d/dl-IdentityCredentialsPlatform.optional_261136100400.apk has no usable artifacts
09-02 18:00:14.750 I/artd    ( 3561): GetBestInfo: vdex next to the dex file (/data/user/0/com.google.android.gms/app_dg_cache/6EF5C2E3C39D601B699E493E3C02879B45CBDB40/oat/arm64/the.vdex) is kOatUpToDate with filter 'verify' executable 'false'
09-02 18:00:14.751 I/artd    ( 3561): GetBestInfo: /data/user_de/0/com.google.android.gms/app_chimera/m/0000000a/dl-TfliteDynamiteDynamite.integ_260580502100400.apk has no usable artifacts
09-02 18:00:14.751 I/artd    ( 3561): GetBestInfo: /data/user_de/0/com.google.android.gms/app_chimera/m/0000000c/dl-MlkitBarcodeUi.optional_261136100400.apk has no usable artifacts
09-02 18:00:14.752 I/artd    ( 3561): GetBestInfo: /data/user_de/0/com.google.android.gms/app_chimera/m/00000014/dl-PlayCloudSearch.optional_263234100000.apk has no usable artifacts
09-02 18:00:14.752 I/artd    ( 3561): GetBestInfo: /data/user_de/0/com.google.android.gms/app_chimera/m/00000007/MeasurementDynamite.apk has no usable artifacts
09-02 18:00:14.752 I/artd    ( 3561): GetBestInfo: /data/user_de/0/com.google.android.gms/app_chimera/m/00000011/dl-Appsearch.optional_263234100400.apk has no usable artifacts
09-02 18:00:14.805 I/flutter (10993): [NET] GET endpoint=/api/v1/config/get-zone-id
09-02 18:00:14.805 D/WindowOnBackDispatcher(10993): setTopOnBackInvokedCallback (unwrapped): io.flutter.embedding.android.FlutterActivity$1@8fbc33
09-02 18:00:14.805 D/CoreBackPreview(  643): Window{a18b74e u0 com.izzes.nears.nears_nears_2813_guest_token_purge_desyn/com.izzes.nears.MainActivity}: Setting back callback OnBackInvokedCallbackInfo{mCallback=android.window.IOnBackInvokedCallback$Stub$Proxy@6a4dbec, mPriority=0, mIsAnimationCallback=true, mOverrideBehavior=0}
09-02 18:00:14.806 W/skia    (  478): AGTM parsing failed flags.readFromStream(s) at 159
09-02 18:00:14.806 W/skia    (  478): AGTM parsing failed flags.readFromStream(s) at 159
09-02 18:00:14.907 W/skia    (  478): AGTM parsing failed flags.readFromStream(s) at 159
09-02 18:00:14.907 W/skia    (  478): AGTM parsing failed flags.readFromStream(s) at 159
09-02 18:00:14.959 D/WifiNative(  643): Scan result ready event
09-02 18:00:14.960 I/Nl80211Proxy(  643): Sending Nl80211 message: GenericNetlinkMsg{ nlHeader{StructNlMsgHdr{ nlmsg_len{20}, nlmsg_type{29()}, nlmsg_flags{769(NLM_F_REQUEST|NLM_F_DUMP)}, nlmsg_seq{697}, nlmsg_pid{0} }}, genNlHeader{StructGenNlMsgHdr{ command{5}, version{1}, reserved{0} }}, attributes{[]} }
09-02 18:00:14.960 I/Nl80211Proxy(  643): Received NLMSG_DONE for message GenericNetlinkMsg{ nlHeader{StructNlMsgHdr{ nlmsg_len{20}, nlmsg_type{29()}, nlmsg_flags{769(NLM_F_REQUEST|NLM_F_DUMP)}, nlmsg_seq{697}, nlmsg_pid{0} }}, genNlHeader{StructGenNlMsgHdr{ command{5}, version{1}, reserved{0} }}, attributes{[]} }
09-02 18:00:14.960 W/Nl80211Utils(  643): Malformed NEW_INTERFACE response: missing attributes
09-02 18:00:14.960 I/Nl80211Proxy(  643): Sending Nl80211 message: GenericNetlinkMsg{ nlHeader{StructNlMsgHdr{ nlmsg_len{28}, nlmsg_type{29()}, nlmsg_flags{769(NLM_F_REQUEST|NLM_F_DUMP)}, nlmsg_seq{698}, nlmsg_pid{0} }}, genNlHeader{StructGenNlMsgHdr{ command{32}, version{1}, reserved{0} }}, attributes{[StructNlAttr{ nla_len{8}, nla_type{3}, nla_value{10000000}, }]} }
09-02 18:00:14.960 I/Nl80211Proxy(  643): Received NLMSG_DONE for message GenericNetlinkMsg{ nlHeader{StructNlMsgHdr{ nlmsg_len{28}, nlmsg_type{29()}, nlmsg_flags{769(NLM_F_REQUEST|NLM_F_DUMP)}, nlmsg_seq{698}, nlmsg_pid{0} }}, genNlHeader{StructGenNlMsgHdr{ command{32}, version{1}, reserved{0} }}, attributes{[StructNlAttr{ nla_len{8}, nla_type{3}, nla_value{10000000}, }]} }
09-02 18:00:14.961 I/HalDevMgr(  643): bestIfaceCreationProposal is null, requestIface=STA, existingIface=[name=wlan0 type=STA]
09-02 18:00:14.963 I/FrewleTileCacheManagerV( 1223): (REDACTED) Fetched %d AP models from cache
09-02 18:00:14.964 I/ActivityScheduler( 1223): nextTriggerTime: 33596036, in 74523ms, detectorType: 39, FULL_TYPE alarmWindowMillis: 1666
09-02 18:00:15.007 W/skia    (  478): AGTM parsing failed flags.readFromStream(s) at 159
09-02 18:00:15.007 W/skia    (  478): AGTM parsing failed flags.readFromStream(s) at 159
09-02 18:00:15.108 W/skia    (  478): AGTM parsing failed flags.readFromStream(s) at 159
09-02 18:00:15.108 W/skia    (  478): AGTM parsing failed flags.readFromStream(s) at 159
09-02 18:00:15.117 I/HalDevMgr(  643): bestIfaceCreationProposal is null, requestIface=STA, existingIface=[name=wlan0 type=STA]
09-02 18:00:15.208 W/skia    (  478): AGTM parsing failed flags.readFromStream(s) at 159
09-02 18:00:15.208 W/skia    (  478): AGTM parsing failed flags.readFromStream(s) at 159
09-02 18:00:15.309 W/skia    (  478): AGTM parsing failed flags.readFromStream(s) at 159
09-02 18:00:15.309 W/skia    (  478): AGTM parsing failed flags.readFromStream(s) at 159
09-02 18:00:15.409 W/skia    (  478): AGTM parsing failed flags.readFromStream(s) at 159
09-02 18:00:15.409 W/skia    (  478): AGTM parsing failed flags.readFromStream(s) at 159
09-02 18:00:15.510 W/skia    (  478): AGTM parsing failed flags.readFromStream(s) at 159
09-02 18:00:15.510 W/skia    (  478): AGTM parsing failed flags.readFromStream(s) at 159
09-02 18:00:15.611 W/skia    (  478): AGTM parsing failed flags.readFromStream(s) at 159
09-02 18:00:15.611 W/skia    (  478): AGTM parsing failed flags.readFromStream(s) at 159
09-02 18:00:15.632 I/flutter (10993): [NET] endpoint=/api/v1/config/get-zone-id http_status=200
09-02 18:00:15.632 I/flutter (10993): [INFO] msg="location: inZone=true"
09-02 18:00:15.636 I/flutter (10993): [NET] GET endpoint=/api/v1/banners
09-02 18:00:15.651 I/flutter (10993): [NET] GET endpoint=/api/v1/module
09-02 18:00:15.655 I/flutter (10993): [NET] GET endpoint=/api/v1/stores/get-stores/all
09-02 18:00:15.711 W/skia    (  478): AGTM parsing failed flags.readFromStream(s) at 159
09-02 18:00:15.711 W/skia    (  478): AGTM parsing failed flags.readFromStream(s) at 159
09-02 18:00:15.799 E/TaskPersister(  643): File error accessing recents directory (directory doesn't exist?).
09-02 18:00:16.158 W/skia    (  478): AGTM parsing failed flags.readFromStream(s) at 159
09-02 18:00:16.158 W/skia    (  478): AGTM parsing failed flags.readFromStream(s) at 159
09-02 18:00:16.170 D/SatelliteController( 1022): isInCarrierRoamingNbIotNtn: satellite is disabled
09-02 18:00:16.170 D/SatelliteController( 1022): getCarrierRoamingNtnConnectType: Checking connect type from PLMN config for subId: 1
09-02 18:00:16.170 D/TelephonyConfigUpdateInstallReceiver( 1022): getConfigParser: domain=satellite
09-02 18:00:16.170 V/SatelliteController( 1022): satelliteConfigParser is not ready
09-02 18:00:16.170 D/SatelliteController( 1022): isSatelliteAttachSupportedViaConfigupdater: return null (satelliteConfig is null)
09-02 18:00:16.171 D/SatelliteController( 1022): getSatellitePerPlmnConfiguration: invalid subId or not supported via carrier.
09-02 18:00:16.171 D/SatelliteController( 1022): getCarrierRoamingNtnConnectType: config: null
09-02 18:00:16.171 D/TelephonyConfigUpdateInstallReceiver( 1022): getConfigParser: domain=satellite
09-02 18:00:16.171 V/SatelliteController( 1022): satelliteConfigParser is not ready
09-02 18:00:16.171 D/SatelliteController( 1022): getCarrierRoamingNtnConnectTypeViaConfigUpdater: return null (satelliteConfig is null)
09-02 18:00:16.171 D/SatelliteController( 1022): getCarrierRoamingNtnConnectType: Falling back to global carrier config connect type: 0
09-02 18:00:16.171 D/TelephonyConfigUpdateInstallReceiver( 1022): getConfigParser: domain=satellite
09-02 18:00:16.171 V/SatelliteController( 1022): satelliteConfigParser is not ready
09-02 18:00:16.171 D/SatelliteController( 1022): isSatelliteAttachSupportedViaConfigupdater: return null (satelliteConfig is null)
09-02 18:00:16.171 D/SatelliteController( 1022): getCarrierRoamingNtnConnectType: Checking connect type from PLMN config for subId: 1
09-02 18:00:16.171 D/TelephonyConfigUpdateInstallReceiver( 1022): getConfigParser: domain=satellite
09-02 18:00:16.171 V/SatelliteController( 1022): satelliteConfigParser is not ready
09-02 18:00:16.171 D/SatelliteController( 1022): isSatelliteAttachSupportedViaConfigupdater: return null (satelliteConfig is null)
09-02 18:00:16.171 D/SatelliteController( 1022): getSatellitePerPlmnConfiguration: invalid subId or not supported via carrier.
09-02 18:00:16.171 D/SatelliteController( 1022): getCarrierRoamingNtnConnectType: config: null
09-02 18:00:16.171 D/TelephonyConfigUpdateInstallReceiver( 1022): getConfigParser: domain=satellite
09-02 18:00:16.171 V/SatelliteController( 1022): satelliteConfigParser is not ready
09-02 18:00:16.171 D/SatelliteController( 1022): getCarrierRoamingNtnConnectTypeViaConfigUpdater: return null (satelliteConfig is null)
09-02 18:00:16.171 D/SatelliteController( 1022): getCarrierRoamingNtnConnectType: Falling back to global carrier config connect type: 0
09-02 18:00:16.171 D/TelephonyConfigUpdateInstallReceiver( 1022): getConfigParser: domain=satellite
09-02 18:00:16.171 V/SatelliteController( 1022): satelliteConfigParser is not ready
09-02 18:00:16.171 D/SatelliteController( 1022): isSatelliteAttachSupportedViaConfigupdater: return null (satelliteConfig is null)
09-02 18:00:16.259 W/skia    (  478): AGTM parsing failed flags.readFromStream(s) at 159
09-02 18:00:16.259 W/skia    (  478): AGTM parsing failed flags.readFromStream(s) at 159
09-02 18:00:16.360 W/skia    (  478): AGTM parsing failed flags.readFromStream(s) at 159
09-02 18:00:16.360 W/skia    (  478): AGTM parsing failed flags.readFromStream(s) at 159
09-02 18:00:16.460 W/skia    (  478): AGTM parsing failed flags.readFromStream(s) at 159
09-02 18:00:16.460 W/skia    (  478): AGTM parsing failed flags.readFromStream(s) at 159
09-02 18:00:16.637 I/flutter (10993): [NET] endpoint=/api/v1/module http_status=200
09-02 18:00:16.646 I/flutter (10993): [NET] endpoint=/api/v1/banners http_status=200
09-02 18:00:16.673 W/skia    (  478): AGTM parsing failed flags.readFromStream(s) at 159
09-02 18:00:16.674 W/skia    (  478): AGTM parsing failed flags.readFromStream(s) at 159
09-02 18:00:16.721 I/flutter (10993): [NET] endpoint=/api/v1/stores/get-stores/all http_status=200
09-02 18:00:17.490 D/ProfileInstaller(10993): Installing profile for com.izzes.nears.nears_nears_2813_guest_token_purge_desyn
09-02 18:00:18.122 I/AdbWifiNetworkMonitor(  643): Wi-Fi network available
09-02 18:00:18.122 I/AdbWifiNetworkMonitor(  643): Received the same Wi-Fi SSID. Ignoring.
09-02 18:00:18.123 I/HalDevMgr(  643): bestIfaceCreationProposal is null, requestIface=STA, existingIface=[name=wlan0 type=STA]
09-02 18:00:18.123 W/libbinder.IPCThreadState(  643): Sending oneway calls to frozen process.
09-02 18:00:18.123 W/libbinder.IPCThreadState(  643): Sending oneway calls to frozen process.
09-02 18:00:18.123 W/libbinder.IPCThreadState(  643): Sending oneway calls to frozen process.
09-02 18:00:18.124 W/libbinder.IPCThreadState(  643): Sending oneway calls to frozen process.
09-02 18:00:18.124 W/libbinder.IPCThreadState(  643): Sending oneway calls to frozen process.
09-02 18:00:18.124 W/libbinder.IPCThreadState(  643): Sending oneway calls to frozen process.
09-02 18:00:18.124 W/libbinder.IPCThreadState(  643): Sending oneway calls to frozen process.
09-02 18:00:18.125 D/ConnectivityService(  643): NetReassign [no changes] [c 0] [a 1] [i 0]
09-02 18:00:18.125 I/NearbyMediums( 1223): Wifi changed new SSID: "AndroidWifi"
09-02 18:00:18.126 I/NearbyMediums( 1223): WifiLanConnectivityInfo is not changed, skip notify.
09-02 18:00:18.126 I/NullBinder( 1223): NullBinder for android.net.action.RECOMMEND_NETWORKS triggering remote TransactionTooLargeException due to Service without Chimera impl, calling uid: 1000, calling pid: 0
09-02 18:00:18.126 W/libbinder.Binder( 1223): Large reply transaction of 1056768 bytes, interface descriptor , function: UNKNOWN_FUNCTION_NAME, code: 1, flags: 17
09-02 18:00:18.145 I/flutter (10993): ----------------FIREBASE CRASHLYTICS----------------
09-02 18:00:18.145 I/flutter (10993): The following exception was thrown location: getPosition threw (TimeoutException) — falling back to default position:
09-02 18:00:18.145 I/flutter (10993): GetPositionFailure
09-02 18:00:18.145 I/flutter (10993): #0      Future.timeout.<anonymous closure> (dart:async/future_impl.dart:1042:24)
09-02 18:00:18.145 I/flutter (10993): <asynchronous suspension>
09-02 18:00:18.145 I/flutter (10993): #1      GeolocatorAndroid.getCurrentPosition (package:geolocator_android/src/geolocator_android.dart:126:27)
09-02 18:00:18.145 I/flutter (10993): <asynchronous suspension>
09-02 18:00:18.145 I/flutter (10993): #2      LocationService.getPosition (package:sixam_mart/features/location/domain/services/location_service.dart:89:13)
09-02 18:00:18.145 I/flutter (10993): <asynchronous suspension>
09-02 18:00:18.145 I/flutter (10993): #3      LocationController.checkLocationActive (package:sixam_mart/features/location/controllers/location_controller.dart:1145:47)
09-02 18:00:18.145 I/flutter (10993): <asynchronous suspension>
09-02 18:00:18.145 I/flutter (10993): #4      SplashController._prefetchDeviceLocation (package:sixam_mart/features/splash/controllers/splash_controller.dart:220:7)
09-02 18:00:18.145 I/flutter (10993): <asynchronous suspension>
09-02 18:00:18.145 I/flutter (10993): ----------------------------------------------------
09-02 18:00:18.147 I/flutter (10993): [FAIL] endpoint=null http_status=null type=GetPositionFailure msg="location: getPosition threw (TimeoutException) — falling back to default position"
09-02 18:00:18.148 I/flutter (10993): [INFO] msg="location: within 1km of selected address: false"
09-02 18:00:18.148 I/flutter (10993): [INFO] msg="splash: location prefetch completed"
09-02 18:00:18.151 I/FusedLocation( 1223): (REDACTED) stationary throttling engaged @%s
09-02 18:00:18.152 I/FusedOrientationManager( 1223): Unregistering orientation client. [CONTEXT service_id=6 ]
09-02 18:00:18.155 W/AlarmManager(  643): Unrecognized alarm listener com.android.server.location.gnss.GnssLocationProvider$$ExternalSyntheticLambda14@beca318
09-02 18:00:18.155 W/AlarmManager(  643): Unrecognized alarm listener com.android.server.location.gnss.GnssLocationProvider$$ExternalSyntheticLambda13@a02f171
09-02 18:00:18.155 I/ActivityScheduler( 1223): nextTriggerTime: 33654136, in 129431ms, detectorType: 39, FULL_TYPE alarmWindowMillis: 80000
09-02 18:00:18.156 D/FileUtils(  643): Rounded bytes from 3155017728 to 4000000000
09-02 18:00:18.627 I/NearbySharing( 1223): Network state changed: NetworkState(isRestricted=false, isOnline=true, isCongested=false, isMetered=false, isWifiConnected=true)
09-02 18:00:20.059 D/ActivityManager(  643): freezing 1118 com.android.settings
09-02 18:00:20.061 D/ActivityManager(  643): freezing 10767 com.android.keychain
09-02 18:00:20.061 D/ActivityManager(  643): freezing 2701 com.android.localtransport
09-02 18:00:20.061 D/ActivityManager(  643): freezing 2602 com.android.dynsystem:dynsystem
09-02 18:00:20.062 D/ActivityManager(  643): freezing 2564 com.android.dynsystem
09-02 18:00:21.129 I/HalDevMgr(  643): bestIfaceCreationProposal is null, requestIface=STA, existingIface=[name=wlan0 type=STA]
09-02 18:00:22.251 I/wpa_supplicant(  882): wlan0: CTRL-EVENT-BEACON-LOSS 
09-02 18:00:24.007 I/adbd    (  486): adbd service requested 'shell,v2,TERM=xterm-256color,raw:run-as com.izzes.nears.nears_nears_2813_guest_token_purge_desyn cat /data/data/com.izzes.nears.nears_nears_2813_guest_token_purge_desyn/shared_prefs/FlutterSharedPreferences.xml'
09-02 18:00:24.028 I/adbd    (  486): adbd service requested 'shell,v2,TERM=xterm-256color:export ANDROID_LOG_TAGS=''; exec logcat '-d' '-v' 'time''
